Variable,Effect,N,num_df,den_df,F_statistic,p_value_raw,Partial_Eta_Squared,p_value_adjusted,Significant
Concentration/ml,Group,20,1.0,18.0,0.8135718579526462,0.37897791135878656,0.04324388075243367,0.7579558227175731,False
Concentration/ml,TimePoint,20,1.8991362018239966,34.18445163283194,1.9337897904951797,0.16186443262632727,0.09701064427885402,0.4855932978789818,False
Concentration/ml,Group:TimePoint,20,1.8991362018239966,34.18445163283194,0.5884963491667793,0.5522511239217176,0.031659169096437345,0.8119831154960864,False
Median Value (nm),Group,20,1.0,18.0,0.05826797661129575,0.8119831154960864,0.003226664743637831,0.8119831154960864,False
Median Value (nm),TimePoint,20,1.7295757654561772,31.13236377821119,3.558579880748264,0.046581858808410946,0.16506559803255236,0.2794911528504657,False
Median Value (nm),Group:TimePoint,20,1.7295757654561772,31.13236377821119,0.18277536089983468,0.8028692167028184,0.010052115657375058,0.8119831154960864,False
