contrast,TimePoint,estimate,std_error,df,t_ratio,p_value_raw,Protein,p_value_FDR,Significant_FDR
Female - Male,X3min,-213.04788208007668,170.1139405883205,18.0,-1.252383439847868,0.2264584565885729,Probable non-functional immunoglobulin kappa variable 3-7,0.41646916158419206,False
Female - Male,X1hr,353.98178770125753,679.2058992286954,18.0,0.5211700724378843,0.6086012508236376,Probable non-functional immunoglobulin kappa variable 3-7,0.746894205616053,False
Female - Male,X2hrs,-457.17613914417643,248.43800283899245,18.0,-1.8402021185159134,0.0822876605084303,Probable non-functional immunoglobulin kappa variable 3-7,0.22875675211109245,False
Female - Male,X3min,657.9035400390658,960.7164992386708,18.0,0.6848050809582513,0.5021905170777088,Apolipoprotein A-IV,0.6631834138956535,False
Female - Male,X1hr,-120.96890415385299,743.1953860442931,18.0,-0.16276864257422,0.8725140057370346,Apolipoprotein A-IV,0.9198689042844993,False
Female - Male,X2hrs,-522.611712266962,1281.2814746655108,18.0,-0.40788204824657603,0.6881708709483786,Apolipoprotein A-IV,0.8048641308803055,False
Female - Male,X3min,-44.373011779785465,178.25425911990462,18.0,-0.24893100450372682,0.8062323725239688,Coagulation factor XII,0.8817108784416582,False
Female - Male,X1hr,32.65238532652452,158.65885323627484,18.0,0.20580247909581553,0.8392549049256055,Coagulation factor XII,0.9025620223213778,False
Female - Male,X2hrs,-62.847521284828666,133.81541435854518,18.0,-0.46965830944135434,0.6442386057076784,Coagulation factor XII,0.7723180652344273,False
Female - Male,X3min,-2207.3404785156226,1262.8514481161396,18.0,-1.7479019260803998,0.09751734490098876,Mannan-binding lectin serine protease 1,0.2529915759200944,False
Female - Male,X1hr,-1715.4744541059779,811.6898327875926,18.0,-2.1134605668454793,0.0487852408714792,Mannan-binding lectin serine protease 1,0.16960238101628342,False
Female - Male,X2hrs,-2220.324555344762,979.0355013487424,18.0,-2.2678692981878497,0.03588203876894022,Mannan-binding lectin serine protease 1,0.13940172061733275,False
Female - Male,X3min,623.3617309570319,339.6691409093274,18.0,1.8352027189995295,0.08305572145009521,Complement factor I,0.23006878989919421,False
Female - Male,X1hr,545.3638162386108,219.42468739261392,18.0,2.4854259687871765,0.022993549480881992,Complement factor I,0.10927209753299882,False
Female - Male,X2hrs,386.17800257382584,235.09250665144648,18.0,1.6426640222369238,0.11780660254926496,Complement factor I,0.28078444840729716,False
Female - Male,X3min,-200.17164001464934,80.28797875566501,18.0,-2.493170747563819,0.022626820293295564,Platelet glycoprotein Ib alpha chain,0.10918870738552212,False
Female - Male,X1hr,-371.229320346459,83.33850530162309,18.0,-4.454475383292349,0.0003062770619410978,Platelet glycoprotein Ib alpha chain,0.010120805411813582,True
Female - Male,X2hrs,-290.70625440864364,79.41178934045831,18.0,-3.6607442902755007,0.0017883446561463565,Platelet glycoprotein Ib alpha chain,0.024335727474733882,True
Female - Male,X3min,-237.97004547119093,105.61004978769616,18.0,-2.253289776395078,0.036950149196031803,Hepatocyte growth factor-like protein,0.14142988140550106,False
Female - Male,X1hr,-221.12748899758986,102.76081870920378,18.0,-2.1518657770073273,0.04522982338502328,Hepatocyte growth factor-like protein,0.1597435125916504,False
Female - Male,X2hrs,-261.76286278367525,111.20236446813351,18.0,-2.3539325268455675,0.030137858215769215,Hepatocyte growth factor-like protein,0.12610476604885876,False
Female - Male,X3min,70.68022537231394,95.98767883740666,18.0,0.736346854392,0.47100806590797584,Profilin-1,0.6342860061286787,False
Female - Male,X1hr,45.71971538743642,30.569476678463847,18.0,1.4956001984700609,0.1520847829757315,Profilin-1,0.3318595361847651,False
Female - Male,X2hrs,9.821273538902268,18.96983190667588,18.0,0.5177311842940452,0.610950561250205,Profilin-1,0.7475756728427967,False
Female - Male,X3min,-70.8720733642576,34.50904998411007,18.0,-2.0537242664428934,0.054822874702996,Peptidase inhibitor 16,0.18011574479588963,False
Female - Male,X1hr,-107.81664047853286,32.38405326621197,18.0,-3.32931272043774,0.0037317305061709094,Peptidase inhibitor 16,0.03790267455287316,True
Female - Male,X2hrs,-85.0290839271939,31.39822367821402,18.0,-2.7080858076118552,0.014402117807084664,Peptidase inhibitor 16,0.08477610254624836,False
Female - Male,X3min,-46.166001129150274,22.27007854479846,18.0,-2.0730057613529658,0.05280387115313906,Cell surface glycoprotein MUC18,0.17773620421054168,False
Female - Male,X1hr,-32.60146383046849,15.798762764662708,18.0,-2.063545374792803,0.05378591978976577,Cell surface glycoprotein MUC18,0.17859683622499145,False
Female - Male,X2hrs,-48.37151239568973,22.884447129123444,18.0,-2.1137286875561294,0.04875956055880165,Cell surface glycoprotein MUC18,0.16960238101628342,False
Female - Male,X3min,-49.81539764404307,38.18311660286598,18.0,-1.3046446198240398,0.20844878001424835,Adhesion G-protein coupled receptor G6,0.3983066760897778,False
Female - Male,X1hr,-38.31687336153254,22.75958881767911,18.0,-1.6835485767549938,0.10953151882657228,Adhesion G-protein coupled receptor G6,0.27216678174702325,False
Female - Male,X2hrs,-51.614841004916556,27.807520829651896,18.0,-1.8561468072291538,0.0798796426669698,Adhesion G-protein coupled receptor G6,0.22627508891847753,False
Female - Male,X3min,-93.48785028881557,174.89139515712577,18.0,-0.5345480273905088,0.5995037572376073,Immunoglobulin heavy variable 1-69,0.7411526163462543,False
Female - Male,X1hr,-168.07042323118486,175.11910264885486,18.0,-0.9597492260350153,0.3498970053802961,Immunoglobulin heavy variable 1-69,0.5335553544947316,False
Female - Male,X2hrs,-333.4804569896459,284.4256069630285,18.0,-1.1724698790323542,0.2562926695322136,Immunoglobulin heavy variable 1-69,0.44952461450683956,False
Female - Male,X3min,147.5670410156241,496.67351844094713,18.0,0.29711074888557676,0.7697834035319242,Insulin-like growth factor-binding protein complex acid labile subunit,0.8593241133596762,False
Female - Male,X1hr,-125.40044963570105,555.1485151991341,18.0,-0.22588631006374824,0.8238348576382744,Insulin-like growth factor-binding protein complex acid labile subunit,0.8921528702229118,False
Female - Male,X2hrs,-57.744142017580394,564.6268537531988,18.0,-0.10226956375479201,0.9196734148312053,Insulin-like growth factor-binding protein complex acid labile subunit,0.9534172692779808,False
Female - Male,X3min,-158.5417221069336,68.27423406542343,18.0,-2.3221310978752516,0.032152807866889656,Plasma serine protease inhibitor,0.13045812904737997,False
Female - Male,X1hr,-109.89323825637706,59.55252674113084,18.0,-1.8453161313217237,0.08150845982065907,Plasma serine protease inhibitor,0.22781321323975573,False
Female - Male,X2hrs,-203.53334691985108,72.0734649565443,18.0,-2.823970611688625,0.011243503312521991,Plasma serine protease inhibitor,0.07498885900282908,False
Female - Male,X3min,-339.212817382814,185.9021575914112,18.0,-1.8246846716451766,0.08469220573498912,Immunoglobulin heavy variable 1-69D,0.2318121287719212,False
Female - Male,X1hr,-421.02338564670754,181.73737270227878,18.0,-2.3166582601390737,0.03251194770682192,Immunoglobulin heavy variable 1-69D,0.13157178837604494,False
Female - Male,X2hrs,-210.8732461124113,181.10190832920728,18.0,-1.1643899727941334,0.25946729150740877,Immunoglobulin heavy variable 1-69D,0.4500135837081621,False
Female - Male,X3min,34.049740460228975,11.984555818623036,18.0,2.841134955316276,0.010836406847946055,Pancreatic adenocarcinoma up-regulated factor,0.07451228425534588,False
Female - Male,X1hr,107.0281684080335,73.7897260418704,18.0,1.4504481063841146,0.1641367117702167,Pancreatic adenocarcinoma up-regulated factor,0.3447852527766288,False
Female - Male,X2hrs,80.78499531125563,37.020568218348934,18.0,2.1821651908415394,0.04259367263937726,Pancreatic adenocarcinoma up-regulated factor,0.15216222363584428,False
Female - Male,X3min,-119.46590576171977,332.31130065589184,18.0,-0.35949997946481704,0.7234040644966461,Immunoglobulin heavy variable 3-64D,0.8274927054489543,False
Female - Male,X1hr,-548.1299305178094,362.5147223863507,18.0,-1.5120211585052235,0.1478868498387682,Immunoglobulin heavy variable 3-64D,0.32505822439808457,False
Female - Male,X2hrs,-178.63945678181685,291.59972686611513,18.0,-0.6126187383702085,0.5477908289114315,Immunoglobulin heavy variable 3-64D,0.7029454567533976,False
Female - Male,X3min,-22.88588104248047,15.108791872296203,18.0,-1.5147393144282104,0.14720131400909453,Neutrophil gelatinase-associated lipocalin,0.32446927939025944,False
Female - Male,X1hr,18.12432794483828,30.941524259551702,18.0,0.5857606688281773,0.5653092454666293,Neutrophil gelatinase-associated lipocalin,0.7104334355400201,False
Female - Male,X2hrs,-9.596938045341018,36.57919511367209,18.0,-0.2623605581128274,0.7960225829735664,Neutrophil gelatinase-associated lipocalin,0.8768378388421854,False
Female - Male,X3min,205.0449371337895,68.34559284049254,18.0,3.0001193729101288,0.0076834173585781365,Lysosome-associated membrane glycoprotein 2,0.06123092602682269,False
Female - Male,X1hr,34.65233814889167,72.61339121750154,18.0,0.47721690955179685,0.6389505864634906,Lysosome-associated membrane glycoprotein 2,0.7679266909236383,False
Female - Male,X2hrs,-98.65130407624996,91.86989060723803,18.0,-1.0738154081188995,0.29709047579075276,Lysosome-associated membrane glycoprotein 2,0.4824227788702506,False
Female - Male,X3min,85.38464330393305,67.22669888472808,18.0,1.2701001941258478,0.2202224429931191,Corneodesmosin,0.4108363967699986,False
Female - Male,X1hr,117.22085316035485,99.69821393310393,18.0,1.175756801812,0.2550096324331142,Corneodesmosin,0.44828616380210345,False
Female - Male,X2hrs,-60.79895727180542,94.139188165887,18.0,-0.6458411046063917,0.5265308580446526,Corneodesmosin,0.6864336857394213,False
Female - Male,X3min,-126.80561981201171,61.80517674455943,18.0,-2.05169900793422,0.05503894550499051,Collagen alpha-1(XVIII) chain,0.18044413779484228,False
Female - Male,X1hr,-51.80029554004965,21.0224719326132,18.0,-2.4640439861731624,0.024035277083346355,Collagen alpha-1(XVIII) chain,0.11264722774618108,False
Female - Male,X2hrs,-106.38656122365542,31.146356635523116,18.0,-3.4156984224061433,0.003082432276263558,Collagen alpha-1(XVIII) chain,0.034461149333191145,True
Female - Male,X3min,81.29778366088874,84.76375512686654,18.0,0.959110218031395,0.3502100782397852,Lipopolysaccharide-binding protein,0.5335553544947316,False
Female - Male,X1hr,-30.05724336297944,64.45681656726973,18.0,-0.4663159765516886,0.646583179079804,Lipopolysaccharide-binding protein,0.7723340116543512,False
Female - Male,X2hrs,-65.09430289958007,83.82120093342108,18.0,-0.7765851857847309,0.4474890821807571,Lipopolysaccharide-binding protein,0.6124241276615053,False
Female - Male,X3min,-826.6796142578124,316.4488158723874,18.0,-2.6123643786715354,0.017634651770950718,Immunoglobulin heavy variable 3-49,0.09445313598620152,False
Female - Male,X1hr,-1330.7066620859982,313.95924260995275,18.0,-4.238469461907836,0.0004941491864704226,Immunoglobulin heavy variable 3-49,0.0122129222159279,True
Female - Male,X2hrs,-823.1583149220575,364.35545760943165,18.0,-2.2592177439110475,0.03651236634191111,Immunoglobulin heavy variable 3-49,0.14056273537533764,False
Female - Male,X3min,-51.08949356079109,19.090000282603622,18.0,-2.676243729935826,0.01540894571863372,SPARC-like protein 1,0.08739234177648468,False
Female - Male,X1hr,-65.93737774852508,19.909086295901233,18.0,-3.311923850674146,0.0038778628062749315,SPARC-like protein 1,0.038629479493277205,True
Female - Male,X2hrs,-81.62772971471908,14.78014919455908,18.0,-5.5227947052637445,3.0381467255058595e-05,SPARC-like protein 1,0.003268025051401966,True
Female - Male,X3min,-228.43066318571022,190.4372035467164,18.0,-1.1995064983700707,0.24588277763834734,Ras-associated and pleckstrin homology domains-containing protein 1,0.43882805342965997,False
Female - Male,X1hr,-115.27124380122486,191.73159701384532,18.0,-0.6012115144114765,0.5551956259493007,Ras-associated and pleckstrin homology domains-containing protein 1,0.7062062443699174,False
Female - Male,X2hrs,-151.6202463681386,153.15629321882807,18.0,-0.9899707232500411,0.3353104490483605,Ras-associated and pleckstrin homology domains-containing protein 1,0.5231650982140083,False
Female - Male,X3min,-2035.2480468749989,720.0915615704826,18.0,-2.8263739717158023,0.011185627966736115,Alpha-1-acid glycoprotein 2,0.07498885900282908,False
Female - Male,X1hr,-1760.7882482503512,673.8469598865189,18.0,-2.6130387952583205,0.01760963222687053,Alpha-1-acid glycoprotein 2,0.09445313598620152,False
Female - Male,X2hrs,-3854.0537362542505,1327.8281949733614,18.0,-2.9025244010062385,0.009493488930037578,Alpha-1-acid glycoprotein 2,0.06958906508150188,False
Female - Male,X3min,-55.61242065429689,28.602919730184556,18.0,-1.944291742902362,0.06765804387216358,Immunoglobulin heavy variable 3-20,0.20297413161649075,False
Female - Male,X1hr,-64.59161892415511,21.57056292575008,18.0,-2.9944336244951772,0.007778989447471324,Immunoglobulin heavy variable 3-20,0.06146863588065736,False
Female - Male,X2hrs,-75.02348749383412,19.37165653258519,18.0,-3.8728483218581036,0.0011148744154253752,Immunoglobulin heavy variable 3-20,0.01991396369621877,True
Female - Male,X3min,-70.91586383150484,13.329304916507327,18.0,-5.320297215474525,4.6662890881382243e-05,Neurogenic locus notch homolog protein 2,0.003296096928621273,True
Female - Male,X1hr,-65.92977640437236,15.821518584938955,18.0,-4.1670953423607,0.0005790454712469119,Neurogenic locus notch homolog protein 2,0.012720596249585374,True
Female - Male,X2hrs,-45.57059877702909,12.405611406164285,18.0,-3.6733859610003012,0.0017387119674577725,Neurogenic locus notch homolog protein 2,0.023985853456413037,True
Female - Male,X3min,-3607.5007812500194,5617.549867396335,18.0,-0.6421840244245222,0.5288485653340604,Apolipoprotein B-100,0.6871170574344524,False
Female - Male,X1hr,-6645.202254815134,5421.975236005695,18.0,-1.2256054234048064,0.23614205128872484,Apolipoprotein B-100,0.42769784114531284,False
Female - Male,X2hrs,-5597.880589906872,5391.265107180383,18.0,-1.0383241184803373,0.31286694945383364,Apolipoprotein B-100,0.4981508600935015,False
Female - Male,X3min,-232.79537506103486,92.14926943186288,18.0,-2.526285628701253,0.021120049074384393,CD44 antigen,0.10485800722553784,False
Female - Male,X1hr,-276.0998621562912,85.20773041844237,18.0,-3.2403147085411876,0.004541262500590138,CD44 antigen,0.04251278268624743,True
Female - Male,X2hrs,-377.6161835596067,85.8490118171214,18.0,-4.398608388923778,0.0003465286630398782,CD44 antigen,0.010120805411813582,True
Female - Male,X3min,-515.2156402587875,258.47406264498983,18.0,-1.9932972577075492,0.061609875050459686,Pigment epithelium-derived factor,0.19263932762256408,False
Female - Male,X1hr,-381.95584305629205,240.31884992712565,18.0,-1.5893711341083583,0.12938648765955738,Pigment epithelium-derived factor,0.29913525058762364,False
Female - Male,X2hrs,-609.8769363161243,246.7993156044686,18.0,-2.471145168382638,0.023684483556049556,Pigment epithelium-derived factor,0.11173710051890554,False
Female - Male,X3min,-61.58659362792946,27.245803825011496,18.0,-2.2604065574087895,0.03642515067747126,Xaa-Pro dipeptidase,0.14056273537533764,False
Female - Male,X1hr,-27.296321955036415,14.5529831230952,18.0,-1.8756513165825002,0.07701862342117585,Xaa-Pro dipeptidase,0.22001275881710897,False
Female - Male,X2hrs,-71.4230417308861,23.420540698841812,18.0,-3.0495897874133235,0.006898616901135949,Xaa-Pro dipeptidase,0.056721961187117795,False
Female - Male,X3min,330.4798543930052,413.73482262659843,18.0,0.7987721514349494,0.4348361448647007,Immunoglobulin heavy constant delta,0.6011880508182783,False
Female - Male,X1hr,773.5782099099727,536.1446001322089,18.0,1.442853681113667,0.16623861167202314,Immunoglobulin heavy constant delta,0.34769152427769034,False
Female - Male,X2hrs,412.2100504341513,474.402632004819,18.0,0.8689033800089964,0.39633826934941097,Immunoglobulin heavy constant delta,0.5667114268180089,False
Female - Male,X3min,-591.2108352661135,372.34468075170787,18.0,-1.5878052402213663,0.12974077149038502,Probable non-functional immunoglobulin heavy variable 3-38-3,0.29913525058762364,False
Female - Male,X1hr,-277.978655803051,77.45453992069419,18.0,-3.5889265637324006,0.0020982490896410836,Probable non-functional immunoglobulin heavy variable 3-38-3,0.027426938531174404,True
Female - Male,X2hrs,-258.4322100020604,59.842983795827756,18.0,-4.318504753769952,0.00041377241615495384,Probable non-functional immunoglobulin heavy variable 3-38-3,0.010541021880406528,True
Female - Male,X3min,-41.88784465789789,40.443889529048406,18.0,-1.0357026771080555,0.31405556454823336,Immunoglobulin lambda constant 7,0.49953157349841826,False
Female - Male,X1hr,-6.343666350684293,45.03077643398047,18.0,-0.14087401668467187,0.8895340249794312,Immunoglobulin lambda constant 7,0.9340107262284029,False
Female - Male,X2hrs,-45.610684980381194,47.372054869526984,18.0,-0.9628183769102483,0.34839600468423315,Immunoglobulin lambda constant 7,0.5329904257747016,False
Female - Male,X3min,-119.91691207885758,31.488239925955213,18.0,-3.808307874966747,0.0012873348200307638,Receptor-type tyrosine-protein phosphatase gamma,0.020843215581588328,True
Female - Male,X1hr,-96.50510077265396,22.874872362036147,18.0,-4.218825759780712,0.0005161780627027291,Receptor-type tyrosine-protein phosphatase gamma,0.012340626299077555,True
Female - Male,X2hrs,-127.31391652156266,18.93033572621361,18.0,-6.725391369856472,2.641342589624735e-06,Receptor-type tyrosine-protein phosphatase gamma,0.002052323192138419,True
Female - Male,X3min,241.68785400390433,186.5727524892899,18.0,1.295408095658439,0.21154734912264941,Afamin,0.40188824026478875,False
Female - Male,X1hr,316.68514595464933,200.45934914440852,18.0,1.5797973369978027,0.13156535332119887,Afamin,0.30155244699283634,False
Female - Male,X2hrs,176.2355180474354,231.86742205274163,18.0,0.7600702008380809,0.45705330556894264,Afamin,0.622489778136842,False
Female - Male,X3min,-1515.7554442170185,1594.7442987698373,18.0,-0.9504692666945104,0.3544625157936818,Pyruvate kinase PKLR,0.5373705004720117,False
Female - Male,X1hr,-1992.3526859320025,1590.6709265067323,18.0,-1.2525234809612082,0.2264086336208372,Pyruvate kinase PKLR,0.41646916158419206,False
Female - Male,X2hrs,-803.7704317503718,1142.8066574683833,18.0,-0.7033301971927031,0.49084816150553723,Pyruvate kinase PKLR,0.6530633929619905,False
Female - Male,X3min,-35.012104037416826,21.700137350307703,18.0,-1.613450803200578,0.12404034685913114,Insulin-like growth factor 2,0.2920586348774088,False
Female - Male,X1hr,-14.083538398240695,21.144161401612468,18.0,-0.6660722140139677,0.513811572498746,Insulin-like growth factor 2,0.6726732802553086,False
Female - Male,X2hrs,-51.98409680881831,28.568647666008623,18.0,-1.819620495046033,0.08549017287957855,Insulin-like growth factor 2,0.23307320816642996,False
Female - Male,X3min,-78.4130432128904,26.558330284460737,18.0,-2.952483923990125,0.008520648813840064,CD109 antigen,0.06470331749267688,False
Female - Male,X1hr,-63.61107799751279,11.841958684176065,18.0,-5.371668631348437,4.1831197864636086e-05,CD109 antigen,0.003296096928621273,True
Female - Male,X2hrs,-55.68402780948953,12.70506736191463,18.0,-4.382820352169944,0.0003588458035182367,CD109 antigen,0.010120805411813582,True
Female - Male,X3min,-32.28052482604962,41.586178006727025,18.0,-0.7762320649141619,0.4476922837988868,ADP-ribosyl cyclase/cyclic ADP-ribose hydrolase 2,0.6124241276615053,False
Female - Male,X1hr,-41.37548672605336,23.521481299554864,18.0,-1.7590510648169244,0.09555617044322716,ADP-ribosyl cyclase/cyclic ADP-ribose hydrolase 2,0.24915149139056209,False
Female - Male,X2hrs,-137.77208082616323,21.958428252211064,18.0,-6.2742232387370676,6.458723868624185e-06,ADP-ribosyl cyclase/cyclic ADP-ribose hydrolase 2,0.002509214222960496,True
Female - Male,X3min,-1253.3932128906251,816.7953868878964,18.0,-1.5345253327962918,0.14229021997038768,Dedicator of cytokinesis protein 4,0.3158173018507848,False
Female - Male,X1hr,-1477.5093720865386,616.3092947685178,18.0,-2.3973504612509253,0.027576399613086437,Dedicator of cytokinesis protein 4,0.12003844537461154,False
Female - Male,X2hrs,-1170.875089790675,910.1981600013352,18.0,-1.2863957995574913,0.2146053989320638,Dedicator of cytokinesis protein 4,0.40620802672402817,False
Female - Male,X3min,-328.626743655554,316.00956017366246,18.0,-1.0399265879011943,0.31214194183115845,Complement factor H-related protein 2,0.4981508600935015,False
Female - Male,X1hr,-290.2811876927864,285.8676621671196,18.0,-1.0154390513855556,0.3233522308407416,Complement factor H-related protein 2,0.5104504707269594,False
Female - Male,X2hrs,-165.30171814090733,352.8563829564236,18.0,-0.46846741656171614,0.645073552307061,Complement factor H-related protein 2,0.7723180652344273,False
Female - Male,X3min,-94.8155580859352,71.45258057862135,18.0,-1.3269717806987653,0.20110616011613625,Selenoprotein P,0.39052677414257025,False
Female - Male,X1hr,-103.44860584544078,70.56598797594202,18.0,-1.4659839508051582,0.15990454028494083,Selenoprotein P,0.34180420302998354,False
Female - Male,X2hrs,-142.49843179781604,94.6047690019704,18.0,-1.5062499840240415,0.14935115016578276,Selenoprotein P,0.3278131177367605,False
Female - Male,X3min,-63.74448547363276,47.617366234803434,18.0,-1.3386814625425891,0.19733788204699498,Adipocyte plasma membrane-associated protein,0.3862255273312723,False
Female - Male,X1hr,-55.245392448513705,28.07847434052799,18.0,-1.9675354073199571,0.06472614443350051,Adipocyte plasma membrane-associated protein,0.1983913776127412,False
Female - Male,X2hrs,-58.535298035619334,24.806173022767663,18.0,-2.3597069157702935,0.02978484683188452,Adipocyte plasma membrane-associated protein,0.12577622819768625,False
Female - Male,X3min,1315.80253906249,2513.252946306809,18.0,0.5235456068980419,0.6069809343140737,Immunoglobulin heavy constant alpha 2,0.7465852488034809,False
Female - Male,X1hr,-2608.1427547406142,3463.902472659175,18.0,-0.7529492459233098,0.4612154043621868,Immunoglobulin heavy constant alpha 2,0.6259639636496404,False
Female - Male,X2hrs,-670.8028520584035,2173.5610158723175,18.0,-0.30861928750097195,0.7611544581612957,Immunoglobulin heavy constant alpha 2,0.8552668315131262,False
Female - Male,X3min,94.10181427001896,100.19615303346421,18.0,0.9391759206422843,0.3600734047514317,Lactotransferrin,0.542251191429824,False
Female - Male,X1hr,169.4065600938288,115.66606318096059,18.0,1.46461767120742,0.1602731096482267,Lactotransferrin,0.34191014141301146,False
Female - Male,X2hrs,228.68812064119896,198.21027840074234,18.0,1.1537651956617325,0.2636866471653733,Lactotransferrin,0.45278348032595594,False
Female - Male,X3min,-153.16058654785175,261.610878263791,18.0,-0.5854519030872057,0.565512329319823,Alpha-enolase,0.7104334355400201,False
Female - Male,X1hr,231.19802804705316,167.0303935491795,18.0,1.3841674148901557,0.1832299160031409,Alpha-enolase,0.3659888039445771,False
Female - Male,X2hrs,103.62161053653263,46.522273250366624,18.0,2.22735484095709,0.03892298985572429,Alpha-enolase,0.1443587738324476,False
Female - Male,X3min,-8166.282812499982,13995.420489537582,18.0,-0.5834967815797153,0.5667991496550566,Immunoglobulin heavy constant gamma 1,0.7114748615217754,False
Female - Male,X1hr,2770.613252066362,9825.847891139534,18.0,0.28197192575765034,0.781181395879274,Immunoglobulin heavy constant gamma 1,0.8677311573955624,False
Female - Male,X2hrs,-17915.053342229887,9241.508951245272,18.0,-1.9385420104815105,0.06840134481602866,Immunoglobulin heavy constant gamma 1,0.2040224373207458,False
Female - Male,X3min,-37.49373168945301,44.080575738024486,18.0,-0.8505726402550232,0.4061796313444489,Collectin-10,0.5732998611346717,False
Female - Male,X1hr,-68.7715100160627,34.89429345016999,18.0,-1.9708526299370501,0.06431711491977356,Collectin-10,0.19791840907985767,False
Female - Male,X2hrs,-72.18699366648272,29.320836195696444,18.0,-2.4619691329634708,0.024138691659895944,Collectin-10,0.11264722774618108,False
Female - Male,X3min,-72.28714447021477,24.490168807190912,18.0,-2.951680122718856,0.008535508420848624,Lysosome-associated membrane glycoprotein 1,0.06470331749267688,False
Female - Male,X1hr,-5.1205551154803555,29.691365404284095,18.0,-0.17245940177414418,0.8650006696456374,Lysosome-associated membrane glycoprotein 1,0.9169243114797547,False
Female - Male,X2hrs,7.071557358968678,28.59902194413395,18.0,0.24726570624626384,0.8075009551397722,Lysosome-associated membrane glycoprotein 1,0.8818387099699269,False
Female - Male,X3min,-36.82226562500006,54.86572388001459,18.0,-0.6711342350194153,0.5106564050135406,Cathelicidin antimicrobial peptide,0.669106284478113,False
Female - Male,X1hr,-4.303085281197344,25.73228830530509,18.0,-0.16722513093832386,0.8690572525175567,Cathelicidin antimicrobial peptide,0.919124486588489,False
Female - Male,X2hrs,-107.62674074912768,85.044020137952,18.0,-1.2655415463020643,0.22181411166797568,Cathelicidin antimicrobial peptide,0.4128133287808793,False
Female - Male,X3min,-22.497011921193113,19.315781285600337,18.0,-1.164695933783654,0.2593465424783407,Fibroblast growth factor-binding protein 2,0.4500135837081621,False
Female - Male,X1hr,-16.023107635310428,16.445673964364126,18.0,-0.9743053200513795,0.34281764936780756,Fibroblast growth factor-binding protein 2,0.52851054277537,False
Female - Male,X2hrs,-4.223884647758963,5.463100458901309,18.0,-0.7731662047101425,0.44945890806875133,Fibroblast growth factor-binding protein 2,0.6137602312292088,False
Female - Male,X3min,-22.379364395141632,23.23555660616749,18.0,-0.9631516375726246,0.348233287632977,Lymphatic vessel endothelial hyaluronic acid receptor 1,0.5329904257747016,False
Female - Male,X1hr,-11.043929187721382,22.638949824672064,18.0,-0.4878286878698605,0.6315600951896505,Lymphatic vessel endothelial hyaluronic acid receptor 1,0.762583052000557,False
Female - Male,X2hrs,-56.57608200408646,33.695252614957134,18.0,-1.6790520210842002,0.11041657796225209,Lymphatic vessel endothelial hyaluronic acid receptor 1,0.27279389849497576,False
Female - Male,X3min,5142.875976562489,6079.616937321513,18.0,0.8459210554848341,0.4087019538663049,Haptoglobin,0.5752924241922444,False
Female - Male,X1hr,4793.768731521699,4918.611402224286,18.0,0.974618309824978,0.34266652480850335,Haptoglobin,0.52851054277537,False
Female - Male,X2hrs,4609.717939076956,4963.689680286178,18.0,0.9286877778409358,0.3653381614245834,Haptoglobin,0.5444240177251258,False
Female - Male,X3min,-139.6405334472656,34.71691540437224,18.0,-4.022262111157471,0.0007992079413228968,Tenascin-X,0.01592268129251002,True
Female - Male,X1hr,-128.017826354984,34.73371529835877,18.0,-3.6856934323128137,0.0016917089976418546,Tenascin-X,0.023683925966985965,True
Female - Male,X2hrs,-149.06072685119085,39.06640803917839,18.0,-3.815572875338394,0.001266660606692442,Tenascin-X,0.020843215581588328,True
Female - Male,X3min,-215.93611992934356,102.5941293587608,18.0,-2.104760976860945,0.049625185810065024,Zinc finger protein 512B,0.1713723083307579,False
Female - Male,X1hr,-264.95554299461065,116.7295698525705,18.0,-2.269823690169077,0.03574104699409498,Zinc finger protein 512B,0.13920197250331728,False
Female - Male,X2hrs,-200.65277244430303,106.29674245985201,18.0,-1.8876662426422806,0.07530162397136361,Zinc finger protein 512B,0.2179119621070746,False
Female - Male,X3min,-98.33256988525419,106.32730560983221,18.0,-0.9248101352825145,0.36729777484130033,Immunoglobulin lambda variable 3-19,0.5451583019134486,False
Female - Male,X1hr,-215.48770884330165,95.41419496211188,18.0,-2.2584449717242796,0.03656916310753816,Immunoglobulin lambda variable 3-19,0.14056273537533764,False
Female - Male,X2hrs,-36.07537505576442,77.0109263119062,18.0,-0.46844489195797423,0.6450893492112526,Immunoglobulin lambda variable 3-19,0.7723180652344273,False
Female - Male,X3min,-1172.6013183593736,834.5595250928983,18.0,-1.4050541430568977,0.17702883272784314,Complement C1q subcomponent subunit B,0.36197737639351085,False
Female - Male,X1hr,-131.5982428652945,628.9618432029491,18.0,-0.20923088465134645,0.8366176962310463,Complement C1q subcomponent subunit B,0.9003489611793948,False
Female - Male,X2hrs,-1475.260538489177,1289.5348892328632,18.0,-1.1440252999799028,0.2675995218858619,Complement C1q subcomponent subunit B,0.45748037074876713,False
Female - Male,X3min,-5.527538461362117,72.34536049437573,18.0,-0.07640487826156923,0.9399398271603152,Ubiquitin-ribosomal protein eS31 fusion protein,0.9673288022563774,False
Female - Male,X1hr,-65.41308145601413,47.165794352793945,18.0,-1.3868754327920965,0.18241620254385418,Ubiquitin-ribosomal protein eS31 fusion protein,0.3654972915107218,False
Female - Male,X2hrs,47.68990352091235,106.78127713999439,18.0,0.44661297184513954,0.6604812370953561,Ubiquitin-ribosomal protein eS31 fusion protein,0.7817119896772151,False
Female - Male,X3min,-127.53938105530233,256.4192233432121,18.0,-0.49738619200399564,0.6249378492314386,Kinesin-like protein KIF21A,0.7579980340220279,False
Female - Male,X1hr,-299.6807883332639,230.9740904830466,18.0,-1.297464956811943,0.210854226644451,Kinesin-like protein KIF21A,0.4010617725893229,False
Female - Male,X2hrs,-287.56999599548044,288.676099227422,18.0,-0.9961683588114782,0.33237234282125805,Kinesin-like protein KIF21A,0.5206719967179788,False
Female - Male,X3min,-152.12470703124808,160.31246054722504,18.0,-0.9489262812882533,0.35522556821649465,Attractin,0.5373705004720117,False
Female - Male,X1hr,-235.73804838618867,143.27977539104378,18.0,-1.645298840976019,0.11725769446596983,Attractin,0.28078444840729716,False
Female - Male,X2hrs,-277.65579046118603,175.08799983766028,18.0,-1.5858070839727767,0.13019404066313778,Attractin,0.2997054601453646,False
Female - Male,X3min,864.6734130859365,317.14925829637554,18.0,2.7263926699078085,0.013852050386828497,Immunoglobulin lambda variable 1-44,0.08307841619349472,False
Female - Male,X1hr,94.20939287444538,353.1480734191388,18.0,0.2667702302955271,0.7926782864627941,Immunoglobulin lambda variable 1-44,0.8752238786495596,False
Female - Male,X2hrs,219.73461469822564,298.9924966760225,18.0,0.7349168194555804,0.47185733915119266,Immunoglobulin lambda variable 1-44,0.6348626017670592,False
Female - Male,X3min,-419.0167602539043,167.085755153637,18.0,-2.507794634369724,0.021949328420717132,Immunoglobulin heavy variable 1-46,0.10760017781007705,False
Female - Male,X1hr,-445.37381290111125,147.1559927946129,18.0,-3.0265421369738164,0.007254034313127314,Immunoglobulin heavy variable 1-46,0.0587123402218742,False
Female - Male,X2hrs,-440.7419401287875,169.80303043767202,18.0,-2.5956070335892294,0.018267264539116708,Immunoglobulin heavy variable 1-46,0.09622823421622835,False
Female - Male,X3min,-26.916387939453525,55.11892908916551,18.0,-0.48833292635114645,0.6312099064800997,Fibulin-1,0.762583052000557,False
Female - Male,X1hr,2.500180719433814,41.29596183042083,18.0,0.06054298310572455,0.952390333822968,Fibulin-1,0.9749766658503901,False
Female - Male,X2hrs,-64.88456839488552,67.79193049903559,18.0,-0.957113448713613,0.35118960908113217,Fibulin-1,0.5345236557415077,False
Female - Male,X3min,10.838923645019355,94.49301348462019,18.0,0.11470608508832784,0.9099479481415964,Secreted phosphoprotein 24,0.9477607985335393,False
Female - Male,X1hr,-10.77653743312896,85.33317922133224,18.0,-0.12628777612020528,0.9009040834985824,Secreted phosphoprotein 24,0.94149626479946,False
Female - Male,X2hrs,64.28279692300602,89.39712803580731,18.0,0.7190700454857795,0.4813295696966473,Secreted phosphoprotein 24,0.6453720028546936,False
Female - Male,X3min,-167.18710632324232,69.15718800176454,18.0,-2.4174942786710263,0.02645842120420469,Scavenger receptor class B member 1,0.1171883904781189,False
Female - Male,X1hr,-122.45346747130978,31.55130751257318,18.0,-3.8810901076765876,0.0010945842867201743,Scavenger receptor class B member 1,0.019778883506548266,True
Female - Male,X2hrs,-23.993257198332117,55.9436045978564,18.0,-0.42888293256762133,0.6730973725971481,Scavenger receptor class B member 1,0.794827748492377,False
Female - Male,X3min,-405.0033477783199,225.38798200083275,18.0,-1.7969163403611446,0.08914919388837135,Immunoglobulin lambda variable 2-18,0.24051709601133522,False
Female - Male,X1hr,-431.2816646347013,208.29250019459482,18.0,-2.0705578176448096,0.053056413483162625,Immunoglobulin lambda variable 2-18,0.17773620421054168,False
Female - Male,X2hrs,-243.56612447183625,146.16474974235655,18.0,-1.6663807443393044,0.11294368886045866,Immunoglobulin lambda variable 2-18,0.2764900911641003,False
Female - Male,X3min,-72.4440114518189,27.436635845141097,18.0,-2.640411596403806,0.01662215398173457,Collagen alpha-2(VI) chain,0.09117096587612109,False
Female - Male,X1hr,-38.525057539235604,32.98148655231236,18.0,-1.168081295490745,0.2580133100640087,Collagen alpha-2(VI) chain,0.4498781282803056,False
Female - Male,X2hrs,-67.95772691871481,27.788670843187862,18.0,-2.4455191578683952,0.02497350723057614,Collagen alpha-2(VI) chain,0.11481902436779681,False
Female - Male,X3min,86.85518035888524,178.95814869516798,18.0,0.48533794628615534,0.6332912062533927,Adiponectin,0.7640796075448543,False
Female - Male,X1hr,-112.30907230457456,110.64751833137456,18.0,-1.0150166402126062,0.3235480782921847,Adiponectin,0.5104504707269594,False
Female - Male,X2hrs,-85.19838222512928,160.24952541114328,18.0,-0.5316607459931038,0.6014615529640761,Adiponectin,0.7423917818158652,False
Female - Male,X3min,-85.2211868286133,22.47802066784553,18.0,-3.791311881411379,0.0013370269867196256,Nidogen-1,0.02120142793226835,True
Female - Male,X1hr,-75.36143392831312,16.44710871346504,18.0,-4.582047534386129,0.00023119943354425436,Nidogen-1,0.008763022432384665,True
Female - Male,X2hrs,-60.933118750564525,18.652204929239787,18.0,-3.266805130102546,0.0042837850776542875,Nidogen-1,0.04059147567484611,True
Female - Male,X3min,481.5401611328132,1308.4417254460493,18.0,0.368025684115703,0.7171462690129735,Alpha-1-antitrypsin,0.8259686691921022,False
Female - Male,X1hr,413.5871054920377,1104.5310561192246,18.0,0.3744458819883056,0.7124474316206953,Alpha-1-antitrypsin,0.8243807213243192,False
Female - Male,X2hrs,-908.585459373136,1120.0369617466138,18.0,-0.8112102460942584,0.4278418441685474,Alpha-1-antitrypsin,0.5946925096940274,False
Female - Male,X3min,-8.09144439697271,13.432367761265292,18.0,-0.6023840726209031,0.5544320388907642,"Sushi, von Willebrand factor type A, EGF and pentraxin domain-containing protein 1",0.7062062443699174,False
Female - Male,X1hr,-27.636126495236276,9.83918462695704,18.0,-2.8087821850115327,0.011615973187315259,"Sushi, von Willebrand factor type A, EGF and pentraxin domain-containing protein 1",0.07584547198776434,False
Female - Male,X2hrs,-23.698639353795972,15.487790798169193,18.0,-1.530149758776273,0.14336437587960815,"Sushi, von Willebrand factor type A, EGF and pentraxin domain-containing protein 1",0.31646056834788505,False
Female - Male,X3min,231.03972167968556,437.09287481506743,18.0,0.5285826765705978,0.6035521595295283,Complement C1s subcomponent,0.7432013121306553,False
Female - Male,X1hr,-181.20913158573407,456.581133303428,18.0,-0.3968826531982625,0.6961202322451416,Complement C1s subcomponent,0.8103152366359178,False
Female - Male,X2hrs,105.4634180699949,320.5007103328592,18.0,0.32905829743860726,0.7459094197329765,Complement C1s subcomponent,0.8411779668106282,False
Female - Male,X3min,55.66249332351029,60.185666327107946,18.0,0.9248463416685578,0.36727944469519336,Alpha-actinin-4,0.5451583019134486,False
Female - Male,X1hr,78.10823024207514,34.776813276608635,18.0,2.2459858417968332,0.03749620967901773,Alpha-actinin-4,0.14177780697700376,False
Female - Male,X2hrs,73.6172791577712,54.5436066406958,18.0,1.3496958432309507,0.1938447330944682,Alpha-actinin-4,0.38258339254728135,False
Female - Male,X3min,-0.525838619498361,7.225083950260174,18.0,-0.07277958610839748,0.9427841501642207,Complement component C1q receptor,0.96937947138403,False
Female - Male,X1hr,-14.685326877217758,10.107457803650929,18.0,-1.452919929273734,0.1634572905375842,Complement component C1q receptor,0.3447852527766288,False
Female - Male,X2hrs,-6.295021989147791,7.245117851322058,18.0,-0.8688639879058838,0.39635924938168743,Complement component C1q receptor,0.5667114268180089,False
Female - Male,X3min,-220.8172607421877,242.62638033462903,18.0,-0.9101123317161047,0.3747898786378657,Inter-alpha-trypsin inhibitor heavy chain H3,0.5520601624675292,False
Female - Male,X1hr,-177.16530773979713,152.504653687757,18.0,-1.1617042723334274,0.26052902964159846,Inter-alpha-trypsin inhibitor heavy chain H3,0.45084867713033855,False
Female - Male,X2hrs,-446.9105546684123,226.5828833145398,18.0,-1.97239327230211,0.06412793424761,Inter-alpha-trypsin inhibitor heavy chain H3,0.19772779726346415,False
Female - Male,X3min,-362.8460845947271,210.51608671946732,18.0,-1.723602648372682,0.10191284709381596,Immunoglobulin kappa variable 1D-8,0.2598435827137232,False
Female - Male,X1hr,-205.74540592425234,176.48729922257075,18.0,-1.1657802393178658,0.2589189558773506,Immunoglobulin kappa variable 1D-8,0.4500135837081621,False
Female - Male,X2hrs,-350.5266793796096,158.50134690946524,18.0,-2.2115059979889495,0.040175886611189066,Immunoglobulin kappa variable 1D-8,0.14794627439286212,False
Female - Male,X3min,-27.46314670678556,12.875302845835414,18.0,-2.1330097657212517,0.04694479195232056,Low-density lipoprotein receptor,0.16518134358844322,False
Female - Male,X1hr,-10.875510539069971,11.694309559061129,18.0,-0.9299831241976381,0.36468512348740445,Low-density lipoprotein receptor,0.5444240177251258,False
Female - Male,X2hrs,-34.633994561323945,19.21363130192959,18.0,-1.8025741213138466,0.08822479878885166,Low-density lipoprotein receptor,0.2388525040381106,False
Female - Male,X3min,3.1024978637699676,113.23622066287376,18.0,0.027398458246029836,0.9784434101027423,Prolactin-inducible protein,0.9865850184224003,False
Female - Male,X1hr,305.71963592198193,220.72744321791785,18.0,1.385054941356584,0.18296290850557878,Prolactin-inducible protein,0.36592581701115756,False
Female - Male,X2hrs,331.40876284367414,181.06028033036768,18.0,1.830378050000676,0.08380290357922947,Prolactin-inducible protein,0.23068702367289814,False
Female - Male,X3min,-67.13663635253909,53.22749623905411,18.0,-1.2613149423939942,0.22329781965045933,Hyaluronan-binding protein 2,0.4145816149782721,False
Female - Male,X1hr,-69.56274468173797,55.105602069684984,18.0,-1.2623534099812737,0.22293256376432427,Hyaluronan-binding protein 2,0.4143985694853588,False
Female - Male,X2hrs,-56.88844229392443,52.13112948471673,18.0,-1.0912566609668872,0.289552344073412,Hyaluronan-binding protein 2,0.47665714268017184,False
Female - Male,X3min,-242.50587463378872,98.16410016697041,18.0,-2.470413055498933,0.023720425640914835,N-acetylmuramoyl-L-alanine amidase,0.11173710051890554,False
Female - Male,X1hr,-180.7359063592678,93.00969294947222,18.0,-1.9431943126342013,0.0677993562433526,N-acetylmuramoyl-L-alanine amidase,0.20300616493674362,False
Female - Male,X2hrs,-325.18905864210893,97.7953949457531,18.0,-3.325198071161639,0.003765811897057844,N-acetylmuramoyl-L-alanine amidase,0.0380004655066746,True
Female - Male,X3min,-8.309825897216754,8.107717168657208,18.0,-1.0249279451114621,0.3189748720758834,Serpin A11,0.5047728627351555,False
Female - Male,X1hr,-6.066107319930848,9.474263694993647,18.0,-0.6402721641721114,0.5300624634222293,Serpin A11,0.6871170574344524,False
Female - Male,X2hrs,-1.3922837914432578,8.38093042300174,18.0,-0.16612520581510723,0.8699101791437404,Serpin A11,0.919124486588489,False
Female - Male,X3min,-3877.326562499996,3912.8785797952355,18.0,-0.9909141015827023,0.3348620550259923,C4b-binding protein alpha chain,0.5230654262515233,False
Female - Male,X1hr,-3428.6176210737162,2670.8586719274076,18.0,-1.2837136075790476,0.21552216610525474,C4b-binding protein alpha chain,0.40645806568879356,False
Female - Male,X2hrs,-5637.018494905005,3803.5964929344264,18.0,-1.4820232654479386,0.1556295427187032,C4b-binding protein alpha chain,0.3371363776554974,False
Female - Male,X3min,-3689.9917968750005,1276.1091316973552,18.0,-2.8915957931959433,0.009720181480925034,Inter-alpha-trypsin inhibitor heavy chain H2,0.07091625362139672,False
Female - Male,X1hr,-3358.2114362621946,2417.8451275170855,18.0,-1.388927437098001,0.18180154779235264,Inter-alpha-trypsin inhibitor heavy chain H2,0.3654972915107218,False
Female - Male,X2hrs,-4078.6289693741046,1488.6158048873156,18.0,-2.739880200104987,0.013459708593959284,Inter-alpha-trypsin inhibitor heavy chain H2,0.08157019073288031,False
Female - Male,X3min,-60.02393951416003,23.69159881805253,18.0,-2.5335537704793047,0.02080225923826529,Fibrillin-1,0.103685528642908,False
Female - Male,X1hr,-114.47486133115113,26.052296679135743,18.0,-4.394041060603672,0.00035004726964139393,Fibrillin-1,0.010120805411813582,True
Female - Male,X2hrs,-132.68262356359483,61.13451873422157,18.0,-2.170338890544376,0.04360539025201477,Fibrillin-1,0.15470953527769624,False
Female - Male,X3min,-9.277784199305476,358.75116246279697,18.0,-0.025861335572027855,0.9796524961982056,Golgi-associated RAB2 interactor protein 1B,0.9865850184224003,False
Female - Male,X1hr,22.951832390524334,349.7994674492533,18.0,0.06561425767137292,0.9484081985295719,Golgi-associated RAB2 interactor protein 1B,0.972180963400366,False
Female - Male,X2hrs,-632.6426591758868,809.2334964715943,18.0,-0.7817801190068432,0.44450626492038325,Golgi-associated RAB2 interactor protein 1B,0.6091382148908956,False
Female - Male,X3min,-24.049569577404284,7.020528729498989,18.0,-3.425606603723784,0.0030154906809589698,Neurogenic locus notch homolog protein 3,0.03403435365372238,True
Female - Male,X1hr,-21.138350510973883,9.681750841032748,18.0,-2.183318994472188,0.04249612769307973,Neurogenic locus notch homolog protein 3,0.15216222363584428,False
Female - Male,X2hrs,-34.363100698915765,9.185687692852099,18.0,-3.7409393665381887,0.0014958361080609135,Neurogenic locus notch homolog protein 3,0.022568245746860772,True
Female - Male,X3min,5180.542773437489,7479.2541553047795,18.0,0.6926549981943195,0.4973659566166595,Immunoglobulin heavy constant alpha 1,0.6589144898399734,False
Female - Male,X1hr,2268.3220964999914,8943.636159234393,18.0,0.2536241475071553,0.802660240259508,Immunoglobulin heavy constant alpha 1,0.8807200535490756,False
Female - Male,X2hrs,-1237.572672484021,6948.945999190386,18.0,-0.17809501939261138,0.8606373565321015,Immunoglobulin heavy constant alpha 1,0.9135453907451405,False
Female - Male,X3min,5814.879394531252,3790.4163142595785,18.0,1.534100455576773,0.14239422807750368,Apolipoprotein C-III,0.3158173018507848,False
Female - Male,X1hr,0.12405785501765708,3249.5458100250607,18.0,3.817698296018185e-05,0.9999699591034942,Apolipoprotein C-III,0.9999699591034942,False
Female - Male,X2hrs,-240.12518138116562,2248.8041447815067,18.0,-0.10677905496500947,0.9161453626455144,Apolipoprotein C-III,0.9510286530067664,False
Female - Male,X3min,-297.63922729492276,312.80870674306334,18.0,-0.9515055715485549,0.3539506629868564,Glutathione peroxidase 3,0.5371477834781004,False
Female - Male,X1hr,-390.5255937141815,248.82896134273696,18.0,-1.5694539397938958,0.13395395172235408,Glutathione peroxidase 3,0.3043791629822019,False
Female - Male,X2hrs,-209.41815331903797,289.0698510603723,18.0,-0.7244551880829002,0.47809811515196143,Glutathione peroxidase 3,0.6415928073800934,False
Female - Male,X3min,-72.4752967911379,25.99591975060825,18.0,-2.7879489353109776,0.012146210771398398,Contactin-1,0.07767576764918975,False
Female - Male,X1hr,-67.09203164359897,26.877974942558204,18.0,-2.496171374033332,0.022486221400583317,Contactin-1,0.1088585297710482,False
Female - Male,X2hrs,-118.48151392506333,21.587642458917827,18.0,-5.488395231231874,3.266795023510011e-05,Contactin-1,0.003268025051401966,True
Female - Male,X3min,-23.035649871826227,26.693633938269684,18.0,-0.862964178091948,0.39950966849263714,Stomatin,0.5690541015926289,False
Female - Male,X1hr,-34.376206315481646,15.720735453102252,18.0,-2.1866792694293458,0.04221320883290254,Stomatin,0.15216222363584428,False
Female - Male,X2hrs,-42.04388324176956,17.36941519516779,18.0,-2.4205698792591623,0.026291506702852796,Stomatin,0.1171883904781189,False
Female - Male,X3min,-663.2989196777347,343.0817694569869,18.0,-1.9333551903022186,0.06907811053448691,Immunoglobulin heavy variable 3-13,0.20486141940952798,False
Female - Male,X1hr,-594.6586768484376,381.01533154799245,18.0,-1.5607211248756134,0.13599884617499278,Immunoglobulin heavy variable 3-13,0.3067376008068778,False
Female - Male,X2hrs,-456.53880205356455,474.614992961321,18.0,-0.9619139909698774,0.3488378421473757,Immunoglobulin heavy variable 3-13,0.5329904257747016,False
Female - Male,X3min,-191.58721160888638,94.60837068780734,18.0,-2.0250556078287607,0.05795398051512511,Immunoglobulin heavy variable 1-69-2,0.18530964140021486,False
Female - Male,X1hr,-219.42851121643028,116.33637914815601,18.0,-1.8861555845483637,0.0755156272110327,Immunoglobulin heavy variable 1-69-2,0.2180420793608868,False
Female - Male,X2hrs,-181.69643120329596,104.09367987170728,18.0,-1.7455087708228976,0.0979428298536409,Immunoglobulin heavy variable 1-69-2,0.25322810993931877,False
Female - Male,X3min,1194.9688476562542,2874.662238675107,18.0,0.41569017451142337,0.6825504051004336,Apolipoprotein E,0.8023323218805399,False
Female - Male,X1hr,-4171.823639951157,2422.6121606917427,18.0,-1.7220352921698996,0.10220215186360898,Apolipoprotein E,0.259938042546724,False
Female - Male,X2hrs,-2130.086674656772,2180.6387783210134,18.0,-0.9768177544273683,0.341605844337298,Apolipoprotein E,0.52851054277537,False
Female - Male,X3min,-90.32706527709969,52.63354873443625,18.0,-1.716150011713003,0.1032948004387225,Mucosal addressin cell adhesion molecule 1,0.2618599019278544,False
Female - Male,X1hr,-90.1731148269305,38.769627749930194,18.0,-2.325870018885927,0.0319095740359544,Mucosal addressin cell adhesion molecule 1,0.13015086102853843,False
Female - Male,X2hrs,-63.17604472077089,30.68498351324096,18.0,-2.0588586822446757,0.05427852681362939,Mucosal addressin cell adhesion molecule 1,0.17984825302426452,False
Female - Male,X3min,-7.250028228759801,19.42606889980848,18.0,-0.3732112897443331,0.7133500969802493,Protein S100-A11,0.8248110496334132,False
Female - Male,X1hr,76.66745452556415,50.05993127109052,18.0,1.531513379640603,0.14302890025922196,Protein S100-A11,0.316169147941438,False
Female - Male,X2hrs,20.50023826438489,14.582682849973144,18.0,1.405793328655066,0.1768125187838206,Protein S100-A11,0.36197737639351085,False
Female - Male,X3min,-242.57453765869124,111.75997940281164,18.0,-2.1704955472870155,0.0435918459305908,Complement factor H-related protein 4,0.15470953527769624,False
Female - Male,X1hr,-88.17739484599481,117.67704984181916,18.0,-0.7493168376036141,0.46334732091692366,Complement factor H-related protein 4,0.6277007719863273,False
Female - Male,X2hrs,-180.9450133477697,94.46688420397221,18.0,-1.9154332745544411,0.07146264777689744,Complement factor H-related protein 4,0.20992997097409946,False
Female - Male,X3min,-177.21582031250057,115.36283610682707,18.0,-1.5361603987301167,0.14189055300261866,Immunoglobulin kappa variable 1D-16,0.3158173018507848,False
Female - Male,X1hr,-123.82070445088505,100.80873125981316,18.0,-1.228273611853753,0.2351631259036348,Immunoglobulin kappa variable 1D-16,0.42732137721950164,False
Female - Male,X2hrs,-137.08452008929186,127.50623031321102,18.0,-1.0751201706187405,0.29652167151119047,Immunoglobulin kappa variable 1D-16,0.4820028007619142,False
Female - Male,X3min,397.4137695312495,597.6630080416462,18.0,0.6649462392418254,0.514514888757134,Immunoglobulin lambda variable 1-47,0.6730270514550389,False
Female - Male,X1hr,27.237501598456117,495.2065448424047,18.0,0.05500230536558078,0.9567425316795758,Immunoglobulin lambda variable 1-47,0.9781433514671453,False
Female - Male,X2hrs,46.777377803513296,448.37821521390504,18.0,0.1043257148012811,0.9180645440228654,Immunoglobulin lambda variable 1-47,0.952384713892879,False
Female - Male,X3min,-12.540991210937278,49.70025098631244,18.0,-0.25233255289578105,0.8036428802655013,Fructose-bisphosphate aldolase A,0.8807200535490756,False
Female - Male,X1hr,28.54375396446053,36.16559561650078,18.0,0.7892515933413043,0.440237953003657,Fructose-bisphosphate aldolase A,0.6070361836447941,False
Female - Male,X2hrs,-28.64989509749937,11.754867771358755,18.0,-2.4372792322943932,0.02540178813306327,Fructose-bisphosphate aldolase A,0.11501583879496406,False
Female - Male,X3min,-1064.041606140136,805.9737783916622,18.0,-1.320193825987061,0.20331325528197525,Thrombospondin-1,0.3919960281739324,False
Female - Male,X1hr,-1021.8850851966866,537.8833325683587,18.0,-1.899826641434027,0.07359842475413919,Thrombospondin-1,0.21417968552047248,False
Female - Male,X2hrs,-604.4200861965621,529.12548757645,18.0,-1.1423000788810673,0.2682970995471628,Thrombospondin-1,0.45766596344269045,False
Female - Male,X3min,21.47696609497067,72.45214322360279,18.0,0.29642968640262535,0.7702950385521421,Aminopeptidase N,0.8593241133596762,False
Female - Male,X1hr,-49.5855123619952,32.30989808120804,18.0,-1.5346848893601102,0.1422511775582802,Aminopeptidase N,0.3158173018507848,False
Female - Male,X2hrs,-8.433527660954438,75.76446951532077,18.0,-0.11131243595982739,0.9126004260173906,Aminopeptidase N,0.9498868466383288,False
Female - Male,X3min,126.29777374267583,116.48912397244845,18.0,1.0842022794552673,0.2925842719276453,Apolipoprotein M,0.47832658005067497,False
Female - Male,X1hr,176.74190731902385,156.6000054096302,18.0,1.1286200588352917,0.27387650895993465,Apolipoprotein M,0.4595772488132356,False
Female - Male,X2hrs,111.96524164215485,115.28497837322351,18.0,0.9712040824579821,0.34431755437683376,Apolipoprotein M,0.5302968082275517,False
Female - Male,X3min,-458.4673828124987,253.38197692777507,18.0,-1.8093922400139058,0.08712196604531473,Immunoglobulin heavy variable 3-43,0.23699878110381506,False
Female - Male,X1hr,-474.1656797058424,289.7796096971536,18.0,-1.6362975994114606,0.11914194108064798,Immunoglobulin heavy variable 3-43,0.2825221565652073,False
Female - Male,X2hrs,-422.69935754338877,204.14341844646447,18.0,-2.0705999770168413,0.05305205486406108,Immunoglobulin heavy variable 3-43,0.17773620421054168,False
Female - Male,X3min,-60.41796035766597,40.794458620735384,18.0,-1.4810335128937382,0.15589059358140156,Cysteine-rich secretory protein 3,0.3371363776554974,False
Female - Male,X1hr,-49.95808523580123,32.475152033385434,18.0,-1.5383480017104403,0.14135728996050143,Cysteine-rich secretory protein 3,0.3158173018507848,False
Female - Male,X2hrs,-104.78991504599871,44.754073710191165,18.0,-2.341460929893774,0.03091363413493234,Cysteine-rich secretory protein 3,0.1281060998551596,False
Female - Male,X3min,-803.5650695800792,604.32142761633,18.0,-1.329698125630992,0.20022374879149546,Complement component C8 alpha chain,0.38978557689980337,False
Female - Male,X1hr,-871.5009415491012,592.5791817802326,18.0,-1.4706911217011183,0.1586400482343064,Complement component C8 alpha chain,0.34003673787049954,False
Female - Male,X2hrs,-727.735641383714,498.7903689630224,18.0,-1.4590009885248292,0.16179559656662565,Complement component C8 alpha chain,0.34348409435045935,False
Female - Male,X3min,-100.04389915466277,107.22345391147489,18.0,-0.9330411911302572,0.3631465662242368,Immunoglobulin heavy variable 2-70D,0.5444240177251258,False
Female - Male,X1hr,109.05602780175853,102.17565821183761,18.0,1.067338637306902,0.2999257049191277,Immunoglobulin heavy variable 2-70D,0.4849995269972159,False
Female - Male,X2hrs,-10.649551328462154,26.456759415873556,18.0,-0.4025266723358653,0.6920366509219064,Immunoglobulin heavy variable 2-70D,0.8073760927422241,False
Female - Male,X3min,11.86400146484512,309.85786780811105,18.0,0.038288527410226245,0.9698790993021263,Immunoglobulin heavy variable 3-23,0.9831651143610596,False
Female - Male,X1hr,-205.1716280914917,399.65352666349736,18.0,-0.5133737460153662,0.6139336400489455,Immunoglobulin heavy variable 3-23,0.7494523775617135,False
Female - Male,X2hrs,-129.18071660097763,317.8276712730804,18.0,-0.4064489290172107,0.6892045079545742,Immunoglobulin heavy variable 3-23,0.8048641308803055,False
Female - Male,X3min,2759.2921142578143,1170.2961510006214,18.0,2.357772527832871,0.02990267224864787,Plasma kallikrein,0.12593157906341138,False
Female - Male,X1hr,-46.29734225869019,1006.0846586474552,18.0,-0.04601734243809136,0.9638031267659458,Plasma kallikrein,0.9806053386428533,False
Female - Male,X2hrs,1649.4772365213241,955.7650028492094,18.0,1.7258188274357242,0.10150498839930705,Plasma kallikrein,0.2594387367969131,False
Female - Male,X3min,20.3943911628696,342.52829675448646,18.0,0.059540748475702315,0.9531774782809062,Galectin-7,0.9751400929878394,False
Female - Male,X1hr,214.22520764436624,149.55130655604927,18.0,1.4324529325598254,0.16915278249408977,Galectin-7,0.35239902493747943,False
Female - Male,X2hrs,7.9313798002508396,30.81951769965327,18.0,0.25734925113185886,0.7998280979674566,Galectin-7,0.8796410928814067,False
Female - Male,X3min,-231.2505660500474,175.01590617414038,18.0,-1.3213117087766508,0.20294792853562046,Extracellular superoxide dismutase [Cu-Zn],0.39177774030354556,False
Female - Male,X1hr,-236.1882347009928,148.48487457929923,18.0,-1.590655178651581,0.1290965807013382,Extracellular superoxide dismutase [Cu-Zn],0.29913525058762364,False
Female - Male,X2hrs,-314.6855249279729,256.48406103586643,18.0,-1.2269203928581263,0.2356592151075373,Extracellular superoxide dismutase [Cu-Zn],0.42732137721950164,False
Female - Male,X3min,-2292.372067611549,515.9637593051502,18.0,-4.442893568142639,0.00031421343002981464,Immunoglobulin heavy variable 1-8,0.010120805411813582,True
Female - Male,X1hr,-2344.487424317264,528.1031698124605,18.0,-4.439449634717845,0.00031661329522969154,Immunoglobulin heavy variable 1-8,0.010120805411813582,True
Female - Male,X2hrs,-2389.417090843021,748.0147728854349,18.0,-3.19434478763828,0.005024559826415666,Immunoglobulin heavy variable 1-8,0.04607684282696469,True
Female - Male,X3min,-9.421194130428585,15.719886994402167,18.0,-0.5993169119971067,0.5564305960336453,Cystatin-C,0.7070262847393989,False
Female - Male,X1hr,20.018863374743972,21.602439009515326,18.0,0.9266945906397963,0.3663445564593456,Cystatin-C,0.5447841538160987,False
Female - Male,X2hrs,-156.91363016418228,53.4182627045715,18.0,-2.937452890072251,0.008802713106448942,Cystatin-C,0.06574524107754993,False
Female - Male,X3min,-1440.6642578125004,4137.415033262986,18.0,-0.34820395010657557,0.7317261965682906,Immunoglobulin lambda-like polypeptide 1,0.83243229097154,False
Female - Male,X1hr,-8151.268169815465,3610.628847425161,18.0,-2.257575761526516,0.03663314531982737,Immunoglobulin lambda-like polypeptide 1,0.14056273537533764,False
Female - Male,X2hrs,-3130.7437933739834,4834.072144775515,18.0,-0.6476410983558809,0.5253921662079226,Immunoglobulin lambda-like polypeptide 1,0.6855242873947202,False
Female - Male,X3min,-14.572902390634994,15.365788084250635,18.0,-0.9483992822712217,0.35548644248638195,Inhibin beta C chain,0.5373705004720117,False
Female - Male,X1hr,-29.71440779483356,20.990096515957223,18.0,-1.4156394074817085,0.1739515128354023,Inhibin beta C chain,0.35756699860610475,False
Female - Male,X2hrs,-58.047241492259,21.57075680942008,18.0,-2.691015526488594,0.014933788498647602,Inhibin beta C chain,0.08592112419055728,False
Female - Male,X3min,-386.06292495727536,313.3137376381366,18.0,-1.2321927786108147,0.23373088717551357,Mannose-binding protein C,0.4258121907042768,False
Female - Male,X1hr,-523.5114578193794,222.59907185299753,18.0,-2.351813300304782,0.030268389791650138,Mannose-binding protein C,0.12610476604885876,False
Female - Male,X2hrs,-459.3434209164883,231.52611397798526,18.0,-1.9839810422428854,0.06272092802434608,Mannose-binding protein C,0.19454754920126507,False
Female - Male,X3min,-730.1671386718783,1592.8432221407359,18.0,-0.45840490044623133,0.6521477870536863,IgGFc-binding protein,0.7753922426024701,False
Female - Male,X1hr,-1922.4122369979752,1705.104226851232,18.0,-1.1274455876213736,0.2743595009562329,IgGFc-binding protein,0.4595772488132356,False
Female - Male,X2hrs,-1166.919293710351,1471.5672219311746,18.0,-0.7929772261296861,0.4381191311948631,IgGFc-binding protein,0.6046510922529461,False
Female - Male,X3min,-25.32731152972101,14.235673359616541,18.0,-1.7791439076966316,0.09210816822619186,Macrophage mannose receptor 1,0.2442595450913006,False
Female - Male,X1hr,-12.705072670602846,11.574490689690748,18.0,-1.0976787671460215,0.28681218299800826,Macrophage mannose receptor 1,0.4746604178689082,False
Female - Male,X2hrs,-28.44527843899412,12.454156753974754,18.0,-2.2839987484432287,0.0347336777921755,Macrophage mannose receptor 1,0.13630337194202205,False
Female - Male,X3min,-62.378085624498404,133.7721331212348,18.0,-0.46630104618251467,0.6465936609796081,Aromatase,0.7723340116543512,False
Female - Male,X1hr,-3.521481528211617,145.72282786004897,18.0,-0.024165613445229182,0.9809863938515757,Aromatase,0.9867008776992547,False
Female - Male,X2hrs,-42.44243031628318,170.51384834355164,18.0,-0.24890899319080576,0.8062491365930478,Aromatase,0.8817108784416582,False
Female - Male,X3min,-69.26113909562025,32.86998604617044,18.0,-2.1071240796492403,0.049395736698731374,Cadherin-5,0.17095985485485202,False
Female - Male,X1hr,-48.70006196247731,30.6107942406998,18.0,-1.5909440826506291,0.12903142846779053,Cadherin-5,0.29913525058762364,False
Female - Male,X2hrs,-114.86272034114069,28.498098810743027,18.0,-4.03053976000113,0.0007846120923247279,Cadherin-5,0.01592268129251002,True
Female - Male,X3min,-188.3400909423831,73.32588809997684,18.0,-2.568534740221477,0.01933497294204536,Immunoglobulin kappa variable 1-8,0.09982241844497838,False
Female - Male,X1hr,-126.11454034808378,87.0071575232571,18.0,-1.4494731690823623,0.16440532323518786,Immunoglobulin kappa variable 1-8,0.3447852527766288,False
Female - Male,X2hrs,-199.0312470587364,107.39330285489137,18.0,-1.8532929127588633,0.08030603130524708,Immunoglobulin kappa variable 1-8,0.22627508891847753,False
Female - Male,X3min,-88.30539245605577,292.9920558122479,18.0,-0.3013917637160876,0.7665698728416744,Retinol-binding protein 4,0.8580601829555681,False
Female - Male,X1hr,-110.52260276066967,276.54033651579647,18.0,-0.39966177865107366,0.6941082647497728,Retinol-binding protein 4,0.8085788931193006,False
Female - Male,X2hrs,-429.592416067968,373.681028448726,18.0,-1.1496232973114764,0.2653453384957843,Retinol-binding protein 4,0.4546269636410681,False
Female - Male,X3min,-685.7716064453124,580.4042577545059,18.0,-1.181541308980841,0.2527634506816765,Complement component C8 beta chain,0.4466436168726819,False
Female - Male,X1hr,-804.2389198209518,587.0435691302557,18.0,-1.3699816540235428,0.18754026114952504,Complement component C8 beta chain,0.372682309240872,False
Female - Male,X2hrs,-870.303717561571,510.38539454550966,18.0,-1.7051893076536078,0.10535659899711082,Complement component C8 beta chain,0.264795782498333,False
Female - Male,X3min,-235.42513542360246,229.5815865073451,18.0,-1.0254530383083245,0.31873387363782446,Tumor necrosis factor receptor superfamily member 1B,0.5047728627351555,False
Female - Male,X1hr,-9.613006690211957,281.0633366958398,18.0,-0.03420227911339048,0.9730922760022335,Tumor necrosis factor receptor superfamily member 1B,0.984548365505914,False
Female - Male,X2hrs,-1048.232722946265,392.6086125332931,18.0,-2.669917799771586,0.015616808827981998,Tumor necrosis factor receptor superfamily member 1B,0.08787174929792187,False
Female - Male,X3min,332.99039306640515,927.1461876391912,18.0,0.3591562986569621,0.7236567482014986,Formin-2,0.8274927054489543,False
Female - Male,X1hr,252.61588444748588,1136.9877087776397,18.0,0.2221799606955029,0.8266751896584117,Formin-2,0.8939827729500152,False
Female - Male,X2hrs,760.5982752763467,913.6140117952842,18.0,0.8325159919359642,0.41602728244916953,Formin-2,0.5829633876699815,False
Female - Male,X3min,88.1191700665102,39.813231758628376,18.0,2.2133136692027744,0.04003113370778567,Scavenger receptor cysteine-rich domain-containing protein DMBT1,0.14776337715415422,False
Female - Male,X1hr,157.551354602181,81.77246453013602,18.0,1.9267042458298147,0.06995463586965954,Scavenger receptor cysteine-rich domain-containing protein DMBT1,0.20706572217419225,False
Female - Male,X2hrs,194.39618415567767,123.7223810295105,18.0,1.5712289283319718,0.1335414857699763,Scavenger receptor cysteine-rich domain-containing protein DMBT1,0.3043791629822019,False
Female - Male,X3min,454.2855773925771,471.0088828879402,18.0,0.9644947131510005,0.347578052095707,Apolipoprotein L1,0.5329904257747016,False
Female - Male,X1hr,-142.58876849976735,558.4679783484621,18.0,-0.2553212968833775,0.8013695706961961,Apolipoprotein L1,0.8800906804677658,False
Female - Male,X2hrs,340.87332476121804,465.68462134907185,18.0,0.7319832116717105,0.47360242219363735,Apolipoprotein L1,0.636659311495599,False
Female - Male,X3min,251.39574279785012,427.5263763077577,18.0,0.5880239366024079,0.5638217932291875,Leucine-rich alpha-2-glycoprotein,0.7100316585722506,False
Female - Male,X1hr,-58.097669878268356,350.05736706086793,18.0,-0.16596613968180346,0.870033539106607,Leucine-rich alpha-2-glycoprotein,0.919124486588489,False
Female - Male,X2hrs,-107.08555744519536,300.92400869232785,18.0,-0.35585581193916066,0.7260850185061505,Leucine-rich alpha-2-glycoprotein,0.8296589108518808,False
Female - Male,X3min,-680.8371734619121,529.926777841908,18.0,-1.2847759387336055,0.21515869829859408,Immunoglobulin heavy variable 1-2,0.40626563445445346,False
Female - Male,X1hr,-794.1179642864953,458.85112952767935,18.0,-1.730665815520438,0.10061787437700766,Immunoglobulin heavy variable 1-2,0.2584465731931734,False
Female - Male,X2hrs,-790.1878907530607,478.11995789229695,18.0,-1.6526979844900374,0.11572787339536864,Immunoglobulin heavy variable 1-2,0.2792563901496939,False
Female - Male,X3min,-72.09078216552705,177.12242660069697,18.0,-0.40701103496085106,0.6887990139521957,Ras-related protein Rab-10,0.8048641308803055,False
Female - Male,X1hr,5.927315485374191,32.82839610175102,18.0,0.18055452563087712,0.8587345490272413,Ras-related protein Rab-10,0.9127725644243044,False
Female - Male,X2hrs,44.429566908775726,65.13897224392086,18.0,0.6820735019030354,0.503875628149727,Ras-related protein Rab-10,0.6631834138956535,False
Female - Male,X3min,-154.5876480102539,41.07061809688672,18.0,-3.763947444023788,0.0014210891233014144,Immunoglobulin heavy variable 1-24,0.022083724976103978,True
Female - Male,X1hr,-61.37768528111264,62.921291882773275,18.0,-0.9754676587928856,0.3422566564523224,Immunoglobulin heavy variable 1-24,0.52851054277537,False
Female - Male,X2hrs,-182.07695954083945,51.362667441338914,18.0,-3.544928030632147,0.002313876807710056,Immunoglobulin heavy variable 1-24,0.02923385820472705,True
Female - Male,X3min,2.8598838968195985,15.107998706733103,18.0,0.18929601149257771,0.851978945198246,Annexin A3,0.909948646624106,False
Female - Male,X1hr,10.067082474360198,17.838040051908077,18.0,0.5643603470485176,0.579474203639309,Annexin A3,0.7215568208777935,False
Female - Male,X2hrs,16.09664670717107,19.55851185579926,18.0,0.8229995628424196,0.4212783650720284,Annexin A3,0.5892588472744664,False
Female - Male,X3min,-7948.432617187474,10534.420713400259,18.0,-0.754520142439034,0.46029526595190695,Hemoglobin subunit beta,0.625261226651454,False
Female - Male,X1hr,-11025.84872969402,10282.086466899407,18.0,-1.07233573314025,0.29773648955761,Hemoglobin subunit beta,0.48296712397967223,False
Female - Male,X2hrs,-5099.362444800905,10995.129182154942,18.0,-0.46378376827778917,0.6483620084148274,Hemoglobin subunit beta,0.7726645407029461,False
Female - Male,X3min,-172.213039398193,124.14159376409248,18.0,-1.3872307755726994,0.18230964410537,Immunoglobulin lambda variable 4-69,0.3654972915107218,False
Female - Male,X1hr,-246.100398713317,137.74554961665072,18.0,-1.7866304893204934,0.0908514299336992,Immunoglobulin lambda variable 4-69,0.24306130440206428,False
Female - Male,X2hrs,-160.43304546578227,116.82413760534268,18.0,-1.3732867946156808,0.1865288025373665,Immunoglobulin lambda variable 4-69,0.371146938723518,False
Female - Male,X3min,-26.531965309055877,50.0831848738269,18.0,-0.5297579492178279,0.602753502925758,Elongation factor 2,0.7432013121306553,False
Female - Male,X1hr,43.11632157200116,27.45904355466009,18.0,1.5702047846704357,0.13377934261987418,Elongation factor 2,0.3043791629822019,False
Female - Male,X2hrs,46.857756190977774,43.175025929758604,18.0,1.0852976965714067,0.2921119571165269,Elongation factor 2,0.47832658005067497,False
Female - Male,X3min,-86.3231506347657,116.8810908126505,18.0,-0.7385553132211409,0.46969829967446053,Multiple inositol polyphosphate phosphatase 1,0.6336034354983608,False
Female - Male,X1hr,-158.46203043040117,117.51295172979945,18.0,-1.3484643870980024,0.19423282162336947,Multiple inositol polyphosphate phosphatase 1,0.38258339254728135,False
Female - Male,X2hrs,-65.85697585308858,117.35577553788414,18.0,-0.5611737091868052,0.5815988294393089,Multiple inositol polyphosphate phosphatase 1,0.7236225628091961,False
Female - Male,X3min,-26.57476882934559,31.31756531949501,18.0,-0.8485579437046131,0.4072708607284996,Collagen alpha-1(VI) chain,0.5743184369982653,False
Female - Male,X1hr,-45.67904167090363,25.582514338616484,18.0,-1.7855571608906202,0.09103068157142948,Collagen alpha-1(VI) chain,0.24306130440206428,False
Female - Male,X2hrs,-60.46372737414927,27.571226716017904,18.0,-2.1930009860251154,0.04168562844820899,Collagen alpha-1(VI) chain,0.15100108766554027,False
Female - Male,X3min,-145.68112487792848,93.28840985274904,18.0,-1.5616208391576043,0.13578696596425666,Hepatocyte growth factor activator,0.3067048620762425,False
Female - Male,X1hr,-140.79304368594518,82.27975845368317,18.0,-1.7111504254743315,0.10423091078038584,Hepatocyte growth factor activator,0.26380266344091136,False
Female - Male,X2hrs,-176.27494798516952,72.29643861079354,18.0,-2.438224501405142,0.025352308978328988,Hepatocyte growth factor activator,0.11501583879496406,False
Female - Male,X3min,-74.60123596191384,33.18757794285655,18.0,-2.2478662374929765,0.03735491930613822,Fibrinogen beta chain,0.14177780697700376,False
Female - Male,X1hr,-14.43001057123777,39.38033637290123,18.0,-0.3664267982527311,0.7183182853051823,Fibrinogen beta chain,0.8259686691921022,False
Female - Male,X2hrs,-74.59912154383416,37.31075910249606,18.0,-1.9993997264677348,0.06089170153855449,Fibrinogen beta chain,0.19155000848363093,False
Female - Male,X3min,-4.713433456420906,6.67377275621986,18.0,-0.7062622040925882,0.4890667625428887,Hemicentin-1,0.6517662300192012,False
Female - Male,X1hr,-11.19988971252812,5.01135886290608,18.0,-2.2349007562458456,0.03833919368986289,Hemicentin-1,0.14253374878958597,False
Female - Male,X2hrs,-21.366712930456742,16.1529230602062,18.0,-1.3227768652656473,0.2024698975393431,Hemicentin-1,0.39134107061708856,False
Female - Male,X3min,-63.084631729125704,21.261423525181126,18.0,-2.9670935087865096,0.008254893360712627,C-type mannose receptor 2,0.06350546674528426,False
Female - Male,X1hr,-62.46205810856173,20.189974285590704,18.0,-3.0937165756144624,0.006264821561148838,C-type mannose receptor 2,0.053787473513951904,False
Female - Male,X2hrs,-81.50713895063737,24.94783581485307,18.0,-3.2671025877968485,0.0042809768499817045,C-type mannose receptor 2,0.04059147567484611,True
Female - Male,X3min,-181.7154319527124,114.03210413933505,18.0,-1.5935462501917492,0.1284458479175265,Platelet glycoprotein Ib beta chain,0.29913525058762364,False
Female - Male,X1hr,-175.54659619949055,69.93247575439358,18.0,-2.5102299654886973,0.02183837935349185,Platelet glycoprotein Ib beta chain,0.10739506808647574,False
Female - Male,X2hrs,-82.18226511516934,29.88974324279625,18.0,-2.749513920129647,0.013186008730019601,Platelet glycoprotein Ib beta chain,0.08077728594376707,False
Female - Male,X3min,-196.00709228515692,309.36054445279876,18.0,-0.6335878824879139,0.5343185619515189,Complement C2,0.691942537727217,False
Female - Male,X1hr,-201.00109737926437,264.2583974700412,18.0,-0.760623311514828,0.45673098073239426,Complement C2,0.622489778136842,False
Female - Male,X2hrs,-207.02607845732615,176.4801667446121,18.0,-1.1730841050083416,0.2560525399958875,Complement C2,0.44952461450683956,False
Female - Male,X3min,22.612929153442177,51.017788878679106,18.0,0.4432361662559698,0.6628761556564006,Annexin A2,0.7839494260959258,False
Female - Male,X1hr,112.4193598543316,66.79663282031017,18.0,1.6830093839722622,0.10963732649526162,Annexin A2,0.27216678174702325,False
Female - Male,X2hrs,100.78946684951077,36.89286064579462,18.0,2.7319504393324854,0.013689071314471226,Annexin A2,0.08245277838251273,False
Female - Male,X3min,-37.30813140869129,32.536369034699185,18.0,-1.1466593389355506,0.26653708233925905,Protein disulfide-isomerase A3,0.45616588761586846,False
Female - Male,X1hr,-13.622129862375587,7.9908735507331405,18.0,-1.7047109775783893,0.10544737792783081,Protein disulfide-isomerase A3,0.264795782498333,False
Female - Male,X2hrs,-29.306091705395087,8.30608732425656,18.0,-3.5282667471857025,0.0024011471342413756,Protein disulfide-isomerase A3,0.02985106117288878,True
Female - Male,X3min,-135.49988708496087,31.97572021981209,18.0,-4.237586711213636,0.0004951184682132932,Dipeptidyl peptidase 4,0.0122129222159279,True
Female - Male,X1hr,-102.40326249708461,23.44652977041482,18.0,-4.3675231899902975,0.00037120236962000485,Dipeptidyl peptidase 4,0.010120805411813582,True
Female - Male,X2hrs,-157.63972608703006,30.100884622057,18.0,-5.23704628838438,5.57407368661706e-05,Dipeptidyl peptidase 4,0.003766135003914309,True
Female - Male,X3min,-23.103798235201964,13.721711338639299,18.0,-1.6837402904799068,0.10949391928029664,Proteasome subunit alpha type-4,0.27216678174702325,False
Female - Male,X1hr,-17.47346511647113,19.426311575676166,18.0,-0.8994741512511201,0.38027614213678695,Proteasome subunit alpha type-4,0.5559257995113517,False
Female - Male,X2hrs,55.412072852941876,64.76043433321856,18.0,0.855647023116374,0.40343957320111357,Proteasome subunit alpha type-4,0.5709882484103191,False
Female - Male,X3min,-55.97312836547206,92.78941553678091,18.0,-0.6032275129837928,0.5538831231099053,Coagulation factor XI,0.7062062443699174,False
Female - Male,X1hr,-92.93768993590419,96.66372433217309,18.0,-0.9614536433185128,0.34906289311402605,Coagulation factor XI,0.5329904257747016,False
Female - Male,X2hrs,-76.37177291896606,97.28545280363751,18.0,-0.7850276759580495,0.44264785612720814,Coagulation factor XI,0.6081831059334776,False
Female - Male,X3min,-4.67163391113293,66.70235832727226,18.0,-0.07003701260773657,0.9449364402404145,Collectin-11,0.9699017358874532,False
Female - Male,X1hr,-50.49283848051339,54.767746680360034,18.0,-0.9219447857733456,0.36875037169722114,Collectin-11,0.5467920587953069,False
Female - Male,X2hrs,-42.6845632237755,66.34235051741184,18.0,-0.6433984158063972,0.528078309432771,Collectin-11,0.6871170574344524,False
Female - Male,X3min,66.32177264400671,17.68775529837816,18.0,3.7495867352986245,0.0014672939518681801,High mobility group protein B1,0.022354654913756395,True
Female - Male,X1hr,63.934236978646155,20.023901023183434,18.0,3.192896174657668,0.005040581261637064,High mobility group protein B1,0.04607684282696469,True
Female - Male,X2hrs,21.073683268782275,17.621103080354352,18.0,1.195934395973041,0.24723943382624997,High mobility group protein B1,0.43959963405719965,False
Female - Male,X3min,-142.9432098736988,76.19395595951927,18.0,-1.8760439469718888,0.07696197188357762,Immunoglobulin lambda variable 3-16,0.22001275881710897,False
Female - Male,X1hr,-137.03766970457087,110.71110719499067,18.0,-1.237795133447743,0.2316951966470065,Immunoglobulin lambda variable 3-16,0.4230955764858379,False
Female - Male,X2hrs,51.73277973675336,111.28490923893241,18.0,0.46486787912709127,0.6476001732149493,Immunoglobulin lambda variable 3-16,0.7723489402732397,False
Female - Male,X3min,-696.0601074218728,782.5437057242965,18.0,-0.8894840024016584,0.385476723687336,Prothrombin,0.5587974147482464,False
Female - Male,X1hr,-1271.9594247467812,632.368396980393,18.0,-2.0114215555686905,0.05949886770520884,Prothrombin,0.18869640900794804,False
Female - Male,X2hrs,-1428.7272628159355,574.7561965203623,18.0,-2.4857970587626697,0.022975850811458295,Prothrombin,0.10927209753299882,False
Female - Male,X3min,-150.70099388599158,76.53683362220988,18.0,-1.9689995882225826,0.06454531778763034,Immunoglobulin kappa joining 1,0.19822811035963941,False
Female - Male,X1hr,-13.133020878692216,31.80309176336606,18.0,-0.41294792897526167,0.6845221808562727,Immunoglobulin kappa joining 1,0.8034196578937184,False
Female - Male,X2hrs,-104.22741205039664,63.15663810388898,18.0,-1.6503001929733598,0.11622175858001448,Immunoglobulin kappa joining 1,0.2800133532299884,False
Female - Male,X3min,-75.06960754394437,181.62938445180984,18.0,-0.4133120187051118,0.6842602521357409,Immunoglobulin heavy variable 3-7,0.8034196578937184,False
Female - Male,X1hr,-77.0585224226239,153.71723290075968,18.0,-0.5013004786026373,0.6222351133755853,Immunoglobulin heavy variable 3-7,0.756614527531815,False
Female - Male,X2hrs,-79.46230293265009,187.43422003552868,18.0,-0.42394768104558384,0.6766271870429719,Immunoglobulin heavy variable 3-7,0.7959717249544119,False
Female - Male,X3min,-557.9807769775383,188.26811883601877,18.0,-2.9637560540111343,0.008314886137011089,Immunoglobulin heavy variable 3-74,0.06365188697987799,False
Female - Male,X1hr,-440.12881676898087,202.33169003586852,18.0,-2.1752836478109616,0.04317972730174055,Immunoglobulin heavy variable 3-74,0.15390205556629544,False
Female - Male,X2hrs,-379.68011557306767,204.63766511840151,18.0,-1.8553774807457277,0.07999438771695813,Immunoglobulin heavy variable 3-74,0.22627508891847753,False
Female - Male,X3min,-42.72504425048775,94.37944754136221,18.0,-0.45269436687222936,0.6561776706928953,Ezrin,0.7778032801348279,False
Female - Male,X1hr,16.15535302147448,34.552659552115685,18.0,0.4675574393081784,0.645711873771896,Ezrin,0.7723340116543512,False
Female - Male,X2hrs,-4.5396629966986835,36.547821201109734,18.0,-0.12421159039053309,0.9025243379700439,Ezrin,0.9425556594122637,False
Female - Male,X3min,-28.87896804809571,36.108573399946664,18.0,-0.7997814737299582,0.43426591517637225,Intercellular adhesion molecule 2,0.6009343118291028,False
Female - Male,X1hr,-2.364826403139198,12.886778953248267,18.0,-0.18350795118923918,0.8564507959517085,Intercellular adhesion molecule 2,0.9115921485677774,False
Female - Male,X2hrs,-47.7930133215121,37.51310840997504,18.0,-1.27403500662194,0.21885574806160424,Intercellular adhesion molecule 2,0.41046941732148945,False
Female - Male,X3min,146.988021850585,115.69733206622294,18.0,1.270452993388403,0.22009963327959634,Lysozyme C,0.4108363967699986,False
Female - Male,X1hr,490.4727248069046,445.8393455937306,18.0,1.1001109024008078,0.28577942197905515,Lysozyme C,0.4739607489385824,False
Female - Male,X2hrs,612.4673878648942,466.814863106249,18.0,1.3120134688716931,0.20600244153588165,Lysozyme C,0.395708027375476,False
Female - Male,X3min,-6226.645117187505,4423.232885692863,18.0,-1.4077136063370879,0.17625157050699322,Protein AMBP,0.3613389717254188,False
Female - Male,X1hr,-11155.462595957977,4142.58556290421,18.0,-2.6928743960902777,0.014874995314001221,Protein AMBP,0.08592112419055728,False
Female - Male,X2hrs,-12821.79506644714,4970.784794790509,18.0,-2.5794307329266517,0.018898320933603555,Protein AMBP,0.09855030446583868,False
Female - Male,X3min,-84.15220489501922,17.7618257218463,18.0,-4.737812779657867,0.00016427155475409969,Prolyl endopeptidase FAP,0.007293657031082026,True
Female - Male,X1hr,-90.08504895185513,38.91281279358514,18.0,-2.3150485016263294,0.03261829046934285,Prolyl endopeptidase FAP,0.13165330224261865,False
Female - Male,X2hrs,-97.86040635873485,22.61283362796895,18.0,-4.327648978838948,0.0004054726759274468,Prolyl endopeptidase FAP,0.010501742306520873,True
Female - Male,X3min,698.9738342285165,787.8217973831783,18.0,0.8872232737786916,0.3866601081557489,"Actin, cytoplasmic 2",0.5595768506908243,False
Female - Male,X1hr,207.35882254028235,192.44972706032343,18.0,1.0774700785898526,0.29549923627676566,"Actin, cytoplasmic 2",0.48134781255146103,False
Female - Male,X2hrs,398.044708273569,285.58376753309796,18.0,1.393793182686538,0.1803507303249968,"Actin, cytoplasmic 2",0.3654972915107218,False
Female - Male,X3min,-76.9503845214851,151.43681026767112,18.0,-0.5081352703181741,0.6175290689297612,Kallistatin,0.7514801668886837,False
Female - Male,X1hr,5.137083897010272,124.80566642730305,18.0,0.04116066236465735,0.9676209415325622,Kallistatin,0.982241168419048,False
Female - Male,X2hrs,-172.69549172865035,135.53886273426377,18.0,-1.2741400381028394,0.21881935778407374,Kallistatin,0.41046941732148945,False
Female - Male,X3min,-295.3413452148438,488.3287547527677,18.0,-0.6048002341462975,0.5528603589557045,Hemopexin,0.7062062443699174,False
Female - Male,X1hr,27.449030013240552,331.61638947156564,18.0,0.08277344209971312,0.9349452312591853,Hemopexin,0.9641041070847869,False
Female - Male,X2hrs,-639.3089590363346,400.5030940250296,18.0,-1.5962647194839916,0.12783648968847172,Hemopexin,0.29873369169306024,False
Female - Male,X3min,-474.2180603027356,548.5006412280874,18.0,-0.8645715695809693,0.39864972676220845,C4b-binding protein beta chain,0.5688720618810578,False
Female - Male,X1hr,-716.6021577286168,479.3602754307301,18.0,-1.4949135221618282,0.15226245128683238,C4b-binding protein beta chain,0.3318595361847651,False
Female - Male,X2hrs,-1111.8044199879573,630.3106967626354,18.0,-1.7638990194809345,0.09471413619827358,C4b-binding protein beta chain,0.24778748762982683,False
Female - Male,X3min,48.95072424301082,178.65356762224656,18.0,0.2739980225108883,0.7872056964488057,Peptidyl-prolyl cis-trans isomerase A,0.8725518204575207,False
Female - Male,X1hr,177.83835414138173,163.9748705458392,18.0,1.084546391464703,0.2924358400506835,Peptidyl-prolyl cis-trans isomerase A,0.47832658005067497,False
Female - Male,X2hrs,204.7097124197377,211.6184720816281,18.0,0.9673527570918976,0.3461865544649545,Peptidyl-prolyl cis-trans isomerase A,0.5321205792666066,False
Female - Male,X3min,21.500903320312595,94.04715891527202,18.0,0.22861831838729932,0.8217428039043767,Complement C1r subcomponent-like protein,0.8912490762798646,False
Female - Male,X1hr,25.626756541001193,76.06070355712768,18.0,0.33692505252404675,0.7400700207682616,Complement C1r subcomponent-like protein,0.8382707563266879,False
Female - Male,X2hrs,-131.29756658331655,144.17197152424438,18.0,-0.9107010551023585,0.374487822665289,Complement C1r subcomponent-like protein,0.5520601624675292,False
Female - Male,X3min,-200.53277587890608,70.85890792666021,18.0,-2.830029162832425,0.011098156420827421,Immunoglobulin heavy variable 3-30;Immunoglobulin heavy variable 3-30-5,0.07498885900282908,False
Female - Male,X1hr,-171.6388233620413,78.22889468542903,18.0,-2.194059165123432,0.04159791132393225,Immunoglobulin heavy variable 3-30;Immunoglobulin heavy variable 3-30-5,0.15100108766554027,False
Female - Male,X2hrs,-219.1608089692383,86.2644360656417,18.0,-2.5405696595810467,0.02049978760002944,Immunoglobulin heavy variable 3-30;Immunoglobulin heavy variable 3-30-5,0.10343074652742128,False
Female - Male,X3min,-212.3645019531244,175.1982383011204,18.0,-1.212138341186541,0.2411307155283166,Immunoglobulin lambda variable 3-9,0.43417375535642433,False
Female - Male,X1hr,-368.32689744556905,200.4876293031208,18.0,-1.8371552335964285,0.08275500880532435,Immunoglobulin lambda variable 3-9,0.2296451494347751,False
Female - Male,X2hrs,-234.24696645732087,160.32212634247637,18.0,-1.461101919001049,0.16122472648313904,Immunoglobulin lambda variable 3-9,0.34274038981504523,False
Female - Male,X3min,-279.0144739290788,342.8614095649444,18.0,-0.8137820884628553,0.4264045334833334,Immunoglobulin heavy variable 1-45,0.5942893677426906,False
Female - Male,X1hr,-381.1338937986428,313.55048081653405,18.0,-1.2155423675515058,0.2398622041022621,Immunoglobulin heavy variable 1-45,0.43292202691627796,False
Female - Male,X2hrs,-151.11626926889875,383.19941884562115,18.0,-0.3943541191271448,0.6979528013529891,Immunoglobulin heavy variable 1-45,0.8112330989547831,False
Female - Male,X3min,386.911523437468,8500.94676524297,18.0,0.045513933226755066,0.9641988143154954,Hemoglobin subunit gamma-1,0.9806053386428533,False
Female - Male,X1hr,-3803.442500391004,7613.825129020674,18.0,-0.4995442416839722,0.6234470791857913,Hemoglobin subunit gamma-1,0.757308512246908,False
Female - Male,X2hrs,-1632.5275818175728,7772.46202975274,18.0,-0.21003995588120067,0.8359956292192918,Hemoglobin subunit gamma-1,0.9003029853130835,False
Female - Male,X3min,-73.42570037841804,75.28811385894211,18.0,-0.9752628484754786,0.34235546015371066,Apolipoprotein F,0.52851054277537,False
Female - Male,X1hr,-70.83838316314812,50.97416038787779,18.0,-1.3896920052065098,0.18157295666892448,Apolipoprotein F,0.3654972915107218,False
Female - Male,X2hrs,-197.36209767905817,64.18488389271305,18.0,-3.074899971914802,0.006527827094206279,Apolipoprotein F,0.05513175708911172,False
Female - Male,X3min,-602.7820373535118,136.41712053814433,18.0,-4.418668529108593,0.000331493410681279,Immunoglobulin gamma-1 heavy chain,0.010120805411813582,True
Female - Male,X1hr,-411.3562607459705,166.52348055066665,18.0,-2.4702598059185457,0.023727955708647892,Immunoglobulin gamma-1 heavy chain,0.11173710051890554,False
Female - Male,X2hrs,-594.4730205543824,159.24319516631027,18.0,-3.7331141210368655,0.0015221415797424538,Immunoglobulin gamma-1 heavy chain,0.02274430783576705,True
Female - Male,X3min,-103.56052474975588,71.27240408336291,18.0,-1.4530241554448977,0.16342869285566008,Low affinity immunoglobulin gamma Fc region receptor III-B,0.3447852527766288,False
Female - Male,X1hr,-34.13025649145016,40.57281635229344,18.0,-0.8412099420236796,0.4112668463911031,Low affinity immunoglobulin gamma Fc region receptor III-B,0.5773339469663724,False
Female - Male,X2hrs,-102.02523313652435,75.94935047019082,18.0,-1.3433325302310253,0.19585676944735628,Low affinity immunoglobulin gamma Fc region receptor III-B,0.38437674672196426,False
Female - Male,X3min,-100.88647232055654,28.736554854380444,18.0,-3.510736510753931,0.002496491383094682,Multiple epidermal growth factor-like domains protein 8,0.030790060391501076,True
Female - Male,X1hr,-107.41298425204353,24.331005015595334,18.0,-4.414654642633772,0.00033444809142418896,Multiple epidermal growth factor-like domains protein 8,0.010120805411813582,True
Female - Male,X2hrs,-108.09119501897617,31.086732959327506,18.0,-3.47708442570655,0.0026901471111417876,Multiple epidermal growth factor-like domains protein 8,0.031912126799346095,True
Female - Male,X3min,-15.401516723631591,133.63668504309433,18.0,-0.11524916768673965,0.9095235747523588,Complement C4-B,0.9477607985335393,False
Female - Male,X1hr,-175.80386112483944,124.6888451904992,18.0,-1.4099405673077403,0.1756028376277067,Complement C4-B,0.36048455703230675,False
Female - Male,X2hrs,-68.84827176197464,117.5474636388425,18.0,-0.5857061448259472,0.5653451046606316,Complement C4-B,0.7104334355400201,False
Female - Male,X3min,166.95603027343728,140.68359793888376,18.0,1.1867483681073245,0.25075431728555003,Glyceraldehyde-3-phosphate dehydrogenase,0.4448312888832703,False
Female - Male,X1hr,323.7554392841752,195.02807333010801,18.0,1.6600453142772988,0.11422563611798738,Glyceraldehyde-3-phosphate dehydrogenase,0.2764900911641003,False
Female - Male,X2hrs,281.1067520710492,101.55864165359935,18.0,2.7679254812196126,0.012677688422883832,Glyceraldehyde-3-phosphate dehydrogenase,0.07912099521751595,False
Female - Male,X3min,-374.4597656250018,717.3003713152893,18.0,-0.5220403900507784,0.6080073775751018,Complement C1r subcomponent,0.746894205616053,False
Female - Male,X1hr,-2172.0653881881613,1111.828770302776,18.0,-1.9535970341877902,0.06647035467731455,Complement C1r subcomponent,0.2025390807226408,False
Female - Male,X2hrs,-658.654013011242,638.5074657891691,18.0,-1.0315525632847105,0.3159438939450776,Complement C1r subcomponent,0.5020212793360436,False
Female - Male,X3min,568.6970581054667,230.87253105346875,18.0,2.463251282040823,0.024074737699702833,Sex hormone-binding globulin,0.11264722774618108,False
Female - Male,X1hr,187.90144780776177,158.72574836596146,18.0,1.1838120137542663,0.2518858120597502,Sex hormone-binding globulin,0.4463290215973225,False
Female - Male,X2hrs,367.9779949772838,192.84953787139182,18.0,1.908109290999091,0.07245798833193381,Sex hormone-binding globulin,0.21205219184147864,False
Female - Male,X3min,-114.23871765136724,95.25392531942889,18.0,-1.1993071914703135,0.24595832338303333,Biotinidase,0.43882805342965997,False
Female - Male,X1hr,-186.6060997230819,95.65092313573504,18.0,-1.9509074623176967,0.0668117133302692,Biotinidase,0.20287916298472525,False
Female - Male,X2hrs,-220.67724987802754,94.97222919200712,18.0,-2.323597663816864,0.03205719649006945,Biotinidase,0.13041068938630349,False
Female - Male,X3min,-517.3713745117182,310.6453446679125,18.0,-1.6654728081143493,0.11312664781845612,Cholinesterase,0.2764900911641003,False
Female - Male,X1hr,-657.365854314254,316.8831858205344,18.0,-2.0744737610866824,0.052652947750635025,Cholinesterase,0.17773620421054168,False
Female - Male,X2hrs,-614.1569322428666,369.92940246966356,18.0,-1.660200373754371,0.11419411279090036,Cholinesterase,0.2764900911641003,False
Female - Male,X3min,-611.4389343261703,180.6485992240506,18.0,-3.384686828198591,0.003301576459787023,Immunoglobulin heavy variable 2-5,0.03587867005950373,True
Female - Male,X1hr,-625.119111644601,164.2703647117607,18.0,-3.8054284029957266,0.0012956219917215424,Immunoglobulin heavy variable 2-5,0.020843215581588328,True
Female - Male,X2hrs,-623.9482999093682,179.42230907521585,18.0,-3.477540240816999,0.0026874272620972064,Immunoglobulin heavy variable 2-5,0.031912126799346095,True
Female - Male,X3min,-1165.4247528076173,301.8729106422243,18.0,-3.860647019728322,0.0011456053291327148,Immunoglobulin lambda variable 1-36,0.020186296207780036,True
Female - Male,X1hr,-923.9600124999346,296.2389118165865,18.0,-3.118969101101734,0.0059280418460882466,Immunoglobulin lambda variable 1-36,0.05204619790294427,False
Female - Male,X2hrs,-929.2830752924042,352.8065154241554,18.0,-2.6339736786753782,0.016849552100167576,Immunoglobulin lambda variable 1-36,0.09187439987249268,False
Female - Male,X3min,-380.78748168945253,161.73139859737998,18.0,-2.3544437566968597,0.030106448134471914,Immunoglobulin kappa variable 3-11,0.12610476604885876,False
Female - Male,X1hr,-256.0712151357012,85.62677753594099,18.0,-2.990550649044545,0.007844920616727404,Immunoglobulin kappa variable 3-11,0.06146863588065736,False
Female - Male,X2hrs,-346.7607974995684,128.7351513327542,18.0,-2.6935983988029983,0.014852156072094416,Immunoglobulin kappa variable 3-11,0.08592112419055728,False
Female - Male,X3min,-413.9398868211587,1117.4165731431476,18.0,-0.370443661540476,0.7153752147105903,Immunoglobulin kappa variable 6-21,0.8258879156575849,False
Female - Male,X1hr,-1919.0044916071672,1441.424226627152,18.0,-1.3313252657737862,0.1996985699995757,Immunoglobulin kappa variable 6-21,0.3893746270757097,False
Female - Male,X2hrs,446.7049922602125,1554.409848397115,18.0,0.2873791572543421,0.7771042885947597,Immunoglobulin kappa variable 6-21,0.864438127756805,False
Female - Male,X3min,-1517.3173339843768,559.9628685139753,18.0,-2.7096749075720337,0.014353554418485473,Immunoglobulin kappa light chain,0.08477610254624836,False
Female - Male,X1hr,-1038.5083260376136,592.8713207092262,18.0,-1.7516589009488455,0.09685261507822045,Immunoglobulin kappa light chain,0.25168723048754943,False
Female - Male,X2hrs,-1975.0362917169148,714.6027128880995,18.0,-2.7638242286188857,0.012789266155302624,Immunoglobulin kappa light chain,0.07949807842136111,False
Female - Male,X3min,-117.32044639587389,30.840821986354943,18.0,-3.80406353785838,0.0012995686929716083,Neuropilin-1,0.020843215581588328,True
Female - Male,X1hr,-73.97655646727961,24.13600173164524,18.0,-3.064988032806085,0.006670663887156438,Neuropilin-1,0.05573232086366185,False
Female - Male,X2hrs,-105.59410467258698,19.772616917867605,18.0,-5.340421306456731,4.470540179805704e-05,Neuropilin-1,0.003296096928621273,True
Female - Male,X3min,-285.0516174316396,118.19956747548272,18.0,-2.411613033108313,0.026780365734630544,Ficolin-2,0.11789430127936507,False
Female - Male,X1hr,-177.33892560434603,103.98976384837412,18.0,-1.7053498252281944,0.10532615056058386,Ficolin-2,0.264795782498333,False
Female - Male,X2hrs,-224.44273834854883,112.75265981060907,18.0,-1.9905759981675453,0.06193257272037832,Ficolin-2,0.1932594739105781,False
Female - Male,X3min,-14.569487762451093,24.574103327080525,18.0,-0.5928797306876951,0.5606374145164597,Gamma-glutamyl hydrolase,0.7083175139500637,False
Female - Male,X1hr,20.09631345989745,17.417191957383384,18.0,1.1538205187764694,0.2636645447430842,Gamma-glutamyl hydrolase,0.45278348032595594,False
Female - Male,X2hrs,-17.293261341085348,23.097556925379514,18.0,-0.7487052157487519,0.4637068766025121,Gamma-glutamyl hydrolase,0.6277007719863273,False
Female - Male,X3min,58.58465461730944,63.88035824346109,18.0,0.9170996567369168,0.3712154344055483,Keratinocyte proline-rich protein,0.5483543584279676,False
Female - Male,X1hr,67.61038331501791,64.64545520624657,18.0,1.045864447845745,0.3094659434057287,Keratinocyte proline-rich protein,0.4947634527289119,False
Female - Male,X2hrs,-17.594030825317276,41.40568304342173,18.0,-0.42491826078238076,0.6759323916837681,Keratinocyte proline-rich protein,0.795756770209527,False
Female - Male,X3min,13095.475531482663,4551.71874447009,18.0,2.8770397000896493,0.010030248862666355,Kyphoscoliosis peptidase,0.07150003088341061,False
Female - Male,X1hr,52490.881020305176,41900.04653545168,18.0,1.2527642654499818,0.22632298862818964,Kyphoscoliosis peptidase,0.41646916158419206,False
Female - Male,X2hrs,12420.126039274399,6472.2026305793925,18.0,1.9189952398264989,0.07098297670269674,Kyphoscoliosis peptidase,0.20931223111193686,False
Female - Male,X3min,-25.808103942870883,10.028293688949766,18.0,-2.57352893157776,0.019133659751621655,Laminin subunit alpha-2,0.09944383696996673,False
Female - Male,X1hr,-34.34706506754242,9.226949108490588,18.0,-3.722472581531466,0.0015586558848396076,Laminin subunit alpha-2,0.022850483443780663,True
Female - Male,X2hrs,-35.476210710504446,12.582527259845518,18.0,-2.819482126116213,0.011352362925212005,Laminin subunit alpha-2,0.07514711165913943,False
Female - Male,X3min,71.7992279052734,112.16278594764087,18.0,0.6401341344961801,0.5301501620745872,Desmoglein-1,0.6871170574344524,False
Female - Male,X1hr,194.83104422286226,136.79030244366217,18.0,1.4243045065501225,0.17146480510876008,Desmoglein-1,0.3556463740155724,False
Female - Male,X2hrs,17.354989701348174,65.15820825209846,18.0,0.2663515490512164,0.7929956377983141,Desmoglein-1,0.8752238786495596,False
Female - Male,X3min,3.5054310627212293,38.34916623612353,18.0,0.09140827315873272,0.9281777733723359,Immunoglobulin lambda variable 3-27,0.9610738743085769,False
Female - Male,X1hr,-1.5896605200764777,52.38839475978896,18.0,-0.03034375317979072,0.976126821807652,Immunoglobulin lambda variable 3-27,0.9865850184224003,False
Female - Male,X2hrs,20.273018145464146,87.67087865758863,18.0,0.2312400475036114,0.8197364897127074,Immunoglobulin lambda variable 3-27,0.8904148327942395,False
Female - Male,X3min,-36.87772064208987,35.01146907309702,18.0,-1.0533040063270835,0.3061364433807633,Myosin-9,0.4919710786077623,False
Female - Male,X1hr,16.622044046348357,27.227110057288535,18.0,0.610496083182311,0.5491646926737552,Myosin-9,0.7041270069430822,False
Female - Male,X2hrs,-16.49954664424138,9.043580324708245,18.0,-1.8244485095313923,0.08472927229243966,Myosin-9,0.2318121287719212,False
Female - Male,X3min,-58.41193389892543,42.40349663138479,18.0,-1.3775263489872687,0.18523779559462442,Versican core protein,0.3690506850692902,False
Female - Male,X1hr,-70.81865303330878,34.43513159978906,18.0,-2.056581454555632,0.05451935108253084,Versican core protein,0.1798791328710253,False
Female - Male,X2hrs,-55.83996445519789,37.619039127609376,18.0,-1.4843538205688993,0.15501627152494632,Versican core protein,0.33644593009743934,False
Female - Male,X3min,-11.100140556865805,27.235799305967102,18.0,-0.40755699629618986,0.688405259284018,Proteasome subunit beta type-3,0.8048641308803055,False
Female - Male,X1hr,63.7236718773433,59.93047705206331,18.0,1.0632932526464747,0.3017064900719765,Proteasome subunit beta type-3,0.48686592478904617,False
Female - Male,X2hrs,1.8332758571948375,25.918004738101754,18.0,0.07073368014705855,0.9443896742738125,Proteasome subunit beta type-3,0.9699017358874532,False
Female - Male,X3min,-39.31243133544905,14.974747962768328,18.0,-2.6252482801841763,0.01716247413834393,Alpha-N-acetylglucosaminidase,0.09292851850517933,False
Female - Male,X1hr,-33.74939621277423,16.828705899595786,18.0,-2.0054659231750476,0.06018525865958737,Alpha-N-acetylglucosaminidase,0.18971174839147825,False
Female - Male,X2hrs,-52.32745875646968,16.38812083920717,18.0,-3.1930115276719673,0.005039303644347222,Alpha-N-acetylglucosaminidase,0.04607684282696469,True
Female - Male,X3min,14.550010299682688,30.970122774964434,18.0,0.4698079631587575,0.6441337164423169,Caspase-14,0.7723180652344273,False
Female - Male,X1hr,20.286885997440834,27.448409155839652,18.0,0.7390915037101448,0.4693806320908791,Caspase-14,0.6336034354983608,False
Female - Male,X2hrs,-0.6641856132620222,13.203880262356162,18.0,-0.05030230508493735,0.9604354811364408,Caspase-14,0.9793416913950321,False
Female - Male,X3min,-5371.01162109375,4308.100257138732,18.0,-1.2467239155341667,0.22847907504135015,Histidine-rich glycoprotein,0.4186986823281346,False
Female - Male,X1hr,-5454.3425588616865,4626.698747240925,18.0,-1.1788843097066386,0.2537933265873798,Histidine-rich glycoprotein,0.4471596706539549,False
Female - Male,X2hrs,-6461.700807276832,4157.40069762304,18.0,-1.554264618027138,0.13752747046576727,Histidine-rich glycoprotein,0.3084457679300055,False
Female - Male,X3min,-255.47472457885732,131.19100503720276,18.0,-1.9473493972121836,0.06726570495497136,"ATP synthase subunit alpha, mitochondrial",0.2029459296431514,False
Female - Male,X1hr,237.6192137164709,243.3901007668768,18.0,0.9762895572489477,0.34186035881387167,"ATP synthase subunit alpha, mitochondrial",0.52851054277537,False
Female - Male,X2hrs,107.78344359851688,177.00415691882645,18.0,0.6089317080160215,0.5501783956738603,"ATP synthase subunit alpha, mitochondrial",0.7048451994041046,False
Female - Male,X3min,1076.1407470703136,619.4019817505762,18.0,1.7373866709771995,0.0993988908628017,Immunoglobulin kappa constant,0.256162315755877,False
Female - Male,X1hr,528.4625532850634,578.6529202413996,18.0,0.913263434434241,0.3731750472151456,Immunoglobulin kappa constant,0.5507255682548303,False
Female - Male,X2hrs,1126.0710715243795,554.6334018449772,18.0,2.030297973000771,0.05736964719489748,Immunoglobulin kappa constant,0.18419923913403036,False
Female - Male,X3min,-32.92329769134526,32.570379518744794,18.0,-1.0108355560424882,0.32549112695339755,Interleukin-1 receptor accessory protein,0.5124753913734345,False
Female - Male,X1hr,26.85152162040216,17.909907761597054,18.0,1.4992551596484474,0.15114198938805448,Interleukin-1 receptor accessory protein,0.3312759541735355,False
Female - Male,X2hrs,-28.168775904505637,17.393811642439548,18.0,-1.6194711362618193,0.12273330056316094,Interleukin-1 receptor accessory protein,0.28941964958293187,False
Female - Male,X3min,-30.771103286743262,28.40831915123055,18.0,-1.083172261017434,0.29302889588689995,Immunoglobulin lambda variable 9-49,0.47832658005067497,False
Female - Male,X1hr,-60.17503058255148,32.65854937233234,18.0,-1.842550625764491,0.08192901854745717,Immunoglobulin lambda variable 9-49,0.22816791186872482,False
Female - Male,X2hrs,-89.16698574685918,37.459832994370494,18.0,-2.3803359123426766,0.028554952669042965,Immunoglobulin lambda variable 9-49,0.12190768254860651,False
Female - Male,X3min,-15.141669082641506,14.44320521505292,18.0,-1.0483593397164113,0.30834649728077856,Plexin domain-containing protein 2,0.49399016162302045,False
Female - Male,X1hr,-24.287981114306167,10.203194350559638,18.0,-2.3804291361924306,0.028549503849501313,Plexin domain-containing protein 2,0.12190768254860651,False
Female - Male,X2hrs,-22.57085747010868,12.584890080504294,18.0,-1.7934886459655304,0.08971333331742173,Plexin domain-containing protein 2,0.24122250052388383,False
Female - Male,X3min,-250.9107055664063,95.74878721143037,18.0,-2.6205105346384263,0.017334692022209365,Immunoglobulin heavy variable 4-28,0.09353510903650471,False
Female - Male,X1hr,-283.0808250678879,91.06285433275447,18.0,-3.10863114430256,0.0060637226181186,Immunoglobulin heavy variable 4-28,0.05286754334454273,False
Female - Male,X2hrs,-246.52631624263537,102.42117217565233,18.0,-2.40698588979086,0.027036232805670243,Immunoglobulin heavy variable 4-28,0.11835015712679312,False
Female - Male,X3min,47.10963211059553,86.97294643755787,18.0,0.5416584586382599,0.5946957451717,Desmoplakin,0.737555616916857,False
Female - Male,X1hr,184.38234898773695,131.37314148744173,18.0,1.4035011030421503,0.17748400822876914,Desmoplakin,0.36236355796498704,False
Female - Male,X2hrs,43.46328339052597,61.55013011257382,18.0,0.7061444599878602,0.48913822741227153,Desmoplakin,0.6517662300192012,False
Female - Male,X3min,-44.07717472335995,44.45166166731864,18.0,-0.991575411808868,0.33454797988734053,Endoplasmin,0.5230654262515233,False
Female - Male,X1hr,-80.93833646400905,51.694208260650896,18.0,-1.5657138234114032,0.13482656676941265,Endoplasmin,0.30542344717152664,False
Female - Male,X2hrs,51.322535583154504,86.07294182670883,18.0,0.5962679384943351,0.5584210743128464,Endoplasmin,0.7078192083867563,False
Female - Male,X3min,434.6319335937483,118.36430826078272,18.0,3.6719847391509113,0.0017441450711548733,Heparin cofactor 2,0.023985853456413037,True
Female - Male,X1hr,519.7109395510435,157.52336482488,18.0,3.299262557835851,0.003987792932944979,Heparin cofactor 2,0.039297472684771115,True
Female - Male,X2hrs,161.95305452011797,159.46622670249695,18.0,1.0155946990723026,0.3232800872172126,Heparin cofactor 2,0.5104504707269594,False
Female - Male,X3min,-50.79251861572272,24.56447605768303,18.0,-2.0677224499496845,0.053350291619371173,Laminin subunit gamma-1,0.17829323263764044,False
Female - Male,X1hr,-96.12288610085403,16.719600761284998,18.0,-5.749113718279146,1.8915537378388445e-05,Laminin subunit gamma-1,0.003268025051401966,True
Female - Male,X2hrs,-76.944396028317,26.88680111536272,18.0,-2.861790649552286,0.010365305976821495,Laminin subunit gamma-1,0.07281972747369975,False
Female - Male,X3min,0.22548828125048595,188.32321650478804,18.0,0.0011973472280023053,0.9990578256240766,Polymeric immunoglobulin receptor,0.9999699591034942,False
Female - Male,X1hr,23.238558554861452,116.34762879239327,18.0,0.19973383897945649,0.8439278293228494,Polymeric immunoglobulin receptor,0.9069597833801576,False
Female - Male,X2hrs,50.73835719839184,167.05992646030333,18.0,0.3037135133089398,0.76482887511264,Polymeric immunoglobulin receptor,0.8575961337632122,False
Female - Male,X3min,13.969738769530887,82.69928120910292,18.0,0.16892213046215934,0.867741654817941,Serum amyloid A-4 protein,0.9185766563944688,False
Female - Male,X1hr,13.495083466484264,78.11973820348942,18.0,0.17274870316809984,0.8647765712409528,Serum amyloid A-4 protein,0.9169243114797547,False
Female - Male,X2hrs,-2.6084428876706327,76.41306320333284,18.0,-0.03413608587748466,0.9731443303842239,Serum amyloid A-4 protein,0.984548365505914,False
Female - Male,X3min,-71.16447906494128,29.439698902821082,18.0,-2.417296430233595,0.02646919244389944,Catalase,0.1171883904781189,False
Female - Male,X1hr,-33.48646679363779,31.108596085855776,18.0,-1.0764377376985894,0.29594808768395203,Catalase,0.48157416571817957,False
Female - Male,X2hrs,-34.28588788033537,28.08791646718608,18.0,-1.2206632670810638,0.23796352214357847,Catalase,0.43049512620619435,False
Female - Male,X3min,-34.40011850062071,10.194032655566259,18.0,-3.374534854156777,0.003376601409296526,Complement receptor type 1,0.03593999034278631,True
Female - Male,X1hr,-30.726280860507384,12.894980271618206,18.0,-2.382809450909808,0.028410705756310408,Complement receptor type 1,0.12190768254860651,False
Female - Male,X2hrs,-4.7317850359968885,9.694350250689657,18.0,-0.48809718172295957,0.6313736176503559,Complement receptor type 1,0.762583052000557,False
Female - Male,X3min,-103.33693847656284,120.63666907016378,18.0,-0.8565964169357229,0.4029282575791846,Immunoglobulin kappa variable 1-27,0.5707844232252077,False
Female - Male,X1hr,-135.36681094404364,81.4386312986016,18.0,-1.6621940814269067,0.11378945669724613,Immunoglobulin kappa variable 1-27,0.2764900911641003,False
Female - Male,X2hrs,-193.6697581180265,93.25232187963066,18.0,-2.076835774320063,0.05241093221303965,Immunoglobulin kappa variable 1-27,0.17773620421054168,False
Female - Male,X3min,287.57116088866917,115.62809020718414,18.0,2.4870354632113605,0.022916879434375318,Immunoglobulin kappa variable 2-30,0.10927209753299882,False
Female - Male,X1hr,251.16378497501964,187.07839486904138,18.0,1.3425590119630828,0.19610247864878316,Immunoglobulin kappa variable 2-30,0.38437674672196426,False
Female - Male,X2hrs,321.9418072027238,157.932241239382,18.0,2.0384805830416113,0.05646819545584321,Immunoglobulin kappa variable 2-30,0.18299131085083867,False
Female - Male,X3min,-77.76885375976572,68.69273666022187,18.0,-1.1321262995305819,0.2724383462807626,Protein-glutamine gamma-glutamyltransferase E,0.4595772488132356,False
Female - Male,X1hr,141.41733615304014,144.5098684806284,18.0,0.9785998536978614,0.34074810182180826,Protein-glutamine gamma-glutamyltransferase E,0.5284656189931037,False
Female - Male,X2hrs,-288.66584378708717,246.83464424603153,18.0,-1.1694705363132112,0.2574676898992854,Protein-glutamine gamma-glutamyltransferase E,0.4498781282803056,False
Female - Male,X3min,-15.474314117431568,10.930353602382825,18.0,-1.415719443336047,0.17392841112901897,Periostin,0.35756699860610475,False
Female - Male,X1hr,-25.319631828350765,15.018864437618385,18.0,-1.6858552744461568,0.10907985538978195,Periostin,0.27208683029810776,False
Female - Male,X2hrs,-36.63040740749777,13.34732877849303,18.0,-2.7443998732181902,0.013330631205247476,Periostin,0.08123843487433167,False
Female - Male,X3min,-1410.0015624999933,7146.450881178557,18.0,-0.19730095203109585,0.8458028668702425,Albumin,0.907145490459571,False
Female - Male,X1hr,2779.4042782292568,7638.054169208437,18.0,0.3638890503597067,0.7201799833455735,Albumin,0.8259686691921022,False
Female - Male,X2hrs,-4857.763202062648,7059.602618332504,18.0,-0.6881071732632543,0.5001577822446954,Albumin,0.6620487168724504,False
Female - Male,X3min,220.1352050781253,746.3191874681669,18.0,0.2949612026255386,0.7713985775257953,Complement factor B,0.8599378690639067,False
Female - Male,X1hr,697.6088164882195,769.5243718458422,18.0,0.9065454480861727,0.37662343050107994,Complement factor B,0.5531937405831323,False
Female - Male,X2hrs,138.4662100829566,648.7082862340544,18.0,0.21344911576017372,0.8333756709360236,Complement factor B,0.8995276137166773,False
Female - Male,X3min,-3220.5032226562507,540.8232475948813,18.0,-5.954816544921638,1.236426562982544e-05,Probable non-functional immunoglobulinn kappa variable 1-37;Probable non-functional immunoglobulinn kappa variable 1D-37,0.003268025051401966,True
Female - Male,X1hr,-2139.436594194529,489.85451445424945,18.0,-4.367493880459775,0.00037122645332906965,Probable non-functional immunoglobulinn kappa variable 1-37;Probable non-functional immunoglobulinn kappa variable 1D-37,0.010120805411813582,True
Female - Male,X2hrs,-1489.1148165118395,644.7769014245689,18.0,-2.30950397450931,0.032987045482912716,Probable non-functional immunoglobulinn kappa variable 1-37;Probable non-functional immunoglobulinn kappa variable 1D-37,0.1319126647067522,False
Female - Male,X3min,-169.6465887895386,64.2121121201506,18.0,-2.641971789872043,0.016567486524910184,Immunoglobulin lambda variable 8-61,0.09117096587612109,False
Female - Male,X1hr,64.23583711389362,180.91313596402543,18.0,0.35506452735785266,0.7266676365125446,Immunoglobulin lambda variable 8-61,0.8297145533728835,False
Female - Male,X2hrs,-449.62822661202176,185.94390688763414,18.0,-2.418085293237019,0.026426269701222572,Immunoglobulin lambda variable 8-61,0.1171883904781189,False
Female - Male,X3min,-90.43962516784603,100.69819647115983,18.0,-0.898125570637684,0.38097543158762903,Annexin A1,0.5560821011877539,False
Female - Male,X1hr,47.31345178684105,18.988246627516624,18.0,2.491723049261286,0.022694950119384587,Annexin A1,0.10918870738552212,False
Female - Male,X2hrs,98.69370652705058,50.695935369842104,18.0,1.9467775040947621,0.0673389319685378,Annexin A1,0.2029459296431514,False
Female - Male,X3min,3076.2569335937537,5349.5314115535775,18.0,0.575051662833468,0.5723749938965553,CD5 antigen-like,0.7151437966638564,False
Female - Male,X1hr,-3505.063081889892,5867.12707547983,18.0,-0.5974070506395566,0.5576769820947043,CD5 antigen-like,0.7076153863295367,False
Female - Male,X2hrs,1932.8650795217864,5737.352100321613,18.0,0.33689148682602865,0.7400949019821208,CD5 antigen-like,0.8382707563266879,False
Female - Male,X3min,-1042.3099226600734,300.62563356369054,18.0,-3.467135886931111,0.002750193027030248,RB-associated KRAB zinc finger protein,0.032377272454583376,True
Female - Male,X1hr,-952.6016725075792,188.74998995714157,18.0,-5.046896546717069,8.388988465340215e-05,RB-associated KRAB zinc finger protein,0.004828328916718035,True
Female - Male,X2hrs,-3140.7620078776163,1037.0046946372627,18.0,-3.0286863927614465,0.007220230565263279,RB-associated KRAB zinc finger protein,0.0587123402218742,False
Female - Male,X3min,-37.64684143066355,146.72001227081623,18.0,-0.2565896829477829,0.8004053562543836,Immunoglobulin lambda variable 7-46,0.879653411329075,False
Female - Male,X1hr,-54.33086844154901,144.82983497337565,18.0,-0.37513588585899277,0.7119431293441663,Immunoglobulin lambda variable 7-46,0.8243807213243192,False
Female - Male,X2hrs,-325.6591453416403,297.46290010081884,18.0,-1.0947891156553133,0.2880427703204618,Immunoglobulin lambda variable 7-46,0.4756838098597212,False
Female - Male,X3min,-77.15903701782226,16.07753920010805,18.0,-4.799182017687365,0.0001436540128972754,Basement membrane-specific heparan sulfate proteoglycan core protein,0.006660230843852518,True
Female - Male,X1hr,-82.05930381830665,16.617785520964468,18.0,-4.938040854768721,0.00010618398289590817,Basement membrane-specific heparan sulfate proteoglycan core protein,0.005500330314008044,True
Female - Male,X2hrs,-81.11263303248406,16.61940054140381,18.0,-4.88059920274553,0.00012029975287962532,Basement membrane-specific heparan sulfate proteoglycan core protein,0.0060305101927399275,True
Female - Male,X3min,-41.970991897583026,42.36014424311089,18.0,-0.9908132431444411,0.33490997369386466,Vitamin K-dependent protein C,0.5230654262515233,False
Female - Male,X1hr,-52.825065894970884,30.539612505478352,18.0,-1.7297228602849775,0.10078993079662865,Vitamin K-dependent protein C,0.2584613076864042,False
Female - Male,X2hrs,-80.57857610267473,28.496353774432308,18.0,-2.827680226758414,0.011154292367692248,Vitamin K-dependent protein C,0.07498885900282908,False
Female - Male,X3min,10.447647094726758,42.907018854142535,18.0,0.24349505917067624,0.8103753657429122,Immunoglobulin lambda variable 1-40,0.8840398366272023,False
Female - Male,X1hr,-52.238485277254846,43.17435997019736,18.0,-1.2099423202408635,0.24195177885283448,Immunoglobulin lambda variable 1-40,0.4342667439142939,False
Female - Male,X2hrs,37.53252793572659,63.70096084550437,18.0,0.5891987724762148,0.5630504816080588,Immunoglobulin lambda variable 1-40,0.7096354001775534,False
Female - Male,X3min,-17.713492584228675,19.873320147788323,18.0,-0.8913202450572904,0.3845173065410167,Pantetheinase,0.558448499406299,False
Female - Male,X1hr,-6.693193528623162,23.56014405785175,18.0,-0.28408966906942834,0.779583810823725,Pantetheinase,0.8665759957225098,False
Female - Male,X2hrs,-32.09742160574192,17.063130826179666,18.0,-1.8810980196257654,0.07623601577157582,Pantetheinase,0.21898478467472982,False
Female - Male,X3min,389.0780880912207,111.0481726215622,18.0,3.503687443981167,0.0025358788468093714,Neutrophil defensin 1;Neutrophil defensin 3,0.03102957266095877,True
Female - Male,X1hr,180.2068324787817,120.68754318680293,18.0,1.493168455669476,0.1527147351145564,Neutrophil defensin 1;Neutrophil defensin 3,0.3323791293669757,False
Female - Male,X2hrs,457.44291968790753,155.54971355183503,18.0,2.9408149281835243,0.008738848605398069,Neutrophil defensin 1;Neutrophil defensin 3,0.06574524107754993,False
Female - Male,X3min,-251.97468719482396,129.45686004991282,18.0,-1.946398878341972,0.06738745154174139,Immunoglobulin lambda variable 2-8,0.2029459296431514,False
Female - Male,X1hr,47.411352668983845,124.07078236786836,18.0,0.382131487882536,0.7068380170928065,Immunoglobulin lambda variable 2-8,0.8209463965337978,False
Female - Male,X2hrs,-105.99232804698202,114.23216516397909,18.0,-0.9278676272556957,0.36575204279603046,Immunoglobulin lambda variable 2-8,0.5444240177251258,False
Female - Male,X3min,-769.6521423339817,184.23662891871928,18.0,-4.177519675924669,0.0005657844343894536,Immunoglobulin heavy variable 1-18,0.012720596249585374,True
Female - Male,X1hr,-513.7413839844656,135.06852174957058,18.0,-3.8035611653245844,0.0013010243960193486,Immunoglobulin heavy variable 1-18,0.020843215581588328,True
Female - Male,X2hrs,-742.9598486388584,216.94915279210377,18.0,-3.424580548377692,0.0030223557298672383,Immunoglobulin heavy variable 1-18,0.03403435365372238,True
Female - Male,X3min,-563.6754760742181,432.6309973965582,18.0,-1.3029012702886424,0.20903087295317996,Immunoglobulin kappa variable 3D-15,0.3985692964039775,False
Female - Male,X1hr,-560.3893004654054,402.3496892310133,18.0,-1.392791682122195,0.1806485825518795,Immunoglobulin kappa variable 3D-15,0.3654972915107218,False
Female - Male,X2hrs,-445.8484514828449,355.709742539834,18.0,-1.2534052294980838,0.2260951254016443,Immunoglobulin kappa variable 3D-15,0.41646916158419206,False
Female - Male,X3min,-153.60205383300774,50.252964695647016,18.0,-3.056576955474887,0.006794255617921337,Extracellular matrix protein 1,0.0564613541724586,False
Female - Male,X1hr,-74.66469203085553,84.16895286216672,18.0,-0.887081156315736,0.386734580207172,Extracellular matrix protein 1,0.5595768506908243,False
Female - Male,X2hrs,-201.96943416081712,92.29574113236411,18.0,-2.1882855230683576,0.04207858120896162,Extracellular matrix protein 1,0.15207003534587524,False
Female - Male,X3min,-439.5363784790043,520.8925600247641,18.0,-0.8438138921740561,0.40984788676205186,Tubulin alpha-1B chain,0.5763833629214739,False
Female - Male,X1hr,331.9494082746817,203.84355067415223,18.0,1.6284518552431864,0.1208052388749846,Tubulin alpha-1B chain,0.28574024537553433,False
Female - Male,X2hrs,358.7106847358959,225.84978819446712,18.0,1.5882710699158564,0.1296352921581173,Tubulin alpha-1B chain,0.29913525058762364,False
Female - Male,X3min,-71.15708236694338,43.1769276869683,18.0,-1.6480348690585525,0.11669000771363904,Immunoglobulin lambda variable 5-45,0.28027244511127525,False
Female - Male,X1hr,-88.77770137577953,39.52751164920109,18.0,-2.24597242962482,0.037497219219786715,Immunoglobulin lambda variable 5-45,0.14177780697700376,False
Female - Male,X2hrs,-57.95551223169327,44.38225603658886,18.0,-1.3058261883738982,0.2080549872508359,Immunoglobulin lambda variable 5-45,0.3983066760897778,False
Female - Male,X3min,1867.1224121093742,769.2492712776527,18.0,2.42720075510537,0.025934995252099805,Alpha-2-HS-glycoprotein,0.11648260873341937,False
Female - Male,X1hr,1487.963132310987,1009.7696230360467,18.0,1.4735669388005246,0.15787156276249859,Alpha-2-HS-glycoprotein,0.3393255996305986,False
Female - Male,X2hrs,1482.2586023279964,1438.0485518114572,18.0,1.0307430861502203,0.31631315225872203,Alpha-2-HS-glycoprotein,0.5020946257508212,False
Female - Male,X3min,-64.33188858032209,40.58752615656695,18.0,-1.5850162518444935,0.13037380376979824,Cartilage acidic protein 1,0.2997054601453646,False
Female - Male,X1hr,-54.90129379690402,41.10126427338823,18.0,-1.335756813506364,0.19827376941623776,Cartilage acidic protein 1,0.387357975652608,False
Female - Male,X2hrs,-85.47197597567822,32.32162122338577,18.0,-2.6444210636883647,0.01648201167158042,Cartilage acidic protein 1,0.09117096587612109,False
Female - Male,X3min,-5.906777954101497,55.19854848287945,18.0,-0.10700966087783198,0.9159649929814329,Coagulation factor IX,0.9510286530067664,False
Female - Male,X1hr,-19.025016434224042,54.43114349423943,18.0,-0.3495244672976143,0.7307515373424087,Coagulation factor IX,0.831932519435973,False
Female - Male,X2hrs,-39.80568767283991,51.326198705685265,18.0,-0.7755432639984449,0.44808881452593163,Coagulation factor IX,0.6124274562649936,False
Female - Male,X3min,-40.31608734130846,16.211127730962602,18.0,-2.486939095810488,0.02292146322025084,Integrin alpha-2,0.10927209753299882,False
Female - Male,X1hr,-29.038699024904844,13.85366196203649,18.0,-2.0961027564033436,0.050474172207723184,Integrin alpha-2,0.1735328840946943,False
Female - Male,X2hrs,-68.33714778864703,17.531125558161033,18.0,-3.898046794652893,0.001053994230511682,Integrin alpha-2,0.01926949452017828,True
Female - Male,X3min,19.502948423167055,4.6211974183701905,18.0,4.220323577962479,0.0005144640410942551,"Mannosyl-oligosaccharide 1,2-alpha-mannosidase IA",0.012340626299077555,True
Female - Male,X1hr,9.216038811207017,5.036448436448181,18.0,1.8298685924215239,0.08388214524812923,"Mannosyl-oligosaccharide 1,2-alpha-mannosidase IA",0.23068702367289814,False
Female - Male,X2hrs,0.8047001982696107,7.489631250786936,18.0,0.10744189818224506,0.9156269288877636,"Mannosyl-oligosaccharide 1,2-alpha-mannosidase IA",0.9510286530067664,False
Female - Male,X3min,-910.337219238282,799.9578199606282,18.0,-1.1379815241797204,0.27004920841864977,Endophilin-A3,0.4595294667281249,False
Female - Male,X1hr,-2297.685643056183,869.7273344348088,18.0,-2.641845958020086,0.016571889183309017,Endophilin-A3,0.09117096587612109,False
Female - Male,X2hrs,-827.5921344268781,1136.1120098770432,18.0,-0.7284423782444172,0.4757138400118488,Endophilin-A3,0.6389449501974184,False
Female - Male,X3min,7.247025695478289,11.646000219152135,18.0,0.6222759367255013,0.5415636789417395,Collagen alpha-1(I) chain,0.6972576280658354,False
Female - Male,X1hr,116.51727433144046,130.22903127725215,18.0,0.8947104435061033,0.3827501318949411,Collagen alpha-1(I) chain,0.556922944723538,False
Female - Male,X2hrs,-17.72031707818589,9.031812435825474,18.0,-1.9619890475024373,0.06541523783105135,Collagen alpha-1(I) chain,0.200108818089476,False
Female - Male,X3min,904.792871093753,568.758919216667,18.0,1.5908196610611303,0.12905948402607842,Carboxypeptidase N subunit 2,0.29913525058762364,False
Female - Male,X1hr,-201.1320670016437,662.4003240910167,18.0,-0.3036412569357488,0.7648830382212433,Carboxypeptidase N subunit 2,0.8575961337632122,False
Female - Male,X2hrs,521.839211906137,612.6726047931953,18.0,0.8517423625988326,0.4055469391245293,Carboxypeptidase N subunit 2,0.5729272212722897,False
Female - Male,X3min,-156.9729988098147,39.00446698806321,18.0,-4.02448773002985,0.0007952569503437904,Scavenger receptor cysteine-rich type 1 protein M130,0.01592268129251002,True
Female - Male,X1hr,-136.95153631602446,31.04699527453071,18.0,-4.411104363080577,0.00033708371100746315,Scavenger receptor cysteine-rich type 1 protein M130,0.010120805411813582,True
Female - Male,X2hrs,-207.10897294156266,62.45400135369058,18.0,-3.316184206815822,0.0038415472818390385,Scavenger receptor cysteine-rich type 1 protein M130,0.03851460952243784,True
Female - Male,X3min,31.109711833641423,28.304680843805013,18.0,1.0991013113808115,0.2862077945829856,Annexin A5,0.47416515221957317,False
Female - Male,X1hr,31.68385697185156,26.446716580500624,18.0,1.1980261094192812,0.2464443291256262,Annexin A5,0.43919092598764115,False
Female - Male,X2hrs,102.33295831279608,58.58225395654555,18.0,1.7468252141459666,0.09770857752159492,Annexin A5,0.25306521578093083,False
Female - Male,X3min,-578.3051572532993,436.3089329611924,18.0,-1.3254488129050908,0.20160042347960322,Platelet factor 4,0.39063224200411895,False
Female - Male,X1hr,-607.6879592352938,377.1844815494418,18.0,-1.6111160160645086,0.12455040246773472,Platelet factor 4,0.2928159235020571,False
Female - Male,X2hrs,-181.58475535252379,156.9198447009306,18.0,-1.1571815897383877,0.2623243460269311,Platelet factor 4,0.4521241031622219,False
Female - Male,X3min,86.10852050781256,329.3519958329363,18.0,0.26144830332678803,0.7967149475194116,Immunoglobulin heavy variable 3-72,0.8768378388421854,False
Female - Male,X1hr,-223.6953818407455,313.64730348692956,18.0,-0.7132067751064451,0.48486256138319683,Immunoglobulin heavy variable 3-72,0.6478731043761718,False
Female - Male,X2hrs,207.04170598013803,414.86221576415073,18.0,0.4990613705294417,0.6237804991480322,Immunoglobulin heavy variable 3-72,0.757308512246908,False
Female - Male,X3min,-52.94811706542976,27.93762995018804,18.0,-1.8952257997487503,0.07423876658875195,Protein HEG homolog 1,0.21563933323162715,False
Female - Male,X1hr,-48.48575145418101,17.223714781594293,18.0,-2.8150577310995732,0.011460659886239411,Protein HEG homolog 1,0.07514711165913943,False
Female - Male,X2hrs,-57.66042035160475,28.231526025905254,18.0,-2.0424124540308424,0.05603959729664663,Protein HEG homolog 1,0.18218731003972563,False
Female - Male,X3min,-96.18417510986336,58.615204750943384,18.0,-1.6409424059602098,0.11816644443156317,Sulfhydryl oxidase 1,0.2812108034405041,False
Female - Male,X1hr,-73.83367447852243,57.95178241900185,18.0,-1.274053556190759,0.21884932084607273,Sulfhydryl oxidase 1,0.41046941732148945,False
Female - Male,X2hrs,-112.15958661691755,48.50614022555185,18.0,-2.3122760560906186,0.03280219915043822,Sulfhydryl oxidase 1,0.13171735782889146,False
Female - Male,X3min,90.00809936523464,303.2065013605323,18.0,0.296854120743965,0.7699761777058605,Corticosteroid-binding globulin,0.8593241133596762,False
Female - Male,X1hr,-121.65391499891895,224.00526506819526,18.0,-0.5430850697276385,0.5937333896303738,Corticosteroid-binding globulin,0.7369502296210869,False
Female - Male,X2hrs,-113.26311331993954,191.3024649323386,18.0,-0.592063010583786,0.561172349275385,Corticosteroid-binding globulin,0.708327565577027,False
Female - Male,X3min,-64.61307665985754,18.497826503610444,18.0,-3.4930091190576484,0.002596720178609918,Angiopoietin-related protein 6,0.03152580591843603,True
Female - Male,X1hr,-51.35743157829408,20.150393086692443,18.0,-2.5487061893701286,0.02015420873288166,Angiopoietin-related protein 6,0.10228407835697331,False
Female - Male,X2hrs,-69.48348962233683,18.7393615903589,18.0,-3.7078899026146637,0.0016101152912655434,Angiopoietin-related protein 6,0.02334890271604505,True
Female - Male,X3min,-34.30234662315678,43.59934746644442,18.0,-0.786762844319105,0.4416568881226296,72 kDa type IV collagenase,0.6078292769708984,False
Female - Male,X1hr,-50.60647826776452,38.806238552315385,18.0,-1.3040809971711385,0.20863683033274077,72 kDa type IV collagenase,0.3983066760897778,False
Female - Male,X2hrs,-93.64705561397805,32.48739974646559,18.0,-2.8825654359784894,0.009911434247263609,72 kDa type IV collagenase,0.07104449561889502,False
Female - Male,X3min,588.7515930175753,106.83014530632141,18.0,5.511099805484748,3.1139782233887515e-05,Trypsin-3,0.003268025051401966,True
Female - Male,X1hr,8089.639832108429,7577.826685238973,18.0,1.067540888453734,0.299836873605077,Trypsin-3,0.4849995269972159,False
Female - Male,X2hrs,429.15827942088066,121.24677672101666,18.0,3.53954382151003,0.002341729316769645,Trypsin-3,0.02934715611500023,True
Female - Male,X3min,-0.04555664062400943,181.12838261405872,18.0,-0.000251515747927147,0.9998020860244827,Complement component C9,0.9999699591034942,False
Female - Male,X1hr,101.34440841969887,188.7238606769957,18.0,0.5369983851334604,0.5978446893994038,Complement component C9,0.7396900058333389,False
Female - Male,X2hrs,-22.25551217677048,163.61074987597476,18.0,-0.13602719988534548,0.8933095394775499,Complement component C9,0.937341677480157,False
Female - Male,X3min,-80.84889297485351,81.00056048489078,18.0,-0.9981275745608506,0.3314473035166474,Pyruvate kinase PKM,0.5197468311451766,False
Female - Male,X1hr,23.894450069404126,35.29934781434398,18.0,0.6769091087766373,0.5070703732109432,Pyruvate kinase PKM,0.6660924429161502,False
Female - Male,X2hrs,-53.23809165600637,26.007715913968457,18.0,-2.0470114266133144,0.05554200953446271,Pyruvate kinase PKM,0.1817100690874843,False
Female - Male,X3min,-190.751287841796,105.46381057288096,18.0,-1.8086895097534617,0.08723507258132704,Immunoglobulin heavy variable 4-34,0.23699878110381506,False
Female - Male,X1hr,-80.49266798144004,93.47918694432848,18.0,-0.8610758246044378,0.40052146829936475,Immunoglobulin heavy variable 4-34,0.5694513831081545,False
Female - Male,X2hrs,-190.07653352330183,93.36525866919955,18.0,-2.035837914793959,0.05675792267059474,Immunoglobulin heavy variable 4-34,0.18299131085083867,False
Female - Male,X3min,173.7006977735204,98.01917025568528,18.0,1.7721094487988227,0.09330278338481979,Immunoglobulin kappa variable 6D-21,0.245750043016966,False
Female - Male,X1hr,-5.044886091987834,122.8791893075319,18.0,-0.04105565898031691,0.9677034934681868,Immunoglobulin kappa variable 6D-21,0.982241168419048,False
Female - Male,X2hrs,109.07199076421391,116.71577871954668,18.0,0.9345093864840689,0.362409464306219,Immunoglobulin kappa variable 6D-21,0.5441394275670187,False
Female - Male,X3min,-12465.266406249964,11084.018452164259,18.0,-1.1246161723788906,0.2755256671036167,Immunoglobulin lambda-1 light chain,0.4608900825393115,False
Female - Male,X1hr,-26683.90693047976,9173.728559147165,18.0,-2.9087308130425464,0.009367031932149762,Immunoglobulin lambda-1 light chain,0.068987524277539,False
Female - Male,X2hrs,-17285.10986478622,12209.430793509227,18.0,-1.4157179115979202,0.17392885322958926,Immunoglobulin lambda-1 light chain,0.35756699860610475,False
Female - Male,X3min,-183.11301269531177,95.73817018710052,18.0,-1.9126437484386334,0.07184030747128928,Transforming growth factor-beta-induced protein ig-h3,0.210641203415818,False
Female - Male,X1hr,-261.8221183880516,82.21457082664367,18.0,-3.18461941424137,0.005133084734297459,Transforming growth factor-beta-induced protein ig-h3,0.046108749578602615,True
Female - Male,X2hrs,-217.53121726640484,79.99333956577665,18.0,-2.7193666178611533,0.014060744013136207,Transforming growth factor-beta-induced protein ig-h3,0.08340797719945563,False
Female - Male,X3min,-294.822869873046,131.76710286369956,18.0,-2.23745429219926,0.038143471492063215,Complement C1q subcomponent subunit A,0.1421461743373291,False
Female - Male,X1hr,-225.23898612197712,128.14098537106722,18.0,-1.7577435156264494,0.09578438695093457,Complement C1q subcomponent subunit A,0.2493282032190156,False
Female - Male,X2hrs,-241.7751990882766,124.8441866745617,18.0,-1.9366155968361225,0.06865200650888498,Complement C1q subcomponent subunit A,0.20422575148505415,False
Female - Male,X3min,-9.649887084960922,31.755305041571916,18.0,-0.30388267636944244,0.7647020759940879,Prolow-density lipoprotein receptor-related protein 1,0.8575961337632122,False
Female - Male,X1hr,36.070745660094886,56.158924070019765,18.0,0.6422976625250397,0.5287764614245078,Prolow-density lipoprotein receptor-related protein 1,0.6871170574344524,False
Female - Male,X2hrs,-25.246168898655846,28.80159732675603,18.0,-0.8765544706509291,0.3922771363001698,Prolow-density lipoprotein receptor-related protein 1,0.5639210636544532,False
Female - Male,X3min,1864.9786132812496,3592.750103295677,18.0,0.5190949995577149,0.6100183352454995,Immunoglobulin heavy constant mu,0.7475756728427967,False
Female - Male,X1hr,1228.1959766853508,3978.138729598371,18.0,0.30873633630402536,0.7610668597592622,Immunoglobulin heavy constant mu,0.8552668315131262,False
Female - Male,X2hrs,2233.718217611936,3890.185978113204,18.0,0.5741931697299781,0.5729433892191127,Immunoglobulin heavy constant mu,0.7151437966638564,False
Female - Male,X3min,-757.6727241971902,567.4106579205416,18.0,-1.3353163420897398,0.19841502485165766,UV-stimulated scaffold protein A,0.387357975652608,False
Female - Male,X1hr,-646.7733576655849,353.5607485436082,18.0,-1.8293132377668664,0.08396860073547313,UV-stimulated scaffold protein A,0.23068702367289814,False
Female - Male,X2hrs,-967.6393291944362,542.5182431638433,18.0,-1.7836069872072562,0.09135716039965107,UV-stimulated scaffold protein A,0.24351462651982464,False
Female - Male,X3min,-162.64533691406115,445.1053321928232,18.0,-0.3654086463372267,0.7190649868562042,Complement component C6,0.8259686691921022,False
Female - Male,X1hr,-148.97253332573996,452.33950246781797,18.0,-0.32933788119983776,0.7457016138712502,Complement component C6,0.8411779668106282,False
Female - Male,X2hrs,-217.53762431663108,364.2558082085176,18.0,-0.5972111340832815,0.5578049216561664,Complement component C6,0.7076153863295367,False
Female - Male,X3min,8019.089697265631,2082.0127469485024,18.0,3.851604515399242,0.0011689257186885628,Angiotensinogen,0.020186296207780036,True
Female - Male,X1hr,5213.01359213091,1947.0357216412688,18.0,2.6774103495833965,0.015370901163412174,Angiotensinogen,0.08739234177648468,False
Female - Male,X2hrs,6945.496745353477,2066.0793756347794,18.0,3.3616795304486073,0.0034740202293167648,Angiotensinogen,0.036232398901733236,True
Female - Male,X3min,6358.746835327147,2129.2440744105043,18.0,2.9863870054857893,0.007916219819043712,Pregnancy zone protein,0.06150902799396964,False
Female - Male,X1hr,4370.400477752894,2650.511387941216,18.0,1.6488895303889268,0.1165131582400764,Pregnancy zone protein,0.28027244511127525,False
Female - Male,X2hrs,5112.109158635007,2219.342574500105,18.0,2.30343400670646,0.03339517956916639,Pregnancy zone protein,0.13272662161249252,False
Female - Male,X3min,38.10016555786185,103.0402658393435,18.0,0.3697599695372117,0.7158758187842773,Histone H2A type 1-B/E;Histone H2A type 3;Histone H2A type 1-C,0.8258879156575849,False
Female - Male,X1hr,339.1502465997573,261.32038742844406,18.0,1.2978330926921076,0.2107303601698913,Histone H2A type 1-B/E;Histone H2A type 3;Histone H2A type 1-C,0.4010617725893229,False
Female - Male,X2hrs,150.10177946747393,73.91250431068477,18.0,2.0308035949713488,0.05731357050183768,Histone H2A type 1-B/E;Histone H2A type 3;Histone H2A type 1-C,0.18419923913403036,False
Female - Male,X3min,15.171654891967655,51.15685965522394,18.0,0.2965712710713349,0.770188666865824,Desmocollin-1,0.8593241133596762,False
Female - Male,X1hr,68.61213877648767,73.22030769402728,18.0,0.9370643327969037,0.3611291889820565,Desmocollin-1,0.5432669503176338,False
Female - Male,X2hrs,-21.54980315822381,33.447112266346195,18.0,-0.6442948792295825,0.5275101049222444,Desmocollin-1,0.6871170574344524,False
Female - Male,X3min,54.10874328613305,85.83636711680916,18.0,0.6303708451745164,0.536373608976981,Protein Z-dependent protease inhibitor,0.6934480768304729,False
Female - Male,X1hr,43.24478720428364,81.72101329217412,18.0,0.5291758565165137,0.6031489995314532,Protein Z-dependent protease inhibitor,0.7432013121306553,False
Female - Male,X2hrs,18.523429052235663,94.24137694578945,18.0,0.19655303914851446,0.8463794779634553,Protein Z-dependent protease inhibitor,0.907145490459571,False
Female - Male,X3min,-267.01925964355576,156.50261321196498,18.0,-1.706164863087037,0.10517166357498385,Immunoglobulin kappa variable 1-17,0.264795782498333,False
Female - Male,X1hr,-398.62092213200384,149.3790489340246,18.0,-2.66851961487625,0.015663111039590963,Immunoglobulin kappa variable 1-17,0.08787174929792187,False
Female - Male,X2hrs,-308.5600411737406,145.36432958845305,18.0,-2.1226668333787093,0.04791048627061032,Immunoglobulin kappa variable 1-17,0.16768670194713614,False
Female - Male,X3min,-1091.3927459716797,487.7401208165806,18.0,-2.2376521827740072,0.03812834218560025,Fibronectin,0.1421461743373291,False
Female - Male,X1hr,-542.1351547051596,549.0625786338593,18.0,-0.9873831796260163,0.33654247870325993,Fibronectin,0.5245606939868264,False
Female - Male,X2hrs,-1417.5047035602265,1486.8386793542759,18.0,-0.9533681920192172,0.35303195002107357,Fibronectin,0.5362772730525399,False
Female - Male,X3min,-435.5809204101562,294.34048232220516,18.0,-1.4798539330153697,0.15620218269752778,Probable non-functional immunoglobulin heavy variable 3-38,0.3371363776554974,False
Female - Male,X1hr,-476.9822116236534,229.80954895118367,18.0,-2.075554361428969,0.052542102349872,Probable non-functional immunoglobulin heavy variable 3-38,0.17773620421054168,False
Female - Male,X2hrs,-687.4729705418575,282.1951103414267,18.0,-2.436161880020128,0.025460391599400025,Probable non-functional immunoglobulin heavy variable 3-38,0.11501583879496406,False
Female - Male,X3min,-27.137167938986636,11.6450823144041,18.0,-2.330354325226193,0.0316201048695053,Nucleoside diphosphate kinase 3,0.12965077300055733,False
Female - Male,X1hr,-29.79128632604252,17.92906331114403,18.0,-1.6616197850963792,0.11390589392220082,Nucleoside diphosphate kinase 3,0.2764900911641003,False
Female - Male,X2hrs,-10.03291787764727,10.516905599939827,18.0,-0.9539800259978252,0.3527305283412032,Nucleoside diphosphate kinase 3,0.5362772730525399,False
Female - Male,X3min,-625.0773437500054,2266.5098692059983,18.0,-0.275788494125985,0.7858517724094861,Plasma protease C1 inhibitor,0.8716728439145907,False
Female - Male,X1hr,-2030.6237275827218,2500.936575457098,18.0,-0.811945311812469,0.4274307301379725,Plasma protease C1 inhibitor,0.5946925096940274,False
Female - Male,X2hrs,2.1721938967451706,1919.407394138171,18.0,0.001131700285921063,0.9991094821833101,Plasma protease C1 inhibitor,0.9999699591034942,False
Female - Male,X3min,97.26674041748142,142.781639897298,18.0,0.6812272256254013,0.5043983523494605,Immunoglobulin kappa variable 1-16,0.6631834138956535,False
Female - Male,X1hr,46.03759779201245,171.03182209239372,18.0,0.2691756260840296,0.7908557721319346,Immunoglobulin kappa variable 1-16,0.8747258860448586,False
Female - Male,X2hrs,-81.42001142647338,179.58880803138086,18.0,-0.4533690730451659,0.6557009660398372,Immunoglobulin kappa variable 1-16,0.7778032801348279,False
Female - Male,X3min,-56.14689918705722,46.45164687906101,18.0,-1.2087170845252968,0.24241080497172818,F-actin-capping protein subunit alpha-1,0.4342667439142939,False
Female - Male,X1hr,26.521183777817033,37.38471620044511,18.0,0.7094124678015147,0.4871569753774111,F-actin-capping protein subunit alpha-1,0.6503796733131416,False
Female - Male,X2hrs,10.280084005287593,18.545711029669043,18.0,0.5543105890543495,0.5861880541960368,F-actin-capping protein subunit alpha-1,0.728748988976513,False
Female - Male,X3min,-1.4611190795899707,53.644621063102974,18.0,-0.02723700998598227,0.9785704012967031,Cathepsin D,0.9865850184224003,False
Female - Male,X1hr,198.43991547216274,152.1510197853084,18.0,1.3042299404379278,0.2085871230790809,Cathepsin D,0.3983066760897778,False
Female - Male,X2hrs,59.40973977025283,32.146796093326195,18.0,1.8480765423023455,0.08109057133747741,Cathepsin D,0.22744937436269008,False
Female - Male,X3min,-185.19004135131829,58.469777186788924,18.0,-3.167278041093022,0.005332316300209924,Anthrax toxin receptor 2,0.0476231007501507,True
Female - Male,X1hr,-79.13199119200355,24.811413205163717,18.0,-3.189338331423005,0.005080143034207044,Anthrax toxin receptor 2,0.046108749578602615,True
Female - Male,X2hrs,-169.65845829228388,60.759883792424176,18.0,-2.792277530877004,0.012034162917126189,Anthrax toxin receptor 2,0.07739492096163435,False
Female - Male,X3min,-24.75494842529277,23.56142533656522,18.0,-1.050655810150641,0.3073186530989569,Talin-1,0.49320746709380714,False
Female - Male,X1hr,-42.44605833331097,28.733914418055914,18.0,-1.4772111350982022,0.1569021450610257,Talin-1,0.337709049064867,False
Female - Male,X2hrs,-53.31791222344596,19.396012364333014,18.0,-2.7489110246955364,0.013202979813202596,Talin-1,0.08077728594376707,False
Female - Male,X3min,-11.531710052490213,23.210686991155384,18.0,-0.4968276060456316,0.6253239894570397,Protein disulfide-isomerase,0.7579980340220279,False
Female - Male,X1hr,41.44406113766705,46.46476463101937,18.0,0.8919460039618805,0.38419071654908654,Protein disulfide-isomerase,0.558448499406299,False
Female - Male,X2hrs,-20.943867545836707,23.14779087195429,18.0,-0.9047890427942373,0.37752851123536957,Protein disulfide-isomerase,0.553993679376548,False
Female - Male,X3min,111.43691101074205,119.88892108062475,18.0,0.929501325112445,0.3649279259461635,Junction plakoglobin,0.5444240177251258,False
Female - Male,X1hr,206.56301592009294,165.12122394387907,18.0,1.2509779844552205,0.22695895088397985,Junction plakoglobin,0.41689622892872896,False
Female - Male,X2hrs,119.14976546580493,106.77315416631838,18.0,1.115915010623436,0.2791349043338744,Junction plakoglobin,0.465924426782858,False
Female - Male,X3min,-180.43985595703103,94.82773241105546,18.0,-1.9028173654397593,0.07318480891809755,Tenascin,0.2133755967330649,False
Female - Male,X1hr,-235.55647884460382,78.8078884692903,18.0,-2.9889961959378595,0.007871466242117642,Tenascin,0.06146863588065736,False
Female - Male,X2hrs,-298.0675666292188,96.61628458754693,18.0,-3.085065503208528,0.006384431928465497,Tenascin,0.054513226466128474,False
Female - Male,X3min,-18.305851662517934,15.398219560303357,18.0,-1.1888291104583584,0.24995485707495907,Cadherin-related family member 5,0.44391982616512726,False
Female - Male,X1hr,-11.49935471189586,20.070949585639948,18.0,-0.5729352596313251,0.573776757113482,Cadherin-related family member 5,0.7156092139280505,False
Female - Male,X2hrs,-36.378949265958035,18.109649414364778,18.0,-2.0088157663119555,0.05979831579810414,Cadherin-related family member 5,0.18887516819157285,False
Female - Male,X3min,-49.16601562499978,740.4220195012315,18.0,-0.06640269242413854,0.9477892159114072,Kininogen-1,0.972180963400366,False
Female - Male,X1hr,-575.3487684994681,705.9305090803851,18.0,-0.8150218202765797,0.4257127843827744,Kininogen-1,0.5938578697763298,False
Female - Male,X2hrs,-599.8045514740754,695.7583803037743,18.0,-0.8620874264025328,0.3999792337030572,Kininogen-1,0.5692012171928121,False
Female - Male,X3min,-351.61381835937794,931.1795672318082,18.0,-0.3776004443532287,0.710142978128,Alpha-1-antichymotrypsin,0.8229397375174585,False
Female - Male,X1hr,-84.70253720905113,732.022972552073,18.0,-0.1157102172815017,0.9091633252406046,Alpha-1-antichymotrypsin,0.9477607985335393,False
Female - Male,X2hrs,-951.4852870288722,706.036900282275,18.0,-1.347642434338016,0.1944922008444995,Alpha-1-antichymotrypsin,0.38258339254728135,False
Female - Male,X3min,-77.05681533813485,29.512922981325097,18.0,-2.6109516630018015,0.017687170252242368,Integrin alpha-IIb,0.09445313598620152,False
Female - Male,X1hr,-23.72206350235841,31.263580893527696,18.0,-0.7587762765611229,0.45780788035272846,Integrin alpha-IIb,0.62297149393007,False
Female - Male,X2hrs,-62.29190763385925,15.046421887678358,18.0,-4.13998145863972,0.0006150225994934038,Integrin alpha-IIb,0.0132742377723993,True
Female - Male,X3min,-1103.33304748535,719.3374040598651,18.0,-1.533818540865877,0.14246327451570154,Serum amyloid P-component,0.3158173018507848,False
Female - Male,X1hr,-963.143711852537,851.8555219853371,18.0,-1.1306420948094946,0.2730464402046548,Serum amyloid P-component,0.4595772488132356,False
Female - Male,X2hrs,-954.0590045899671,876.4921336672004,18.0,-1.088496939040663,0.290735711061136,Serum amyloid P-component,0.4780987248560903,False
Female - Male,X3min,731.243261718755,3105.9797630168746,18.0,0.23543078754914032,0.8165321316268515,Inter-alpha-trypsin inhibitor heavy chain H1,0.8879572656040078,False
Female - Male,X1hr,559.0594394689123,2832.7456359280905,18.0,0.19735603238719598,0.8457604056447089,Inter-alpha-trypsin inhibitor heavy chain H1,0.907145490459571,False
Female - Male,X2hrs,-276.07712210981487,3065.2587724690743,18.0,-0.09006649767694294,0.9292290194241621,Inter-alpha-trypsin inhibitor heavy chain H1,0.9610738743085769,False
Female - Male,X3min,-16.35820617675735,126.76296795210206,18.0,-0.12904562303194392,0.8987525548802218,Probable non-functional immunoglobulin heavy variable 3-35,0.9411465433179681,False
Female - Male,X1hr,54.32874130267555,80.67672850416334,18.0,0.6734127958581254,0.5092397675149534,Probable non-functional immunoglobulin heavy variable 3-35,0.667813163475306,False
Female - Male,X2hrs,26.817356740195436,117.37593504058904,18.0,0.2284740626851824,0.8218532344331055,Probable non-functional immunoglobulin heavy variable 3-35,0.8912490762798646,False
Female - Male,X3min,-309.661080932617,195.51985613117753,18.0,-1.5837832896361186,0.1306544836062281,Immunoglobulin kappa variable 1-5,0.29990704213305536,False
Female - Male,X1hr,-316.18853965849775,178.04335158659705,18.0,-1.7759075912739677,0.09265610575433664,Immunoglobulin kappa variable 1-5,0.2448768509221754,False
Female - Male,X2hrs,-328.46983300494975,199.80270368846246,18.0,-1.6439709120108226,0.11753406729433954,Immunoglobulin kappa variable 1-5,0.28078444840729716,False
Female - Male,X3min,15.798603820800784,177.31882530195006,18.0,0.08909716040526375,0.9299885533779848,Band 3 anion transport protein,0.9610738743085769,False
Female - Male,X1hr,-166.14673462577136,68.04820308754132,18.0,-2.4416035558210134,0.025176173968250927,Band 3 anion transport protein,0.11501583879496406,False
Female - Male,X2hrs,-133.00287792972327,69.80667470330486,18.0,-1.9053031604071882,0.07284259510143398,Band 3 anion transport protein,0.21277705411208347,False
Female - Male,X3min,-137.78556684672128,140.26729236277117,18.0,-0.9823071688756104,0.33896853236805424,Immunoglobulin lambda variable 7-43,0.5278127247494552,False
Female - Male,X1hr,-80.70653610458555,77.16171417105684,18.0,-1.0459401656846339,0.30943192635449107,Immunoglobulin lambda variable 7-43,0.4947634527289119,False
Female - Male,X2hrs,-205.9024761612415,148.2733747364571,18.0,-1.3886679016189865,0.18187919653043816,Immunoglobulin lambda variable 7-43,0.3654972915107218,False
Female - Male,X3min,11.73095245361296,130.27659046444296,18.0,0.09004651113290187,0.9292446793776479,Peroxiredoxin-1,0.9610738743085769,False
Female - Male,X1hr,257.59006126133403,125.20242425222719,18.0,2.0573887670290203,0.05443386479722013,Peroxiredoxin-1,0.1798791328710253,False
Female - Male,X2hrs,131.38666903112335,77.55913783028731,18.0,1.6940192053013778,0.10749412638247562,Peroxiredoxin-1,0.2694288264489792,False
Female - Male,X3min,-29.35200327260025,12.968641197532078,18.0,-2.263305987537531,0.036213244421073015,Matrix metalloproteinase-9,0.14033761054949492,False
Female - Male,X1hr,-22.799455994448557,7.910611850046607,18.0,-2.8821355954045744,0.009920627766602456,Matrix metalloproteinase-9,0.07104449561889502,False
Female - Male,X2hrs,-33.45542410433711,19.626968444557104,18.0,-1.7045640134819129,0.10547528273260498,Matrix metalloproteinase-9,0.264795782498333,False
Female - Male,X3min,-35.650568976466104,18.56162792472524,18.0,-1.9206596059916348,0.0707598280648177,Multimerin-2,0.20905089888351086,False
Female - Male,X1hr,-46.526050036010076,15.150603653885943,18.0,-3.0709040444125617,0.006585048687531584,Multimerin-2,0.05531440897526531,False
Female - Male,X2hrs,-86.46205235794996,19.77085278387295,18.0,-4.373208040296416,0.0003665608597162876,Multimerin-2,0.010120805411813582,True
Female - Male,X3min,-172.9744514465332,68.28270305681829,18.0,-2.5332103695807198,0.0208171717738657,Immunoglobulin heavy variable 1-3,0.103685528642908,False
Female - Male,X1hr,-170.5822386899527,73.91759645920736,18.0,-2.307735192446244,0.03310549500362507,Immunoglobulin heavy variable 1-3,0.1319126647067522,False
Female - Male,X2hrs,-192.3102770676298,75.77127701129703,18.0,-2.5380366367450495,0.020608509664782147,Immunoglobulin heavy variable 1-3,0.10364279617822478,False
Female - Male,X3min,10.306308810206621,14.605936167365948,18.0,0.7056246646643584,0.48945379049704496,Podocalyxin,0.6517662300192012,False
Female - Male,X1hr,9.801844546306365,12.322135958937892,18.0,0.7954663525033233,0.4367070804206765,Podocalyxin,0.6032380470877612,False
Female - Male,X2hrs,-0.8730630875244735,11.29562023426437,18.0,-0.07729217780145492,0.9392437969370626,Podocalyxin,0.9673288022563774,False
Female - Male,X3min,117.28553771972668,75.00088433177908,18.0,1.5637887308220833,0.13527756906479352,Immunoglobulin lambda variable 1-51,0.30599904268804823,False
Female - Male,X1hr,-6.326232713585679,87.5299120488386,18.0,-0.07227509505614337,0.9431800262114888,Immunoglobulin lambda variable 1-51,0.96937947138403,False
Female - Male,X2hrs,156.70479483995194,83.11622746671195,18.0,1.8853694352611494,0.07562720770625353,Immunoglobulin lambda variable 1-51,0.2180420793608868,False
Female - Male,X3min,-62.31696243286112,29.76802350643204,18.0,-2.0934195520033825,0.050739941240224684,Cadherin-13,0.17367812486191445,False
Female - Male,X1hr,-39.15096708749893,31.623413264536634,18.0,-1.2380373604832815,0.2316074891596268,Cadherin-13,0.4230955764858379,False
Female - Male,X2hrs,-57.11382452647933,28.042781820018856,18.0,-2.0366675778830032,0.056666818977375195,Cadherin-13,0.18299131085083867,False
Female - Male,X3min,-69.14219818115232,49.866311175877314,18.0,-1.3865512918589347,0.182513448013076,Plastin-2,0.3654972915107218,False
Female - Male,X1hr,-33.54015225219792,18.102141887974497,18.0,-1.852827828870301,0.0803757072606175,Plastin-2,0.22627508891847753,False
Female - Male,X2hrs,-78.20440977310653,33.33823768193882,18.0,-2.34578715645411,0.030642446589162122,Plastin-2,0.1273218235282298,False
Female - Male,X3min,485.2475341796906,598.0393790282029,18.0,0.8113972945530846,0.4277372063695071,Inter-alpha-trypsin inhibitor heavy chain H4,0.5946925096940274,False
Female - Male,X1hr,697.4285971431815,420.03938171776366,18.0,1.6603885909245613,0.11415585854104555,Inter-alpha-trypsin inhibitor heavy chain H4,0.2764900911641003,False
Female - Male,X2hrs,599.5503176008343,597.1378611289643,18.0,1.0040400326773937,0.3286667061849444,Inter-alpha-trypsin inhibitor heavy chain H4,0.5164287779690634,False
Female - Male,X3min,-35.93094997039071,15.140090503841458,18.0,-2.3732321785840074,0.028973024031385457,Fructose-bisphosphate aldolase B,0.12332261432984905,False
Female - Male,X1hr,114.46505521968861,130.15043238840556,18.0,0.8794827118060786,0.3907301202095437,Fructose-bisphosphate aldolase B,0.5627382824889999,False
Female - Male,X2hrs,535.7207115086333,556.0237702096467,18.0,0.9634852684564937,0.3480704423258213,Fructose-bisphosphate aldolase B,0.5329904257747016,False
Female - Male,X3min,-354.2418182373041,153.4792910672008,18.0,-2.3080756744061293,0.033082663421495725,Mannan-binding lectin serine protease 2,0.1319126647067522,False
Female - Male,X1hr,-302.50418508948485,87.68020303305201,18.0,-3.450085362775136,0.002856201744798711,Mannan-binding lectin serine protease 2,0.032878055640127385,True
Female - Male,X2hrs,-362.2514455465411,123.34265436512914,18.0,-2.93695191992686,0.008812268007797814,Mannan-binding lectin serine protease 2,0.06574524107754993,False
Female - Male,X3min,-50.355810546874935,30.10672723452384,18.0,-1.672576702031271,0.11170187692892367,Platelet glycoprotein 4,0.2746593619423218,False
Female - Male,X1hr,-57.96858857395761,25.854496690616326,18.0,-2.242108568874088,0.03778910015982075,Platelet glycoprotein 4,0.1418460426288924,False
Female - Male,X2hrs,-77.20921905178085,14.10366989107561,18.0,-5.474406282058302,3.3647619576854216e-05,Platelet glycoprotein 4,0.003268025051401966,True
Female - Male,X3min,-432.55180664062345,2261.800184484668,18.0,-0.19124227224306142,0.850476417112568,Hemoglobin subunit alpha,0.9096281729320436,False
Female - Male,X1hr,-1603.1132140208965,1775.5119980198147,18.0,-0.902901932405306,0.3785025642917573,Hemoglobin subunit alpha,0.5546936509916142,False
Female - Male,X2hrs,-410.63386261894806,2199.376502352714,18.0,-0.18670466933682586,0.853980385329733,Hemoglobin subunit alpha,0.911271812310969,False
Female - Male,X3min,-52.115427398681994,89.57635088965196,18.0,-0.5817989556516135,0.5679178579928381,Immunoglobulin lambda variable 3-10,0.7123037540927123,False
Female - Male,X1hr,-37.98689422380391,92.14591434929343,18.0,-0.4122471896020118,0.6850264135837689,Immunoglobulin lambda variable 3-10,0.8034196578937184,False
Female - Male,X2hrs,71.24678145801242,56.79399773778292,18.0,1.2544773091508332,0.22571439727616655,Immunoglobulin lambda variable 3-10,0.41646916158419206,False
Female - Male,X3min,-46.32602844238299,57.52631786694112,18.0,-0.8053014717461233,0.43115562189716905,Serum paraoxonase/lactonase 3,0.5982284253823221,False
Female - Male,X1hr,-17.171183072645825,49.98227652058068,18.0,-0.34354543786286773,0.7351683366400072,Serum paraoxonase/lactonase 3,0.8345154091589272,False
Female - Male,X2hrs,-76.18171579992024,61.742636921015844,18.0,-1.2338591223011022,0.23312396660104448,Serum paraoxonase/lactonase 3,0.4252049813357079,False
Female - Male,X3min,142.13144969940146,134.32196050329975,18.0,1.0581400775185221,0.3039859687177839,Dopamine beta-hydroxylase,0.48952766361392347,False
Female - Male,X1hr,103.90615567473318,121.28119509546416,18.0,0.8567375642443616,0.402852275778963,Dopamine beta-hydroxylase,0.5707844232252077,False
Female - Male,X2hrs,156.74094417338046,118.17103762315091,18.0,1.326390521112538,0.2012946886024445,Dopamine beta-hydroxylase,0.39052677414257025,False
Female - Male,X3min,-8.280199638446444,28.372991175572462,18.0,-0.2918338636631032,0.7737503870159232,Triosephosphate isomerase,0.8617172971717547,False
Female - Male,X1hr,32.072709103249906,29.603803216523822,18.0,1.083398267062795,0.2929312946407926,Triosephosphate isomerase,0.47832658005067497,False
Female - Male,X2hrs,61.262416371936126,67.52257966653198,18.0,0.9072878535519171,0.3762413038591452,Triosephosphate isomerase,0.5531937405831323,False
Female - Male,X3min,-54.44815216064496,117.80952634250315,18.0,-0.4621710472067422,0.6494960521532666,Endoplasmic reticulum chaperone BiP,0.7734228850928554,False
Female - Male,X1hr,66.30047291893263,73.13592132002354,18.0,0.9065377412669652,0.37662739867242856,Endoplasmic reticulum chaperone BiP,0.5531937405831323,False
Female - Male,X2hrs,44.39661530058181,104.32054947053845,18.0,0.4255788099843168,0.6754597047373193,Endoplasmic reticulum chaperone BiP,0.795756770209527,False
Female - Male,X3min,8.784924890195963,29.08134269096603,18.0,0.30208113096940864,0.7660528067725775,Suprabasin,0.8580601829555681,False
Female - Male,X1hr,22.522974464133284,32.221870243440776,18.0,0.6989964981538637,0.49348810307918556,Suprabasin,0.6554534292179951,False
Female - Male,X2hrs,-15.10917591483711,12.001375657154693,18.0,-1.2589536688512606,0.22413006908346558,Suprabasin,0.41513483594243805,False
Female - Male,X3min,-1399.7451904296886,1215.4349109790824,18.0,-1.1516414229883662,0.26453617516365874,Immunoglobulin kappa variable 3-20,0.45374085673766634,False
Female - Male,X1hr,-242.2333113377278,977.1662701880631,18.0,-0.24789364791634505,0.8070225401231306,Immunoglobulin kappa variable 3-20,0.8818387099699269,False
Female - Male,X2hrs,-1732.2447064851142,1245.9817125415782,18.0,-1.3902649525663158,0.1814018081477536,Immunoglobulin kappa variable 3-20,0.3654972915107218,False
Female - Male,X3min,-2.930202865600555,19.718209433350015,18.0,-0.14860390216997152,0.8835183522615399,Ficolin-1,0.9298634585265357,False
Female - Male,X1hr,-7.746449309625096,21.25567692173453,18.0,-0.36444143078332797,0.719774601895614,Ficolin-1,0.8259686691921022,False
Female - Male,X2hrs,-16.455753858484066,24.35318771535344,18.0,-0.6757125207107715,0.5078122394054707,Ficolin-1,0.6665035642196804,False
Female - Male,X3min,17.69876242319921,14.22938823404361,18.0,1.2438175227277284,0.22952214324854886,Autotaxin,0.42011473569875724,False
Female - Male,X1hr,-15.88447590438471,17.73302664304692,18.0,-0.8957566141487177,0.3822058970279034,Autotaxin,0.5566522624005267,False
Female - Male,X2hrs,-34.268126077099794,38.83974336995259,18.0,-0.8822953784913646,0.3892479547615819,Autotaxin,0.5621666558545523,False
Female - Male,X3min,15.906226325580922,14.981325749040218,18.0,1.061736897790902,0.302393630485317,Histidine ammonia-lyase,0.4874685703051687,False
Female - Male,X1hr,53.02747955216211,33.347592991187504,18.0,1.590144139223939,0.12921189571982467,Histidine ammonia-lyase,0.29913525058762364,False
Female - Male,X2hrs,3.067201767824699,12.676593808801007,18.0,0.24195788033337678,0.8115479754001695,Histidine ammonia-lyase,0.8841547050541733,False
Female - Male,X3min,-28.261855617174284,19.511604328298656,18.0,-1.4484639572249167,0.16468375610576955,Noelin,0.34490371561774374,False
Female - Male,X1hr,-29.2232755073955,17.26680543557092,18.0,-1.6924540915480144,0.10779658499835179,Noelin,0.26975184072051317,False
Female - Male,X2hrs,-57.216689311538566,18.893306253242255,18.0,-3.0284106203867673,0.007224569463739977,Noelin,0.0587123402218742,False
Female - Male,X3min,-122.48059692382903,107.85144644327787,18.0,-1.1356416716047015,0.2710020745052351,Prenylcysteine oxidase 1,0.4595772488132356,False
Female - Male,X1hr,-195.691665386334,87.22142663998213,18.0,-2.243619176215461,0.03767473839286781,Prenylcysteine oxidase 1,0.1418460426288924,False
Female - Male,X2hrs,-272.97259889609643,102.18848553259755,18.0,-2.6712657250314145,0.01557229457140727,Prenylcysteine oxidase 1,0.08787174929792187,False
Female - Male,X3min,496.8740592956538,345.6345925337077,18.0,1.4375703995750848,0.1677137707278962,Immunoglobulin delta heavy chain,0.3503053759558477,False
Female - Male,X1hr,1031.3476432683067,496.5455104616894,18.0,2.077045550788198,0.05238948701880023,Immunoglobulin delta heavy chain,0.17773620421054168,False
Female - Male,X2hrs,395.5497581682118,440.5335428544056,18.0,0.8978879465233802,0.3810987373004877,Immunoglobulin delta heavy chain,0.5560821011877539,False
Female - Male,X3min,-16.10683593749846,603.7804823328092,18.0,-0.026676642271156136,0.9790111771830341,Antithrombin-III,0.9865850184224003,False
Female - Male,X1hr,196.67479602398546,517.0085535489586,18.0,0.38040917248646866,0.7080935786775007,Antithrombin-III,0.821790456508466,False
Female - Male,X2hrs,-417.6001019457588,930.5235364306226,18.0,-0.44877973054569154,0.6589464983981403,Antithrombin-III,0.780489983620968,False
Female - Male,X3min,-536.9436523437525,634.4416292268517,18.0,-0.8463247485794511,0.40848265099494685,Complement component C7,0.5752924241922444,False
Female - Male,X1hr,-641.412026506946,593.0331251444378,18.0,-1.0815787505136836,0.2937177293382085,Complement component C7,0.478947902824319,False
Female - Male,X2hrs,-491.14263216920125,484.53205309209454,18.0,-1.0136432234666841,0.3241854312023209,Complement component C7,0.5109372820369237,False
Female - Male,X3min,-49.33186894143086,17.942933902268162,18.0,-2.7493758384293456,0.013189893786902015,BOS complex subunit NOMO3;BOS complex subunit NOMO1;BOS complex subunit NOMO2,0.08077728594376707,False
Female - Male,X1hr,-38.682357597929204,11.460608405313682,18.0,-3.3752446842171335,0.003371301417993179,BOS complex subunit NOMO3;BOS complex subunit NOMO1;BOS complex subunit NOMO2,0.03593999034278631,True
Female - Male,X2hrs,-15.76685253944693,26.085523273002778,18.0,-0.6044292220798515,0.5531015430605668,BOS complex subunit NOMO3;BOS complex subunit NOMO1;BOS complex subunit NOMO2,0.7062062443699174,False
Female - Male,X3min,-36.0284240488068,102.04685438192985,18.0,-0.35305766421729706,0.7281460463797058,Cofilin-1,0.8307921850764044,False
Female - Male,X1hr,89.20815144013565,45.7563097957761,18.0,1.9496360575907004,0.06697362330190737,Cofilin-1,0.20287916298472525,False
Female - Male,X2hrs,55.38073297527951,22.94182678545851,18.0,2.413963521439458,0.02665126050639466,Cofilin-1,0.11765925803107187,False
Female - Male,X3min,109.62465119035873,82.75871980958178,18.0,1.3246296153757857,0.2018666827107994,Histone H4,0.3906610522199032,False
Female - Male,X1hr,105.47824628333801,52.32100682358291,18.0,2.0159827321173656,0.05897795914811052,Histone H4,0.18819660886275924,False
Female - Male,X2hrs,93.55683211941462,41.72534378320158,18.0,2.242206381941906,0.03778168545898205,Histone H4,0.1418460426288924,False
Female - Male,X3min,1071.6039978027338,580.1418165192298,18.0,1.8471414528127084,0.08123191941524646,Serum amyloid A-1 protein,0.22744937436269008,False
Female - Male,X1hr,350.6875260636399,103.60857759151754,18.0,3.384734490287518,0.0033012281344722014,Serum amyloid A-1 protein,0.03587867005950373,True
Female - Male,X2hrs,425.31725166379795,150.59138186310707,18.0,2.824313359780618,0.011235232012250065,Serum amyloid A-1 protein,0.07498885900282908,False
Female - Male,X3min,-60.605276489258,29.884067509196257,18.0,-2.0280129694730435,0.05762368601677819,Transferrin receptor protein 1,0.18463341870118205,False
Female - Male,X1hr,-82.03907414630751,31.546847305610072,18.0,-2.6005474763152723,0.018078551364599415,Transferrin receptor protein 1,0.09588419392691977,False
Female - Male,X2hrs,-94.7266088108152,33.215169497746054,18.0,-2.851908036093064,0.010588185424365954,Transferrin receptor protein 1,0.0734555363815388,False
Female - Male,X3min,-7.939486694335879,44.33928963172985,18.0,-0.17906210857862426,0.8598890584107851,Serpin B12,0.9133749807042789,False
Female - Male,X1hr,25.751549352994843,41.36385614139089,18.0,0.6225616215511992,0.5413800491984798,Serpin B12,0.6972576280658354,False
Female - Male,X2hrs,-12.48765500223832,44.43749491161885,18.0,-0.2810161785013951,0.7819027221729584,Serpin B12,0.8679120216119839,False
Female - Male,X3min,5064.842822265624,2216.782755116277,18.0,2.2847718435990623,0.034679499732221376,Immunoglobulin kappa variable 3D-20,0.13630337194202205,False
Female - Male,X1hr,4844.131359904279,1861.1746120120397,18.0,2.6027280453108514,0.017995848633934004,Immunoglobulin kappa variable 3D-20,0.09577242731895014,False
Female - Male,X2hrs,5999.065787683219,1298.7964050669148,18.0,4.618942402580906,0.00021318567041961377,Immunoglobulin kappa variable 3D-20,0.008282263295801996,True
Female - Male,X3min,-312.0418762207026,187.95117486643815,18.0,-1.6602283887953655,0.11418841817311207,Probable non-functional immunoglobulin heavy variable 3-16,0.2764900911641003,False
Female - Male,X1hr,-318.6051798089275,174.19866850578953,18.0,-1.8289759763481694,0.0840211424703091,Probable non-functional immunoglobulin heavy variable 3-16,0.23068702367289814,False
Female - Male,X2hrs,-392.0151047789847,199.95990387919827,18.0,-1.9604685598159355,0.06560528908493336,Probable non-functional immunoglobulin heavy variable 3-16,0.20029591205891248,False
Female - Male,X3min,-165.65531730651836,89.90460138552294,18.0,-1.842567730167294,0.08192641157438324,Immunoglobulin lambda variable 6-57,0.22816791186872482,False
Female - Male,X1hr,-83.51721999675242,44.46159466343727,18.0,-1.878412608206163,0.07662098506193228,Immunoglobulin lambda variable 6-57,0.21968452174583536,False
Female - Male,X2hrs,-158.98483052279096,37.84424500896969,18.0,-4.201030579024869,0.000536987902044462,Immunoglobulin lambda variable 6-57,0.012554059373958686,True
Female - Male,X3min,-52.410871887206945,44.401728776273494,18.0,-1.1803790827895246,0.25321355030342635,Fibrinogen alpha chain,0.44664455978606643,False
Female - Male,X1hr,5.312612230957123,27.785468750148738,18.0,0.1912011015084525,0.850508195154607,Fibrinogen alpha chain,0.9096281729320436,False
Female - Male,X2hrs,-23.815333028257434,25.073852450685905,18.0,-0.949807496677917,0.3547896432029336,Fibrinogen alpha chain,0.5373705004720117,False
Female - Male,X3min,4932.994824218754,2238.8544747994392,18.0,2.2033566181922835,0.04083445811091212,Galectin-3-binding protein,0.14895950212290476,False
Female - Male,X1hr,1349.5731103282415,2268.717917411464,18.0,0.5948615735657706,0.5593404635562517,Galectin-3-binding protein,0.707829870005224,False
Female - Male,X2hrs,2013.6883478759603,1844.6258562045696,18.0,1.091651372609103,0.2893833800194264,Galectin-3-binding protein,0.47665714268017184,False
Female - Male,X3min,-86.64949340820283,29.997247298560982,18.0,-2.8885814936879073,0.009783621346688089,Macrophage colony-stimulating factor 1 receptor,0.07104449561889502,False
Female - Male,X1hr,-67.81994417640009,32.82257455913052,18.0,-2.0662591246223267,0.05350253729770661,Macrophage colony-stimulating factor 1 receptor,0.17841833253355383,False
Female - Male,X2hrs,-86.50178139502628,34.62057820141518,18.0,-2.49856547431927,0.022374632941714632,Macrophage colony-stimulating factor 1 receptor,0.10865681122320169,False
Female - Male,X3min,-388.7611083984384,441.55858420919793,18.0,-0.8804292845867411,0.39023089848128445,Phosphatidylinositol-glycan-specific phospholipase D,0.5627382824889999,False
Female - Male,X1hr,-645.5281292042497,431.77677745564836,18.0,-1.4950505976912054,0.15222697114293732,Phosphatidylinositol-glycan-specific phospholipase D,0.3318595361847651,False
Female - Male,X2hrs,-351.0746386096941,399.04921538479476,18.0,-0.8797777945037687,0.39057444868577607,Phosphatidylinositol-glycan-specific phospholipase D,0.5627382824889999,False
Female - Male,X3min,2050.5951171874926,6815.313600802547,18.0,0.3008805224965762,0.766953406773027,Serotransferrin,0.8580601829555681,False
Female - Male,X1hr,-1720.2483718415683,7447.714739838777,18.0,-0.2309766729705342,0.8199379830943094,Serotransferrin,0.8904148327942395,False
Female - Male,X2hrs,-6486.935775697118,8234.560239074623,18.0,-0.7877695453504997,0.441082585731181,Serotransferrin,0.6076616473637014,False
Female - Male,X3min,-43.21736365326492,13.966920109567878,18.0,-3.094265830564847,0.0062573017215974,Integrin alpha-11,0.053787473513951904,False
Female - Male,X1hr,-38.47222882895514,16.735027925911677,18.0,-2.298904369880774,0.033702790371222126,Integrin alpha-11,0.13326752223124474,False
Female - Male,X2hrs,-30.06783607165341,14.635171621035644,18.0,-2.0544915256364917,0.05474121784422741,Integrin alpha-11,0.18011574479588963,False
Female - Male,X3min,24.817458343505752,14.931007020385431,18.0,1.6621422995530217,0.11379995117873896,Proprotein convertase subtilisin/kexin type 9,0.2764900911641003,False
Female - Male,X1hr,17.41044971472611,16.52306262839877,18.0,1.0537059688197365,0.3059572852349743,Proprotein convertase subtilisin/kexin type 9,0.4919710786077623,False
Female - Male,X2hrs,2.372071578738094,16.194978119877465,18.0,0.14646957601175453,0.885178649119346,Proprotein convertase subtilisin/kexin type 9,0.9306952778967954,False
Female - Male,X3min,-1912.0150878906245,854.1375140508748,18.0,-2.238533089154002,0.03806106144004611,Gelsolin,0.1421461743373291,False
Female - Male,X1hr,-1586.889350505313,815.8047220934538,18.0,-1.9451828452686108,0.067543492984711,Gelsolin,0.20297413161649075,False
Female - Male,X2hrs,-2451.697792646902,789.1690580997507,18.0,-3.1066826144329247,0.0060896333710895425,Gelsolin,0.05286754334454273,False
Female - Male,X3min,33.762585449218996,654.15142858085,18.0,0.05161279785395454,0.9594056862319917,Proteoglycan 4,0.9791230975312355,False
Female - Male,X1hr,-552.531066858038,613.5880482580797,18.0,-0.9004918991277995,0.3797489688068847,Proteoglycan 4,0.5556778696100743,False
Female - Male,X2hrs,-348.72397155752543,605.8793608788077,18.0,-0.5755666789040528,0.5720341490570786,Proteoglycan 4,0.7151437966638564,False
Female - Male,X3min,-121.63586425781253,38.48793188621641,18.0,-3.16036373732447,0.0054138454265152845,Vascular cell adhesion protein 1,0.047801794277299726,True
Female - Male,X1hr,-118.15122105421466,34.11670434323265,18.0,-3.463148722266634,0.0027746285744442187,Vascular cell adhesion protein 1,0.032419344396137716,True
Female - Male,X2hrs,-152.63902008078256,44.23878616953371,18.0,-3.4503437661203673,0.002854565407961607,Vascular cell adhesion protein 1,0.032878055640127385,True
Female - Male,X3min,-75.9226471202195,17.166268103945406,18.0,-4.422781157820192,0.0003284934403355422,Adhesion G protein-coupled receptor F5,0.010120805411813582,True
Female - Male,X1hr,-47.16040527882491,15.771272482982557,18.0,-2.990272682797898,0.007849661100879545,Adhesion G protein-coupled receptor F5,0.06146863588065736,False
Female - Male,X2hrs,-74.72799036677227,26.644530628794076,18.0,-2.804627764244254,0.01171990176621981,Adhesion G protein-coupled receptor F5,0.07620388010337063,False
Female - Male,X3min,-96.006873060414,24.347973663225318,18.0,-3.943115529380616,0.0009532883830344464,Insulin-like growth factor-binding protein 3,0.017848315026934094,True
Female - Male,X1hr,43.57600517882562,120.18511879293581,18.0,0.36257404923734127,0.7211453809786582,Insulin-like growth factor-binding protein 3,0.8259686691921022,False
Female - Male,X2hrs,-120.02128594363865,23.623887360385517,18.0,-5.0805053424399675,7.802110258320229e-05,Insulin-like growth factor-binding protein 3,0.004663261285165244,True
Female - Male,X3min,-835.7999023437508,909.2462758443727,18.0,-0.9192227942507482,0.3701338800306144,Transthyretin,0.5472769263249998,False
Female - Male,X1hr,564.6404585783627,810.6250105739734,18.0,0.6965495157601438,0.4949823585949865,Transthyretin,0.6563161990244105,False
Female - Male,X2hrs,-803.3283490735126,577.093818649571,18.0,-1.392023832369825,0.18087721391838743,Transthyretin,0.3654972915107218,False
Female - Male,X3min,-7.978111325190224,31.569311824637758,18.0,-0.25271730247106106,0.8033501290251615,Coiled-coil domain-containing protein 126,0.8807200535490756,False
Female - Male,X1hr,-5.285565931689629,24.79757436050327,18.0,-0.2131485061743901,0.8336066108476521,Coiled-coil domain-containing protein 126,0.8995276137166773,False
Female - Male,X2hrs,-6.0312850698382805,14.774078112968061,18.0,-0.4082342751758077,0.6879169239788616,Coiled-coil domain-containing protein 126,0.8048641308803055,False
Female - Male,X3min,-20.758116531371677,22.306538250742616,18.0,-0.9305844007722986,0.36438226405745466,Guanine nucleotide-binding protein G(i) subunit alpha-2,0.5444240177251258,False
Female - Male,X1hr,5.940359746454706,12.015656973397743,18.0,0.4943849312281851,0.6270138756377657,Guanine nucleotide-binding protein G(i) subunit alpha-2,0.7594540629314792,False
Female - Male,X2hrs,-2.5368202627234426,12.911326588013033,18.0,-0.19648021800321003,0.8464356249461892,Guanine nucleotide-binding protein G(i) subunit alpha-2,0.907145490459571,False
Female - Male,X3min,38.91739807128906,44.79567802668644,18.0,0.8687757343042006,0.39640625543833696,Apolipoprotein C-I,0.5667114268180089,False
Female - Male,X1hr,-36.88984589988229,52.9554894436416,18.0,-0.6966198648610862,0.4949393631520933,Apolipoprotein C-I,0.6563161990244105,False
Female - Male,X2hrs,-17.044769485787977,49.3637495236728,18.0,-0.3452891980503631,0.7338792045052418,Apolipoprotein C-I,0.8336610261704281,False
Female - Male,X3min,-66.12635428875939,18.098409289577233,18.0,-3.6537108444575384,0.0018165665296455149,Syntenin-1,0.024335727474733882,True
Female - Male,X1hr,-83.79819936136293,19.971843644503153,18.0,-4.195816913699237,0.0005432435219456667,Syntenin-1,0.012554059373958686,True
Female - Male,X2hrs,-90.02975645004943,27.483113557760927,18.0,-3.2758208512596285,0.004199468070176028,Syntenin-1,0.04059147567484611,True
Female - Male,X3min,-39.82968444824221,32.94614387295365,18.0,-1.2089331182985406,0.24232982118841578,Phospholipid transfer protein,0.4342667439142939,False
Female - Male,X1hr,-35.765877991426606,28.224188672277617,18.0,-1.267206593844683,0.22123172072600303,Phospholipid transfer protein,0.4122231343024085,False
Female - Male,X2hrs,-59.02125956878536,39.8787745293624,18.0,-1.480016882798856,0.15615910860150917,Phospholipid transfer protein,0.3371363776554974,False
Female - Male,X3min,-127.70269775390636,29.29448042068509,18.0,-4.35927505523308,0.00037804260513612766,Laminin subunit beta-1,0.010128934627267973,True
Female - Male,X1hr,-113.31480402492208,21.16933831120497,18.0,-5.352779683479494,4.354519264045063e-05,Laminin subunit beta-1,0.003296096928621273,True
Female - Male,X2hrs,-122.76250418277615,31.344867430952306,18.0,-3.916510556415725,0.0010115085440578298,Laminin subunit beta-1,0.01871290806506985,True
Female - Male,X3min,189.2051639905456,61.48289695942127,18.0,3.0773625406008613,0.006492804710648268,Proline-rich protein 4,0.05513175708911172,False
Female - Male,X1hr,392.4040018009747,217.38585504101053,18.0,1.8051036564773106,0.08781422928271393,Proline-rich protein 4,0.23815586789762208,False
Female - Male,X2hrs,418.5708092229212,309.4585365527531,18.0,1.35259092828925,0.1929347910663402,Proline-rich protein 4,0.3814512281387948,False
Female - Male,X3min,-121.55041809082033,60.41019505287972,18.0,-2.012084516271167,0.05942289816517634,Immunoglobulin kappa variable 2-28;Immunoglobulin kappa variable 2D-28,0.18869640900794804,False
Female - Male,X1hr,224.3236935583949,379.2608496599866,18.0,0.591476008555865,0.5615569889259313,Immunoglobulin kappa variable 2-28;Immunoglobulin kappa variable 2D-28,0.708327565577027,False
Female - Male,X2hrs,-182.58753183328577,46.27382728972002,18.0,-3.9458057076218673,0.0009475916677984167,Immunoglobulin kappa variable 2-28;Immunoglobulin kappa variable 2D-28,0.017848315026934094,True
Female - Male,X3min,-2062.2183593749987,2721.9346811884407,18.0,-0.7576296277890845,0.45847720245441526,Complement C3,0.6233364589800187,False
Female - Male,X1hr,-2262.9492534135784,3577.07668369012,18.0,-0.6326253120967804,0.5349330005678656,Complement C3,0.6921614345399361,False
Female - Male,X2hrs,-4254.30203634304,3085.674389842825,18.0,-1.378726819118378,0.1848735399515762,Complement C3,0.36879779343356794,False
Female - Male,X3min,50.23481903076175,70.02388369546948,18.0,0.7173954996445295,0.482337036021814,Thyroxine-binding globulin,0.6461653051533611,False
Female - Male,X1hr,50.25466970659635,54.1522386003371,18.0,0.9280257105803843,0.3656722428213518,Thyroxine-binding globulin,0.5444240177251258,False
Female - Male,X2hrs,2.7711142338021664,53.93695474492811,18.0,0.05137691304425644,0.959591040888077,Thyroxine-binding globulin,0.9791230975312355,False
Female - Male,X3min,-415.7901992265825,326.6366475928626,18.0,-1.272944117846953,0.21923398737248148,Immunoglobulin kappa variable 1D-13;Immunoglobulin kappa variable 1-13,0.41046941732148945,False
Female - Male,X1hr,-296.54821711395056,255.91276404889163,18.0,-1.1587863474339857,0.26168626565661435,Immunoglobulin kappa variable 1D-13;Immunoglobulin kappa variable 1-13,0.4521241031622219,False
Female - Male,X2hrs,-163.32408018969457,177.40457988957752,18.0,-0.92063057386316,0.36941791066254837,Immunoglobulin kappa variable 1D-13;Immunoglobulin kappa variable 1-13,0.546977198161495,False
Female - Male,X3min,-70.18589630126964,63.76948621087693,18.0,-1.1006188142895572,0.28556409121752824,Complement factor H-related protein 5,0.4739607489385824,False
Female - Male,X1hr,-75.74534492059263,66.26178784728633,18.0,-1.1431225655299715,0.2679643655826582,Complement factor H-related protein 5,0.4576006858411547,False
Female - Male,X2hrs,-69.58881498472039,63.14955065193056,18.0,-1.1019684901367224,0.28499247039914255,Complement factor H-related protein 5,0.4736861167019797,False
Female - Male,X3min,-494.75635030950684,181.57701939016664,18.0,-2.724774048892117,0.013899863713197316,Immunoglobulin lambda variable 2-23,0.08307841619349472,False
Female - Male,X1hr,-431.2563246319865,168.32819724266932,18.0,-2.561996930379219,0.019601541212582174,Immunoglobulin lambda variable 2-23,0.10019998369852862,False
Female - Male,X2hrs,-296.47402504874935,160.2067534926473,18.0,-1.8505713310166794,0.08071451808784363,Immunoglobulin lambda variable 2-23,0.2268180128544467,False
Female - Male,X3min,21.810017395019322,26.630320864193752,18.0,0.8189919117476482,0.4235023279686525,Coagulation factor VII,0.591836886387847,False
Female - Male,X1hr,3.548965746768992,23.938132251084518,18.0,0.14825574984481948,0.8837891430139596,Coagulation factor VII,0.9298634585265357,False
Female - Male,X2hrs,4.282867530870171,26.26522854522225,18.0,0.16306226018540554,0.8722861739718624,Coagulation factor VII,0.9198689042844993,False
Female - Male,X3min,-1401.3970397949229,764.0306971177569,18.0,-1.8342156212853467,0.08320811240063886,Immunoglobulin heavy constant gamma 4,0.23008079478753163,False
Female - Male,X1hr,-1217.3017561913039,794.2112819202026,18.0,-1.5327177841747288,0.1427331384030053,Immunoglobulin heavy constant gamma 4,0.3159648106528066,False
Female - Male,X2hrs,-1119.1985580133924,833.7156871538283,18.0,-1.3424223332466694,0.19614592030277844,Immunoglobulin heavy constant gamma 4,0.38437674672196426,False
Female - Male,X3min,-28.930781696579725,19.12830738291617,18.0,-1.5124590543969572,0.1477762312811421,L-lactate dehydrogenase B chain,0.32505822439808457,False
Female - Male,X1hr,-14.30525672110557,15.543898700121119,18.0,-0.9203133008705275,0.3695791879469561,L-lactate dehydrogenase B chain,0.546977198161495,False
Female - Male,X2hrs,-15.501921002949425,17.767386121839436,18.0,-0.8724930553456408,0.3944294809339385,L-lactate dehydrogenase B chain,0.5659680640547926,False
Female - Male,X3min,-1347.918603515622,1548.2382726677417,18.0,-0.8706144443729888,0.39542766738360435,Zinc-alpha-2-glycoprotein,0.5667114268180089,False
Female - Male,X1hr,-1724.0713719127577,1440.3905199308704,18.0,-1.196947180682293,0.24685420979257722,Zinc-alpha-2-glycoprotein,0.43941745935585913,False
Female - Male,X2hrs,-2613.3233979189627,1573.0314698505583,18.0,-1.6613293808846905,0.11396481141412952,Zinc-alpha-2-glycoprotein,0.2764900911641003,False
Female - Male,X3min,-19.706744759656537,31.394411940717777,18.0,-0.6277150467691155,0.5380733830763642,"Dihydrolipoyllysine-residue succinyltransferase component of 2-oxoglutarate dehydrogenase complex, mitochondrial",0.6939853335502715,False
Female - Male,X1hr,-26.068998013927725,42.060700397143336,18.0,-0.6197946721709434,0.5431599802916354,"Dihydrolipoyllysine-residue succinyltransferase component of 2-oxoglutarate dehydrogenase complex, mitochondrial",0.6987339481566236,False
Female - Male,X2hrs,-32.17553830610583,28.54370575878152,18.0,-1.1272375975991473,0.2744451009644032,"Dihydrolipoyllysine-residue succinyltransferase component of 2-oxoglutarate dehydrogenase complex, mitochondrial",0.4595772488132356,False
Female - Male,X3min,29.86351051330564,57.68191076246206,18.0,0.5177274836869666,0.610953091705503,Serpin B3,0.7475756728427967,False
Female - Male,X1hr,184.6598968887895,115.00829733041986,18.0,1.6056223870375192,0.1257575375971125,Serpin B3,0.29476201120047185,False
Female - Male,X2hrs,96.94461774004974,39.405575380067255,18.0,2.4601751606217577,0.024228443492089035,Serpin B3,0.11272754846319269,False
Female - Male,X3min,-1067.0947631835961,376.9871925202028,18.0,-2.8305862489649707,0.011084882863835159,Immunoglobulin heavy variable 3-33,0.07498885900282908,False
Female - Male,X1hr,-1200.0811127314819,429.8951726804629,18.0,-2.791566849306054,0.01205249090908334,Immunoglobulin heavy variable 3-33,0.07739492096163435,False
Female - Male,X2hrs,-1439.0875862594291,405.59297724085553,18.0,-3.548107750901337,0.0022975826433904124,Immunoglobulin heavy variable 3-33,0.02923385820472705,True
Female - Male,X3min,-24.71726249793454,10.807331291953654,18.0,-2.2870828912533847,0.034518009038608626,Follistatin-related protein 1,0.13614463463451218,False
Female - Male,X1hr,-13.353066719479333,15.860869590906157,18.0,-0.8418874288667832,0.41089736209506644,Follistatin-related protein 1,0.5773339469663724,False
Female - Male,X2hrs,-43.83191305892289,16.884183589552457,18.0,-2.596033905130306,0.01825088557663016,Follistatin-related protein 1,0.09622823421622835,False
Female - Male,X3min,-36.6073316574096,34.858828885537086,18.0,-1.0501595385666547,0.30754056345810754,Cholesteryl ester transfer protein,0.49320746709380714,False
Female - Male,X1hr,-40.72215440027214,30.21684091767679,18.0,-1.3476641886958396,0.19448533238830965,Cholesteryl ester transfer protein,0.38258339254728135,False
Female - Male,X2hrs,-36.195670834158534,25.856616957706002,18.0,-1.3998610449837368,0.17855456601235994,Cholesteryl ester transfer protein,0.3636615931627882,False
Female - Male,X3min,-48.28554687499897,2135.744346944229,18.0,-0.022608299042947134,0.9822114674313773,Complement C1q subcomponent subunit C,0.9872940623469343,False
Female - Male,X1hr,-2138.5637046148336,2869.0644696953277,18.0,-0.7453871208554377,0.4656604303126485,Complement C1q subcomponent subunit C,0.6297966133210233,False
Female - Male,X2hrs,2246.43566267649,1464.207245127023,18.0,1.5342334018307684,0.14236167660521884,Complement C1q subcomponent subunit C,0.3158173018507848,False
Female - Male,X3min,-60.61251907348636,24.754484062385057,18.0,-2.448547055989275,0.024817837741077427,Immunoglobulin heavy variable 4-30-2,0.11444189866360333,False
Female - Male,X1hr,-36.55409937984899,23.33134318571037,18.0,-1.5667378894086603,0.13458716707791216,Immunoglobulin heavy variable 4-30-2,0.305326215531497,False
Female - Male,X2hrs,-92.67582800311342,24.261048538359038,18.0,-3.8199432253137813,0.0012543839266588373,Immunoglobulin heavy variable 4-30-2,0.020843215581588328,True
Female - Male,X3min,-102.37664108276347,65.79980195223078,18.0,-1.555880687256273,0.13714351221386573,Thrombospondin-4,0.30842404917561117,False
Female - Male,X1hr,-75.8904806219184,55.7034875405408,18.0,-1.3624008831886079,0.1898767619397736,Thrombospondin-4,0.37684353519081504,False
Female - Male,X2hrs,-184.4487952021387,93.15381086957326,18.0,-1.9800456200379135,0.06319564030669558,Thrombospondin-4,0.19524060643460225,False
Female - Male,X3min,14.576611328125034,26.33214446972466,18.0,0.5535671940765959,0.5866862392158188,Transketolase,0.7287853043496262,False
Female - Male,X1hr,102.5332649209904,96.04300183119422,18.0,1.06757663719428,0.2998211742767487,Transketolase,0.4849995269972159,False
Female - Male,X2hrs,12.726227466350784,14.56135492121513,18.0,0.8739727542667982,0.3936444190658537,Transketolase,0.5653636111167621,False
Female - Male,X3min,-154.22187576293928,37.0241889749567,18.0,-4.165435625538091,0.0005811855429347243,Complement receptor type 2,0.012720596249585374,True
Female - Male,X1hr,-108.82400609196237,38.07233707792988,18.0,-2.8583484609629197,0.010442418399124777,Complement receptor type 2,0.07281972747369975,False
Female - Male,X2hrs,-129.42223979812647,39.593877157215694,18.0,-3.2687437828891737,0.004265515188501463,Complement receptor type 2,0.04059147567484611,True
Female - Male,X3min,-1273.7714660644533,653.0008300364751,18.0,-1.9506429509336203,0.0668453693273204,Immunoglobulin kappa variable 2-40;Immunoglobulin kappa variable 2D-40,0.20287916298472525,False
Female - Male,X1hr,-614.8114898275843,254.00181628031496,18.0,-2.420500368190603,0.026295268189075204,Immunoglobulin kappa variable 2-40;Immunoglobulin kappa variable 2D-40,0.1171883904781189,False
Female - Male,X2hrs,-1377.085128705162,931.3364417160888,18.0,-1.4786118818326628,0.15653082747141947,Immunoglobulin kappa variable 2-40;Immunoglobulin kappa variable 2D-40,0.3373771232879138,False
Female - Male,X3min,-5794.843411428002,3943.345505966038,18.0,-1.469524646689153,0.15895263201865306,Immunoglobulin kappa variable 3D-7,0.34023745200686895,False
Female - Male,X1hr,-1914.5259410666126,3959.0096716419403,18.0,-0.48358708360330716,0.634509394272865,Immunoglobulin kappa variable 3D-7,0.7649554683475812,False
Female - Male,X2hrs,-7412.300228290954,4413.6169356921055,18.0,-1.6794163010271803,0.11034464918655029,Immunoglobulin kappa variable 3D-7,0.27279389849497576,False
Female - Male,X3min,-460.68652038574214,167.53588199728094,18.0,-2.749778225975609,0.013178575296868894,Immunoglobulin heavy variable 3-64,0.08077728594376707,False
Female - Male,X1hr,-486.7313249156618,152.39232409842256,18.0,-3.1939359662321736,0.005029076270719293,Immunoglobulin heavy variable 3-64,0.04607684282696469,True
Female - Male,X2hrs,-573.3167540978403,173.81724260151583,18.0,-3.298388269869151,0.0039954959357746695,Immunoglobulin heavy variable 3-64,0.039297472684771115,True
Female - Male,X3min,614.3264526367178,423.20835997949877,18.0,1.4515933774712704,0.1638216287279412,Vitronectin,0.3447852527766288,False
Female - Male,X1hr,39.52429174827193,444.6453189338934,18.0,0.08888948126798589,0.9301512914801157,Vitronectin,0.9610738743085769,False
Female - Male,X2hrs,304.0658197344653,387.65847478828647,18.0,0.7843652067726007,0.4430265610789553,Vitronectin,0.6081831059334776,False
Female - Male,X3min,-368.7311218261712,251.83634983833576,18.0,-1.4641695770403083,0.16039413969760963,Complement component C8 gamma chain,0.34191014141301146,False
Female - Male,X1hr,-265.38989518381646,270.8757628608568,18.0,-0.9797476613665936,0.34019644339169874,Complement component C8 gamma chain,0.5281702761169959,False
Female - Male,X2hrs,-424.393841839406,270.42332646076125,18.0,-1.569368469036217,0.1339738400771082,Complement component C8 gamma chain,0.3043791629822019,False
Female - Male,X3min,335.22426757812315,1258.5348911827068,18.0,0.26636072621164797,0.7929886813099443,Immunoglobulin heavy variable 5-51,0.8752238786495596,False
Female - Male,X1hr,-2055.403383249599,1587.8661164659916,18.0,-1.2944437581577557,0.2118729268760432,Immunoglobulin heavy variable 5-51,0.40201529714941536,False
Female - Male,X2hrs,-200.44234728960106,1054.5864034475674,18.0,-0.19006725919690542,0.8513834660208316,Immunoglobulin heavy variable 5-51,0.9099380372739836,False
Female - Male,X3min,-315.66984252929535,146.20940289524682,18.0,-2.1590255912299985,0.04459376797021351,Coagulation factor V,0.15785584379433212,False
Female - Male,X1hr,-177.57731082697862,150.95517912274892,18.0,-1.1763578557485728,0.2547755383267506,Coagulation factor V,0.44828616380210345,False
Female - Male,X2hrs,-336.5564986794089,137.76256595539698,18.0,-2.4430185104738458,0.02510276024991615,Coagulation factor V,0.11501583879496406,False
Female - Male,X3min,-23.28612365722649,119.62493521990287,18.0,-0.19465944633048554,0.8478397612021086,Protein S100-A7,0.908024113651328,False
Female - Male,X1hr,110.04192117449247,406.65648736454557,18.0,0.27060166158334475,0.7897758819901535,Protein S100-A7,0.8747258860448586,False
Female - Male,X2hrs,258.73567225900615,89.68231679097563,18.0,2.885024400763938,0.009858999258567773,Protein S100-A7,0.07104449561889502,False
Female - Male,X3min,46.318742370605364,67.58331253809246,18.0,0.6853576812249089,0.5018500117755689,Arginase-1,0.6631834138956535,False
Female - Male,X1hr,126.15449186213743,100.38181828552999,18.0,1.2567464309452798,0.22491020092364788,Arginase-1,0.41608387170874855,False
Female - Male,X2hrs,23.519511172811615,39.49295353389741,18.0,0.5955369013518944,0.5588988790132459,Arginase-1,0.707829870005224,False
Female - Male,X3min,-26.860089032029418,28.807940407976997,18.0,-0.9323849137299585,0.3634763768302638,Protein-glutamine gamma-glutamyltransferase K,0.5444240177251258,False
Female - Male,X1hr,5.848262968139919,31.823858406229903,18.0,0.18376976460513197,0.8562484098532979,Protein-glutamine gamma-glutamyltransferase K,0.9115921485677774,False
Female - Male,X2hrs,-30.036613186654975,18.320794111952353,18.0,-1.6394820553689486,0.11847241070515022,Protein-glutamine gamma-glutamyltransferase K,0.28150783828104503,False
Female - Male,X3min,328.7705078125004,278.3542996233436,18.0,1.1811224337377857,0.2529256002882626,Immunoglobulin kappa variable 4-1,0.4466436168726819,False
Female - Male,X1hr,-160.8116008537118,315.40027315083194,18.0,-0.5098651286735185,0.6163406738443103,Immunoglobulin kappa variable 4-1,0.7512105154149477,False
Female - Male,X2hrs,-85.57151369326708,236.11360473709283,18.0,-0.362416701013688,0.7212609292752141,Immunoglobulin kappa variable 4-1,0.8259686691921022,False
Female - Male,X3min,-1262.9692382812495,592.2185175254435,18.0,-2.132606801216729,0.046982080994911135,Coagulation factor XIII B chain,0.16518134358844322,False
Female - Male,X1hr,-1297.7300319028489,594.228717614333,18.0,-2.183889794341954,0.04244794685418922,Coagulation factor XIII B chain,0.15216222363584428,False
Female - Male,X2hrs,-1482.8815107316755,534.2631875763025,18.0,-2.7755637019627017,0.012472368469147364,Coagulation factor XIII B chain,0.07878886423193092,False
Female - Male,X3min,107.89171142577841,2271.9459256061214,18.0,0.047488679290196796,0.9626466887296167,Apolipoprotein C-II,0.9803099307246556,False
Female - Male,X1hr,270.29724045807956,1740.7196773339197,18.0,0.15527901705119224,0.8783293843995291,Apolipoprotein C-II,0.9253721107504191,False
Female - Male,X2hrs,601.9698299746673,1409.0150283899945,18.0,0.42722740201181936,0.674280583491624,Apolipoprotein C-II,0.7956203695869277,False
Female - Male,X3min,-66.97431006248131,26.61933757943222,18.0,-2.5160021305049263,0.021577519242836355,Bone marrow proteoglycan,0.10678810478779521,False
Female - Male,X1hr,-67.30728029945796,24.575250391331796,18.0,-2.7388237852176123,0.013490050848359228,Bone marrow proteoglycan,0.08157019073288031,False
Female - Male,X2hrs,-76.88710044276421,22.63094149169866,18.0,-3.3974326905916596,0.0032097064881325666,Bone marrow proteoglycan,0.03562774201827149,True
Female - Male,X3min,5403.200390624995,2963.6225606014073,18.0,1.8231742673495253,0.08492951516244866,Apolipoprotein A-I,0.23195161083030794,False
Female - Male,X1hr,919.3688352902008,3693.2033477386003,18.0,0.2489353411458221,0.8062290696988658,Apolipoprotein A-I,0.8817108784416582,False
Female - Male,X2hrs,533.0558363118324,3738.0045949941714,18.0,0.14260438230217415,0.8881867792192091,Apolipoprotein A-I,0.9332266767455382,False
Female - Male,X3min,-23.786746215820546,27.730933316754935,18.0,-0.8577694066087806,0.4022971019867183,Coagulation factor X,0.5707844232252077,False
Female - Male,X1hr,-5.171240303887976,28.503539704384842,18.0,-0.18142449525637191,0.8580617058170622,Coagulation factor X,0.9126816501298526,False
Female - Male,X2hrs,-63.94651972908016,33.8473290739869,18.0,-1.889263391781946,0.07507595223194069,Coagulation factor X,0.21766423464260415,False
Female - Male,X3min,90.9168655395509,52.61687730329831,18.0,1.727903102563096,0.10112269192666606,Thioredoxin,0.25888741886991606,False
Female - Male,X1hr,156.1425221855922,67.48339068388918,18.0,2.313791891652375,0.03270152809887439,Thioredoxin,0.13165330224261865,False
Female - Male,X2hrs,71.56349863646183,24.907625537164787,18.0,2.8731561958678715,0.01011457320828749,Thioredoxin,0.07177190303962903,False
Female - Male,X3min,-457.51437377929864,453.61235587206124,18.0,-1.0086020979294883,0.3265324357393351,Immunoglobulin heavy variable 3-15,0.5135945396142984,False
Female - Male,X1hr,-682.3320005706927,433.50550794068397,18.0,-1.5739869230544017,0.13290270724646777,Immunoglobulin heavy variable 3-15,0.3041690825640809,False
Female - Male,X2hrs,-381.0142210452591,473.5816451158526,18.0,-0.8045375596261788,0.43158521781188075,Immunoglobulin heavy variable 3-15,0.5982903019443913,False
Female - Male,X3min,-13.327307128906305,24.974783989614615,18.0,-0.5336305264721515,0.6001255529185433,Proteasome subunit beta type-2,0.7413315653699653,False
Female - Male,X1hr,47.108499368910095,41.51694905968527,18.0,1.1346811467573483,0.27139395514859005,Proteasome subunit beta type-2,0.4595772488132356,False
Female - Male,X2hrs,113.25522364451281,97.00436226539492,18.0,1.167527119395487,0.2582312036203556,Proteasome subunit beta type-2,0.4498781282803056,False
Female - Male,X3min,215.87113037109168,178.655397450662,18.0,1.208310151562632,0.24256340651068664,Apolipoprotein A-II,0.4342667439142939,False
Female - Male,X1hr,-58.5404533815478,240.779036861039,18.0,-0.24312936103043428,0.810654290343477,Apolipoprotein A-II,0.8840398366272023,False
Female - Male,X2hrs,-91.19801642744284,200.17570944672016,18.0,-0.4555898249568417,0.6541329989279394,Apolipoprotein A-II,0.7771580124877813,False
Female - Male,X3min,1231.58066406249,3398.141998331547,18.0,0.36242766331341764,0.7212528789124812,Immunoglobulin heavy constant gamma 2,0.8259686691921022,False
Female - Male,X1hr,1847.9188506311239,3247.6052040276086,18.0,0.5690096962338204,0.5763814514289567,Immunoglobulin heavy constant gamma 2,0.7182812955257407,False
Female - Male,X2hrs,2351.0180328925794,3287.1008883310983,18.0,0.715225395496218,0.4836444965334574,Immunoglobulin heavy constant gamma 2,0.646801676086913,False
Female - Male,X3min,1.1867487495491162,69.14596050518357,18.0,0.01716295125382127,0.9864954303619757,Plakophilin-1,0.9909592105898579,False
Female - Male,X1hr,23.392718391422658,27.106381797563515,18.0,0.8629967129558154,0.3994922505993832,Plakophilin-1,0.5690541015926289,False
Female - Male,X2hrs,-10.802668435540317,29.755670787202735,18.0,-0.36304570354993676,0.7207990641437769,Plakophilin-1,0.8259686691921022,False
Female - Male,X3min,309.36214702283166,132.22150168191988,18.0,2.3397264672356552,0.03102298398676639,Fetuin-B,0.12821733275381642,False
Female - Male,X1hr,209.9192404960034,122.09183301037662,18.0,1.7193553026447093,0.10269847019039158,Fetuin-B,0.2607735664638374,False
Female - Male,X2hrs,290.69115563735005,154.47231124789485,18.0,1.881833406187943,0.0761308926437013,Fetuin-B,0.21898478467472982,False
Female - Male,X3min,-235.22764587402227,126.45211407044513,18.0,-1.8602112554874286,0.07927583471524853,Complement factor H-related protein 3,0.2256312218818612,False
Female - Male,X1hr,181.92217426246245,349.41162337042675,18.0,0.5206528978848499,0.6089542847590342,Complement factor H-related protein 3,0.746894205616053,False
Female - Male,X2hrs,-383.7779989089253,243.97744732133393,18.0,-1.5730060426587917,0.13312959415678333,Complement factor H-related protein 3,0.3042402784112372,False
Female - Male,X3min,-288.0709350585954,619.0187809060234,18.0,-0.4653670356123315,0.6472495364696862,Plasminogen,0.7723489402732397,False
Female - Male,X1hr,-277.0471969993989,576.0769487898777,18.0,-0.4809204700541681,0.6363667941328447,Plasminogen,0.7660061952613794,False
Female - Male,X2hrs,-23.917431575230506,493.3547748158489,18.0,-0.048479173195714986,0.9618682304190416,Plasminogen,0.9801594951286495,False
Female - Male,X3min,-32.140543010564,37.43146889127478,18.0,-0.8586503271864897,0.4018235244741375,Fermitin family homolog 3,0.5707803994815445,False
Female - Male,X1hr,-65.32285000360342,24.60196267563595,18.0,-2.6551885662477885,0.016111201363932067,Fermitin family homolog 3,0.08973765920985818,False
Female - Male,X2hrs,-20.1187485958948,19.351052823637215,18.0,-1.0396720415811096,0.31225702628773344,Fermitin family homolog 3,0.4981508600935015,False
Female - Male,X3min,-188.86484374999986,109.60492224244648,18.0,-1.7231419893007192,0.10199780273833409,Immunoglobulin heavy variable 3-21,0.2598435827137232,False
Female - Male,X1hr,-73.38393135653206,93.79394513441925,18.0,-0.7823951882113828,0.44415392222330374,Immunoglobulin heavy variable 3-21,0.6091382148908956,False
Female - Male,X2hrs,-121.34075431948091,104.8021815100713,18.0,-1.157807524338797,0.2620753246648739,Immunoglobulin heavy variable 3-21,0.4521241031622219,False
Female - Male,X3min,-98.84743652343738,48.385547027369164,18.0,-2.0429124520907984,0.055985305437736166,Immunoglobulin heavy variable 2-26,0.18218731003972563,False
Female - Male,X1hr,-99.68545180405877,56.47706766905922,18.0,-1.7650606860148854,0.09451332817576348,Immunoglobulin heavy variable 2-26,0.24767910958707665,False
Female - Male,X2hrs,-100.95880201604763,58.16214794473635,18.0,-1.735816258229926,0.09968257214843557,Immunoglobulin heavy variable 2-26,0.2564680746997829,False
Female - Male,X3min,-233.01709289550698,111.30856617369834,18.0,-2.0934336044889936,0.050738546049407654,Immunoglobulin kappa variable 1-12;Immunoglobulin kappa variable 1D-12,0.17367812486191445,False
Female - Male,X1hr,68.9835792625593,199.10117064494426,18.0,0.3464750058430206,0.7330030216258167,Immunoglobulin kappa variable 1-12;Immunoglobulin kappa variable 1D-12,0.8332748321920402,False
Female - Male,X2hrs,-172.6950352681665,140.7398827768179,18.0,-1.2270511518190075,0.23561124392050267,Immunoglobulin kappa variable 1-12;Immunoglobulin kappa variable 1D-12,0.42732137721950164,False
Female - Male,X3min,-1859.211718749999,2524.985518013278,18.0,-0.7363256959243367,0.47102062488577556,Immunoglobulin heavy constant gamma 3,0.6342860061286787,False
Female - Male,X1hr,-1599.9500875364588,2461.204115443543,18.0,-0.6500680205664803,0.5238590406728388,Immunoglobulin heavy constant gamma 3,0.6840982766433543,False
Female - Male,X2hrs,-1618.552327976886,2577.707979986338,18.0,-0.6279036805346214,0.5379525562540677,Immunoglobulin heavy constant gamma 3,0.6939853335502715,False
Female - Male,X3min,-185.2892456054665,209.1637334747933,18.0,-0.8858574214912646,0.3873762316826481,Immunoglobulin kappa variable 2D-29,0.5599838735207769,False
Female - Male,X1hr,-200.13273167200046,206.46908795887776,18.0,-0.9693108719105723,0.3452354311447745,Immunoglobulin kappa variable 2D-29,0.53118401980097,False
Female - Male,X2hrs,-235.51584230653472,206.63042277139937,18.0,-1.1397926749977763,0.2693133605983785,Immunoglobulin kappa variable 2D-29,0.458895792072237,False
Female - Male,X3min,-43.11067669922194,13.17958024139663,18.0,-3.2710204657211097,0.004244157381162195,Neogenin,0.04059147567484611,True
Female - Male,X1hr,-20.489903982257776,10.27230130461268,18.0,-1.994675134096483,0.06144705725857603,Neogenin,0.19258565869074146,False
Female - Male,X2hrs,-73.80602432771278,13.716274274604766,18.0,-5.3809090464428975,4.101806259775365e-05,Neogenin,0.003296096928621273,True
Female - Male,X3min,-112.31439666748037,63.567972967563335,18.0,-1.7668393598894643,0.09420658010227942,Immunoglobulin heavy variable 6-1,0.24729227276848348,False
Female - Male,X1hr,94.87837125739131,209.05636526794717,18.0,0.4538411023064802,0.6553675505095042,Immunoglobulin heavy variable 6-1,0.7778032801348279,False
Female - Male,X2hrs,-186.21120466453107,71.97161572431737,18.0,-2.5872867072736154,0.018589311714906527,Immunoglobulin heavy variable 6-1,0.09726528755880384,False
Female - Male,X3min,-72.6615814208985,38.874430630286376,18.0,-1.8691355794234876,0.07796415509600745,L-selectin,0.22230513214531297,False
Female - Male,X1hr,-53.0931192120606,35.72977004855007,18.0,-1.485963081763946,0.15459396721168436,L-selectin,0.3359986364293112,False
Female - Male,X2hrs,-99.56586734461439,41.67744496926162,18.0,-2.3889628411253914,0.028054811031081487,L-selectin,0.12110326761750174,False
Female - Male,X3min,-609.6213684082039,812.8713555204221,18.0,-0.7499604510210696,0.4629691403707513,Immunoglobulin lambda constant 3,0.6277007719863273,False
Female - Male,X1hr,-325.81477877017187,604.2696528674666,18.0,-0.5391877239309787,0.5963642670650446,Immunoglobulin lambda constant 3,0.7390351443533327,False
Female - Male,X2hrs,199.2730219925277,596.126419413861,18.0,0.33427980291237913,0.7420317653410418,Immunoglobulin lambda constant 3,0.8386308097018028,False
Female - Male,X3min,-136.9398239135743,37.45059838395624,18.0,-3.6565456847877504,0.0018051387517869887,A disintegrin and metalloproteinase with thrombospondin motifs 13,0.024335727474733882,True
Female - Male,X1hr,-133.77463711720608,35.592351338485656,18.0,-3.758522044385331,0.0014383719455478001,A disintegrin and metalloproteinase with thrombospondin motifs 13,0.022130990132487934,True
Female - Male,X2hrs,-224.08622863247277,44.58348935861553,18.0,-5.026215575680804,8.772346847846102e-05,A disintegrin and metalloproteinase with thrombospondin motifs 13,0.004868652500554587,True
Female - Male,X3min,-198.68256530761658,525.4831333224472,18.0,-0.3780950380869806,0.7097819302606532,von Willebrand factor,0.8229397375174585,False
Female - Male,X1hr,-527.4963087162291,872.9994528292071,18.0,-0.6042344093191866,0.5532282075527104,von Willebrand factor,0.7062062443699174,False
Female - Male,X2hrs,620.1833032983075,1011.7338499944012,18.0,0.6129905639726687,0.5475503590400987,von Willebrand factor,0.7029454567533976,False
Female - Male,X3min,-26.730479049682554,15.005584887530064,18.0,-1.7813686870610492,0.0917331321521572,Neutral alpha-glucosidase AB,0.24368083310162783,False
Female - Male,X1hr,-16.981781801533124,11.98171120274492,18.0,-1.4173085558632665,0.1734702410738829,Neutral alpha-glucosidase AB,0.35756699860610475,False
Female - Male,X2hrs,-30.86324427863781,12.115292084348425,18.0,-2.5474618410982925,0.02020670016447285,Neutral alpha-glucosidase AB,0.10228407835697331,False
Female - Male,X3min,-83.00677570021489,37.620015576831925,18.0,-2.206452454297604,0.04058311620009899,Carbonic anhydrase 1,0.14867594404016904,False
Female - Male,X1hr,-82.32541613590337,31.192364711401535,18.0,-2.6392810194929375,0.016661875359599992,Carbonic anhydrase 1,0.09117096587612109,False
Female - Male,X2hrs,-90.07886247732881,26.96925664021923,18.0,-3.3400572985387473,0.0036441588803750955,Carbonic anhydrase 1,0.03747862161679994,True
Female - Male,X3min,-136.76769445209047,106.4488945786017,18.0,-1.2848202416146408,0.21514355084874007,Immunoglobulin lambda variable 4-60,0.40626563445445346,False
Female - Male,X1hr,-163.2655608649804,99.81241706230843,18.0,-1.635723947683393,0.1192628923467027,Immunoglobulin lambda variable 4-60,0.2825221565652073,False
Female - Male,X2hrs,-183.44411305445283,102.28608541957543,18.0,-1.7934415253254519,0.08972111023346516,Immunoglobulin lambda variable 4-60,0.24122250052388383,False
Female - Male,X3min,-18.305047225952112,7.72274815757777,18.0,-2.3702763384807137,0.029148659065542953,Integrin beta-1,0.12342511222848433,False
Female - Male,X1hr,-17.286033764320266,5.719751513278598,18.0,-3.0221651629778234,0.007323514556469411,Integrin beta-1,0.05896757316452572,False
Female - Male,X2hrs,-29.498198095644106,7.9849730502397325,18.0,-3.6942138577109516,0.0016599121886521247,Integrin beta-1,0.023665170102434876,True
Female - Male,X3min,-153.51721924373217,62.45766651790331,18.0,-2.4579403586864217,0.024340688449564305,Immunoglobulin lambda variable 3-12,0.11291173089738188,False
Female - Male,X1hr,-197.63816553933628,88.79432424145254,18.0,-2.225797281838779,0.03904450650515472,Immunoglobulin lambda variable 3-12,0.14446467406907246,False
Female - Male,X2hrs,-252.5864006082938,123.9535587350907,18.0,-2.0377502928182385,0.05654812660784585,Immunoglobulin lambda variable 3-12,0.18299131085083867,False
Female - Male,X3min,8.3447511817971,21.077981785317718,18.0,0.39589896541279873,0.6968329374029374,Alpha-amylase 1B;Alpha-amylase 1C;Alpha-amylase 1A,0.8105377131168897,False
Female - Male,X1hr,0.26297416410044294,41.0862319773435,18.0,0.0064005422606155955,0.9949635453876517,Alpha-amylase 1B;Alpha-amylase 1C;Alpha-amylase 1A,0.9981751772320276,False
Female - Male,X2hrs,-28.71681084204369,12.764916582522885,18.0,-2.249666941134686,0.03722007747487926,Alpha-amylase 1B;Alpha-amylase 1C;Alpha-amylase 1A,0.14176470685284895,False
Female - Male,X3min,-497.1148620605462,211.33259247243976,18.0,-2.352286773396658,0.030239181107976326,Lumican,0.12610476604885876,False
Female - Male,X1hr,-399.435471509416,165.87285450593302,18.0,-2.408082218752248,0.02697540316695056,Lumican,0.11835015712679312,False
Female - Male,X2hrs,-760.7594684777189,192.6759569018417,18.0,-3.9483881679398434,0.0009421551592275392,Lumican,0.017848315026934094,True
Female - Male,X3min,-15.408422851562648,83.89446429229598,18.0,-0.18366435713658405,0.8563298903360094,Beta-Ala-His dipeptidase,0.9115921485677774,False
Female - Male,X1hr,-9.36815508224688,121.88471977537756,18.0,-0.07686078369389975,0.9395821920030354,Beta-Ala-His dipeptidase,0.9673288022563774,False
Female - Male,X2hrs,-173.0703666510824,72.11110099079427,18.0,-2.40005164632248,0.02742396056623704,Beta-Ala-His dipeptidase,0.11971020988745046,False
Female - Male,X3min,-393.7993041992194,275.91716342033465,18.0,-1.427237433574591,0.17062968089595038,Immunoglobulin alpha-2 heavy chain,0.3549645570445875,False
Female - Male,X1hr,-623.2524746712054,372.141363542586,18.0,-1.674773448289049,0.11126441249374411,Immunoglobulin alpha-2 heavy chain,0.2744522174845688,False
Female - Male,X2hrs,-430.9584677772227,308.46611759830984,18.0,-1.3971014746534485,0.17936963656907046,Immunoglobulin alpha-2 heavy chain,0.3648434754297585,False
Female - Male,X3min,-299.9790893554711,259.9441602674479,18.0,-1.1540135737107253,0.26358742723466616,Complement C5,0.45278348032595594,False
Female - Male,X1hr,-112.83813620046355,234.4633762734063,18.0,-0.4812612442673507,0.6361292930123055,Complement C5,0.7660061952613794,False
Female - Male,X2hrs,-219.65387854684846,200.77926011328753,18.0,-1.0940068133676313,0.28837658528094956,Complement C5,0.4757295260367257,False
Female - Male,X3min,-32.694848632812025,145.87606757757626,18.0,-0.22412757058607333,0.8251823444073244,Protein S100-A8,0.8929898072485948,False
Female - Male,X1hr,767.5840041252654,524.8484007268829,18.0,1.4624870782919575,0.1608492509325032,Protein S100-A8,0.3424105971905616,False
Female - Male,X2hrs,731.6771539230988,321.8093316560861,18.0,2.273635603286463,0.035467524532050425,Protein S100-A8,0.13848375156484008,False
Female - Male,X3min,-10.574403381347985,263.46650067286083,18.0,-0.04013566565139123,0.9684267930649495,Immunoglobulin lambda variable 3-25,0.9823337052369006,False
Female - Male,X1hr,-302.3914249590945,284.34120078798185,18.0,-1.0634808607443833,0.30162373614087284,Immunoglobulin lambda variable 3-25,0.48686592478904617,False
Female - Male,X2hrs,-8.49626924676292,325.87427573417824,18.0,-0.026072230548487618,0.9794866051424335,Immunoglobulin lambda variable 3-25,0.9865850184224003,False
Female - Male,X3min,-1469.362036132813,1427.7305126271763,18.0,-1.0291592307774038,0.317036546527244,Leukocyte immunoglobulin-like receptor subfamily B member 3;Leukocyte immunoglobulin-like receptor subfamily A member 6,0.5027293809217727,False
Female - Male,X1hr,-2479.4434156458997,1391.0135823158992,18.0,-1.7824724698358971,0.0915475593561648,Leukocyte immunoglobulin-like receptor subfamily B member 3;Leukocyte immunoglobulin-like receptor subfamily A member 6,0.24360429321828786,False
Female - Male,X2hrs,-2204.2894972333343,1658.4593143151735,18.0,-1.3291188262544444,0.20041098838027216,Leukocyte immunoglobulin-like receptor subfamily B member 3;Leukocyte immunoglobulin-like receptor subfamily A member 6,0.38978557689980337,False
Female - Male,X3min,-86.55581665039055,39.400429587931384,18.0,-2.1968241858180955,0.04136950571418662,Collagen alpha-3(VI) chain,0.15055787325490866,False
Female - Male,X1hr,40.872370933386236,116.70356784759974,18.0,0.3502238336599995,0.7302355336160752,Collagen alpha-3(VI) chain,0.831932519435973,False
Female - Male,X2hrs,-105.66079846856782,28.378265835751712,18.0,-3.7233000451864635,0.0015557855705196355,Collagen alpha-3(VI) chain,0.022850483443780663,True
Female - Male,X3min,-485.85379638671884,415.19914694112197,18.0,-1.1701705072520685,0.257193107648372,Immunoglobulin kappa variable 1-39;Immunoglobulin kappa variable 1D-39,0.4498781282803056,False
Female - Male,X1hr,-546.4407252832026,428.1632923047459,18.0,-1.2762437488318652,0.21809147730356196,Immunoglobulin kappa variable 1-39;Immunoglobulin kappa variable 1D-39,0.41046941732148945,False
Female - Male,X2hrs,-691.2736398271142,387.05221549983486,18.0,-1.7859958221254753,0.09095738554683432,Immunoglobulin kappa variable 1-39;Immunoglobulin kappa variable 1D-39,0.24306130440206428,False
Female - Male,X3min,39.11837142543448,24.5576954961045,18.0,1.592917032122973,0.12858723870212285,Bleomycin hydrolase,0.29913525058762364,False
Female - Male,X1hr,35.63206653793753,27.97542226345546,18.0,1.2736918214272681,0.21897468437752218,Bleomycin hydrolase,0.41046941732148945,False
Female - Male,X2hrs,20.480677890421656,18.29653618679182,18.0,1.1193746008168781,0.27769571035051555,Bleomycin hydrolase,0.4640205740695711,False
Female - Male,X3min,-110.13473205566383,40.950745899592505,18.0,-2.689443858378164,0.014983670949575948,CD166 antigen,0.08592112419055728,False
Female - Male,X1hr,134.52240839670543,167.42304865691816,18.0,0.8034879873222687,0.43217589729911576,CD166 antigen,0.5985751732645507,False
Female - Male,X2hrs,-75.19058256873035,13.41411204388877,18.0,-5.605334316779159,2.5541344166277364e-05,CD166 antigen,0.003268025051401966,True
Female - Male,X3min,-35.64415931701652,30.4631211878802,18.0,-1.1700757482197066,0.25723026649578284,Beta-2-microglobulin,0.4498781282803056,False
Female - Male,X1hr,-25.253269273279024,35.247553274220756,18.0,-0.7164545316610297,0.4829037012795401,Beta-2-microglobulin,0.6463672280692553,False
Female - Male,X2hrs,-29.612888817751898,39.87945447660491,18.0,-0.7425600276233506,0.4673288117000386,Beta-2-microglobulin,0.6315034551146608,False
Female - Male,X3min,-75.61237366957808,26.456156179836164,18.0,-2.85802567673103,0.010449677752017402,Amino acid transporter heavy chain SLC3A2,0.07281972747369975,False
Female - Male,X1hr,102.34874859042392,155.65160580663644,18.0,0.6575502260964154,0.5191481207459948,Amino acid transporter heavy chain SLC3A2,0.6785165514207535,False
Female - Male,X2hrs,-88.75460257754327,32.00688241221396,18.0,-2.7729849297560496,0.012541328119263574,Amino acid transporter heavy chain SLC3A2,0.07890374047504288,False
Female - Male,X3min,3206.1769531250097,5334.7009574963995,18.0,0.6010040635210571,0.5553307790347741,Haptoglobin-related protein,0.7062062443699174,False
Female - Male,X1hr,-941.0475109867251,5778.420777748603,18.0,-0.16285548373536368,0.8724466203845015,Haptoglobin-related protein,0.9198689042844993,False
Female - Male,X2hrs,-1655.056712827484,4984.685632168048,18.0,-0.3320283032789032,0.743702935600394,Haptoglobin-related protein,0.8399086932580031,False
Female - Male,X3min,-3143.9045410156223,1878.289019168724,18.0,-1.6738129802872526,0.11145550127219606,Alpha-1-acid glycoprotein 1,0.27448787476544007,False
Female - Male,X1hr,-2259.0034948007997,1294.8237044402294,18.0,-1.7446417508840701,0.09809737592243879,Alpha-1-acid glycoprotein 1,0.25322810993931877,False
Female - Male,X2hrs,-5036.183170950913,1508.7336945650563,18.0,-3.338019949506572,0.003660606981471731,Alpha-1-acid glycoprotein 1,0.03747862161679994,True
Female - Male,X3min,171.73266601562636,333.05202509906445,18.0,0.5156331536027906,0.6123859915838407,Serum paraoxonase/arylesterase 1,0.7487394421095896,False
Female - Male,X1hr,-458.75012187953354,330.6691019114192,18.0,-1.3873389416421045,0.18227721774118233,Serum paraoxonase/arylesterase 1,0.3654972915107218,False
Female - Male,X2hrs,-69.91088384632201,264.2387877133842,18.0,-0.26457464648283685,0.7943429049895284,Serum paraoxonase/arylesterase 1,0.8760886262269177,False
Female - Male,X3min,-127.84749603271491,24.786186667657592,18.0,-5.158013927149895,6.603338015956435e-05,Target of Nesh-SH3,0.004275661365331792,True
Female - Male,X1hr,-103.40516694049283,17.660184257875752,18.0,-5.855271124613446,1.517873431981774e-05,Target of Nesh-SH3,0.003268025051401966,True
Female - Male,X2hrs,-135.9591221792618,21.463917285086996,18.0,-6.334310758536393,5.72459231995442e-06,Target of Nesh-SH3,0.002509214222960496,True
Female - Male,X3min,-39.98661879419518,19.902507868019892,18.0,-2.0091246318986364,0.05976275138809916,Intercellular adhesion molecule 1,0.18887516819157285,False
Female - Male,X1hr,-42.73343675003227,17.07709484292569,18.0,-2.5023832884394213,0.022197764376677354,Intercellular adhesion molecule 1,0.10813581768450348,False
Female - Male,X2hrs,-48.823636278293684,15.43096901712926,18.0,-3.164003260203338,0.005370779673276376,Intercellular adhesion molecule 1,0.04769252349869421,True
Female - Male,X3min,19.430273437496666,3532.0139751218953,18.0,0.005501188153375327,0.9956712204226147,Complement C4-A,0.9982406945398343,False
Female - Male,X1hr,-1943.6746940001624,3780.8017407736074,18.0,-0.5140906155006314,0.6134423962997911,Complement C4-A,0.7494414181209712,False
Female - Male,X2hrs,-3784.492897830286,3328.926482582707,18.0,-1.1368508489542049,0.27050934544814687,Complement C4-A,0.4595294667281249,False
Female - Male,X3min,-202.9599395751953,69.18124867888413,18.0,-2.9337420681327457,0.008873727468070153,Coagulation factor XIII A chain,0.06574524107754993,False
Female - Male,X1hr,-181.62707370675483,87.1971708278544,18.0,-2.082946866078086,0.05178945310071908,Coagulation factor XIII A chain,0.17657590377870594,False
Female - Male,X2hrs,-314.6734443184254,56.71826732789096,18.0,-5.548008765840527,2.8810374175748488e-05,Coagulation factor XIII A chain,0.003268025051401966,True
Female - Male,X3min,4283.105371093756,8774.72700178258,18.0,0.4881183619984583,0.6313589083570673,Immunoglobulin mu heavy chain,0.762583052000557,False
Female - Male,X1hr,1230.2901703531213,9691.88797018394,18.0,0.12694019721833125,0.9003950265089871,Immunoglobulin mu heavy chain,0.94149626479946,False
Female - Male,X2hrs,2226.8557025695895,9832.947235355183,18.0,0.22646879407251816,0.8233887020525628,Immunoglobulin mu heavy chain,0.8921528702229118,False
Female - Male,X3min,-80.94420831212818,51.892452609941884,18.0,-1.5598454927647876,0.13620532088422535,Oncoprotein-induced transcript 3 protein,0.3067580705131684,False
Female - Male,X1hr,-24.27172430040307,72.52579427799728,18.0,-0.3346633365691601,0.7417472196555193,Oncoprotein-induced transcript 3 protein,0.8386308097018028,False
Female - Male,X2hrs,-27.294749209520173,67.19110356854351,18.0,-0.40622564238249254,0.6893656101683955,Oncoprotein-induced transcript 3 protein,0.8048641308803055,False
Female - Male,X3min,-68.39400024414064,61.626610423215105,18.0,-1.1098127866266068,0.28168683734374206,Peroxiredoxin-2,0.4696795549701451,False
Female - Male,X1hr,213.50637734925976,217.92964712030775,18.0,0.9797032215235676,0.3402177904717586,Peroxiredoxin-2,0.5281702761169959,False
Female - Male,X2hrs,-48.860508271166744,38.46986449601067,18.0,-1.2700982681192854,0.22022311358391816,Peroxiredoxin-2,0.4108363967699986,False
Female - Male,X3min,-123.79531669616694,25.04828557745262,18.0,-4.942267059091745,0.00010521463816698257,Tissue factor pathway inhibitor,0.005500330314008044,True
Female - Male,X1hr,-114.8406167043348,29.025082355538004,18.0,-3.956599168181969,0.0009250765218526109,Tissue factor pathway inhibitor,0.017848315026934094,True
Female - Male,X2hrs,-180.25795338633947,53.41330870761693,18.0,-3.3747760202062533,0.0033747998069444756,Tissue factor pathway inhibitor,0.03593999034278631,True
Female - Male,X3min,0.21154144394309807,8.421532217364737,18.0,0.02511911591419329,0.9802363374801712,Progranulin,0.9865850184224003,False
Female - Male,X1hr,-19.787556694100925,12.370720043750191,18.0,-1.5995476919791578,0.12710384748288767,Progranulin,0.29746894425964976,False
Female - Male,X2hrs,-22.671835561103237,11.710662024705256,18.0,-1.9359994775080926,0.06873234750751822,Progranulin,0.20422575148505415,False
Female - Male,X3min,135.7556880588892,225.59741294755963,18.0,0.6017608370821422,0.5548378295761759,Histone H2B type 1-K;Histone H2B type F-S,0.7062062443699174,False
Female - Male,X1hr,431.9596956382135,382.4641121139165,18.0,1.129412360419204,0.27355103747309467,Histone H2B type 1-K;Histone H2B type F-S,0.4595772488132356,False
Female - Male,X2hrs,98.07163540283032,43.57306495435752,18.0,2.250739889552403,0.03713994573260218,Histone H2B type 1-K;Histone H2B type F-S,0.14176470685284895,False
Female - Male,X3min,-1094.9524414062519,416.2705391206613,18.0,-2.6303865839731357,0.016977534878382373,Hemoglobin subunit delta,0.09224856363988183,False
Female - Male,X1hr,-969.9688001615115,474.2091738139844,18.0,-2.0454450350679974,0.05571103599288171,Hemoglobin subunit delta,0.18188014691793736,False
Female - Male,X2hrs,-981.8523314165136,797.6486580206241,18.0,-1.2309333458329803,0.23419040711874287,Hemoglobin subunit delta,0.42614975721607307,False
Female - Male,X3min,-83.66106922474171,138.9848842400268,18.0,-0.6019436551118689,0.5547187798338153,Glutathione S-transferase P,0.7062062443699174,False
Female - Male,X1hr,111.84958621861566,60.24272375907016,18.0,1.8566488903446294,0.07980483521325489,Glutathione S-transferase P,0.22627508891847753,False
Female - Male,X2hrs,79.2856834595406,37.61833621837104,18.0,2.1076339740092274,0.04934635445416169,Glutathione S-transferase P,0.17095985485485202,False
Female - Male,X3min,-73.57582975293352,62.25193352549858,18.0,-1.1819043294903706,0.2526229864149136,Annexin A6,0.4466436168726819,False
Female - Male,X1hr,-14.137420295230358,42.28749870704924,18.0,-0.3343167774752702,0.7420043320461099,Annexin A6,0.8386308097018028,False
Female - Male,X2hrs,4.448388359256554,71.0953843747921,18.0,0.06256929895485303,0.9507990416630734,Annexin A6,0.9739892621914411,False
Female - Male,X3min,-805.2771972656226,565.6320758492634,18.0,-1.42367668250876,0.17164400290326853,Complement factor H-related protein 1,0.3556463740155724,False
Female - Male,X1hr,-221.4532231782154,462.88444230363046,18.0,-0.4784201043269294,0.6381106527244369,Complement factor H-related protein 1,0.7675108005679372,False
Female - Male,X2hrs,-229.86870760884716,448.6488966749562,18.0,-0.5123576794960578,0.6146302345185837,Complement factor H-related protein 1,0.749713802544646,False
Female - Male,X3min,-106.25480326214817,78.1094735826929,18.0,-1.3603318315755693,0.1905184987697297,Protein KPLCE,0.37763488148999996,False
Female - Male,X1hr,17.075953100378335,91.72055397152536,18.0,0.18617368039097937,0.8543906245412367,Protein KPLCE,0.911271812310969,False
Female - Male,X2hrs,-232.18058801806,159.7095234719696,18.0,-1.4537679592964894,0.16322472596562043,Protein KPLCE,0.3447852527766288,False
Female - Male,X3min,-33.90176618694512,49.55823866280581,18.0,-0.684079319638712,0.5026379234403577,Immunoglobulin heavy variable 4-4,0.6631834138956535,False
Female - Male,X1hr,-36.698533690535186,22.83413064796313,18.0,-1.607178931237691,0.12541451263504208,Immunoglobulin heavy variable 4-4,0.2944020432550686,False
Female - Male,X2hrs,-33.53930717249343,27.568505652926728,18.0,-1.2165805283295372,0.23947635039859483,Immunoglobulin heavy variable 4-4,0.4327281959528097,False
Female - Male,X3min,108.6922241210936,403.7397264733724,18.0,0.2692135972610615,0.7908270121408412,Alpha-1B-glycoprotein,0.8747258860448586,False
Female - Male,X1hr,-17.16621846554208,393.07869983004326,18.0,-0.04367119987158881,0.9656473125069157,Alpha-1B-glycoprotein,0.9814361828879968,False
Female - Male,X2hrs,-134.87840304210607,369.76127569681677,18.0,-0.36477157535744414,0.7195323559091673,Alpha-1B-glycoprotein,0.8259686691921022,False
Female - Male,X3min,-334.783898925784,227.61277848934165,18.0,-1.470848434555096,0.15859793128913932,Properdin,0.34003673787049954,False
Female - Male,X1hr,-279.3406072628351,195.88465067774752,18.0,-1.426046432409766,0.17096840822765846,Properdin,0.35519372511468084,False
Female - Male,X2hrs,-238.67953825092744,204.30655412809006,18.0,-1.168242199911449,0.2579500708269477,Properdin,0.4498781282803056,False
Female - Male,X3min,-375.80984191894333,161.37099555764274,18.0,-2.328856190173913,0.03171653928604705,Immunoglobulin heavy variable 3-53,0.12970395276451874,False
Female - Male,X1hr,-329.6850675499944,154.73120254101084,18.0,-2.130695439160778,0.047159320519188974,Immunoglobulin heavy variable 3-53,0.16543021238559744,False
Female - Male,X2hrs,-237.40239049017094,169.23230846713554,18.0,-1.4028195481140875,0.17768406124151875,Immunoglobulin heavy variable 3-53,0.36236355796498704,False
Female - Male,X3min,53.999972534179676,185.33500266346164,18.0,0.2913641339096365,0.7741038268029405,Calmodulin-like protein 5,0.8617172971717547,False
Female - Male,X1hr,349.708579581385,302.2763938775831,18.0,1.1569166056778193,0.2624298204969911,Calmodulin-like protein 5,0.4521241031622219,False
Female - Male,X2hrs,57.038276733269285,52.564466306505864,18.0,1.085110926470297,0.2921924481105418,Calmodulin-like protein 5,0.47832658005067497,False
Female - Male,X3min,-435.755728149414,307.1728044555531,18.0,-1.4186012623147646,0.17309825234720028,Carboxypeptidase B2,0.35756699860610475,False
Female - Male,X1hr,-197.86802529938282,315.26303805383395,18.0,-0.6276283655732428,0.5381289105071282,Carboxypeptidase B2,0.6939853335502715,False
Female - Male,X2hrs,-354.8329424775086,270.2643103106573,18.0,-1.3129108392804185,0.20570608038651925,Carboxypeptidase B2,0.39562778331763726,False
Female - Male,X3min,-104.87417144775367,58.99183809624111,18.0,-1.7777742622065564,0.09233971612989283,"Sushi, nidogen and EGF-like domain-containing protein 1",0.24445642055511663,False
Female - Male,X1hr,-60.548758809113934,12.996770592317606,18.0,-4.658754140425032,0.00019534103572159498,"Sushi, nidogen and EGF-like domain-containing protein 1",0.008032937202378227,True
Female - Male,X2hrs,-81.76122498364371,30.37675121784862,18.0,-2.691572393548223,0.014916152416293824,"Sushi, nidogen and EGF-like domain-containing protein 1",0.08592112419055728,False
Female - Male,X3min,-43.11944198608397,23.265039482601175,18.0,-1.853400765484665,0.08028988108755636,Proteasome subunit alpha type-5,0.22627508891847753,False
Female - Male,X1hr,-29.204834449495383,22.164547737337358,18.0,-1.3176372825464102,0.20415069192536123,Proteasome subunit alpha type-5,0.3931228937447477,False
Female - Male,X2hrs,55.064583427966134,70.04020441491467,18.0,0.7861853615070323,0.4419865398823135,Proteasome subunit alpha type-5,0.6078292769708984,False
Female - Male,X3min,379.6779975891101,592.7876894641939,18.0,0.6404957530954997,0.5299204207461705,Bifunctional heparan sulfate N-deacetylase/N-sulfotransferase 4,0.6871170574344524,False
Female - Male,X1hr,1142.2388597890472,445.13066405504577,18.0,2.5660754291413985,0.019434841974828185,Bifunctional heparan sulfate N-deacetylase/N-sulfotransferase 4,0.10000577625457946,False
Female - Male,X2hrs,201.72084531678436,927.0910212972381,18.0,0.21758472542914414,0.8302001283260537,Bifunctional heparan sulfate N-deacetylase/N-sulfotransferase 4,0.897170375117307,False
Female - Male,X3min,-2457.047631835937,730.2605737327764,18.0,-3.364617672396815,0.0034515133582276253,Immunoglobulin heavy variable 3-9,0.036232398901733236,True
Female - Male,X1hr,-2129.5514921168137,822.7687319346933,18.0,-2.5882746991481995,0.01855079059286257,Immunoglobulin heavy variable 3-9,0.09726528755880384,False
Female - Male,X2hrs,-2387.8516408998657,1093.2122783104744,18.0,-2.1842524899100257,0.04241735799125046,Immunoglobulin heavy variable 3-9,0.15216222363584428,False
Female - Male,X3min,-62.39549255371072,21.272287517085832,18.0,-2.9331820803754582,0.008884492037506748,Neural cell adhesion molecule L1-like protein,0.06574524107754993,False
Female - Male,X1hr,-73.52172710854371,19.94151114642566,18.0,-3.6868683906997606,0.0016872884573967692,Neural cell adhesion molecule L1-like protein,0.023683925966985965,True
Female - Male,X2hrs,-100.65448017688556,29.723505781359556,18.0,-3.386359634603022,0.00328937287527768,Neural cell adhesion molecule L1-like protein,0.03587867005950373,True
Female - Male,X3min,-46.93471603393552,26.11669801222664,18.0,-1.7971152406771653,0.08911655365099469,Proteasome subunit alpha type-2,0.24051709601133522,False
Female - Male,X1hr,6.713681995234482,21.577490533965214,18.0,0.31114285438644723,0.7592665788695807,Proteasome subunit alpha type-2,0.8543810742674355,False
Female - Male,X2hrs,0.5930023646205751,21.06309598024426,18.0,0.028153618308380243,0.9778494278713923,Proteasome subunit alpha type-2,0.9865850184224003,False
Female - Male,X3min,-30.696300125121883,11.971428037578033,18.0,-2.564130196394859,0.019514180771185875,Intercellular adhesion molecule 3,0.10008263009380479,False
Female - Male,X1hr,-22.1045819699151,10.613393103969154,18.0,-2.082706421346866,0.051813778714987074,Intercellular adhesion molecule 3,0.17657590377870594,False
Female - Male,X2hrs,-47.29547074015429,10.495215154330394,18.0,-4.506384104059065,0.00027312676025701956,Intercellular adhesion molecule 3,0.009870674079986241,True
Female - Male,X3min,-32.02163925170913,10.488181103736183,18.0,-3.053116544707845,0.006845747275066315,Receptor-type tyrosine-protein phosphatase eta,0.056586655667303476,False
Female - Male,X1hr,-55.955276939014,10.187011844698409,18.0,-5.492805720858625,3.236518421540636e-05,Receptor-type tyrosine-protein phosphatase eta,0.003268025051401966,True
Female - Male,X2hrs,-45.30612100067927,11.19409850363008,18.0,-4.04732198720488,0.000755836652414395,Receptor-type tyrosine-protein phosphatase eta,0.015872569700702298,True
Female - Male,X3min,-62.15408858748017,20.659563821685175,18.0,-3.008489875388392,0.007544788514278473,ADAMTS-like protein 4,0.060436089439117255,False
Female - Male,X1hr,-43.679912775605224,18.999559664361147,18.0,-2.2989960581843802,0.03369653779163094,ADAMTS-like protein 4,0.13326752223124474,False
Female - Male,X2hrs,-71.13354195501121,15.266581030217546,18.0,-4.659428447942255,0.00019505222904946736,ADAMTS-like protein 4,0.008032937202378227,True
Female - Male,X3min,-52.09511299133229,119.17906116758623,18.0,-0.4371163229594301,0.6672260384685011,Immunoglobulin lambda variable 3-21,0.7884937367148674,False
Female - Male,X1hr,-34.13839790112911,36.021877519920935,18.0,-0.947712897037357,0.3558264124747105,Immunoglobulin lambda variable 3-21,0.5373705004720117,False
Female - Male,X2hrs,-95.03770604311762,109.66674424992378,18.0,-0.8666046092016055,0.3975638001860039,Immunoglobulin lambda variable 3-21,0.5678438837215534,False
Female - Male,X3min,-45.790048980712825,12.758871074535282,18.0,-3.5888793540756616,0.0020984694161067284,Cartilage oligomeric matrix protein,0.027426938531174404,True
Female - Male,X1hr,-47.82901742271065,10.74609059110587,18.0,-4.450829538166829,0.00030875321854557843,Cartilage oligomeric matrix protein,0.010120805411813582,True
Female - Male,X2hrs,-44.665928541739355,9.78481888172662,18.0,-4.564819142963803,0.00024013296001175355,Cartilage oligomeric matrix protein,0.00888491952043488,True
Female - Male,X3min,-179.74394531249973,47.55016702068394,18.0,-3.7800907246931974,0.0013708801176054504,Neural cell adhesion molecule 1,0.02151866366423101,True
Female - Male,X1hr,-120.66710652944352,20.322719274394355,18.0,-5.9375472789942165,1.281092280427468e-05,Neural cell adhesion molecule 1,0.003268025051401966,True
Female - Male,X2hrs,-170.98071862147452,20.804823047525094,18.0,-8.218321214792264,1.666660925000072e-07,Neural cell adhesion molecule 1,0.0002589991077450112,True
Female - Male,X3min,-102.98031768798761,150.79079213194134,18.0,-0.6829350534738238,0.5033437876037945,Immunoglobulin lambda variable 2-11,0.6631834138956535,False
Female - Male,X1hr,-242.41326808372347,200.10442864389157,18.0,-1.2114337984749215,0.2413939025919888,Immunoglobulin lambda variable 2-11,0.43417375535642433,False
Female - Male,X2hrs,-39.32420422318011,185.06990047545477,18.0,-0.21248298141488195,0.8341179481117966,Immunoglobulin lambda variable 2-11,0.8995276137166773,False
Female - Male,X3min,-196.09550628662123,72.11215035506324,18.0,-2.71931297737057,0.014062348794245413,Immunoglobulin kappa variable 1D-33;Immunoglobulin kappa variable 1-33,0.08340797719945563,False
Female - Male,X1hr,-231.05130666401004,81.98080074369423,18.0,-2.818358744584255,0.011379766602496821,Immunoglobulin kappa variable 1D-33;Immunoglobulin kappa variable 1-33,0.07514711165913943,False
Female - Male,X2hrs,-152.92801185476966,73.86278856736365,18.0,-2.0704337707924156,0.05306923986724024,Immunoglobulin kappa variable 1D-33;Immunoglobulin kappa variable 1-33,0.17773620421054168,False
Female - Male,X3min,-134.17781982421926,784.7396234241926,18.0,-0.17098387263629883,0.8661438256946725,Beta-2-glycoprotein 1,0.9175102284454814,False
Female - Male,X1hr,27.947454071036923,785.4808224273912,18.0,0.03558005908364535,0.972008817990986,Beta-2-glycoprotein 1,0.984548365505914,False
Female - Male,X2hrs,-133.59855214042113,632.4872801334012,18.0,-0.21122725521411775,0.8350829572693438,Beta-2-glycoprotein 1,0.8999437694844384,False
Female - Male,X3min,476.04584960937774,935.3980072492488,18.0,0.5089233095645554,0.6169875589627312,Vitamin D-binding protein,0.7514096133448936,False
Female - Male,X1hr,766.9174946024191,916.1418896472399,18.0,0.8371165026606527,0.41350385520245136,Vitamin D-binding protein,0.5799503528741963,False
Female - Male,X2hrs,316.16474091784903,787.7326441954731,18.0,0.40136046569550804,0.6928796380824067,Vitamin D-binding protein,0.8077531564741636,False
Female - Male,X3min,-210.97732849121059,124.9198203491676,18.0,-1.688901952480405,0.10848574896464833,Filamin-A,0.2710399580242178,False
Female - Male,X1hr,-67.33018937459357,20.174620141733097,18.0,-3.3373708600993557,0.003665862603445039,Filamin-A,0.03747862161679994,True
Female - Male,X2hrs,-102.63317001120801,37.04628205530287,18.0,-2.7704040545282442,0.012610710136512797,Filamin-A,0.0790203369037939,False
Female - Male,X3min,-16.55980757084546,19.433278509484992,18.0,-0.8521365843011488,0.40533385219802887,Reelin,0.5729272212722897,False
Female - Male,X1hr,-35.02846015208967,18.26814057216493,18.0,-1.9174617150396986,0.07118913644769652,Reelin,0.209522572044925,False
Female - Male,X2hrs,-18.098602857727425,22.165104589875394,18.0,-0.8165358653888116,0.4248689377907844,Reelin,0.5932132338965669,False
Female - Male,X3min,725.9416511662622,253.3682065348333,18.0,2.8651647382855794,0.010290252092013794,Immunoglobulin lambda variable 5-39,0.07268659886813379,False
Female - Male,X1hr,566.9804423619654,285.0329414291985,18.0,1.9891751441747023,0.06209928212625155,Immunoglobulin lambda variable 5-39,0.19331394246598782,False
Female - Male,X2hrs,537.6796753614693,277.0026137752263,18.0,1.9410635446125046,0.06807447992506734,Immunoglobulin lambda variable 5-39,0.20343796500683584,False
Female - Male,X3min,24.603848266601744,70.01387530033875,18.0,0.3514138899048015,0.7293577956757422,Fatty acid-binding protein 5,0.831564207248792,False
Female - Male,X1hr,59.796190770456626,36.3880794284592,18.0,1.6432906520394668,0.11767585982625939,Fatty acid-binding protein 5,0.28078444840729716,False
Female - Male,X2hrs,55.219801119795676,47.34380664042236,18.0,1.166357440144003,0.2586915579060751,Fatty acid-binding protein 5,0.4500135837081621,False
Female - Male,X3min,-153.17499694824215,62.3553251766873,18.0,-2.45648621852604,0.024413986089691392,"HLA class I histocompatibility antigen, A alpha chain",0.11291468566482268,False
Female - Male,X1hr,-135.0748840167962,52.534427070906695,18.0,-2.571168880065697,0.019228543486414004,"HLA class I histocompatibility antigen, A alpha chain",0.09960385525962454,False
Female - Male,X2hrs,-215.49863186361992,77.48510330873492,18.0,-2.7811620900210725,0.012323910548816134,"HLA class I histocompatibility antigen, A alpha chain",0.07816880405249091,False
Female - Male,X3min,78.88838220381471,71.59040046336186,18.0,1.1019407866587891,0.2850041950555669,Low affinity immunoglobulin gamma Fc region receptor III-A,0.4736861167019797,False
Female - Male,X1hr,34.03625189343856,58.60478873276147,18.0,0.5807759507272395,0.5685924756382322,Low affinity immunoglobulin gamma Fc region receptor III-A,0.7125747638240426,False
Female - Male,X2hrs,-165.03867639168539,79.94844367605766,18.0,-2.0643138102900918,0.053705538571336135,Low affinity immunoglobulin gamma Fc region receptor III-A,0.17859683622499145,False
Female - Male,X3min,-22.99424172445102,213.31778796753713,18.0,-0.10779336286737748,0.9153520513758808,Heat shock 70 kDa protein 1A;Heat shock 70 kDa protein 1B,0.9510286530067664,False
Female - Male,X1hr,67.83346511586493,60.07358486804596,18.0,1.1291729179283017,0.27364936837407033,Heat shock 70 kDa protein 1A;Heat shock 70 kDa protein 1B,0.4595772488132356,False
Female - Male,X2hrs,41.54406393179283,35.73572310981154,18.0,1.1625359812681826,0.2601998820400483,Heat shock 70 kDa protein 1A;Heat shock 70 kDa protein 1B,0.4507810665442977,False
Female - Male,X3min,1060.7165405273429,597.942346498942,18.0,1.773944506084952,0.09298985486943208,Apolipoprotein D,0.2453416544432894,False
Female - Male,X1hr,-550.303164707917,613.753060059597,18.0,-0.896619830546313,0.3817572257873957,Apolipoprotein D,0.5565203835587362,False
Female - Male,X2hrs,814.0716701146151,568.3298002196298,18.0,1.4323930749364524,0.16916967348993545,Apolipoprotein D,0.35239902493747943,False
Female - Male,X3min,-19.299973471039955,6.913476585005656,18.0,-2.791645163433235,0.012050469927800843,Plexin-B1,0.07739492096163435,False
Female - Male,X1hr,-24.169336073063967,6.739576455545713,18.0,-3.586180264069271,0.0021111042818630593,Plexin-B1,0.027426938531174404,True
Female - Male,X2hrs,-24.67645325656291,8.732205116786032,18.0,-2.825913148687614,0.011196702795035086,Plexin-B1,0.07498885900282908,False
Female - Male,X3min,-186.12286911010753,72.95805210604959,18.0,-2.5510942759212516,0.02005383099429585,Immunoglobulin heavy variable 1-58,0.10217591267257622,False
Female - Male,X1hr,-266.0749516410306,71.82686359105652,18.0,-3.704393291567318,0.0016227036636633626,Immunoglobulin heavy variable 1-58,0.02334890271604505,True
Female - Male,X2hrs,-230.12117645060394,77.33118066431318,18.0,-2.9757877026284736,0.008100573476367839,Immunoglobulin heavy variable 1-58,0.06262831433967972,False
Female - Male,X3min,-183.3781127929685,152.15336291606505,18.0,-1.205218926998863,0.24372502208049734,Apolipoprotein C-IV,0.43584428574579154,False
Female - Male,X1hr,-26.727899160243147,205.93315288643333,18.0,-0.12978919996909324,0.8981725923352939,Apolipoprotein C-IV,0.9411465433179681,False
Female - Male,X2hrs,-198.17424154370823,119.90522358131119,18.0,-1.6527573663988089,0.11571566494351829,Apolipoprotein C-IV,0.2792563901496939,False
Female - Male,X3min,-33.71977157592787,35.07840236716395,18.0,-0.9612687380395676,0.34915331624108503,Monocyte differentiation antigen CD14,0.5329904257747016,False
Female - Male,X1hr,-37.0603925458807,35.68320147682504,18.0,-1.0385949413745876,0.3127443362264356,Monocyte differentiation antigen CD14,0.4981508600935015,False
Female - Male,X2hrs,-59.24687349418561,33.120947993969054,18.0,-1.788803675093291,0.09048943864891777,Monocyte differentiation antigen CD14,0.24286802704735444,False
Female - Male,X3min,1.618975255528844,12.770632186309768,18.0,0.12677330549574514,0.9005252409410545,Protein MENT,0.94149626479946,False
Female - Male,X1hr,-20.30039531117577,13.18465728398252,18.0,-1.5396983686362373,0.1410289511192643,Protein MENT,0.31579105192988,False
Female - Male,X2hrs,-0.6504190375864647,7.640992830258846,18.0,-0.08512232010096404,0.9331037951676752,Protein MENT,0.9628441551730195,False
Female - Male,X3min,1337.8523713896088,606.6008013726204,18.0,2.2054906099073848,0.04066105290673864,Immunoglobulin epsilon heavy chain,0.14867594404016904,False
Female - Male,X1hr,896.489477171643,826.770941136405,18.0,1.0843263019614708,0.29253076879649437,Immunoglobulin epsilon heavy chain,0.47832658005067497,False
Female - Male,X2hrs,2293.321716529835,658.7718888668777,18.0,3.4812076156960328,0.0026656428118301324,Immunoglobulin epsilon heavy chain,0.031912126799346095,True
Female - Male,X3min,-6420.095898437494,4737.355042170724,18.0,-1.3552068277102816,0.19211552955708228,Complement factor H,0.38031532857542144,False
Female - Male,X1hr,-7823.001203221109,5220.961728184329,18.0,-1.4983831735425648,0.15136647754943283,Complement factor H,0.33130071283354734,False
Female - Male,X2hrs,-4138.454760479182,3285.00433924257,18.0,-1.259801915949187,0.2238308212476842,Complement factor H,0.41507529381730457,False
Female - Male,X3min,-56.59852402653569,24.280965859421983,18.0,-2.3309832217639403,0.0315797043061372,Stabilin-1,0.12965077300055733,False
Female - Male,X1hr,-52.533506629428096,19.51280780016582,18.0,-2.692257678517269,0.014894476603535258,Stabilin-1,0.08592112419055728,False
Female - Male,X2hrs,-86.84360461436057,20.01000944271306,18.0,-4.340008177556656,0.000394521501837734,Stabilin-1,0.01039129515009896,True
Female - Male,X3min,-220.6724761962891,57.581688816992106,18.0,-3.8323376880736713,0.0012202098294235863,Macrophage receptor MARCO,0.020837429394772015,True
Female - Male,X1hr,-227.03502649256856,58.94653884469482,18.0,-3.851541259966643,0.0011690905139640948,Macrophage receptor MARCO,0.020186296207780036,True
Female - Male,X2hrs,-250.4900435399971,48.994692284360546,18.0,-5.112595504961571,7.28088606966113e-05,Macrophage receptor MARCO,0.0045257987809013585,True
Female - Male,X3min,100.6703048485319,131.34929931644078,18.0,0.7664319899111267,0.4533543581980314,Protein POF1B,0.6185361480594739,False
Female - Male,X1hr,140.17614431570053,126.89972226627515,18.0,1.1046213641158906,0.283871361283936,Protein POF1B,0.47281467892308304,False
Female - Male,X2hrs,-37.05050700148802,42.16603976722229,18.0,-0.8786812137451234,0.3911531586443626,Protein POF1B,0.5628259338271662,False
Female - Male,X3min,-691.3270660400395,608.1898842825836,18.0,-1.136696094272472,0.2705723694055562,Phosphatidylcholine-sterol acyltransferase,0.4595294667281249,False
Female - Male,X1hr,-70.36446905411904,84.89932371696334,18.0,-0.8287989347088267,0.4180733158363896,Phosphatidylcholine-sterol acyltransferase,0.5853026421709454,False
Female - Male,X2hrs,-224.70365705807382,106.91423911287811,18.0,-2.101718713265459,0.04992200595872442,Phosphatidylcholine-sterol acyltransferase,0.17201507152961806,False
Female - Male,X3min,882.1172851562549,1534.8181834600625,18.0,0.5747373172030239,0.5725830836642449,Clusterin,0.7151437966638564,False
Female - Male,X1hr,-2431.6616147566006,1498.2846881927708,18.0,-1.622963669000494,0.12198041482907225,Clusterin,0.28808140523461745,False
Female - Male,X2hrs,-2127.8428721383148,1057.4433779438505,18.0,-2.0122523026015884,0.05940368515127868,Clusterin,0.18869640900794804,False
Female - Male,X3min,-78.56474838256827,29.045723365818496,18.0,-2.7048645817175485,0.014501041624385466,Platelet-activating factor acetylhydrolase,0.08503629692186797,False
Female - Male,X1hr,-74.22270041680305,31.14242229089899,18.0,-2.3833309985811146,0.028380378153412853,Platelet-activating factor acetylhydrolase,0.12190768254860651,False
Female - Male,X2hrs,-96.48564373589599,30.294050096008895,18.0,-3.1849700990825105,0.005129131883253534,Platelet-activating factor acetylhydrolase,0.046108749578602615,True
Female - Male,X3min,-204.4251922607425,44.029833546476645,18.0,-4.642879061647077,0.0002022673192105703,Vasorin,0.008059574719313494,True
Female - Male,X1hr,-192.02569090500756,40.021817369874576,18.0,-4.7980252653281585,0.00014401718995134494,Vasorin,0.006660230843852518,True
Female - Male,X2hrs,-299.72751166518043,53.53846244377969,18.0,-5.59835860022917,2.5917875090590726e-05,Vasorin,0.003268025051401966,True
Female - Male,X3min,36.28713093864633,38.63980875127469,18.0,0.9391125916856213,0.36010503832405305,Myeloperoxidase,0.542251191429824,False
Female - Male,X1hr,36.55238933322702,25.190384791591956,18.0,1.4510452950852688,0.16397235353056006,Myeloperoxidase,0.3447852527766288,False
Female - Male,X2hrs,42.16958464153545,44.534191323966546,18.0,0.9469035675256877,0.35622756310869086,Myeloperoxidase,0.5374540126901997,False
Female - Male,X3min,-18.3998839149332,40.082271645947266,18.0,-0.45905292188681673,0.6516911753454795,Immunoglobulin lambda variable 5-52,0.7753922426024701,False
Female - Male,X1hr,-20.4587628442181,48.0781759284217,18.0,-0.42553117811035296,0.6754937853146266,Immunoglobulin lambda variable 5-52,0.795756770209527,False
Female - Male,X2hrs,-12.886481709124764,54.66464376446557,18.0,-0.2357370472338383,0.8162980865410661,Immunoglobulin lambda variable 5-52,0.8879572656040078,False
Female - Male,X3min,-51.50946044921935,150.65221981567433,18.0,-0.34190973430223653,0.736378320792487,Carboxypeptidase N catalytic chain,0.8352787667967334,False
Female - Male,X1hr,473.25092672661583,524.3880651917502,18.0,0.9024822610208809,0.3787194103617134,Carboxypeptidase N catalytic chain,0.5546936509916142,False
Female - Male,X2hrs,-144.8027795885623,235.46592727571732,18.0,-0.6149627730172884,0.546275824900305,Carboxypeptidase N catalytic chain,0.7021609858520049,False
Female - Male,X3min,-21.388624060892745,26.539240996702922,18.0,-0.8059244822996234,0.43080546308867784,Fibrinogen gamma chain,0.5982284253823221,False
Female - Male,X1hr,56.347316919465676,49.940547875155254,18.0,1.1282879206757301,0.2740130341778869,Fibrinogen gamma chain,0.4595772488132356,False
Female - Male,X2hrs,5.94348872442791,24.610743589725477,18.0,0.2414997621977259,0.8118975316038,Fibrinogen gamma chain,0.8841547050541733,False
Female - Male,X3min,-37.87641601562486,37.90095369904037,18.0,-0.9993525840112004,0.3308698364986493,Soluble scavenger receptor cysteine-rich domain-containing protein SSC5D,0.5193653797160617,False
Female - Male,X1hr,-42.870914582476985,37.994299558846826,18.0,-1.128351228480396,0.2739870076464642,Soluble scavenger receptor cysteine-rich domain-containing protein SSC5D,0.4595772488132356,False
Female - Male,X2hrs,-57.576269024388594,46.15617594074158,18.0,-1.2474228605573585,0.22822877939401048,Soluble scavenger receptor cysteine-rich domain-containing protein SSC5D,0.4186986823281346,False
Female - Male,X3min,-11.397589111325766,131.4541467691277,18.0,-0.08670391456987125,0.9318641000202934,Tetranectin,0.962203861416303,False
Female - Male,X1hr,-1.0355050759212416,153.53906065232488,18.0,-0.0067442452202182476,0.9946930968399644,Tetranectin,0.9981751772320276,False
Female - Male,X2hrs,-91.87208013842358,194.02109666628587,18.0,-0.47351593057141894,0.6415373372735029,Tetranectin,0.7704397388895082,False
Female - Male,X3min,-12559.64676513672,5248.2736258705,18.0,-2.3931006004004844,0.02781784125023912,Apolipoprotein(a),0.12063880979983022,False
Female - Male,X1hr,-16088.311797363289,4885.980776048537,18.0,-3.2927497128579506,0.004045527580645739,Apolipoprotein(a),0.03953930729763194,True
Female - Male,X2hrs,-14745.427523697688,3687.7337121485784,18.0,-3.9985065828157595,0.0008426273746768709,Apolipoprotein(a),0.01657522709174503,True
Female - Male,X3min,459.79431152343943,406.4709899218691,18.0,1.1311860450651596,0.27282346137596647,Alpha-2-antiplasmin,0.4595772488132356,False
Female - Male,X1hr,215.96157268017157,316.16911967357134,18.0,0.6830571337995975,0.5032684527752245,Alpha-2-antiplasmin,0.6631834138956535,False
Female - Male,X2hrs,173.99636876657092,467.3811731772202,18.0,0.3722793701418424,0.714031753566831,Alpha-2-antiplasmin,0.8249853866489631,False
Female - Male,X3min,202.1230491112181,288.90032266500515,18.0,0.6996290182257436,0.49310227989182964,Retroviral-like aspartic protease 1,0.6554534292179951,False
Female - Male,X1hr,442.5230850499837,284.7328658956008,18.0,1.5541693216835661,0.13755013975257002,Retroviral-like aspartic protease 1,0.3084457679300055,False
Female - Male,X2hrs,130.76799578492287,115.50845013173613,18.0,1.1321076132160324,0.27244599600149266,Retroviral-like aspartic protease 1,0.4595772488132356,False
Female - Male,X3min,-538.9904541015603,227.2287238964332,18.0,-2.3720172558255554,0.02904509449467487,Ficolin-3,0.12332261432984905,False
Female - Male,X1hr,-595.77694278514,183.66635699560402,18.0,-3.243800076022631,0.004506537631909015,Ficolin-3,0.04244339078779764,True
Female - Male,X2hrs,-477.72524057098104,177.90763512023602,18.0,-2.6852430490019055,0.015117780312683243,Ficolin-3,0.08637143605113883,False
Female - Male,X3min,-184.36088867187524,198.3069280302986,18.0,-0.9296744723094466,0.364840655874634,Immunoglobulin kappa variable 2-24,0.5444240177251258,False
Female - Male,X1hr,-414.34219132205993,207.7433144583275,18.0,-1.9944910978359083,0.06146878166705776,Immunoglobulin kappa variable 2-24,0.19258565869074146,False
Female - Male,X2hrs,-230.65821753025062,190.34480099333925,18.0,-1.2117915295113422,0.24126024215192557,Immunoglobulin kappa variable 2-24,0.43417375535642433,False
Female - Male,X3min,-10.211095046997006,10.906756177511502,18.0,-0.9362174124742175,0.36155323661786476,Immunoglobulin superfamily containing leucine-rich repeat protein,0.5433788488434834,False
Female - Male,X1hr,-20.911484303789617,8.58163226057622,18.0,-2.436772360877825,0.025428357091442574,Immunoglobulin superfamily containing leucine-rich repeat protein,0.11501583879496406,False
Female - Male,X2hrs,-27.811344978119998,6.887784175458539,18.0,-4.037778227316264,0.0007720681782787109,Immunoglobulin superfamily containing leucine-rich repeat protein,0.01592268129251002,True
Female - Male,X3min,-69.85420472270626,24.799178479630935,18.0,-2.8167951119865418,0.011418015656089756,Complement factor D,0.07514711165913943,False
Female - Male,X1hr,-67.33505862029479,28.147821462766817,18.0,-2.3921943198824036,0.02786958347370595,Complement factor D,0.12063880979983022,False
Female - Male,X2hrs,-94.49088671255653,23.31328462668285,18.0,-4.053091969906655,0.000746190113990515,Complement factor D,0.015872569700702298,True
Female - Male,X3min,-52.46227264404312,24.791039261002837,18.0,-2.1161788375111845,0.04852545719831672,Vitamin K-dependent protein Z,0.1694574392947959,False
Female - Male,X1hr,-44.84227019591207,25.318188183705036,18.0,-1.7711484672814333,0.0934670228617808,Vitamin K-dependent protein Z,0.24576608041828654,False
Female - Male,X2hrs,-72.6903031658448,41.25254713762115,18.0,-1.7620803613252116,0.09502925769529168,Vitamin K-dependent protein Z,0.24819406127476182,False
Female - Male,X3min,-81.82445068359381,41.15213588322362,18.0,-1.9883403115645075,0.06219882318725477,EGF-containing fibulin-like extracellular matrix protein 1,0.19331394246598782,False
Female - Male,X1hr,-21.870072519678537,15.744500528548938,18.0,-1.3890610553203844,0.1817615818267544,EGF-containing fibulin-like extracellular matrix protein 1,0.3654972915107218,False
Female - Male,X2hrs,-73.85325596658751,33.41583837551321,18.0,-2.2101272796646763,0.04028661358816322,EGF-containing fibulin-like extracellular matrix protein 1,0.1480033038203443,False
Female - Male,X3min,-23.02322330474829,11.627009933569715,18.0,-1.9801499642892038,0.06318301228815583,Dipeptidase 2,0.19524060643460225,False
Female - Male,X1hr,-15.904700642328802,12.298440552950167,18.0,-1.29322905402942,0.21228359181166226,Dipeptidase 2,0.40230329472600385,False
Female - Male,X2hrs,-33.97236154763801,9.910537463358624,18.0,-3.427903044939903,0.0030001815944715746,Dipeptidase 2,0.03403435365372238,True
Female - Male,X3min,50.67435397566889,35.7875099936702,18.0,1.415978758640424,0.17385357892506004,Myeloblastin,0.35756699860610475,False
Female - Male,X1hr,51.542204462059516,19.370770273036836,18.0,2.6608236913430203,0.01592032018195766,Myeloblastin,0.08899344447036762,False
Female - Male,X2hrs,42.32797182026489,25.756905879636726,18.0,1.6433639979144066,0.11766056470524533,Myeloblastin,0.28078444840729716,False
Female - Male,X3min,-18.483818548734767,7.3612548465661085,18.0,-2.5109602824519968,0.021805210713727888,Neurogenic locus notch homolog protein 1,0.10739506808647574,False
Female - Male,X1hr,-32.63612279531653,6.1139631091852005,18.0,-5.337965279228828,4.49397226975027e-05,Neurogenic locus notch homolog protein 1,0.003296096928621273,True
Female - Male,X2hrs,-24.45545717514973,7.269537913204788,18.0,-3.3641006439663093,0.0034554634744996186,Neurogenic locus notch homolog protein 1,0.036232398901733236,True
Female - Male,X3min,-313.45828857422,239.47577311890447,18.0,-1.3089352818106645,0.2070215853946553,Vitamin K-dependent protein S,0.3971747453127091,False
Female - Male,X1hr,-348.1255763353027,207.24290905703177,18.0,-1.6797948741372908,0.11026994069739472,Vitamin K-dependent protein S,0.27279389849497576,False
Female - Male,X2hrs,-431.0157313930432,184.74149288235415,18.0,-2.3330748532357037,0.031445682025095505,Vitamin K-dependent protein S,0.12961960176922657,False
Female - Male,X3min,-260.4198822021476,265.5052295700673,18.0,-0.9808465265405342,0.339668889825964,Dermcidin,0.5281702761169959,False
Female - Male,X1hr,-8.799137631811469,170.39473935247977,18.0,-0.05163972588149866,0.9593845267532953,Dermcidin,0.9791230975312355,False
Female - Male,X2hrs,-97.65811891527932,181.7404636543675,18.0,-0.5373493439579021,0.5976072505132539,Dermcidin,0.7396900058333389,False
Female - Male,X3min,-156.20237274169912,62.333051083294535,18.0,-2.505931765364232,0.022034555734136776,Immunoglobulin heavy variable 3-73,0.10767830066304575,False
Female - Male,X1hr,-208.72308874555682,58.22556094586375,18.0,-3.5847329824717504,0.0021179103112875988,Immunoglobulin heavy variable 3-73,0.027426938531174404,True
Female - Male,X2hrs,-149.1011487587436,58.786377797435755,18.0,-2.5363214122923448,0.02068243945129098,Immunoglobulin heavy variable 3-73,0.10367906744292317,False
Female - Male,X3min,-1473.6667968749703,12484.741739764533,18.0,-0.11803742741279678,0.9073452281806198,Alpha-2-macroglobulin,0.9469539856230242,False
Female - Male,X1hr,-7050.545371080466,13477.496833244684,18.0,-0.5231346338504803,0.6072611032738737,Alpha-2-macroglobulin,0.7465852488034809,False
Female - Male,X2hrs,-7264.2275650515285,12228.732616889329,18.0,-0.5940294708070376,0.5598848129759353,Alpha-2-macroglobulin,0.7079422289378384,False
Female - Male,X3min,-30.435566711425455,10.69975415921278,18.0,-2.8445108418887926,0.01075802654777933,Cation-independent mannose-6-phosphate receptor,0.07430210335666257,False
Female - Male,X1hr,-23.015913510010474,15.875200916112318,18.0,-1.4498029745658707,0.1643144161610023,Cation-independent mannose-6-phosphate receptor,0.3447852527766288,False
Female - Male,X2hrs,-51.52437576393687,12.294660476999494,18.0,-4.190792894226499,0.0005493410794267636,Cation-independent mannose-6-phosphate receptor,0.012554059373958686,True
Female - Male,X3min,-58.95239813114881,102.28287917955916,18.0,-0.5763662365004115,0.5715051981350381,Chromodomain-helicase-DNA-binding protein 1;Chromodomain-helicase-DNA-binding protein 2;Chromodomain-helicase-DNA-binding protein 9;Chromodomain-helicase-DNA-binding protein 6;Chromodomain-helicase-DNA-binding protein 8;Chromodomain-helicase-DNA-binding protein 7,0.7151437966638564,False
Female - Male,X1hr,-163.28761771106667,58.63439152397899,18.0,-2.7848437319297314,0.012227206820484563,Chromodomain-helicase-DNA-binding protein 1;Chromodomain-helicase-DNA-binding protein 2;Chromodomain-helicase-DNA-binding protein 9;Chromodomain-helicase-DNA-binding protein 6;Chromodomain-helicase-DNA-binding protein 8;Chromodomain-helicase-DNA-binding protein 7,0.07787327622554512,False
Female - Male,X2hrs,-164.94026762104303,72.33430945144947,18.0,-2.2802494261972646,0.03499754125854925,Chromodomain-helicase-DNA-binding protein 1;Chromodomain-helicase-DNA-binding protein 2;Chromodomain-helicase-DNA-binding protein 9;Chromodomain-helicase-DNA-binding protein 6;Chromodomain-helicase-DNA-binding protein 8;Chromodomain-helicase-DNA-binding protein 7,0.13699289449820035,False
Female - Male,X3min,3463.108300781262,3159.1551923220827,18.0,1.096213414648922,0.28743573612819906,Ceruloplasmin,0.4751863127055546,False
Female - Male,X1hr,745.4445670199896,2849.9253484973933,18.0,0.2615663485406805,0.7966253461744478,Ceruloplasmin,0.8768378388421854,False
Female - Male,X2hrs,2167.1375249532903,2435.714822798219,18.0,0.8897336850229538,0.385346174028812,Ceruloplasmin,0.5587974147482464,False
Female - Male,X3min,-285.13036782037597,59.49334524573323,18.0,-4.792643053482105,0.0001457193363519856,Prostaglandin-H2 D-isomerase,0.006660230843852518,True
Female - Male,X1hr,-220.67229780138,61.7527102435774,18.0,-3.5734836079414194,0.0021715598603287223,Prostaglandin-H2 D-isomerase,0.027889289445874665,True
Female - Male,X2hrs,-345.93536122933295,74.29529577368835,18.0,-4.65622160362737,0.00019642960983936463,Prostaglandin-H2 D-isomerase,0.008032937202378227,True
Female - Male,X3min,-15.366967773437326,49.24370504657642,18.0,-0.3120595365215251,0.7585811939594502,Protein S100-A9,0.8542283879804243,False
Female - Male,X1hr,298.5721520236836,205.5441773981505,18.0,1.452593577707301,0.1635468616749732,Protein S100-A9,0.3447852527766288,False
Female - Male,X2hrs,194.81893453326188,80.02421007021788,18.0,2.4344999389849207,0.025547792514845243,Protein S100-A9,0.11507614367556379,False
Female - Male,X3min,-210.06962890625385,1601.0995507742552,18.0,-0.13120335259894925,0.8970697686598609,Immunoglobulin J chain,0.9406521055988015,False
Female - Male,X1hr,-1138.9956402691198,1672.0981811785985,18.0,-0.6811774889117367,0.5044290831561534,Immunoglobulin J chain,0.6631834138956535,False
Female - Male,X2hrs,-592.4444863300284,1823.423556981835,18.0,-0.32490777255869924,0.7489967263187529,Immunoglobulin J chain,0.84404707229829,False
