Variable_A,Variable_B,n,df,r_rm,CI_95%,p_val,p_adj,is_significant
Probable non-functional immunoglobulin kappa variable 3-7,Leuk,20,39,-0.3499999999999992,"[-0.59, -0.05]",0.024879547038877146,0.45322368856435696,False
Apolipoprotein A-IV,Leuk,20,39,0.3000000000000004,"[-0.01, 0.56]",0.05669100677848799,0.5955651164529556,False
Coagulation factor XII,Leuk,20,39,0.19999999999999965,"[-0.11, 0.48]",0.2099387425744199,0.8205034779432058,False
Mannan-binding lectin serine protease 1,Leuk,20,39,0.14999999999999963,"[-0.17, 0.44]",0.34923374105217975,0.860788962265991,False
Complement factor I,Leuk,20,39,0.20000000000000098,"[-0.11, 0.48]",0.20993874257441536,0.8205034779432058,False
Platelet glycoprotein Ib alpha chain,Leuk,20,39,-0.24999999999999925,"[-0.52, 0.06]",0.11492787448834198,0.7242274493625929,False
Hepatocyte growth factor-like protein,Leuk,20,39,0.2750000000000009,"[-0.04, 0.54]",0.0818360928959459,0.6837273567758237,False
Profilin-1,Leuk,20,39,0.20000000000000007,"[-0.11, 0.48]",0.20993874257441825,0.8205034779432058,False
Peptidase inhibitor 16,Leuk,20,39,-0.10000000000000005,"[-0.40, 0.21]",0.5338939001152971,0.9307504209261677,False
Cell surface glycoprotein MUC18,Leuk,20,39,-0.07499999999999991,"[-0.37, 0.24]",0.6411866947841538,0.9307504209261677,False
Adhesion G-protein coupled receptor G6,Leuk,20,39,0.04999999999999981,"[-0.26, 0.35]",0.7562191489680836,0.9507803863239565,False
Immunoglobulin heavy variable 1-69,Leuk,20,39,0.050000000000000835,"[-0.26, 0.35]",0.7562191489680732,0.9507803863239565,False
Insulin-like growth factor-binding protein complex acid labile subunit,Leuk,20,39,-0.17499999999999938,"[-0.46, 0.14]",0.2737947926383973,0.8448096775145966,False
Plasma serine protease inhibitor,Leuk,20,39,0.10000000000000031,"[-0.21, 0.40]",0.5338939001152925,0.9307504209261677,False
Immunoglobulin heavy variable 1-69D,Leuk,20,39,0.14999999999999966,"[-0.17, 0.44]",0.34923374105217864,0.860788962265991,False
Pancreatic adenocarcinoma up-regulated factor,Leuk,20,39,-0.17499999999999916,"[-0.46, 0.14]",0.2737947926383973,0.8448096775145966,False
Immunoglobulin heavy variable 3-64D,Leuk,20,39,0.2999999999999993,"[-0.01, 0.56]",0.056691006778488796,0.5955651164529556,False
Neutrophil gelatinase-associated lipocalin,Leuk,20,39,0.024999999999999724,"[-0.28, 0.33]",0.8767016791266298,0.9710047873747903,False
Lysosome-associated membrane glycoprotein 2,Leuk,20,39,0.2500000000000005,"[-0.06, 0.52]",0.11492787448833999,0.7242274493625929,False
Corneodesmosin,Leuk,20,39,0.15000000000000002,"[-0.17, 0.44]",0.34923374105217864,0.860788962265991,False
Collagen alpha-1(XVIII) chain,Leuk,20,39,0.20000000000000087,"[-0.11, 0.48]",0.20993874257441536,0.8205034779432058,False
Lipopolysaccharide-binding protein,Leuk,20,39,0.27499999999999947,"[-0.04, 0.54]",0.08183609289594752,0.6837273567758237,False
Immunoglobulin heavy variable 3-49,Leuk,20,39,0.24999999999999992,"[-0.06, 0.52]",0.11492787448834065,0.7242274493625929,False
SPARC-like protein 1,Leuk,20,39,0.07499999999999989,"[-0.24, 0.37]",0.6411866947841538,0.9307504209261677,False
Ras-associated and pleckstrin homology domains-containing protein 1,Leuk,20,39,0.07500000000000039,"[-0.24, 0.37]",0.6411866947841472,0.9307504209261677,False
Alpha-1-acid glycoprotein 2,Leuk,20,39,0.1250000000000005,"[-0.19, 0.42]",0.4361566470231041,0.8960937411657979,False
Immunoglobulin heavy variable 3-20,Leuk,20,39,0.04999999999999984,"[-0.26, 0.35]",0.7562191489680836,0.9507803863239565,False
Neurogenic locus notch homolog protein 2,Leuk,20,39,0.2499999999999998,"[-0.06, 0.52]",0.11492787448834102,0.7242274493625929,False
Apolipoprotein B-100,Leuk,20,39,-0.07499999999999929,"[-0.37, 0.24]",0.6411866947841538,0.9307504209261677,False
CD44 antigen,Leuk,20,39,0.04999999999999971,"[-0.26, 0.35]",0.7562191489680836,0.9507803863239565,False
Pigment epithelium-derived factor,Leuk,20,39,0.20000000000000073,"[-0.11, 0.48]",0.20993874257441536,0.8205034779432058,False
Xaa-Pro dipeptidase,Leuk,20,39,0.07500000000000037,"[-0.24, 0.37]",0.6411866947841472,0.9307504209261677,False
Immunoglobulin heavy constant delta,Leuk,20,39,-0.17499999999999916,"[-0.46, 0.14]",0.2737947926383973,0.8448096775145966,False
Probable non-functional immunoglobulin heavy variable 3-38-3,Leuk,20,39,0.07500000000000069,"[-0.24, 0.37]",0.6411866947841472,0.9307504209261677,False
Immunoglobulin lambda constant 7,Leuk,20,39,-1.3877787807814454e-16,"[-0.31, 0.31]",1.0,1.0,False
Receptor-type tyrosine-protein phosphatase gamma,Leuk,20,39,0.050000000000000544,"[-0.26, 0.35]",0.7562191489680836,0.9507803863239565,False
Afamin,Leuk,20,39,0.02499999999999981,"[-0.28, 0.33]",0.8767016791266298,0.9710047873747903,False
Pyruvate kinase PKLR,Leuk,20,39,0.10000000000000063,"[-0.21, 0.40]",0.5338939001152925,0.9307504209261677,False
Insulin-like growth factor 2,Leuk,20,39,0.1499999999999999,"[-0.17, 0.44]",0.34923374105217864,0.860788962265991,False
CD109 antigen,Leuk,20,39,-0.09999999999999945,"[-0.40, 0.21]",0.5338939001152971,0.9307504209261677,False
ADP-ribosyl cyclase/cyclic ADP-ribose hydrolase 2,Leuk,20,39,0.2749999999999996,"[-0.04, 0.54]",0.0818360928959473,0.6837273567758237,False
Dedicator of cytokinesis protein 4,Leuk,20,39,0.12500000000000006,"[-0.19, 0.42]",0.4361566470231073,0.8960937411657979,False
Complement factor H-related protein 2,Leuk,20,39,-0.07499999999999968,"[-0.37, 0.24]",0.6411866947841538,0.9307504209261677,False
Selenoprotein P,Leuk,20,39,0.15000000000000044,"[-0.17, 0.44]",0.3492337410521762,0.860788962265991,False
Adipocyte plasma membrane-associated protein,Leuk,20,39,0.2749999999999999,"[-0.04, 0.54]",0.08183609289594682,0.6837273567758237,False
Immunoglobulin heavy constant alpha 2,Leuk,20,39,-0.1500000000000002,"[-0.44, 0.17]",0.34923374105217864,0.860788962265991,False
Lactotransferrin,Leuk,20,39,9.714451465470117e-17,"[-0.31, 0.31]",1.0,1.0,False
Alpha-enolase,Leuk,20,39,-0.0999999999999999,"[-0.40, 0.21]",0.5338939001152971,0.9307504209261677,False
Immunoglobulin heavy constant gamma 1,Leuk,20,39,0.22499999999999992,"[-0.09, 0.50]",0.15725665075562228,0.7607516423767026,False
Collectin-10,Leuk,20,39,0.07499999999999961,"[-0.24, 0.37]",0.6411866947841538,0.9307504209261677,False
Lysosome-associated membrane glycoprotein 1,Leuk,20,39,-0.3999999999999999,"[-0.63, -0.11]",0.009563548476957966,0.3066711211611223,False
Cathelicidin antimicrobial peptide,Leuk,20,39,0.1250000000000007,"[-0.19, 0.42]",0.4361566470231041,0.8960937411657979,False
Fibroblast growth factor-binding protein 2,Leuk,20,39,0.050000000000000745,"[-0.26, 0.35]",0.7562191489680732,0.9507803863239565,False
Lymphatic vessel endothelial hyaluronic acid receptor 1,Leuk,20,39,0.024999999999999942,"[-0.28, 0.33]",0.8767016791266298,0.9710047873747903,False
Haptoglobin,Leuk,20,39,3.6082248300317597e-16,"[-0.31, 0.31]",1.0,1.0,False
Tenascin-X,Leuk,20,39,-0.04999999999999945,"[-0.35, 0.26]",0.7562191489680836,0.9507803863239565,False
Zinc finger protein 512B,Leuk,20,39,-0.1250000000000003,"[-0.42, 0.19]",0.4361566470231073,0.8960937411657979,False
Immunoglobulin lambda variable 3-19,Leuk,20,39,-0.07499999999999948,"[-0.37, 0.24]",0.6411866947841538,0.9307504209261677,False
Complement C1q subcomponent subunit B,Leuk,20,39,-0.17499999999999916,"[-0.46, 0.14]",0.2737947926383973,0.8448096775145966,False
Ubiquitin-ribosomal protein eS31 fusion protein,Leuk,20,39,-6.106226635438359e-16,"[-0.31, 0.31]",1.0,1.0,False
Kinesin-like protein KIF21A,Leuk,20,39,-0.37499999999999994,"[-0.61, -0.08]",0.015700418653338422,0.36734819848780037,False
Attractin,Leuk,20,39,0.3250000000000007,"[0.02, 0.58]",0.038142837064594835,0.5407449785115541,False
Immunoglobulin lambda variable 1-44,Leuk,20,39,-0.12499999999999932,"[-0.42, 0.19]",0.43615664702310897,0.8960937411657979,False
Immunoglobulin heavy variable 1-46,Leuk,20,39,0.22500000000000034,"[-0.09, 0.50]",0.15725665075562173,0.7607516423767026,False
Fibulin-1,Leuk,20,39,0.2999999999999999,"[-0.01, 0.56]",0.056691006778488304,0.5955651164529556,False
Secreted phosphoprotein 24,Leuk,20,39,-0.20000000000000043,"[-0.48, 0.11]",0.20993874257441789,0.8205034779432058,False
Scavenger receptor class B member 1,Leuk,20,39,-0.19999999999999973,"[-0.48, 0.11]",0.2099387425744199,0.8205034779432058,False
Immunoglobulin lambda variable 2-18,Leuk,20,39,-0.02500000000000013,"[-0.33, 0.28]",0.8767016791266298,0.9710047873747903,False
Collagen alpha-2(VI) chain,Leuk,20,39,0.10000000000000096,"[-0.21, 0.40]",0.5338939001152903,0.9307504209261677,False
Adiponectin,Leuk,20,39,-0.15000000000000044,"[-0.44, 0.17]",0.3492337410521762,0.860788962265991,False
Nidogen-1,Leuk,20,39,0.17500000000000063,"[-0.14, 0.46]",0.27379479263839546,0.8448096775145966,False
Alpha-1-antitrypsin,Leuk,20,39,0.19999999999999962,"[-0.11, 0.48]",0.2099387425744199,0.8205034779432058,False
"Sushi, von Willebrand factor type A, EGF and pentraxin domain-containing protein 1",Leuk,20,39,0.05000000000000037,"[-0.26, 0.35]",0.7562191489680836,0.9507803863239565,False
Complement C1s subcomponent,Leuk,20,39,3.608224830031759e-16,"[-0.31, 0.31]",1.0,1.0,False
Alpha-actinin-4,Leuk,20,39,-0.14999999999999908,"[-0.44, 0.17]",0.34923374105217975,0.860788962265991,False
Complement component C1q receptor,Leuk,20,39,0.09999999999999985,"[-0.21, 0.40]",0.5338939001152971,0.9307504209261677,False
Inter-alpha-trypsin inhibitor heavy chain H3,Leuk,20,39,0.2250000000000005,"[-0.09, 0.50]",0.1572566507556209,0.7607516423767026,False
Immunoglobulin kappa variable 1D-8,Leuk,20,39,0.07499999999999968,"[-0.24, 0.37]",0.6411866947841538,0.9307504209261677,False
Low-density lipoprotein receptor,Leuk,20,39,0.07500000000000089,"[-0.24, 0.37]",0.6411866947841472,0.9307504209261677,False
Prolactin-inducible protein,Leuk,20,39,-0.05000000000000005,"[-0.35, 0.26]",0.7562191489680836,0.9507803863239565,False
Hyaluronan-binding protein 2,Leuk,20,39,0.22500000000000006,"[-0.09, 0.50]",0.15725665075562228,0.7607516423767026,False
N-acetylmuramoyl-L-alanine amidase,Leuk,20,39,0.14999999999999955,"[-0.17, 0.44]",0.34923374105217975,0.860788962265991,False
Serpin A11,Leuk,20,39,0.40000000000000047,"[0.11, 0.63]",0.009563548476957878,0.3066711211611223,False
C4b-binding protein alpha chain,Leuk,20,39,0.12499999999999982,"[-0.19, 0.42]",0.4361566470231073,0.8960937411657979,False
Inter-alpha-trypsin inhibitor heavy chain H2,Leuk,20,39,-0.05000000000000032,"[-0.35, 0.26]",0.7562191489680836,0.9507803863239565,False
Fibrillin-1,Leuk,20,39,0.2500000000000003,"[-0.06, 0.52]",0.11492787448833999,0.7242274493625929,False
Golgi-associated RAB2 interactor protein 1B,Leuk,20,39,0.07499999999999962,"[-0.24, 0.37]",0.6411866947841538,0.9307504209261677,False
Neurogenic locus notch homolog protein 3,Leuk,20,39,-0.09999999999999983,"[-0.40, 0.21]",0.5338939001152971,0.9307504209261677,False
Immunoglobulin heavy constant alpha 1,Leuk,20,39,-0.07500000000000044,"[-0.37, 0.24]",0.6411866947841472,0.9307504209261677,False
Apolipoprotein C-III,Leuk,20,39,0.4249999999999996,"[0.14, 0.65]",0.0056083778825597765,0.2288897979464093,False
Glutathione peroxidase 3,Leuk,20,39,0.17500000000000032,"[-0.14, 0.46]",0.27379479263839523,0.8448096775145966,False
Contactin-1,Leuk,20,39,0.2999999999999992,"[-0.01, 0.56]",0.05669100677848894,0.5955651164529556,False
Stomatin,Leuk,20,39,0.4749999999999996,"[0.20, 0.68]",0.0017001988978472887,0.11196387371603896,False
Immunoglobulin heavy variable 3-13,Leuk,20,39,0.17500000000000038,"[-0.14, 0.46]",0.27379479263839523,0.8448096775145966,False
Immunoglobulin heavy variable 1-69-2,Leuk,20,39,0.2750000000000004,"[-0.04, 0.54]",0.08183609289594636,0.6837273567758237,False
Apolipoprotein E,Leuk,20,39,-0.025000000000000154,"[-0.33, 0.28]",0.8767016791266298,0.9710047873747903,False
Mucosal addressin cell adhesion molecule 1,Leuk,20,39,0.025000000000000765,"[-0.28, 0.33]",0.8767016791266298,0.9710047873747903,False
Protein S100-A11,Leuk,20,39,-0.30000000000000016,"[-0.56, 0.01]",0.05669100677848814,0.5955651164529556,False
Complement factor H-related protein 4,Leuk,20,39,-0.12499999999999957,"[-0.42, 0.19]",0.43615664702310897,0.8960937411657979,False
Immunoglobulin kappa variable 1D-16,Leuk,20,39,-0.04999999999999908,"[-0.35, 0.26]",0.7562191489680836,0.9507803863239565,False
Immunoglobulin lambda variable 1-47,Leuk,20,39,-0.07500000000000039,"[-0.37, 0.24]",0.6411866947841472,0.9307504209261677,False
Fructose-bisphosphate aldolase A,Leuk,20,39,-0.1749999999999992,"[-0.46, 0.14]",0.2737947926383973,0.8448096775145966,False
Thrombospondin-1,Leuk,20,39,0.12500000000000014,"[-0.19, 0.42]",0.4361566470231073,0.8960937411657979,False
Aminopeptidase N,Leuk,20,39,-0.02499999999999948,"[-0.33, 0.28]",0.8767016791266298,0.9710047873747903,False
Apolipoprotein M,Leuk,20,39,0.0,"[-0.31, 0.31]",1.0,1.0,False
Immunoglobulin heavy variable 3-43,Leuk,20,39,0.0500000000000006,"[-0.26, 0.35]",0.7562191489680732,0.9507803863239565,False
Cysteine-rich secretory protein 3,Leuk,20,39,0.024999999999999776,"[-0.28, 0.33]",0.8767016791266298,0.9710047873747903,False
Complement component C8 alpha chain,Leuk,20,39,-0.024999999999999405,"[-0.33, 0.28]",0.8767016791266298,0.9710047873747903,False
Immunoglobulin heavy variable 2-70D,Leuk,20,39,8.049116928532384e-16,"[-0.31, 0.31]",1.0,1.0,False
Immunoglobulin heavy variable 3-23,Leuk,20,39,-0.0500000000000003,"[-0.35, 0.26]",0.7562191489680836,0.9507803863239565,False
Plasma kallikrein,Leuk,20,39,0.30000000000000016,"[-0.01, 0.56]",0.05669100677848814,0.5955651164529556,False
Galectin-7,Leuk,20,39,-0.07499999999999944,"[-0.37, 0.24]",0.6411866947841538,0.9307504209261677,False
Extracellular superoxide dismutase [Cu-Zn],Leuk,20,39,0.5250000000000001,"[0.26, 0.72]",0.0004248637356233851,0.038235771913692734,True
Immunoglobulin heavy variable 1-8,Leuk,20,39,0.07499999999999976,"[-0.24, 0.37]",0.6411866947841538,0.9307504209261677,False
Cystatin-C,Leuk,20,39,1.1102230246251575e-16,"[-0.31, 0.31]",1.0,1.0,False
Immunoglobulin lambda-like polypeptide 1,Leuk,20,39,-2.081668171172168e-16,"[-0.31, 0.31]",1.0,1.0,False
Inhibin beta C chain,Leuk,20,39,0.10000000000000045,"[-0.21, 0.40]",0.5338939001152925,0.9307504209261677,False
Mannose-binding protein C,Leuk,20,39,0.07500000000000069,"[-0.24, 0.37]",0.6411866947841472,0.9307504209261677,False
IgGFc-binding protein,Leuk,20,39,-0.2249999999999994,"[-0.50, 0.09]",0.1572566507556237,0.7607516423767026,False
Macrophage mannose receptor 1,Leuk,20,39,0.07500000000000055,"[-0.24, 0.37]",0.6411866947841472,0.9307504209261677,False
Aromatase,Leuk,20,39,-0.07499999999999975,"[-0.37, 0.24]",0.6411866947841538,0.9307504209261677,False
Cadherin-5,Leuk,20,39,0.1250000000000006,"[-0.19, 0.42]",0.4361566470231041,0.8960937411657979,False
Immunoglobulin kappa variable 1-8,Leuk,20,39,0.25,"[-0.06, 0.52]",0.11492787448834065,0.7242274493625929,False
Retinol-binding protein 4,Leuk,20,39,0.3500000000000001,"[0.05, 0.59]",0.024879547038876668,0.45322368856435696,False
Complement component C8 beta chain,Leuk,20,39,0.12500000000000044,"[-0.19, 0.42]",0.4361566470231073,0.8960937411657979,False
Tumor necrosis factor receptor superfamily member 1B,Leuk,20,39,0.05000000000000033,"[-0.26, 0.35]",0.7562191489680836,0.9507803863239565,False
Formin-2,Leuk,20,39,-0.07500000000000034,"[-0.37, 0.24]",0.6411866947841472,0.9307504209261677,False
Scavenger receptor cysteine-rich domain-containing protein DMBT1,Leuk,20,39,-0.0750000000000003,"[-0.37, 0.24]",0.6411866947841472,0.9307504209261677,False
Apolipoprotein L1,Leuk,20,39,7.840950111415167e-16,"[-0.31, 0.31]",1.0,1.0,False
Leucine-rich alpha-2-glycoprotein,Leuk,20,39,0.12499999999999975,"[-0.19, 0.42]",0.43615664702310897,0.8960937411657979,False
Immunoglobulin heavy variable 1-2,Leuk,20,39,0.24999999999999983,"[-0.06, 0.52]",0.11492787448834102,0.7242274493625929,False
Ras-related protein Rab-10,Leuk,20,39,0.39999999999999997,"[0.11, 0.63]",0.009563548476957937,0.3066711211611223,False
Immunoglobulin heavy variable 1-24,Leuk,20,39,0.12499999999999999,"[-0.19, 0.42]",0.4361566470231073,0.8960937411657979,False
Annexin A3,Leuk,20,39,0.05000000000000079,"[-0.26, 0.35]",0.7562191489680732,0.9507803863239565,False
Hemoglobin subunit beta,Leuk,20,39,5.967448757360216e-16,"[-0.31, 0.31]",1.0,1.0,False
Immunoglobulin lambda variable 4-69,Leuk,20,39,0.19999999999999973,"[-0.11, 0.48]",0.2099387425744199,0.8205034779432058,False
Elongation factor 2,Leuk,20,39,-0.2250000000000002,"[-0.50, 0.09]",0.15725665075562173,0.7607516423767026,False
Multiple inositol polyphosphate phosphatase 1,Leuk,20,39,0.04999999999999961,"[-0.26, 0.35]",0.7562191489680836,0.9507803863239565,False
Collagen alpha-1(VI) chain,Leuk,20,39,0.17499999999999982,"[-0.14, 0.46]",0.27379479263839795,0.8448096775145966,False
Hepatocyte growth factor activator,Leuk,20,39,-0.025000000000000522,"[-0.33, 0.28]",0.8767016791266298,0.9710047873747903,False
Fibrinogen beta chain,Leuk,20,39,-0.025000000000000373,"[-0.33, 0.28]",0.8767016791266298,0.9710047873747903,False
Hemicentin-1,Leuk,20,39,0.07500000000000084,"[-0.24, 0.37]",0.6411866947841472,0.9307504209261677,False
C-type mannose receptor 2,Leuk,20,39,-0.050000000000000204,"[-0.35, 0.26]",0.7562191489680836,0.9507803863239565,False
Platelet glycoprotein Ib beta chain,Leuk,20,39,0.3249999999999996,"[0.02, 0.58]",0.03814283706459549,0.5407449785115541,False
Complement C2,Leuk,20,39,0.20000000000000048,"[-0.11, 0.48]",0.20993874257441789,0.8205034779432058,False
Annexin A2,Leuk,20,39,-0.12499999999999964,"[-0.42, 0.19]",0.43615664702310897,0.8960937411657979,False
Protein disulfide-isomerase A3,Leuk,20,39,0.1999999999999998,"[-0.11, 0.48]",0.20993874257441825,0.8205034779432058,False
Dipeptidyl peptidase 4,Leuk,20,39,0.27499999999999947,"[-0.04, 0.54]",0.08183609289594752,0.6837273567758237,False
Proteasome subunit alpha type-4,Leuk,20,39,-0.15000000000000036,"[-0.44, 0.17]",0.3492337410521762,0.860788962265991,False
Coagulation factor XI,Leuk,20,39,-4.3021142204224816e-16,"[-0.31, 0.31]",1.0,1.0,False
Collectin-11,Leuk,20,39,0.2249999999999995,"[-0.09, 0.50]",0.1572566507556232,0.7607516423767026,False
High mobility group protein B1,Leuk,20,39,-0.050000000000000135,"[-0.35, 0.26]",0.7562191489680836,0.9507803863239565,False
Immunoglobulin lambda variable 3-16,Leuk,20,39,-0.1000000000000001,"[-0.40, 0.21]",0.5338939001152925,0.9307504209261677,False
Prothrombin,Leuk,20,39,0.6,"[0.36, 0.77]",3.3789544631434425e-05,0.007110587298377482,True
Immunoglobulin kappa joining 1,Leuk,20,39,0.2750000000000009,"[-0.04, 0.54]",0.0818360928959459,0.6837273567758237,False
Immunoglobulin heavy variable 3-7,Leuk,20,39,-0.050000000000000336,"[-0.35, 0.26]",0.7562191489680836,0.9507803863239565,False
Immunoglobulin heavy variable 3-74,Leuk,20,39,0.35000000000000003,"[0.05, 0.59]",0.024879547038876796,0.45322368856435696,False
Ezrin,Leuk,20,39,0.2749999999999998,"[-0.04, 0.54]",0.0818360928959473,0.6837273567758237,False
Intercellular adhesion molecule 2,Leuk,20,39,2.15105711021124e-16,"[-0.31, 0.31]",1.0,1.0,False
Lysozyme C,Leuk,20,39,0.05000000000000016,"[-0.26, 0.35]",0.7562191489680836,0.9507803863239565,False
Protein AMBP,Leuk,20,39,0.15000000000000066,"[-0.17, 0.44]",0.3492337410521762,0.860788962265991,False
Prolyl endopeptidase FAP,Leuk,20,39,7.632783294297952e-17,"[-0.31, 0.31]",1.0,1.0,False
"Actin, cytoplasmic 2",Leuk,20,39,0.024999999999999897,"[-0.28, 0.33]",0.8767016791266298,0.9710047873747903,False
Kallistatin,Leuk,20,39,0.07500000000000047,"[-0.24, 0.37]",0.6411866947841472,0.9307504209261677,False
Hemopexin,Leuk,20,39,0.24999999999999942,"[-0.06, 0.52]",0.11492787448834166,0.7242274493625929,False
C4b-binding protein beta chain,Leuk,20,39,0.0999999999999999,"[-0.21, 0.40]",0.5338939001152971,0.9307504209261677,False
Peptidyl-prolyl cis-trans isomerase A,Leuk,20,39,0.050000000000000454,"[-0.26, 0.35]",0.7562191489680836,0.9507803863239565,False
Complement C1r subcomponent-like protein,Leuk,20,39,0.3499999999999997,"[0.05, 0.59]",0.02487954703887687,0.45322368856435696,False
Immunoglobulin heavy variable 3-30;Immunoglobulin heavy variable 3-30-5,Leuk,20,39,0.19999999999999987,"[-0.11, 0.48]",0.20993874257441825,0.8205034779432058,False
Immunoglobulin lambda variable 3-9,Leuk,20,39,-0.1750000000000002,"[-0.46, 0.14]",0.27379479263839523,0.8448096775145966,False
Immunoglobulin heavy variable 1-45,Leuk,20,39,-0.05000000000000063,"[-0.35, 0.26]",0.7562191489680732,0.9507803863239565,False
Hemoglobin subunit gamma-1,Leuk,20,39,-0.125,"[-0.42, 0.19]",0.4361566470231073,0.8960937411657979,False
Apolipoprotein F,Leuk,20,39,0.2500000000000004,"[-0.06, 0.52]",0.11492787448833999,0.7242274493625929,False
Immunoglobulin gamma-1 heavy chain,Leuk,20,39,-0.0999999999999994,"[-0.40, 0.21]",0.5338939001152971,0.9307504209261677,False
Low affinity immunoglobulin gamma Fc region receptor III-B,Leuk,20,39,0.2999999999999996,"[-0.01, 0.56]",0.05669100677848863,0.5955651164529556,False
Multiple epidermal growth factor-like domains protein 8,Leuk,20,39,0.20000000000000048,"[-0.11, 0.48]",0.20993874257441789,0.8205034779432058,False
Complement C4-B,Leuk,20,39,-0.12500000000000047,"[-0.42, 0.19]",0.4361566470231073,0.8960937411657979,False
Glyceraldehyde-3-phosphate dehydrogenase,Leuk,20,39,-1.1102230246251564e-16,"[-0.31, 0.31]",1.0,1.0,False
Complement C1r subcomponent,Leuk,20,39,0.02500000000000059,"[-0.28, 0.33]",0.8767016791266298,0.9710047873747903,False
Sex hormone-binding globulin,Leuk,20,39,0.22500000000000034,"[-0.09, 0.50]",0.15725665075562173,0.7607516423767026,False
Biotinidase,Leuk,20,39,-0.19999999999999965,"[-0.48, 0.11]",0.2099387425744199,0.8205034779432058,False
Cholinesterase,Leuk,20,39,0.05000000000000026,"[-0.26, 0.35]",0.7562191489680836,0.9507803863239565,False
Immunoglobulin heavy variable 2-5,Leuk,20,39,0.17500000000000038,"[-0.14, 0.46]",0.27379479263839523,0.8448096775145966,False
Immunoglobulin lambda variable 1-36,Leuk,20,39,-0.12500000000000025,"[-0.42, 0.19]",0.4361566470231073,0.8960937411657979,False
Immunoglobulin kappa variable 3-11,Leuk,20,39,0.04999999999999954,"[-0.26, 0.35]",0.7562191489680836,0.9507803863239565,False
Immunoglobulin kappa variable 6-21,Leuk,20,39,-0.07499999999999943,"[-0.37, 0.24]",0.6411866947841538,0.9307504209261677,False
Immunoglobulin kappa light chain,Leuk,20,39,-0.09999999999999952,"[-0.40, 0.21]",0.5338939001152971,0.9307504209261677,False
Neuropilin-1,Leuk,20,39,-0.05000000000000043,"[-0.35, 0.26]",0.7562191489680836,0.9507803863239565,False
Ficolin-2,Leuk,20,39,-0.1999999999999997,"[-0.48, 0.11]",0.2099387425744199,0.8205034779432058,False
Gamma-glutamyl hydrolase,Leuk,20,39,0.04999999999999972,"[-0.26, 0.35]",0.7562191489680836,0.9507803863239565,False
Keratinocyte proline-rich protein,Leuk,20,39,0.17499999999999966,"[-0.14, 0.46]",0.27379479263839795,0.8448096775145966,False
Kyphoscoliosis peptidase,Leuk,20,39,-0.10000000000000026,"[-0.40, 0.21]",0.5338939001152925,0.9307504209261677,False
Laminin subunit alpha-2,Leuk,20,39,0.17500000000000124,"[-0.14, 0.46]",0.2737947926383932,0.8448096775145966,False
Desmoglein-1,Leuk,20,39,0.02499999999999956,"[-0.28, 0.33]",0.8767016791266298,0.9710047873747903,False
Immunoglobulin lambda variable 3-27,Leuk,20,39,0.07500000000000029,"[-0.24, 0.37]",0.6411866947841472,0.9307504209261677,False
Myosin-9,Leuk,20,39,0.10000000000000028,"[-0.21, 0.40]",0.5338939001152925,0.9307504209261677,False
Versican core protein,Leuk,20,39,0.0999999999999997,"[-0.21, 0.40]",0.5338939001152971,0.9307504209261677,False
Proteasome subunit beta type-3,Leuk,20,39,-0.025000000000000203,"[-0.33, 0.28]",0.8767016791266298,0.9710047873747903,False
Alpha-N-acetylglucosaminidase,Leuk,20,39,0.09999999999999948,"[-0.21, 0.40]",0.5338939001152971,0.9307504209261677,False
Caspase-14,Leuk,20,39,0.07499999999999968,"[-0.24, 0.37]",0.6411866947841538,0.9307504209261677,False
Histidine-rich glycoprotein,Leuk,20,39,0.0499999999999999,"[-0.26, 0.35]",0.7562191489680836,0.9507803863239565,False
"ATP synthase subunit alpha, mitochondrial",Leuk,20,39,-0.07499999999999925,"[-0.37, 0.24]",0.6411866947841538,0.9307504209261677,False
Immunoglobulin kappa constant,Leuk,20,39,-0.25000000000000006,"[-0.52, 0.06]",0.11492787448834065,0.7242274493625929,False
Interleukin-1 receptor accessory protein,Leuk,20,39,-0.09999999999999983,"[-0.40, 0.21]",0.5338939001152971,0.9307504209261677,False
Immunoglobulin lambda variable 9-49,Leuk,20,39,0.10000000000000026,"[-0.21, 0.40]",0.5338939001152925,0.9307504209261677,False
Plexin domain-containing protein 2,Leuk,20,39,0.2749999999999997,"[-0.04, 0.54]",0.0818360928959473,0.6837273567758237,False
Immunoglobulin heavy variable 4-28,Leuk,20,39,0.024999999999999772,"[-0.28, 0.33]",0.8767016791266298,0.9710047873747903,False
Desmoplakin,Leuk,20,39,-4.163336342344337e-17,"[-0.31, 0.31]",1.0,1.0,False
Endoplasmin,Leuk,20,39,-0.17499999999999977,"[-0.46, 0.14]",0.27379479263839795,0.8448096775145966,False
Heparin cofactor 2,Leuk,20,39,-0.024999999999999935,"[-0.33, 0.28]",0.8767016791266298,0.9710047873747903,False
Laminin subunit gamma-1,Leuk,20,39,0.25000000000000006,"[-0.06, 0.52]",0.11492787448834065,0.7242274493625929,False
Polymeric immunoglobulin receptor,Leuk,20,39,-0.1250000000000005,"[-0.42, 0.19]",0.4361566470231041,0.8960937411657979,False
Serum amyloid A-4 protein,Leuk,20,39,0.10000000000000019,"[-0.21, 0.40]",0.5338939001152925,0.9307504209261677,False
Catalase,Leuk,20,39,0.10000000000000028,"[-0.21, 0.40]",0.5338939001152925,0.9307504209261677,False
Complement receptor type 1,Leuk,20,39,-0.1000000000000004,"[-0.40, 0.21]",0.5338939001152925,0.9307504209261677,False
Immunoglobulin kappa variable 1-27,Leuk,20,39,0.2999999999999995,"[-0.01, 0.56]",0.05669100677848863,0.5955651164529556,False
Immunoglobulin kappa variable 2-30,Leuk,20,39,-0.19999999999999932,"[-0.48, 0.11]",0.20993874257441955,0.8205034779432058,False
Protein-glutamine gamma-glutamyltransferase E,Leuk,20,39,0.07499999999999969,"[-0.24, 0.37]",0.6411866947841538,0.9307504209261677,False
Periostin,Leuk,20,39,-0.04999999999999973,"[-0.35, 0.26]",0.7562191489680836,0.9507803863239565,False
Albumin,Leuk,20,39,-0.12500000000000003,"[-0.42, 0.19]",0.4361566470231073,0.8960937411657979,False
Complement factor B,Leuk,20,39,0.050000000000000544,"[-0.26, 0.35]",0.7562191489680836,0.9507803863239565,False
Probable non-functional immunoglobulinn kappa variable 1-37;Probable non-functional immunoglobulinn kappa variable 1D-37,Leuk,20,39,-0.024999999999999162,"[-0.33, 0.28]",0.8767016791266298,0.9710047873747903,False
Immunoglobulin lambda variable 8-61,Leuk,20,39,-0.07499999999999922,"[-0.37, 0.24]",0.6411866947841538,0.9307504209261677,False
Annexin A1,Leuk,20,39,-0.024999999999998995,"[-0.33, 0.28]",0.8767016791266298,0.9710047873747903,False
CD5 antigen-like,Leuk,20,39,-0.27499999999999947,"[-0.54, 0.04]",0.08183609289594752,0.6837273567758237,False
RB-associated KRAB zinc finger protein,Leuk,20,39,0.17499999999999996,"[-0.14, 0.46]",0.27379479263839523,0.8448096775145966,False
Immunoglobulin lambda variable 7-46,Leuk,20,39,0.27500000000000047,"[-0.04, 0.54]",0.08183609289594636,0.6837273567758237,False
Basement membrane-specific heparan sulfate proteoglycan core protein,Leuk,20,39,0.2750000000000004,"[-0.04, 0.54]",0.08183609289594658,0.6837273567758237,False
Vitamin K-dependent protein C,Leuk,20,39,0.4249999999999998,"[0.14, 0.65]",0.005608377882559744,0.2288897979464093,False
Immunoglobulin lambda variable 1-40,Leuk,20,39,-0.024999999999999887,"[-0.33, 0.28]",0.8767016791266298,0.9710047873747903,False
Pantetheinase,Leuk,20,39,0.07499999999999991,"[-0.24, 0.37]",0.6411866947841538,0.9307504209261677,False
Neutrophil defensin 1;Neutrophil defensin 3,Leuk,20,39,7.216449660063517e-16,"[-0.31, 0.31]",1.0,1.0,False
Immunoglobulin lambda variable 2-8,Leuk,20,39,-0.12500000000000003,"[-0.42, 0.19]",0.4361566470231073,0.8960937411657979,False
Immunoglobulin heavy variable 1-18,Leuk,20,39,0.22499999999999967,"[-0.09, 0.50]",0.1572566507556232,0.7607516423767026,False
Immunoglobulin kappa variable 3D-15,Leuk,20,39,-0.2999999999999995,"[-0.56, 0.01]",0.056691006778488796,0.5955651164529556,False
Extracellular matrix protein 1,Leuk,20,39,-0.02499999999999992,"[-0.33, 0.28]",0.8767016791266298,0.9710047873747903,False
Tubulin alpha-1B chain,Leuk,20,39,-0.1749999999999996,"[-0.46, 0.14]",0.27379479263839795,0.8448096775145966,False
Immunoglobulin lambda variable 5-45,Leuk,20,39,-0.12499999999999907,"[-0.42, 0.19]",0.43615664702310897,0.8960937411657979,False
Alpha-2-HS-glycoprotein,Leuk,20,39,0.10000000000000066,"[-0.21, 0.40]",0.5338939001152925,0.9307504209261677,False
Cartilage acidic protein 1,Leuk,20,39,0.17499999999999954,"[-0.14, 0.46]",0.27379479263839795,0.8448096775145966,False
Coagulation factor IX,Leuk,20,39,0.3250000000000001,"[0.02, 0.58]",0.03814283706459527,0.5407449785115541,False
Integrin alpha-2,Leuk,20,39,-0.07499999999999939,"[-0.37, 0.24]",0.6411866947841538,0.9307504209261677,False
"Mannosyl-oligosaccharide 1,2-alpha-mannosidase IA",Leuk,20,39,0.29999999999999966,"[-0.01, 0.56]",0.05669100677848863,0.5955651164529556,False
Endophilin-A3,Leuk,20,39,-0.1499999999999993,"[-0.44, 0.17]",0.34923374105217975,0.860788962265991,False
Collagen alpha-1(I) chain,Leuk,20,39,0.22500000000000073,"[-0.09, 0.50]",0.1572566507556209,0.7607516423767026,False
Carboxypeptidase N subunit 2,Leuk,20,39,0.025000000000000057,"[-0.28, 0.33]",0.8767016791266298,0.9710047873747903,False
Scavenger receptor cysteine-rich type 1 protein M130,Leuk,20,39,0.12500000000000025,"[-0.19, 0.42]",0.4361566470231073,0.8960937411657979,False
Annexin A5,Leuk,20,39,-0.3250000000000002,"[-0.58, -0.02]",0.03814283706459506,0.5407449785115541,False
Platelet factor 4,Leuk,20,39,0.024999999999999818,"[-0.28, 0.33]",0.8767016791266298,0.9710047873747903,False
Immunoglobulin heavy variable 3-72,Leuk,20,39,-0.09999999999999924,"[-0.40, 0.21]",0.5338939001152971,0.9307504209261677,False
Protein HEG homolog 1,Leuk,20,39,0.17500000000000054,"[-0.14, 0.46]",0.27379479263839546,0.8448096775145966,False
Sulfhydryl oxidase 1,Leuk,20,39,-0.05000000000000042,"[-0.35, 0.26]",0.7562191489680836,0.9507803863239565,False
Corticosteroid-binding globulin,Leuk,20,39,0.22500000000000012,"[-0.09, 0.50]",0.15725665075562228,0.7607516423767026,False
Angiopoietin-related protein 6,Leuk,20,39,0.2499999999999997,"[-0.06, 0.52]",0.11492787448834102,0.7242274493625929,False
72 kDa type IV collagenase,Leuk,20,39,0.34999999999999953,"[0.05, 0.59]",0.02487954703887694,0.45322368856435696,False
Trypsin-3,Leuk,20,39,-0.02499999999999941,"[-0.33, 0.28]",0.8767016791266298,0.9710047873747903,False
Complement component C9,Leuk,20,39,0.22500000000000037,"[-0.09, 0.50]",0.15725665075562173,0.7607516423767026,False
Pyruvate kinase PKM,Leuk,20,39,0.025000000000000615,"[-0.28, 0.33]",0.8767016791266298,0.9710047873747903,False
Immunoglobulin heavy variable 4-34,Leuk,20,39,0.2250000000000002,"[-0.09, 0.50]",0.15725665075562173,0.7607516423767026,False
Immunoglobulin kappa variable 6D-21,Leuk,20,39,0.0499999999999996,"[-0.26, 0.35]",0.7562191489680836,0.9507803863239565,False
Immunoglobulin lambda-1 light chain,Leuk,20,39,-0.09999999999999924,"[-0.40, 0.21]",0.5338939001152971,0.9307504209261677,False
Transforming growth factor-beta-induced protein ig-h3,Leuk,20,39,0.17500000000000032,"[-0.14, 0.46]",0.27379479263839523,0.8448096775145966,False
Complement C1q subcomponent subunit A,Leuk,20,39,-0.04999999999999931,"[-0.35, 0.26]",0.7562191489680836,0.9507803863239565,False
Prolow-density lipoprotein receptor-related protein 1,Leuk,20,39,-0.14999999999999947,"[-0.44, 0.17]",0.34923374105217975,0.860788962265991,False
Immunoglobulin heavy constant mu,Leuk,20,39,-0.07500000000000002,"[-0.37, 0.24]",0.6411866947841472,0.9307504209261677,False
UV-stimulated scaffold protein A,Leuk,20,39,-3.6776137690708305e-16,"[-0.31, 0.31]",1.0,1.0,False
Complement component C6,Leuk,20,39,-0.14999999999999974,"[-0.44, 0.17]",0.34923374105217864,0.860788962265991,False
Angiotensinogen,Leuk,20,39,0.07500000000000102,"[-0.24, 0.37]",0.6411866947841472,0.9307504209261677,False
Pregnancy zone protein,Leuk,20,39,0.2749999999999995,"[-0.04, 0.54]",0.08183609289594752,0.6837273567758237,False
Histone H2A type 1-B/E;Histone H2A type 3;Histone H2A type 1-C,Leuk,20,39,-0.14999999999999966,"[-0.44, 0.17]",0.34923374105217864,0.860788962265991,False
Desmocollin-1,Leuk,20,39,0.10000000000000063,"[-0.21, 0.40]",0.5338939001152925,0.9307504209261677,False
Protein Z-dependent protease inhibitor,Leuk,20,39,0.2500000000000004,"[-0.06, 0.52]",0.11492787448833999,0.7242274493625929,False
Immunoglobulin kappa variable 1-17,Leuk,20,39,-0.024999999999999488,"[-0.33, 0.28]",0.8767016791266298,0.9710047873747903,False
Fibronectin,Leuk,20,39,-0.17500000000000013,"[-0.46, 0.14]",0.27379479263839523,0.8448096775145966,False
Probable non-functional immunoglobulin heavy variable 3-38,Leuk,20,39,0.3,"[-0.01, 0.56]",0.056691006778488304,0.5955651164529556,False
Nucleoside diphosphate kinase 3,Leuk,20,39,-0.14999999999999908,"[-0.44, 0.17]",0.34923374105217975,0.860788962265991,False
Plasma protease C1 inhibitor,Leuk,20,39,-0.07500000000000016,"[-0.37, 0.24]",0.6411866947841472,0.9307504209261677,False
Immunoglobulin kappa variable 1-16,Leuk,20,39,-0.17499999999999943,"[-0.46, 0.14]",0.27379479263839795,0.8448096775145966,False
F-actin-capping protein subunit alpha-1,Leuk,20,39,-0.12499999999999999,"[-0.42, 0.19]",0.4361566470231073,0.8960937411657979,False
Cathepsin D,Leuk,20,39,-0.14999999999999933,"[-0.44, 0.17]",0.34923374105217975,0.860788962265991,False
Anthrax toxin receptor 2,Leuk,20,39,0.32499999999999946,"[0.02, 0.58]",0.03814283706459549,0.5407449785115541,False
Talin-1,Leuk,20,39,0.3499999999999999,"[0.05, 0.59]",0.024879547038876796,0.45322368856435696,False
Protein disulfide-isomerase,Leuk,20,39,1.0408340855860841e-16,"[-0.31, 0.31]",1.0,1.0,False
Junction plakoglobin,Leuk,20,39,-0.049999999999999184,"[-0.35, 0.26]",0.7562191489680836,0.9507803863239565,False
Tenascin,Leuk,20,39,0.34999999999999953,"[0.05, 0.59]",0.02487954703887694,0.45322368856435696,False
Cadherin-related family member 5,Leuk,20,39,-0.05000000000000019,"[-0.35, 0.26]",0.7562191489680836,0.9507803863239565,False
Kininogen-1,Leuk,20,39,0.22499999999999962,"[-0.09, 0.50]",0.1572566507556232,0.7607516423767026,False
Alpha-1-antichymotrypsin,Leuk,20,39,0.17500000000000052,"[-0.14, 0.46]",0.27379479263839546,0.8448096775145966,False
Integrin alpha-IIb,Leuk,20,39,0.3500000000000003,"[0.05, 0.59]",0.02487954703887659,0.45322368856435696,False
Serum amyloid P-component,Leuk,20,39,-0.20000000000000012,"[-0.48, 0.11]",0.20993874257441825,0.8205034779432058,False
Inter-alpha-trypsin inhibitor heavy chain H1,Leuk,20,39,0.1499999999999998,"[-0.17, 0.44]",0.34923374105217864,0.860788962265991,False
Probable non-functional immunoglobulin heavy variable 3-35,Leuk,20,39,-0.0750000000000002,"[-0.37, 0.24]",0.6411866947841472,0.9307504209261677,False
Immunoglobulin kappa variable 1-5,Leuk,20,39,-0.024999999999999443,"[-0.33, 0.28]",0.8767016791266298,0.9710047873747903,False
Band 3 anion transport protein,Leuk,20,39,0.30000000000000043,"[-0.01, 0.56]",0.05669100677848799,0.5955651164529556,False
Immunoglobulin lambda variable 7-43,Leuk,20,39,-0.20000000000000007,"[-0.48, 0.11]",0.20993874257441825,0.8205034779432058,False
Peroxiredoxin-1,Leuk,20,39,-0.12499999999999992,"[-0.42, 0.19]",0.4361566470231073,0.8960937411657979,False
Matrix metalloproteinase-9,Leuk,20,39,-0.0999999999999999,"[-0.40, 0.21]",0.5338939001152971,0.9307504209261677,False
Multimerin-2,Leuk,20,39,0.2750000000000003,"[-0.04, 0.54]",0.08183609289594658,0.6837273567758237,False
Immunoglobulin heavy variable 1-3,Leuk,20,39,0.27499999999999997,"[-0.04, 0.54]",0.08183609289594682,0.6837273567758237,False
Podocalyxin,Leuk,20,39,-8.326672684688675e-17,"[-0.31, 0.31]",1.0,1.0,False
Immunoglobulin lambda variable 1-51,Leuk,20,39,-0.12500000000000014,"[-0.42, 0.19]",0.4361566470231073,0.8960937411657979,False
Cadherin-13,Leuk,20,39,0.1250000000000004,"[-0.19, 0.42]",0.4361566470231073,0.8960937411657979,False
Plastin-2,Leuk,20,39,0.05000000000000033,"[-0.26, 0.35]",0.7562191489680836,0.9507803863239565,False
Inter-alpha-trypsin inhibitor heavy chain H4,Leuk,20,39,0.37500000000000033,"[0.08, 0.61]",0.015700418653338242,0.36734819848780037,False
Fructose-bisphosphate aldolase B,Leuk,20,39,0.10000000000000106,"[-0.21, 0.40]",0.5338939001152903,0.9307504209261677,False
Mannan-binding lectin serine protease 2,Leuk,20,39,0.025000000000000484,"[-0.28, 0.33]",0.8767016791266298,0.9710047873747903,False
Platelet glycoprotein 4,Leuk,20,39,0.2500000000000003,"[-0.06, 0.52]",0.11492787448833999,0.7242274493625929,False
Hemoglobin subunit alpha,Leuk,20,39,-0.07499999999999914,"[-0.37, 0.24]",0.6411866947841538,0.9307504209261677,False
Immunoglobulin lambda variable 3-10,Leuk,20,39,-0.17500000000000004,"[-0.46, 0.14]",0.27379479263839523,0.8448096775145966,False
Serum paraoxonase/lactonase 3,Leuk,20,39,-0.22500000000000003,"[-0.50, 0.09]",0.15725665075562228,0.7607516423767026,False
Dopamine beta-hydroxylase,Leuk,20,39,-0.09999999999999998,"[-0.40, 0.21]",0.5338939001152971,0.9307504209261677,False
Triosephosphate isomerase,Leuk,20,39,-0.2499999999999998,"[-0.52, 0.06]",0.11492787448834102,0.7242274493625929,False
Endoplasmic reticulum chaperone BiP,Leuk,20,39,0.07500000000000101,"[-0.24, 0.37]",0.6411866947841472,0.9307504209261677,False
Suprabasin,Leuk,20,39,-0.050000000000000225,"[-0.35, 0.26]",0.7562191489680836,0.9507803863239565,False
Immunoglobulin kappa variable 3-20,Leuk,20,39,-0.050000000000000086,"[-0.35, 0.26]",0.7562191489680836,0.9507803863239565,False
Ficolin-1,Leuk,20,39,0.3000000000000003,"[-0.01, 0.56]",0.05669100677848799,0.5955651164529556,False
Autotaxin,Leuk,20,39,0.20000000000000026,"[-0.11, 0.48]",0.20993874257441789,0.8205034779432058,False
Histidine ammonia-lyase,Leuk,20,39,0.0250000000000009,"[-0.28, 0.33]",0.8767016791266298,0.9710047873747903,False
Noelin,Leuk,20,39,-0.024999999999999113,"[-0.33, 0.28]",0.8767016791266298,0.9710047873747903,False
Prenylcysteine oxidase 1,Leuk,20,39,0.2500000000000002,"[-0.06, 0.52]",0.11492787448833999,0.7242274493625929,False
Immunoglobulin delta heavy chain,Leuk,20,39,0.0999999999999998,"[-0.21, 0.40]",0.5338939001152971,0.9307504209261677,False
Antithrombin-III,Leuk,20,39,0.02499999999999976,"[-0.28, 0.33]",0.8767016791266298,0.9710047873747903,False
Complement component C7,Leuk,20,39,-0.09999999999999955,"[-0.40, 0.21]",0.5338939001152971,0.9307504209261677,False
BOS complex subunit NOMO3;BOS complex subunit NOMO1;BOS complex subunit NOMO2,Leuk,20,39,-0.025000000000000397,"[-0.33, 0.28]",0.8767016791266298,0.9710047873747903,False
Cofilin-1,Leuk,20,39,-0.17500000000000007,"[-0.46, 0.14]",0.27379479263839523,0.8448096775145966,False
Histone H4,Leuk,20,39,5.551115123125785e-17,"[-0.31, 0.31]",1.0,1.0,False
Serum amyloid A-1 protein,Leuk,20,39,0.049999999999999704,"[-0.26, 0.35]",0.7562191489680836,0.9507803863239565,False
Transferrin receptor protein 1,Leuk,20,39,0.09999999999999956,"[-0.21, 0.40]",0.5338939001152971,0.9307504209261677,False
Serpin B12,Leuk,20,39,0.049999999999999864,"[-0.26, 0.35]",0.7562191489680836,0.9507803863239565,False
Immunoglobulin kappa variable 3D-20,Leuk,20,39,-0.17499999999999918,"[-0.46, 0.14]",0.2737947926383973,0.8448096775145966,False
Probable non-functional immunoglobulin heavy variable 3-16,Leuk,20,39,0.09999999999999983,"[-0.21, 0.40]",0.5338939001152971,0.9307504209261677,False
Immunoglobulin lambda variable 6-57,Leuk,20,39,0.32500000000000046,"[0.02, 0.58]",0.038142837064594946,0.5407449785115541,False
Fibrinogen alpha chain,Leuk,20,39,0.4999999999999998,"[0.23, 0.70]",0.0008725735575987913,0.06995131353417064,False
Galectin-3-binding protein,Leuk,20,39,-0.1249999999999994,"[-0.42, 0.19]",0.43615664702310897,0.8960937411657979,False
Macrophage colony-stimulating factor 1 receptor,Leuk,20,39,-0.25,"[-0.52, 0.06]",0.11492787448834065,0.7242274493625929,False
Phosphatidylinositol-glycan-specific phospholipase D,Leuk,20,39,0.2749999999999995,"[-0.04, 0.54]",0.08183609289594752,0.6837273567758237,False
Serotransferrin,Leuk,20,39,0.14999999999999986,"[-0.17, 0.44]",0.34923374105217864,0.860788962265991,False
Integrin alpha-11,Leuk,20,39,-0.35,"[-0.59, -0.05]",0.024879547038876796,0.45322368856435696,False
Proprotein convertase subtilisin/kexin type 9,Leuk,20,39,0.44999999999999973,"[0.17, 0.67]",0.003157075116906935,0.16872812569247164,False
Gelsolin,Leuk,20,39,0.32500000000000023,"[0.02, 0.58]",0.03814283706459506,0.5407449785115541,False
Proteoglycan 4,Leuk,20,39,0.09999999999999966,"[-0.21, 0.40]",0.5338939001152971,0.9307504209261677,False
Vascular cell adhesion protein 1,Leuk,20,39,0.17500000000000054,"[-0.14, 0.46]",0.27379479263839546,0.8448096775145966,False
Adhesion G protein-coupled receptor F5,Leuk,20,39,0.1500000000000005,"[-0.17, 0.44]",0.3492337410521762,0.860788962265991,False
Insulin-like growth factor-binding protein 3,Leuk,20,39,0.10000000000000017,"[-0.21, 0.40]",0.5338939001152925,0.9307504209261677,False
Transthyretin,Leuk,20,39,0.1499999999999999,"[-0.17, 0.44]",0.34923374105217864,0.860788962265991,False
Coiled-coil domain-containing protein 126,Leuk,20,39,0.2249999999999999,"[-0.09, 0.50]",0.15725665075562228,0.7607516423767026,False
Guanine nucleotide-binding protein G(i) subunit alpha-2,Leuk,20,39,0.49999999999999983,"[0.23, 0.70]",0.0008725735575987913,0.06995131353417064,False
Apolipoprotein C-I,Leuk,20,39,0.19999999999999982,"[-0.11, 0.48]",0.20993874257441825,0.8205034779432058,False
Syntenin-1,Leuk,20,39,0.22500000000000095,"[-0.09, 0.50]",0.15725665075562037,0.7607516423767026,False
Phospholipid transfer protein,Leuk,20,39,0.19999999999999993,"[-0.11, 0.48]",0.20993874257441825,0.8205034779432058,False
Laminin subunit beta-1,Leuk,20,39,0.1500000000000008,"[-0.17, 0.44]",0.34923374105217486,0.860788962265991,False
Proline-rich protein 4,Leuk,20,39,0.1749999999999999,"[-0.14, 0.46]",0.27379479263839795,0.8448096775145966,False
Immunoglobulin kappa variable 2-28;Immunoglobulin kappa variable 2D-28,Leuk,20,39,0.12499999999999992,"[-0.19, 0.42]",0.4361566470231073,0.8960937411657979,False
Complement C3,Leuk,20,39,0.17499999999999985,"[-0.14, 0.46]",0.27379479263839795,0.8448096775145966,False
Thyroxine-binding globulin,Leuk,20,39,0.19999999999999993,"[-0.11, 0.48]",0.20993874257441825,0.8205034779432058,False
Immunoglobulin kappa variable 1D-13;Immunoglobulin kappa variable 1-13,Leuk,20,39,0.05000000000000083,"[-0.26, 0.35]",0.7562191489680732,0.9507803863239565,False
Complement factor H-related protein 5,Leuk,20,39,0.27500000000000063,"[-0.04, 0.54]",0.08183609289594636,0.6837273567758237,False
Immunoglobulin lambda variable 2-23,Leuk,20,39,-0.17499999999999977,"[-0.46, 0.14]",0.27379479263839795,0.8448096775145966,False
Coagulation factor VII,Leuk,20,39,0.12500000000000075,"[-0.19, 0.42]",0.4361566470231041,0.8960937411657979,False
Immunoglobulin heavy constant gamma 4,Leuk,20,39,-0.07499999999999996,"[-0.37, 0.24]",0.6411866947841538,0.9307504209261677,False
L-lactate dehydrogenase B chain,Leuk,20,39,0.02499999999999987,"[-0.28, 0.33]",0.8767016791266298,0.9710047873747903,False
Zinc-alpha-2-glycoprotein,Leuk,20,39,0.17499999999999993,"[-0.14, 0.46]",0.27379479263839523,0.8448096775145966,False
"Dihydrolipoyllysine-residue succinyltransferase component of 2-oxoglutarate dehydrogenase complex, mitochondrial",Leuk,20,39,-0.12499999999999997,"[-0.42, 0.19]",0.4361566470231073,0.8960937411657979,False
Serpin B3,Leuk,20,39,-0.2250000000000001,"[-0.50, 0.09]",0.15725665075562228,0.7607516423767026,False
Immunoglobulin heavy variable 3-33,Leuk,20,39,0.27500000000000013,"[-0.04, 0.54]",0.08183609289594658,0.6837273567758237,False
Follistatin-related protein 1,Leuk,20,39,-0.3249999999999997,"[-0.58, -0.02]",0.03814283706459549,0.5407449785115541,False
Cholesteryl ester transfer protein,Leuk,20,39,0.024999999999999724,"[-0.28, 0.33]",0.8767016791266298,0.9710047873747903,False
Complement C1q subcomponent subunit C,Leuk,20,39,-0.17499999999999913,"[-0.46, 0.14]",0.2737947926383973,0.8448096775145966,False
Immunoglobulin heavy variable 4-30-2,Leuk,20,39,-0.049999999999999885,"[-0.35, 0.26]",0.7562191489680836,0.9507803863239565,False
Thrombospondin-4,Leuk,20,39,0.2750000000000006,"[-0.04, 0.54]",0.08183609289594636,0.6837273567758237,False
Transketolase,Leuk,20,39,-0.07500000000000014,"[-0.37, 0.24]",0.6411866947841472,0.9307504209261677,False
Complement receptor type 2,Leuk,20,39,-0.1249999999999994,"[-0.42, 0.19]",0.43615664702310897,0.8960937411657979,False
Immunoglobulin kappa variable 2-40;Immunoglobulin kappa variable 2D-40,Leuk,20,39,0.22499999999999987,"[-0.09, 0.50]",0.15725665075562228,0.7607516423767026,False
Immunoglobulin kappa variable 3D-7,Leuk,20,39,-0.0499999999999999,"[-0.35, 0.26]",0.7562191489680836,0.9507803863239565,False
Immunoglobulin heavy variable 3-64,Leuk,20,39,-0.1000000000000001,"[-0.40, 0.21]",0.5338939001152925,0.9307504209261677,False
Vitronectin,Leuk,20,39,0.24999999999999975,"[-0.06, 0.52]",0.11492787448834102,0.7242274493625929,False
Complement component C8 gamma chain,Leuk,20,39,0.09999999999999971,"[-0.21, 0.40]",0.5338939001152971,0.9307504209261677,False
Immunoglobulin heavy variable 5-51,Leuk,20,39,-2.2204460492503128e-16,"[-0.31, 0.31]",1.0,1.0,False
Coagulation factor V,Leuk,20,39,0.025000000000000314,"[-0.28, 0.33]",0.8767016791266298,0.9710047873747903,False
Protein S100-A7,Leuk,20,39,-0.19999999999999996,"[-0.48, 0.11]",0.20993874257441825,0.8205034779432058,False
Arginase-1,Leuk,20,39,0.09999999999999983,"[-0.21, 0.40]",0.5338939001152971,0.9307504209261677,False
Protein-glutamine gamma-glutamyltransferase K,Leuk,20,39,-0.14999999999999988,"[-0.44, 0.17]",0.34923374105217864,0.860788962265991,False
Immunoglobulin kappa variable 4-1,Leuk,20,39,6.661338147750938e-16,"[-0.31, 0.31]",1.0,1.0,False
Coagulation factor XIII B chain,Leuk,20,39,-0.12499999999999942,"[-0.42, 0.19]",0.43615664702310897,0.8960937411657979,False
Apolipoprotein C-II,Leuk,20,39,0.02499999999999975,"[-0.28, 0.33]",0.8767016791266298,0.9710047873747903,False
Bone marrow proteoglycan,Leuk,20,39,0.25000000000000006,"[-0.06, 0.52]",0.11492787448834065,0.7242274493625929,False
Apolipoprotein A-I,Leuk,20,39,0.09999999999999969,"[-0.21, 0.40]",0.5338939001152971,0.9307504209261677,False
Coagulation factor X,Leuk,20,39,0.3500000000000005,"[0.05, 0.59]",0.02487954703887659,0.45322368856435696,False
Thioredoxin,Leuk,20,39,0.12500000000000056,"[-0.19, 0.42]",0.4361566470231041,0.8960937411657979,False
Immunoglobulin heavy variable 3-15,Leuk,20,39,0.050000000000000794,"[-0.26, 0.35]",0.7562191489680732,0.9507803863239565,False
Proteasome subunit beta type-2,Leuk,20,39,-0.05000000000000013,"[-0.35, 0.26]",0.7562191489680836,0.9507803863239565,False
Apolipoprotein A-II,Leuk,20,39,-0.1000000000000002,"[-0.40, 0.21]",0.5338939001152925,0.9307504209261677,False
Immunoglobulin heavy constant gamma 2,Leuk,20,39,-0.4250000000000003,"[-0.65, -0.14]",0.005608377882559695,0.2288897979464093,False
Plakophilin-1,Leuk,20,39,0.025000000000000886,"[-0.28, 0.33]",0.8767016791266298,0.9710047873747903,False
Fetuin-B,Leuk,20,39,0.2999999999999998,"[-0.01, 0.56]",0.056691006778488304,0.5955651164529556,False
Complement factor H-related protein 3,Leuk,20,39,0.0749999999999998,"[-0.24, 0.37]",0.6411866947841538,0.9307504209261677,False
Plasminogen,Leuk,20,39,0.14999999999999988,"[-0.17, 0.44]",0.34923374105217864,0.860788962265991,False
Fermitin family homolog 3,Leuk,20,39,0.4749999999999999,"[0.20, 0.68]",0.0017001988978472785,0.11196387371603896,False
Immunoglobulin heavy variable 3-21,Leuk,20,39,-0.02499999999999981,"[-0.33, 0.28]",0.8767016791266298,0.9710047873747903,False
Immunoglobulin heavy variable 2-26,Leuk,20,39,-0.20000000000000015,"[-0.48, 0.11]",0.20993874257441825,0.8205034779432058,False
Immunoglobulin kappa variable 1-12;Immunoglobulin kappa variable 1D-12,Leuk,20,39,0.12500000000000064,"[-0.19, 0.42]",0.4361566470231041,0.8960937411657979,False
Immunoglobulin heavy constant gamma 3,Leuk,20,39,0.024999999999999665,"[-0.28, 0.33]",0.8767016791266298,0.9710047873747903,False
Immunoglobulin kappa variable 2D-29,Leuk,20,39,0.025000000000000418,"[-0.28, 0.33]",0.8767016791266298,0.9710047873747903,False
Neogenin,Leuk,20,39,0.07499999999999973,"[-0.24, 0.37]",0.6411866947841538,0.9307504209261677,False
Immunoglobulin heavy variable 6-1,Leuk,20,39,0.07499999999999962,"[-0.24, 0.37]",0.6411866947841538,0.9307504209261677,False
L-selectin,Leuk,20,39,0.15,"[-0.17, 0.44]",0.34923374105217864,0.860788962265991,False
Immunoglobulin lambda constant 3,Leuk,20,39,-0.14999999999999958,"[-0.44, 0.17]",0.34923374105217975,0.860788962265991,False
A disintegrin and metalloproteinase with thrombospondin motifs 13,Leuk,20,39,-0.049999999999999475,"[-0.35, 0.26]",0.7562191489680836,0.9507803863239565,False
von Willebrand factor,Leuk,20,39,-0.2749999999999993,"[-0.54, 0.04]",0.08183609289594801,0.6837273567758237,False
Neutral alpha-glucosidase AB,Leuk,20,39,0.2000000000000003,"[-0.11, 0.48]",0.20993874257441789,0.8205034779432058,False
Carbonic anhydrase 1,Leuk,20,39,0.35000000000000064,"[0.05, 0.59]",0.024879547038876456,0.45322368856435696,False
Immunoglobulin lambda variable 4-60,Leuk,20,39,-0.04999999999999999,"[-0.35, 0.26]",0.7562191489680836,0.9507803863239565,False
Integrin beta-1,Leuk,20,39,0.2999999999999998,"[-0.01, 0.56]",0.056691006778488304,0.5955651164529556,False
Immunoglobulin lambda variable 3-12,Leuk,20,39,-0.025000000000000584,"[-0.33, 0.28]",0.8767016791266298,0.9710047873747903,False
Alpha-amylase 1B;Alpha-amylase 1C;Alpha-amylase 1A,Leuk,20,39,0.09999999999999942,"[-0.21, 0.40]",0.5338939001152971,0.9307504209261677,False
Lumican,Leuk,20,39,0.1250000000000007,"[-0.19, 0.42]",0.4361566470231041,0.8960937411657979,False
Beta-Ala-His dipeptidase,Leuk,20,39,0.09999999999999963,"[-0.21, 0.40]",0.5338939001152971,0.9307504209261677,False
Immunoglobulin alpha-2 heavy chain,Leuk,20,39,-4.1633363423443375e-16,"[-0.31, 0.31]",1.0,1.0,False
Complement C5,Leuk,20,39,0.07500000000000026,"[-0.24, 0.37]",0.6411866947841472,0.9307504209261677,False
Protein S100-A8,Leuk,20,39,-0.07499999999999922,"[-0.37, 0.24]",0.6411866947841538,0.9307504209261677,False
Immunoglobulin lambda variable 3-25,Leuk,20,39,0.12499999999999957,"[-0.19, 0.42]",0.43615664702310897,0.8960937411657979,False
Leukocyte immunoglobulin-like receptor subfamily B member 3;Leukocyte immunoglobulin-like receptor subfamily A member 6,Leuk,20,39,-0.14999999999999905,"[-0.44, 0.17]",0.3492337410521821,0.860788962265991,False
Collagen alpha-3(VI) chain,Leuk,20,39,0.04999999999999993,"[-0.26, 0.35]",0.7562191489680836,0.9507803863239565,False
Immunoglobulin kappa variable 1-39;Immunoglobulin kappa variable 1D-39,Leuk,20,39,0.12499999999999975,"[-0.19, 0.42]",0.43615664702310897,0.8960937411657979,False
Bleomycin hydrolase,Leuk,20,39,-0.10000000000000003,"[-0.40, 0.21]",0.5338939001152971,0.9307504209261677,False
CD166 antigen,Leuk,20,39,-0.07499999999999955,"[-0.37, 0.24]",0.6411866947841538,0.9307504209261677,False
Beta-2-microglobulin,Leuk,20,39,-0.14999999999999986,"[-0.44, 0.17]",0.34923374105217864,0.860788962265991,False
Amino acid transporter heavy chain SLC3A2,Leuk,20,39,-0.02500000000000042,"[-0.33, 0.28]",0.8767016791266298,0.9710047873747903,False
Haptoglobin-related protein,Leuk,20,39,3.2612801348363964e-16,"[-0.31, 0.31]",1.0,1.0,False
Alpha-1-acid glycoprotein 1,Leuk,20,39,0.10000000000000046,"[-0.21, 0.40]",0.5338939001152925,0.9307504209261677,False
Serum paraoxonase/arylesterase 1,Leuk,20,39,0.1499999999999999,"[-0.17, 0.44]",0.34923374105217864,0.860788962265991,False
Target of Nesh-SH3,Leuk,20,39,-0.15000000000000013,"[-0.44, 0.17]",0.34923374105217864,0.860788962265991,False
Intercellular adhesion molecule 1,Leuk,20,39,0.2249999999999999,"[-0.09, 0.50]",0.15725665075562228,0.7607516423767026,False
Complement C4-A,Leuk,20,39,0.22499999999999953,"[-0.09, 0.50]",0.1572566507556232,0.7607516423767026,False
Coagulation factor XIII A chain,Leuk,20,39,-0.19999999999999948,"[-0.48, 0.11]",0.2099387425744199,0.8205034779432058,False
Immunoglobulin mu heavy chain,Leuk,20,39,-0.17500000000000032,"[-0.46, 0.14]",0.27379479263839523,0.8448096775145966,False
Oncoprotein-induced transcript 3 protein,Leuk,20,39,0.09999999999999964,"[-0.21, 0.40]",0.5338939001152971,0.9307504209261677,False
Peroxiredoxin-2,Leuk,20,39,0.024999999999999748,"[-0.28, 0.33]",0.8767016791266298,0.9710047873747903,False
Tissue factor pathway inhibitor,Leuk,20,39,-0.025000000000000237,"[-0.33, 0.28]",0.8767016791266298,0.9710047873747903,False
Progranulin,Leuk,20,39,0.22500000000000023,"[-0.09, 0.50]",0.15725665075562173,0.7607516423767026,False
Histone H2B type 1-K;Histone H2B type F-S,Leuk,20,39,-0.22500000000000045,"[-0.50, 0.09]",0.15725665075562173,0.7607516423767026,False
Hemoglobin subunit delta,Leuk,20,39,0.02500000000000073,"[-0.28, 0.33]",0.8767016791266298,0.9710047873747903,False
Glutathione S-transferase P,Leuk,20,39,-9.714451465470116e-17,"[-0.31, 0.31]",1.0,1.0,False
Annexin A6,Leuk,20,39,-0.10000000000000032,"[-0.40, 0.21]",0.5338939001152925,0.9307504209261677,False
Complement factor H-related protein 1,Leuk,20,39,0.024999999999999547,"[-0.28, 0.33]",0.8767016791266298,0.9710047873747903,False
Protein KPLCE,Leuk,20,39,-0.05000000000000027,"[-0.35, 0.26]",0.7562191489680836,0.9507803863239565,False
Immunoglobulin heavy variable 4-4,Leuk,20,39,0.15000000000000097,"[-0.17, 0.44]",0.34923374105217486,0.860788962265991,False
Alpha-1B-glycoprotein,Leuk,20,39,0.29999999999999977,"[-0.01, 0.56]",0.05669100677848863,0.5955651164529556,False
Properdin,Leuk,20,39,-0.3249999999999997,"[-0.58, -0.02]",0.038142837064595383,0.5407449785115541,False
Immunoglobulin heavy variable 3-53,Leuk,20,39,-0.10000000000000031,"[-0.40, 0.21]",0.5338939001152925,0.9307504209261677,False
Calmodulin-like protein 5,Leuk,20,39,-0.0750000000000003,"[-0.37, 0.24]",0.6411866947841472,0.9307504209261677,False
Carboxypeptidase B2,Leuk,20,39,-0.0749999999999992,"[-0.37, 0.24]",0.6411866947841538,0.9307504209261677,False
"Sushi, nidogen and EGF-like domain-containing protein 1",Leuk,20,39,0.3749999999999999,"[0.08, 0.61]",0.015700418653338422,0.36734819848780037,False
Proteasome subunit alpha type-5,Leuk,20,39,0.1499999999999998,"[-0.17, 0.44]",0.34923374105217864,0.860788962265991,False
Bifunctional heparan sulfate N-deacetylase/N-sulfotransferase 4,Leuk,20,39,-0.09999999999999908,"[-0.40, 0.21]",0.5338939001152994,0.9307504209261677,False
Immunoglobulin heavy variable 3-9,Leuk,20,39,0.025000000000000442,"[-0.28, 0.33]",0.8767016791266298,0.9710047873747903,False
Neural cell adhesion molecule L1-like protein,Leuk,20,39,0.025000000000000827,"[-0.28, 0.33]",0.8767016791266298,0.9710047873747903,False
Proteasome subunit alpha type-2,Leuk,20,39,0.19999999999999973,"[-0.11, 0.48]",0.2099387425744199,0.8205034779432058,False
Intercellular adhesion molecule 3,Leuk,20,39,-0.02499999999999931,"[-0.33, 0.28]",0.8767016791266298,0.9710047873747903,False
Receptor-type tyrosine-protein phosphatase eta,Leuk,20,39,-0.3749999999999991,"[-0.61, -0.08]",0.015700418653338648,0.36734819848780037,False
ADAMTS-like protein 4,Leuk,20,39,0.25000000000000056,"[-0.06, 0.52]",0.11492787448833962,0.7242274493625929,False
Immunoglobulin lambda variable 3-21,Leuk,20,39,-0.07500000000000026,"[-0.37, 0.24]",0.6411866947841472,0.9307504209261677,False
Cartilage oligomeric matrix protein,Leuk,20,39,0.15000000000000005,"[-0.17, 0.44]",0.34923374105217864,0.860788962265991,False
Neural cell adhesion molecule 1,Leuk,20,39,0.10000000000000059,"[-0.21, 0.40]",0.5338939001152925,0.9307504209261677,False
Immunoglobulin lambda variable 2-11,Leuk,20,39,-0.2249999999999993,"[-0.50, 0.09]",0.1572566507556237,0.7607516423767026,False
Immunoglobulin kappa variable 1D-33;Immunoglobulin kappa variable 1-33,Leuk,20,39,0.32499999999999984,"[0.02, 0.58]",0.038142837064595383,0.5407449785115541,False
Beta-2-glycoprotein 1,Leuk,20,39,-0.07499999999999953,"[-0.37, 0.24]",0.6411866947841538,0.9307504209261677,False
Vitamin D-binding protein,Leuk,20,39,0.12499999999999978,"[-0.19, 0.42]",0.4361566470231073,0.8960937411657979,False
Filamin-A,Leuk,20,39,0.4250000000000002,"[0.14, 0.65]",0.005608377882559711,0.2288897979464093,False
Reelin,Leuk,20,39,-0.025000000000000168,"[-0.33, 0.28]",0.8767016791266298,0.9710047873747903,False
Immunoglobulin lambda variable 5-39,Leuk,20,39,0.07499999999999968,"[-0.24, 0.37]",0.6411866947841538,0.9307504209261677,False
Fatty acid-binding protein 5,Leuk,20,39,-0.3999999999999996,"[-0.63, -0.11]",0.00956354847695802,0.3066711211611223,False
"HLA class I histocompatibility antigen, A alpha chain",Leuk,20,39,0.34999999999999976,"[0.05, 0.59]",0.02487954703887687,0.45322368856435696,False
Low affinity immunoglobulin gamma Fc region receptor III-A,Leuk,20,39,0.19999999999999998,"[-0.11, 0.48]",0.20993874257441825,0.8205034779432058,False
Heat shock 70 kDa protein 1A;Heat shock 70 kDa protein 1B,Leuk,20,39,-0.07499999999999957,"[-0.37, 0.24]",0.6411866947841538,0.9307504209261677,False
Apolipoprotein D,Leuk,20,39,0.29999999999999993,"[-0.01, 0.56]",0.056691006778488304,0.5955651164529556,False
Plexin-B1,Leuk,20,39,0.0500000000000007,"[-0.26, 0.35]",0.7562191489680732,0.9507803863239565,False
Immunoglobulin heavy variable 1-58,Leuk,20,39,-0.04999999999999942,"[-0.35, 0.26]",0.7562191489680836,0.9507803863239565,False
Apolipoprotein C-IV,Leuk,20,39,0.4250000000000005,"[0.14, 0.65]",0.00560837788255968,0.2288897979464093,False
Monocyte differentiation antigen CD14,Leuk,20,39,0.07500000000000058,"[-0.24, 0.37]",0.6411866947841472,0.9307504209261677,False
Protein MENT,Leuk,20,39,6.245004513516505e-16,"[-0.31, 0.31]",1.0,1.0,False
Immunoglobulin epsilon heavy chain,Leuk,20,39,-0.2999999999999993,"[-0.56, 0.01]",0.056691006778488796,0.5955651164529556,False
Complement factor H,Leuk,20,39,-0.12499999999999946,"[-0.42, 0.19]",0.43615664702310897,0.8960937411657979,False
Stabilin-1,Leuk,20,39,0.3499999999999997,"[0.05, 0.59]",0.02487954703887687,0.45322368856435696,False
Macrophage receptor MARCO,Leuk,20,39,0.025000000000000057,"[-0.28, 0.33]",0.8767016791266298,0.9710047873747903,False
Protein POF1B,Leuk,20,39,-0.024999999999999956,"[-0.33, 0.28]",0.8767016791266298,0.9710047873747903,False
Phosphatidylcholine-sterol acyltransferase,Leuk,20,39,0.27500000000000036,"[-0.04, 0.54]",0.08183609289594658,0.6837273567758237,False
Clusterin,Leuk,20,39,0.32499999999999996,"[0.02, 0.58]",0.03814283706459527,0.5407449785115541,False
Platelet-activating factor acetylhydrolase,Leuk,20,39,0.22499999999999976,"[-0.09, 0.50]",0.1572566507556232,0.7607516423767026,False
Vasorin,Leuk,20,39,0.07499999999999989,"[-0.24, 0.37]",0.6411866947841538,0.9307504209261677,False
Myeloperoxidase,Leuk,20,39,-0.025000000000000275,"[-0.33, 0.28]",0.8767016791266298,0.9710047873747903,False
Immunoglobulin lambda variable 5-52,Leuk,20,39,0.12500000000000053,"[-0.19, 0.42]",0.4361566470231041,0.8960937411657979,False
Carboxypeptidase N catalytic chain,Leuk,20,39,0.27499999999999997,"[-0.04, 0.54]",0.08183609289594682,0.6837273567758237,False
Fibrinogen gamma chain,Leuk,20,39,-0.025000000000000282,"[-0.33, 0.28]",0.8767016791266298,0.9710047873747903,False
Soluble scavenger receptor cysteine-rich domain-containing protein SSC5D,Leuk,20,39,-0.050000000000000426,"[-0.35, 0.26]",0.7562191489680836,0.9507803863239565,False
Tetranectin,Leuk,20,39,-0.025000000000000303,"[-0.33, 0.28]",0.8767016791266298,0.9710047873747903,False
Apolipoprotein(a),Leuk,20,39,0.10000000000000063,"[-0.21, 0.40]",0.5338939001152925,0.9307504209261677,False
Alpha-2-antiplasmin,Leuk,20,39,0.24999999999999947,"[-0.06, 0.52]",0.11492787448834166,0.7242274493625929,False
Retroviral-like aspartic protease 1,Leuk,20,39,-0.22499999999999998,"[-0.50, 0.09]",0.15725665075562228,0.7607516423767026,False
Ficolin-3,Leuk,20,39,-0.04999999999999933,"[-0.35, 0.26]",0.7562191489680836,0.9507803863239565,False
Immunoglobulin kappa variable 2-24,Leuk,20,39,0.024999999999999977,"[-0.28, 0.33]",0.8767016791266298,0.9710047873747903,False
Immunoglobulin superfamily containing leucine-rich repeat protein,Leuk,20,39,0.37499999999999983,"[0.08, 0.61]",0.015700418653338422,0.36734819848780037,False
Complement factor D,Leuk,20,39,6.938893903907227e-16,"[-0.31, 0.31]",1.0,1.0,False
Vitamin K-dependent protein Z,Leuk,20,39,0.3249999999999995,"[0.02, 0.58]",0.03814283706459549,0.5407449785115541,False
EGF-containing fibulin-like extracellular matrix protein 1,Leuk,20,39,4.440892098500627e-16,"[-0.31, 0.31]",1.0,1.0,False
Dipeptidase 2,Leuk,20,39,0.3,"[-0.01, 0.56]",0.056691006778488304,0.5955651164529556,False
Myeloblastin,Leuk,20,39,-0.17500000000000082,"[-0.46, 0.14]",0.27379479263839546,0.8448096775145966,False
Neurogenic locus notch homolog protein 1,Leuk,20,39,0.3749999999999998,"[0.08, 0.61]",0.015700418653338422,0.36734819848780037,False
Vitamin K-dependent protein S,Leuk,20,39,-0.049999999999999295,"[-0.35, 0.26]",0.7562191489680836,0.9507803863239565,False
Dermcidin,Leuk,20,39,0.12500000000000058,"[-0.19, 0.42]",0.4361566470231041,0.8960937411657979,False
Immunoglobulin heavy variable 3-73,Leuk,20,39,0.12500000000000028,"[-0.19, 0.42]",0.4361566470231073,0.8960937411657979,False
Alpha-2-macroglobulin,Leuk,20,39,-0.025000000000000022,"[-0.33, 0.28]",0.8767016791266298,0.9710047873747903,False
Cation-independent mannose-6-phosphate receptor,Leuk,20,39,3.885780586188048e-16,"[-0.31, 0.31]",1.0,1.0,False
Chromodomain-helicase-DNA-binding protein 1;Chromodomain-helicase-DNA-binding protein 2;Chromodomain-helicase-DNA-binding protein 9;Chromodomain-helicase-DNA-binding protein 6;Chromodomain-helicase-DNA-binding protein 8;Chromodomain-helicase-DNA-binding protein 7,Leuk,20,39,-0.15000000000000016,"[-0.44, 0.17]",0.34923374105217864,0.860788962265991,False
Ceruloplasmin,Leuk,20,39,0.2499999999999995,"[-0.06, 0.52]",0.11492787448834166,0.7242274493625929,False
Prostaglandin-H2 D-isomerase,Leuk,20,39,-0.12499999999999972,"[-0.42, 0.19]",0.43615664702310897,0.8960937411657979,False
Protein S100-A9,Leuk,20,39,-0.07499999999999914,"[-0.37, 0.24]",0.6411866947841538,0.9307504209261677,False
Immunoglobulin J chain,Leuk,20,39,-0.32499999999999946,"[-0.58, -0.02]",0.03814283706459549,0.5407449785115541,False
Probable non-functional immunoglobulin kappa variable 3-7,Eryt,20,39,-0.2641561678489787,"[-0.53, 0.05]",0.09513554840865653,0.7152154288913432,False
Apolipoprotein A-IV,Eryt,20,39,0.03773659540699746,"[-0.27, 0.34]",0.8147964162115997,0.9671847464778622,False
Coagulation factor XII,Eryt,20,39,-0.06289432567832876,"[-0.36, 0.25]",0.6960536804750269,0.9507803863239565,False
Mannan-binding lectin serine protease 1,Eryt,20,39,0.05031546054266236,"[-0.26, 0.35]",0.7547284319821241,0.9507803863239565,False
Complement factor I,Eryt,20,39,0.012578865135666644,"[-0.30, 0.32]",0.9377833563109993,0.9864156703215041,False
Platelet glycoprotein Ib alpha chain,Eryt,20,39,-0.1635252467636533,"[-0.45, 0.15]",0.30697565286988526,0.860788962265991,False
Hepatocyte growth factor-like protein,Eryt,20,39,0.05031546054266373,"[-0.26, 0.35]",0.7547284319821241,0.9507803863239565,False
Profilin-1,Eryt,20,39,0.3899448192056363,"[0.09, 0.62]",0.01172537997064747,0.32947143764920506,False
Peptidase inhibitor 16,Eryt,20,39,-0.13836751649232262,"[-0.43, 0.18]",0.38827726451989597,0.893289750350874,False
Cell surface glycoprotein MUC18,Eryt,20,39,-0.1509463816279882,"[-0.44, 0.16]",0.34616651092511663,0.860788962265991,False
Adhesion G-protein coupled receptor G6,Eryt,20,39,0.08805205594965966,"[-0.23, 0.39]",0.584078218634943,0.9307504209261677,False
Immunoglobulin heavy variable 1-69,Eryt,20,39,-0.012578865135664748,"[-0.32, 0.30]",0.9377833563109993,0.9864156703215041,False
Insulin-like growth factor-binding protein complex acid labile subunit,Eryt,20,39,-0.36478708893430456,"[-0.60, -0.06]",0.01902754958724692,0.4106779452580828,False
Plasma serine protease inhibitor,Eryt,20,39,-0.150946381627988,"[-0.44, 0.16]",0.34616651092511663,0.860788962265991,False
Immunoglobulin heavy variable 1-69D,Eryt,20,39,-0.02515773027133169,"[-0.33, 0.28]",0.8759298006814945,0.9710047873747903,False
Pancreatic adenocarcinoma up-regulated factor,Eryt,20,39,-0.13836751649232185,"[-0.43, 0.18]",0.3882772645199002,0.893289750350874,False
Immunoglobulin heavy variable 3-64D,Eryt,20,39,0.13836751649232196,"[-0.18, 0.43]",0.3882772645199002,0.893289750350874,False
Neutrophil gelatinase-associated lipocalin,Eryt,20,39,0.02515773027133119,"[-0.28, 0.33]",0.8759298006815162,0.9710047873747903,False
Lysosome-associated membrane glycoprotein 2,Eryt,20,39,-0.0628943256783278,"[-0.36, 0.25]",0.696053680475035,0.9507803863239565,False
Corneodesmosin,Eryt,20,39,0.037736595406997094,"[-0.27, 0.34]",0.8147964162115997,0.9671847464778622,False
Collagen alpha-1(XVIII) chain,Eryt,20,39,-0.03773659540699626,"[-0.34, 0.27]",0.8147964162115997,0.9671847464778622,False
Lipopolysaccharide-binding protein,Eryt,20,39,0.037736595406996636,"[-0.27, 0.34]",0.8147964162115997,0.9671847464778622,False
Immunoglobulin heavy variable 3-49,Eryt,20,39,0.17610411189931957,"[-0.14, 0.46]",0.2707314445157677,0.8448096775145966,False
SPARC-like protein 1,Eryt,20,39,0.03773659540699694,"[-0.27, 0.34]",0.8147964162115997,0.9671847464778622,False
Ras-associated and pleckstrin homology domains-containing protein 1,Eryt,20,39,0.13836751649232304,"[-0.18, 0.43]",0.38827726451989597,0.893289750350874,False
Alpha-1-acid glycoprotein 2,Eryt,20,39,-0.025157730271330732,"[-0.33, 0.28]",0.8759298006815162,0.9710047873747903,False
Immunoglobulin heavy variable 3-20,Eryt,20,39,0.02515773027133132,"[-0.28, 0.33]",0.8759298006814945,0.9710047873747903,False
Neurogenic locus notch homolog protein 2,Eryt,20,39,0.31447162839164194,"[0.01, 0.57]",0.045236032392656104,0.5693821348264478,False
Apolipoprotein B-100,Eryt,20,39,0.08805205594966053,"[-0.23, 0.39]",0.584078218634943,0.9307504209261677,False
CD44 antigen,Eryt,20,39,0.05031546054266252,"[-0.26, 0.35]",0.7547284319821241,0.9507803863239565,False
Pigment epithelium-derived factor,Eryt,20,39,0.16352524676365465,"[-0.15, 0.45]",0.30697565286988115,0.860788962265991,False
Xaa-Pro dipeptidase,Eryt,20,39,-0.037736595406996726,"[-0.34, 0.27]",0.8147964162115997,0.9671847464778622,False
Immunoglobulin heavy constant delta,Eryt,20,39,-0.1635252467636531,"[-0.45, 0.15]",0.3069756528698859,0.860788962265991,False
Probable non-functional immunoglobulin heavy variable 3-38-3,Eryt,20,39,0.025157730271332106,"[-0.28, 0.33]",0.8759298006814945,0.9710047873747903,False
Immunoglobulin lambda constant 7,Eryt,20,39,0.23899843757764797,"[-0.07, 0.51]",0.13234575356789427,0.7605654126839256,False
Receptor-type tyrosine-protein phosphatase gamma,Eryt,20,39,0.062894325678329,"[-0.25, 0.36]",0.6960536804750269,0.9507803863239565,False
Afamin,Eryt,20,39,-0.26415616784897966,"[-0.53, 0.05]",0.09513554840865515,0.7152154288913432,False
Pyruvate kinase PKLR,Eryt,20,39,0.15094638162798885,"[-0.16, 0.44]",0.3461665109251143,0.860788962265991,False
Insulin-like growth factor 2,Eryt,20,39,-0.03773659540699711,"[-0.34, 0.27]",0.8147964162115997,0.9671847464778622,False
CD109 antigen,Eryt,20,39,-0.15094638162798757,"[-0.44, 0.16]",0.34616651092511785,0.860788962265991,False
ADP-ribosyl cyclase/cyclic ADP-ribose hydrolase 2,Eryt,20,39,0.22641957244198213,"[-0.09, 0.50]",0.15458525100507478,0.7607516423767026,False
Dedicator of cytokinesis protein 4,Eryt,20,39,0.3144716283916422,"[0.01, 0.57]",0.045236032392655855,0.5693821348264478,False
Complement factor H-related protein 2,Eryt,20,39,-0.15094638162798799,"[-0.44, 0.16]",0.34616651092511663,0.860788962265991,False
Selenoprotein P,Eryt,20,39,0.15094638162798885,"[-0.16, 0.44]",0.3461665109251143,0.860788962265991,False
Adipocyte plasma membrane-associated protein,Eryt,20,39,0.201261842170651,"[-0.11, 0.48]",0.2070173066653294,0.8205034779432058,False
Immunoglobulin heavy constant alpha 2,Eryt,20,39,-0.1383675164923228,"[-0.43, 0.18]",0.38827726451989597,0.893289750350874,False
Lactotransferrin,Eryt,20,39,0.11320978622099125,"[-0.20, 0.41]",0.4809662304085859,0.9307504209261677,False
Alpha-enolase,Eryt,20,39,0.07547319081399416,"[-0.24, 0.37]",0.6390775016345178,0.9307504209261677,False
Immunoglobulin heavy constant gamma 1,Eryt,20,39,0.10063092108532544,"[-0.21, 0.40]",0.5313032912665372,0.9307504209261677,False
Collectin-10,Eryt,20,39,0.1761041118993193,"[-0.14, 0.46]",0.2707314445157677,0.8448096775145966,False
Lysosome-associated membrane glycoprotein 1,Eryt,20,39,-0.21384070730631666,"[-0.49, 0.10]",0.17943606663614683,0.7970464859682194,False
Cathelicidin antimicrobial peptide,Eryt,20,39,-0.06289432567832766,"[-0.36, 0.25]",0.696053680475035,0.9507803863239565,False
Fibroblast growth factor-binding protein 2,Eryt,20,39,0.15094638162798887,"[-0.16, 0.44]",0.3461665109251143,0.860788962265991,False
Lymphatic vessel endothelial hyaluronic acid receptor 1,Eryt,20,39,0.03773659540699691,"[-0.27, 0.34]",0.8147964162115997,0.9671847464778622,False
Haptoglobin,Eryt,20,39,0.17610411189931993,"[-0.14, 0.46]",0.27073144451576664,0.8448096775145966,False
Tenascin-X,Eryt,20,39,-0.10063092108532491,"[-0.40, 0.21]",0.5313032912665417,0.9307504209261677,False
Zinc finger protein 512B,Eryt,20,39,0.012578865135665354,"[-0.30, 0.32]",0.9377833563109993,0.9864156703215041,False
Immunoglobulin lambda variable 3-19,Eryt,20,39,-0.11320978622099062,"[-0.41, 0.20]",0.48096623040858766,0.9307504209261677,False
Complement C1q subcomponent subunit B,Eryt,20,39,0.012578865135666457,"[-0.30, 0.32]",0.9377833563109993,0.9864156703215041,False
Ubiquitin-ribosomal protein eS31 fusion protein,Eryt,20,39,-0.0880520559496605,"[-0.39, 0.23]",0.584078218634943,0.9307504209261677,False
Kinesin-like protein KIF21A,Eryt,20,39,-0.22641957244198238,"[-0.50, 0.09]",0.15458525100507478,0.7607516423767026,False
Attractin,Eryt,20,39,0.06289432567832919,"[-0.25, 0.36]",0.6960536804750269,0.9507803863239565,False
Immunoglobulin lambda variable 1-44,Eryt,20,39,-0.2389984375776474,"[-0.51, 0.07]",0.1323457535678955,0.7605654126839256,False
Immunoglobulin heavy variable 1-46,Eryt,20,39,0.12578865135665726,"[-0.19, 0.42]",0.43324433222999803,0.8960937411657979,False
Fibulin-1,Eryt,20,39,0.0628943256783284,"[-0.25, 0.36]",0.696053680475035,0.9507803863239565,False
Secreted phosphoprotein 24,Eryt,20,39,-4.678390808585682e-16,"[-0.31, 0.31]",1.0,1.0,False
Scavenger receptor class B member 1,Eryt,20,39,-0.1886829770349851,"[-0.47, 0.13]",0.23742561415580288,0.8448096775145966,False
Immunoglobulin lambda variable 2-18,Eryt,20,39,0.1006309210853254,"[-0.21, 0.40]",0.5313032912665372,0.9307504209261677,False
Collagen alpha-2(VI) chain,Eryt,20,39,0.08805205594966073,"[-0.23, 0.39]",0.5840782186349377,0.9307504209261677,False
Adiponectin,Eryt,20,39,-0.11320978622099175,"[-0.41, 0.20]",0.4809662304085821,0.9307504209261677,False
Nidogen-1,Eryt,20,39,0.21384070730631743,"[-0.10, 0.49]",0.17943606663614486,0.7970464859682194,False
Alpha-1-antitrypsin,Eryt,20,39,-0.13836751649232285,"[-0.43, 0.18]",0.38827726451989597,0.893289750350874,False
"Sushi, von Willebrand factor type A, EGF and pentraxin domain-containing protein 1",Eryt,20,39,0.2893138981203113,"[-0.02, 0.55]",0.06655316995458944,0.6384174451199597,False
Complement C1s subcomponent,Eryt,20,39,0.10063092108532593,"[-0.21, 0.40]",0.5313032912665372,0.9307504209261677,False
Alpha-actinin-4,Eryt,20,39,1.047400927295302e-15,"[-0.31, 0.31]",1.0,1.0,False
Complement component C1q receptor,Eryt,20,39,0.1761041118993195,"[-0.14, 0.46]",0.2707314445157677,0.8448096775145966,False
Inter-alpha-trypsin inhibitor heavy chain H3,Eryt,20,39,-0.06289432567832788,"[-0.36, 0.25]",0.696053680475035,0.9507803863239565,False
Immunoglobulin kappa variable 1D-8,Eryt,20,39,0.10063092108532526,"[-0.21, 0.40]",0.5313032912665417,0.9307504209261677,False
Low-density lipoprotein receptor,Eryt,20,39,0.21384070730631752,"[-0.10, 0.49]",0.17943606663614486,0.7970464859682194,False
Prolactin-inducible protein,Eryt,20,39,-0.10063092108532565,"[-0.40, 0.21]",0.5313032912665372,0.9307504209261677,False
Hyaluronan-binding protein 2,Eryt,20,39,0.11320978622099129,"[-0.20, 0.41]",0.4809662304085859,0.9307504209261677,False
N-acetylmuramoyl-L-alanine amidase,Eryt,20,39,-0.025157730271331735,"[-0.33, 0.28]",0.8759298006814945,0.9710047873747903,False
Serpin A11,Eryt,20,39,0.1886829770349859,"[-0.13, 0.47]",0.2374256141558007,0.8448096775145966,False
C4b-binding protein alpha chain,Eryt,20,39,0.33962935866297345,"[0.04, 0.59]",0.02982027076098728,0.5032824644222794,False
Inter-alpha-trypsin inhibitor heavy chain H2,Eryt,20,39,-0.025157730271331738,"[-0.33, 0.28]",0.8759298006814945,0.9710047873747903,False
Fibrillin-1,Eryt,20,39,0.17610411189931993,"[-0.14, 0.46]",0.27073144451576664,0.8448096775145966,False
Golgi-associated RAB2 interactor protein 1B,Eryt,20,39,0.2012618421706506,"[-0.11, 0.48]",0.20701730666532933,0.8205034779432058,False
Neurogenic locus notch homolog protein 3,Eryt,20,39,-0.06289432567832824,"[-0.36, 0.25]",0.696053680475035,0.9507803863239565,False
Immunoglobulin heavy constant alpha 1,Eryt,20,39,-0.08805205594966044,"[-0.39, 0.23]",0.584078218634943,0.9307504209261677,False
Apolipoprotein C-III,Eryt,20,39,0.49057574029096146,"[0.22, 0.69]",0.0011287099298655714,0.08445258519683063,False
Glutathione peroxidase 3,Eryt,20,39,0.050315460542663074,"[-0.26, 0.35]",0.7547284319821241,0.9507803863239565,False
Contactin-1,Eryt,20,39,0.15094638162798743,"[-0.16, 0.44]",0.34616651092511785,0.860788962265991,False
Stomatin,Eryt,20,39,0.40252368434130176,"[0.11, 0.63]",0.009077988229465518,0.3066711211611223,False
Immunoglobulin heavy variable 3-13,Eryt,20,39,0.2264195724419828,"[-0.09, 0.50]",0.15458525100507342,0.7607516423767026,False
Immunoglobulin heavy variable 1-69-2,Eryt,20,39,0.10063092108532617,"[-0.21, 0.40]",0.5313032912665372,0.9307504209261677,False
Apolipoprotein E,Eryt,20,39,0.113209786220991,"[-0.20, 0.41]",0.4809662304085859,0.9307504209261677,False
Mucosal addressin cell adhesion molecule 1,Eryt,20,39,-0.1257886513566562,"[-0.42, 0.19]",0.4332443322300029,0.8960937411657979,False
Protein S100-A11,Eryt,20,39,-0.01257886513566586,"[-0.32, 0.30]",0.9377833563109993,0.9864156703215041,False
Complement factor H-related protein 4,Eryt,20,39,0.08805205594966023,"[-0.23, 0.39]",0.584078218634943,0.9307504209261677,False
Immunoglobulin kappa variable 1D-16,Eryt,20,39,0.16352524676365487,"[-0.15, 0.45]",0.3069756528698808,0.860788962265991,False
Immunoglobulin lambda variable 1-47,Eryt,20,39,0.13836751649232212,"[-0.18, 0.43]",0.38827726451989886,0.893289750350874,False
Fructose-bisphosphate aldolase A,Eryt,20,39,-0.02515773027133071,"[-0.33, 0.28]",0.8759298006815162,0.9710047873747903,False
Thrombospondin-1,Eryt,20,39,0.10063092108532562,"[-0.21, 0.40]",0.5313032912665372,0.9307504209261677,False
Aminopeptidase N,Eryt,20,39,-0.05031546054266224,"[-0.35, 0.26]",0.7547284319821241,0.9507803863239565,False
Apolipoprotein M,Eryt,20,39,-0.0503154605426628,"[-0.35, 0.26]",0.7547284319821241,0.9507803863239565,False
Immunoglobulin heavy variable 3-43,Eryt,20,39,-0.17610411189931904,"[-0.46, 0.14]",0.27073144451577086,0.8448096775145966,False
Cysteine-rich secretory protein 3,Eryt,20,39,0.025157730271331172,"[-0.28, 0.33]",0.8759298006815162,0.9710047873747903,False
Complement component C8 alpha chain,Eryt,20,39,-0.050315460542662116,"[-0.35, 0.26]",0.7547284319821241,0.9507803863239565,False
Immunoglobulin heavy variable 2-70D,Eryt,20,39,0.025157730271332158,"[-0.28, 0.33]",0.8759298006814945,0.9710047873747903,False
Immunoglobulin heavy variable 3-23,Eryt,20,39,0.01257886513566528,"[-0.30, 0.32]",0.9377833563109993,0.9864156703215041,False
Plasma kallikrein,Eryt,20,39,0.11320978622099143,"[-0.20, 0.41]",0.4809662304085859,0.9307504209261677,False
Galectin-7,Eryt,20,39,0.10063092108532601,"[-0.21, 0.40]",0.5313032912665372,0.9307504209261677,False
Extracellular superoxide dismutase [Cu-Zn],Eryt,20,39,0.3522082237986394,"[0.05, 0.60]",0.02392074837731261,0.45322368856435696,False
Immunoglobulin heavy variable 1-8,Eryt,20,39,0.1383675164923222,"[-0.18, 0.43]",0.38827726451989886,0.893289750350874,False
Cystatin-C,Eryt,20,39,-0.08805205594965977,"[-0.39, 0.23]",0.584078218634943,0.9307504209261677,False
Immunoglobulin lambda-like polypeptide 1,Eryt,20,39,-0.037736595406997316,"[-0.34, 0.27]",0.8147964162115997,0.9671847464778622,False
Inhibin beta C chain,Eryt,20,39,-0.02515773027133093,"[-0.33, 0.28]",0.8759298006815162,0.9710047873747903,False
Mannose-binding protein C,Eryt,20,39,0.08805205594966044,"[-0.23, 0.39]",0.584078218634943,0.9307504209261677,False
IgGFc-binding protein,Eryt,20,39,-0.08805205594965922,"[-0.39, 0.23]",0.5840782186349485,0.9307504209261677,False
Macrophage mannose receptor 1,Eryt,20,39,-0.03773659540699651,"[-0.34, 0.27]",0.8147964162115997,0.9671847464778622,False
Aromatase,Eryt,20,39,-0.17610411189931938,"[-0.46, 0.14]",0.2707314445157677,0.8448096775145966,False
Cadherin-5,Eryt,20,39,0.10063092108532617,"[-0.21, 0.40]",0.5313032912665372,0.9307504209261677,False
Immunoglobulin kappa variable 1-8,Eryt,20,39,0.33962935866297367,"[0.04, 0.59]",0.02982027076098711,0.5032824644222794,False
Retinol-binding protein 4,Eryt,20,39,0.11320978622099152,"[-0.20, 0.41]",0.4809662304085859,0.9307504209261677,False
Complement component C8 beta chain,Eryt,20,39,-0.08805205594965922,"[-0.39, 0.23]",0.5840782186349485,0.9307504209261677,False
Tumor necrosis factor receptor superfamily member 1B,Eryt,20,39,-0.08805205594965952,"[-0.39, 0.23]",0.5840782186349485,0.9307504209261677,False
Formin-2,Eryt,20,39,-0.012578865135665949,"[-0.32, 0.30]",0.9377833563109993,0.9864156703215041,False
Scavenger receptor cysteine-rich domain-containing protein DMBT1,Eryt,20,39,-0.025157730271331773,"[-0.33, 0.28]",0.8759298006814945,0.9710047873747903,False
Apolipoprotein L1,Eryt,20,39,-0.012578865135665002,"[-0.32, 0.30]",0.9377833563109993,0.9864156703215041,False
Leucine-rich alpha-2-glycoprotein,Eryt,20,39,-0.1886829770349854,"[-0.47, 0.13]",0.23742561415580288,0.8448096775145966,False
Immunoglobulin heavy variable 1-2,Eryt,20,39,0.2515773027133137,"[-0.06, 0.52]",0.1125799217684705,0.7242274493625929,False
Ras-related protein Rab-10,Eryt,20,39,0.5283123356979588,"[0.26, 0.72]",0.0003845983647945625,0.038235771913692734,True
Immunoglobulin heavy variable 1-24,Eryt,20,39,0.05031546054266267,"[-0.26, 0.35]",0.7547284319821241,0.9507803863239565,False
Annexin A3,Eryt,20,39,0.23899843757764871,"[-0.07, 0.51]",0.13234575356789308,0.7605654126839256,False
Hemoglobin subunit beta,Eryt,20,39,0.0754731908139947,"[-0.24, 0.37]",0.6390775016345178,0.9307504209261677,False
Immunoglobulin lambda variable 4-69,Eryt,20,39,0.15094638162798787,"[-0.16, 0.44]",0.34616651092511663,0.860788962265991,False
Elongation factor 2,Eryt,20,39,-0.03773659540699725,"[-0.34, 0.27]",0.8147964162115997,0.9671847464778622,False
Multiple inositol polyphosphate phosphatase 1,Eryt,20,39,-0.11320978622099157,"[-0.41, 0.20]",0.4809662304085859,0.9307504209261677,False
Collagen alpha-1(VI) chain,Eryt,20,39,0.03773659540699694,"[-0.27, 0.34]",0.8147964162115997,0.9671847464778622,False
Hepatocyte growth factor activator,Eryt,20,39,-0.08805205594966037,"[-0.39, 0.23]",0.584078218634943,0.9307504209261677,False
Fibrinogen beta chain,Eryt,20,39,-0.12578865135665732,"[-0.42, 0.19]",0.43324433222999803,0.8960937411657979,False
Hemicentin-1,Eryt,20,39,0.26415616784898033,"[-0.05, 0.53]",0.09513554840865433,0.7152154288913432,False
C-type mannose receptor 2,Eryt,20,39,0.012578865135665376,"[-0.30, 0.32]",0.9377833563109993,0.9864156703215041,False
Platelet glycoprotein Ib beta chain,Eryt,20,39,0.5912066613762872,"[0.35, 0.76]",4.6982917795172095e-05,0.008550891038721321,True
Complement C2,Eryt,20,39,-0.13836751649232198,"[-0.43, 0.18]",0.3882772645199002,0.893289750350874,False
Annexin A2,Eryt,20,39,3.910296795235793e-16,"[-0.31, 0.31]",1.0,1.0,False
Protein disulfide-isomerase A3,Eryt,20,39,0.12578865135665676,"[-0.19, 0.42]",0.4332443322299997,0.8960937411657979,False
Dipeptidyl peptidase 4,Eryt,20,39,0.22641957244198202,"[-0.09, 0.50]",0.15458525100507575,0.7607516423767026,False
Proteasome subunit alpha type-4,Eryt,20,39,-3.6309898812903794e-16,"[-0.31, 0.31]",1.0,1.0,False
Coagulation factor XI,Eryt,20,39,-0.12578865135665732,"[-0.42, 0.19]",0.43324433222999803,0.8960937411657979,False
Collectin-11,Eryt,20,39,0.11320978622099065,"[-0.20, 0.41]",0.48096623040858766,0.9307504209261677,False
High mobility group protein B1,Eryt,20,39,0.050315460542662595,"[-0.26, 0.35]",0.7547284319821241,0.9507803863239565,False
Immunoglobulin lambda variable 3-16,Eryt,20,39,0.03773659540699691,"[-0.27, 0.34]",0.8147964162115997,0.9671847464778622,False
Prothrombin,Eryt,20,39,0.5157334705622934,"[0.25, 0.71]",0.0005583441453173186,0.04882973343593307,True
Immunoglobulin kappa joining 1,Eryt,20,39,0.22641957244198344,"[-0.09, 0.50]",0.15458525100507303,0.7607516423767026,False
Immunoglobulin heavy variable 3-7,Eryt,20,39,0.06289432567832813,"[-0.25, 0.36]",0.696053680475035,0.9507803863239565,False
Immunoglobulin heavy variable 3-74,Eryt,20,39,0.27673503298464514,"[-0.03, 0.54]",0.07984982710594835,0.6837273567758237,False
Ezrin,Eryt,20,39,0.5408912008336246,"[0.28, 0.73]",0.000261022348478636,0.030361356978172716,True
Intercellular adhesion molecule 2,Eryt,20,39,0.11320978622099148,"[-0.20, 0.41]",0.4809662304085859,0.9307504209261677,False
Lysozyme C,Eryt,20,39,0.13836751649232273,"[-0.18, 0.43]",0.38827726451989597,0.893289750350874,False
Protein AMBP,Eryt,20,39,-0.0377365954069963,"[-0.34, 0.27]",0.8147964162115997,0.9671847464778622,False
Prolyl endopeptidase FAP,Eryt,20,39,-0.012578865135665621,"[-0.32, 0.30]",0.9377833563109993,0.9864156703215041,False
"Actin, cytoplasmic 2",Eryt,20,39,0.1383675164923225,"[-0.18, 0.43]",0.38827726451989886,0.893289750350874,False
Kallistatin,Eryt,20,39,-0.050315460542662324,"[-0.35, 0.26]",0.7547284319821241,0.9507803863239565,False
Hemopexin,Eryt,20,39,0.012578865135665133,"[-0.30, 0.32]",0.9377833563109993,0.9864156703215041,False
C4b-binding protein beta chain,Eryt,20,39,0.10063092108532547,"[-0.21, 0.40]",0.5313032912665372,0.9307504209261677,False
Peptidyl-prolyl cis-trans isomerase A,Eryt,20,39,0.22641957244198274,"[-0.09, 0.50]",0.1545852510050743,0.7607516423767026,False
Complement C1r subcomponent-like protein,Eryt,20,39,0.11320978622099089,"[-0.20, 0.41]",0.4809662304085859,0.9307504209261677,False
Immunoglobulin heavy variable 3-30;Immunoglobulin heavy variable 3-30-5,Eryt,20,39,0.18868297703498518,"[-0.13, 0.47]",0.23742561415580288,0.8448096775145966,False
Immunoglobulin lambda variable 3-9,Eryt,20,39,-0.18868297703498557,"[-0.47, 0.13]",0.2374256141558024,0.8448096775145966,False
Immunoglobulin heavy variable 1-45,Eryt,20,39,-0.08805205594966044,"[-0.39, 0.23]",0.584078218634943,0.9307504209261677,False
Hemoglobin subunit gamma-1,Eryt,20,39,0.050315460542662734,"[-0.26, 0.35]",0.7547284319821241,0.9507803863239565,False
Apolipoprotein F,Eryt,20,39,0.012578865135666244,"[-0.30, 0.32]",0.9377833563109993,0.9864156703215041,False
Immunoglobulin gamma-1 heavy chain,Eryt,20,39,-0.03773659540699643,"[-0.34, 0.27]",0.8147964162115997,0.9671847464778622,False
Low affinity immunoglobulin gamma Fc region receptor III-B,Eryt,20,39,0.17610411189931924,"[-0.14, 0.46]",0.2707314445157677,0.8448096775145966,False
Multiple epidermal growth factor-like domains protein 8,Eryt,20,39,0.15094638162798873,"[-0.16, 0.44]",0.3461665109251143,0.860788962265991,False
Complement C4-B,Eryt,20,39,-0.28931389812031133,"[-0.55, 0.02]",0.06655316995458944,0.6384174451199597,False
Glyceraldehyde-3-phosphate dehydrogenase,Eryt,20,39,0.1509463816279881,"[-0.16, 0.44]",0.34616651092511663,0.860788962265991,False
Complement C1r subcomponent,Eryt,20,39,-0.025157730271330756,"[-0.33, 0.28]",0.8759298006815162,0.9710047873747903,False
Sex hormone-binding globulin,Eryt,20,39,-0.03773659540699664,"[-0.34, 0.27]",0.8147964162115997,0.9671847464778622,False
Biotinidase,Eryt,20,39,-0.3773659540699702,"[-0.61, -0.08]",0.015004138812269746,0.36734819848780037,False
Cholinesterase,Eryt,20,39,2.6534156824814316e-16,"[-0.31, 0.31]",1.0,1.0,False
Immunoglobulin heavy variable 2-5,Eryt,20,39,0.07547319081399459,"[-0.24, 0.37]",0.6390775016345178,0.9307504209261677,False
Immunoglobulin lambda variable 1-36,Eryt,20,39,0.08805205594965956,"[-0.23, 0.39]",0.5840782186349485,0.9307504209261677,False
Immunoglobulin kappa variable 3-11,Eryt,20,39,0.025157730271330968,"[-0.28, 0.33]",0.8759298006815162,0.9710047873747903,False
Immunoglobulin kappa variable 6-21,Eryt,20,39,0.16352524676365446,"[-0.15, 0.45]",0.30697565286988115,0.860788962265991,False
Immunoglobulin kappa light chain,Eryt,20,39,-0.02515773027133083,"[-0.33, 0.28]",0.8759298006815162,0.9710047873747903,False
Neuropilin-1,Eryt,20,39,-0.12578865135665734,"[-0.42, 0.19]",0.43324433222999803,0.8960937411657979,False
Ficolin-2,Eryt,20,39,-0.08805205594965945,"[-0.39, 0.23]",0.5840782186349485,0.9307504209261677,False
Gamma-glutamyl hydrolase,Eryt,20,39,-0.1383675164923229,"[-0.43, 0.18]",0.38827726451989597,0.893289750350874,False
Keratinocyte proline-rich protein,Eryt,20,39,0.05031546054266255,"[-0.26, 0.35]",0.7547284319821241,0.9507803863239565,False
Kyphoscoliosis peptidase,Eryt,20,39,-0.15094638162798854,"[-0.44, 0.16]",0.3461665109251143,0.860788962265991,False
Laminin subunit alpha-2,Eryt,20,39,0.1383675164923239,"[-0.18, 0.43]",0.3882772645198932,0.893289750350874,False
Desmoglein-1,Eryt,20,39,0.050315460542662324,"[-0.26, 0.35]",0.7547284319821241,0.9507803863239565,False
Immunoglobulin lambda variable 3-27,Eryt,20,39,0.18868297703498557,"[-0.13, 0.47]",0.2374256141558024,0.8448096775145966,False
Myosin-9,Eryt,20,39,0.289313898120311,"[-0.02, 0.55]",0.06655316995458962,0.6384174451199597,False
Versican core protein,Eryt,20,39,0.3396293586629733,"[0.04, 0.59]",0.029820270760987363,0.5032824644222794,False
Proteasome subunit beta type-3,Eryt,20,39,0.1383675164923223,"[-0.18, 0.43]",0.38827726451989886,0.893289750350874,False
Alpha-N-acetylglucosaminidase,Eryt,20,39,-0.050315460542663164,"[-0.35, 0.26]",0.7547284319821241,0.9507803863239565,False
Caspase-14,Eryt,20,39,-0.0377365954069975,"[-0.34, 0.27]",0.8147964162115997,0.9671847464778622,False
Histidine-rich glycoprotein,Eryt,20,39,-0.07547319081399421,"[-0.37, 0.24]",0.6390775016345178,0.9307504209261677,False
"ATP synthase subunit alpha, mitochondrial",Eryt,20,39,6.563712477717229e-16,"[-0.31, 0.31]",1.0,1.0,False
Immunoglobulin kappa constant,Eryt,20,39,-0.201261842170651,"[-0.48, 0.11]",0.2070173066653294,0.8205034779432058,False
Interleukin-1 receptor accessory protein,Eryt,20,39,-0.012578865135665642,"[-0.32, 0.30]",0.9377833563109993,0.9864156703215041,False
Immunoglobulin lambda variable 9-49,Eryt,20,39,2.5137622255087255e-16,"[-0.31, 0.31]",1.0,1.0,False
Plexin domain-containing protein 2,Eryt,20,39,0.06289432567832819,"[-0.25, 0.36]",0.696053680475035,0.9507803863239565,False
Immunoglobulin heavy variable 4-28,Eryt,20,39,0.1257886513566566,"[-0.19, 0.42]",0.4332443322299997,0.8960937411657979,False
Desmoplakin,Eryt,20,39,0.02515773027133136,"[-0.28, 0.33]",0.8759298006814945,0.9710047873747903,False
Endoplasmin,Eryt,20,39,-0.11320978622099104,"[-0.41, 0.20]",0.4809662304085859,0.9307504209261677,False
Heparin cofactor 2,Eryt,20,39,-0.18868297703498524,"[-0.47, 0.13]",0.23742561415580288,0.8448096775145966,False
Laminin subunit gamma-1,Eryt,20,39,0.3270504935273078,"[0.02, 0.58]",0.036873221059371165,0.5407449785115541,False
Polymeric immunoglobulin receptor,Eryt,20,39,-0.06289432567832894,"[-0.36, 0.25]",0.6960536804750269,0.9507803863239565,False
Serum amyloid A-4 protein,Eryt,20,39,0.03773659540699733,"[-0.27, 0.34]",0.8147964162115997,0.9671847464778622,False
Catalase,Eryt,20,39,0.18868297703498563,"[-0.13, 0.47]",0.2374256141558024,0.8448096775145966,False
Complement receptor type 1,Eryt,20,39,0.13836751649232218,"[-0.18, 0.43]",0.38827726451989886,0.893289750350874,False
Immunoglobulin kappa variable 1-27,Eryt,20,39,0.2767350329846445,"[-0.03, 0.54]",0.07984982710594904,0.6837273567758237,False
Immunoglobulin kappa variable 2-30,Eryt,20,39,0.012578865135666422,"[-0.30, 0.32]",0.9377833563109993,0.9864156703215041,False
Protein-glutamine gamma-glutamyltransferase E,Eryt,20,39,0.05031546054266246,"[-0.26, 0.35]",0.7547284319821241,0.9507803863239565,False
Periostin,Eryt,20,39,-0.025157730271331055,"[-0.33, 0.28]",0.8759298006815162,0.9710047873747903,False
Albumin,Eryt,20,39,-0.22641957244198244,"[-0.50, 0.09]",0.1545852510050743,0.7607516423767026,False
Complement factor B,Eryt,20,39,-0.21384070730631624,"[-0.49, 0.10]",0.179436066636148,0.7970464859682194,False
Probable non-functional immunoglobulinn kappa variable 1-37;Probable non-functional immunoglobulinn kappa variable 1D-37,Eryt,20,39,0.1383675164923234,"[-0.18, 0.43]",0.3882772645198932,0.893289750350874,False
Immunoglobulin lambda variable 8-61,Eryt,20,39,0.025157730271332106,"[-0.28, 0.33]",0.8759298006814945,0.9710047873747903,False
Annexin A1,Eryt,20,39,0.201261842170652,"[-0.11, 0.48]",0.2070173066653258,0.8205034779432058,False
CD5 antigen-like,Eryt,20,39,0.08805205594966037,"[-0.23, 0.39]",0.584078218634943,0.9307504209261677,False
RB-associated KRAB zinc finger protein,Eryt,20,39,0.050315460542662664,"[-0.26, 0.35]",0.7547284319821241,0.9507803863239565,False
Immunoglobulin lambda variable 7-46,Eryt,20,39,0.2012618421706517,"[-0.11, 0.48]",0.2070173066653262,0.8205034779432058,False
Basement membrane-specific heparan sulfate proteoglycan core protein,Eryt,20,39,0.12578865135665743,"[-0.19, 0.42]",0.43324433222999803,0.8960937411657979,False
Vitamin K-dependent protein C,Eryt,20,39,0.11320978622099116,"[-0.20, 0.41]",0.4809662304085859,0.9307504209261677,False
Immunoglobulin lambda variable 1-40,Eryt,20,39,-0.05031546054266262,"[-0.35, 0.26]",0.7547284319821241,0.9507803863239565,False
Pantetheinase,Eryt,20,39,0.050315460542662636,"[-0.26, 0.35]",0.7547284319821241,0.9507803863239565,False
Neutrophil defensin 1;Neutrophil defensin 3,Eryt,20,39,6.84301939166264e-16,"[-0.31, 0.31]",1.0,1.0,False
Immunoglobulin lambda variable 2-8,Eryt,20,39,0.18868297703498524,"[-0.13, 0.47]",0.23742561415580288,0.8448096775145966,False
Immunoglobulin heavy variable 1-18,Eryt,20,39,0.15094638162798785,"[-0.16, 0.44]",0.34616651092511663,0.860788962265991,False
Immunoglobulin kappa variable 3D-15,Eryt,20,39,-0.16352524676365351,"[-0.45, 0.15]",0.30697565286988526,0.860788962265991,False
Extracellular matrix protein 1,Eryt,20,39,-0.12578865135665684,"[-0.42, 0.19]",0.4332443322299997,0.8960937411657979,False
Tubulin alpha-1B chain,Eryt,20,39,0.037736595406997406,"[-0.27, 0.34]",0.8147964162115997,0.9671847464778622,False
Immunoglobulin lambda variable 5-45,Eryt,20,39,0.037736595406997905,"[-0.27, 0.34]",0.8147964162115926,0.9671847464778622,False
Alpha-2-HS-glycoprotein,Eryt,20,39,-0.03773659540699636,"[-0.34, 0.27]",0.8147964162115997,0.9671847464778622,False
Cartilage acidic protein 1,Eryt,20,39,0.07547319081399366,"[-0.24, 0.37]",0.6390775016345178,0.9307504209261677,False
Coagulation factor IX,Eryt,20,39,0.3018927632559766,"[-0.01, 0.56]",0.055072798325710756,0.5955651164529556,False
Integrin alpha-2,Eryt,20,39,0.062894325678329,"[-0.25, 0.36]",0.6960536804750269,0.9507803863239565,False
"Mannosyl-oligosaccharide 1,2-alpha-mannosidase IA",Eryt,20,39,0.012578865135665423,"[-0.30, 0.32]",0.9377833563109993,0.9864156703215041,False
Endophilin-A3,Eryt,20,39,-0.0377365954069964,"[-0.34, 0.27]",0.8147964162115997,0.9671847464778622,False
Collagen alpha-1(I) chain,Eryt,20,39,0.22641957244198313,"[-0.09, 0.50]",0.15458525100507342,0.7607516423767026,False
Carboxypeptidase N subunit 2,Eryt,20,39,-0.08805205594965981,"[-0.39, 0.23]",0.584078218634943,0.9307504209261677,False
Scavenger receptor cysteine-rich type 1 protein M130,Eryt,20,39,-0.025157730271331055,"[-0.33, 0.28]",0.8759298006815162,0.9710047873747903,False
Annexin A5,Eryt,20,39,-0.15094638162798849,"[-0.44, 0.16]",0.3461665109251143,0.860788962265991,False
Platelet factor 4,Eryt,20,39,-2.0948018545906044e-16,"[-0.31, 0.31]",1.0,1.0,False
Immunoglobulin heavy variable 3-72,Eryt,20,39,-0.012578865135664977,"[-0.32, 0.30]",0.9377833563109993,0.9864156703215041,False
Protein HEG homolog 1,Eryt,20,39,0.11320978622099179,"[-0.20, 0.41]",0.4809662304085821,0.9307504209261677,False
Sulfhydryl oxidase 1,Eryt,20,39,-0.15094638162798857,"[-0.44, 0.16]",0.3461665109251143,0.860788962265991,False
Corticosteroid-binding globulin,Eryt,20,39,-0.06289432567832827,"[-0.36, 0.25]",0.696053680475035,0.9507803863239565,False
Angiopoietin-related protein 6,Eryt,20,39,0.2515773027133136,"[-0.06, 0.52]",0.1125799217684705,0.7242274493625929,False
72 kDa type IV collagenase,Eryt,20,39,0.10063092108532522,"[-0.21, 0.40]",0.5313032912665417,0.9307504209261677,False
Trypsin-3,Eryt,20,39,-0.2515773027133133,"[-0.52, 0.06]",0.1125799217684711,0.7242274493625929,False
Complement component C9,Eryt,20,39,-0.08805205594965934,"[-0.39, 0.23]",0.5840782186349485,0.9307504209261677,False
Pyruvate kinase PKM,Eryt,20,39,0.1635252467636546,"[-0.15, 0.45]",0.30697565286988115,0.860788962265991,False
Immunoglobulin heavy variable 4-34,Eryt,20,39,0.1509463816279885,"[-0.16, 0.44]",0.3461665109251143,0.860788962265991,False
Immunoglobulin kappa variable 6D-21,Eryt,20,39,0.10063092108532504,"[-0.21, 0.40]",0.5313032912665417,0.9307504209261677,False
Immunoglobulin lambda-1 light chain,Eryt,20,39,-0.10063092108532477,"[-0.40, 0.21]",0.5313032912665417,0.9307504209261677,False
Transforming growth factor-beta-induced protein ig-h3,Eryt,20,39,-0.01257886513566525,"[-0.32, 0.30]",0.9377833563109993,0.9864156703215041,False
Complement C1q subcomponent subunit A,Eryt,20,39,0.13836751649232323,"[-0.18, 0.43]",0.38827726451989597,0.893289750350874,False
Prolow-density lipoprotein receptor-related protein 1,Eryt,20,39,0.01257886513566617,"[-0.30, 0.32]",0.9377833563109993,0.9864156703215041,False
Immunoglobulin heavy constant mu,Eryt,20,39,0.11320978622099122,"[-0.20, 0.41]",0.4809662304085859,0.9307504209261677,False
UV-stimulated scaffold protein A,Eryt,20,39,-0.10063092108532583,"[-0.40, 0.21]",0.5313032912665372,0.9307504209261677,False
Complement component C6,Eryt,20,39,-0.30189276325597636,"[-0.56, 0.01]",0.055072798325710916,0.5955651164529556,False
Angiotensinogen,Eryt,20,39,-0.23899843757764702,"[-0.51, 0.07]",0.13234575356789582,0.7605654126839256,False
Pregnancy zone protein,Eryt,20,39,0.16352524676365351,"[-0.15, 0.45]",0.30697565286988526,0.860788962265991,False
Histone H2A type 1-B/E;Histone H2A type 3;Histone H2A type 1-C,Eryt,20,39,0.06289432567832867,"[-0.25, 0.36]",0.6960536804750269,0.9507803863239565,False
Desmocollin-1,Eryt,20,39,0.05031546054266332,"[-0.26, 0.35]",0.7547284319821241,0.9507803863239565,False
Protein Z-dependent protease inhibitor,Eryt,20,39,0.03773659540699749,"[-0.27, 0.34]",0.8147964162115997,0.9671847464778622,False
Immunoglobulin kappa variable 1-17,Eryt,20,39,-0.12578865135665648,"[-0.42, 0.19]",0.4332443322299997,0.8960937411657979,False
Fibronectin,Eryt,20,39,-0.3018927632559767,"[-0.56, 0.01]",0.055072798325710756,0.5955651164529556,False
Probable non-functional immunoglobulin heavy variable 3-38,Eryt,20,39,0.17610411189931963,"[-0.14, 0.46]",0.2707314445157677,0.8448096775145966,False
Nucleoside diphosphate kinase 3,Eryt,20,39,-0.08805205594965898,"[-0.39, 0.23]",0.5840782186349485,0.9307504209261677,False
Plasma protease C1 inhibitor,Eryt,20,39,-0.17610411189931988,"[-0.46, 0.14]",0.27073144451576664,0.8448096775145966,False
Immunoglobulin kappa variable 1-16,Eryt,20,39,0.037736595406997704,"[-0.27, 0.34]",0.8147964162115997,0.9671847464778622,False
F-actin-capping protein subunit alpha-1,Eryt,20,39,0.1383675164923226,"[-0.18, 0.43]",0.38827726451989886,0.893289750350874,False
Cathepsin D,Eryt,20,39,-0.07547319081399341,"[-0.37, 0.24]",0.6390775016345243,0.9307504209261677,False
Anthrax toxin receptor 2,Eryt,20,39,0.1635252467636534,"[-0.15, 0.45]",0.30697565286988526,0.860788962265991,False
Talin-1,Eryt,20,39,0.5283123356979588,"[0.26, 0.72]",0.0003845983647945625,0.038235771913692734,True
Protein disulfide-isomerase,Eryt,20,39,-0.025157730271331297,"[-0.33, 0.28]",0.8759298006815162,0.9710047873747903,False
Junction plakoglobin,Eryt,20,39,0.025157730271332134,"[-0.28, 0.33]",0.8759298006814945,0.9710047873747903,False
Tenascin,Eryt,20,39,0.35220822379863864,"[0.05, 0.60]",0.023920748377312947,0.45322368856435696,False
Cadherin-related family member 5,Eryt,20,39,-0.03773659540699724,"[-0.34, 0.27]",0.8147964162115997,0.9671847464778622,False
Kininogen-1,Eryt,20,39,-0.012578865135666112,"[-0.32, 0.30]",0.9377833563109993,0.9864156703215041,False
Alpha-1-antichymotrypsin,Eryt,20,39,-0.012578865135665194,"[-0.32, 0.30]",0.9377833563109993,0.9864156703215041,False
Integrin alpha-IIb,Eryt,20,39,0.6163643916476189,"[0.38, 0.78]",1.781654039920196e-05,0.004614483963393308,True
Serum amyloid P-component,Eryt,20,39,-0.1383675164923227,"[-0.43, 0.18]",0.38827726451989597,0.893289750350874,False
Inter-alpha-trypsin inhibitor heavy chain H1,Eryt,20,39,-0.06289432567832855,"[-0.36, 0.25]",0.696053680475035,0.9507803863239565,False
Probable non-functional immunoglobulin heavy variable 3-35,Eryt,20,39,-0.012578865135665973,"[-0.32, 0.30]",0.9377833563109993,0.9864156703215041,False
Immunoglobulin kappa variable 1-5,Eryt,20,39,0.07547319081399466,"[-0.24, 0.37]",0.6390775016345178,0.9307504209261677,False
Band 3 anion transport protein,Eryt,20,39,0.15094638162798876,"[-0.16, 0.44]",0.3461665109251143,0.860788962265991,False
Immunoglobulin lambda variable 7-43,Eryt,20,39,-0.025157730271331537,"[-0.33, 0.28]",0.8759298006814945,0.9710047873747903,False
Peroxiredoxin-1,Eryt,20,39,0.08805205594965997,"[-0.23, 0.39]",0.584078218634943,0.9307504209261677,False
Matrix metalloproteinase-9,Eryt,20,39,-0.10063092108532536,"[-0.40, 0.21]",0.5313032912665372,0.9307504209261677,False
Multimerin-2,Eryt,20,39,0.07547319081399442,"[-0.24, 0.37]",0.6390775016345178,0.9307504209261677,False
Immunoglobulin heavy variable 1-3,Eryt,20,39,-2.7930691394541385e-17,"[-0.31, 0.31]",1.0,1.0,False
Podocalyxin,Eryt,20,39,0.21384070730631669,"[-0.10, 0.49]",0.17943606663614683,0.7970464859682194,False
Immunoglobulin lambda variable 1-51,Eryt,20,39,0.06289432567832826,"[-0.25, 0.36]",0.696053680475035,0.9507803863239565,False
Cadherin-13,Eryt,20,39,0.12578865135665743,"[-0.19, 0.42]",0.43324433222999803,0.8960937411657979,False
Plastin-2,Eryt,20,39,0.0125788651356661,"[-0.30, 0.32]",0.9377833563109993,0.9864156703215041,False
Inter-alpha-trypsin inhibitor heavy chain H4,Eryt,20,39,0.037736595406997725,"[-0.27, 0.34]",0.8147964162115997,0.9671847464778622,False
Fructose-bisphosphate aldolase B,Eryt,20,39,0.1761041118993206,"[-0.14, 0.46]",0.2707314445157603,0.8448096775145966,False
Mannan-binding lectin serine protease 2,Eryt,20,39,4.608564080099327e-16,"[-0.31, 0.31]",1.0,1.0,False
Platelet glycoprotein 4,Eryt,20,39,0.5408912008336249,"[0.28, 0.73]",0.00026102234847863345,0.030361356978172716,True
Hemoglobin subunit alpha,Eryt,20,39,0.10063092108532631,"[-0.21, 0.40]",0.5313032912665328,0.9307504209261677,False
Immunoglobulin lambda variable 3-10,Eryt,20,39,-0.012578865135665782,"[-0.32, 0.30]",0.9377833563109993,0.9864156703215041,False
Serum paraoxonase/lactonase 3,Eryt,20,39,-0.17610411189931963,"[-0.46, 0.14]",0.2707314445157677,0.8448096775145966,False
Dopamine beta-hydroxylase,Eryt,20,39,0.03773659540699704,"[-0.27, 0.34]",0.8147964162115997,0.9671847464778622,False
Triosephosphate isomerase,Eryt,20,39,-0.12578865135665673,"[-0.42, 0.19]",0.4332443322299997,0.8960937411657979,False
Endoplasmic reticulum chaperone BiP,Eryt,20,39,0.201261842170652,"[-0.11, 0.48]",0.2070173066653258,0.8205034779432058,False
Suprabasin,Eryt,20,39,0.050315460542662525,"[-0.26, 0.35]",0.7547284319821241,0.9507803863239565,False
Immunoglobulin kappa variable 3-20,Eryt,20,39,0.03773659540699692,"[-0.27, 0.34]",0.8147964162115997,0.9671847464778622,False
Ficolin-1,Eryt,20,39,0.08805205594966031,"[-0.23, 0.39]",0.584078218634943,0.9307504209261677,False
Autotaxin,Eryt,20,39,0.03773659540699729,"[-0.27, 0.34]",0.8147964162115997,0.9671847464778622,False
Histidine ammonia-lyase,Eryt,20,39,0.1257886513566578,"[-0.19, 0.42]",0.4332443322299947,0.8960937411657979,False
Noelin,Eryt,20,39,0.02515773027133223,"[-0.28, 0.33]",0.8759298006814945,0.9710047873747903,False
Prenylcysteine oxidase 1,Eryt,20,39,0.15094638162798854,"[-0.16, 0.44]",0.3461665109251143,0.860788962265991,False
Immunoglobulin delta heavy chain,Eryt,20,39,0.03773659540699696,"[-0.27, 0.34]",0.8147964162115997,0.9671847464778622,False
Antithrombin-III,Eryt,20,39,-0.2641561678489797,"[-0.53, 0.05]",0.09513554840865515,0.7152154288913432,False
Complement component C7,Eryt,20,39,-0.07547319081399358,"[-0.37, 0.24]",0.6390775016345178,0.9307504209261677,False
BOS complex subunit NOMO3;BOS complex subunit NOMO1;BOS complex subunit NOMO2,Eryt,20,39,0.21384070730631632,"[-0.10, 0.49]",0.17943606663614617,0.7970464859682194,False
Cofilin-1,Eryt,20,39,0.16352524676365374,"[-0.15, 0.45]",0.30697565286988526,0.860788962265991,False
Histone H4,Eryt,20,39,0.10063092108532558,"[-0.21, 0.40]",0.5313032912665372,0.9307504209261677,False
Serum amyloid A-1 protein,Eryt,20,39,-0.012578865135666018,"[-0.32, 0.30]",0.9377833563109993,0.9864156703215041,False
Transferrin receptor protein 1,Eryt,20,39,0.037736595406996566,"[-0.27, 0.34]",0.8147964162115997,0.9671847464778622,False
Serpin B12,Eryt,20,39,-0.012578865135665827,"[-0.32, 0.30]",0.9377833563109993,0.9864156703215041,False
Immunoglobulin kappa variable 3D-20,Eryt,20,39,-0.10063092108532469,"[-0.40, 0.21]",0.5313032912665417,0.9307504209261677,False
Probable non-functional immunoglobulin heavy variable 3-16,Eryt,20,39,-0.025157730271331526,"[-0.33, 0.28]",0.8759298006814945,0.9710047873747903,False
Immunoglobulin lambda variable 6-57,Eryt,20,39,0.301892763255977,"[-0.01, 0.56]",0.0550727983257103,0.5955651164529556,False
Fibrinogen alpha chain,Eryt,20,39,0.41510254947696756,"[0.12, 0.64]",0.006960641563849513,0.2678454873769308,False
Galectin-3-binding protein,Eryt,20,39,0.06289432567832898,"[-0.25, 0.36]",0.6960536804750269,0.9507803863239565,False
Macrophage colony-stimulating factor 1 receptor,Eryt,20,39,-0.16352524676365404,"[-0.45, 0.15]",0.3069756528698824,0.860788962265991,False
Phosphatidylinositol-glycan-specific phospholipase D,Eryt,20,39,0.06289432567832794,"[-0.25, 0.36]",0.696053680475035,0.9507803863239565,False
Serotransferrin,Eryt,20,39,-0.11320978622099126,"[-0.41, 0.20]",0.4809662304085859,0.9307504209261677,False
Integrin alpha-11,Eryt,20,39,-0.16352524676365396,"[-0.45, 0.15]",0.3069756528698824,0.860788962265991,False
Proprotein convertase subtilisin/kexin type 9,Eryt,20,39,0.3396293586629733,"[0.04, 0.59]",0.029820270760987363,0.5032824644222794,False
Gelsolin,Eryt,20,39,0.08805205594966034,"[-0.23, 0.39]",0.584078218634943,0.9307504209261677,False
Proteoglycan 4,Eryt,20,39,0.08805205594965941,"[-0.23, 0.39]",0.5840782186349485,0.9307504209261677,False
Vascular cell adhesion protein 1,Eryt,20,39,0.02515773027133199,"[-0.28, 0.33]",0.8759298006814945,0.9710047873747903,False
Adhesion G protein-coupled receptor F5,Eryt,20,39,0.17610411189932015,"[-0.14, 0.46]",0.2707314445157603,0.8448096775145966,False
Insulin-like growth factor-binding protein 3,Eryt,20,39,0.3396293586629737,"[0.04, 0.59]",0.02982027076098711,0.5032824644222794,False
Transthyretin,Eryt,20,39,-0.16352524676365401,"[-0.45, 0.15]",0.3069756528698824,0.860788962265991,False
Coiled-coil domain-containing protein 126,Eryt,20,39,0.0880520559496598,"[-0.23, 0.39]",0.584078218634943,0.9307504209261677,False
Guanine nucleotide-binding protein G(i) subunit alpha-2,Eryt,20,39,0.7044164475972785,"[0.51, 0.83]",2.751692621843483e-07,0.00026471283022134307,True
Apolipoprotein C-I,Eryt,20,39,0.21384070730631655,"[-0.10, 0.49]",0.17943606663614617,0.7970464859682194,False
Syntenin-1,Eryt,20,39,0.1383675164923235,"[-0.18, 0.43]",0.3882772645198932,0.893289750350874,False
Phospholipid transfer protein,Eryt,20,39,0.11320978622099126,"[-0.20, 0.41]",0.4809662304085859,0.9307504209261677,False
Laminin subunit beta-1,Eryt,20,39,0.18868297703498613,"[-0.13, 0.47]",0.2374256141558007,0.8448096775145966,False
Proline-rich protein 4,Eryt,20,39,0.12578865135665673,"[-0.19, 0.42]",0.4332443322299997,0.8960937411657979,False
Immunoglobulin kappa variable 2-28;Immunoglobulin kappa variable 2D-28,Eryt,20,39,0.16352524676365382,"[-0.15, 0.45]",0.3069756528698824,0.860788962265991,False
Complement C3,Eryt,20,39,-8.379207418362415e-17,"[-0.31, 0.31]",1.0,1.0,False
Thyroxine-binding globulin,Eryt,20,39,0.012578865135665696,"[-0.30, 0.32]",0.9377833563109993,0.9864156703215041,False
Immunoglobulin kappa variable 1D-13;Immunoglobulin kappa variable 1-13,Eryt,20,39,0.12578865135665768,"[-0.19, 0.42]",0.43324433222999803,0.8960937411657979,False
Complement factor H-related protein 5,Eryt,20,39,0.13836751649232337,"[-0.18, 0.43]",0.3882772645198932,0.893289750350874,False
Immunoglobulin lambda variable 2-23,Eryt,20,39,2.7232424109677854e-16,"[-0.31, 0.31]",1.0,1.0,False
Coagulation factor VII,Eryt,20,39,0.08805205594966065,"[-0.23, 0.39]",0.5840782186349377,0.9307504209261677,False
Immunoglobulin heavy constant gamma 4,Eryt,20,39,-0.037736595406997094,"[-0.34, 0.27]",0.8147964162115997,0.9671847464778622,False
L-lactate dehydrogenase B chain,Eryt,20,39,0.10063092108532543,"[-0.21, 0.40]",0.5313032912665372,0.9307504209261677,False
Zinc-alpha-2-glycoprotein,Eryt,20,39,-0.13836751649232262,"[-0.43, 0.18]",0.38827726451989886,0.893289750350874,False
"Dihydrolipoyllysine-residue succinyltransferase component of 2-oxoglutarate dehydrogenase complex, mitochondrial",Eryt,20,39,-0.1635252467636539,"[-0.45, 0.15]",0.3069756528698824,0.860788962265991,False
Serpin B3,Eryt,20,39,-0.15094638162798832,"[-0.44, 0.16]",0.34616651092511663,0.860788962265991,False
Immunoglobulin heavy variable 3-33,Eryt,20,39,0.1509463816279885,"[-0.16, 0.44]",0.3461665109251143,0.860788962265991,False
Follistatin-related protein 1,Eryt,20,39,-0.3270504935273076,"[-0.58, -0.02]",0.03687322105937127,0.5407449785115541,False
Cholesteryl ester transfer protein,Eryt,20,39,0.08805205594965955,"[-0.23, 0.39]",0.5840782186349485,0.9307504209261677,False
Complement C1q subcomponent subunit C,Eryt,20,39,0.012578865135666582,"[-0.30, 0.32]",0.9377833563109993,0.9864156703215041,False
Immunoglobulin heavy variable 4-30-2,Eryt,20,39,0.13836751649232257,"[-0.18, 0.43]",0.38827726451989886,0.893289750350874,False
Thrombospondin-4,Eryt,20,39,0.17610411189932032,"[-0.14, 0.46]",0.2707314445157603,0.8448096775145966,False
Transketolase,Eryt,20,39,0.3144716283916419,"[0.01, 0.57]",0.045236032392656104,0.5693821348264478,False
Complement receptor type 2,Eryt,20,39,-0.0880520559496592,"[-0.39, 0.23]",0.5840782186349485,0.9307504209261677,False
Immunoglobulin kappa variable 2-40;Immunoglobulin kappa variable 2D-40,Eryt,20,39,0.27673503298464497,"[-0.03, 0.54]",0.07984982710594835,0.6837273567758237,False
Immunoglobulin kappa variable 3D-7,Eryt,20,39,0.13836751649232262,"[-0.18, 0.43]",0.38827726451989597,0.893289750350874,False
Immunoglobulin heavy variable 3-64,Eryt,20,39,-0.25157730271331397,"[-0.52, 0.06]",0.11257992176847016,0.7242274493625929,False
Vitronectin,Eryt,20,39,0.08805205594965972,"[-0.23, 0.39]",0.584078218634943,0.9307504209261677,False
Complement component C8 gamma chain,Eryt,20,39,-0.07547319081399442,"[-0.37, 0.24]",0.6390775016345178,0.9307504209261677,False
Immunoglobulin heavy variable 5-51,Eryt,20,39,-0.05031546054266293,"[-0.35, 0.26]",0.7547284319821241,0.9507803863239565,False
Coagulation factor V,Eryt,20,39,0.07547319081399448,"[-0.24, 0.37]",0.6390775016345178,0.9307504209261677,False
Protein S100-A7,Eryt,20,39,-0.050315460542662706,"[-0.35, 0.26]",0.7547284319821241,0.9507803863239565,False
Arginase-1,Eryt,20,39,-8.379207418362415e-17,"[-0.31, 0.31]",1.0,1.0,False
Protein-glutamine gamma-glutamyltransferase K,Eryt,20,39,0.0377365954069971,"[-0.27, 0.34]",0.8147964162115997,0.9671847464778622,False
Immunoglobulin kappa variable 4-1,Eryt,20,39,0.03773659540699777,"[-0.27, 0.34]",0.8147964162115926,0.9671847464778622,False
Coagulation factor XIII B chain,Eryt,20,39,-0.15094638162798774,"[-0.44, 0.16]",0.34616651092511785,0.860788962265991,False
Apolipoprotein C-II,Eryt,20,39,0.3396293586629734,"[0.04, 0.59]",0.02982027076098728,0.5032824644222794,False
Bone marrow proteoglycan,Eryt,20,39,0.1761041118993197,"[-0.14, 0.46]",0.27073144451576664,0.8448096775145966,False
Apolipoprotein A-I,Eryt,20,39,-0.08805205594965992,"[-0.39, 0.23]",0.584078218634943,0.9307504209261677,False
Coagulation factor X,Eryt,20,39,0.16352524676365454,"[-0.15, 0.45]",0.30697565286988115,0.860788962265991,False
Thioredoxin,Eryt,20,39,-0.10063092108532501,"[-0.40, 0.21]",0.5313032912665417,0.9307504209261677,False
Immunoglobulin heavy variable 3-15,Eryt,20,39,0.06289432567832921,"[-0.25, 0.36]",0.6960536804750269,0.9507803863239565,False
Proteasome subunit beta type-2,Eryt,20,39,0.05031546054266262,"[-0.26, 0.35]",0.7547284319821241,0.9507803863239565,False
Apolipoprotein A-II,Eryt,20,39,-0.23899843757764813,"[-0.51, 0.07]",0.13234575356789427,0.7605654126839256,False
Immunoglobulin heavy constant gamma 2,Eryt,20,39,-0.3144716283916426,"[-0.57, -0.01]",0.045236032392655605,0.5693821348264478,False
Plakophilin-1,Eryt,20,39,0.025157730271332245,"[-0.28, 0.33]",0.8759298006814945,0.9710047873747903,False
Fetuin-B,Eryt,20,39,0.037736595406996844,"[-0.27, 0.34]",0.8147964162115997,0.9671847464778622,False
Complement factor H-related protein 3,Eryt,20,39,0.13836751649232237,"[-0.18, 0.43]",0.38827726451989886,0.893289750350874,False
Plasminogen,Eryt,20,39,-0.06289432567832853,"[-0.36, 0.25]",0.696053680475035,0.9507803863239565,False
Fermitin family homolog 3,Eryt,20,39,0.6415221219189501,"[0.42, 0.79]",6.1898600305292184e-06,0.001984881783123036,True
Immunoglobulin heavy variable 3-21,Eryt,20,39,0.11320978622099143,"[-0.20, 0.41]",0.4809662304085859,0.9307504209261677,False
Immunoglobulin heavy variable 2-26,Eryt,20,39,-0.08805205594966006,"[-0.39, 0.23]",0.584078218634943,0.9307504209261677,False
Immunoglobulin kappa variable 1-12;Immunoglobulin kappa variable 1D-12,Eryt,20,39,0.33962935866297417,"[0.04, 0.59]",0.029820270760986863,0.5032824644222794,False
Immunoglobulin heavy constant gamma 3,Eryt,20,39,0.037736595406996726,"[-0.27, 0.34]",0.8147964162115997,0.9671847464778622,False
Immunoglobulin kappa variable 2D-29,Eryt,20,39,-0.050315460542662345,"[-0.35, 0.26]",0.7547284319821241,0.9507803863239565,False
Neogenin,Eryt,20,39,0.20126184217065074,"[-0.11, 0.48]",0.2070173066653294,0.8205034779432058,False
Immunoglobulin heavy variable 6-1,Eryt,20,39,-0.06289432567832882,"[-0.36, 0.25]",0.6960536804750269,0.9507803863239565,False
L-selectin,Eryt,20,39,0.05031546054266277,"[-0.26, 0.35]",0.7547284319821241,0.9507803863239565,False
Immunoglobulin lambda constant 3,Eryt,20,39,-0.037736595406996705,"[-0.34, 0.27]",0.8147964162115997,0.9671847464778622,False
A disintegrin and metalloproteinase with thrombospondin motifs 13,Eryt,20,39,-0.15094638162798768,"[-0.44, 0.16]",0.34616651092511785,0.860788962265991,False
von Willebrand factor,Eryt,20,39,-0.35220822379863864,"[-0.60, -0.05]",0.023920748377312947,0.45322368856435696,False
Neutral alpha-glucosidase AB,Eryt,20,39,0.22641957244198277,"[-0.09, 0.50]",0.1545852510050743,0.7607516423767026,False
Carbonic anhydrase 1,Eryt,20,39,0.25157730271331447,"[-0.06, 0.52]",0.11257992176846914,0.7242274493625929,False
Immunoglobulin lambda variable 4-60,Eryt,20,39,-0.03773659540699707,"[-0.34, 0.27]",0.8147964162115997,0.9671847464778622,False
Integrin beta-1,Eryt,20,39,0.15094638162798804,"[-0.16, 0.44]",0.34616651092511663,0.860788962265991,False
Immunoglobulin lambda variable 3-12,Eryt,20,39,-5.586138278908275e-16,"[-0.31, 0.31]",1.0,1.0,False
Alpha-amylase 1B;Alpha-amylase 1C;Alpha-amylase 1A,Eryt,20,39,0.025157730271330742,"[-0.28, 0.33]",0.8759298006815162,0.9710047873747903,False
Lumican,Eryt,20,39,0.11320978622099193,"[-0.20, 0.41]",0.4809662304085821,0.9307504209261677,False
Beta-Ala-His dipeptidase,Eryt,20,39,-0.08805205594966019,"[-0.39, 0.23]",0.584078218634943,0.9307504209261677,False
Immunoglobulin alpha-2 heavy chain,Eryt,20,39,0.13836751649232212,"[-0.18, 0.43]",0.38827726451989886,0.893289750350874,False
Complement C5,Eryt,20,39,0.05031546054266314,"[-0.26, 0.35]",0.7547284319821241,0.9507803863239565,False
Protein S100-A8,Eryt,20,39,0.06289432567832923,"[-0.25, 0.36]",0.6960536804750269,0.9507803863239565,False
Immunoglobulin lambda variable 3-25,Eryt,20,39,0.2515773027133134,"[-0.06, 0.52]",0.1125799217684705,0.7242274493625929,False
Leukocyte immunoglobulin-like receptor subfamily B member 3;Leukocyte immunoglobulin-like receptor subfamily A member 6,Eryt,20,39,-0.15094638162798735,"[-0.44, 0.16]",0.34616651092511785,0.860788962265991,False
Collagen alpha-3(VI) chain,Eryt,20,39,-0.03773659540699715,"[-0.34, 0.27]",0.8147964162115997,0.9671847464778622,False
Immunoglobulin kappa variable 1-39;Immunoglobulin kappa variable 1D-39,Eryt,20,39,-0.025157730271331485,"[-0.33, 0.28]",0.8759298006814945,0.9710047873747903,False
Bleomycin hydrolase,Eryt,20,39,-0.07547319081399426,"[-0.37, 0.24]",0.6390775016345178,0.9307504209261677,False
CD166 antigen,Eryt,20,39,-0.06289432567832798,"[-0.36, 0.25]",0.696053680475035,0.9507803863239565,False
Beta-2-microglobulin,Eryt,20,39,-0.07547319081399395,"[-0.37, 0.24]",0.6390775016345178,0.9307504209261677,False
Amino acid transporter heavy chain SLC3A2,Eryt,20,39,-0.06289432567832896,"[-0.36, 0.25]",0.6960536804750269,0.9507803863239565,False
Haptoglobin-related protein,Eryt,20,39,0.01257886513566604,"[-0.30, 0.32]",0.9377833563109993,0.9864156703215041,False
Alpha-1-acid glycoprotein 1,Eryt,20,39,-0.1635252467636534,"[-0.45, 0.15]",0.30697565286988526,0.860788962265991,False
Serum paraoxonase/arylesterase 1,Eryt,20,39,0.16352524676365382,"[-0.15, 0.45]",0.3069756528698824,0.860788962265991,False
Target of Nesh-SH3,Eryt,20,39,-0.11320978622099145,"[-0.41, 0.20]",0.4809662304085859,0.9307504209261677,False
Intercellular adhesion molecule 1,Eryt,20,39,0.12578865135665682,"[-0.19, 0.42]",0.4332443322299997,0.8960937411657979,False
Complement C4-A,Eryt,20,39,0.08805205594965936,"[-0.23, 0.39]",0.5840782186349485,0.9307504209261677,False
Coagulation factor XIII A chain,Eryt,20,39,-0.2515773027133133,"[-0.52, 0.06]",0.1125799217684711,0.7242274493625929,False
Immunoglobulin mu heavy chain,Eryt,20,39,0.13836751649232232,"[-0.18, 0.43]",0.38827726451989886,0.893289750350874,False
Oncoprotein-induced transcript 3 protein,Eryt,20,39,0.10063092108532515,"[-0.21, 0.40]",0.5313032912665417,0.9307504209261677,False
Peroxiredoxin-2,Eryt,20,39,0.23899843757764763,"[-0.07, 0.51]",0.13234575356789466,0.7605654126839256,False
Tissue factor pathway inhibitor,Eryt,20,39,0.07547319081399381,"[-0.24, 0.37]",0.6390775016345178,0.9307504209261677,False
Progranulin,Eryt,20,39,0.07547319081399452,"[-0.24, 0.37]",0.6390775016345178,0.9307504209261677,False
Histone H2B type 1-K;Histone H2B type F-S,Eryt,20,39,-0.012578865135666332,"[-0.32, 0.30]",0.9377833563109993,0.9864156703215041,False
Hemoglobin subunit delta,Eryt,20,39,0.07547319081399496,"[-0.24, 0.37]",0.6390775016345145,0.9307504209261677,False
Glutathione S-transferase P,Eryt,20,39,0.15094638162798804,"[-0.16, 0.44]",0.34616651092511663,0.860788962265991,False
Annexin A6,Eryt,20,39,-0.012578865135666023,"[-0.32, 0.30]",0.9377833563109993,0.9864156703215041,False
Complement factor H-related protein 1,Eryt,20,39,0.07547319081399367,"[-0.24, 0.37]",0.6390775016345178,0.9307504209261677,False
Protein KPLCE,Eryt,20,39,-0.0628943256783287,"[-0.36, 0.25]",0.6960536804750269,0.9507803863239565,False
Immunoglobulin heavy variable 4-4,Eryt,20,39,0.025157730271332418,"[-0.28, 0.33]",0.8759298006814945,0.9710047873747903,False
Alpha-1B-glycoprotein,Eryt,20,39,-0.012578865135665874,"[-0.32, 0.30]",0.9377833563109993,0.9864156703215041,False
Properdin,Eryt,20,39,-0.11320978622099084,"[-0.41, 0.20]",0.4809662304085859,0.9307504209261677,False
Immunoglobulin heavy variable 3-53,Eryt,20,39,-0.012578865135665907,"[-0.32, 0.30]",0.9377833563109993,0.9864156703215041,False
Calmodulin-like protein 5,Eryt,20,39,0.050315460542662574,"[-0.26, 0.35]",0.7547284319821241,0.9507803863239565,False
Carboxypeptidase B2,Eryt,20,39,-0.12578865135665615,"[-0.42, 0.19]",0.4332443322300029,0.8960937411657979,False
"Sushi, nidogen and EGF-like domain-containing protein 1",Eryt,20,39,0.30189276325597636,"[-0.01, 0.56]",0.055072798325710916,0.5955651164529556,False
Proteasome subunit alpha type-5,Eryt,20,39,0.2767350329846449,"[-0.03, 0.54]",0.0798498271059488,0.6837273567758237,False
Bifunctional heparan sulfate N-deacetylase/N-sulfotransferase 4,Eryt,20,39,-0.3144716283916414,"[-0.57, -0.01]",0.04523603239265636,0.5693821348264478,False
Immunoglobulin heavy variable 3-9,Eryt,20,39,4.3990838946402683e-16,"[-0.31, 0.31]",1.0,1.0,False
Neural cell adhesion molecule L1-like protein,Eryt,20,39,0.21384070730631752,"[-0.10, 0.49]",0.17943606663614486,0.7970464859682194,False
Proteasome subunit alpha type-2,Eryt,20,39,0.31447162839164194,"[0.01, 0.57]",0.045236032392656104,0.5693821348264478,False
Intercellular adhesion molecule 3,Eryt,20,39,-0.05031546054266213,"[-0.35, 0.26]",0.7547284319821241,0.9507803863239565,False
Receptor-type tyrosine-protein phosphatase eta,Eryt,20,39,-0.31447162839164133,"[-0.57, -0.01]",0.04523603239265661,0.5693821348264478,False
ADAMTS-like protein 4,Eryt,20,39,0.1635252467636545,"[-0.15, 0.45]",0.30697565286988115,0.860788962265991,False
Immunoglobulin lambda variable 3-21,Eryt,20,39,0.012578865135665303,"[-0.30, 0.32]",0.9377833563109993,0.9864156703215041,False
Cartilage oligomeric matrix protein,Eryt,20,39,0.38994481920563623,"[0.09, 0.62]",0.01172537997064747,0.32947143764920506,False
Neural cell adhesion molecule 1,Eryt,20,39,0.0251577302713321,"[-0.28, 0.33]",0.8759298006814945,0.9710047873747903,False
Immunoglobulin lambda variable 2-11,Eryt,20,39,-0.012578865135664901,"[-0.32, 0.30]",0.9377833563109993,0.9864156703215041,False
Immunoglobulin kappa variable 1D-33;Immunoglobulin kappa variable 1-33,Eryt,20,39,0.22641957244198227,"[-0.09, 0.50]",0.15458525100507478,0.7607516423767026,False
Beta-2-glycoprotein 1,Eryt,20,39,-0.2138407073063162,"[-0.49, 0.10]",0.179436066636148,0.7970464859682194,False
Vitamin D-binding protein,Eryt,20,39,-0.1383675164923228,"[-0.43, 0.18]",0.38827726451989597,0.893289750350874,False
Filamin-A,Eryt,20,39,0.6666798521902816,"[0.45, 0.81]",1.9463842157812627e-06,0.0010922459424225852,True
Reelin,Eryt,20,39,0.0377365954069968,"[-0.27, 0.34]",0.8147964162115997,0.9671847464778622,False
Immunoglobulin lambda variable 5-39,Eryt,20,39,-0.012578865135666048,"[-0.32, 0.30]",0.9377833563109993,0.9864156703215041,False
Fatty acid-binding protein 5,Eryt,20,39,-0.16352524676365335,"[-0.45, 0.15]",0.30697565286988526,0.860788962265991,False
"HLA class I histocompatibility antigen, A alpha chain",Eryt,20,39,0.40252368434130176,"[0.11, 0.63]",0.009077988229465518,0.3066711211611223,False
Low affinity immunoglobulin gamma Fc region receptor III-A,Eryt,20,39,0.037736595406997225,"[-0.27, 0.34]",0.8147964162115997,0.9671847464778622,False
Heat shock 70 kDa protein 1A;Heat shock 70 kDa protein 1B,Eryt,20,39,-0.012578865135665234,"[-0.32, 0.30]",0.9377833563109993,0.9864156703215041,False
Apolipoprotein D,Eryt,20,39,0.238998437577648,"[-0.07, 0.51]",0.13234575356789427,0.7605654126839256,False
Plexin-B1,Eryt,20,39,0.21384070730631752,"[-0.10, 0.49]",0.17943606663614486,0.7970464859682194,False
Immunoglobulin heavy variable 1-58,Eryt,20,39,-0.10063092108532497,"[-0.40, 0.21]",0.5313032912665417,0.9307504209261677,False
Apolipoprotein C-IV,Eryt,20,39,0.4276814146126338,"[0.14, 0.65]",0.005283797103535395,0.22808390830261124,False
Monocyte differentiation antigen CD14,Eryt,20,39,-0.12578865135665626,"[-0.42, 0.19]",0.4332443322300029,0.8960937411657979,False
Protein MENT,Eryt,20,39,-0.050315460542662206,"[-0.35, 0.26]",0.7547284319821241,0.9507803863239565,False
Immunoglobulin epsilon heavy chain,Eryt,20,39,-0.3270504935273073,"[-0.58, -0.02]",0.036873221059371485,0.5407449785115541,False
Complement factor H,Eryt,20,39,-0.10063092108532502,"[-0.40, 0.21]",0.5313032912665417,0.9307504209261677,False
Stabilin-1,Eryt,20,39,0.22641957244198227,"[-0.09, 0.50]",0.15458525100507478,0.7607516423767026,False
Macrophage receptor MARCO,Eryt,20,39,0.08805205594965984,"[-0.23, 0.39]",0.584078218634943,0.9307504209261677,False
Protein POF1B,Eryt,20,39,0.11320978622099116,"[-0.20, 0.41]",0.4809662304085859,0.9307504209261677,False
Phosphatidylcholine-sterol acyltransferase,Eryt,20,39,0.17610411189932004,"[-0.14, 0.46]",0.27073144451576664,0.8448096775145966,False
Clusterin,Eryt,20,39,0.2893138981203108,"[-0.02, 0.55]",0.06655316995458983,0.6384174451199597,False
Platelet-activating factor acetylhydrolase,Eryt,20,39,0.07547319081399388,"[-0.24, 0.37]",0.6390775016345178,0.9307504209261677,False
Vasorin,Eryt,20,39,0.07547319081399399,"[-0.24, 0.37]",0.6390775016345178,0.9307504209261677,False
Myeloperoxidase,Eryt,20,39,0.16352524676365365,"[-0.15, 0.45]",0.30697565286988526,0.860788962265991,False
Immunoglobulin lambda variable 5-52,Eryt,20,39,0.05031546054266329,"[-0.26, 0.35]",0.7547284319821241,0.9507803863239565,False
Carboxypeptidase N catalytic chain,Eryt,20,39,0.0628943256783285,"[-0.25, 0.36]",0.696053680475035,0.9507803863239565,False
Fibrinogen gamma chain,Eryt,20,39,0.03773659540699674,"[-0.27, 0.34]",0.8147964162115997,0.9671847464778622,False
Soluble scavenger receptor cysteine-rich domain-containing protein SSC5D,Eryt,20,39,0.13836751649232215,"[-0.18, 0.43]",0.38827726451989886,0.893289750350874,False
Tetranectin,Eryt,20,39,-0.2641561678489798,"[-0.53, 0.05]",0.09513554840865515,0.7152154288913432,False
Apolipoprotein(a),Eryt,20,39,0.10063092108532615,"[-0.21, 0.40]",0.5313032912665372,0.9307504209261677,False
Alpha-2-antiplasmin,Eryt,20,39,-0.03773659540699755,"[-0.34, 0.27]",0.8147964162115997,0.9671847464778622,False
Retroviral-like aspartic protease 1,Eryt,20,39,-0.02515773027133152,"[-0.33, 0.28]",0.8759298006814945,0.9710047873747903,False
Ficolin-3,Eryt,20,39,0.06289432567832914,"[-0.25, 0.36]",0.6960536804750269,0.9507803863239565,False
Immunoglobulin kappa variable 2-24,Eryt,20,39,0.12578865135665673,"[-0.19, 0.42]",0.4332443322299997,0.8960937411657979,False
Immunoglobulin superfamily containing leucine-rich repeat protein,Eryt,20,39,0.3899448192056362,"[0.09, 0.62]",0.01172537997064747,0.32947143764920506,False
Complement factor D,Eryt,20,39,-0.050315460542662144,"[-0.35, 0.26]",0.7547284319821241,0.9507803863239565,False
Vitamin K-dependent protein Z,Eryt,20,39,0.06289432567832805,"[-0.25, 0.36]",0.696053680475035,0.9507803863239565,False
EGF-containing fibulin-like extracellular matrix protein 1,Eryt,20,39,-0.1132097862209907,"[-0.41, 0.20]",0.48096623040858766,0.9307504209261677,False
Dipeptidase 2,Eryt,20,39,0.07547319081399415,"[-0.24, 0.37]",0.6390775016345178,0.9307504209261677,False
Myeloblastin,Eryt,20,39,0.06289432567832756,"[-0.25, 0.36]",0.696053680475035,0.9507803863239565,False
Neurogenic locus notch homolog protein 1,Eryt,20,39,0.15094638162798818,"[-0.16, 0.44]",0.34616651092511663,0.860788962265991,False
Vitamin K-dependent protein S,Eryt,20,39,0.18868297703498607,"[-0.13, 0.47]",0.2374256141558007,0.8448096775145966,False
Dermcidin,Eryt,20,39,0.1257886513566575,"[-0.19, 0.42]",0.43324433222999803,0.8960937411657979,False
Immunoglobulin heavy variable 3-73,Eryt,20,39,0.30189276325597675,"[-0.01, 0.56]",0.05507279832571062,0.5955651164529556,False
Alpha-2-macroglobulin,Eryt,20,39,0.08805205594965983,"[-0.23, 0.39]",0.584078218634943,0.9307504209261677,False
Cation-independent mannose-6-phosphate receptor,Eryt,20,39,-0.07547319081399383,"[-0.37, 0.24]",0.6390775016345178,0.9307504209261677,False
Chromodomain-helicase-DNA-binding protein 1;Chromodomain-helicase-DNA-binding protein 2;Chromodomain-helicase-DNA-binding protein 9;Chromodomain-helicase-DNA-binding protein 6;Chromodomain-helicase-DNA-binding protein 8;Chromodomain-helicase-DNA-binding protein 7,Eryt,20,39,-0.25157730271331397,"[-0.52, 0.06]",0.11257992176847016,0.7242274493625929,False
Ceruloplasmin,Eryt,20,39,0.037736595406996705,"[-0.27, 0.34]",0.8147964162115997,0.9671847464778622,False
Prostaglandin-H2 D-isomerase,Eryt,20,39,-0.25157730271331347,"[-0.52, 0.06]",0.1125799217684705,0.7242274493625929,False
Protein S100-A9,Eryt,20,39,0.13836751649232343,"[-0.18, 0.43]",0.3882772645198932,0.893289750350874,False
Immunoglobulin J chain,Eryt,20,39,-0.0628943256783277,"[-0.36, 0.25]",0.696053680475035,0.9507803863239565,False
Probable non-functional immunoglobulin kappa variable 3-7,Hb,20,39,-0.2785033259480074,"[-0.54, 0.03]",0.07786442509379103,0.6837273567758237,False
Apolipoprotein A-IV,Hb,20,39,0.05063696835418371,"[-0.26, 0.35]",0.7532100413323757,0.9507803863239565,False
Coagulation factor XII,Hb,20,39,-0.05063696835418373,"[-0.35, 0.26]",0.7532100413323757,0.9507803863239565,False
Mannan-binding lectin serine protease 1,Hb,20,39,0.12659242088545788,"[-0.19, 0.42]",0.43028734463755336,0.8960937411657979,False
Complement factor I,Hb,20,39,-0.01265924208854477,"[-0.32, 0.30]",0.9373865845519027,0.9864156703215041,False
Platelet glycoprotein Ib alpha chain,Hb,20,39,-0.1645701471510951,"[-0.45, 0.15]",0.303852590369286,0.860788962265991,False
Hepatocyte growth factor-like protein,Hb,20,39,0.1392516629740051,"[-0.18, 0.43]",0.3852230935083789,0.893289750350874,False
Profilin-1,Hb,20,39,0.3291402943021915,"[0.02, 0.58]",0.03561505890517287,0.5407449785115541,False
Peptidase inhibitor 16,Hb,20,39,-0.11393317879691246,"[-0.41, 0.20]",0.47814942883638767,0.9307504209261677,False
Cell surface glycoprotein MUC18,Hb,20,39,-0.20254787341673325,"[-0.48, 0.11]",0.20406916170063452,0.8205034779432058,False
Adhesion G-protein coupled receptor G6,Hb,20,39,0.10127393670836651,"[-0.21, 0.40]",0.5286693398642885,0.9307504209261677,False
Immunoglobulin heavy variable 1-69,Hb,20,39,-0.03797772626563664,"[-0.34, 0.27]",0.8136338477403198,0.9671847464778622,False
Insulin-like growth factor-binding protein complex acid labile subunit,Hb,20,39,-0.35445877847928275,"[-0.60, -0.05]",0.02297544788577218,0.45322368856435696,False
Plasma serine protease inhibitor,Hb,20,39,-0.07595545253127467,"[-0.37, 0.24]",0.6369307583072197,0.9307504209261677,False
Immunoglobulin heavy variable 1-69D,Hb,20,39,0.0379777262656372,"[-0.27, 0.34]",0.8136338477403198,0.9671847464778622,False
Pancreatic adenocarcinoma up-regulated factor,Hb,20,39,-0.17722938923964096,"[-0.46, 0.14]",0.26763268815997115,0.8448096775145966,False
Immunoglobulin heavy variable 3-64D,Hb,20,39,0.17722938923964102,"[-0.14, 0.46]",0.26763268815997115,0.8448096775145966,False
Neutrophil gelatinase-associated lipocalin,Hb,20,39,0.06329621044272893,"[-0.25, 0.36]",0.6942055139365308,0.9507803863239565,False
Lysosome-associated membrane glycoprotein 2,Hb,20,39,-0.02531848417709109,"[-0.33, 0.28]",0.8751432422724579,0.9710047873747903,False
Corneodesmosin,Hb,20,39,0.025318484177091725,"[-0.28, 0.33]",0.8751432422724579,0.9710047873747903,False
Collagen alpha-1(XVIII) chain,Hb,20,39,8.43274922460446e-16,"[-0.31, 0.31]",1.0,1.0,False
Lipopolysaccharide-binding protein,Hb,20,39,0.025318484177091264,"[-0.28, 0.33]",0.8751432422724579,0.9710047873747903,False
Immunoglobulin heavy variable 3-49,Hb,20,39,0.25318484177091655,"[-0.06, 0.52]",0.11022452915533222,0.7242274493625929,False
SPARC-like protein 1,Hb,20,39,0.025318484177091555,"[-0.28, 0.33]",0.8751432422724579,0.9710047873747903,False
Ras-associated and pleckstrin homology domains-containing protein 1,Hb,20,39,0.1519109050625504,"[-0.16, 0.44]",0.34305750716819117,0.860788962265991,False
Alpha-1-acid glycoprotein 2,Hb,20,39,0.02531848417709225,"[-0.28, 0.33]",0.8751432422724365,0.9710047873747903,False
Immunoglobulin heavy variable 3-20,Hb,20,39,0.11393317879691241,"[-0.20, 0.41]",0.47814942883638967,0.9307504209261677,False
Neurogenic locus notch homolog protein 2,Hb,20,39,0.278503325948008,"[-0.03, 0.54]",0.07786442509379034,0.6837273567758237,False
Apolipoprotein B-100,Hb,20,39,0.07595545253127568,"[-0.24, 0.37]",0.6369307583072132,0.9307504209261677,False
CD44 antigen,Hb,20,39,0.06329621044272889,"[-0.25, 0.36]",0.6942055139365308,0.9507803863239565,False
Pigment epithelium-derived factor,Hb,20,39,0.21520711550527988,"[-0.10, 0.49]",0.17660635420793722,0.7970464859682194,False
Xaa-Pro dipeptidase,Hb,20,39,3.654191330661934e-16,"[-0.31, 0.31]",1.0,1.0,False
Immunoglobulin heavy constant delta,Hb,20,39,-0.17722938923964077,"[-0.46, 0.14]",0.26763268815997115,0.8448096775145966,False
Probable non-functional immunoglobulin heavy variable 3-38-3,Hb,20,39,0.06329621044272987,"[-0.25, 0.36]",0.6942055139365229,0.9507803863239565,False
Immunoglobulin lambda constant 7,Hb,20,39,0.2025478734167332,"[-0.11, 0.48]",0.20406916170063452,0.8205034779432058,False
Receptor-type tyrosine-protein phosphatase gamma,Hb,20,39,0.03797772626563807,"[-0.27, 0.34]",0.8136338477403198,0.9671847464778622,False
Afamin,Hb,20,39,-0.2658440838594626,"[-0.53, 0.05]",0.09296268286085023,0.7152154288913432,False
Pyruvate kinase PKLR,Hb,20,39,0.1139331787969131,"[-0.20, 0.41]",0.47814942883638767,0.9307504209261677,False
Insulin-like growth factor 2,Hb,20,39,-0.01265924208854588,"[-0.32, 0.30]",0.9373865845519027,0.9864156703215041,False
CD109 antigen,Hb,20,39,-0.05063696835418269,"[-0.35, 0.26]",0.7532100413323757,0.9507803863239565,False
ADP-ribosyl cyclase/cyclic ADP-ribose hydrolase 2,Hb,20,39,0.24052559968237042,"[-0.07, 0.51]",0.12981702788530994,0.7605654126839256,False
Dedicator of cytokinesis protein 4,Hb,20,39,0.29116256803655416,"[-0.02, 0.55]",0.06475624452706516,0.635668441173849,False
Complement factor H-related protein 2,Hb,20,39,-0.1772293892396414,"[-0.46, 0.14]",0.26763268815997215,0.8448096775145966,False
Selenoprotein P,Hb,20,39,0.2025478734167339,"[-0.11, 0.48]",0.20406916170063363,0.8205034779432058,False
Adipocyte plasma membrane-associated protein,Hb,20,39,0.29116256803655405,"[-0.02, 0.55]",0.06475624452706516,0.635668441173849,False
Immunoglobulin heavy constant alpha 2,Hb,20,39,-0.16457014715109602,"[-0.45, 0.15]",0.30385259036928086,0.860788962265991,False
Lactotransferrin,Hb,20,39,0.10127393670836674,"[-0.21, 0.40]",0.5286693398642885,0.9307504209261677,False
Alpha-enolase,Hb,20,39,0.012659242088545923,"[-0.30, 0.32]",0.9373865845519027,0.9864156703215041,False
Immunoglobulin heavy constant gamma 1,Hb,20,39,0.17722938923964154,"[-0.14, 0.46]",0.26763268815997215,0.8448096775145966,False
Collectin-10,Hb,20,39,0.20254787341673303,"[-0.11, 0.48]",0.20406916170063452,0.8205034779432058,False
Lysosome-associated membrane glycoprotein 1,Hb,20,39,-0.2785033259480082,"[-0.54, 0.03]",0.07786442509379014,0.6837273567758237,False
Cathelicidin antimicrobial peptide,Hb,20,39,-0.05063696835418251,"[-0.35, 0.26]",0.7532100413323809,0.9507803863239565,False
Fibroblast growth factor-binding protein 2,Hb,20,39,0.06329621044272984,"[-0.25, 0.36]",0.6942055139365229,0.9507803863239565,False
Lymphatic vessel endothelial hyaluronic acid receptor 1,Hb,20,39,-0.06329621044272926,"[-0.36, 0.25]",0.6942055139365308,0.9507803863239565,False
Haptoglobin,Hb,20,39,0.1265924208854587,"[-0.19, 0.42]",0.4302873446375486,0.8960937411657979,False
Tenascin-X,Hb,20,39,-0.05063696835418276,"[-0.35, 0.26]",0.7532100413323757,0.9507803863239565,False
Zinc finger protein 512B,Hb,20,39,-3.0920080490216362e-16,"[-0.31, 0.31]",1.0,1.0,False
Immunoglobulin lambda variable 3-19,Hb,20,39,-0.11393317879691191,"[-0.41, 0.20]",0.47814942883638967,0.9307504209261677,False
Complement C1q subcomponent subunit B,Hb,20,39,7.870565942964166e-16,"[-0.31, 0.31]",1.0,1.0,False
Ubiquitin-ribosomal protein eS31 fusion protein,Hb,20,39,-0.06329621044272979,"[-0.36, 0.25]",0.6942055139365229,0.9507803863239565,False
Kinesin-like protein KIF21A,Hb,20,39,-0.31648105221364575,"[-0.57, -0.01]",0.043805519648240275,0.5652420249953286,False
Attractin,Hb,20,39,0.0759554525312758,"[-0.24, 0.37]",0.6369307583072132,0.9307504209261677,False
Immunoglobulin lambda variable 1-44,Hb,20,39,-0.20254787341673264,"[-0.48, 0.11]",0.20406916170063635,0.8205034779432058,False
Immunoglobulin heavy variable 1-46,Hb,20,39,0.17722938923964204,"[-0.14, 0.46]",0.2676326881599689,0.8448096775145966,False
Fibulin-1,Hb,20,39,0.11393317879691238,"[-0.20, 0.41]",0.47814942883638967,0.9307504209261677,False
Secreted phosphoprotein 24,Hb,20,39,0.025318484177091243,"[-0.28, 0.33]",0.8751432422724579,0.9710047873747903,False
Scavenger receptor class B member 1,Hb,20,39,-0.22786635759382465,"[-0.50, 0.09]",0.15189688033041787,0.7607516423767026,False
Immunoglobulin lambda variable 2-18,Hb,20,39,0.1898886313281874,"[-0.13, 0.47]",0.23438640166170002,0.8448096775145966,False
Collagen alpha-2(VI) chain,Hb,20,39,0.07595545253127599,"[-0.24, 0.37]",0.6369307583072132,0.9307504209261677,False
Adiponectin,Hb,20,39,-0.15191090506255048,"[-0.44, 0.16]",0.34305750716819117,0.860788962265991,False
Nidogen-1,Hb,20,39,0.20254787341673397,"[-0.11, 0.48]",0.20406916170063363,0.8205034779432058,False
Alpha-1-antitrypsin,Hb,20,39,-0.10127393670836696,"[-0.40, 0.21]",0.5286693398642885,0.9307504209261677,False
"Sushi, von Willebrand factor type A, EGF and pentraxin domain-containing protein 1",Hb,20,39,0.2531848417709171,"[-0.06, 0.52]",0.11022452915533124,0.7242274493625929,False
Complement C1s subcomponent,Hb,20,39,0.05063696835418378,"[-0.26, 0.35]",0.7532100413323757,0.9507803863239565,False
Alpha-actinin-4,Hb,20,39,1.054093653075558e-15,"[-0.31, 0.31]",1.0,1.0,False
Complement component C1q receptor,Hb,20,39,0.11393317879691232,"[-0.20, 0.41]",0.47814942883638967,0.9307504209261677,False
Inter-alpha-trypsin inhibitor heavy chain H3,Hb,20,39,0.012659242088546414,"[-0.30, 0.32]",0.9373865845519027,0.9864156703215041,False
Immunoglobulin kappa variable 1D-8,Hb,20,39,0.10127393670836633,"[-0.21, 0.40]",0.5286693398642931,0.9307504209261677,False
Low-density lipoprotein receptor,Hb,20,39,0.22786635759382576,"[-0.09, 0.50]",0.15189688033041604,0.7607516423767026,False
Prolactin-inducible protein,Hb,20,39,-0.15191090506255006,"[-0.44, 0.16]",0.34305750716819117,0.860788962265991,False
Hyaluronan-binding protein 2,Hb,20,39,0.15191090506255003,"[-0.16, 0.44]",0.34305750716819117,0.860788962265991,False
N-acetylmuramoyl-L-alanine amidase,Hb,20,39,0.025318484177091313,"[-0.28, 0.33]",0.8751432422724579,0.9710047873747903,False
Serpin A11,Hb,20,39,0.265844083859463,"[-0.05, 0.53]",0.09296268286084969,0.7152154288913432,False
C4b-binding protein alpha chain,Hb,20,39,0.31648105221364564,"[0.01, 0.57]",0.043805519648240275,0.5652420249953286,False
Inter-alpha-trypsin inhibitor heavy chain H2,Hb,20,39,0.02531848417709134,"[-0.28, 0.33]",0.8751432422724579,0.9710047873747903,False
Fibrillin-1,Hb,20,39,0.253184841770917,"[-0.06, 0.52]",0.11022452915533124,0.7242274493625929,False
Golgi-associated RAB2 interactor protein 1B,Hb,20,39,0.1392516629740037,"[-0.18, 0.43]",0.38522309350838446,0.893289750350874,False
Neurogenic locus notch homolog protein 3,Hb,20,39,-0.037977726265637286,"[-0.34, 0.27]",0.8136338477403198,0.9671847464778622,False
Immunoglobulin heavy constant alpha 1,Hb,20,39,-0.07595545253127554,"[-0.37, 0.24]",0.6369307583072132,0.9307504209261677,False
Apolipoprotein C-III,Hb,20,39,0.4683919572761955,"[0.19, 0.68]",0.0020114334855086497,0.12658872048051634,False
Glutathione peroxidase 3,Hb,20,39,0.11393317879691282,"[-0.20, 0.41]",0.47814942883638767,0.9307504209261677,False
Contactin-1,Hb,20,39,0.2025478734167325,"[-0.11, 0.48]",0.20406916170063635,0.8205034779432058,False
Stomatin,Hb,20,39,0.3797772626563747,"[0.08, 0.62]",0.01432157795468142,0.36734819848780037,False
Immunoglobulin heavy variable 3-13,Hb,20,39,0.27850332594800864,"[-0.03, 0.54]",0.07786442509378971,0.6837273567758237,False
Immunoglobulin heavy variable 1-69-2,Hb,20,39,0.1898886313281881,"[-0.13, 0.47]",0.23438640166169947,0.8448096775145966,False
Apolipoprotein E,Hb,20,39,0.1265924208854581,"[-0.19, 0.42]",0.4302873446375517,0.8960937411657979,False
Mucosal addressin cell adhesion molecule 1,Hb,20,39,-0.1392516629740034,"[-0.43, 0.18]",0.38522309350838446,0.893289750350874,False
Protein S100-A11,Hb,20,39,-0.050636968354183534,"[-0.35, 0.26]",0.7532100413323757,0.9507803863239565,False
Complement factor H-related protein 4,Hb,20,39,0.037977726265637925,"[-0.27, 0.34]",0.8136338477403198,0.9671847464778622,False
Immunoglobulin kappa variable 1D-16,Hb,20,39,0.13925166297400507,"[-0.18, 0.43]",0.3852230935083789,0.893289750350874,False
Immunoglobulin lambda variable 1-47,Hb,20,39,0.08861469461982041,"[-0.23, 0.39]",0.5816684174118314,0.9307504209261677,False
Fructose-bisphosphate aldolase A,Hb,20,39,-0.11393317879691174,"[-0.41, 0.20]",0.47814942883638967,0.9307504209261677,False
Thrombospondin-1,Hb,20,39,0.06329621044272926,"[-0.25, 0.36]",0.6942055139365308,0.9507803863239565,False
Aminopeptidase N,Hb,20,39,-0.037977726265636925,"[-0.34, 0.27]",0.8136338477403198,0.9671847464778622,False
Apolipoprotein M,Hb,20,39,-0.07595545253127506,"[-0.37, 0.24]",0.6369307583072197,0.9307504209261677,False
Immunoglobulin heavy variable 3-43,Hb,20,39,-0.08861469461982031,"[-0.39, 0.23]",0.5816684174118314,0.9307504209261677,False
Cysteine-rich secretory protein 3,Hb,20,39,0.037977726265637196,"[-0.27, 0.34]",0.8136338477403198,0.9671847464778622,False
Complement component C8 alpha chain,Hb,20,39,6.605653559273494e-16,"[-0.31, 0.31]",1.0,1.0,False
Immunoglobulin heavy variable 2-70D,Hb,20,39,-0.06329621044272835,"[-0.36, 0.25]",0.6942055139365308,0.9507803863239565,False
Immunoglobulin heavy variable 3-23,Hb,20,39,-3.5136455102518596e-16,"[-0.31, 0.31]",1.0,1.0,False
Plasma kallikrein,Hb,20,39,0.15191090506255014,"[-0.16, 0.44]",0.34305750716819117,0.860788962265991,False
Galectin-7,Hb,20,39,0.012659242088546317,"[-0.30, 0.32]",0.9373865845519027,0.9864156703215041,False
Extracellular superoxide dismutase [Cu-Zn],Hb,20,39,0.4304142310105585,"[0.14, 0.65]",0.004969889652600797,0.21988339649004893,False
Immunoglobulin heavy variable 1-8,Hb,20,39,0.11393317879691219,"[-0.20, 0.41]",0.47814942883638967,0.9307504209261677,False
Cystatin-C,Hb,20,39,-0.11393317879691235,"[-0.41, 0.20]",0.47814942883638967,0.9307504209261677,False
Immunoglobulin lambda-like polypeptide 1,Hb,20,39,-0.0506369683541836,"[-0.35, 0.26]",0.7532100413323757,0.9507803863239565,False
Inhibin beta C chain,Hb,20,39,5.129922444967714e-16,"[-0.31, 0.31]",1.0,1.0,False
Mannose-binding protein C,Hb,20,39,0.050636968354184,"[-0.26, 0.35]",0.7532100413323757,0.9507803863239565,False
IgGFc-binding protein,Hb,20,39,-0.10127393670836604,"[-0.40, 0.21]",0.5286693398642931,0.9307504209261677,False
Macrophage mannose receptor 1,Hb,20,39,-0.012659242088545236,"[-0.32, 0.30]",0.9373865845519027,0.9864156703215041,False
Aromatase,Hb,20,39,-0.10127393670836637,"[-0.40, 0.21]",0.5286693398642931,0.9307504209261677,False
Cadherin-5,Hb,20,39,0.126592420885459,"[-0.19, 0.42]",0.4302873446375486,0.8960937411657979,False
Immunoglobulin kappa variable 1-8,Hb,20,39,0.30382181012509996,"[-0.00, 0.56]",0.053461850675769904,0.5955651164529556,False
Retinol-binding protein 4,Hb,20,39,0.1265924208854587,"[-0.19, 0.42]",0.4302873446375486,0.8960937411657979,False
Complement component C8 beta chain,Hb,20,39,5.4812869959928995e-16,"[-0.31, 0.31]",1.0,1.0,False
Tumor necrosis factor receptor superfamily member 1B,Hb,20,39,-0.06329621044272873,"[-0.36, 0.25]",0.6942055139365308,0.9507803863239565,False
Formin-2,Hb,20,39,-0.02531848417709203,"[-0.33, 0.28]",0.8751432422724365,0.9710047873747903,False
Scavenger receptor cysteine-rich domain-containing protein DMBT1,Hb,20,39,-0.1139331787969129,"[-0.41, 0.20]",0.47814942883638767,0.9307504209261677,False
Apolipoprotein L1,Hb,20,39,0.03797772626563818,"[-0.27, 0.34]",0.8136338477403198,0.9671847464778622,False
Leucine-rich alpha-2-glycoprotein,Hb,20,39,-0.17722938923964165,"[-0.46, 0.14]",0.2676326881599689,0.8448096775145966,False
Immunoglobulin heavy variable 1-2,Hb,20,39,0.3417995363907374,"[0.04, 0.59]",0.02872435025419201,0.5032824644222794,False
Ras-related protein Rab-10,Hb,20,39,0.6076436202501998,"[0.37, 0.77]",2.5169188437059433e-05,0.005844459135695111,True
Immunoglobulin heavy variable 1-24,Hb,20,39,0.0886146946198209,"[-0.23, 0.39]",0.5816684174118261,0.9307504209261677,False
Annexin A3,Hb,20,39,0.22786635759382567,"[-0.09, 0.50]",0.15189688033041648,0.7607516423767026,False
Hemoglobin subunit beta,Hb,20,39,-0.012659242088545164,"[-0.32, 0.30]",0.9373865845519027,0.9864156703215041,False
Immunoglobulin lambda variable 4-69,Hb,20,39,0.12659242088545794,"[-0.19, 0.42]",0.43028734463755336,0.8960937411657979,False
Elongation factor 2,Hb,20,39,-0.05063696835418351,"[-0.35, 0.26]",0.7532100413323757,0.9507803863239565,False
Multiple inositol polyphosphate phosphatase 1,Hb,20,39,-0.10127393670836703,"[-0.40, 0.21]",0.5286693398642885,0.9307504209261677,False
Collagen alpha-1(VI) chain,Hb,20,39,0.08861469461982072,"[-0.23, 0.39]",0.5816684174118261,0.9307504209261677,False
Hepatocyte growth factor activator,Hb,20,39,-0.07595545253127553,"[-0.37, 0.24]",0.6369307583072132,0.9307504209261677,False
Fibrinogen beta chain,Hb,20,39,-0.050636968354183735,"[-0.35, 0.26]",0.7532100413323757,0.9507803863239565,False
Hemicentin-1,Hb,20,39,0.2531848417709175,"[-0.06, 0.52]",0.11022452915533094,0.7242274493625929,False
C-type mannose receptor 2,Hb,20,39,0.01265924208854556,"[-0.30, 0.32]",0.9373865845519027,0.9864156703215041,False
Platelet glycoprotein Ib beta chain,Hb,20,39,0.5316881677189245,"[0.27, 0.72]",0.0003471180815130807,0.03652333063920446,True
Complement C2,Hb,20,39,-0.03797772626563692,"[-0.34, 0.27]",0.8136338477403198,0.9671847464778622,False
Annexin A2,Hb,20,39,-0.03797772626563707,"[-0.34, 0.27]",0.8136338477403198,0.9671847464778622,False
Protein disulfide-isomerase A3,Hb,20,39,0.21520711550527905,"[-0.10, 0.49]",0.1766063542079382,0.7970464859682194,False
Dipeptidyl peptidase 4,Hb,20,39,0.2278663575938246,"[-0.09, 0.50]",0.15189688033041882,0.7607516423767026,False
Proteasome subunit alpha type-4,Hb,20,39,0.050636968354182944,"[-0.26, 0.35]",0.7532100413323757,0.9507803863239565,False
Coagulation factor XI,Hb,20,39,-0.1392516629740046,"[-0.43, 0.18]",0.3852230935083817,0.893289750350874,False
Collectin-11,Hb,20,39,0.1645701471510953,"[-0.15, 0.45]",0.303852590369286,0.860788962265991,False
High mobility group protein B1,Hb,20,39,-0.03797772626563766,"[-0.34, 0.27]",0.8136338477403198,0.9671847464778622,False
Immunoglobulin lambda variable 3-16,Hb,20,39,0.050636968354183194,"[-0.26, 0.35]",0.7532100413323757,0.9507803863239565,False
Prothrombin,Hb,20,39,0.531688167718925,"[0.27, 0.72]",0.00034711808151307515,0.03652333063920446,True
Immunoglobulin kappa joining 1,Hb,20,39,0.30382181012510084,"[-0.00, 0.56]",0.053461850675769175,0.5955651164529556,False
Immunoglobulin heavy variable 3-7,Hb,20,39,0.05063696835418296,"[-0.26, 0.35]",0.7532100413323757,0.9507803863239565,False
Immunoglobulin heavy variable 3-74,Hb,20,39,0.379777262656375,"[0.08, 0.62]",0.014321577954681336,0.36734819848780037,False
Ezrin,Hb,20,39,0.5316881677189247,"[0.27, 0.72]",0.0003471180815130796,0.03652333063920446,True
Intercellular adhesion molecule 2,Hb,20,39,0.07595545253127521,"[-0.24, 0.37]",0.6369307583072197,0.9307504209261677,False
Lysozyme C,Hb,20,39,0.12659242088545847,"[-0.19, 0.42]",0.4302873446375517,0.8960937411657979,False
Protein AMBP,Hb,20,39,0.0379777262656382,"[-0.27, 0.34]",0.8136338477403198,0.9671847464778622,False
Prolyl endopeptidase FAP,Hb,20,39,-0.025318484177091583,"[-0.33, 0.28]",0.8751432422724579,0.9710047873747903,False
"Actin, cytoplasmic 2",Hb,20,39,0.16457014715109572,"[-0.15, 0.45]",0.3038525903692841,0.860788962265991,False
Kallistatin,Hb,20,39,-0.02531848417709127,"[-0.33, 0.28]",0.8751432422724579,0.9710047873747903,False
Hemopexin,Hb,20,39,-5.059649534762677e-16,"[-0.31, 0.31]",1.0,1.0,False
C4b-binding protein beta chain,Hb,20,39,0.1519109050625498,"[-0.16, 0.44]",0.3430575071681934,0.860788962265991,False
Peptidyl-prolyl cis-trans isomerase A,Hb,20,39,0.2785033259480086,"[-0.03, 0.54]",0.07786442509378971,0.6837273567758237,False
Complement C1r subcomponent-like protein,Hb,20,39,0.15191090506254967,"[-0.16, 0.44]",0.3430575071681934,0.860788962265991,False
Immunoglobulin heavy variable 3-30;Immunoglobulin heavy variable 3-30-5,Hb,20,39,0.20254787341673322,"[-0.11, 0.48]",0.20406916170063452,0.8205034779432058,False
Immunoglobulin lambda variable 3-9,Hb,20,39,-0.18988863132818776,"[-0.47, 0.13]",0.23438640166169947,0.8448096775145966,False
Immunoglobulin heavy variable 1-45,Hb,20,39,-0.10127393670836732,"[-0.40, 0.21]",0.5286693398642863,0.9307504209261677,False
Hemoglobin subunit gamma-1,Hb,20,39,-0.025318484177091677,"[-0.33, 0.28]",0.8751432422724579,0.9710047873747903,False
Apolipoprotein F,Hb,20,39,0.07595545253127547,"[-0.24, 0.37]",0.6369307583072132,0.9307504209261677,False
Immunoglobulin gamma-1 heavy chain,Hb,20,39,-0.06329621044272854,"[-0.36, 0.25]",0.6942055139365308,0.9507803863239565,False
Low affinity immunoglobulin gamma Fc region receptor III-B,Hb,20,39,0.25318484177091616,"[-0.06, 0.52]",0.11022452915533257,0.7242274493625929,False
Multiple epidermal growth factor-like domains protein 8,Hb,20,39,0.18988863132818798,"[-0.13, 0.47]",0.23438640166169947,0.8448096775145966,False
Complement C4-B,Hb,20,39,-0.24052559968237128,"[-0.51, 0.07]",0.12981702788530844,0.7605654126839256,False
Glyceraldehyde-3-phosphate dehydrogenase,Hb,20,39,0.10127393670836658,"[-0.21, 0.40]",0.5286693398642885,0.9307504209261677,False
Complement C1r subcomponent,Hb,20,39,-0.037977726265636856,"[-0.34, 0.27]",0.8136338477403198,0.9671847464778622,False
Sex hormone-binding globulin,Hb,20,39,-0.03797772626563707,"[-0.34, 0.27]",0.8136338477403198,0.9671847464778622,False
Biotinidase,Hb,20,39,-0.32914029430219127,"[-0.58, -0.02]",0.03561505890517307,0.5407449785115541,False
Cholinesterase,Hb,20,39,0.02531848417709197,"[-0.28, 0.33]",0.8751432422724365,0.9710047873747903,False
Immunoglobulin heavy variable 2-5,Hb,20,39,0.12659242088545883,"[-0.19, 0.42]",0.4302873446375486,0.8960937411657979,False
Immunoglobulin lambda variable 1-36,Hb,20,39,0.07595545253127467,"[-0.24, 0.37]",0.6369307583072197,0.9307504209261677,False
Immunoglobulin kappa variable 3-11,Hb,20,39,0.07595545253127456,"[-0.24, 0.37]",0.6369307583072197,0.9307504209261677,False
Immunoglobulin kappa variable 6-21,Hb,20,39,0.05063696835418386,"[-0.26, 0.35]",0.7532100413323757,0.9507803863239565,False
Immunoglobulin kappa light chain,Hb,20,39,0.012659242088546373,"[-0.30, 0.32]",0.9373865845519027,0.9864156703215041,False
Neuropilin-1,Hb,20,39,-0.07595545253127545,"[-0.37, 0.24]",0.6369307583072132,0.9307504209261677,False
Ficolin-2,Hb,20,39,-0.126592420885458,"[-0.42, 0.19]",0.4302873446375517,0.8960937411657979,False
Gamma-glutamyl hydrolase,Hb,20,39,-0.10127393670836694,"[-0.40, 0.21]",0.5286693398642885,0.9307504209261677,False
Keratinocyte proline-rich protein,Hb,20,39,0.11393317879691224,"[-0.20, 0.41]",0.47814942883638967,0.9307504209261677,False
Kyphoscoliosis peptidase,Hb,20,39,-0.16457014715109608,"[-0.45, 0.15]",0.30385259036928086,0.860788962265991,False
Laminin subunit alpha-2,Hb,20,39,0.16457014715109713,"[-0.15, 0.45]",0.3038525903692798,0.860788962265991,False
Desmoglein-1,Hb,20,39,0.012659242088545386,"[-0.30, 0.32]",0.9373865845519027,0.9864156703215041,False
Immunoglobulin lambda variable 3-27,Hb,20,39,0.15191090506255023,"[-0.16, 0.44]",0.34305750716819117,0.860788962265991,False
Myosin-9,Hb,20,39,0.2531848417709168,"[-0.06, 0.52]",0.11022452915533155,0.7242274493625929,False
Versican core protein,Hb,20,39,0.32914029430219127,"[0.02, 0.58]",0.03561505890517307,0.5407449785115541,False
Proteasome subunit beta type-3,Hb,20,39,0.07595545253127467,"[-0.24, 0.37]",0.6369307583072197,0.9307504209261677,False
Alpha-N-acetylglucosaminidase,Hb,20,39,0.02531848417709121,"[-0.28, 0.33]",0.8751432422724579,0.9710047873747903,False
Caspase-14,Hb,20,39,-0.025318484177092024,"[-0.33, 0.28]",0.8751432422724365,0.9710047873747903,False
Histidine-rich glycoprotein,Hb,20,39,-1.475731114305781e-16,"[-0.31, 0.31]",1.0,1.0,False
"ATP synthase subunit alpha, mitochondrial",Hb,20,39,0.0379777262656382,"[-0.27, 0.34]",0.8136338477403198,0.9671847464778622,False
Immunoglobulin kappa constant,Hb,20,39,-0.11393317879691255,"[-0.41, 0.20]",0.47814942883638767,0.9307504209261677,False
Interleukin-1 receptor accessory protein,Hb,20,39,-0.025318484177091604,"[-0.33, 0.28]",0.8751432422724579,0.9710047873747903,False
Immunoglobulin lambda variable 9-49,Hb,20,39,0.07595545253127518,"[-0.24, 0.37]",0.6369307583072197,0.9307504209261677,False
Plexin domain-containing protein 2,Hb,20,39,0.10127393670836639,"[-0.21, 0.40]",0.5286693398642931,0.9307504209261677,False
Immunoglobulin heavy variable 4-28,Hb,20,39,0.18988863132818717,"[-0.13, 0.47]",0.2343864016617009,0.8448096775145966,False
Desmoplakin,Hb,20,39,-0.012659242088545852,"[-0.32, 0.30]",0.9373865845519027,0.9864156703215041,False
Endoplasmin,Hb,20,39,-0.12659242088545813,"[-0.42, 0.19]",0.4302873446375517,0.8960937411657979,False
Heparin cofactor 2,Hb,20,39,-0.20254787341673325,"[-0.48, 0.11]",0.20406916170063452,0.8205034779432058,False
Laminin subunit gamma-1,Hb,20,39,0.3797772626563749,"[0.08, 0.62]",0.014321577954681376,0.36734819848780037,False
Polymeric immunoglobulin receptor,Hb,20,39,-0.07595545253127546,"[-0.37, 0.24]",0.6369307583072132,0.9307504209261677,False
Serum amyloid A-4 protein,Hb,20,39,0.050636968354183576,"[-0.26, 0.35]",0.7532100413323757,0.9507803863239565,False
Catalase,Hb,20,39,0.1772293892396419,"[-0.14, 0.46]",0.2676326881599689,0.8448096775145966,False
Complement receptor type 1,Hb,20,39,0.1392516629740038,"[-0.18, 0.43]",0.38522309350838446,0.893289750350874,False
Immunoglobulin kappa variable 1-27,Hb,20,39,0.341799536390737,"[0.04, 0.59]",0.028724350254192163,0.5032824644222794,False
Immunoglobulin kappa variable 2-30,Hb,20,39,-0.02531848417709091,"[-0.33, 0.28]",0.8751432422724579,0.9710047873747903,False
Protein-glutamine gamma-glutamyltransferase E,Hb,20,39,0.15191090506254967,"[-0.16, 0.44]",0.3430575071681934,0.860788962265991,False
Periostin,Hb,20,39,0.03797772626563786,"[-0.27, 0.34]",0.8136338477403198,0.9671847464778622,False
Albumin,Hb,20,39,-0.15191090506255,"[-0.44, 0.16]",0.34305750716819117,0.860788962265991,False
Complement factor B,Hb,20,39,-0.20254787341673283,"[-0.48, 0.11]",0.20406916170063635,0.8205034779432058,False
Probable non-functional immunoglobulinn kappa variable 1-37;Probable non-functional immunoglobulinn kappa variable 1D-37,Hb,20,39,0.12659242088545913,"[-0.19, 0.42]",0.4302873446375486,0.8960937411657979,False
Immunoglobulin lambda variable 8-61,Hb,20,39,-0.06329621044272842,"[-0.36, 0.25]",0.6942055139365308,0.9507803863239565,False
Annexin A1,Hb,20,39,0.25318484177091755,"[-0.06, 0.52]",0.11022452915533094,0.7242274493625929,False
CD5 antigen-like,Hb,20,39,0.03797772626563804,"[-0.27, 0.34]",0.8136338477403198,0.9671847464778622,False
RB-associated KRAB zinc finger protein,Hb,20,39,0.08861469461982069,"[-0.23, 0.39]",0.5816684174118261,0.9307504209261677,False
Immunoglobulin lambda variable 7-46,Hb,20,39,0.2785033259480088,"[-0.03, 0.54]",0.07786442509378948,0.6837273567758237,False
Basement membrane-specific heparan sulfate proteoglycan core protein,Hb,20,39,0.1772293892396421,"[-0.14, 0.46]",0.26763268815996794,0.8448096775145966,False
Vitamin K-dependent protein C,Hb,20,39,0.16457014715109572,"[-0.15, 0.45]",0.3038525903692841,0.860788962265991,False
Immunoglobulin lambda variable 1-40,Hb,20,39,-0.10127393670836655,"[-0.40, 0.21]",0.5286693398642885,0.9307504209261677,False
Pantetheinase,Hb,20,39,0.10127393670836653,"[-0.21, 0.40]",0.5286693398642885,0.9307504209261677,False
Neutrophil defensin 1;Neutrophil defensin 3,Hb,20,39,-0.050636968354182646,"[-0.35, 0.26]",0.7532100413323757,0.9507803863239565,False
Immunoglobulin lambda variable 2-8,Hb,20,39,0.13925166297400404,"[-0.18, 0.43]",0.3852230935083817,0.893289750350874,False
Immunoglobulin heavy variable 1-18,Hb,20,39,0.2278663575938246,"[-0.09, 0.50]",0.15189688033041882,0.7607516423767026,False
Immunoglobulin kappa variable 3D-15,Hb,20,39,-0.189888631328187,"[-0.47, 0.13]",0.2343864016617009,0.8448096775145966,False
Extracellular matrix protein 1,Hb,20,39,-0.07595545253127498,"[-0.37, 0.24]",0.6369307583072197,0.9307504209261677,False
Tubulin alpha-1B chain,Hb,20,39,0.02531848417709206,"[-0.28, 0.33]",0.8751432422724365,0.9710047873747903,False
Immunoglobulin lambda variable 5-45,Hb,20,39,0.01265924208854666,"[-0.30, 0.32]",0.9373865845519027,0.9864156703215041,False
Alpha-2-HS-glycoprotein,Hb,20,39,7.097563930708757e-16,"[-0.31, 0.31]",1.0,1.0,False
Cartilage acidic protein 1,Hb,20,39,0.1519109050625495,"[-0.16, 0.44]",0.3430575071681934,0.860788962265991,False
Coagulation factor IX,Hb,20,39,0.22786635759382504,"[-0.09, 0.50]",0.15189688033041746,0.7607516423767026,False
Integrin alpha-2,Hb,20,39,0.06329621044272975,"[-0.25, 0.36]",0.6942055139365229,0.9507803863239565,False
"Mannosyl-oligosaccharide 1,2-alpha-mannosidase IA",Hb,20,39,0.025318484177091358,"[-0.28, 0.33]",0.8751432422724579,0.9710047873747903,False
Endophilin-A3,Hb,20,39,-0.0632962104427285,"[-0.36, 0.25]",0.6942055139365308,0.9507803863239565,False
Collagen alpha-1(I) chain,Hb,20,39,0.15191090506255078,"[-0.16, 0.44]",0.34305750716818995,0.860788962265991,False
Carboxypeptidase N subunit 2,Hb,20,39,-0.10127393670836667,"[-0.40, 0.21]",0.5286693398642885,0.9307504209261677,False
Scavenger receptor cysteine-rich type 1 protein M130,Hb,20,39,0.05063696835418367,"[-0.26, 0.35]",0.7532100413323757,0.9507803863239565,False
Annexin A5,Hb,20,39,-0.10127393670836692,"[-0.40, 0.21]",0.5286693398642885,0.9307504209261677,False
Platelet factor 4,Hb,20,39,-0.03797772626563768,"[-0.34, 0.27]",0.8136338477403198,0.9671847464778622,False
Immunoglobulin heavy variable 3-72,Hb,20,39,-0.02531848417709098,"[-0.33, 0.28]",0.8751432422724579,0.9710047873747903,False
Protein HEG homolog 1,Hb,20,39,0.1392516629740047,"[-0.18, 0.43]",0.3852230935083789,0.893289750350874,False
Sulfhydryl oxidase 1,Hb,20,39,-0.05063696835418379,"[-0.35, 0.26]",0.7532100413323757,0.9507803863239565,False
Corticosteroid-binding globulin,Hb,20,39,-0.05063696835418315,"[-0.35, 0.26]",0.7532100413323757,0.9507803863239565,False
Angiopoietin-related protein 6,Hb,20,39,0.31648105221364553,"[0.01, 0.57]",0.04380551964824052,0.5652420249953286,False
72 kDa type IV collagenase,Hb,20,39,0.17722938923964124,"[-0.14, 0.46]",0.26763268815997215,0.8448096775145966,False
Trypsin-3,Hb,20,39,-0.2911625680365536,"[-0.55, 0.02]",0.0647562445270657,0.635668441173849,False
Complement component C9,Hb,20,39,4.3569204327123076e-16,"[-0.31, 0.31]",1.0,1.0,False
Pyruvate kinase PKM,Hb,20,39,0.1392516629740047,"[-0.18, 0.43]",0.3852230935083789,0.893289750350874,False
Immunoglobulin heavy variable 4-34,Hb,20,39,0.18988863132818767,"[-0.13, 0.47]",0.23438640166169947,0.8448096775145966,False
Immunoglobulin kappa variable 6D-21,Hb,20,39,0.06329621044272868,"[-0.25, 0.36]",0.6942055139365308,0.9507803863239565,False
Immunoglobulin lambda-1 light chain,Hb,20,39,-0.050636968354182584,"[-0.35, 0.26]",0.7532100413323809,0.9507803863239565,False
Transforming growth factor-beta-induced protein ig-h3,Hb,20,39,0.08861469461982126,"[-0.23, 0.39]",0.5816684174118261,0.9307504209261677,False
Complement C1q subcomponent subunit A,Hb,20,39,0.08861469461982148,"[-0.23, 0.39]",0.5816684174118261,0.9307504209261677,False
Prolow-density lipoprotein receptor-related protein 1,Hb,20,39,-0.02531848417709117,"[-0.33, 0.28]",0.8751432422724579,0.9710047873747903,False
Immunoglobulin heavy constant mu,Hb,20,39,0.15191090506254995,"[-0.16, 0.44]",0.3430575071681934,0.860788962265991,False
UV-stimulated scaffold protein A,Hb,20,39,-0.12659242088545863,"[-0.42, 0.19]",0.4302873446375517,0.8960937411657979,False
Complement component C6,Hb,20,39,-0.2278663575938247,"[-0.50, 0.09]",0.15189688033041787,0.7607516423767026,False
Angiotensinogen,Hb,20,39,-0.22786635759382395,"[-0.50, 0.09]",0.1518968803304192,0.7607516423767026,False
Pregnancy zone protein,Hb,20,39,0.17722938923964116,"[-0.14, 0.46]",0.26763268815997215,0.8448096775145966,False
Histone H2A type 1-B/E;Histone H2A type 3;Histone H2A type 1-C,Hb,20,39,0.050636968354183555,"[-0.26, 0.35]",0.7532100413323757,0.9507803863239565,False
Desmocollin-1,Hb,20,39,0.012659242088546399,"[-0.30, 0.32]",0.9373865845519027,0.9864156703215041,False
Protein Z-dependent protease inhibitor,Hb,20,39,0.037977726265637946,"[-0.27, 0.34]",0.8136338477403198,0.9671847464778622,False
Immunoglobulin kappa variable 1-17,Hb,20,39,-0.05063696835418278,"[-0.35, 0.26]",0.7532100413323757,0.9507803863239565,False
Fibronectin,Hb,20,39,-0.2531848417709168,"[-0.52, 0.06]",0.11022452915533155,0.7242274493625929,False
Probable non-functional immunoglobulin heavy variable 3-38,Hb,20,39,0.2531848417709166,"[-0.06, 0.52]",0.11022452915533155,0.7242274493625929,False
Nucleoside diphosphate kinase 3,Hb,20,39,-0.10127393670836582,"[-0.40, 0.21]",0.5286693398642931,0.9307504209261677,False
Plasma protease C1 inhibitor,Hb,20,39,-0.12659242088545852,"[-0.42, 0.19]",0.4302873446375517,0.8960937411657979,False
Immunoglobulin kappa variable 1-16,Hb,20,39,6.465107738863424e-16,"[-0.31, 0.31]",1.0,1.0,False
F-actin-capping protein subunit alpha-1,Hb,20,39,0.12659242088545838,"[-0.19, 0.42]",0.4302873446375517,0.8960937411657979,False
Cathepsin D,Hb,20,39,-0.1265924208854577,"[-0.42, 0.19]",0.43028734463755336,0.8960937411657979,False
Anthrax toxin receptor 2,Hb,20,39,0.2025478734167328,"[-0.11, 0.48]",0.20406916170063635,0.8205034779432058,False
Talin-1,Hb,20,39,0.5443474098074708,"[0.28, 0.73]",0.0002340219681856709,0.028652798795678325,True
Protein disulfide-isomerase,Hb,20,39,0.025318484177091774,"[-0.28, 0.33]",0.8751432422724579,0.9710047873747903,False
Junction plakoglobin,Hb,20,39,-0.01265924208854497,"[-0.32, 0.30]",0.9373865845519027,0.9864156703215041,False
Tenascin,Hb,20,39,0.36711802056782855,"[0.07, 0.61]",0.018220225007724748,0.4089833173400649,False
Cadherin-related family member 5,Hb,20,39,-0.06329621044272929,"[-0.36, 0.25]",0.6942055139365229,0.9507803863239565,False
Kininogen-1,Hb,20,39,0.02531848417709122,"[-0.28, 0.33]",0.8751432422724579,0.9710047873747903,False
Alpha-1-antichymotrypsin,Hb,20,39,0.012659242088546331,"[-0.30, 0.32]",0.9373865845519027,0.9864156703215041,False
Integrin alpha-IIb,Hb,20,39,0.6076436202502001,"[0.37, 0.77]",2.5169188437059165e-05,0.005844459135695111,True
Serum amyloid P-component,Hb,20,39,-0.17722938923964182,"[-0.46, 0.14]",0.2676326881599689,0.8448096775145966,False
Inter-alpha-trypsin inhibitor heavy chain H1,Hb,20,39,-0.050636968354183486,"[-0.35, 0.26]",0.7532100413323757,0.9507803863239565,False
Probable non-functional immunoglobulin heavy variable 3-35,Hb,20,39,0.025318484177091406,"[-0.28, 0.33]",0.8751432422724579,0.9710047873747903,False
Immunoglobulin kappa variable 1-5,Hb,20,39,0.11393317879691307,"[-0.20, 0.41]",0.47814942883638767,0.9307504209261677,False
Band 3 anion transport protein,Hb,20,39,0.10127393670836725,"[-0.21, 0.40]",0.5286693398642885,0.9307504209261677,False
Immunoglobulin lambda variable 7-43,Hb,20,39,0.012659242088545667,"[-0.30, 0.32]",0.9373865845519027,0.9864156703215041,False
Peroxiredoxin-1,Hb,20,39,0.037977726265637585,"[-0.27, 0.34]",0.8136338477403198,0.9671847464778622,False
Matrix metalloproteinase-9,Hb,20,39,-0.10127393670836653,"[-0.40, 0.21]",0.5286693398642885,0.9307504209261677,False
Multimerin-2,Hb,20,39,0.1392516629740045,"[-0.18, 0.43]",0.3852230935083817,0.893289750350874,False
Immunoglobulin heavy variable 1-3,Hb,20,39,0.10127393670836672,"[-0.21, 0.40]",0.5286693398642885,0.9307504209261677,False
Podocalyxin,Hb,20,39,0.15191090506254984,"[-0.16, 0.44]",0.3430575071681934,0.860788962265991,False
Immunoglobulin lambda variable 1-51,Hb,20,39,0.025318484177091476,"[-0.28, 0.33]",0.8751432422724579,0.9710047873747903,False
Cadherin-13,Hb,20,39,0.17722938923964213,"[-0.14, 0.46]",0.26763268815996794,0.8448096775145966,False
Plastin-2,Hb,20,39,0.06329621044272954,"[-0.25, 0.36]",0.6942055139365229,0.9507803863239565,False
Inter-alpha-trypsin inhibitor heavy chain H4,Hb,20,39,0.10127393670836728,"[-0.21, 0.40]",0.5286693398642863,0.9307504209261677,False
Fructose-bisphosphate aldolase B,Hb,20,39,0.2658440838594634,"[-0.05, 0.53]",0.09296268286084944,0.7152154288913432,False
Mannan-binding lectin serine protease 2,Hb,20,39,0.05063696835418382,"[-0.26, 0.35]",0.7532100413323757,0.9507803863239565,False
Platelet glycoprotein 4,Hb,20,39,0.5316881677189251,"[0.27, 0.72]",0.000347118081513074,0.03652333063920446,True
Hemoglobin subunit alpha,Hb,20,39,0.012659242088546626,"[-0.30, 0.32]",0.9373865845519027,0.9864156703215041,False
Immunoglobulin lambda variable 3-10,Hb,20,39,-0.025318484177091746,"[-0.33, 0.28]",0.8751432422724579,0.9710047873747903,False
Serum paraoxonase/lactonase 3,Hb,20,39,-0.12659242088545825,"[-0.42, 0.19]",0.4302873446375517,0.8960937411657979,False
Dopamine beta-hydroxylase,Hb,20,39,0.02531848417709162,"[-0.28, 0.33]",0.8751432422724579,0.9710047873747903,False
Triosephosphate isomerase,Hb,20,39,-0.07595545253127475,"[-0.37, 0.24]",0.6369307583072197,0.9307504209261677,False
Endoplasmic reticulum chaperone BiP,Hb,20,39,0.2405255996823717,"[-0.07, 0.51]",0.12981702788530772,0.7605654126839256,False
Suprabasin,Hb,20,39,-2.2487331265611896e-16,"[-0.31, 0.31]",1.0,1.0,False
Immunoglobulin kappa variable 3-20,Hb,20,39,0.03797772626563736,"[-0.27, 0.34]",0.8136338477403198,0.9671847464778622,False
Ficolin-1,Hb,20,39,0.13925166297400463,"[-0.18, 0.43]",0.3852230935083789,0.893289750350874,False
Autotaxin,Hb,20,39,0.06329621044272944,"[-0.25, 0.36]",0.6942055139365229,0.9507803863239565,False
Histidine ammonia-lyase,Hb,20,39,0.037977726265638376,"[-0.27, 0.34]",0.8136338477403127,0.9671847464778622,False
Noelin,Hb,20,39,0.06329621044273,"[-0.25, 0.36]",0.6942055139365229,0.9507803863239565,False
Prenylcysteine oxidase 1,Hb,20,39,0.20254787341673355,"[-0.11, 0.48]",0.20406916170063413,0.8205034779432058,False
Immunoglobulin delta heavy chain,Hb,20,39,0.05063696835418322,"[-0.26, 0.35]",0.7532100413323757,0.9507803863239565,False
Antithrombin-III,Hb,20,39,-0.2531848417709168,"[-0.52, 0.06]",0.11022452915533155,0.7242274493625929,False
Complement component C7,Hb,20,39,-0.03797772626563693,"[-0.34, 0.27]",0.8136338477403198,0.9671847464778622,False
BOS complex subunit NOMO3;BOS complex subunit NOMO1;BOS complex subunit NOMO2,Hb,20,39,0.17722938923964127,"[-0.14, 0.46]",0.26763268815997215,0.8448096775145966,False
Cofilin-1,Hb,20,39,0.06329621044272901,"[-0.25, 0.36]",0.6942055139365308,0.9507803863239565,False
Histone H4,Hb,20,39,0.13925166297400415,"[-0.18, 0.43]",0.3852230935083817,0.893289750350874,False
Serum amyloid A-1 protein,Hb,20,39,-3.3028267796367477e-16,"[-0.31, 0.31]",1.0,1.0,False
Transferrin receptor protein 1,Hb,20,39,0.10127393670836617,"[-0.21, 0.40]",0.5286693398642931,0.9307504209261677,False
Serpin B12,Hb,20,39,-0.06329621044272928,"[-0.36, 0.25]",0.6942055139365229,0.9507803863239565,False
Immunoglobulin kappa variable 3D-20,Hb,20,39,-0.15191090506254912,"[-0.44, 0.16]",0.34305750716819583,0.860788962265991,False
Probable non-functional immunoglobulin heavy variable 3-16,Hb,20,39,0.0379777262656373,"[-0.27, 0.34]",0.8136338477403198,0.9671847464778622,False
Immunoglobulin lambda variable 6-57,Hb,20,39,0.3291402943021922,"[0.02, 0.58]",0.03561505890517258,0.5407449785115541,False
Fibrinogen alpha chain,Hb,20,39,0.4304142310105582,"[0.14, 0.65]",0.004969889652600827,0.21988339649004893,False
Galectin-3-binding protein,Hb,20,39,0.05063696835418386,"[-0.26, 0.35]",0.7532100413323757,0.9507803863239565,False
Macrophage colony-stimulating factor 1 receptor,Hb,20,39,-0.1645701471510959,"[-0.45, 0.15]",0.30385259036928086,0.860788962265991,False
Phosphatidylinositol-glycan-specific phospholipase D,Hb,20,39,0.1519109050625495,"[-0.16, 0.44]",0.3430575071681934,0.860788962265991,False
Serotransferrin,Hb,20,39,-0.10127393670836678,"[-0.40, 0.21]",0.5286693398642885,0.9307504209261677,False
Integrin alpha-11,Hb,20,39,-0.2658440838594625,"[-0.53, 0.05]",0.09296268286085053,0.7152154288913432,False
Proprotein convertase subtilisin/kexin type 9,Hb,20,39,0.3417995363907371,"[0.04, 0.59]",0.028724350254192163,0.5032824644222794,False
Gelsolin,Hb,20,39,0.18988863132818798,"[-0.13, 0.47]",0.23438640166169947,0.8448096775145966,False
Proteoglycan 4,Hb,20,39,0.15191090506254956,"[-0.16, 0.44]",0.3430575071681934,0.860788962265991,False
Vascular cell adhesion protein 1,Hb,20,39,0.06329621044272976,"[-0.25, 0.36]",0.6942055139365229,0.9507803863239565,False
Adhesion G protein-coupled receptor F5,Hb,20,39,0.22786635759382542,"[-0.09, 0.50]",0.15189688033041648,0.7607516423767026,False
Insulin-like growth factor-binding protein 3,Hb,20,39,0.27850332594800836,"[-0.03, 0.54]",0.07786442509379014,0.6837273567758237,False
Transthyretin,Hb,20,39,-0.11393317879691252,"[-0.41, 0.20]",0.47814942883638767,0.9307504209261677,False
Coiled-coil domain-containing protein 126,Hb,20,39,0.13925166297400404,"[-0.18, 0.43]",0.3852230935083817,0.893289750350874,False
Guanine nucleotide-binding protein G(i) subunit alpha-2,Hb,20,39,0.7595545253127498,"[0.59, 0.87]",8.526656686204152e-09,4.320981596436867e-05,True
Apolipoprotein C-I,Hb,20,39,0.2278663575938248,"[-0.09, 0.50]",0.15189688033041787,0.7607516423767026,False
Syntenin-1,Hb,20,39,0.16457014715109683,"[-0.15, 0.45]",0.3038525903692803,0.860788962265991,False
Phospholipid transfer protein,Hb,20,39,0.13925166297400418,"[-0.18, 0.43]",0.3852230935083817,0.893289750350874,False
Laminin subunit beta-1,Hb,20,39,0.21520711550527996,"[-0.10, 0.49]",0.17660635420793722,0.7970464859682194,False
Proline-rich protein 4,Hb,20,39,0.063296210442729,"[-0.25, 0.36]",0.6942055139365308,0.9507803863239565,False
Immunoglobulin kappa variable 2-28;Immunoglobulin kappa variable 2D-28,Hb,20,39,0.1519109050625499,"[-0.16, 0.44]",0.3430575071681934,0.860788962265991,False
Complement C3,Hb,20,39,0.07595545253127484,"[-0.24, 0.37]",0.6369307583072197,0.9307504209261677,False
Thyroxine-binding globulin,Hb,20,39,-0.012659242088545769,"[-0.32, 0.30]",0.9373865845519027,0.9864156703215041,False
Immunoglobulin kappa variable 1D-13;Immunoglobulin kappa variable 1-13,Hb,20,39,0.22786635759382573,"[-0.09, 0.50]",0.15189688033041604,0.7607516423767026,False
Complement factor H-related protein 5,Hb,20,39,0.15191090506255076,"[-0.16, 0.44]",0.34305750716818995,0.860788962265991,False
Immunoglobulin lambda variable 2-23,Hb,20,39,0.05063696835418358,"[-0.26, 0.35]",0.7532100413323757,0.9507803863239565,False
Coagulation factor VII,Hb,20,39,0.05063696835418414,"[-0.26, 0.35]",0.7532100413323757,0.9507803863239565,False
Immunoglobulin heavy constant gamma 4,Hb,20,39,-0.012659242088545896,"[-0.32, 0.30]",0.9373865845519027,0.9864156703215041,False
L-lactate dehydrogenase B chain,Hb,20,39,0.15191090506254984,"[-0.16, 0.44]",0.3430575071681934,0.860788962265991,False
Zinc-alpha-2-glycoprotein,Hb,20,39,-0.10127393670836672,"[-0.40, 0.21]",0.5286693398642885,0.9307504209261677,False
"Dihydrolipoyllysine-residue succinyltransferase component of 2-oxoglutarate dehydrogenase complex, mitochondrial",Hb,20,39,-0.1772293892396416,"[-0.46, 0.14]",0.26763268815997215,0.8448096775145966,False
Serpin B3,Hb,20,39,-0.2025478734167334,"[-0.48, 0.11]",0.20406916170063413,0.8205034779432058,False
Immunoglobulin heavy variable 3-33,Hb,20,39,0.20254787341673364,"[-0.11, 0.48]",0.20406916170063413,0.8205034779432058,False
Follistatin-related protein 1,Hb,20,39,-0.3164810522136456,"[-0.57, -0.01]",0.04380551964824052,0.5652420249953286,False
Cholesteryl ester transfer protein,Hb,20,39,0.07595545253127468,"[-0.24, 0.37]",0.6369307583072197,0.9307504209261677,False
Complement C1q subcomponent subunit C,Hb,20,39,0.05063696835418423,"[-0.26, 0.35]",0.7532100413323757,0.9507803863239565,False
Immunoglobulin heavy variable 4-30-2,Hb,20,39,0.10127393670836664,"[-0.21, 0.40]",0.5286693398642885,0.9307504209261677,False
Thrombospondin-4,Hb,20,39,0.12659242088545908,"[-0.19, 0.42]",0.4302873446375486,0.8960937411657979,False
Transketolase,Hb,20,39,0.26584408385946223,"[-0.05, 0.53]",0.09296268286085103,0.7152154288913432,False
Complement receptor type 2,Hb,20,39,-0.10127393670836604,"[-0.40, 0.21]",0.5286693398642931,0.9307504209261677,False
Immunoglobulin kappa variable 2-40;Immunoglobulin kappa variable 2D-40,Hb,20,39,0.30382181012509984,"[-0.00, 0.56]",0.053461850675769904,0.5955651164529556,False
Immunoglobulin kappa variable 3D-7,Hb,20,39,0.10127393670836667,"[-0.21, 0.40]",0.5286693398642885,0.9307504209261677,False
Immunoglobulin heavy variable 3-64,Hb,20,39,-0.18988863132818765,"[-0.47, 0.13]",0.23438640166169947,0.8448096775145966,False
Vitronectin,Hb,20,39,0.1519109050625499,"[-0.16, 0.44]",0.3430575071681934,0.860788962265991,False
Complement component C8 gamma chain,Hb,20,39,-2.8109164082014875e-16,"[-0.31, 0.31]",1.0,1.0,False
Immunoglobulin heavy variable 5-51,Hb,20,39,-0.025318484177091788,"[-0.33, 0.28]",0.8751432422724579,0.9710047873747903,False
Coagulation factor V,Hb,20,39,0.12659242088545866,"[-0.19, 0.42]",0.4302873446375486,0.8960937411657979,False
Protein S100-A7,Hb,20,39,-0.1012739367083666,"[-0.40, 0.21]",0.5286693398642885,0.9307504209261677,False
Arginase-1,Hb,20,39,-0.05063696835418344,"[-0.35, 0.26]",0.7532100413323757,0.9507803863239565,False
Protein-glutamine gamma-glutamyltransferase K,Hb,20,39,0.02531848417709172,"[-0.28, 0.33]",0.8751432422724579,0.9710047873747903,False
Immunoglobulin kappa variable 4-1,Hb,20,39,0.06329621044272983,"[-0.25, 0.36]",0.6942055139365229,0.9507803863239565,False
Coagulation factor XIII B chain,Hb,20,39,-0.13925166297400357,"[-0.43, 0.18]",0.38522309350838446,0.893289750350874,False
Apolipoprotein C-II,Hb,20,39,0.2531848417709164,"[-0.06, 0.52]",0.11022452915533222,0.7242274493625929,False
Bone marrow proteoglycan,Hb,20,39,0.22786635759382506,"[-0.09, 0.50]",0.15189688033041746,0.7607516423767026,False
Apolipoprotein A-I,Hb,20,39,-0.07595545253127517,"[-0.37, 0.24]",0.6369307583072197,0.9307504209261677,False
Coagulation factor X,Hb,20,39,0.18988863132818806,"[-0.13, 0.47]",0.23438640166169947,0.8448096775145966,False
Thioredoxin,Hb,20,39,-0.13925166297400363,"[-0.43, 0.18]",0.38522309350838446,0.893289750350874,False
Immunoglobulin heavy variable 3-15,Hb,20,39,0.06329621044272994,"[-0.25, 0.36]",0.6942055139365229,0.9507803863239565,False
Proteasome subunit beta type-2,Hb,20,39,0.1139331787969124,"[-0.20, 0.41]",0.47814942883638967,0.9307504209261677,False
Apolipoprotein A-II,Hb,20,39,-0.18988863132818762,"[-0.47, 0.13]",0.23438640166170002,0.8448096775145966,False
Immunoglobulin heavy constant gamma 2,Hb,20,39,-0.29116256803655444,"[-0.55, 0.02]",0.06475624452706479,0.635668441173849,False
Plakophilin-1,Hb,20,39,0.1265924208854592,"[-0.19, 0.42]",0.4302873446375486,0.8960937411657979,False
Fetuin-B,Hb,20,39,0.0759554525312748,"[-0.24, 0.37]",0.6369307583072197,0.9307504209261677,False
Complement factor H-related protein 3,Hb,20,39,0.13925166297400393,"[-0.18, 0.43]",0.38522309350838446,0.893289750350874,False
Plasminogen,Hb,20,39,-0.012659242088545896,"[-0.32, 0.30]",0.9373865845519027,0.9864156703215041,False
Fermitin family homolog 3,Hb,20,39,0.6076436202501998,"[0.37, 0.77]",2.5169188437059433e-05,0.005844459135695111,True
Immunoglobulin heavy variable 3-21,Hb,20,39,0.12659242088545852,"[-0.19, 0.42]",0.4302873446375517,0.8960937411657979,False
Immunoglobulin heavy variable 2-26,Hb,20,39,-0.10127393670836685,"[-0.40, 0.21]",0.5286693398642885,0.9307504209261677,False
Immunoglobulin kappa variable 1-12;Immunoglobulin kappa variable 1D-12,Hb,20,39,0.3291402943021921,"[0.02, 0.58]",0.03561505890517258,0.5407449785115541,False
Immunoglobulin heavy constant gamma 3,Hb,20,39,0.07595545253127468,"[-0.24, 0.37]",0.6369307583072197,0.9307504209261677,False
Immunoglobulin kappa variable 2D-29,Hb,20,39,-0.01265924208854539,"[-0.32, 0.30]",0.9373865845519027,0.9864156703215041,False
Neogenin,Hb,20,39,0.22786635759382473,"[-0.09, 0.50]",0.15189688033041787,0.7607516423767026,False
Immunoglobulin heavy variable 6-1,Hb,20,39,-0.06329621044272954,"[-0.36, 0.25]",0.6942055139365229,0.9507803863239565,False
L-selectin,Hb,20,39,0.10127393670836665,"[-0.21, 0.40]",0.5286693398642885,0.9307504209261677,False
Immunoglobulin lambda constant 3,Hb,20,39,-0.012659242088545403,"[-0.32, 0.30]",0.9373865845519027,0.9864156703215041,False
A disintegrin and metalloproteinase with thrombospondin motifs 13,Hb,20,39,-0.13925166297400352,"[-0.43, 0.18]",0.38522309350838446,0.893289750350874,False
von Willebrand factor,Hb,20,39,-0.29116256803655344,"[-0.55, 0.02]",0.0647562445270657,0.635668441173849,False
Neutral alpha-glucosidase AB,Hb,20,39,0.27850332594800864,"[-0.03, 0.54]",0.07786442509378971,0.6837273567758237,False
Carbonic anhydrase 1,Hb,20,39,0.21520711550527988,"[-0.10, 0.49]",0.17660635420793722,0.7970464859682194,False
Immunoglobulin lambda variable 4-60,Hb,20,39,-0.07595545253127492,"[-0.37, 0.24]",0.6369307583072197,0.9307504209261677,False
Integrin beta-1,Hb,20,39,0.2405255996823706,"[-0.07, 0.51]",0.12981702788530963,0.7605654126839256,False
Immunoglobulin lambda variable 3-12,Hb,20,39,0.025318484177091035,"[-0.28, 0.33]",0.8751432422724579,0.9710047873747903,False
Alpha-amylase 1B;Alpha-amylase 1C;Alpha-amylase 1A,Hb,20,39,-0.0506369683541839,"[-0.35, 0.26]",0.7532100413323757,0.9507803863239565,False
Lumican,Hb,20,39,0.17722938923964238,"[-0.14, 0.46]",0.26763268815996794,0.8448096775145966,False
Beta-Ala-His dipeptidase,Hb,20,39,-0.11393317879691284,"[-0.41, 0.20]",0.47814942883638767,0.9307504209261677,False
Immunoglobulin alpha-2 heavy chain,Hb,20,39,0.12659242088545786,"[-0.19, 0.42]",0.43028734463755336,0.8960937411657979,False
Complement C5,Hb,20,39,0.06329621044272948,"[-0.25, 0.36]",0.6942055139365229,0.9507803863239565,False
Protein S100-A8,Hb,20,39,7.765156577656608e-16,"[-0.31, 0.31]",1.0,1.0,False
Immunoglobulin lambda variable 3-25,Hb,20,39,0.16457014715109533,"[-0.15, 0.45]",0.303852590369286,0.860788962265991,False
Leukocyte immunoglobulin-like receptor subfamily B member 3;Leukocyte immunoglobulin-like receptor subfamily A member 6,Hb,20,39,-0.10127393670836572,"[-0.40, 0.21]",0.5286693398642931,0.9307504209261677,False
Collagen alpha-3(VI) chain,Hb,20,39,-0.012659242088545925,"[-0.32, 0.30]",0.9373865845519027,0.9864156703215041,False
Immunoglobulin kappa variable 1-39;Immunoglobulin kappa variable 1D-39,Hb,20,39,0.06329621044272904,"[-0.25, 0.36]",0.6942055139365308,0.9507803863239565,False
Bleomycin hydrolase,Hb,20,39,-0.1265924208854584,"[-0.42, 0.19]",0.4302873446375517,0.8960937411657979,False
CD166 antigen,Hb,20,39,-0.11393317879691205,"[-0.41, 0.20]",0.47814942883638967,0.9307504209261677,False
Beta-2-microglobulin,Hb,20,39,-0.01265924208854568,"[-0.32, 0.30]",0.9373865845519027,0.9864156703215041,False
Amino acid transporter heavy chain SLC3A2,Hb,20,39,-0.03797772626563799,"[-0.34, 0.27]",0.8136338477403198,0.9671847464778622,False
Haptoglobin-related protein,Hb,20,39,3.794737151072007e-16,"[-0.31, 0.31]",1.0,1.0,False
Alpha-1-acid glycoprotein 1,Hb,20,39,-0.1012739367083661,"[-0.40, 0.21]",0.5286693398642931,0.9307504209261677,False
Serum paraoxonase/arylesterase 1,Hb,20,39,0.1645701471510957,"[-0.15, 0.45]",0.3038525903692841,0.860788962265991,False
Target of Nesh-SH3,Hb,20,39,-0.12659242088545852,"[-0.42, 0.19]",0.4302873446375517,0.8960937411657979,False
Intercellular adhesion molecule 1,Hb,20,39,0.17722938923964154,"[-0.14, 0.46]",0.26763268815997215,0.8448096775145966,False
Complement C4-A,Hb,20,39,0.11393317879691203,"[-0.20, 0.41]",0.47814942883638967,0.9307504209261677,False
Coagulation factor XIII A chain,Hb,20,39,-0.2278663575938244,"[-0.50, 0.09]",0.15189688033041882,0.7607516423767026,False
Immunoglobulin mu heavy chain,Hb,20,39,0.12659242088545808,"[-0.19, 0.42]",0.4302873446375517,0.8960937411657979,False
Oncoprotein-induced transcript 3 protein,Hb,20,39,0.1392516629740038,"[-0.18, 0.43]",0.38522309350838446,0.893289750350874,False
Peroxiredoxin-2,Hb,20,39,0.18988863132818717,"[-0.13, 0.47]",0.2343864016617009,0.8448096775145966,False
Tissue factor pathway inhibitor,Hb,20,39,0.10127393670836635,"[-0.21, 0.40]",0.5286693398642931,0.9307504209261677,False
Progranulin,Hb,20,39,0.15191090506255034,"[-0.16, 0.44]",0.34305750716819117,0.860788962265991,False
Histone H2B type 1-K;Histone H2B type F-S,Hb,20,39,-0.03797772626563809,"[-0.34, 0.27]",0.8136338477403198,0.9671847464778622,False
Hemoglobin subunit delta,Hb,20,39,8.432749224604463e-16,"[-0.31, 0.31]",1.0,1.0,False
Glutathione S-transferase P,Hb,20,39,0.10127393670836649,"[-0.21, 0.40]",0.5286693398642885,0.9307504209261677,False
Annexin A6,Hb,20,39,0.03797772626563715,"[-0.27, 0.34]",0.8136338477403198,0.9671847464778622,False
Complement factor H-related protein 1,Hb,20,39,0.16457014715109536,"[-0.15, 0.45]",0.303852590369286,0.860788962265991,False
Protein KPLCE,Hb,20,39,-0.07595545253127522,"[-0.37, 0.24]",0.6369307583072197,0.9307504209261677,False
Immunoglobulin heavy variable 4-4,Hb,20,39,0.06329621044273022,"[-0.25, 0.36]",0.6942055139365229,0.9507803863239565,False
Alpha-1B-glycoprotein,Hb,20,39,0.02531848417709146,"[-0.28, 0.33]",0.8751432422724579,0.9710047873747903,False
Properdin,Hb,20,39,-0.1392516629740037,"[-0.43, 0.18]",0.38522309350838446,0.893289750350874,False
Immunoglobulin heavy variable 3-53,Hb,20,39,-2.3541424918687466e-16,"[-0.31, 0.31]",1.0,1.0,False
Calmodulin-like protein 5,Hb,20,39,-0.01265924208854603,"[-0.32, 0.30]",0.9373865845519027,0.9864156703215041,False
Carboxypeptidase B2,Hb,20,39,-0.07595545253127427,"[-0.37, 0.24]",0.6369307583072197,0.9307504209261677,False
"Sushi, nidogen and EGF-like domain-containing protein 1",Hb,20,39,0.3924365047449206,"[0.10, 0.62]",0.011154210045195352,0.32947143764920506,False
Proteasome subunit alpha type-5,Hb,20,39,0.3417995363907372,"[0.04, 0.59]",0.028724350254192083,0.5032824644222794,False
Bifunctional heparan sulfate N-deacetylase/N-sulfotransferase 4,Hb,20,39,-0.2658440838594616,"[-0.53, 0.05]",0.09296268286085152,0.7152154288913432,False
Immunoglobulin heavy variable 3-9,Hb,20,39,0.08861469461982124,"[-0.23, 0.39]",0.5816684174118261,0.9307504209261677,False
Neural cell adhesion molecule L1-like protein,Hb,20,39,0.1645701471510966,"[-0.15, 0.45]",0.3038525903692803,0.860788962265991,False
Proteasome subunit alpha type-2,Hb,20,39,0.3797772626563747,"[0.08, 0.62]",0.01432157795468142,0.36734819848780037,False
Intercellular adhesion molecule 3,Hb,20,39,-0.012659242088545174,"[-0.32, 0.30]",0.9373865845519027,0.9864156703215041,False
Receptor-type tyrosine-protein phosphatase eta,Hb,20,39,-0.3417995363907366,"[-0.59, -0.04]",0.02872435025419241,0.5032824644222794,False
ADAMTS-like protein 4,Hb,20,39,0.1898886313281881,"[-0.13, 0.47]",0.23438640166169947,0.8448096775145966,False
Immunoglobulin lambda variable 3-21,Hb,20,39,0.012659242088545459,"[-0.30, 0.32]",0.9373865845519027,0.9864156703215041,False
Cartilage oligomeric matrix protein,Hb,20,39,0.37977726265637485,"[0.08, 0.62]",0.014321577954681376,0.36734819848780037,False
Neural cell adhesion molecule 1,Hb,20,39,0.10127393670836723,"[-0.21, 0.40]",0.5286693398642885,0.9307504209261677,False
Immunoglobulin lambda variable 2-11,Hb,20,39,-0.03797772626563673,"[-0.34, 0.27]",0.8136338477403198,0.9671847464778622,False
Immunoglobulin kappa variable 1D-33;Immunoglobulin kappa variable 1-33,Hb,20,39,0.32914029430219144,"[0.02, 0.58]",0.03561505890517287,0.5407449785115541,False
Beta-2-glycoprotein 1,Hb,20,39,-0.16457014715109525,"[-0.45, 0.15]",0.303852590369286,0.860788962265991,False
Vitamin D-binding protein,Hb,20,39,-0.12659242088545852,"[-0.42, 0.19]",0.4302873446375517,0.8960937411657979,False
Filamin-A,Hb,20,39,0.6582805886043834,"[0.44, 0.80]",2.898472981874247e-06,0.0013941655042815128,True
Reelin,Hb,20,39,0.02531848417709141,"[-0.28, 0.33]",0.8751432422724579,0.9710047873747903,False
Immunoglobulin lambda variable 5-39,Hb,20,39,-0.025318484177092,"[-0.33, 0.28]",0.8751432422724365,0.9710047873747903,False
Fatty acid-binding protein 5,Hb,20,39,-0.24052559968237014,"[-0.51, 0.07]",0.12981702788531035,0.7605654126839256,False
"HLA class I histocompatibility antigen, A alpha chain",Hb,20,39,0.4177549889220122,"[0.13, 0.64]",0.0065731968940784735,0.2603759287336754,False
Low affinity immunoglobulin gamma Fc region receptor III-A,Hb,20,39,0.06329621044272936,"[-0.25, 0.36]",0.6942055139365229,0.9507803863239565,False
Heat shock 70 kDa protein 1A;Heat shock 70 kDa protein 1B,Hb,20,39,0.050636968354183735,"[-0.26, 0.35]",0.7532100413323757,0.9507803863239565,False
Apolipoprotein D,Hb,20,39,0.3417995363907373,"[0.04, 0.59]",0.028724350254192083,0.5032824644222794,False
Plexin-B1,Hb,20,39,0.17722938923964238,"[-0.14, 0.46]",0.26763268815996794,0.8448096775145966,False
Immunoglobulin heavy variable 1-58,Hb,20,39,-0.07595545253127438,"[-0.37, 0.24]",0.6369307583072197,0.9307504209261677,False
Apolipoprotein C-IV,Hb,20,39,0.41775498892201285,"[0.13, 0.64]",0.006573196894078396,0.2603759287336754,False
Monocyte differentiation antigen CD14,Hb,20,39,-0.07595545253127431,"[-0.37, 0.24]",0.6369307583072197,0.9307504209261677,False
Protein MENT,Hb,20,39,-0.1012739367083661,"[-0.40, 0.21]",0.5286693398642931,0.9307504209261677,False
Immunoglobulin epsilon heavy chain,Hb,20,39,-0.37977726265637435,"[-0.62, -0.08]",0.014321577954681542,0.36734819848780037,False
Complement factor H,Hb,20,39,-0.012659242088545377,"[-0.32, 0.30]",0.9373865845519027,0.9864156703215041,False
Stabilin-1,Hb,20,39,0.278503325948008,"[-0.03, 0.54]",0.07786442509379034,0.6837273567758237,False
Macrophage receptor MARCO,Hb,20,39,0.07595545253127507,"[-0.24, 0.37]",0.6369307583072197,0.9307504209261677,False
Protein POF1B,Hb,20,39,0.06329621044272916,"[-0.25, 0.36]",0.6942055139365308,0.9507803863239565,False
Phosphatidylcholine-sterol acyltransferase,Hb,20,39,0.20254787341673378,"[-0.11, 0.48]",0.20406916170063363,0.8205034779432058,False
Clusterin,Hb,20,39,0.29116256803655416,"[-0.02, 0.55]",0.06475624452706516,0.635668441173849,False
Platelet-activating factor acetylhydrolase,Hb,20,39,0.15191090506254978,"[-0.16, 0.44]",0.3430575071681934,0.860788962265991,False
Vasorin,Hb,20,39,0.08861469461982065,"[-0.23, 0.39]",0.5816684174118314,0.9307504209261677,False
Myeloperoxidase,Hb,20,39,0.12659242088545802,"[-0.19, 0.42]",0.4302873446375517,0.8960937411657979,False
Immunoglobulin lambda variable 5-52,Hb,20,39,0.12659242088545877,"[-0.19, 0.42]",0.4302873446375486,0.8960937411657979,False
Carboxypeptidase N catalytic chain,Hb,20,39,0.08861469461982084,"[-0.23, 0.39]",0.5816684174118261,0.9307504209261677,False
Fibrinogen gamma chain,Hb,20,39,0.06329621044272883,"[-0.25, 0.36]",0.6942055139365308,0.9507803863239565,False
Soluble scavenger receptor cysteine-rich domain-containing protein SSC5D,Hb,20,39,0.10127393670836628,"[-0.21, 0.40]",0.5286693398642931,0.9307504209261677,False
Tetranectin,Hb,20,39,-0.2785033259480084,"[-0.54, 0.03]",0.07786442509378971,0.6837273567758237,False
Apolipoprotein(a),Hb,20,39,0.05063696835418397,"[-0.26, 0.35]",0.7532100413323757,0.9507803863239565,False
Alpha-2-antiplasmin,Hb,20,39,-0.02531848417709215,"[-0.33, 0.28]",0.8751432422724365,0.9710047873747903,False
Retroviral-like aspartic protease 1,Hb,20,39,-0.11393317879691255,"[-0.41, 0.20]",0.47814942883638767,0.9307504209261677,False
Ficolin-3,Hb,20,39,0.0759554525312757,"[-0.24, 0.37]",0.6369307583072132,0.9307504209261677,False
Immunoglobulin kappa variable 2-24,Hb,20,39,0.15191090506254987,"[-0.16, 0.44]",0.3430575071681934,0.860788962265991,False
Immunoglobulin superfamily containing leucine-rich repeat protein,Hb,20,39,0.3797772626563748,"[0.08, 0.62]",0.014321577954681376,0.36734819848780037,False
Complement factor D,Hb,20,39,6.465107738863421e-16,"[-0.31, 0.31]",1.0,1.0,False
Vitamin K-dependent protein Z,Hb,20,39,0.10127393670836625,"[-0.21, 0.40]",0.5286693398642931,0.9307504209261677,False
EGF-containing fibulin-like extracellular matrix protein 1,Hb,20,39,-0.12659242088545786,"[-0.42, 0.19]",0.43028734463755336,0.8960937411657979,False
Dipeptidase 2,Hb,20,39,0.16457014715109586,"[-0.15, 0.45]",0.3038525903692841,0.860788962265991,False
Myeloblastin,Hb,20,39,0.025318484177090775,"[-0.28, 0.33]",0.8751432422724579,0.9710047873747903,False
Neurogenic locus notch homolog protein 1,Hb,20,39,0.2531848417709165,"[-0.06, 0.52]",0.11022452915533222,0.7242274493625929,False
Vitamin K-dependent protein S,Hb,20,39,0.16457014715109652,"[-0.15, 0.45]",0.3038525903692803,0.860788962265991,False
Dermcidin,Hb,20,39,0.050636968354183944,"[-0.26, 0.35]",0.7532100413323757,0.9507803863239565,False
Immunoglobulin heavy variable 3-73,Hb,20,39,0.316481052213646,"[0.01, 0.57]",0.04380551964824014,0.5652420249953286,False
Alpha-2-macroglobulin,Hb,20,39,0.07595545253127495,"[-0.24, 0.37]",0.6369307583072197,0.9307504209261677,False
Cation-independent mannose-6-phosphate receptor,Hb,20,39,-0.025318484177091427,"[-0.33, 0.28]",0.8751432422724579,0.9710047873747903,False
Chromodomain-helicase-DNA-binding protein 1;Chromodomain-helicase-DNA-binding protein 2;Chromodomain-helicase-DNA-binding protein 9;Chromodomain-helicase-DNA-binding protein 6;Chromodomain-helicase-DNA-binding protein 8;Chromodomain-helicase-DNA-binding protein 7,Hb,20,39,-0.3291402943021918,"[-0.58, -0.02]",0.03561505890517277,0.5407449785115541,False
Ceruloplasmin,Hb,20,39,0.050636968354182986,"[-0.26, 0.35]",0.7532100413323757,0.9507803863239565,False
Prostaglandin-H2 D-isomerase,Hb,20,39,-0.21520711550527888,"[-0.49, 0.10]",0.1766063542079387,0.7970464859682194,False
Protein S100-A9,Hb,20,39,0.07595545253127586,"[-0.24, 0.37]",0.6369307583072132,0.9307504209261677,False
Immunoglobulin J chain,Hb,20,39,-0.07595545253127423,"[-0.37, 0.24]",0.6369307583072197,0.9307504209261677,False
Probable non-functional immunoglobulin kappa variable 3-7,HKR,20,39,-0.3230291412348985,"[-0.57, -0.02]",0.039396584616066696,0.5492683246471907,False
Apolipoprotein A-IV,HKR,20,39,-0.06729773775727027,"[-0.37, 0.25]",0.6759002627879716,0.9507803863239565,False
Coagulation factor XII,HKR,20,39,-0.040378642654362855,"[-0.34, 0.27]",0.8020801681614825,0.9671847464778622,False
Mannan-binding lectin serine protease 1,HKR,20,39,0.0538381902058161,"[-0.26, 0.36]",0.7381424373499765,0.9507803863239565,False
Complement factor I,HKR,20,39,-0.026919095102907242,"[-0.33, 0.28]",0.867318141618388,0.9710047873747903,False
Platelet glycoprotein Ib alpha chain,HKR,20,39,-0.13459547551454068,"[-0.42, 0.18]",0.4014656367182883,0.8945961607084592,False
Hepatocyte growth factor-like protein,HKR,20,39,-0.02691909510290729,"[-0.33, 0.28]",0.867318141618388,0.9710047873747903,False
Profilin-1,HKR,20,39,0.3903268789921697,"[0.09, 0.62]",0.011636215442389884,0.32947143764920506,False
Peptidase inhibitor 16,HKR,20,39,-0.1480550230659955,"[-0.44, 0.17]",0.35558928425605174,0.8622752035218827,False
Cell surface glycoprotein MUC18,HKR,20,39,-0.2153527608232661,"[-0.49, 0.10]",0.17630663102888872,0.7970464859682194,False
Adhesion G-protein coupled receptor G6,HKR,20,39,0.12113592796308703,"[-0.19, 0.41]",0.4505814800516049,0.9119975012526392,False
Immunoglobulin heavy variable 1-69,HKR,20,39,9.787730233193306e-16,"[-0.31, 0.31]",1.0,1.0,False
Insulin-like growth factor-binding protein complex acid labile subunit,HKR,20,39,-0.32302914123489873,"[-0.57, -0.02]",0.03939658461606658,0.5492683246471907,False
Plasma serine protease inhibitor,HKR,20,39,-0.21535276082326596,"[-0.49, 0.10]",0.17630663102888872,0.7970464859682194,False
Immunoglobulin heavy variable 1-69D,HKR,20,39,-0.09421683286017934,"[-0.39, 0.22]",0.5579217385555044,0.9307504209261677,False
Pancreatic adenocarcinoma up-regulated factor,HKR,20,39,-0.08075728530872393,"[-0.38, 0.23]",0.6157177497878136,0.9307504209261677,False
Immunoglobulin heavy variable 3-64D,HKR,20,39,0.16151457061744887,"[-0.15, 0.45]",0.3130425439319446,0.860788962265991,False
Neutrophil gelatinase-associated lipocalin,HKR,20,39,-0.013459547551454338,"[-0.32, 0.30]",0.9334367972281469,0.9864156703215041,False
Lysosome-associated membrane glycoprotein 2,HKR,20,39,-0.04037864265436175,"[-0.34, 0.27]",0.8020801681614891,0.9671847464778622,False
Corneodesmosin,HKR,20,39,0.040378642654362425,"[-0.27, 0.34]",0.8020801681614825,0.9671847464778622,False
Collagen alpha-1(XVIII) chain,HKR,20,39,0.040378642654363264,"[-0.27, 0.34]",0.8020801681614825,0.9671847464778622,False
Lipopolysaccharide-binding protein,HKR,20,39,0.013459547551453632,"[-0.30, 0.32]",0.9334367972281469,0.9864156703215041,False
Immunoglobulin heavy variable 3-49,HKR,20,39,0.17497411816890376,"[-0.14, 0.46]",0.2738668734800028,0.8448096775145966,False
SPARC-like protein 1,HKR,20,39,-0.02691909510290846,"[-0.33, 0.28]",0.867318141618368,0.9710047873747903,False
Ras-associated and pleckstrin homology domains-containing protein 1,HKR,20,39,0.13459547551454185,"[-0.18, 0.42]",0.4014656367182853,0.8945961607084592,False
Alpha-1-acid glycoprotein 2,HKR,20,39,-0.0942168328601783,"[-0.39, 0.22]",0.5579217385555069,0.9307504209261677,False
Immunoglobulin heavy variable 3-20,HKR,20,39,0.026919095102908228,"[-0.28, 0.33]",0.867318141618368,0.9710047873747903,False
Neurogenic locus notch homolog protein 2,HKR,20,39,0.22881230837472014,"[-0.08, 0.50]",0.15015773759709816,0.7607516423767026,False
Apolipoprotein B-100,HKR,20,39,0.06729773775727145,"[-0.25, 0.37]",0.6759002627879678,0.9507803863239565,False
CD44 antigen,HKR,20,39,-0.06729773775727096,"[-0.37, 0.25]",0.6759002627879678,0.9507803863239565,False
Pigment epithelium-derived factor,HKR,20,39,0.1345954755145421,"[-0.18, 0.42]",0.4014656367182824,0.8945961607084592,False
Xaa-Pro dipeptidase,HKR,20,39,-0.026919095102907905,"[-0.33, 0.28]",0.867318141618368,0.9710047873747903,False
Immunoglobulin heavy constant delta,HKR,20,39,-0.21535276082326538,"[-0.49, 0.10]",0.17630663102889027,0.7970464859682194,False
Probable non-functional immunoglobulin heavy variable 3-38-3,HKR,20,39,-0.09421683286017812,"[-0.39, 0.22]",0.5579217385555069,0.9307504209261677,False
Immunoglobulin lambda constant 7,HKR,20,39,0.17497411816890363,"[-0.14, 0.46]",0.2738668734800028,0.8448096775145966,False
Receptor-type tyrosine-protein phosphatase gamma,HKR,20,39,0.053838190205817205,"[-0.26, 0.36]",0.7381424373499669,0.9507803863239565,False
Afamin,HKR,20,39,-0.2691909510290829,"[-0.53, 0.04]",0.08876762105830681,0.7049070285455697,False
Pyruvate kinase PKLR,HKR,20,39,0.2422718559261752,"[-0.07, 0.51]",0.1269698854808049,0.7605654126839256,False
Insulin-like growth factor 2,HKR,20,39,-0.013459547551454227,"[-0.32, 0.30]",0.9334367972281469,0.9864156703215041,False
CD109 antigen,HKR,20,39,-0.09421683286017828,"[-0.39, 0.22]",0.5579217385555069,0.9307504209261677,False
ADP-ribosyl cyclase/cyclic ADP-ribose hydrolase 2,HKR,20,39,0.17497411816890332,"[-0.14, 0.46]",0.2738668734800028,0.8448096775145966,False
Dedicator of cytokinesis protein 4,HKR,20,39,0.2691909510290827,"[-0.04, 0.53]",0.08876762105830731,0.7049070285455697,False
Complement factor H-related protein 2,HKR,20,39,-0.22881230837472002,"[-0.50, 0.08]",0.15015773759709816,0.7607516423767026,False
Selenoprotein P,HKR,20,39,0.12113592796308784,"[-0.19, 0.41]",0.45058148005160314,0.9119975012526392,False
Adipocyte plasma membrane-associated protein,HKR,20,39,0.2153527608232661,"[-0.10, 0.49]",0.17630663102888872,0.7970464859682194,False
Immunoglobulin heavy constant alpha 2,HKR,20,39,-0.13459547551454168,"[-0.42, 0.18]",0.4014656367182853,0.8945961607084592,False
Lactotransferrin,HKR,20,39,0.08075728530872485,"[-0.23, 0.38]",0.6157177497878106,0.9307504209261677,False
Alpha-enolase,HKR,20,39,0.06729773775727074,"[-0.25, 0.37]",0.6759002627879716,0.9507803863239565,False
Immunoglobulin heavy constant gamma 1,HKR,20,39,0.14805502306599538,"[-0.17, 0.44]",0.35558928425605174,0.8622752035218827,False
Collectin-10,HKR,20,39,0.17497411816890338,"[-0.14, 0.46]",0.2738668734800028,0.8448096775145966,False
Lysosome-associated membrane glycoprotein 1,HKR,20,39,-0.17497411816890363,"[-0.46, 0.14]",0.2738668734800028,0.8448096775145966,False
Cathelicidin antimicrobial peptide,HKR,20,39,8.069273780037231e-16,"[-0.31, 0.31]",1.0,1.0,False
Fibroblast growth factor-binding protein 2,HKR,20,39,0.14805502306599616,"[-0.17, 0.44]",0.35558928425605063,0.8622752035218827,False
Lymphatic vessel endothelial hyaluronic acid receptor 1,HKR,20,39,-0.04037864265436246,"[-0.34, 0.27]",0.8020801681614825,0.9671847464778622,False
Haptoglobin,HKR,20,39,0.2018932132718123,"[-0.11, 0.48]",0.20556623878246244,0.8205034779432058,False
Tenascin-X,HKR,20,39,-0.12113592796308661,"[-0.41, 0.19]",0.45058148005160836,0.9119975012526392,False
Zinc finger protein 512B,HKR,20,39,-0.013459547551454466,"[-0.32, 0.30]",0.9334367972281469,0.9864156703215041,False
Immunoglobulin lambda variable 3-19,HKR,20,39,-0.18843366572035727,"[-0.47, 0.13]",0.2380574004177161,0.8448096775145966,False
Complement C1q subcomponent subunit B,HKR,20,39,0.013459547551454945,"[-0.30, 0.32]",0.9334367972281469,0.9864156703215041,False
Ubiquitin-ribosomal protein eS31 fusion protein,HKR,20,39,-0.09421683286017965,"[-0.39, 0.22]",0.5579217385555044,0.9307504209261677,False
Kinesin-like protein KIF21A,HKR,20,39,-0.26919095102908275,"[-0.53, 0.04]",0.08876762105830731,0.7049070285455697,False
Attractin,HKR,20,39,0.04037864265436332,"[-0.27, 0.34]",0.8020801681614825,0.9671847464778622,False
Immunoglobulin lambda variable 1-44,HKR,20,39,-0.16151457061744895,"[-0.45, 0.15]",0.3130425439319446,0.860788962265991,False
Immunoglobulin heavy variable 1-46,HKR,20,39,0.06729773775727105,"[-0.25, 0.37]",0.6759002627879678,0.9507803863239565,False
Fibulin-1,HKR,20,39,0.18843366572035783,"[-0.13, 0.47]",0.2380574004177156,0.8448096775145966,False
Secreted phosphoprotein 24,HKR,20,39,-0.05383819020581711,"[-0.36, 0.26]",0.7381424373499669,0.9507803863239565,False
Scavenger receptor class B member 1,HKR,20,39,-0.18843366572035766,"[-0.47, 0.13]",0.2380574004177156,0.8448096775145966,False
Immunoglobulin lambda variable 2-18,HKR,20,39,0.1749741181689036,"[-0.14, 0.46]",0.2738668734800028,0.8448096775145966,False
Collagen alpha-2(VI) chain,HKR,20,39,0.0672977377572717,"[-0.25, 0.37]",0.6759002627879678,0.9507803863239565,False
Adiponectin,HKR,20,39,-0.20189321327181264,"[-0.48, 0.11]",0.20556623878246003,0.8205034779432058,False
Nidogen-1,HKR,20,39,0.1749741181689045,"[-0.14, 0.46]",0.2738668734799996,0.8448096775145966,False
Alpha-1-antitrypsin,HKR,20,39,-0.12113592796308743,"[-0.41, 0.19]",0.4505814800516049,0.9119975012526392,False
"Sushi, von Willebrand factor type A, EGF and pentraxin domain-containing protein 1",HKR,20,39,0.28265049858053726,"[-0.03, 0.54]",0.07335956360433839,0.6837273567758237,False
Complement C1s subcomponent,HKR,20,39,0.09421683286017943,"[-0.22, 0.39]",0.5579217385555044,0.9307504209261677,False
Alpha-actinin-4,HKR,20,39,-0.09421683286017798,"[-0.39, 0.22]",0.5579217385555117,0.9307504209261677,False
Complement component C1q receptor,HKR,20,39,0.17497411816890354,"[-0.14, 0.46]",0.2738668734800028,0.8448096775145966,False
Inter-alpha-trypsin inhibitor heavy chain H3,HKR,20,39,-0.053838190205815914,"[-0.36, 0.26]",0.7381424373499765,0.9507803863239565,False
Immunoglobulin kappa variable 1D-8,HKR,20,39,0.026919095102907884,"[-0.28, 0.33]",0.867318141618368,0.9710047873747903,False
Low-density lipoprotein receptor,HKR,20,39,0.2691909510290835,"[-0.04, 0.53]",0.08876762105830631,0.7049070285455697,False
Prolactin-inducible protein,HKR,20,39,-0.09421683286017912,"[-0.39, 0.22]",0.5579217385555044,0.9307504209261677,False
Hyaluronan-binding protein 2,HKR,20,39,0.12113592796308732,"[-0.19, 0.41]",0.4505814800516049,0.9119975012526392,False
N-acetylmuramoyl-L-alanine amidase,HKR,20,39,-0.09421683286017937,"[-0.39, 0.22]",0.5579217385555044,0.9307504209261677,False
Serpin A11,HKR,20,39,0.13459547551454193,"[-0.18, 0.42]",0.4014656367182853,0.8945961607084592,False
C4b-binding protein alpha chain,HKR,20,39,0.3364886887863532,"[0.03, 0.58]",0.031467242613110576,0.5219221964450409,False
Inter-alpha-trypsin inhibitor heavy chain H2,HKR,20,39,-3.5863439022387677e-16,"[-0.31, 0.31]",1.0,1.0,False
Fibrillin-1,HKR,20,39,0.18843366572035827,"[-0.13, 0.47]",0.23805740041771356,0.8448096775145966,False
Golgi-associated RAB2 interactor protein 1B,HKR,20,39,0.17497411816890335,"[-0.14, 0.46]",0.2738668734800028,0.8448096775145966,False
Neurogenic locus notch homolog protein 3,HKR,20,39,0.040378642654362654,"[-0.27, 0.34]",0.8020801681614825,0.9671847464778622,False
Immunoglobulin heavy constant alpha 1,HKR,20,39,-0.06729773775727126,"[-0.37, 0.25]",0.6759002627879678,0.9507803863239565,False
Apolipoprotein C-III,HKR,20,39,0.5383819020581652,"[0.28, 0.73]",0.00028234901903137445,0.031688971569287926,True
Glutathione peroxidase 3,HKR,20,39,-0.013459547551453684,"[-0.32, 0.30]",0.9334367972281469,0.9864156703215041,False
Contactin-1,HKR,20,39,0.12113592796308639,"[-0.19, 0.41]",0.45058148005160836,0.9119975012526392,False
Stomatin,HKR,20,39,0.4576246167494405,"[0.17, 0.67]",0.0026267622232942762,0.1538140592318579,False
Immunoglobulin heavy variable 3-13,HKR,20,39,0.20189321327181256,"[-0.11, 0.48]",0.20556623878246003,0.8205034779432058,False
Immunoglobulin heavy variable 1-69-2,HKR,20,39,0.013459547551454714,"[-0.30, 0.32]",0.9334367972281469,0.9864156703215041,False
Apolipoprotein E,HKR,20,39,0.1345954755145411,"[-0.18, 0.42]",0.4014656367182883,0.8945961607084592,False
Mucosal addressin cell adhesion molecule 1,HKR,20,39,-0.10767638041163236,"[-0.40, 0.21]",0.5027968109945461,0.9307504209261677,False
Protein S100-A11,HKR,20,39,-0.04037864265436263,"[-0.34, 0.27]",0.8020801681614825,0.9671847464778622,False
Complement factor H-related protein 4,HKR,20,39,0.0942168328601794,"[-0.22, 0.39]",0.5579217385555044,0.9307504209261677,False
Immunoglobulin kappa variable 1D-16,HKR,20,39,0.18843366572035875,"[-0.13, 0.47]",0.2380574004177123,0.8448096775145966,False
Immunoglobulin lambda variable 1-47,HKR,20,39,0.13459547551454093,"[-0.18, 0.42]",0.4014656367182883,0.8945961607084592,False
Fructose-bisphosphate aldolase A,HKR,20,39,-0.013459547551453411,"[-0.32, 0.30]",0.9334367972281469,0.9864156703215041,False
Thrombospondin-1,HKR,20,39,0.1480550230659956,"[-0.17, 0.44]",0.35558928425605174,0.8622752035218827,False
Aminopeptidase N,HKR,20,39,-0.10767638041163255,"[-0.40, 0.21]",0.5027968109945461,0.9307504209261677,False
Apolipoprotein M,HKR,20,39,-0.06729773775727073,"[-0.37, 0.25]",0.6759002627879716,0.9507803863239565,False
Immunoglobulin heavy variable 3-43,HKR,20,39,-0.17497411816890315,"[-0.46, 0.14]",0.2738668734800066,0.8448096775145966,False
Cysteine-rich secretory protein 3,HKR,20,39,-0.026919095102908575,"[-0.33, 0.28]",0.867318141618368,0.9710047873747903,False
Complement component C8 alpha chain,HKR,20,39,-0.12113592796308659,"[-0.41, 0.19]",0.45058148005160836,0.9119975012526392,False
Immunoglobulin heavy variable 2-70D,HKR,20,39,0.04037864265436327,"[-0.27, 0.34]",0.8020801681614825,0.9671847464778622,False
Immunoglobulin heavy variable 3-23,HKR,20,39,0.013459547551453725,"[-0.30, 0.32]",0.9334367972281469,0.9864156703215041,False
Plasma kallikrein,HKR,20,39,0.18843366572035805,"[-0.13, 0.47]",0.23805740041771356,0.8448096775145966,False
Galectin-7,HKR,20,39,0.05383819020581712,"[-0.26, 0.36]",0.7381424373499669,0.9507803863239565,False
Extracellular superoxide dismutase [Cu-Zn],HKR,20,39,0.28265049858053715,"[-0.03, 0.54]",0.07335956360433839,0.6837273567758237,False
Immunoglobulin heavy variable 1-8,HKR,20,39,0.026919095102907926,"[-0.28, 0.33]",0.867318141618368,0.9710047873747903,False
Cystatin-C,HKR,20,39,-0.053838190205816414,"[-0.36, 0.26]",0.7381424373499669,0.9507803863239565,False
Immunoglobulin lambda-like polypeptide 1,HKR,20,39,-0.13459547551454168,"[-0.42, 0.18]",0.4014656367182853,0.8945961607084592,False
Inhibin beta C chain,HKR,20,39,-0.04037864265436189,"[-0.34, 0.27]",0.8020801681614891,0.9671847464778622,False
Mannose-binding protein C,HKR,20,39,0.026919095102909,"[-0.28, 0.33]",0.867318141618368,0.9710047873747903,False
IgGFc-binding protein,HKR,20,39,-0.12113592796308652,"[-0.41, 0.19]",0.45058148005160836,0.9119975012526392,False
Macrophage mannose receptor 1,HKR,20,39,-0.06729773775727005,"[-0.37, 0.25]",0.6759002627879716,0.9507803863239565,False
Aromatase,HKR,20,39,-0.22881230837472014,"[-0.50, 0.08]",0.15015773759709816,0.7607516423767026,False
Cadherin-5,HKR,20,39,0.10767638041163376,"[-0.21, 0.40]",0.502796810994542,0.9307504209261677,False
Immunoglobulin kappa variable 1-8,HKR,20,39,0.3768673314407159,"[0.08, 0.61]",0.01514866433431609,0.36734819848780037,False
Retinol-binding protein 4,HKR,20,39,0.040378642654362834,"[-0.27, 0.34]",0.8020801681614825,0.9671847464778622,False
Complement component C8 beta chain,HKR,20,39,-0.13459547551454076,"[-0.42, 0.18]",0.4014656367182883,0.8945961607084592,False
Tumor necrosis factor receptor superfamily member 1B,HKR,20,39,-0.18843366572035752,"[-0.47, 0.13]",0.2380574004177161,0.8448096775145966,False
Formin-2,HKR,20,39,-0.08075728530872517,"[-0.38, 0.23]",0.6157177497878106,0.9307504209261677,False
Scavenger receptor cysteine-rich domain-containing protein DMBT1,HKR,20,39,-0.06729773775727109,"[-0.37, 0.25]",0.6759002627879678,0.9507803863239565,False
Apolipoprotein L1,HKR,20,39,0.013459547551454907,"[-0.30, 0.32]",0.9334367972281469,0.9864156703215041,False
Leucine-rich alpha-2-glycoprotein,HKR,20,39,-0.20189321327181214,"[-0.48, 0.11]",0.20556623878246244,0.8205034779432058,False
Immunoglobulin heavy variable 1-2,HKR,20,39,0.2961100461319909,"[-0.01, 0.55]",0.06013600656606858,0.6163711844991026,False
Ras-related protein Rab-10,HKR,20,39,0.5249223545067111,"[0.26, 0.72]",0.0004258513355400884,0.038235771913692734,True
Immunoglobulin heavy variable 1-24,HKR,20,39,0.09421683286017887,"[-0.22, 0.39]",0.5579217385555069,0.9307504209261677,False
Annexin A3,HKR,20,39,0.26919095102908347,"[-0.04, 0.53]",0.08876762105830656,0.7049070285455697,False
Hemoglobin subunit beta,HKR,20,39,0.14805502306599602,"[-0.17, 0.44]",0.35558928425605063,0.8622752035218827,False
Immunoglobulin lambda variable 4-69,HKR,20,39,0.16151457061744934,"[-0.15, 0.45]",0.3130425439319434,0.860788962265991,False
Elongation factor 2,HKR,20,39,-0.08075728530872503,"[-0.38, 0.23]",0.6157177497878106,0.9307504209261677,False
Multiple inositol polyphosphate phosphatase 1,HKR,20,39,-0.12113592796308752,"[-0.41, 0.19]",0.4505814800516049,0.9119975012526392,False
Collagen alpha-1(VI) chain,HKR,20,39,0.040378642654362265,"[-0.27, 0.34]",0.8020801681614825,0.9671847464778622,False
Hepatocyte growth factor activator,HKR,20,39,-0.0538381902058172,"[-0.36, 0.26]",0.7381424373499669,0.9507803863239565,False
Fibrinogen beta chain,HKR,20,39,-0.1749741181689042,"[-0.46, 0.14]",0.2738668734800018,0.8448096775145966,False
Hemicentin-1,HKR,20,39,0.29611004613199177,"[-0.01, 0.55]",0.060136006566067574,0.6163711844991026,False
C-type mannose receptor 2,HKR,20,39,-0.04037864265436268,"[-0.34, 0.27]",0.8020801681614825,0.9671847464778622,False
Platelet glycoprotein Ib beta chain,HKR,20,39,0.6325987349183442,"[0.40, 0.79]",9.1032792876925e-06,0.0027864310328782407,True
Complement C2,HKR,20,39,-0.16151457061744895,"[-0.45, 0.15]",0.3130425439319446,0.860788962265991,False
Annexin A2,HKR,20,39,0.026919095102908717,"[-0.28, 0.33]",0.867318141618368,0.9710047873747903,False
Protein disulfide-isomerase A3,HKR,20,39,0.20189321327181187,"[-0.11, 0.48]",0.20556623878246263,0.8205034779432058,False
Dipeptidyl peptidase 4,HKR,20,39,0.17497411816890324,"[-0.14, 0.46]",0.2738668734800066,0.8448096775145966,False
Proteasome subunit alpha type-4,HKR,20,39,0.0807572853087244,"[-0.23, 0.38]",0.6157177497878106,0.9307504209261677,False
Coagulation factor XI,HKR,20,39,-0.08075728530872534,"[-0.38, 0.23]",0.6157177497878106,0.9307504209261677,False
Collectin-11,HKR,20,39,0.22881230837471983,"[-0.08, 0.50]",0.15015773759709855,0.7607516423767026,False
High mobility group protein B1,HKR,20,39,0.08075728530872446,"[-0.23, 0.38]",0.6157177497878106,0.9307504209261677,False
Immunoglobulin lambda variable 3-16,HKR,20,39,-0.013459547551454388,"[-0.32, 0.30]",0.9334367972281469,0.9864156703215041,False
Prothrombin,HKR,20,39,0.5653009971610738,"[0.31, 0.74]",0.0001175984950071582,0.017997915122231894,True
Immunoglobulin kappa joining 1,HKR,20,39,0.2557314034776296,"[-0.06, 0.52]",0.10657008404777789,0.7242274493625929,False
Immunoglobulin heavy variable 3-7,HKR,20,39,0.0807572853087244,"[-0.23, 0.38]",0.6157177497878106,0.9307504209261677,False
Immunoglobulin heavy variable 3-74,HKR,20,39,0.32302914123489934,"[0.02, 0.57]",0.03939658461606614,0.5492683246471907,False
Ezrin,HKR,20,39,0.5383819020581652,"[0.28, 0.73]",0.00028234901903137445,0.031688971569287926,True
Intercellular adhesion molecule 2,HKR,20,39,0.12113592796308749,"[-0.19, 0.41]",0.4505814800516049,0.9119975012526392,False
Lysozyme C,HKR,20,39,0.2018932132718122,"[-0.11, 0.48]",0.20556623878246244,0.8205034779432058,False
Protein AMBP,HKR,20,39,-0.02691909510290747,"[-0.33, 0.28]",0.867318141618388,0.9710047873747903,False
Prolyl endopeptidase FAP,HKR,20,39,0.013459547551454164,"[-0.30, 0.32]",0.9334367972281469,0.9864156703215041,False
"Actin, cytoplasmic 2",HKR,20,39,0.10767638041163295,"[-0.21, 0.40]",0.5027968109945461,0.9307504209261677,False
Kallistatin,HKR,20,39,-0.10767638041163258,"[-0.40, 0.21]",0.5027968109945461,0.9307504209261677,False
Hemopexin,HKR,20,39,-0.026919095102908786,"[-0.33, 0.28]",0.867318141618368,0.9710047873747903,False
C4b-binding protein beta chain,HKR,20,39,0.06729773775727067,"[-0.25, 0.37]",0.6759002627879716,0.9507803863239565,False
Peptidyl-prolyl cis-trans isomerase A,HKR,20,39,0.29611004613199143,"[-0.01, 0.55]",0.06013600656606775,0.6163711844991026,False
Complement C1r subcomponent-like protein,HKR,20,39,0.1211359279630869,"[-0.19, 0.41]",0.45058148005160836,0.9119975012526392,False
Immunoglobulin heavy variable 3-30;Immunoglobulin heavy variable 3-30-5,HKR,20,39,0.21535276082326596,"[-0.10, 0.49]",0.17630663102888872,0.7970464859682194,False
Immunoglobulin lambda variable 3-9,HKR,20,39,-0.2557314034776288,"[-0.52, 0.06]",0.10657008404777908,0.7242274493625929,False
Immunoglobulin heavy variable 1-45,HKR,20,39,-0.16151457061745028,"[-0.45, 0.15]",0.3130425439319413,0.860788962265991,False
Hemoglobin subunit gamma-1,HKR,20,39,0.14805502306599547,"[-0.17, 0.44]",0.35558928425605174,0.8622752035218827,False
Apolipoprotein F,HKR,20,39,0.053838190205817066,"[-0.26, 0.36]",0.7381424373499669,0.9507803863239565,False
Immunoglobulin gamma-1 heavy chain,HKR,20,39,-0.09421683286017829,"[-0.39, 0.22]",0.5579217385555069,0.9307504209261677,False
Low affinity immunoglobulin gamma Fc region receptor III-B,HKR,20,39,0.1615145706174492,"[-0.15, 0.45]",0.3130425439319434,0.860788962265991,False
Multiple epidermal growth factor-like domains protein 8,HKR,20,39,0.13459547551454193,"[-0.18, 0.42]",0.4014656367182853,0.8945961607084592,False
Complement C4-B,HKR,20,39,-0.18843366572035833,"[-0.47, 0.13]",0.23805740041771356,0.8448096775145966,False
Glyceraldehyde-3-phosphate dehydrogenase,HKR,20,39,0.20189321327181184,"[-0.11, 0.48]",0.20556623878246263,0.8205034779432058,False
Complement C1r subcomponent,HKR,20,39,0.06729773775727137,"[-0.25, 0.37]",0.6759002627879678,0.9507803863239565,False
Sex hormone-binding globulin,HKR,20,39,-0.06729773775727022,"[-0.37, 0.25]",0.6759002627879716,0.9507803863239565,False
Biotinidase,HKR,20,39,-0.4307055216465319,"[-0.65, -0.14]",0.004937405863495408,0.21988339649004893,False
Cholinesterase,HKR,20,39,-0.0538381902058162,"[-0.36, 0.26]",0.7381424373499765,0.9507803863239565,False
Immunoglobulin heavy variable 2-5,HKR,20,39,0.026919095102908814,"[-0.28, 0.33]",0.867318141618368,0.9710047873747903,False
Immunoglobulin lambda variable 1-36,HKR,20,39,0.053838190205816205,"[-0.26, 0.36]",0.7381424373499765,0.9507803863239565,False
Immunoglobulin kappa variable 3-11,HKR,20,39,-0.0538381902058169,"[-0.36, 0.26]",0.7381424373499669,0.9507803863239565,False
Immunoglobulin kappa variable 6-21,HKR,20,39,0.10767638041163374,"[-0.21, 0.40]",0.502796810994542,0.9307504209261677,False
Immunoglobulin kappa light chain,HKR,20,39,0.026919095102908835,"[-0.28, 0.33]",0.867318141618368,0.9710047873747903,False
Neuropilin-1,HKR,20,39,-0.13459547551454193,"[-0.42, 0.18]",0.4014656367182853,0.8945961607084592,False
Ficolin-2,HKR,20,39,-0.08075728530872443,"[-0.38, 0.23]",0.6157177497878106,0.9307504209261677,False
Gamma-glutamyl hydrolase,HKR,20,39,-0.026919095102908578,"[-0.33, 0.28]",0.867318141618368,0.9710047873747903,False
Keratinocyte proline-rich protein,HKR,20,39,0.10767638041163288,"[-0.21, 0.40]",0.5027968109945461,0.9307504209261677,False
Kyphoscoliosis peptidase,HKR,20,39,-0.053838190205816865,"[-0.36, 0.26]",0.7381424373499669,0.9507803863239565,False
Laminin subunit alpha-2,HKR,20,39,0.14805502306599694,"[-0.17, 0.44]",0.35558928425604563,0.8622752035218827,False
Desmoglein-1,HKR,20,39,0.08075728530872434,"[-0.23, 0.38]",0.6157177497878136,0.9307504209261677,False
Immunoglobulin lambda variable 3-27,HKR,20,39,0.10767638041163351,"[-0.21, 0.40]",0.502796810994542,0.9307504209261677,False
Myosin-9,HKR,20,39,0.29611004613199116,"[-0.01, 0.55]",0.06013600656606807,0.6163711844991026,False
Versican core protein,HKR,20,39,0.39032687899216956,"[0.09, 0.62]",0.011636215442389915,0.32947143764920506,False
Proteasome subunit beta type-3,HKR,20,39,0.12113592796308695,"[-0.19, 0.41]",0.45058148005160836,0.9119975012526392,False
Alpha-N-acetylglucosaminidase,HKR,20,39,-0.09421683286017947,"[-0.39, 0.22]",0.5579217385555044,0.9307504209261677,False
Caspase-14,HKR,20,39,-0.01345954755145445,"[-0.32, 0.30]",0.9334367972281469,0.9864156703215041,False
Histidine-rich glycoprotein,HKR,20,39,-0.09421683286017912,"[-0.39, 0.22]",0.5579217385555044,0.9307504209261677,False
"ATP synthase subunit alpha, mitochondrial",HKR,20,39,-0.05383819020581583,"[-0.36, 0.26]",0.7381424373499765,0.9507803863239565,False
Immunoglobulin kappa constant,HKR,20,39,-0.1749741181689038,"[-0.46, 0.14]",0.2738668734800028,0.8448096775145966,False
Interleukin-1 receptor accessory protein,HKR,20,39,0.05383819020581662,"[-0.26, 0.36]",0.7381424373499669,0.9507803863239565,False
Immunoglobulin lambda variable 9-49,HKR,20,39,0.026919095102908554,"[-0.28, 0.33]",0.867318141618368,0.9710047873747903,False
Plexin domain-containing protein 2,HKR,20,39,0.08075728530872454,"[-0.23, 0.38]",0.6157177497878106,0.9307504209261677,False
Immunoglobulin heavy variable 4-28,HKR,20,39,0.09421683286017861,"[-0.22, 0.39]",0.5579217385555069,0.9307504209261677,False
Desmoplakin,HKR,20,39,0.026919095102908287,"[-0.28, 0.33]",0.867318141618368,0.9710047873747903,False
Endoplasmin,HKR,20,39,-0.1480550230659953,"[-0.44, 0.17]",0.35558928425605174,0.8622752035218827,False
Heparin cofactor 2,HKR,20,39,-0.17497411816890368,"[-0.46, 0.14]",0.2738668734800028,0.8448096775145966,False
Laminin subunit gamma-1,HKR,20,39,0.3499482363378076,"[0.05, 0.59]",0.02490240047056886,0.45322368856435696,False
Polymeric immunoglobulin receptor,HKR,20,39,-0.06729773775727123,"[-0.37, 0.25]",0.6759002627879678,0.9507803863239565,False
Serum amyloid A-4 protein,HKR,20,39,0.053838190205816754,"[-0.26, 0.36]",0.7381424373499669,0.9507803863239565,False
Catalase,HKR,20,39,0.21535276082326657,"[-0.10, 0.49]",0.17630663102888683,0.7970464859682194,False
Complement receptor type 1,HKR,20,39,0.134595475514541,"[-0.18, 0.42]",0.4014656367182883,0.8945961607084592,False
Immunoglobulin kappa variable 1-27,HKR,20,39,0.30956959368344455,"[0.00, 0.56]",0.0488849339357606,0.5847089611428274,False
Immunoglobulin kappa variable 2-30,HKR,20,39,7.620980792257381e-16,"[-0.31, 0.31]",1.0,1.0,False
Protein-glutamine gamma-glutamyltransferase E,HKR,20,39,0.040378642654362126,"[-0.27, 0.34]",0.8020801681614891,0.9671847464778622,False
Periostin,HKR,20,39,-0.053838190205816205,"[-0.36, 0.26]",0.7381424373499765,0.9507803863239565,False
Albumin,HKR,20,39,-0.2691909510290827,"[-0.53, 0.04]",0.08876762105830731,0.7049070285455697,False
Complement factor B,HKR,20,39,-0.25573140347762807,"[-0.52, 0.06]",0.10657008404778062,0.7242274493625929,False
Probable non-functional immunoglobulinn kappa variable 1-37;Probable non-functional immunoglobulinn kappa variable 1D-37,HKR,20,39,0.0807572853087257,"[-0.23, 0.38]",0.6157177497878046,0.9307504209261677,False
Immunoglobulin lambda variable 8-61,HKR,20,39,0.026919095102909046,"[-0.28, 0.33]",0.867318141618368,0.9710047873747903,False
Annexin A1,HKR,20,39,0.24227185592617542,"[-0.07, 0.51]",0.1269698854808049,0.7605654126839256,False
CD5 antigen-like,HKR,20,39,0.05383819020581713,"[-0.26, 0.36]",0.7381424373499669,0.9507803863239565,False
RB-associated KRAB zinc finger protein,HKR,20,39,0.040378642654362265,"[-0.27, 0.34]",0.8020801681614825,0.9671847464778622,False
Immunoglobulin lambda variable 7-46,HKR,20,39,0.25573140347762924,"[-0.06, 0.52]",0.10657008404777879,0.7242274493625929,False
Basement membrane-specific heparan sulfate proteoglycan core protein,HKR,20,39,0.12113592796308777,"[-0.19, 0.41]",0.4505814800516049,0.9119975012526392,False
Vitamin K-dependent protein C,HKR,20,39,0.08075728530872481,"[-0.23, 0.38]",0.6157177497878106,0.9307504209261677,False
Immunoglobulin lambda variable 1-40,HKR,20,39,0.013459547551454225,"[-0.30, 0.32]",0.9334367972281469,0.9864156703215041,False
Pantetheinase,HKR,20,39,-0.04037864265436252,"[-0.34, 0.27]",0.8020801681614825,0.9671847464778622,False
Neutrophil defensin 1;Neutrophil defensin 3,HKR,20,39,0.013459547551454891,"[-0.30, 0.32]",0.9334367972281469,0.9864156703215041,False
Immunoglobulin lambda variable 2-8,HKR,20,39,0.21535276082326607,"[-0.10, 0.49]",0.17630663102888872,0.7970464859682194,False
Immunoglobulin heavy variable 1-18,HKR,20,39,0.20189321327181162,"[-0.11, 0.48]",0.20556623878246263,0.8205034779432058,False
Immunoglobulin kappa variable 3D-15,HKR,20,39,-0.20189321327181164,"[-0.48, 0.11]",0.20556623878246263,0.8205034779432058,False
Extracellular matrix protein 1,HKR,20,39,-0.18843366572035783,"[-0.47, 0.13]",0.2380574004177156,0.8448096775145966,False
Tubulin alpha-1B chain,HKR,20,39,-0.053838190205816074,"[-0.36, 0.26]",0.7381424373499765,0.9507803863239565,False
Immunoglobulin lambda variable 5-45,HKR,20,39,0.0269190951029091,"[-0.28, 0.33]",0.867318141618368,0.9710047873747903,False
Alpha-2-HS-glycoprotein,HKR,20,39,-0.06729773775726991,"[-0.37, 0.25]",0.6759002627879716,0.9507803863239565,False
Cartilage acidic protein 1,HKR,20,39,0.09421683286017853,"[-0.22, 0.39]",0.5579217385555069,0.9307504209261677,False
Coagulation factor IX,HKR,20,39,0.2557314034776286,"[-0.06, 0.52]",0.10657008404777972,0.7242274493625929,False
Integrin alpha-2,HKR,20,39,0.08075728530872547,"[-0.23, 0.38]",0.6157177497878106,0.9307504209261677,False
"Mannosyl-oligosaccharide 1,2-alpha-mannosidase IA",HKR,20,39,0.06729773775727037,"[-0.25, 0.37]",0.6759002627879716,0.9507803863239565,False
Endophilin-A3,HKR,20,39,-0.20189321327181134,"[-0.48, 0.11]",0.20556623878246416,0.8205034779432058,False
Collagen alpha-1(I) chain,HKR,20,39,0.22881230837472108,"[-0.08, 0.50]",0.15015773759709594,0.7607516423767026,False
Carboxypeptidase N subunit 2,HKR,20,39,-0.09421683286017901,"[-0.39, 0.22]",0.5579217385555069,0.9307504209261677,False
Scavenger receptor cysteine-rich type 1 protein M130,HKR,20,39,-0.10767638041163265,"[-0.40, 0.21]",0.5027968109945461,0.9307504209261677,False
Annexin A5,HKR,20,39,-0.14805502306599574,"[-0.44, 0.17]",0.35558928425605063,0.8622752035218827,False
Platelet factor 4,HKR,20,39,-0.013459547551454355,"[-0.32, 0.30]",0.9334367972281469,0.9864156703215041,False
Immunoglobulin heavy variable 3-72,HKR,20,39,-0.026919095102907527,"[-0.33, 0.28]",0.867318141618388,0.9710047873747903,False
Protein HEG homolog 1,HKR,20,39,0.06729773775727126,"[-0.25, 0.37]",0.6759002627879678,0.9507803863239565,False
Sulfhydryl oxidase 1,HKR,20,39,-0.13459547551454173,"[-0.42, 0.18]",0.4014656367182853,0.8945961607084592,False
Corticosteroid-binding globulin,HKR,20,39,-0.10767638041163295,"[-0.40, 0.21]",0.5027968109945461,0.9307504209261677,False
Angiopoietin-related protein 6,HKR,20,39,0.26919095102908247,"[-0.04, 0.53]",0.08876762105830757,0.7049070285455697,False
72 kDa type IV collagenase,HKR,20,39,0.08075728530872445,"[-0.23, 0.38]",0.6157177497878106,0.9307504209261677,False
Trypsin-3,HKR,20,39,-0.22881230837471983,"[-0.50, 0.08]",0.15015773759709855,0.7607516423767026,False
Complement component C9,HKR,20,39,-0.06729773775727022,"[-0.37, 0.25]",0.6759002627879716,0.9507803863239565,False
Pyruvate kinase PKM,HKR,20,39,0.16151457061745034,"[-0.15, 0.45]",0.3130425439319413,0.860788962265991,False
Immunoglobulin heavy variable 4-34,HKR,20,39,0.12113592796308746,"[-0.19, 0.41]",0.4505814800516049,0.9119975012526392,False
Immunoglobulin kappa variable 6D-21,HKR,20,39,0.148055023065995,"[-0.17, 0.44]",0.3555892842560541,0.8622752035218827,False
Immunoglobulin lambda-1 light chain,HKR,20,39,-0.13459547551454062,"[-0.42, 0.18]",0.40146563671828983,0.8945961607084592,False
Transforming growth factor-beta-induced protein ig-h3,HKR,20,39,0.04037864265436286,"[-0.27, 0.34]",0.8020801681614825,0.9671847464778622,False
Complement C1q subcomponent subunit A,HKR,20,39,0.0403786426543631,"[-0.27, 0.34]",0.8020801681614825,0.9671847464778622,False
Prolow-density lipoprotein receptor-related protein 1,HKR,20,39,0.040378642654362924,"[-0.27, 0.34]",0.8020801681614825,0.9671847464778622,False
Immunoglobulin heavy constant mu,HKR,20,39,0.13459547551454137,"[-0.18, 0.42]",0.4014656367182853,0.8945961607084592,False
UV-stimulated scaffold protein A,HKR,20,39,-0.14805502306599586,"[-0.44, 0.17]",0.35558928425605063,0.8622752035218827,False
Complement component C6,HKR,20,39,-0.3364886887863531,"[-0.58, -0.03]",0.031467242613110576,0.5219221964450409,False
Angiotensinogen,HKR,20,39,-0.29611004613199,"[-0.55, 0.01]",0.06013600656606926,0.6163711844991026,False
Pregnancy zone protein,HKR,20,39,0.21535276082326577,"[-0.10, 0.49]",0.17630663102888872,0.7970464859682194,False
Histone H2A type 1-B/E;Histone H2A type 3;Histone H2A type 1-C,HKR,20,39,0.09421683286017929,"[-0.22, 0.39]",0.5579217385555044,0.9307504209261677,False
Desmocollin-1,HKR,20,39,0.053838190205817156,"[-0.26, 0.36]",0.7381424373499669,0.9507803863239565,False
Protein Z-dependent protease inhibitor,HKR,20,39,-0.02691909510290778,"[-0.33, 0.28]",0.867318141618368,0.9710047873747903,False
Immunoglobulin kappa variable 1-17,HKR,20,39,-0.14805502306599497,"[-0.44, 0.17]",0.3555892842560541,0.8622752035218827,False
Fibronectin,HKR,20,39,-0.33648868878635346,"[-0.58, -0.03]",0.03146724261311039,0.5219221964450409,False
Probable non-functional immunoglobulin heavy variable 3-38,HKR,20,39,0.2557314034776286,"[-0.06, 0.52]",0.10657008404777972,0.7242274493625929,False
Nucleoside diphosphate kinase 3,HKR,20,39,-0.17497411816890288,"[-0.46, 0.14]",0.2738668734800066,0.8448096775145966,False
Plasma protease C1 inhibitor,HKR,20,39,-0.2961100461319912,"[-0.55, 0.01]",0.06013600656606807,0.6163711844991026,False
Immunoglobulin kappa variable 1-16,HKR,20,39,0.040378642654363056,"[-0.27, 0.34]",0.8020801681614825,0.9671847464778622,False
F-actin-capping protein subunit alpha-1,HKR,20,39,0.1480550230659955,"[-0.17, 0.44]",0.35558928425605174,0.8622752035218827,False
Cathepsin D,HKR,20,39,-0.05383819020581592,"[-0.36, 0.26]",0.7381424373499765,0.9507803863239565,False
Anthrax toxin receptor 2,HKR,20,39,0.17497411816890315,"[-0.14, 0.46]",0.2738668734800066,0.8448096775145966,False
Talin-1,HKR,20,39,0.5518414496096194,"[0.29, 0.73]",0.00018392707593463002,0.024347812269131942,True
Protein disulfide-isomerase,HKR,20,39,-0.013459547551454046,"[-0.32, 0.30]",0.9334367972281469,0.9864156703215041,False
Junction plakoglobin,HKR,20,39,0.013459547551454953,"[-0.30, 0.32]",0.9334367972281469,0.9864156703215041,False
Tenascin,HKR,20,39,0.28265049858053615,"[-0.03, 0.54]",0.07335956360433964,0.6837273567758237,False
Cadherin-related family member 5,HKR,20,39,-0.1076763804116333,"[-0.40, 0.21]",0.502796810994542,0.9307504209261677,False
Kininogen-1,HKR,20,39,-0.01345954755145465,"[-0.32, 0.30]",0.9334367972281469,0.9864156703215041,False
Alpha-1-antichymotrypsin,HKR,20,39,-0.04037864265436177,"[-0.34, 0.27]",0.8020801681614891,0.9671847464778622,False
Integrin alpha-IIb,HKR,20,39,0.6460582824697988,"[0.42, 0.80]",5.0635630926305394e-06,0.001794633361356529,True
Serum amyloid P-component,HKR,20,39,-0.13459547551454162,"[-0.42, 0.18]",0.4014656367182853,0.8945961607084592,False
Inter-alpha-trypsin inhibitor heavy chain H1,HKR,20,39,-0.04037864265436262,"[-0.34, 0.27]",0.8020801681614825,0.9671847464778622,False
Probable non-functional immunoglobulin heavy variable 3-35,HKR,20,39,0.026919095102908002,"[-0.28, 0.33]",0.867318141618368,0.9710047873747903,False
Immunoglobulin kappa variable 1-5,HKR,20,39,0.1345954755145419,"[-0.18, 0.42]",0.4014656367182853,0.8945961607084592,False
Band 3 anion transport protein,HKR,20,39,0.17497411816890435,"[-0.14, 0.46]",0.2738668734799996,0.8448096775145966,False
Immunoglobulin lambda variable 7-43,HKR,20,39,-0.04037864265436252,"[-0.34, 0.27]",0.8020801681614825,0.9671847464778622,False
Peroxiredoxin-1,HKR,20,39,0.10767638041163308,"[-0.21, 0.40]",0.502796810994542,0.9307504209261677,False
Matrix metalloproteinase-9,HKR,20,39,-0.16151457061744948,"[-0.45, 0.15]",0.3130425439319434,0.860788962265991,False
Multimerin-2,HKR,20,39,0.04037864265436277,"[-0.27, 0.34]",0.8020801681614825,0.9671847464778622,False
Immunoglobulin heavy variable 1-3,HKR,20,39,0.08075728530872478,"[-0.23, 0.38]",0.6157177497878106,0.9307504209261677,False
Podocalyxin,HKR,20,39,0.296110046131991,"[-0.01, 0.55]",0.06013600656606824,0.6163711844991026,False
Immunoglobulin lambda variable 1-51,HKR,20,39,-0.02691909510290845,"[-0.33, 0.28]",0.867318141618368,0.9710047873747903,False
Cadherin-13,HKR,20,39,0.17497411816890437,"[-0.14, 0.46]",0.2738668734799996,0.8448096775145966,False
Plastin-2,HKR,20,39,0.04037864265436268,"[-0.27, 0.34]",0.8020801681614825,0.9671847464778622,False
Inter-alpha-trypsin inhibitor heavy chain H4,HKR,20,39,0.04037864265436311,"[-0.27, 0.34]",0.8020801681614825,0.9671847464778622,False
Fructose-bisphosphate aldolase B,HKR,20,39,0.2153527608232671,"[-0.10, 0.49]",0.17630663102888677,0.7970464859682194,False
Mannan-binding lectin serine protease 2,HKR,20,39,0.013459547551454662,"[-0.30, 0.32]",0.9334367972281469,0.9864156703215041,False
Platelet glycoprotein 4,HKR,20,39,0.6191391873668904,"[0.38, 0.78]",1.5927016363645433e-05,0.004290101127711533,True
Hemoglobin subunit alpha,HKR,20,39,0.17497411816890449,"[-0.14, 0.46]",0.2738668734799996,0.8448096775145966,False
Immunoglobulin lambda variable 3-10,HKR,20,39,-0.08075728530872493,"[-0.38, 0.23]",0.6157177497878106,0.9307504209261677,False
Serum paraoxonase/lactonase 3,HKR,20,39,-0.1749741181689038,"[-0.46, 0.14]",0.2738668734800028,0.8448096775145966,False
Dopamine beta-hydroxylase,HKR,20,39,0.02691909510290829,"[-0.28, 0.33]",0.867318141618368,0.9710047873747903,False
Triosephosphate isomerase,HKR,20,39,-0.16151457061744953,"[-0.45, 0.15]",0.3130425439319434,0.860788962265991,False
Endoplasmic reticulum chaperone BiP,HKR,20,39,0.17497411816890474,"[-0.14, 0.46]",0.2738668734799996,0.8448096775145966,False
Suprabasin,HKR,20,39,0.0807572853087245,"[-0.23, 0.38]",0.6157177497878106,0.9307504209261677,False
Immunoglobulin kappa variable 3-20,HKR,20,39,0.10767638041163298,"[-0.21, 0.40]",0.5027968109945461,0.9307504209261677,False
Ficolin-1,HKR,20,39,0.1615145706174501,"[-0.15, 0.45]",0.31304254393194386,0.860788962265991,False
Autotaxin,HKR,20,39,-0.026919095102908023,"[-0.33, 0.28]",0.867318141618368,0.9710047873747903,False
Histidine ammonia-lyase,HKR,20,39,0.1345954755145424,"[-0.18, 0.42]",0.4014656367182824,0.8945961607084592,False
Noelin,HKR,20,39,0.06729773775727156,"[-0.25, 0.37]",0.6759002627879678,0.9507803863239565,False
Prenylcysteine oxidase 1,HKR,20,39,0.16151457061744984,"[-0.15, 0.45]",0.31304254393194386,0.860788962265991,False
Immunoglobulin delta heavy chain,HKR,20,39,0.05383819020581644,"[-0.26, 0.36]",0.7381424373499669,0.9507803863239565,False
Antithrombin-III,HKR,20,39,-0.3230291412348994,"[-0.57, -0.02]",0.03939658461606614,0.5492683246471907,False
Complement component C7,HKR,20,39,-0.12113592796308674,"[-0.41, 0.19]",0.45058148005160836,0.9119975012526392,False
BOS complex subunit NOMO3;BOS complex subunit NOMO1;BOS complex subunit NOMO2,HKR,20,39,0.2557314034776281,"[-0.06, 0.52]",0.10657008404778001,0.7242274493625929,False
Cofilin-1,HKR,20,39,0.24227185592617428,"[-0.07, 0.51]",0.12696988548080676,0.7605654126839256,False
Histone H4,HKR,20,39,0.14805502306599552,"[-0.17, 0.44]",0.35558928425605174,0.8622752035218827,False
Serum amyloid A-1 protein,HKR,20,39,0.026919095102907947,"[-0.28, 0.33]",0.867318141618368,0.9710047873747903,False
Transferrin receptor protein 1,HKR,20,39,-0.04037864265436289,"[-0.34, 0.27]",0.8020801681614825,0.9671847464778622,False
Serpin B12,HKR,20,39,-0.013459547551454294,"[-0.32, 0.30]",0.9334367972281469,0.9864156703215041,False
Immunoglobulin kappa variable 3D-20,HKR,20,39,-0.053838190205815706,"[-0.36, 0.26]",0.7381424373499765,0.9507803863239565,False
Probable non-functional immunoglobulin heavy variable 3-16,HKR,20,39,0.013459547551453975,"[-0.30, 0.32]",0.9334367972281469,0.9864156703215041,False
Immunoglobulin lambda variable 6-57,HKR,20,39,0.22881230837472102,"[-0.08, 0.50]",0.15015773759709594,0.7607516423767026,False
Fibrinogen alpha chain,HKR,20,39,0.4845437118523487,"[0.21, 0.69]",0.001325791360291977,0.09497743638517205,False
Galectin-3-binding protein,HKR,20,39,0.053838190205817156,"[-0.26, 0.36]",0.7381424373499669,0.9507803863239565,False
Macrophage colony-stimulating factor 1 receptor,HKR,20,39,-0.21535276082326638,"[-0.49, 0.10]",0.17630663102888725,0.7970464859682194,False
Phosphatidylinositol-glycan-specific phospholipase D,HKR,20,39,0.06729773775727016,"[-0.25, 0.37]",0.6759002627879716,0.9507803863239565,False
Serotransferrin,HKR,20,39,-0.14805502306599552,"[-0.44, 0.17]",0.35558928425605174,0.8622752035218827,False
Integrin alpha-11,HKR,20,39,-0.17497411816890382,"[-0.46, 0.14]",0.2738668734800018,0.8448096775145966,False
Proprotein convertase subtilisin/kexin type 9,HKR,20,39,0.39032687899216956,"[0.09, 0.62]",0.011636215442389915,0.32947143764920506,False
Gelsolin,HKR,20,39,0.09421683286017958,"[-0.22, 0.39]",0.5579217385555044,0.9307504209261677,False
Proteoglycan 4,HKR,20,39,0.10767638041163259,"[-0.21, 0.40]",0.5027968109945461,0.9307504209261677,False
Vascular cell adhesion protein 1,HKR,20,39,-0.08075728530872413,"[-0.38, 0.23]",0.6157177497878136,0.9307504209261677,False
Adhesion G protein-coupled receptor F5,HKR,20,39,0.13459547551454198,"[-0.18, 0.42]",0.4014656367182824,0.8945961607084592,False
Insulin-like growth factor-binding protein 3,HKR,20,39,0.3095695936834454,"[0.00, 0.56]",0.048884933935760044,0.5847089611428274,False
Transthyretin,HKR,20,39,-0.14805502306599555,"[-0.44, 0.17]",0.35558928425605174,0.8622752035218827,False
Coiled-coil domain-containing protein 126,HKR,20,39,0.21535276082326613,"[-0.10, 0.49]",0.17630663102888872,0.7970464859682194,False
Guanine nucleotide-binding protein G(i) subunit alpha-2,HKR,20,39,0.7537346628814315,"[0.58, 0.86]",1.2833328174745668e-08,4.320981596436867e-05,True
Apolipoprotein C-I,HKR,20,39,0.215352760823266,"[-0.10, 0.49]",0.17630663102888872,0.7970464859682194,False
Syntenin-1,HKR,20,39,0.1345954755145424,"[-0.18, 0.42]",0.4014656367182824,0.8945961607084592,False
Phospholipid transfer protein,HKR,20,39,0.01345954755145424,"[-0.30, 0.32]",0.9334367972281469,0.9864156703215041,False
Laminin subunit beta-1,HKR,20,39,0.215352760823267,"[-0.10, 0.49]",0.17630663102888677,0.7970464859682194,False
Proline-rich protein 4,HKR,20,39,0.12113592796308709,"[-0.19, 0.41]",0.4505814800516049,0.9119975012526392,False
Immunoglobulin kappa variable 2-28;Immunoglobulin kappa variable 2D-28,HKR,20,39,0.16151457061744948,"[-0.15, 0.45]",0.3130425439319434,0.860788962265991,False
Complement C3,HKR,20,39,-0.05383819020581667,"[-0.36, 0.26]",0.7381424373499669,0.9507803863239565,False
Thyroxine-binding globulin,HKR,20,39,4.48292987779846e-17,"[-0.31, 0.31]",1.0,1.0,False
Immunoglobulin kappa variable 1D-13;Immunoglobulin kappa variable 1-13,HKR,20,39,0.17497411816890465,"[-0.14, 0.46]",0.2738668734799996,0.8448096775145966,False
Complement factor H-related protein 5,HKR,20,39,0.20189321327181287,"[-0.11, 0.48]",0.20556623878246075,0.8205034779432058,False
Immunoglobulin lambda variable 2-23,HKR,20,39,0.013459547551454376,"[-0.30, 0.32]",0.9334367972281469,0.9864156703215041,False
Coagulation factor VII,HKR,20,39,0.1211359279630881,"[-0.19, 0.41]",0.45058148005160314,0.9119975012526392,False
Immunoglobulin heavy constant gamma 4,HKR,20,39,-0.04037864265436238,"[-0.34, 0.27]",0.8020801681614825,0.9671847464778622,False
L-lactate dehydrogenase B chain,HKR,20,39,0.013459547551453961,"[-0.30, 0.32]",0.9334367972281469,0.9864156703215041,False
Zinc-alpha-2-glycoprotein,HKR,20,39,-0.13459547551454148,"[-0.42, 0.18]",0.4014656367182853,0.8945961607084592,False
"Dihydrolipoyllysine-residue succinyltransferase component of 2-oxoglutarate dehydrogenase complex, mitochondrial",HKR,20,39,-0.1615145706174496,"[-0.45, 0.15]",0.3130425439319434,0.860788962265991,False
Serpin B3,HKR,20,39,-0.1749741181689039,"[-0.46, 0.14]",0.2738668734800018,0.8448096775145966,False
Immunoglobulin heavy variable 3-33,HKR,20,39,0.14805502306599583,"[-0.17, 0.44]",0.35558928425605063,0.8622752035218827,False
Follistatin-related protein 1,HKR,20,39,-0.33648868878635313,"[-0.58, -0.03]",0.031467242613110576,0.5219221964450409,False
Cholesteryl ester transfer protein,HKR,20,39,0.09421683286017851,"[-0.22, 0.39]",0.5579217385555069,0.9307504209261677,False
Complement C1q subcomponent subunit C,HKR,20,39,0.0134595475514551,"[-0.30, 0.32]",0.9334367972281469,0.9864156703215041,False
Immunoglobulin heavy variable 4-30-2,HKR,20,39,0.06729773775727065,"[-0.25, 0.37]",0.6759002627879716,0.9507803863239565,False
Thrombospondin-4,HKR,20,39,0.2018932132718128,"[-0.11, 0.48]",0.20556623878246075,0.8205034779432058,False
Transketolase,HKR,20,39,0.336488688786353,"[0.03, 0.58]",0.031467242613110576,0.5219221964450409,False
Complement receptor type 2,HKR,20,39,-0.06729773775727001,"[-0.37, 0.25]",0.6759002627879716,0.9507803863239565,False
Immunoglobulin kappa variable 2-40;Immunoglobulin kappa variable 2D-40,HKR,20,39,0.2018932132718118,"[-0.11, 0.48]",0.20556623878246263,0.8205034779432058,False
Immunoglobulin kappa variable 3D-7,HKR,20,39,0.09421683286017894,"[-0.22, 0.39]",0.5579217385555069,0.9307504209261677,False
Immunoglobulin heavy variable 3-64,HKR,20,39,-0.2691909510290829,"[-0.53, 0.04]",0.08876762105830731,0.7049070285455697,False
Vitronectin,HKR,20,39,0.10767638041163295,"[-0.21, 0.40]",0.5027968109945461,0.9307504209261677,False
Complement component C8 gamma chain,HKR,20,39,-0.08075728530872514,"[-0.38, 0.23]",0.6157177497878106,0.9307504209261677,False
Immunoglobulin heavy variable 5-51,HKR,20,39,-0.13459547551454157,"[-0.42, 0.18]",0.4014656367182853,0.8945961607084592,False
Coagulation factor V,HKR,20,39,0.09421683286017937,"[-0.22, 0.39]",0.5579217385555044,0.9307504209261677,False
Protein S100-A7,HKR,20,39,-0.09421683286017894,"[-0.39, 0.22]",0.5579217385555069,0.9307504209261677,False
Arginase-1,HKR,20,39,-0.013459547551454268,"[-0.32, 0.30]",0.9334367972281469,0.9864156703215041,False
Protein-glutamine gamma-glutamyltransferase K,HKR,20,39,0.026919095102908314,"[-0.28, 0.33]",0.867318141618368,0.9710047873747903,False
Immunoglobulin kappa variable 4-1,HKR,20,39,0.10767638041163385,"[-0.21, 0.40]",0.502796810994542,0.9307504209261677,False
Coagulation factor XIII B chain,HKR,20,39,-0.30956959368344455,"[-0.56, -0.00]",0.0488849339357606,0.5847089611428274,False
Apolipoprotein C-II,HKR,20,39,0.3903268789921696,"[0.09, 0.62]",0.011636215442389884,0.32947143764920506,False
Bone marrow proteoglycan,HKR,20,39,0.14805502306599558,"[-0.17, 0.44]",0.35558928425605174,0.8622752035218827,False
Apolipoprotein A-I,HKR,20,39,-0.12113592796308732,"[-0.41, 0.19]",0.4505814800516049,0.9119975012526392,False
Coagulation factor X,HKR,20,39,0.17497411816890435,"[-0.14, 0.46]",0.2738668734799996,0.8448096775145966,False
Thioredoxin,HKR,20,39,-0.05383819020581599,"[-0.36, 0.26]",0.7381424373499765,0.9507803863239565,False
Immunoglobulin heavy variable 3-15,HKR,20,39,0.08075728530872567,"[-0.23, 0.38]",0.6157177497878046,0.9307504209261677,False
Proteasome subunit beta type-2,HKR,20,39,0.08075728530872464,"[-0.23, 0.38]",0.6157177497878106,0.9307504209261677,False
Apolipoprotein A-II,HKR,20,39,-0.26919095102908286,"[-0.53, 0.04]",0.08876762105830731,0.7049070285455697,False
Immunoglobulin heavy constant gamma 2,HKR,20,39,-0.29611004613199143,"[-0.55, 0.01]",0.06013600656606775,0.6163711844991026,False
Plakophilin-1,HKR,20,39,0.06729773775727166,"[-0.25, 0.37]",0.6759002627879678,0.9507803863239565,False
Fetuin-B,HKR,20,39,0.08075728530872457,"[-0.23, 0.38]",0.6157177497878106,0.9307504209261677,False
Complement factor H-related protein 3,HKR,20,39,0.06729773775727044,"[-0.25, 0.37]",0.6759002627879716,0.9507803863239565,False
Plasminogen,HKR,20,39,-0.08075728530872486,"[-0.38, 0.23]",0.6157177497878106,0.9307504209261677,False
Fermitin family homolog 3,HKR,20,39,0.6595178300212526,"[0.44, 0.80]",2.7354719166202607e-06,0.0013941655042815128,True
Immunoglobulin heavy variable 3-21,HKR,20,39,0.17497411816890404,"[-0.14, 0.46]",0.2738668734800018,0.8448096775145966,False
Immunoglobulin heavy variable 2-26,HKR,20,39,-0.12113592796308739,"[-0.41, 0.19]",0.4505814800516049,0.9119975012526392,False
Immunoglobulin kappa variable 1-12;Immunoglobulin kappa variable 1D-12,HKR,20,39,0.3095695936834458,"[0.00, 0.56]",0.048884933935759774,0.5847089611428274,False
Immunoglobulin heavy constant gamma 3,HKR,20,39,0.10767638041163273,"[-0.21, 0.40]",0.5027968109945461,0.9307504209261677,False
Immunoglobulin kappa variable 2D-29,HKR,20,39,-0.09421683286017853,"[-0.39, 0.22]",0.5579217385555069,0.9307504209261677,False
Neogenin,HKR,20,39,0.21535276082326588,"[-0.10, 0.49]",0.17630663102888872,0.7970464859682194,False
Immunoglobulin heavy variable 6-1,HKR,20,39,-0.0807572853087253,"[-0.38, 0.23]",0.6157177497878106,0.9307504209261677,False
L-selectin,HKR,20,39,0.08075728530872478,"[-0.23, 0.38]",0.6157177497878106,0.9307504209261677,False
Immunoglobulin lambda constant 3,HKR,20,39,-0.05383819020581618,"[-0.36, 0.26]",0.7381424373499765,0.9507803863239565,False
A disintegrin and metalloproteinase with thrombospondin motifs 13,HKR,20,39,-0.13459547551454074,"[-0.42, 0.18]",0.4014656367182883,0.8945961607084592,False
von Willebrand factor,HKR,20,39,-0.3903268789921692,"[-0.62, -0.09]",0.011636215442390017,0.32947143764920506,False
Neutral alpha-glucosidase AB,HKR,20,39,0.24227185592617484,"[-0.07, 0.51]",0.12696988548080568,0.7605654126839256,False
Carbonic anhydrase 1,HKR,20,39,0.32302914123489995,"[0.02, 0.57]",0.0393965846160658,0.5492683246471907,False
Immunoglobulin lambda variable 4-60,HKR,20,39,-0.05383819020581658,"[-0.36, 0.26]",0.7381424373499669,0.9507803863239565,False
Integrin beta-1,HKR,20,39,0.20189321327181187,"[-0.11, 0.48]",0.20556623878246263,0.8205034779432058,False
Immunoglobulin lambda variable 3-12,HKR,20,39,-0.05383819020581719,"[-0.36, 0.26]",0.7381424373499669,0.9507803863239565,False
Alpha-amylase 1B;Alpha-amylase 1C;Alpha-amylase 1A,HKR,20,39,0.04037864265436174,"[-0.27, 0.34]",0.8020801681614891,0.9671847464778622,False
Lumican,HKR,20,39,0.121135927963088,"[-0.19, 0.41]",0.45058148005160314,0.9119975012526392,False
Beta-Ala-His dipeptidase,HKR,20,39,-0.06729773775727109,"[-0.37, 0.25]",0.6759002627879678,0.9507803863239565,False
Immunoglobulin alpha-2 heavy chain,HKR,20,39,0.09421683286017864,"[-0.22, 0.39]",0.5579217385555069,0.9307504209261677,False
Complement C5,HKR,20,39,4.184067885945229e-16,"[-0.31, 0.31]",1.0,1.0,False
Protein S100-A8,HKR,20,39,0.053838190205817475,"[-0.26, 0.36]",0.7381424373499669,0.9507803863239565,False
Immunoglobulin lambda variable 3-25,HKR,20,39,0.2153527608232658,"[-0.10, 0.49]",0.17630663102888872,0.7970464859682194,False
Leukocyte immunoglobulin-like receptor subfamily B member 3;Leukocyte immunoglobulin-like receptor subfamily A member 6,HKR,20,39,-0.2557314034776277,"[-0.52, 0.06]",0.10657008404778093,0.7242274493625929,False
Collagen alpha-3(VI) chain,HKR,20,39,-0.04037864265436245,"[-0.34, 0.27]",0.8020801681614825,0.9671847464778622,False
Immunoglobulin kappa variable 1-39;Immunoglobulin kappa variable 1D-39,HKR,20,39,-0.06729773775727085,"[-0.37, 0.25]",0.6759002627879716,0.9507803863239565,False
Bleomycin hydrolase,HKR,20,39,-0.09421683286017914,"[-0.39, 0.22]",0.5579217385555044,0.9307504209261677,False
CD166 antigen,HKR,20,39,-0.09421683286017854,"[-0.39, 0.22]",0.5579217385555069,0.9307504209261677,False
Beta-2-microglobulin,HKR,20,39,-0.04037864265436219,"[-0.34, 0.27]",0.8020801681614891,0.9671847464778622,False
Amino acid transporter heavy chain SLC3A2,HKR,20,39,-0.1480550230659959,"[-0.44, 0.17]",0.35558928425605063,0.8622752035218827,False
Haptoglobin-related protein,HKR,20,39,0.026919095102908668,"[-0.28, 0.33]",0.867318141618368,0.9710047873747903,False
Alpha-1-acid glycoprotein 1,HKR,20,39,-0.2153527608232656,"[-0.49, 0.10]",0.17630663102888938,0.7970464859682194,False
Serum paraoxonase/arylesterase 1,HKR,20,39,0.21535276082326607,"[-0.10, 0.49]",0.17630663102888872,0.7970464859682194,False
Target of Nesh-SH3,HKR,20,39,-0.20189321327181226,"[-0.48, 0.11]",0.20556623878246244,0.8205034779432058,False
Intercellular adhesion molecule 1,HKR,20,39,0.08075728530872474,"[-0.23, 0.38]",0.6157177497878106,0.9307504209261677,False
Complement C4-A,HKR,20,39,0.09421683286017844,"[-0.22, 0.39]",0.5579217385555069,0.9307504209261677,False
Coagulation factor XIII A chain,HKR,20,39,-0.24227185592617395,"[-0.51, 0.07]",0.12696988548080712,0.7605654126839256,False
Immunoglobulin mu heavy chain,HKR,20,39,0.13459547551454104,"[-0.18, 0.42]",0.4014656367182883,0.8945961607084592,False
Oncoprotein-induced transcript 3 protein,HKR,20,39,0.08075728530872438,"[-0.23, 0.38]",0.6157177497878106,0.9307504209261677,False
Peroxiredoxin-2,HKR,20,39,0.2961100461319907,"[-0.01, 0.55]",0.06013600656606858,0.6163711844991026,False
Tissue factor pathway inhibitor,HKR,20,39,0.10767638041163276,"[-0.21, 0.40]",0.5027968109945461,0.9307504209261677,False
Progranulin,HKR,20,39,0.0538381902058169,"[-0.26, 0.36]",0.7381424373499669,0.9507803863239565,False
Histone H2B type 1-K;Histone H2B type F-S,HKR,20,39,-7.770411788183993e-16,"[-0.31, 0.31]",1.0,1.0,False
Hemoglobin subunit delta,HKR,20,39,0.1884336657203588,"[-0.13, 0.47]",0.2380574004177123,0.8448096775145966,False
Glutathione S-transferase P,HKR,20,39,0.10767638041163298,"[-0.21, 0.40]",0.5027968109945461,0.9307504209261677,False
Annexin A6,HKR,20,39,0.013459547551453725,"[-0.30, 0.32]",0.9334367972281469,0.9864156703215041,False
Complement factor H-related protein 1,HKR,20,39,0.1076763804116327,"[-0.21, 0.40]",0.5027968109945461,0.9307504209261677,False
Protein KPLCE,HKR,20,39,-0.08075728530872509,"[-0.38, 0.23]",0.6157177497878106,0.9307504209261677,False
Immunoglobulin heavy variable 4-4,HKR,20,39,1.1057893698569538e-15,"[-0.31, 0.31]",1.0,1.0,False
Alpha-1B-glycoprotein,HKR,20,39,-0.013459547551454266,"[-0.32, 0.30]",0.9334367972281469,0.9864156703215041,False
Properdin,HKR,20,39,-0.10767638041163272,"[-0.40, 0.21]",0.5027968109945461,0.9307504209261677,False
Immunoglobulin heavy variable 3-53,HKR,20,39,-0.026919095102908533,"[-0.33, 0.28]",0.867318141618368,0.9710047873747903,False
Calmodulin-like protein 5,HKR,20,39,0.05383819020581641,"[-0.26, 0.36]",0.7381424373499669,0.9507803863239565,False
Carboxypeptidase B2,HKR,20,39,-0.13459547551454062,"[-0.42, 0.18]",0.40146563671828983,0.8945961607084592,False
"Sushi, nidogen and EGF-like domain-containing protein 1",HKR,20,39,0.29611004613199093,"[-0.01, 0.55]",0.06013600656606824,0.6163711844991026,False
Proteasome subunit alpha type-5,HKR,20,39,0.34994823633780725,"[0.05, 0.59]",0.024902400470569065,0.45322368856435696,False
Bifunctional heparan sulfate N-deacetylase/N-sulfotransferase 4,HKR,20,39,-0.2018932132718111,"[-0.48, 0.11]",0.20556623878246488,0.8205034779432058,False
Immunoglobulin heavy variable 3-9,HKR,20,39,-0.02691909510290774,"[-0.33, 0.28]",0.867318141618368,0.9710047873747903,False
Neural cell adhesion molecule L1-like protein,HKR,20,39,0.2018932132718128,"[-0.11, 0.48]",0.20556623878246075,0.8205034779432058,False
Proteasome subunit alpha type-2,HKR,20,39,0.40378642654362384,"[0.11, 0.63]",0.008843077024700396,0.3066711211611223,False
Intercellular adhesion molecule 3,HKR,20,39,-0.04037864265436175,"[-0.34, 0.27]",0.8020801681614891,0.9671847464778622,False
Receptor-type tyrosine-protein phosphatase eta,HKR,20,39,-0.4441650691979857,"[-0.66, -0.16]",0.0036240427739415884,0.18249527997130965,False
ADAMTS-like protein 4,HKR,20,39,0.14805502306599613,"[-0.17, 0.44]",0.35558928425605063,0.8622752035218827,False
Immunoglobulin lambda variable 3-21,HKR,20,39,0.04037864265436206,"[-0.27, 0.34]",0.8020801681614891,0.9671847464778622,False
Cartilage oligomeric matrix protein,HKR,20,39,0.4037864265436239,"[0.11, 0.63]",0.008843077024700396,0.3066711211611223,False
Neural cell adhesion molecule 1,HKR,20,39,0.026919095102908967,"[-0.28, 0.33]",0.867318141618368,0.9710047873747903,False
Immunoglobulin lambda variable 2-11,HKR,20,39,0.013459547551454953,"[-0.30, 0.32]",0.9334367972281469,0.9864156703215041,False
Immunoglobulin kappa variable 1D-33;Immunoglobulin kappa variable 1-33,HKR,20,39,0.1480550230659953,"[-0.17, 0.44]",0.35558928425605174,0.8622752035218827,False
Beta-2-glycoprotein 1,HKR,20,39,-0.24227185592617403,"[-0.51, 0.07]",0.12696988548080712,0.7605654126839256,False
Vitamin D-binding protein,HKR,20,39,-0.14805502306599563,"[-0.44, 0.17]",0.35558928425605174,0.8622752035218827,False
Filamin-A,HKR,20,39,0.6729773775727069,"[0.46, 0.81]",1.431996397845689e-06,0.0008766421584629882,True
Reelin,HKR,20,39,0.01345954755145386,"[-0.30, 0.32]",0.9334367972281469,0.9864156703215041,False
Immunoglobulin lambda variable 5-39,HKR,20,39,0.013459547551453756,"[-0.30, 0.32]",0.9334367972281469,0.9864156703215041,False
Fatty acid-binding protein 5,HKR,20,39,-0.21535276082326557,"[-0.49, 0.10]",0.17630663102888938,0.7970464859682194,False
"HLA class I histocompatibility antigen, A alpha chain",HKR,20,39,0.4037864265436237,"[0.11, 0.63]",0.00884307702470042,0.3066711211611223,False
Low affinity immunoglobulin gamma Fc region receptor III-A,HKR,20,39,0.0807572853087249,"[-0.23, 0.38]",0.6157177497878106,0.9307504209261677,False
Heat shock 70 kDa protein 1A;Heat shock 70 kDa protein 1B,HKR,20,39,4.0346368900186133e-16,"[-0.31, 0.31]",1.0,1.0,False
Apolipoprotein D,HKR,20,39,0.2691909510290826,"[-0.04, 0.53]",0.08876762105830731,0.7049070285455697,False
Plexin-B1,HKR,20,39,0.16151457061745042,"[-0.15, 0.45]",0.3130425439319413,0.860788962265991,False
Immunoglobulin heavy variable 1-58,HKR,20,39,-0.17497411816890318,"[-0.46, 0.14]",0.2738668734800066,0.8448096775145966,False
Apolipoprotein C-IV,HKR,20,39,0.47108416430089506,"[0.19, 0.68]",0.0018790404936538,0.1193722517383461,False
Monocyte differentiation antigen CD14,HKR,20,39,-0.17497411816890296,"[-0.46, 0.14]",0.2738668734800066,0.8448096775145966,False
Protein MENT,HKR,20,39,-0.09421683286017832,"[-0.39, 0.22]",0.5579217385555069,0.9307504209261677,False
Immunoglobulin epsilon heavy chain,HKR,20,39,-0.3230291412348987,"[-0.57, -0.02]",0.03939658461606658,0.5492683246471907,False
Complement factor H,HKR,20,39,-0.040378642654361814,"[-0.34, 0.27]",0.8020801681614891,0.9671847464778622,False
Stabilin-1,HKR,20,39,0.25573140347762846,"[-0.06, 0.52]",0.10657008404777972,0.7242274493625929,False
Macrophage receptor MARCO,HKR,20,39,0.08075728530872478,"[-0.23, 0.38]",0.6157177497878106,0.9307504209261677,False
Protein POF1B,HKR,20,39,0.08075728530872471,"[-0.23, 0.38]",0.6157177497878106,0.9307504209261677,False
Phosphatidylcholine-sterol acyltransferase,HKR,20,39,0.1615145706174501,"[-0.15, 0.45]",0.31304254393194386,0.860788962265991,False
Clusterin,HKR,20,39,0.3230291412348991,"[0.02, 0.57]",0.039396584616066266,0.5492683246471907,False
Platelet-activating factor acetylhydrolase,HKR,20,39,0.053838190205816365,"[-0.26, 0.36]",0.7381424373499669,0.9507803863239565,False
Vasorin,HKR,20,39,0.10767638041163291,"[-0.21, 0.40]",0.5027968109945461,0.9307504209261677,False
Myeloperoxidase,HKR,20,39,0.1480550230659952,"[-0.17, 0.44]",0.35558928425605174,0.8622752035218827,False
Immunoglobulin lambda variable 5-52,HKR,20,39,0.053838190205817114,"[-0.26, 0.36]",0.7381424373499669,0.9507803863239565,False
Carboxypeptidase N catalytic chain,HKR,20,39,0.12113592796308721,"[-0.19, 0.41]",0.4505814800516049,0.9119975012526392,False
Fibrinogen gamma chain,HKR,20,39,0.02691909510290796,"[-0.28, 0.33]",0.867318141618368,0.9710047873747903,False
Soluble scavenger receptor cysteine-rich domain-containing protein SSC5D,HKR,20,39,0.1749741181689033,"[-0.14, 0.46]",0.2738668734800066,0.8448096775145966,False
Tetranectin,HKR,20,39,-0.2961100461319913,"[-0.55, 0.01]",0.06013600656606807,0.6163711844991026,False
Apolipoprotein(a),HKR,20,39,0.10767638041163376,"[-0.21, 0.40]",0.502796810994542,0.9307504209261677,False
Alpha-2-antiplasmin,HKR,20,39,-0.04037864265436294,"[-0.34, 0.27]",0.8020801681614825,0.9671847464778622,False
Retroviral-like aspartic protease 1,HKR,20,39,-0.04037864265436244,"[-0.34, 0.27]",0.8020801681614825,0.9671847464778622,False
Ficolin-3,HKR,20,39,0.06729773775727145,"[-0.25, 0.37]",0.6759002627879678,0.9507803863239565,False
Immunoglobulin kappa variable 2-24,HKR,20,39,0.12113592796308705,"[-0.19, 0.41]",0.4505814800516049,0.9119975012526392,False
Immunoglobulin superfamily containing leucine-rich repeat protein,HKR,20,39,0.39032687899216983,"[0.09, 0.62]",0.011636215442389852,0.32947143764920506,False
Complement factor D,HKR,20,39,-0.040378642654361814,"[-0.34, 0.27]",0.8020801681614891,0.9671847464778622,False
Vitamin K-dependent protein Z,HKR,20,39,0.08075728530872434,"[-0.23, 0.38]",0.6157177497878136,0.9307504209261677,False
EGF-containing fibulin-like extracellular matrix protein 1,HKR,20,39,-0.10767638041163256,"[-0.40, 0.21]",0.5027968109945461,0.9307504209261677,False
Dipeptidase 2,HKR,20,39,0.026919095102908387,"[-0.28, 0.33]",0.867318141618368,0.9710047873747903,False
Myeloblastin,HKR,20,39,-0.013459547551455056,"[-0.32, 0.30]",0.9334367972281469,0.9864156703215041,False
Neurogenic locus notch homolog protein 1,HKR,20,39,0.10767638041163301,"[-0.21, 0.40]",0.5027968109945461,0.9307504209261677,False
Vitamin K-dependent protein S,HKR,20,39,0.1884336657203586,"[-0.13, 0.47]",0.2380574004177123,0.8448096775145966,False
Dermcidin,HKR,20,39,0.08075728530872542,"[-0.23, 0.38]",0.6157177497878106,0.9307504209261677,False
Immunoglobulin heavy variable 3-73,HKR,20,39,0.24227185592617473,"[-0.07, 0.51]",0.12696988548080604,0.7605654126839256,False
Alpha-2-macroglobulin,HKR,20,39,0.040378642654362404,"[-0.27, 0.34]",0.8020801681614825,0.9671847464778622,False
Cation-independent mannose-6-phosphate receptor,HKR,20,39,-0.040378642654362085,"[-0.34, 0.27]",0.8020801681614891,0.9671847464778622,False
Chromodomain-helicase-DNA-binding protein 1;Chromodomain-helicase-DNA-binding protein 2;Chromodomain-helicase-DNA-binding protein 9;Chromodomain-helicase-DNA-binding protein 6;Chromodomain-helicase-DNA-binding protein 8;Chromodomain-helicase-DNA-binding protein 7,HKR,20,39,-0.2961100461319911,"[-0.55, 0.01]",0.06013600656606824,0.6163711844991026,False
Ceruloplasmin,HKR,20,39,0.026919095102907877,"[-0.28, 0.33]",0.867318141618368,0.9710047873747903,False
Prostaglandin-H2 D-isomerase,HKR,20,39,-0.32302914123489895,"[-0.57, -0.02]",0.03939658461606647,0.5492683246471907,False
Protein S100-A9,HKR,20,39,0.09421683286017989,"[-0.22, 0.39]",0.5579217385555044,0.9307504209261677,False
Immunoglobulin J chain,HKR,20,39,-0.05383819020581574,"[-0.36, 0.26]",0.7381424373499765,0.9507803863239565,False
Probable non-functional immunoglobulin kappa variable 3-7,MCV,20,39,-0.17516226243634167,"[-0.46, 0.14]",0.2733431760408897,0.8448096775145966,False
Apolipoprotein A-IV,MCV,20,39,-0.13623731522826615,"[-0.43, 0.18]",0.3956937373521606,0.8942566210002417,False
Coagulation factor XII,MCV,20,39,-0.1946247360403816,"[-0.47, 0.12]",0.22270450260215552,0.8448096775145966,False
Mannan-binding lectin serine protease 1,MCV,20,39,0.058387420812113434,"[-0.25, 0.36]",0.7168964572943446,0.9507803863239565,False
Complement factor I,MCV,20,39,-0.2530121568524936,"[-0.52, 0.06]",0.11047574162655377,0.7242274493625929,False
Platelet glycoprotein Ib alpha chain,MCV,20,39,-0.03892494720807502,"[-0.34, 0.27]",0.8090708349322044,0.9671847464778622,False
Hepatocyte growth factor-like protein,MCV,20,39,-0.2140872096444174,"[-0.49, 0.10]",0.17892320231997694,0.7970464859682194,False
Profilin-1,MCV,20,39,0.4476368928928754,"[0.16, 0.66]",0.0033394305284057974,0.1725494562563269,False
Peptidase inhibitor 16,MCV,20,39,0.038924947208075655,"[-0.27, 0.34]",0.8090708349322044,0.9671847464778622,False
Cell surface glycoprotein MUC18,MCV,20,39,0.1946247360403804,"[-0.12, 0.47]",0.22270450260215943,0.8448096775145966,False
Adhesion G-protein coupled receptor G6,MCV,20,39,0.19462473604038016,"[-0.12, 0.47]",0.22270450260215943,0.8448096775145966,False
Immunoglobulin heavy variable 1-69,MCV,20,39,-0.1946247360403797,"[-0.47, 0.12]",0.22270450260216068,0.8448096775145966,False
Insulin-like growth factor-binding protein complex acid labile subunit,MCV,20,39,0.038924947208077154,"[-0.27, 0.34]",0.8090708349321976,0.9671847464778622,False
Plasma serine protease inhibitor,MCV,20,39,-0.3113995776646091,"[-0.56, -0.00]",0.04749595107591157,0.5721605269144762,False
Immunoglobulin heavy variable 1-69D,MCV,20,39,-0.31139957766460974,"[-0.56, -0.00]",0.04749595107591116,0.5721605269144762,False
Pancreatic adenocarcinoma up-regulated factor,MCV,20,39,0.27247463045653386,"[-0.04, 0.54]",0.0847956981611428,0.6896307142719182,False
Immunoglobulin heavy variable 3-64D,MCV,20,39,-0.19462473604038183,"[-0.47, 0.12]",0.22270450260215488,0.8448096775145966,False
Neutrophil gelatinase-associated lipocalin,MCV,20,39,-0.13623731522826704,"[-0.43, 0.18]",0.39569373735215774,0.8942566210002417,False
Lysosome-associated membrane glycoprotein 2,MCV,20,39,-0.07784989441615163,"[-0.38, 0.24]",0.6285262725136687,0.9307504209261677,False
Corneodesmosin,MCV,20,39,0.09731236802019017,"[-0.22, 0.39]",0.5449977263108539,0.9307504209261677,False
Collagen alpha-1(XVIII) chain,MCV,20,39,0.17516226243634372,"[-0.14, 0.46]",0.27334317604088454,0.8448096775145966,False
Lipopolysaccharide-binding protein,MCV,20,39,-0.17516226243634356,"[-0.46, 0.14]",0.27334317604088565,0.8448096775145966,False
Immunoglobulin heavy variable 3-49,MCV,20,39,-0.13623731522826654,"[-0.43, 0.18]",0.39569373735215774,0.8942566210002417,False
SPARC-like protein 1,MCV,20,39,0.19462473604038016,"[-0.12, 0.47]",0.22270450260215943,0.8448096775145966,False
Ras-associated and pleckstrin homology domains-containing protein 1,MCV,20,39,0.13623731522826688,"[-0.18, 0.43]",0.39569373735215774,0.8942566210002417,False
Alpha-1-acid glycoprotein 2,MCV,20,39,-0.3113995776646083,"[-0.56, -0.00]",0.04749595107591211,0.5721605269144762,False
Immunoglobulin heavy variable 3-20,MCV,20,39,-0.11677484162422896,"[-0.41, 0.20]",0.467168731037519,0.9307504209261677,False
Neurogenic locus notch homolog protein 2,MCV,20,39,-0.0973123680201909,"[-0.39, 0.22]",0.5449977263108492,0.9307504209261677,False
Apolipoprotein B-100,MCV,20,39,-0.019462473604037314,"[-0.33, 0.29]",0.9038668552607364,0.9864156703215041,False
CD44 antigen,MCV,20,39,-0.13623731522826715,"[-0.43, 0.18]",0.3956937373521563,0.8942566210002417,False
Pigment epithelium-derived factor,MCV,20,39,-0.05838742081211327,"[-0.36, 0.25]",0.7168964572943446,0.9507803863239565,False
Xaa-Pro dipeptidase,MCV,20,39,-0.09731236802018976,"[-0.39, 0.22]",0.5449977263108539,0.9307504209261677,False
Immunoglobulin heavy constant delta,MCV,20,39,0.0973123680201912,"[-0.22, 0.39]",0.5449977263108492,0.9307504209261677,False
Probable non-functional immunoglobulin heavy variable 3-38-3,MCV,20,39,-0.1362373152282654,"[-0.43, 0.18]",0.39569373735216196,0.8942566210002417,False
Immunoglobulin lambda constant 7,MCV,20,39,0.116774841624228,"[-0.20, 0.41]",0.46716873103752266,0.9307504209261677,False
Receptor-type tyrosine-protein phosphatase gamma,MCV,20,39,-0.019462473604037474,"[-0.33, 0.29]",0.9038668552607364,0.9864156703215041,False
Afamin,MCV,20,39,-0.21408720964441946,"[-0.49, 0.10]",0.1789232023199724,0.7970464859682194,False
Pyruvate kinase PKLR,MCV,20,39,0.2530121568524958,"[-0.06, 0.52]",0.11047574162655062,0.7242274493625929,False
Insulin-like growth factor 2,MCV,20,39,-0.2530121568524952,"[-0.52, 0.06]",0.11047574162655156,0.7242274493625929,False
CD109 antigen,MCV,20,39,-0.19462473604037978,"[-0.47, 0.12]",0.22270450260216068,0.8448096775145966,False
ADP-ribosyl cyclase/cyclic ADP-ribose hydrolase 2,MCV,20,39,-0.25301215685249545,"[-0.52, 0.06]",0.11047574162655156,0.7242274493625929,False
Dedicator of cytokinesis protein 4,MCV,20,39,0.058387420812114,"[-0.25, 0.36]",0.7168964572943402,0.9507803863239565,False
Complement factor H-related protein 2,MCV,20,39,-0.03892494720807591,"[-0.34, 0.27]",0.8090708349322044,0.9671847464778622,False
Selenoprotein P,MCV,20,39,-0.05838742081211337,"[-0.36, 0.25]",0.7168964572943446,0.9507803863239565,False
Adipocyte plasma membrane-associated protein,MCV,20,39,-0.07784989441615256,"[-0.38, 0.24]",0.6285262725136624,0.9307504209261677,False
Immunoglobulin heavy constant alpha 2,MCV,20,39,-0.13623731522826693,"[-0.43, 0.18]",0.39569373735215774,0.8942566210002417,False
Lactotransferrin,MCV,20,39,0.05838742081211398,"[-0.25, 0.36]",0.7168964572943402,0.9507803863239565,False
Alpha-enolase,MCV,20,39,0.35032452487268506,"[0.05, 0.59]",0.02473666798737747,0.45322368856435696,False
Immunoglobulin heavy constant gamma 1,MCV,20,39,-0.25301215685249523,"[-0.52, 0.06]",0.11047574162655156,0.7242274493625929,False
Collectin-10,MCV,20,39,0.25301215685249423,"[-0.06, 0.52]",0.11047574162655283,0.7242274493625929,False
Lysosome-associated membrane glycoprotein 1,MCV,20,39,0.09731236802019018,"[-0.22, 0.39]",0.5449977263108539,0.9307504209261677,False
Cathelicidin antimicrobial peptide,MCV,20,39,0.1556997888323053,"[-0.16, 0.44]",0.33101128797057067,0.860788962265991,False
Fibroblast growth factor-binding protein 2,MCV,20,39,0.19462473604038155,"[-0.12, 0.47]",0.22270450260215552,0.8448096775145966,False
Lymphatic vessel endothelial hyaluronic acid receptor 1,MCV,20,39,-0.13623731522826674,"[-0.43, 0.18]",0.39569373735215774,0.8942566210002417,False
Haptoglobin,MCV,20,39,0.25301215685249484,"[-0.06, 0.52]",0.11047574162655219,0.7242274493625929,False
Tenascin-X,MCV,20,39,-0.17516226243634203,"[-0.46, 0.14]",0.2733431760408897,0.8448096775145966,False
Zinc finger protein 512B,MCV,20,39,0.07784989441615149,"[-0.24, 0.38]",0.6285262725136687,0.9307504209261677,False
Immunoglobulin lambda variable 3-19,MCV,20,39,-0.07784989441615146,"[-0.38, 0.24]",0.6285262725136687,0.9307504209261677,False
Complement C1q subcomponent subunit B,MCV,20,39,0.19462473604038152,"[-0.12, 0.47]",0.22270450260215552,0.8448096775145966,False
Ubiquitin-ribosomal protein eS31 fusion protein,MCV,20,39,0.2335496832484559,"[-0.08, 0.50]",0.14166704294689872,0.7607516423767026,False
Kinesin-like protein KIF21A,MCV,20,39,0.019462473604038046,"[-0.29, 0.33]",0.9038668552607364,0.9864156703215041,False
Attractin,MCV,20,39,-0.07784989441615141,"[-0.38, 0.24]",0.6285262725136687,0.9307504209261677,False
Immunoglobulin lambda variable 1-44,MCV,20,39,8.102882366760912e-16,"[-0.31, 0.31]",1.0,1.0,False
Immunoglobulin heavy variable 1-46,MCV,20,39,-0.13623731522826615,"[-0.43, 0.18]",0.3956937373521606,0.8942566210002417,False
Fibulin-1,MCV,20,39,-0.019462473604038303,"[-0.33, 0.29]",0.9038668552607364,0.9864156703215041,False
Secreted phosphoprotein 24,MCV,20,39,-0.1946247360403815,"[-0.47, 0.12]",0.22270450260215552,0.8448096775145966,False
Scavenger receptor class B member 1,MCV,20,39,-0.07784989441615199,"[-0.38, 0.24]",0.6285262725136687,0.9307504209261677,False
Immunoglobulin lambda variable 2-18,MCV,20,39,-5.834075304067854e-16,"[-0.31, 0.31]",1.0,1.0,False
Collagen alpha-2(VI) chain,MCV,20,39,-0.13623731522826535,"[-0.43, 0.18]",0.39569373735216196,0.8942566210002417,False
Adiponectin,MCV,20,39,-0.09731236802019158,"[-0.39, 0.22]",0.5449977263108468,0.9307504209261677,False
Nidogen-1,MCV,20,39,0.1362373152282673,"[-0.18, 0.43]",0.3956937373521563,0.8942566210002417,False
Alpha-1-antitrypsin,MCV,20,39,-0.2335496832484574,"[-0.50, 0.08]",0.1416670429468962,0.7607516423767026,False
"Sushi, von Willebrand factor type A, EGF and pentraxin domain-containing protein 1",MCV,20,39,0.175162262436343,"[-0.14, 0.46]",0.2733431760408862,0.8448096775145966,False
Complement C1s subcomponent,MCV,20,39,0.15569978883230493,"[-0.16, 0.44]",0.33101128797057067,0.860788962265991,False
Alpha-actinin-4,MCV,20,39,-0.07784989441615134,"[-0.38, 0.24]",0.6285262725136687,0.9307504209261677,False
Complement component C1q receptor,MCV,20,39,0.19462473604038028,"[-0.12, 0.47]",0.22270450260215943,0.8448096775145966,False
Inter-alpha-trypsin inhibitor heavy chain H3,MCV,20,39,-0.13623731522826565,"[-0.43, 0.18]",0.39569373735216196,0.8942566210002417,False
Immunoglobulin kappa variable 1D-8,MCV,20,39,-0.17516226243634334,"[-0.46, 0.14]",0.27334317604088565,0.8448096775145966,False
Low-density lipoprotein receptor,MCV,20,39,0.17516226243634353,"[-0.14, 0.46]",0.27334317604088565,0.8448096775145966,False
Prolactin-inducible protein,MCV,20,39,0.23354968324845626,"[-0.08, 0.50]",0.14166704294689786,0.7607516423767026,False
Hyaluronan-binding protein 2,MCV,20,39,0.01946247360403796,"[-0.29, 0.33]",0.9038668552607364,0.9864156703215041,False
N-acetylmuramoyl-L-alanine amidase,MCV,20,39,-0.19462473604038127,"[-0.47, 0.12]",0.22270450260215627,0.8448096775145966,False
Serpin A11,MCV,20,39,-0.0973123680201898,"[-0.39, 0.22]",0.5449977263108539,0.9307504209261677,False
C4b-binding protein alpha chain,MCV,20,39,0.19462473604038028,"[-0.12, 0.47]",0.22270450260215943,0.8448096775145966,False
Inter-alpha-trypsin inhibitor heavy chain H2,MCV,20,39,-0.07784989441615307,"[-0.38, 0.24]",0.6285262725136624,0.9307504209261677,False
Fibrillin-1,MCV,20,39,-0.0778498944161519,"[-0.38, 0.24]",0.6285262725136687,0.9307504209261677,False
Golgi-associated RAB2 interactor protein 1B,MCV,20,39,0.11677484162422763,"[-0.20, 0.41]",0.46716873103752454,0.9307504209261677,False
Neurogenic locus notch homolog protein 3,MCV,20,39,-0.03892494720807598,"[-0.34, 0.27]",0.8090708349322044,0.9671847464778622,False
Immunoglobulin heavy constant alpha 1,MCV,20,39,-0.2724746304565339,"[-0.54, 0.04]",0.08479569816114253,0.6896307142719182,False
Apolipoprotein C-III,MCV,20,39,0.27247463045653214,"[-0.04, 0.54]",0.08479569816114468,0.6896307142719182,False
Glutathione peroxidase 3,MCV,20,39,-0.36978699847672303,"[-0.61, -0.07]",0.01733139277150603,0.39562575906211256,False
Contactin-1,MCV,20,39,-0.05838742081211552,"[-0.36, 0.25]",0.7168964572943314,0.9507803863239565,False
Stomatin,MCV,20,39,0.15569978883230393,"[-0.16, 0.44]",0.331011287970574,0.860788962265991,False
Immunoglobulin heavy variable 3-13,MCV,20,39,-0.07784989441615182,"[-0.38, 0.24]",0.6285262725136687,0.9307504209261677,False
Immunoglobulin heavy variable 1-69-2,MCV,20,39,-0.2530121568524942,"[-0.52, 0.06]",0.11047574162655346,0.7242274493625929,False
Apolipoprotein E,MCV,20,39,-0.03892494720807683,"[-0.34, 0.27]",0.8090708349321976,0.9671847464778622,False
Mucosal addressin cell adhesion molecule 1,MCV,20,39,0.11677484162422949,"[-0.20, 0.41]",0.46716873103751533,0.9307504209261677,False
Protein S100-A11,MCV,20,39,0.01946247360403766,"[-0.29, 0.33]",0.9038668552607364,0.9864156703215041,False
Complement factor H-related protein 4,MCV,20,39,0.01946247360403866,"[-0.29, 0.33]",0.9038668552607364,0.9864156703215041,False
Immunoglobulin kappa variable 1D-16,MCV,20,39,0.2530121568524959,"[-0.06, 0.52]",0.11047574162655062,0.7242274493625929,False
Immunoglobulin lambda variable 1-47,MCV,20,39,-0.2919371040605718,"[-0.55, 0.02]",0.06401491703617489,0.635668441173849,False
Fructose-bisphosphate aldolase A,MCV,20,39,0.11677484162422919,"[-0.20, 0.41]",0.467168731037519,0.9307504209261677,False
Thrombospondin-1,MCV,20,39,0.36978699847672325,"[0.07, 0.61]",0.017331392771505975,0.39562575906211256,False
Aminopeptidase N,MCV,20,39,-0.17516226243634195,"[-0.46, 0.14]",0.2733431760408897,0.8448096775145966,False
Apolipoprotein M,MCV,20,39,0.09731236802019018,"[-0.22, 0.39]",0.5449977263108539,0.9307504209261677,False
Immunoglobulin heavy variable 3-43,MCV,20,39,-0.2919371040605703,"[-0.55, 0.02]",0.06401491703617612,0.635668441173849,False
Cysteine-rich secretory protein 3,MCV,20,39,-0.25301215685249534,"[-0.52, 0.06]",0.11047574162655156,0.7242274493625929,False
Complement component C8 alpha chain,MCV,20,39,-0.3892494720807606,"[-0.62, -0.09]",0.011889153452443842,0.32947143764920506,False
Immunoglobulin heavy variable 2-70D,MCV,20,39,-0.09731236802018937,"[-0.39, 0.22]",0.5449977263108562,0.9307504209261677,False
Immunoglobulin heavy variable 3-23,MCV,20,39,-8.210920798317722e-16,"[-0.31, 0.31]",1.0,1.0,False
Plasma kallikrein,MCV,20,39,0.11677484162422862,"[-0.20, 0.41]",0.46716873103752266,0.9307504209261677,False
Galectin-7,MCV,20,39,0.19462473604038144,"[-0.12, 0.47]",0.22270450260215552,0.8448096775145966,False
Extracellular superoxide dismutase [Cu-Zn],MCV,20,39,-0.1946247360403801,"[-0.47, 0.12]",0.22270450260215943,0.8448096775145966,False
Immunoglobulin heavy variable 1-8,MCV,20,39,-0.15569978883230526,"[-0.44, 0.16]",0.33101128797057067,0.860788962265991,False
Cystatin-C,MCV,20,39,-0.15569978883230484,"[-0.44, 0.16]",0.33101128797057067,0.860788962265991,False
Immunoglobulin lambda-like polypeptide 1,MCV,20,39,-0.21408720964441935,"[-0.49, 0.10]",0.1789232023199724,0.7970464859682194,False
Inhibin beta C chain,MCV,20,39,-0.29193710406057044,"[-0.55, 0.02]",0.06401491703617576,0.635668441173849,False
Mannose-binding protein C,MCV,20,39,0.019462473604038973,"[-0.29, 0.33]",0.9038668552607364,0.9864156703215041,False
IgGFc-binding protein,MCV,20,39,0.05838742081211508,"[-0.25, 0.36]",0.7168964572943402,0.9507803863239565,False
Macrophage mannose receptor 1,MCV,20,39,-0.07784989441615155,"[-0.38, 0.24]",0.6285262725136687,0.9307504209261677,False
Aromatase,MCV,20,39,-0.4476368928928754,"[-0.66, -0.16]",0.0033394305284057974,0.1725494562563269,False
Cadherin-5,MCV,20,39,-0.21408720964441807,"[-0.49, 0.10]",0.17892320231997508,0.7970464859682194,False
Immunoglobulin kappa variable 1-8,MCV,20,39,-0.19462473604038083,"[-0.47, 0.12]",0.22270450260215763,0.8448096775145966,False
Retinol-binding protein 4,MCV,20,39,-0.2724746304565324,"[-0.54, 0.04]",0.08479569816114445,0.6896307142719182,False
Complement component C8 beta chain,MCV,20,39,-0.15569978883230406,"[-0.44, 0.16]",0.331011287970574,0.860788962265991,False
Tumor necrosis factor receptor superfamily member 1B,MCV,20,39,-0.44763689289287556,"[-0.66, -0.16]",0.003339430528405787,0.1725494562563269,False
Formin-2,MCV,20,39,0.05838742081211349,"[-0.25, 0.36]",0.7168964572943446,0.9507803863239565,False
Scavenger receptor cysteine-rich domain-containing protein DMBT1,MCV,20,39,0.13623731522826565,"[-0.18, 0.43]",0.39569373735216196,0.8942566210002417,False
Apolipoprotein L1,MCV,20,39,-0.15569978883230373,"[-0.44, 0.16]",0.331011287970574,0.860788962265991,False
Leucine-rich alpha-2-glycoprotein,MCV,20,39,-0.2530121568524955,"[-0.52, 0.06]",0.11047574162655124,0.7242274493625929,False
Immunoglobulin heavy variable 1-2,MCV,20,39,-0.19462473604038108,"[-0.47, 0.12]",0.22270450260215627,0.8448096775145966,False
Ras-related protein Rab-10,MCV,20,39,0.1946247360403803,"[-0.12, 0.47]",0.22270450260215943,0.8448096775145966,False
Immunoglobulin heavy variable 1-24,MCV,20,39,-0.31139957766460946,"[-0.56, -0.00]",0.047495951075911286,0.5721605269144762,False
Annexin A3,MCV,20,39,0.09731236802019111,"[-0.22, 0.39]",0.5449977263108492,0.9307504209261677,False
Hemoglobin subunit beta,MCV,20,39,-0.01946247360403753,"[-0.33, 0.29]",0.9038668552607364,0.9864156703215041,False
Immunoglobulin lambda variable 4-69,MCV,20,39,0.15569978883230387,"[-0.16, 0.44]",0.331011287970574,0.860788962265991,False
Elongation factor 2,MCV,20,39,0.05838742081211383,"[-0.25, 0.36]",0.7168964572943446,0.9507803863239565,False
Multiple inositol polyphosphate phosphatase 1,MCV,20,39,-0.13623731522826688,"[-0.43, 0.18]",0.39569373735215774,0.8942566210002417,False
Collagen alpha-1(VI) chain,MCV,20,39,-0.07784989441615281,"[-0.38, 0.24]",0.6285262725136624,0.9307504209261677,False
Hepatocyte growth factor activator,MCV,20,39,-0.09731236802019151,"[-0.39, 0.22]",0.5449977263108492,0.9307504209261677,False
Fibrinogen beta chain,MCV,20,39,0.038924947208075225,"[-0.27, 0.34]",0.8090708349322044,0.9671847464778622,False
Hemicentin-1,MCV,20,39,-0.05838742081211325,"[-0.36, 0.25]",0.7168964572943446,0.9507803863239565,False
C-type mannose receptor 2,MCV,20,39,-0.019462473604038712,"[-0.33, 0.29]",0.9038668552607364,0.9864156703215041,False
Platelet glycoprotein Ib beta chain,MCV,20,39,0.3308620512686465,"[0.03, 0.58]",0.0346051083591769,0.5407449785115541,False
Complement C2,MCV,20,39,-0.2724746304565323,"[-0.54, 0.04]",0.08479569816114445,0.6896307142719182,False
Annexin A2,MCV,20,39,0.23354968324845732,"[-0.08, 0.50]",0.1416670429468962,0.7607516423767026,False
Protein disulfide-isomerase A3,MCV,20,39,-0.23354968324845704,"[-0.50, 0.08]",0.14166704294689664,0.7607516423767026,False
Dipeptidyl peptidase 4,MCV,20,39,-0.36978699847672386,"[-0.61, -0.07]",0.01733139277150578,0.39562575906211256,False
Proteasome subunit alpha type-4,MCV,20,39,0.038924947208075336,"[-0.27, 0.34]",0.8090708349322044,0.9671847464778622,False
Coagulation factor XI,MCV,20,39,-0.019462473604038882,"[-0.33, 0.29]",0.9038668552607364,0.9864156703215041,False
Collectin-11,MCV,20,39,0.21408720964441766,"[-0.10, 0.49]",0.17892320231997633,0.7970464859682194,False
High mobility group protein B1,MCV,20,39,-0.09731236802019085,"[-0.39, 0.22]",0.5449977263108492,0.9307504209261677,False
Immunoglobulin lambda variable 3-16,MCV,20,39,0.05838742081211379,"[-0.25, 0.36]",0.7168964572943446,0.9507803863239565,False
Prothrombin,MCV,20,39,0.09731236802019039,"[-0.22, 0.39]",0.5449977263108539,0.9307504209261677,False
Immunoglobulin kappa joining 1,MCV,20,39,-0.07784989441615087,"[-0.38, 0.24]",0.6285262725136751,0.9307504209261677,False
Immunoglobulin heavy variable 3-7,MCV,20,39,-0.09731236802019128,"[-0.39, 0.22]",0.5449977263108492,0.9307504209261677,False
Immunoglobulin heavy variable 3-74,MCV,20,39,0.1556997888323045,"[-0.16, 0.44]",0.331011287970573,0.860788962265991,False
Ezrin,MCV,20,39,-0.03892494720807671,"[-0.34, 0.27]",0.8090708349321976,0.9671847464778622,False
Intercellular adhesion molecule 2,MCV,20,39,0.09731236802019055,"[-0.22, 0.39]",0.5449977263108539,0.9307504209261677,False
Lysozyme C,MCV,20,39,-0.019462473604038126,"[-0.33, 0.29]",0.9038668552607364,0.9864156703215041,False
Protein AMBP,MCV,20,39,-0.19462473604037991,"[-0.47, 0.12]",0.22270450260216068,0.8448096775145966,False
Prolyl endopeptidase FAP,MCV,20,39,0.0778498944161521,"[-0.24, 0.38]",0.6285262725136687,0.9307504209261677,False
"Actin, cytoplasmic 2",MCV,20,39,-4.753690988499732e-16,"[-0.31, 0.31]",1.0,1.0,False
Kallistatin,MCV,20,39,-0.3503245248726848,"[-0.59, -0.05]",0.02473666798737754,0.45322368856435696,False
Hemopexin,MCV,20,39,-0.17516226243634353,"[-0.46, 0.14]",0.27334317604088565,0.8448096775145966,False
C4b-binding protein beta chain,MCV,20,39,-2.700960788920303e-16,"[-0.31, 0.31]",1.0,1.0,False
Peptidyl-prolyl cis-trans isomerase A,MCV,20,39,-0.038924947208075926,"[-0.34, 0.27]",0.8090708349322044,0.9671847464778622,False
Complement C1r subcomponent-like protein,MCV,20,39,0.058387420812113615,"[-0.25, 0.36]",0.7168964572943446,0.9507803863239565,False
Immunoglobulin heavy variable 3-30;Immunoglobulin heavy variable 3-30-5,MCV,20,39,-0.27247463045653353,"[-0.54, 0.04]",0.08479569816114299,0.6896307142719182,False
Immunoglobulin lambda variable 3-9,MCV,20,39,-0.29193710406057144,"[-0.55, 0.02]",0.06401491703617507,0.635668441173849,False
Immunoglobulin heavy variable 1-45,MCV,20,39,-0.21408720964441985,"[-0.49, 0.10]",0.17892320231997078,0.7970464859682194,False
Hemoglobin subunit gamma-1,MCV,20,39,0.13623731522826588,"[-0.18, 0.43]",0.3956937373521606,0.8942566210002417,False
Apolipoprotein F,MCV,20,39,-0.13623731522826604,"[-0.43, 0.18]",0.3956937373521606,0.8942566210002417,False
Immunoglobulin gamma-1 heavy chain,MCV,20,39,0.09731236802019101,"[-0.22, 0.39]",0.5449977263108492,0.9307504209261677,False
Low affinity immunoglobulin gamma Fc region receptor III-B,MCV,20,39,-0.13623731522826713,"[-0.43, 0.18]",0.39569373735215774,0.8942566210002417,False
Multiple epidermal growth factor-like domains protein 8,MCV,20,39,-0.175162262436342,"[-0.46, 0.14]",0.2733431760408897,0.8448096775145966,False
Complement C4-B,MCV,20,39,-0.07784989441615321,"[-0.38, 0.24]",0.6285262725136624,0.9307504209261677,False
Glyceraldehyde-3-phosphate dehydrogenase,MCV,20,39,0.19462473604038036,"[-0.12, 0.47]",0.22270450260215943,0.8448096775145966,False
Complement C1r subcomponent,MCV,20,39,0.07784989441615306,"[-0.24, 0.38]",0.6285262725136624,0.9307504209261677,False
Sex hormone-binding globulin,MCV,20,39,-0.3113995776646086,"[-0.56, -0.00]",0.04749595107591184,0.5721605269144762,False
Biotinidase,MCV,20,39,-0.3113995776646087,"[-0.56, -0.00]",0.04749595107591184,0.5721605269144762,False
Cholinesterase,MCV,20,39,3.6733066729316114e-16,"[-0.31, 0.31]",1.0,1.0,False
Immunoglobulin heavy variable 2-5,MCV,20,39,-0.25301215685249423,"[-0.52, 0.06]",0.11047574162655283,0.7242274493625929,False
Immunoglobulin lambda variable 1-36,MCV,20,39,-0.038924947208076786,"[-0.34, 0.27]",0.8090708349321976,0.9671847464778622,False
Immunoglobulin kappa variable 3-11,MCV,20,39,-0.31139957766461007,"[-0.56, -0.00]",0.04749595107591076,0.5721605269144762,False
Immunoglobulin kappa variable 6-21,MCV,20,39,-0.13623731522826582,"[-0.43, 0.18]",0.39569373735216196,0.8942566210002417,False
Immunoglobulin kappa light chain,MCV,20,39,-0.13623731522826585,"[-0.43, 0.18]",0.39569373735216196,0.8942566210002417,False
Neuropilin-1,MCV,20,39,-9.939535703226718e-16,"[-0.31, 0.31]",1.0,1.0,False
Ficolin-2,MCV,20,39,-0.07784989441615185,"[-0.38, 0.24]",0.6285262725136687,0.9307504209261677,False
Gamma-glutamyl hydrolase,MCV,20,39,-0.15569978883230512,"[-0.44, 0.16]",0.33101128797057067,0.860788962265991,False
Keratinocyte proline-rich protein,MCV,20,39,-0.01946247360403867,"[-0.33, 0.29]",0.9038668552607364,0.9864156703215041,False
Kyphoscoliosis peptidase,MCV,20,39,0.019462473604037744,"[-0.29, 0.33]",0.9038668552607364,0.9864156703215041,False
Laminin subunit alpha-2,MCV,20,39,0.019462473604039975,"[-0.29, 0.33]",0.9038668552607364,0.9864156703215041,False
Desmoglein-1,MCV,20,39,0.2530121568524942,"[-0.06, 0.52]",0.11047574162655346,0.7242274493625929,False
Immunoglobulin lambda variable 3-27,MCV,20,39,0.15569978883230517,"[-0.16, 0.44]",0.33101128797057067,0.860788962265991,False
Myosin-9,MCV,20,39,-0.019462473604037873,"[-0.33, 0.29]",0.9038668552607364,0.9864156703215041,False
Versican core protein,MCV,20,39,0.09731236802018968,"[-0.22, 0.39]",0.5449977263108562,0.9307504209261677,False
Proteasome subunit beta type-3,MCV,20,39,0.1167748416242278,"[-0.20, 0.41]",0.46716873103752454,0.9307504209261677,False
Alpha-N-acetylglucosaminidase,MCV,20,39,-0.23354968324845765,"[-0.50, 0.08]",0.14166704294689536,0.7607516423767026,False
Caspase-14,MCV,20,39,-0.03892494720807683,"[-0.34, 0.27]",0.8090708349321976,0.9671847464778622,False
Histidine-rich glycoprotein,MCV,20,39,-0.13623731522826713,"[-0.43, 0.18]",0.39569373735215774,0.8942566210002417,False
"ATP synthase subunit alpha, mitochondrial",MCV,20,39,-0.2530121568524941,"[-0.52, 0.06]",0.11047574162655346,0.7242274493625929,False
Immunoglobulin kappa constant,MCV,20,39,-0.038924947208076474,"[-0.34, 0.27]",0.8090708349321976,0.9671847464778622,False
Interleukin-1 receptor accessory protein,MCV,20,39,0.03892494720807586,"[-0.27, 0.34]",0.8090708349322044,0.9671847464778622,False
Immunoglobulin lambda variable 9-49,MCV,20,39,4.105460399158861e-16,"[-0.31, 0.31]",1.0,1.0,False
Plexin domain-containing protein 2,MCV,20,39,0.17516226243634223,"[-0.14, 0.46]",0.2733431760408882,0.8448096775145966,False
Immunoglobulin heavy variable 4-28,MCV,20,39,-0.19462473604038136,"[-0.47, 0.12]",0.22270450260215552,0.8448096775145966,False
Desmoplakin,MCV,20,39,0.31139957766460885,"[0.00, 0.56]",0.04749595107591171,0.5721605269144762,False
Endoplasmin,MCV,20,39,-0.15569978883230465,"[-0.44, 0.16]",0.331011287970573,0.860788962265991,False
Heparin cofactor 2,MCV,20,39,-0.07784989441615237,"[-0.38, 0.24]",0.6285262725136624,0.9307504209261677,False
Laminin subunit gamma-1,MCV,20,39,0.019462473604037835,"[-0.29, 0.33]",0.9038668552607364,0.9864156703215041,False
Polymeric immunoglobulin receptor,MCV,20,39,-0.13623731522826737,"[-0.43, 0.18]",0.3956937373521563,0.8942566210002417,False
Serum amyloid A-4 protein,MCV,20,39,0.07784989441615228,"[-0.24, 0.38]",0.6285262725136687,0.9307504209261677,False
Catalase,MCV,20,39,-0.01946247360403754,"[-0.33, 0.29]",0.9038668552607364,0.9864156703215041,False
Complement receptor type 1,MCV,20,39,0.1362373152282658,"[-0.18, 0.43]",0.39569373735216196,0.8942566210002417,False
Immunoglobulin kappa variable 1-27,MCV,20,39,-1.2532458060590197e-15,"[-0.31, 0.31]",1.0,1.0,False
Immunoglobulin kappa variable 2-30,MCV,20,39,-0.13623731522826582,"[-0.43, 0.18]",0.39569373735216196,0.8942566210002417,False
Protein-glutamine gamma-glutamyltransferase E,MCV,20,39,-0.13623731522826737,"[-0.43, 0.18]",0.3956937373521563,0.8942566210002417,False
Periostin,MCV,20,39,-0.03892494720807589,"[-0.34, 0.27]",0.8090708349322044,0.9671847464778622,False
Albumin,MCV,20,39,-0.3113995776646094,"[-0.56, -0.00]",0.047495951075911286,0.5721605269144762,False
Complement factor B,MCV,20,39,-0.07784989441615167,"[-0.38, 0.24]",0.6285262725136687,0.9307504209261677,False
Probable non-functional immunoglobulinn kappa variable 1-37;Probable non-functional immunoglobulinn kappa variable 1D-37,MCV,20,39,1.0857862371459615e-15,"[-0.31, 0.31]",1.0,1.0,False
Immunoglobulin lambda variable 8-61,MCV,20,39,0.19462473604038152,"[-0.12, 0.47]",0.22270450260215552,0.8448096775145966,False
Annexin A1,MCV,20,39,0.05838742081211554,"[-0.25, 0.36]",0.7168964572943314,0.9507803863239565,False
CD5 antigen-like,MCV,20,39,0.1362373152282673,"[-0.18, 0.43]",0.3956937373521563,0.8942566210002417,False
RB-associated KRAB zinc finger protein,MCV,20,39,-0.23354968324845715,"[-0.50, 0.08]",0.1416670429468962,0.7607516423767026,False
Immunoglobulin lambda variable 7-46,MCV,20,39,-0.11677484162422774,"[-0.41, 0.20]",0.46716873103752454,0.9307504209261677,False
Basement membrane-specific heparan sulfate proteoglycan core protein,MCV,20,39,-0.17516226243634211,"[-0.46, 0.14]",0.2733431760408897,0.8448096775145966,False
Vitamin K-dependent protein C,MCV,20,39,-0.31139957766460946,"[-0.56, -0.00]",0.047495951075911286,0.5721605269144762,False
Immunoglobulin lambda variable 1-40,MCV,20,39,-0.15569978883230473,"[-0.44, 0.16]",0.331011287970573,0.860788962265991,False
Pantetheinase,MCV,20,39,-0.2530121568524953,"[-0.52, 0.06]",0.11047574162655156,0.7242274493625929,False
Neutrophil defensin 1;Neutrophil defensin 3,MCV,20,39,0.019462473604039,"[-0.29, 0.33]",0.9038668552607364,0.9864156703215041,False
Immunoglobulin lambda variable 2-8,MCV,20,39,-0.01946247360403855,"[-0.33, 0.29]",0.9038668552607364,0.9864156703215041,False
Immunoglobulin heavy variable 1-18,MCV,20,39,-0.19462473604038147,"[-0.47, 0.12]",0.22270450260215552,0.8448096775145966,False
Immunoglobulin kappa variable 3D-15,MCV,20,39,0.19462473604038133,"[-0.12, 0.47]",0.22270450260215627,0.8448096775145966,False
Extracellular matrix protein 1,MCV,20,39,-0.1556997888323048,"[-0.44, 0.16]",0.33101128797057067,0.860788962265991,False
Tubulin alpha-1B chain,MCV,20,39,0.11677484162422878,"[-0.20, 0.41]",0.467168731037519,0.9307504209261677,False
Immunoglobulin lambda variable 5-45,MCV,20,39,-0.019462473604036863,"[-0.33, 0.29]",0.9038668552607364,0.9864156703215041,False
Alpha-2-HS-glycoprotein,MCV,20,39,-0.15569978883230384,"[-0.44, 0.16]",0.331011287970574,0.860788962265991,False
Cartilage acidic protein 1,MCV,20,39,-0.13623731522826737,"[-0.43, 0.18]",0.3956937373521563,0.8942566210002417,False
Coagulation factor IX,MCV,20,39,0.15569978883230456,"[-0.16, 0.44]",0.331011287970573,0.860788962265991,False
Integrin alpha-2,MCV,20,39,0.13623731522826749,"[-0.18, 0.43]",0.3956937373521563,0.8942566210002417,False
"Mannosyl-oligosaccharide 1,2-alpha-mannosidase IA",MCV,20,39,-0.01946247360403871,"[-0.33, 0.29]",0.9038668552607364,0.9864156703215041,False
Endophilin-A3,MCV,20,39,-0.15569978883230368,"[-0.44, 0.16]",0.331011287970574,0.860788962265991,False
Collagen alpha-1(I) chain,MCV,20,39,0.21408720964441966,"[-0.10, 0.49]",0.17892320231997064,0.7970464859682194,False
Carboxypeptidase N subunit 2,MCV,20,39,0.09731236802019022,"[-0.22, 0.39]",0.5449977263108539,0.9307504209261677,False
Scavenger receptor cysteine-rich type 1 protein M130,MCV,20,39,-0.1751622624363422,"[-0.46, 0.14]",0.2733431760408882,0.8448096775145966,False
Annexin A5,MCV,20,39,0.0778498944161515,"[-0.24, 0.38]",0.6285262725136687,0.9307504209261677,False
Platelet factor 4,MCV,20,39,0.3113995776646085,"[0.00, 0.56]",0.04749595107591211,0.5721605269144762,False
Immunoglobulin heavy variable 3-72,MCV,20,39,0.038924947208077,"[-0.27, 0.34]",0.8090708349321976,0.9671847464778622,False
Protein HEG homolog 1,MCV,20,39,0.19462473604038147,"[-0.12, 0.47]",0.22270450260215552,0.8448096775145966,False
Sulfhydryl oxidase 1,MCV,20,39,-0.2530121568524957,"[-0.52, 0.06]",0.11047574162655124,0.7242274493625929,False
Corticosteroid-binding globulin,MCV,20,39,-0.13623731522826646,"[-0.43, 0.18]",0.3956937373521606,0.8942566210002417,False
Angiopoietin-related protein 6,MCV,20,39,-7.346613345863225e-16,"[-0.31, 0.31]",1.0,1.0,False
72 kDa type IV collagenase,MCV,20,39,-0.2530121568524954,"[-0.52, 0.06]",0.11047574162655156,0.7242274493625929,False
Trypsin-3,MCV,20,39,-0.05838742081211354,"[-0.36, 0.25]",0.7168964572943446,0.9507803863239565,False
Complement component C9,MCV,20,39,-0.15569978883230395,"[-0.44, 0.16]",0.331011287970574,0.860788962265991,False
Pyruvate kinase PKM,MCV,20,39,0.2724746304565335,"[-0.04, 0.54]",0.08479569816114299,0.6896307142719182,False
Immunoglobulin heavy variable 4-34,MCV,20,39,2.2688070626930537e-16,"[-0.31, 0.31]",1.0,1.0,False
Immunoglobulin kappa variable 6D-21,MCV,20,39,0.019462473604037033,"[-0.29, 0.33]",0.9038668552607364,0.9864156703215041,False
Immunoglobulin lambda-1 light chain,MCV,20,39,-0.2724746304565321,"[-0.54, 0.04]",0.08479569816114468,0.6896307142719182,False
Transforming growth factor-beta-induced protein ig-h3,MCV,20,39,-0.09731236802018979,"[-0.39, 0.22]",0.5449977263108539,0.9307504209261677,False
Complement C1q subcomponent subunit A,MCV,20,39,0.03892494720807678,"[-0.27, 0.34]",0.8090708349321976,0.9671847464778622,False
Prolow-density lipoprotein receptor-related protein 1,MCV,20,39,0.11677484162422891,"[-0.20, 0.41]",0.467168731037519,0.9307504209261677,False
Immunoglobulin heavy constant mu,MCV,20,39,-0.01946247360403825,"[-0.33, 0.29]",0.9038668552607364,0.9864156703215041,False
UV-stimulated scaffold protein A,MCV,20,39,-0.21408720964441963,"[-0.49, 0.10]",0.17892320231997064,0.7970464859682194,False
Complement component C6,MCV,20,39,-0.19462473604038008,"[-0.47, 0.12]",0.22270450260215943,0.8448096775145966,False
Angiotensinogen,MCV,20,39,-0.21408720964441763,"[-0.49, 0.10]",0.17892320231997633,0.7970464859682194,False
Pregnancy zone protein,MCV,20,39,0.038924947208075045,"[-0.27, 0.34]",0.8090708349322044,0.9671847464778622,False
Histone H2A type 1-B/E;Histone H2A type 3;Histone H2A type 1-C,MCV,20,39,0.0778498944161523,"[-0.24, 0.38]",0.6285262725136687,0.9307504209261677,False
Desmocollin-1,MCV,20,39,0.2724746304565339,"[-0.04, 0.54]",0.0847956981611428,0.6896307142719182,False
Protein Z-dependent protease inhibitor,MCV,20,39,-0.2724746304565324,"[-0.54, 0.04]",0.08479569816114445,0.6896307142719182,False
Immunoglobulin kappa variable 1-17,MCV,20,39,-0.11677484162422791,"[-0.41, 0.20]",0.46716873103752454,0.9307504209261677,False
Fibronectin,MCV,20,39,-0.25301215685249534,"[-0.52, 0.06]",0.11047574162655156,0.7242274493625929,False
Probable non-functional immunoglobulin heavy variable 3-38,MCV,20,39,-0.17516226243634295,"[-0.46, 0.14]",0.2733431760408862,0.8448096775145966,False
Nucleoside diphosphate kinase 3,MCV,20,39,-0.019462473604036946,"[-0.33, 0.29]",0.9038668552607364,0.9864156703215041,False
Plasma protease C1 inhibitor,MCV,20,39,-0.19462473604038108,"[-0.47, 0.12]",0.22270450260215627,0.8448096775145966,False
Immunoglobulin kappa variable 1-16,MCV,20,39,-0.15569978883230395,"[-0.44, 0.16]",0.331011287970574,0.860788962265991,False
F-actin-capping protein subunit alpha-1,MCV,20,39,-4.105460399158865e-16,"[-0.31, 0.31]",1.0,1.0,False
Cathepsin D,MCV,20,39,0.17516226243634342,"[-0.14, 0.46]",0.27334317604088565,0.8448096775145966,False
Anthrax toxin receptor 2,MCV,20,39,0.07784989441615128,"[-0.24, 0.38]",0.6285262725136687,0.9307504209261677,False
Talin-1,MCV,20,39,0.11677484162422822,"[-0.20, 0.41]",0.46716873103752266,0.9307504209261677,False
Protein disulfide-isomerase,MCV,20,39,-0.33086205126864743,"[-0.58, -0.03]",0.03460510835917631,0.5407449785115541,False
Junction plakoglobin,MCV,20,39,0.40871194568480024,"[0.12, 0.64]",0.007975943160593073,0.30517046161041905,False
Tenascin,MCV,20,39,-0.11677484162422958,"[-0.41, 0.20]",0.46716873103751533,0.9307504209261677,False
Cadherin-related family member 5,MCV,20,39,0.17516226243634203,"[-0.14, 0.46]",0.2733431760408897,0.8448096775145966,False
Kininogen-1,MCV,20,39,-0.07784989441615323,"[-0.38, 0.24]",0.6285262725136624,0.9307504209261677,False
Alpha-1-antichymotrypsin,MCV,20,39,-0.27247463045653225,"[-0.54, 0.04]",0.08479569816114445,0.6896307142719182,False
Integrin alpha-IIb,MCV,20,39,0.19462473604038105,"[-0.12, 0.47]",0.22270450260215627,0.8448096775145966,False
Serum amyloid P-component,MCV,20,39,-4.537614125386107e-16,"[-0.31, 0.31]",1.0,1.0,False
Inter-alpha-trypsin inhibitor heavy chain H1,MCV,20,39,0.17516226243634211,"[-0.14, 0.46]",0.2733431760408882,0.8448096775145966,False
Probable non-functional immunoglobulin heavy variable 3-35,MCV,20,39,0.019462473604037227,"[-0.29, 0.33]",0.9038668552607364,0.9864156703215041,False
Immunoglobulin kappa variable 1-5,MCV,20,39,-0.0778498944161515,"[-0.38, 0.24]",0.6285262725136687,0.9307504209261677,False
Band 3 anion transport protein,MCV,20,39,0.1362373152282672,"[-0.18, 0.43]",0.3956937373521563,0.8942566210002417,False
Immunoglobulin lambda variable 7-43,MCV,20,39,-0.11677484162422874,"[-0.41, 0.20]",0.467168731037519,0.9307504209261677,False
Peroxiredoxin-1,MCV,20,39,0.13623731522826618,"[-0.18, 0.43]",0.3956937373521606,0.8942566210002417,False
Matrix metalloproteinase-9,MCV,20,39,-0.31139957766460924,"[-0.56, -0.00]",0.04749595107591157,0.5721605269144762,False
Multimerin-2,MCV,20,39,-0.19462473604038036,"[-0.47, 0.12]",0.22270450260215943,0.8448096775145966,False
Immunoglobulin heavy variable 1-3,MCV,20,39,-0.25301215685249534,"[-0.52, 0.06]",0.11047574162655156,0.7242274493625929,False
Podocalyxin,MCV,20,39,0.15569978883230434,"[-0.16, 0.44]",0.331011287970573,0.860788962265991,False
Immunoglobulin lambda variable 1-51,MCV,20,39,-0.07784989441615266,"[-0.38, 0.24]",0.6285262725136624,0.9307504209261677,False
Cadherin-13,MCV,20,39,-0.038924947208075426,"[-0.34, 0.27]",0.8090708349322044,0.9671847464778622,False
Plastin-2,MCV,20,39,-0.4476368928928752,"[-0.66, -0.16]",0.0033394305284058065,0.1725494562563269,False
Inter-alpha-trypsin inhibitor heavy chain H4,MCV,20,39,-0.13623731522826574,"[-0.43, 0.18]",0.39569373735216196,0.8942566210002417,False
Fructose-bisphosphate aldolase B,MCV,20,39,0.03892494720807725,"[-0.27, 0.34]",0.8090708349321976,0.9671847464778622,False
Mannan-binding lectin serine protease 2,MCV,20,39,5.401921577840603e-16,"[-0.31, 0.31]",1.0,1.0,False
Platelet glycoprotein 4,MCV,20,39,0.038924947208076294,"[-0.27, 0.34]",0.8090708349321976,0.9671847464778622,False
Hemoglobin subunit alpha,MCV,20,39,-0.03892494720807518,"[-0.34, 0.27]",0.8090708349322044,0.9671847464778622,False
Immunoglobulin lambda variable 3-10,MCV,20,39,-0.03892494720807662,"[-0.34, 0.27]",0.8090708349321976,0.9671847464778622,False
Serum paraoxonase/lactonase 3,MCV,20,39,-0.07784989441615273,"[-0.38, 0.24]",0.6285262725136624,0.9307504209261677,False
Dopamine beta-hydroxylase,MCV,20,39,0.03892494720807597,"[-0.27, 0.34]",0.8090708349322044,0.9671847464778622,False
Triosephosphate isomerase,MCV,20,39,-0.03892494720807646,"[-0.34, 0.27]",0.8090708349321976,0.9671847464778622,False
Endoplasmic reticulum chaperone BiP,MCV,20,39,0.05838742081211561,"[-0.25, 0.36]",0.7168964572943314,0.9507803863239565,False
Suprabasin,MCV,20,39,0.2530121568524943,"[-0.06, 0.52]",0.11047574162655283,0.7242274493625929,False
Immunoglobulin kappa variable 3-20,MCV,20,39,0.07784989441615171,"[-0.24, 0.38]",0.6285262725136687,0.9307504209261677,False
Ficolin-1,MCV,20,39,0.09731236802019111,"[-0.22, 0.39]",0.5449977263108492,0.9307504209261677,False
Autotaxin,MCV,20,39,-0.3892494720807613,"[-0.62, -0.09]",0.011889153452443672,0.32947143764920506,False
Histidine ammonia-lyase,MCV,20,39,0.27247463045653414,"[-0.04, 0.54]",0.08479569816114253,0.6896307142719182,False
Noelin,MCV,20,39,-0.21408720964441771,"[-0.49, 0.10]",0.17892320231997633,0.7970464859682194,False
Prenylcysteine oxidase 1,MCV,20,39,-0.0583874208121139,"[-0.36, 0.25]",0.7168964572943446,0.9507803863239565,False
Immunoglobulin delta heavy chain,MCV,20,39,-0.2724746304565334,"[-0.54, 0.04]",0.08479569816114299,0.6896307142719182,False
Antithrombin-III,MCV,20,39,-0.15569978883230515,"[-0.44, 0.16]",0.33101128797057067,0.860788962265991,False
Complement component C7,MCV,20,39,-0.428174419288837,"[-0.65, -0.14]",0.0052259280526228274,0.22704128713782015,False
BOS complex subunit NOMO3;BOS complex subunit NOMO1;BOS complex subunit NOMO2,MCV,20,39,-0.07784989441615325,"[-0.38, 0.24]",0.6285262725136624,0.9307504209261677,False
Cofilin-1,MCV,20,39,0.09731236802018994,"[-0.22, 0.39]",0.5449977263108539,0.9307504209261677,False
Histone H4,MCV,20,39,0.019462473604037904,"[-0.29, 0.33]",0.9038668552607364,0.9864156703215041,False
Serum amyloid A-1 protein,MCV,20,39,0.07784989441615157,"[-0.24, 0.38]",0.6285262725136687,0.9307504209261677,False
Transferrin receptor protein 1,MCV,20,39,-0.05838742081211488,"[-0.36, 0.25]",0.7168964572943402,0.9507803863239565,False
Serpin B12,MCV,20,39,0.15569978883230415,"[-0.16, 0.44]",0.331011287970574,0.860788962265991,False
Immunoglobulin kappa variable 3D-20,MCV,20,39,1.0695804724124398e-15,"[-0.31, 0.31]",1.0,1.0,False
Probable non-functional immunoglobulin heavy variable 3-16,MCV,20,39,-0.11677484162422913,"[-0.41, 0.20]",0.467168731037519,0.9307504209261677,False
Immunoglobulin lambda variable 6-57,MCV,20,39,6.914459619635975e-16,"[-0.31, 0.31]",1.0,1.0,False
Fibrinogen alpha chain,MCV,20,39,0.23354968324845662,"[-0.08, 0.50]",0.14166704294689741,0.7607516423767026,False
Galectin-3-binding protein,MCV,20,39,-0.019462473604037543,"[-0.33, 0.29]",0.9038668552607364,0.9864156703215041,False
Macrophage colony-stimulating factor 1 receptor,MCV,20,39,0.03892494720807571,"[-0.27, 0.34]",0.8090708349322044,0.9671847464778622,False
Phosphatidylinositol-glycan-specific phospholipase D,MCV,20,39,-0.03892494720807703,"[-0.34, 0.27]",0.8090708349321976,0.9671847464778622,False
Serotransferrin,MCV,20,39,-0.33086205126864754,"[-0.58, -0.03]",0.03460510835917631,0.5407449785115541,False
Integrin alpha-11,MCV,20,39,-0.07784989441615271,"[-0.38, 0.24]",0.6285262725136624,0.9307504209261677,False
Proprotein convertase subtilisin/kexin type 9,MCV,20,39,-6.482305893408728e-16,"[-0.31, 0.31]",1.0,1.0,False
Gelsolin,MCV,20,39,-0.27247463045653225,"[-0.54, 0.04]",0.08479569816114445,0.6896307142719182,False
Proteoglycan 4,MCV,20,39,0.1362373152282657,"[-0.18, 0.43]",0.39569373735216196,0.8942566210002417,False
Vascular cell adhesion protein 1,MCV,20,39,-0.1167748416242276,"[-0.41, 0.20]",0.46716873103752454,0.9307504209261677,False
Adhesion G protein-coupled receptor F5,MCV,20,39,-0.01946247360403735,"[-0.33, 0.29]",0.9038668552607364,0.9864156703215041,False
Insulin-like growth factor-binding protein 3,MCV,20,39,-0.038924947208076335,"[-0.34, 0.27]",0.8090708349321976,0.9671847464778622,False
Transthyretin,MCV,20,39,-0.21408720964441896,"[-0.49, 0.10]",0.17892320231997305,0.7970464859682194,False
Coiled-coil domain-containing protein 126,MCV,20,39,0.03892494720807585,"[-0.27, 0.34]",0.8090708349322044,0.9671847464778622,False
Guanine nucleotide-binding protein G(i) subunit alpha-2,MCV,20,39,0.2530121568524946,"[-0.06, 0.52]",0.1104757416265525,0.7242274493625929,False
Apolipoprotein C-I,MCV,20,39,0.0973123680201899,"[-0.22, 0.39]",0.5449977263108539,0.9307504209261677,False
Syntenin-1,MCV,20,39,-0.19462473604037958,"[-0.47, 0.12]",0.2227045026021621,0.8448096775145966,False
Phospholipid transfer protein,MCV,20,39,0.15569978883230465,"[-0.16, 0.44]",0.331011287970573,0.860788962265991,False
Laminin subunit beta-1,MCV,20,39,0.07784989441615324,"[-0.24, 0.38]",0.6285262725136624,0.9307504209261677,False
Proline-rich protein 4,MCV,20,39,0.19462473604038036,"[-0.12, 0.47]",0.22270450260215943,0.8448096775145966,False
Immunoglobulin kappa variable 2-28;Immunoglobulin kappa variable 2D-28,MCV,20,39,-0.21408720964441913,"[-0.49, 0.10]",0.1789232023199724,0.7970464859682194,False
Complement C3,MCV,20,39,-0.3308620512686475,"[-0.58, -0.03]",0.03460510835917631,0.5407449785115541,False
Thyroxine-binding globulin,MCV,20,39,-0.19462473604038094,"[-0.47, 0.12]",0.22270450260215627,0.8448096775145966,False
Immunoglobulin kappa variable 1D-13;Immunoglobulin kappa variable 1-13,MCV,20,39,0.13623731522826737,"[-0.18, 0.43]",0.3956937373521563,0.8942566210002417,False
Complement factor H-related protein 5,MCV,20,39,-0.019462473604037106,"[-0.33, 0.29]",0.9038668552607364,0.9864156703215041,False
Immunoglobulin lambda variable 2-23,MCV,20,39,-0.03892494720807605,"[-0.34, 0.27]",0.8090708349322044,0.9671847464778622,False
Coagulation factor VII,MCV,20,39,-0.01946247360403716,"[-0.33, 0.29]",0.9038668552607364,0.9864156703215041,False
Immunoglobulin heavy constant gamma 4,MCV,20,39,-0.23354968324845704,"[-0.50, 0.08]",0.14166704294689664,0.7607516423767026,False
L-lactate dehydrogenase B chain,MCV,20,39,-0.17516226243634309,"[-0.46, 0.14]",0.2733431760408862,0.8448096775145966,False
Zinc-alpha-2-glycoprotein,MCV,20,39,-0.25301215685249534,"[-0.52, 0.06]",0.11047574162655156,0.7242274493625929,False
"Dihydrolipoyllysine-residue succinyltransferase component of 2-oxoglutarate dehydrogenase complex, mitochondrial",MCV,20,39,-0.07784989441615249,"[-0.38, 0.24]",0.6285262725136624,0.9307504209261677,False
Serpin B3,MCV,20,39,0.29193710406057055,"[-0.02, 0.55]",0.06401491703617576,0.635668441173849,False
Immunoglobulin heavy variable 3-33,MCV,20,39,-0.23354968324845654,"[-0.50, 0.08]",0.14166704294689741,0.7607516423767026,False
Follistatin-related protein 1,MCV,20,39,0.019462473604038195,"[-0.29, 0.33]",0.9038668552607364,0.9864156703215041,False
Cholesteryl ester transfer protein,MCV,20,39,-0.29193710406057166,"[-0.55, 0.02]",0.06401491703617489,0.635668441173849,False
Complement C1q subcomponent subunit C,MCV,20,39,0.19462473604038197,"[-0.12, 0.47]",0.22270450260215488,0.8448096775145966,False
Immunoglobulin heavy variable 4-30-2,MCV,20,39,0.1751622624363425,"[-0.14, 0.46]",0.2733431760408882,0.8448096775145966,False
Thrombospondin-4,MCV,20,39,0.19462473604038164,"[-0.12, 0.47]",0.22270450260215552,0.8448096775145966,False
Transketolase,MCV,20,39,0.2919371040605705,"[-0.02, 0.55]",0.06401491703617576,0.635668441173849,False
Complement receptor type 2,MCV,20,39,-0.09731236802018971,"[-0.39, 0.22]",0.5449977263108562,0.9307504209261677,False
Immunoglobulin kappa variable 2-40;Immunoglobulin kappa variable 2D-40,MCV,20,39,-0.07784989441615277,"[-0.38, 0.24]",0.6285262725136624,0.9307504209261677,False
Immunoglobulin kappa variable 3D-7,MCV,20,39,-0.03892494720807637,"[-0.34, 0.27]",0.8090708349321976,0.9671847464778622,False
Immunoglobulin heavy variable 3-64,MCV,20,39,-0.11677484162422928,"[-0.41, 0.20]",0.467168731037519,0.9307504209261677,False
Vitronectin,MCV,20,39,0.019462473604037574,"[-0.29, 0.33]",0.9038668552607364,0.9864156703215041,False
Complement component C8 gamma chain,MCV,20,39,-0.3113995776646097,"[-0.56, -0.00]",0.04749595107591116,0.5721605269144762,False
Immunoglobulin heavy variable 5-51,MCV,20,39,-0.07784989441615282,"[-0.38, 0.24]",0.6285262725136624,0.9307504209261677,False
Coagulation factor V,MCV,20,39,-0.19462473604038025,"[-0.47, 0.12]",0.22270450260215943,0.8448096775145966,False
Protein S100-A7,MCV,20,39,0.17516226243634234,"[-0.14, 0.46]",0.2733431760408882,0.8448096775145966,False
Arginase-1,MCV,20,39,0.13623731522826615,"[-0.18, 0.43]",0.3956937373521606,0.8942566210002417,False
Protein-glutamine gamma-glutamyltransferase K,MCV,20,39,-0.058387420812114406,"[-0.36, 0.25]",0.7168964572943402,0.9507803863239565,False
Immunoglobulin kappa variable 4-1,MCV,20,39,-0.2724746304565322,"[-0.54, 0.04]",0.08479569816114468,0.6896307142719182,False
Coagulation factor XIII B chain,MCV,20,39,-0.27247463045653225,"[-0.54, 0.04]",0.08479569816114445,0.6896307142719182,False
Apolipoprotein C-II,MCV,20,39,0.23354968324845632,"[-0.08, 0.50]",0.14166704294689786,0.7607516423767026,False
Bone marrow proteoglycan,MCV,20,39,-0.1362373152282665,"[-0.43, 0.18]",0.3956937373521606,0.8942566210002417,False
Apolipoprotein A-I,MCV,20,39,-0.13623731522826696,"[-0.43, 0.18]",0.39569373735215774,0.8942566210002417,False
Coagulation factor X,MCV,20,39,-0.15569978883230368,"[-0.44, 0.16]",0.331011287970574,0.860788962265991,False
Thioredoxin,MCV,20,39,-0.019462473604037446,"[-0.33, 0.29]",0.9038668552607364,0.9864156703215041,False
Immunoglobulin heavy variable 3-15,MCV,20,39,-0.07784989441615116,"[-0.38, 0.24]",0.6285262725136751,0.9307504209261677,False
Proteasome subunit beta type-2,MCV,20,39,0.03892494720807554,"[-0.27, 0.34]",0.8090708349322044,0.9671847464778622,False
Apolipoprotein A-II,MCV,20,39,-0.2140872096444192,"[-0.49, 0.10]",0.1789232023199724,0.7970464859682194,False
Immunoglobulin heavy constant gamma 2,MCV,20,39,-8.426997661431343e-16,"[-0.31, 0.31]",1.0,1.0,False
Plakophilin-1,MCV,20,39,0.09731236802019147,"[-0.22, 0.39]",0.5449977263108492,0.9307504209261677,False
Fetuin-B,MCV,20,39,-0.038924947208076675,"[-0.34, 0.27]",0.8090708349321976,0.9671847464778622,False
Complement factor H-related protein 3,MCV,20,39,0.019462473604037474,"[-0.29, 0.33]",0.9038668552607364,0.9864156703215041,False
Plasminogen,MCV,20,39,-0.38924947208076166,"[-0.62, -0.09]",0.011889153452443572,0.32947143764920506,False
Fermitin family homolog 3,MCV,20,39,0.21408720964441846,"[-0.10, 0.49]",0.17892320231997358,0.7970464859682194,False
Immunoglobulin heavy variable 3-21,MCV,20,39,0.07784989441615243,"[-0.24, 0.38]",0.6285262725136624,0.9307504209261677,False
Immunoglobulin heavy variable 2-26,MCV,20,39,-0.03892494720807653,"[-0.34, 0.27]",0.8090708349321976,0.9671847464778622,False
Immunoglobulin kappa variable 1-12;Immunoglobulin kappa variable 1D-12,MCV,20,39,0.0778498944161529,"[-0.24, 0.38]",0.6285262725136624,0.9307504209261677,False
Immunoglobulin heavy constant gamma 3,MCV,20,39,0.19462473604038,"[-0.12, 0.47]",0.22270450260216068,0.8448096775145966,False
Immunoglobulin kappa variable 2D-29,MCV,20,39,-0.1751622624363423,"[-0.46, 0.14]",0.2733431760408882,0.8448096775145966,False
Neogenin,MCV,20,39,-0.07784989441615281,"[-0.38, 0.24]",0.6285262725136624,0.9307504209261677,False
Immunoglobulin heavy variable 6-1,MCV,20,39,-0.19462473604038164,"[-0.47, 0.12]",0.22270450260215552,0.8448096775145966,False
L-selectin,MCV,20,39,-0.01946247360403821,"[-0.33, 0.29]",0.9038668552607364,0.9864156703215041,False
Immunoglobulin lambda constant 3,MCV,20,39,-0.11677484162422823,"[-0.41, 0.20]",0.46716873103752266,0.9307504209261677,False
A disintegrin and metalloproteinase with thrombospondin motifs 13,MCV,20,39,-0.21408720964441807,"[-0.49, 0.10]",0.17892320231997508,0.7970464859682194,False
von Willebrand factor,MCV,20,39,-0.05838742081211325,"[-0.36, 0.25]",0.7168964572943446,0.9507803863239565,False
Neutral alpha-glucosidase AB,MCV,20,39,-0.07784989441615181,"[-0.38, 0.24]",0.6285262725136687,0.9307504209261677,False
Carbonic anhydrase 1,MCV,20,39,0.019462473604039,"[-0.29, 0.33]",0.9038668552607364,0.9864156703215041,False
Immunoglobulin lambda variable 4-60,MCV,20,39,-0.019462473604038247,"[-0.33, 0.29]",0.9038668552607364,0.9864156703215041,False
Integrin beta-1,MCV,20,39,-0.19462473604038097,"[-0.47, 0.12]",0.22270450260215627,0.8448096775145966,False
Immunoglobulin lambda variable 3-12,MCV,20,39,-0.21408720964441988,"[-0.49, 0.10]",0.17892320231997078,0.7970464859682194,False
Alpha-amylase 1B;Alpha-amylase 1C;Alpha-amylase 1A,MCV,20,39,-0.19462473604038188,"[-0.47, 0.12]",0.22270450260215488,0.8448096775145966,False
Lumican,MCV,20,39,-0.13623731522826554,"[-0.43, 0.18]",0.39569373735216196,0.8942566210002417,False
Beta-Ala-His dipeptidase,MCV,20,39,-0.19462473604038152,"[-0.47, 0.12]",0.22270450260215552,0.8448096775145966,False
Immunoglobulin alpha-2 heavy chain,MCV,20,39,-0.019462473604038893,"[-0.33, 0.29]",0.9038668552607364,0.9864156703215041,False
Complement C5,MCV,20,39,-0.2530121568524945,"[-0.52, 0.06]",0.1104757416265525,0.7242274493625929,False
Protein S100-A8,MCV,20,39,-0.19462473604037983,"[-0.47, 0.12]",0.22270450260216068,0.8448096775145966,False
Immunoglobulin lambda variable 3-25,MCV,20,39,0.03892494720807534,"[-0.27, 0.34]",0.8090708349322044,0.9671847464778622,False
Leukocyte immunoglobulin-like receptor subfamily B member 3;Leukocyte immunoglobulin-like receptor subfamily A member 6,MCV,20,39,-0.03892494720807496,"[-0.34, 0.27]",0.8090708349322044,0.9671847464778622,False
Collagen alpha-3(VI) chain,MCV,20,39,0.15569978883230445,"[-0.16, 0.44]",0.331011287970573,0.860788962265991,False
Immunoglobulin kappa variable 1-39;Immunoglobulin kappa variable 1D-39,MCV,20,39,-0.116774841624229,"[-0.41, 0.20]",0.467168731037519,0.9307504209261677,False
Bleomycin hydrolase,MCV,20,39,0.38924947208076066,"[0.09, 0.62]",0.011889153452443842,0.32947143764920506,False
CD166 antigen,MCV,20,39,-0.21408720964441832,"[-0.49, 0.10]",0.17892320231997358,0.7970464859682194,False
Beta-2-microglobulin,MCV,20,39,-0.21408720964441857,"[-0.49, 0.10]",0.17892320231997358,0.7970464859682194,False
Amino acid transporter heavy chain SLC3A2,MCV,20,39,-0.38924947208076194,"[-0.62, -0.09]",0.011889153452443504,0.32947143764920506,False
Haptoglobin-related protein,MCV,20,39,0.1167748416242289,"[-0.20, 0.41]",0.467168731037519,0.9307504209261677,False
Alpha-1-acid glycoprotein 1,MCV,20,39,-0.3113995776646085,"[-0.56, -0.00]",0.04749595107591211,0.5721605269144762,False
Serum paraoxonase/arylesterase 1,MCV,20,39,-0.03892494720807655,"[-0.34, 0.27]",0.8090708349321976,0.9671847464778622,False
Target of Nesh-SH3,MCV,20,39,-0.058387420812114815,"[-0.36, 0.25]",0.7168964572943402,0.9507803863239565,False
Intercellular adhesion molecule 1,MCV,20,39,-0.17516226243634297,"[-0.46, 0.14]",0.2733431760408862,0.8448096775145966,False
Complement C4-A,MCV,20,39,-0.019462473604039042,"[-0.33, 0.29]",0.9038668552607364,0.9864156703215041,False
Coagulation factor XIII A chain,MCV,20,39,-0.05838742081211359,"[-0.36, 0.25]",0.7168964572943446,0.9507803863239565,False
Immunoglobulin mu heavy chain,MCV,20,39,0.09731236802018978,"[-0.22, 0.39]",0.5449977263108539,0.9307504209261677,False
Oncoprotein-induced transcript 3 protein,MCV,20,39,-9.183266682329031e-16,"[-0.31, 0.31]",1.0,1.0,False
Peroxiredoxin-2,MCV,20,39,0.21408720964441807,"[-0.10, 0.49]",0.17892320231997508,0.7970464859682194,False
Tissue factor pathway inhibitor,MCV,20,39,0.01946247360403743,"[-0.29, 0.33]",0.9038668552607364,0.9864156703215041,False
Progranulin,MCV,20,39,-0.07784989441615202,"[-0.38, 0.24]",0.6285262725136687,0.9307504209261677,False
Histone H2B type 1-K;Histone H2B type F-S,MCV,20,39,0.1751622624363415,"[-0.14, 0.46]",0.2733431760408889,0.8448096775145966,False
Hemoglobin subunit delta,MCV,20,39,0.07784989441615325,"[-0.24, 0.38]",0.6285262725136624,0.9307504209261677,False
Glutathione S-transferase P,MCV,20,39,0.2724746304565324,"[-0.04, 0.54]",0.08479569816114445,0.6896307142719182,False
Annexin A6,MCV,20,39,-0.03892494720807696,"[-0.34, 0.27]",0.8090708349321976,0.9671847464778622,False
Complement factor H-related protein 1,MCV,20,39,-0.09731236802019114,"[-0.39, 0.22]",0.5449977263108492,0.9307504209261677,False
Protein KPLCE,MCV,20,39,-0.03892494720807687,"[-0.34, 0.27]",0.8090708349321976,0.9671847464778622,False
Immunoglobulin heavy variable 4-4,MCV,20,39,-0.3697869984767223,"[-0.61, -0.07]",0.017331392771506266,0.39562575906211256,False
Alpha-1B-glycoprotein,MCV,20,39,-0.25301215685249534,"[-0.52, 0.06]",0.11047574162655156,0.7242274493625929,False
Properdin,MCV,20,39,0.155699788832305,"[-0.16, 0.44]",0.33101128797057067,0.860788962265991,False
Immunoglobulin heavy variable 3-53,MCV,20,39,-0.09731236802019098,"[-0.39, 0.22]",0.5449977263108492,0.9307504209261677,False
Calmodulin-like protein 5,MCV,20,39,0.19462473604038005,"[-0.12, 0.47]",0.22270450260215943,0.8448096775145966,False
Carboxypeptidase B2,MCV,20,39,-0.31139957766460846,"[-0.56, -0.00]",0.04749595107591211,0.5721605269144762,False
"Sushi, nidogen and EGF-like domain-containing protein 1",MCV,20,39,0.15569978883230431,"[-0.16, 0.44]",0.331011287970573,0.860788962265991,False
Proteasome subunit alpha type-5,MCV,20,39,-0.038924947208076544,"[-0.34, 0.27]",0.8090708349321976,0.9671847464778622,False
Bifunctional heparan sulfate N-deacetylase/N-sulfotransferase 4,MCV,20,39,-0.038924947208075086,"[-0.34, 0.27]",0.8090708349322044,0.9671847464778622,False
Immunoglobulin heavy variable 3-9,MCV,20,39,-0.2530121568524947,"[-0.52, 0.06]",0.1104757416265525,0.7242274493625929,False
Neural cell adhesion molecule L1-like protein,MCV,20,39,0.019462473604039278,"[-0.29, 0.33]",0.9038668552607364,0.9864156703215041,False
Proteasome subunit alpha type-2,MCV,20,39,0.15569978883230406,"[-0.16, 0.44]",0.331011287970574,0.860788962265991,False
Intercellular adhesion molecule 3,MCV,20,39,-0.2724746304565323,"[-0.54, 0.04]",0.08479569816114445,0.6896307142719182,False
Receptor-type tyrosine-protein phosphatase eta,MCV,20,39,-0.15569978883230334,"[-0.44, 0.16]",0.3310112879705762,0.860788962265991,False
ADAMTS-like protein 4,MCV,20,39,-0.17516226243634175,"[-0.46, 0.14]",0.2733431760408897,0.8448096775145966,False
Immunoglobulin lambda variable 3-21,MCV,20,39,-0.17516226243634334,"[-0.46, 0.14]",0.27334317604088565,0.8448096775145966,False
Cartilage oligomeric matrix protein,MCV,20,39,0.23354968324845657,"[-0.08, 0.50]",0.14166704294689741,0.7607516423767026,False
Neural cell adhesion molecule 1,MCV,20,39,-0.23354968324845615,"[-0.50, 0.08]",0.14166704294689786,0.7607516423767026,False
Immunoglobulin lambda variable 2-11,MCV,20,39,-0.05838742081211312,"[-0.36, 0.25]",0.7168964572943446,0.9507803863239565,False
Immunoglobulin kappa variable 1D-33;Immunoglobulin kappa variable 1-33,MCV,20,39,-0.17516226243634325,"[-0.46, 0.14]",0.27334317604088565,0.8448096775145966,False
Beta-2-glycoprotein 1,MCV,20,39,-0.27247463045653236,"[-0.54, 0.04]",0.08479569816114445,0.6896307142719182,False
Vitamin D-binding protein,MCV,20,39,-0.2919371040605716,"[-0.55, 0.02]",0.06401491703617489,0.635668441173849,False
Filamin-A,MCV,20,39,0.07784989441615241,"[-0.24, 0.38]",0.6285262725136624,0.9307504209261677,False
Reelin,MCV,20,39,0.1362373152282659,"[-0.18, 0.43]",0.3956937373521606,0.8942566210002417,False
Immunoglobulin lambda variable 5-39,MCV,20,39,-0.03892494720807696,"[-0.34, 0.27]",0.8090708349321976,0.9671847464778622,False
Fatty acid-binding protein 5,MCV,20,39,0.13623731522826732,"[-0.18, 0.43]",0.3956937373521563,0.8942566210002417,False
"HLA class I histocompatibility antigen, A alpha chain",MCV,20,39,0.019462473604037474,"[-0.29, 0.33]",0.9038668552607364,0.9864156703215041,False
Low affinity immunoglobulin gamma Fc region receptor III-A,MCV,20,39,0.05838742081211401,"[-0.25, 0.36]",0.7168964572943402,0.9507803863239565,False
Heat shock 70 kDa protein 1A;Heat shock 70 kDa protein 1B,MCV,20,39,-0.17516226243634236,"[-0.46, 0.14]",0.2733431760408882,0.8448096775145966,False
Apolipoprotein D,MCV,20,39,-0.03892494720807629,"[-0.34, 0.27]",0.8090708349321976,0.9671847464778622,False
Plexin-B1,MCV,20,39,0.17516226243634356,"[-0.14, 0.46]",0.27334317604088454,0.8448096775145966,False
Immunoglobulin heavy variable 1-58,MCV,20,39,0.019462473604038768,"[-0.29, 0.33]",0.9038668552607364,0.9864156703215041,False
Apolipoprotein C-IV,MCV,20,39,0.21408720964441916,"[-0.10, 0.49]",0.1789232023199724,0.7970464859682194,False
Monocyte differentiation antigen CD14,MCV,20,39,-0.2724746304565322,"[-0.54, 0.04]",0.08479569816114468,0.6896307142719182,False
Protein MENT,MCV,20,39,0.03892494720807672,"[-0.27, 0.34]",0.8090708349321976,0.9671847464778622,False
Immunoglobulin epsilon heavy chain,MCV,20,39,0.0778498944161532,"[-0.24, 0.38]",0.6285262725136624,0.9307504209261677,False
Complement factor H,MCV,20,39,-0.058387420812113566,"[-0.36, 0.25]",0.7168964572943446,0.9507803863239565,False
Stabilin-1,MCV,20,39,-0.15569978883230517,"[-0.44, 0.16]",0.33101128797057067,0.860788962265991,False
Macrophage receptor MARCO,MCV,20,39,0.05838742081211394,"[-0.25, 0.36]",0.7168964572943446,0.9507803863239565,False
Protein POF1B,MCV,20,39,0.2724746304565327,"[-0.04, 0.54]",0.08479569816114423,0.6896307142719182,False
Phosphatidylcholine-sterol acyltransferase,MCV,20,39,0.17516226243634322,"[-0.14, 0.46]",0.27334317604088565,0.8448096775145966,False
Clusterin,MCV,20,39,0.09731236802019001,"[-0.22, 0.39]",0.5449977263108539,0.9307504209261677,False
Platelet-activating factor acetylhydrolase,MCV,20,39,0.05838742081211379,"[-0.25, 0.36]",0.7168964572943446,0.9507803863239565,False
Vasorin,MCV,20,39,0.019462473604037515,"[-0.29, 0.33]",0.9038668552607364,0.9864156703215041,False
Myeloperoxidase,MCV,20,39,-0.019462473604038723,"[-0.33, 0.29]",0.9038668552607364,0.9864156703215041,False
Immunoglobulin lambda variable 5-52,MCV,20,39,-0.25301215685249434,"[-0.52, 0.06]",0.11047574162655283,0.7242274493625929,False
Carboxypeptidase N catalytic chain,MCV,20,39,-0.019462473604038556,"[-0.33, 0.29]",0.9038668552607364,0.9864156703215041,False
Fibrinogen gamma chain,MCV,20,39,0.2335496832484561,"[-0.08, 0.50]",0.14166704294689786,0.7607516423767026,False
Soluble scavenger receptor cysteine-rich domain-containing protein SSC5D,MCV,20,39,0.17516226243634173,"[-0.14, 0.46]",0.2733431760408897,0.8448096775145966,False
Tetranectin,MCV,20,39,-0.09731236802019108,"[-0.39, 0.22]",0.5449977263108492,0.9307504209261677,False
Apolipoprotein(a),MCV,20,39,0.3113995776646098,"[0.00, 0.56]",0.04749595107591103,0.5721605269144762,False
Alpha-2-antiplasmin,MCV,20,39,-0.2140872096444195,"[-0.49, 0.10]",0.17892320231997064,0.7970464859682194,False
Retroviral-like aspartic protease 1,MCV,20,39,0.3503245248726851,"[0.05, 0.59]",0.024736667987377396,0.45322368856435696,False
Ficolin-3,MCV,20,39,-0.13623731522826552,"[-0.43, 0.18]",0.39569373735216196,0.8942566210002417,False
Immunoglobulin kappa variable 2-24,MCV,20,39,-4.4295756938292953e-16,"[-0.31, 0.31]",1.0,1.0,False
Immunoglobulin superfamily containing leucine-rich repeat protein,MCV,20,39,-0.17516226243634295,"[-0.46, 0.14]",0.2733431760408862,0.8448096775145966,False
Complement factor D,MCV,20,39,-0.07784989441615138,"[-0.38, 0.24]",0.6285262725136687,0.9307504209261677,False
Vitamin K-dependent protein Z,MCV,20,39,-0.0194624736040388,"[-0.33, 0.29]",0.9038668552607364,0.9864156703215041,False
EGF-containing fibulin-like extracellular matrix protein 1,MCV,20,39,-0.2530121568524944,"[-0.52, 0.06]",0.11047574162655283,0.7242274493625929,False
Dipeptidase 2,MCV,20,39,-4.3215372622724845e-17,"[-0.31, 0.31]",1.0,1.0,False
Myeloblastin,MCV,20,39,0.1556997888323029,"[-0.16, 0.44]",0.33101128797057744,0.860788962265991,False
Neurogenic locus notch homolog protein 1,MCV,20,39,-0.019462473604038553,"[-0.33, 0.29]",0.9038668552607364,0.9864156703215041,False
Vitamin K-dependent protein S,MCV,20,39,0.2140872096444197,"[-0.10, 0.49]",0.17892320231997064,0.7970464859682194,False
Dermcidin,MCV,20,39,0.2724746304565336,"[-0.04, 0.54]",0.08479569816114299,0.6896307142719182,False
Immunoglobulin heavy variable 3-73,MCV,20,39,-0.058387420812113885,"[-0.36, 0.25]",0.7168964572943446,0.9507803863239565,False
Alpha-2-macroglobulin,MCV,20,39,-0.07784989441615246,"[-0.38, 0.24]",0.6285262725136624,0.9307504209261677,False
Cation-independent mannose-6-phosphate receptor,MCV,20,39,0.019462473604038563,"[-0.29, 0.33]",0.9038668552607364,0.9864156703215041,False
Chromodomain-helicase-DNA-binding protein 1;Chromodomain-helicase-DNA-binding protein 2;Chromodomain-helicase-DNA-binding protein 9;Chromodomain-helicase-DNA-binding protein 6;Chromodomain-helicase-DNA-binding protein 8;Chromodomain-helicase-DNA-binding protein 7,MCV,20,39,-0.19462473604038139,"[-0.47, 0.12]",0.22270450260215552,0.8448096775145966,False
Ceruloplasmin,MCV,20,39,-0.2530121568524957,"[-0.52, 0.06]",0.11047574162655124,0.7242274493625929,False
Prostaglandin-H2 D-isomerase,MCV,20,39,-0.25301215685249456,"[-0.52, 0.06]",0.1104757416265525,0.7242274493625929,False
Protein S100-A9,MCV,20,39,0.11677484162422964,"[-0.20, 0.41]",0.46716873103751533,0.9307504209261677,False
Immunoglobulin J chain,MCV,20,39,0.1362373152282674,"[-0.18, 0.43]",0.3956937373521563,0.8942566210002417,False
Probable non-functional immunoglobulin kappa variable 3-7,MCH,20,39,1.2287917140018453e-15,"[-0.31, 0.31]",1.0,1.0,False
Apolipoprotein A-IV,MCH,20,39,0.31622776601683833,"[0.01, 0.57]",0.043983786916771954,0.5652420249953286,False
Coagulation factor XII,MCH,20,39,-1.4971030566941964e-15,"[-0.31, 0.31]",1.0,1.0,False
Mannan-binding lectin serine protease 1,MCH,20,39,0.07905694150420862,"[-0.23, 0.38]",0.6231952830196288,0.9307504209261677,False
Complement factor I,MCH,20,39,-0.07905694150420753,"[-0.38, 0.23]",0.6231952830196288,0.9307504209261677,False
Platelet glycoprotein Ib alpha chain,MCH,20,39,0.07905694150421078,"[-0.23, 0.38]",0.6231952830196195,0.9307504209261677,False
Hepatocyte growth factor-like protein,MCH,20,39,-0.07905694150420753,"[-0.38, 0.23]",0.6231952830196288,0.9307504209261677,False
Profilin-1,MCH,20,39,-0.15811388300841916,"[-0.44, 0.16]",0.32347494517138187,0.860788962265991,False
Peptidase inhibitor 16,MCH,20,39,0.1581138830084183,"[-0.16, 0.44]",0.3234749451713853,0.860788962265991,False
Cell surface glycoprotein MUC18,MCH,20,39,-2.92569455714725e-16,"[-0.31, 0.31]",1.0,1.0,False
Adhesion G-protein coupled receptor G6,MCH,20,39,0.23717082451262797,"[-0.08, 0.51]",0.13541994799643758,0.7605654126839256,False
Immunoglobulin heavy variable 1-69,MCH,20,39,-0.07905694150420788,"[-0.38, 0.23]",0.6231952830196288,0.9307504209261677,False
Insulin-like growth factor-binding protein complex acid labile subunit,MCH,20,39,0.316227766016839,"[0.01, 0.57]",0.04398378691677145,0.5652420249953286,False
Plasma serine protease inhibitor,MCH,20,39,-0.07905694150420937,"[-0.38, 0.23]",0.6231952830196226,0.9307504209261677,False
Immunoglobulin heavy variable 1-69D,MCH,20,39,-0.1581138830084198,"[-0.44, 0.16]",0.3234749451713805,0.860788962265991,False
Pancreatic adenocarcinoma up-regulated factor,MCH,20,39,1.4628472785736259e-15,"[-0.31, 0.31]",1.0,1.0,False
Immunoglobulin heavy variable 3-64D,MCH,20,39,-1.360447969073471e-15,"[-0.31, 0.31]",1.0,1.0,False
Neutrophil gelatinase-associated lipocalin,MCH,20,39,-0.23717082451262922,"[-0.51, 0.08]",0.1354199479964351,0.7605654126839256,False
Lysosome-associated membrane glycoprotein 2,MCH,20,39,0.15811388300842,"[-0.16, 0.44]",0.3234749451713805,0.860788962265991,False
Corneodesmosin,MCH,20,39,1.3165625507162627e-16,"[-0.31, 0.31]",1.0,1.0,False
Collagen alpha-1(XVIII) chain,MCH,20,39,0.07905694150421075,"[-0.23, 0.38]",0.6231952830196195,0.9307504209261677,False
Lipopolysaccharide-binding protein,MCH,20,39,0.0790569415042082,"[-0.23, 0.38]",0.6231952830196288,0.9307504209261677,False
Immunoglobulin heavy variable 3-49,MCH,20,39,0.23717082451262841,"[-0.08, 0.51]",0.1354199479964372,0.7605654126839256,False
SPARC-like protein 1,MCH,20,39,-6.7290974814386755e-16,"[-0.31, 0.31]",1.0,1.0,False
Ras-associated and pleckstrin homology domains-containing protein 1,MCH,20,39,7.021666937153401e-16,"[-0.31, 0.31]",1.0,1.0,False
Alpha-1-acid glycoprotein 2,MCH,20,39,1.2873056051447901e-15,"[-0.31, 0.31]",1.0,1.0,False
Immunoglobulin heavy variable 3-20,MCH,20,39,-7.314236392868127e-16,"[-0.31, 0.31]",1.0,1.0,False
Neurogenic locus notch homolog protein 2,MCH,20,39,-0.1581138830084197,"[-0.44, 0.16]",0.32347494517138103,0.860788962265991,False
Apolipoprotein B-100,MCH,20,39,-0.23717082451262758,"[-0.51, 0.08]",0.13541994799643833,0.7605654126839256,False
CD44 antigen,MCH,20,39,-0.0790569415042104,"[-0.38, 0.23]",0.6231952830196195,0.9307504209261677,False
Pigment epithelium-derived factor,MCH,20,39,-0.0790569415042082,"[-0.38, 0.23]",0.6231952830196288,0.9307504209261677,False
Xaa-Pro dipeptidase,MCH,20,39,7.46052112072549e-16,"[-0.31, 0.31]",1.0,1.0,False
Immunoglobulin heavy constant delta,MCH,20,39,0.07905694150421066,"[-0.23, 0.38]",0.6231952830196195,0.9307504209261677,False
Probable non-functional immunoglobulin heavy variable 3-38-3,MCH,20,39,1.1556493500731642e-15,"[-0.31, 0.31]",1.0,1.0,False
Immunoglobulin lambda constant 7,MCH,20,39,-0.15811388300841933,"[-0.44, 0.16]",0.32347494517138103,0.860788962265991,False
Receptor-type tyrosine-protein phosphatase gamma,MCH,20,39,-0.07905694150420874,"[-0.38, 0.23]",0.6231952830196226,0.9307504209261677,False
Afamin,MCH,20,39,0.07905694150420849,"[-0.23, 0.38]",0.6231952830196288,0.9307504209261677,False
Pyruvate kinase PKLR,MCH,20,39,0.07905694150421076,"[-0.23, 0.38]",0.6231952830196195,0.9307504209261677,False
Insulin-like growth factor 2,MCH,20,39,-0.1581138830084193,"[-0.44, 0.16]",0.32347494517138103,0.860788962265991,False
CD109 antigen,MCH,20,39,1.1410208772874286e-15,"[-0.31, 0.31]",1.0,1.0,False
ADP-ribosyl cyclase/cyclic ADP-ribose hydrolase 2,MCH,20,39,0.15811388300841783,"[-0.16, 0.44]",0.3234749451713864,0.860788962265991,False
Dedicator of cytokinesis protein 4,MCH,20,39,-0.07905694150420979,"[-0.38, 0.23]",0.6231952830196195,0.9307504209261677,False
Complement factor H-related protein 2,MCH,20,39,0.07905694150420985,"[-0.23, 0.38]",0.6231952830196195,0.9307504209261677,False
Selenoprotein P,MCH,20,39,1.0386215677872744e-15,"[-0.31, 0.31]",1.0,1.0,False
Adipocyte plasma membrane-associated protein,MCH,20,39,0.07905694150420897,"[-0.23, 0.38]",0.6231952830196226,0.9307504209261677,False
Immunoglobulin heavy constant alpha 2,MCH,20,39,-0.15811388300841964,"[-0.44, 0.16]",0.32347494517138103,0.860788962265991,False
Lactotransferrin,MCH,20,39,-0.31622776601683805,"[-0.57, -0.01]",0.043983786916772065,0.5652420249953286,False
Alpha-enolase,MCH,20,39,-0.1581138830084194,"[-0.44, 0.16]",0.32347494517138103,0.860788962265991,False
Immunoglobulin heavy constant gamma 1,MCH,20,39,-0.07905694150420994,"[-0.38, 0.23]",0.6231952830196195,0.9307504209261677,False
Collectin-10,MCH,20,39,0.15811388300841778,"[-0.16, 0.44]",0.3234749451713864,0.860788962265991,False
Lysosome-associated membrane glycoprotein 1,MCH,20,39,-0.31622776601683805,"[-0.57, -0.01]",0.043983786916772065,0.5652420249953286,False
Cathelicidin antimicrobial peptide,MCH,20,39,0.0790569415042105,"[-0.23, 0.38]",0.6231952830196195,0.9307504209261677,False
Fibroblast growth factor-binding protein 2,MCH,20,39,0.15811388300842003,"[-0.16, 0.44]",0.3234749451713805,0.860788962265991,False
Lymphatic vessel endothelial hyaluronic acid receptor 1,MCH,20,39,0.07905694150420906,"[-0.23, 0.38]",0.6231952830196226,0.9307504209261677,False
Haptoglobin,MCH,20,39,1.6091320064309886e-16,"[-0.31, 0.31]",1.0,1.0,False
Tenascin-X,MCH,20,39,0.15811388300841983,"[-0.16, 0.44]",0.3234749451713805,0.860788962265991,False
Zinc finger protein 512B,MCH,20,39,-1.1117639317159553e-15,"[-0.31, 0.31]",1.0,1.0,False
Immunoglobulin lambda variable 3-19,MCH,20,39,0.1581138830084198,"[-0.16, 0.44]",0.3234749451713805,0.860788962265991,False
Complement C1q subcomponent subunit B,MCH,20,39,-0.15811388300841786,"[-0.44, 0.16]",0.3234749451713864,0.860788962265991,False
Ubiquitin-ribosomal protein eS31 fusion protein,MCH,20,39,0.07905694150420792,"[-0.23, 0.38]",0.6231952830196288,0.9307504209261677,False
Kinesin-like protein KIF21A,MCH,20,39,0.23717082451262814,"[-0.08, 0.51]",0.13541994799643758,0.7605654126839256,False
Attractin,MCH,20,39,0.07905694150421076,"[-0.23, 0.38]",0.6231952830196195,0.9307504209261677,False
Immunoglobulin lambda variable 1-44,MCH,20,39,0.23717082451262952,"[-0.08, 0.51]",0.1354199479964351,0.7605654126839256,False
Immunoglobulin heavy variable 1-46,MCH,20,39,0.15811388300841966,"[-0.16, 0.44]",0.32347494517138103,0.860788962265991,False
Fibulin-1,MCH,20,39,0.39528470752104683,"[0.10, 0.63]",0.010530555882480626,0.3267869277079518,False
Secreted phosphoprotein 24,MCH,20,39,-0.23717082451262939,"[-0.51, 0.08]",0.1354199479964351,0.7605654126839256,False
Scavenger receptor class B member 1,MCH,20,39,-0.15811388300841853,"[-0.44, 0.16]",0.3234749451713853,0.860788962265991,False
Immunoglobulin lambda variable 2-18,MCH,20,39,-0.1581138830084196,"[-0.44, 0.16]",0.32347494517138103,0.860788962265991,False
Collagen alpha-2(VI) chain,MCH,20,39,1.5945035336452516e-15,"[-0.31, 0.31]",1.0,1.0,False
Adiponectin,MCH,20,39,-0.23717082451262972,"[-0.51, 0.08]",0.13541994799643478,0.7605654126839256,False
Nidogen-1,MCH,20,39,-0.07905694150420846,"[-0.38, 0.23]",0.6231952830196288,0.9307504209261677,False
Alpha-1-antitrypsin,MCH,20,39,-8.484514215727025e-16,"[-0.31, 0.31]",1.0,1.0,False
"Sushi, von Willebrand factor type A, EGF and pentraxin domain-containing protein 1",MCH,20,39,-0.07905694150420885,"[-0.38, 0.23]",0.6231952830196226,0.9307504209261677,False
Complement C1s subcomponent,MCH,20,39,6.7290974814386755e-16,"[-0.31, 0.31]",1.0,1.0,False
Alpha-actinin-4,MCH,20,39,-0.3162277660168368,"[-0.57, -0.01]",0.04398378691677294,0.5652420249953286,False
Complement component C1q receptor,MCH,20,39,0.15811388300841842,"[-0.16, 0.44]",0.3234749451713853,0.860788962265991,False
Inter-alpha-trypsin inhibitor heavy chain H3,MCH,20,39,0.1581138830084198,"[-0.16, 0.44]",0.3234749451713805,0.860788962265991,False
Immunoglobulin kappa variable 1D-8,MCH,20,39,-0.3162277660168387,"[-0.57, -0.01]",0.043983786916771565,0.5652420249953286,False
Low-density lipoprotein receptor,MCH,20,39,-0.07905694150420806,"[-0.38, 0.23]",0.6231952830196288,0.9307504209261677,False
Prolactin-inducible protein,MCH,20,39,-0.15811388300841955,"[-0.44, 0.16]",0.32347494517138103,0.860788962265991,False
Hyaluronan-binding protein 2,MCH,20,39,1.1665163831084114e-16,"[-0.31, 0.31]",1.0,1.0,False
N-acetylmuramoyl-L-alanine amidase,MCH,20,39,-9.3622225828712e-16,"[-0.31, 0.31]",1.0,1.0,False
Serpin A11,MCH,20,39,0.07905694150421026,"[-0.23, 0.38]",0.6231952830196195,0.9307504209261677,False
C4b-binding protein alpha chain,MCH,20,39,-0.0790569415042101,"[-0.38, 0.23]",0.6231952830196195,0.9307504209261677,False
Inter-alpha-trypsin inhibitor heavy chain H2,MCH,20,39,-0.15811388300842008,"[-0.44, 0.16]",0.3234749451713805,0.860788962265991,False
Fibrillin-1,MCH,20,39,6.729097481438677e-16,"[-0.31, 0.31]",1.0,1.0,False
Golgi-associated RAB2 interactor protein 1B,MCH,20,39,-0.15811388300842003,"[-0.44, 0.16]",0.3234749451713805,0.860788962265991,False
Neurogenic locus notch homolog protein 3,MCH,20,39,0.15811388300841897,"[-0.16, 0.44]",0.32347494517138187,0.860788962265991,False
Immunoglobulin heavy constant alpha 1,MCH,20,39,-1.3311910235019991e-15,"[-0.31, 0.31]",1.0,1.0,False
Apolipoprotein C-III,MCH,20,39,0.07905694150420817,"[-0.23, 0.38]",0.6231952830196288,0.9307504209261677,False
Glutathione peroxidase 3,MCH,20,39,5.266250202865052e-16,"[-0.31, 0.31]",1.0,1.0,False
Contactin-1,MCH,20,39,0.31622776601683616,"[0.01, 0.57]",0.04398378691677342,0.5652420249953286,False
Stomatin,MCH,20,39,0.2371708245126274,"[-0.08, 0.51]",0.13541994799643872,0.7605654126839256,False
Immunoglobulin heavy variable 3-13,MCH,20,39,-0.15811388300841817,"[-0.44, 0.16]",0.3234749451713853,0.860788962265991,False
Immunoglobulin heavy variable 1-69-2,MCH,20,39,-0.15811388300841794,"[-0.44, 0.16]",0.3234749451713864,0.860788962265991,False
Apolipoprotein E,MCH,20,39,-0.23717082451262933,"[-0.51, 0.08]",0.1354199479964351,0.7605654126839256,False
Mucosal addressin cell adhesion molecule 1,MCH,20,39,0.3952847075210487,"[0.10, 0.63]",0.010530555882480237,0.3267869277079518,False
Protein S100-A11,MCH,20,39,-0.4743416490252574,"[-0.68, -0.20]",0.001729171794842259,0.11196387371603896,False
Complement factor H-related protein 4,MCH,20,39,0.07905694150421008,"[-0.23, 0.38]",0.6231952830196195,0.9307504209261677,False
Immunoglobulin kappa variable 1D-16,MCH,20,39,1.4774757513593614e-15,"[-0.31, 0.31]",1.0,1.0,False
Immunoglobulin lambda variable 1-47,MCH,20,39,-0.31622776601683894,"[-0.57, -0.01]",0.04398378691677145,0.5652420249953286,False
Fructose-bisphosphate aldolase A,MCH,20,39,-0.07905694150420836,"[-0.38, 0.23]",0.6231952830196288,0.9307504209261677,False
Thrombospondin-1,MCH,20,39,0.0790569415042094,"[-0.23, 0.38]",0.6231952830196226,0.9307504209261677,False
Aminopeptidase N,MCH,20,39,-0.23717082451262747,"[-0.51, 0.08]",0.13541994799643872,0.7605654126839256,False
Apolipoprotein M,MCH,20,39,0.15811388300841864,"[-0.16, 0.44]",0.3234749451713853,0.860788962265991,False
Immunoglobulin heavy variable 3-43,MCH,20,39,0.07905694150421037,"[-0.23, 0.38]",0.6231952830196195,0.9307504209261677,False
Cysteine-rich secretory protein 3,MCH,20,39,-5.705104386437141e-16,"[-0.31, 0.31]",1.0,1.0,False
Complement component C8 alpha chain,MCH,20,39,-0.15811388300841786,"[-0.44, 0.16]",0.3234749451713864,0.860788962265991,False
Immunoglobulin heavy variable 2-70D,MCH,20,39,-0.15811388300841747,"[-0.44, 0.16]",0.32347494517138853,0.860788962265991,False
Immunoglobulin heavy variable 3-23,MCH,20,39,-0.0790569415042103,"[-0.38, 0.23]",0.6231952830196195,0.9307504209261677,False
Plasma kallikrein,MCH,20,39,0.15811388300841916,"[-0.16, 0.44]",0.32347494517138187,0.860788962265991,False
Galectin-7,MCH,20,39,9.208203231146086e-16,"[-0.31, 0.31]",1.0,1.0,False
Extracellular superoxide dismutase [Cu-Zn],MCH,20,39,-0.07905694150420889,"[-0.38, 0.23]",0.6231952830196226,0.9307504209261677,False
Immunoglobulin heavy variable 1-8,MCH,20,39,0.07905694150420864,"[-0.23, 0.38]",0.6231952830196288,0.9307504209261677,False
Cystatin-C,MCH,20,39,-4.723182795822365e-16,"[-0.31, 0.31]",1.0,1.0,False
Immunoglobulin lambda-like polypeptide 1,MCH,20,39,0.23717082451262778,"[-0.08, 0.51]",0.13541994799643833,0.7605654126839256,False
Inhibin beta C chain,MCH,20,39,0.07905694150421007,"[-0.23, 0.38]",0.6231952830196195,0.9307504209261677,False
Mannose-binding protein C,MCH,20,39,-0.15811388300841797,"[-0.44, 0.16]",0.3234749451713864,0.860788962265991,False
IgGFc-binding protein,MCH,20,39,-0.0790569415042084,"[-0.38, 0.23]",0.6231952830196288,0.9307504209261677,False
Macrophage mannose receptor 1,MCH,20,39,1.0386215677872742e-15,"[-0.31, 0.31]",1.0,1.0,False
Aromatase,MCH,20,39,6.582812753581313e-16,"[-0.31, 0.31]",1.0,1.0,False
Cadherin-5,MCH,20,39,0.23717082451262952,"[-0.08, 0.51]",0.1354199479964351,0.7605654126839256,False
Immunoglobulin kappa variable 1-8,MCH,20,39,-0.1581138830084193,"[-0.44, 0.16]",0.32347494517138103,0.860788962265991,False
Retinol-binding protein 4,MCH,20,39,0.1581138830084196,"[-0.16, 0.44]",0.32347494517138103,0.860788962265991,False
Complement component C8 beta chain,MCH,20,39,0.15811388300841955,"[-0.16, 0.44]",0.32347494517138103,0.860788962265991,False
Tumor necrosis factor receptor superfamily member 1B,MCH,20,39,4.9107331547143975e-16,"[-0.31, 0.31]",1.0,1.0,False
Formin-2,MCH,20,39,-0.1581138830084199,"[-0.44, 0.16]",0.3234749451713805,0.860788962265991,False
Scavenger receptor cysteine-rich domain-containing protein DMBT1,MCH,20,39,-0.07905694150421043,"[-0.38, 0.23]",0.6231952830196195,0.9307504209261677,False
Apolipoprotein L1,MCH,20,39,0.23717082451262952,"[-0.08, 0.51]",0.1354199479964351,0.7605654126839256,False
Leucine-rich alpha-2-glycoprotein,MCH,20,39,0.15811388300841808,"[-0.16, 0.44]",0.3234749451713864,0.860788962265991,False
Immunoglobulin heavy variable 1-2,MCH,20,39,-5.266250202865051e-16,"[-0.31, 0.31]",1.0,1.0,False
Ras-related protein Rab-10,MCH,20,39,-0.23717082451262886,"[-0.51, 0.08]",0.13541994799643634,0.7605654126839256,False
Immunoglobulin heavy variable 1-24,MCH,20,39,-0.15811388300841966,"[-0.44, 0.16]",0.32347494517138103,0.860788962265991,False
Annexin A3,MCH,20,39,-0.23717082451262708,"[-0.51, 0.08]",0.13541994799643917,0.7605654126839256,False
Hemoglobin subunit beta,MCH,20,39,-0.07905694150420854,"[-0.38, 0.23]",0.6231952830196288,0.9307504209261677,False
Immunoglobulin lambda variable 4-69,MCH,20,39,0.0790569415042084,"[-0.23, 0.38]",0.6231952830196288,0.9307504209261677,False
Elongation factor 2,MCH,20,39,0.07905694150420874,"[-0.23, 0.38]",0.6231952830196226,0.9307504209261677,False
Multiple inositol polyphosphate phosphatase 1,MCH,20,39,0.23717082451262778,"[-0.08, 0.51]",0.13541994799643833,0.7605654126839256,False
Collagen alpha-1(VI) chain,MCH,20,39,0.3162277660168371,"[0.01, 0.57]",0.043983786916772814,0.5652420249953286,False
Hepatocyte growth factor activator,MCH,20,39,-1.3750764418592078e-15,"[-0.31, 0.31]",1.0,1.0,False
Fibrinogen beta chain,MCH,20,39,-0.15811388300842003,"[-0.44, 0.16]",0.3234749451713805,0.860788962265991,False
Hemicentin-1,MCH,20,39,-0.07905694150420794,"[-0.38, 0.23]",0.6231952830196288,0.9307504209261677,False
C-type mannose receptor 2,MCH,20,39,0.0790569415042085,"[-0.23, 0.38]",0.6231952830196288,0.9307504209261677,False
Platelet glycoprotein Ib beta chain,MCH,20,39,-0.07905694150421044,"[-0.38, 0.23]",0.6231952830196195,0.9307504209261677,False
Complement C2,MCH,20,39,0.07905694150421032,"[-0.23, 0.38]",0.6231952830196195,0.9307504209261677,False
Annexin A2,MCH,20,39,4.973680747150326e-16,"[-0.31, 0.31]",1.0,1.0,False
Protein disulfide-isomerase A3,MCH,20,39,-0.15811388300841941,"[-0.44, 0.16]",0.32347494517138103,0.860788962265991,False
Dipeptidyl peptidase 4,MCH,20,39,-0.31622776601683866,"[-0.57, -0.01]",0.043983786916771565,0.5652420249953286,False
Proteasome subunit alpha type-4,MCH,20,39,-0.2371708245126294,"[-0.51, 0.08]",0.1354199479964351,0.7605654126839256,False
Coagulation factor XI,MCH,20,39,0.3162277660168367,"[0.01, 0.57]",0.04398378691677294,0.5652420249953286,False
Collectin-11,MCH,20,39,0.31622776601683644,"[0.01, 0.57]",0.0439837869167733,0.5652420249953286,False
High mobility group protein B1,MCH,20,39,-0.07905694150421023,"[-0.38, 0.23]",0.6231952830196195,0.9307504209261677,False
Immunoglobulin lambda variable 3-16,MCH,20,39,-0.07905694150421001,"[-0.38, 0.23]",0.6231952830196195,0.9307504209261677,False
Prothrombin,MCH,20,39,0.07905694150420933,"[-0.23, 0.38]",0.6231952830196226,0.9307504209261677,False
Immunoglobulin kappa joining 1,MCH,20,39,-0.07905694150420746,"[-0.38, 0.23]",0.6231952830196319,0.9307504209261677,False
Immunoglobulin heavy variable 3-7,MCH,20,39,-1.0971354589302188e-15,"[-0.31, 0.31]",1.0,1.0,False
Immunoglobulin heavy variable 3-74,MCH,20,39,0.0790569415042093,"[-0.23, 0.38]",0.6231952830196226,0.9307504209261677,False
Ezrin,MCH,20,39,-0.15811388300841944,"[-0.44, 0.16]",0.32347494517138103,0.860788962265991,False
Intercellular adhesion molecule 2,MCH,20,39,-0.15811388300841855,"[-0.44, 0.16]",0.3234749451713853,0.860788962265991,False
Lysozyme C,MCH,20,39,-0.07905694150420967,"[-0.38, 0.23]",0.6231952830196226,0.9307504209261677,False
Protein AMBP,MCH,20,39,1.214163241216109e-15,"[-0.31, 0.31]",1.0,1.0,False
Prolyl endopeptidase FAP,MCH,20,39,-3.218264012861976e-16,"[-0.31, 0.31]",1.0,1.0,False
"Actin, cytoplasmic 2",MCH,20,39,-0.23717082451262894,"[-0.51, 0.08]",0.13541994799643595,0.7605654126839256,False
Kallistatin,MCH,20,39,7.60680584858285e-16,"[-0.31, 0.31]",1.0,1.0,False
Hemopexin,MCH,20,39,0.07905694150420825,"[-0.23, 0.38]",0.6231952830196288,0.9307504209261677,False
C4b-binding protein beta chain,MCH,20,39,0.0790569415042089,"[-0.23, 0.38]",0.6231952830196226,0.9307504209261677,False
Peptidyl-prolyl cis-trans isomerase A,MCH,20,39,3.803402924291425e-16,"[-0.31, 0.31]",1.0,1.0,False
Complement C1r subcomponent-like protein,MCH,20,39,0.07905694150420874,"[-0.23, 0.38]",0.6231952830196226,0.9307504209261677,False
Immunoglobulin heavy variable 3-30;Immunoglobulin heavy variable 3-30-5,MCH,20,39,0.15811388300841825,"[-0.16, 0.44]",0.3234749451713853,0.860788962265991,False
Immunoglobulin lambda variable 3-9,MCH,20,39,0.07905694150420892,"[-0.23, 0.38]",0.6231952830196226,0.9307504209261677,False
Immunoglobulin heavy variable 1-45,MCH,20,39,-0.07905694150421108,"[-0.38, 0.23]",0.6231952830196132,0.9307504209261677,False
Hemoglobin subunit gamma-1,MCH,20,39,-0.15811388300841966,"[-0.44, 0.16]",0.32347494517138103,0.860788962265991,False
Apolipoprotein F,MCH,20,39,-0.15811388300841814,"[-0.44, 0.16]",0.3234749451713864,0.860788962265991,False
Immunoglobulin gamma-1 heavy chain,MCH,20,39,9.508507310728565e-16,"[-0.31, 0.31]",1.0,1.0,False
Low affinity immunoglobulin gamma Fc region receptor III-B,MCH,20,39,0.07905694150420839,"[-0.23, 0.38]",0.6231952830196288,0.9307504209261677,False
Multiple epidermal growth factor-like domains protein 8,MCH,20,39,0.07905694150421043,"[-0.23, 0.38]",0.6231952830196195,0.9307504209261677,False
Complement C4-B,MCH,20,39,0.39528470752104633,"[0.10, 0.63]",0.010530555882480749,0.3267869277079518,False
Glyceraldehyde-3-phosphate dehydrogenase,MCH,20,39,-5.705104386437138e-16,"[-0.31, 0.31]",1.0,1.0,False
Complement C1r subcomponent,MCH,20,39,0.07905694150421047,"[-0.23, 0.38]",0.6231952830196195,0.9307504209261677,False
Sex hormone-binding globulin,MCH,20,39,0.31622776601683844,"[0.01, 0.57]",0.04398378691677182,0.5652420249953286,False
Biotinidase,MCH,20,39,0.07905694150421008,"[-0.23, 0.38]",0.6231952830196195,0.9307504209261677,False
Cholinesterase,MCH,20,39,5.558819658579776e-16,"[-0.31, 0.31]",1.0,1.0,False
Immunoglobulin heavy variable 2-5,MCH,20,39,0.07905694150421025,"[-0.23, 0.38]",0.6231952830196195,0.9307504209261677,False
Immunoglobulin lambda variable 1-36,MCH,20,39,-0.1581138830084197,"[-0.44, 0.16]",0.32347494517138103,0.860788962265991,False
Immunoglobulin kappa variable 3-11,MCH,20,39,0.07905694150420815,"[-0.23, 0.38]",0.6231952830196288,0.9307504209261677,False
Immunoglobulin kappa variable 6-21,MCH,20,39,-0.07905694150420849,"[-0.38, 0.23]",0.6231952830196288,0.9307504209261677,False
Immunoglobulin kappa light chain,MCH,20,39,-0.15811388300841797,"[-0.44, 0.16]",0.3234749451713864,0.860788962265991,False
Neuropilin-1,MCH,20,39,-1.316562550716263e-15,"[-0.31, 0.31]",1.0,1.0,False
Ficolin-2,MCH,20,39,-0.2371708245126279,"[-0.51, 0.08]",0.13541994799643758,0.7605654126839256,False
Gamma-glutamyl hydrolase,MCH,20,39,-0.23717082451262914,"[-0.51, 0.08]",0.13541994799643595,0.7605654126839256,False
Keratinocyte proline-rich protein,MCH,20,39,-0.0790569415042104,"[-0.38, 0.23]",0.6231952830196195,0.9307504209261677,False
Kyphoscoliosis peptidase,MCH,20,39,0.1581138830084185,"[-0.16, 0.44]",0.3234749451713853,0.860788962265991,False
Laminin subunit alpha-2,MCH,20,39,-0.1581138830084164,"[-0.44, 0.16]",0.32347494517139186,0.860788962265991,False
Desmoglein-1,MCH,20,39,-1.2434201867875815e-15,"[-0.31, 0.31]",1.0,1.0,False
Immunoglobulin lambda variable 3-27,MCH,20,39,9.069653127156474e-16,"[-0.31, 0.31]",1.0,1.0,False
Myosin-9,MCH,20,39,-0.15811388300841858,"[-0.44, 0.16]",0.3234749451713853,0.860788962265991,False
Versican core protein,MCH,20,39,-1.0093646222158013e-15,"[-0.31, 0.31]",1.0,1.0,False
Proteasome subunit beta type-3,MCH,20,39,-0.15811388300841975,"[-0.44, 0.16]",0.32347494517138103,0.860788962265991,False
Alpha-N-acetylglucosaminidase,MCH,20,39,0.07905694150420814,"[-0.23, 0.38]",0.6231952830196288,0.9307504209261677,False
Caspase-14,MCH,20,39,-8.923368399299115e-16,"[-0.31, 0.31]",1.0,1.0,False
Histidine-rich glycoprotein,MCH,20,39,-6.875382209296038e-16,"[-0.31, 0.31]",1.0,1.0,False
"ATP synthase subunit alpha, mitochondrial",MCH,20,39,-0.23717082451262714,"[-0.51, 0.08]",0.13541994799643917,0.7605654126839256,False
Immunoglobulin kappa constant,MCH,20,39,-0.07905694150420975,"[-0.38, 0.23]",0.6231952830196226,0.9307504209261677,False
Interleukin-1 receptor accessory protein,MCH,20,39,-0.1581138830084191,"[-0.44, 0.16]",0.32347494517138187,0.860788962265991,False
Immunoglobulin lambda variable 9-49,MCH,20,39,0.07905694150420987,"[-0.23, 0.38]",0.6231952830196195,0.9307504209261677,False
Plexin domain-containing protein 2,MCH,20,39,0.3162277660168374,"[0.01, 0.57]",0.04398378691677256,0.5652420249953286,False
Immunoglobulin heavy variable 4-28,MCH,20,39,-0.15811388300841978,"[-0.44, 0.16]",0.32347494517138103,0.860788962265991,False
Desmoplakin,MCH,20,39,-5.558819658579777e-16,"[-0.31, 0.31]",1.0,1.0,False
Endoplasmin,MCH,20,39,-0.07905694150420947,"[-0.38, 0.23]",0.6231952830196226,0.9307504209261677,False
Heparin cofactor 2,MCH,20,39,-1.75541673428835e-16,"[-0.31, 0.31]",1.0,1.0,False
Laminin subunit gamma-1,MCH,20,39,-0.07905694150420985,"[-0.38, 0.23]",0.6231952830196195,0.9307504209261677,False
Polymeric immunoglobulin receptor,MCH,20,39,-0.23717082451262972,"[-0.51, 0.08]",0.13541994799643478,0.7605654126839256,False
Serum amyloid A-4 protein,MCH,20,39,0.3162277660168379,"[0.01, 0.57]",0.043983786916772315,0.5652420249953286,False
Catalase,MCH,20,39,-0.3162277660168373,"[-0.57, -0.01]",0.04398378691677256,0.5652420249953286,False
Complement receptor type 1,MCH,20,39,0.07905694150420839,"[-0.23, 0.38]",0.6231952830196288,0.9307504209261677,False
Immunoglobulin kappa variable 1-27,MCH,20,39,-0.23717082451262977,"[-0.51, 0.08]",0.13541994799643478,0.7605654126839256,False
Immunoglobulin kappa variable 2-30,MCH,20,39,-0.23717082451262755,"[-0.51, 0.08]",0.13541994799643833,0.7605654126839256,False
Protein-glutamine gamma-glutamyltransferase E,MCH,20,39,-9.508507310728563e-16,"[-0.31, 0.31]",1.0,1.0,False
Periostin,MCH,20,39,0.1581138830084195,"[-0.16, 0.44]",0.32347494517138103,0.860788962265991,False
Albumin,MCH,20,39,-0.07905694150421014,"[-0.38, 0.23]",0.6231952830196195,0.9307504209261677,False
Complement factor B,MCH,20,39,7.40273734359984e-16,"[-0.31, 0.31]",1.0,1.0,False
Probable non-functional immunoglobulinn kappa variable 1-37;Probable non-functional immunoglobulinn kappa variable 1D-37,MCH,20,39,-0.079056941504208,"[-0.38, 0.23]",0.6231952830196288,0.9307504209261677,False
Immunoglobulin lambda variable 8-61,MCH,20,39,1.0971354589302188e-15,"[-0.31, 0.31]",1.0,1.0,False
Annexin A1,MCH,20,39,-0.2371708245126268,"[-0.51, 0.08]",0.13541994799643997,0.7605654126839256,False
CD5 antigen-like,MCH,20,39,-0.23717082451262742,"[-0.51, 0.08]",0.13541994799643872,0.7605654126839256,False
RB-associated KRAB zinc finger protein,MCH,20,39,-3.5108334685767017e-16,"[-0.31, 0.31]",1.0,1.0,False
Immunoglobulin lambda variable 7-46,MCH,20,39,-0.07905694150420851,"[-0.38, 0.23]",0.6231952830196288,0.9307504209261677,False
Basement membrane-specific heparan sulfate proteoglycan core protein,MCH,20,39,0.07905694150421021,"[-0.23, 0.38]",0.6231952830196195,0.9307504209261677,False
Vitamin K-dependent protein C,MCH,20,39,0.23717082451262794,"[-0.08, 0.51]",0.13541994799643758,0.7605654126839256,False
Immunoglobulin lambda variable 1-40,MCH,20,39,-0.15811388300841914,"[-0.44, 0.16]",0.32347494517138187,0.860788962265991,False
Pantetheinase,MCH,20,39,-4.827396019292963e-16,"[-0.31, 0.31]",1.0,1.0,False
Neutrophil defensin 1;Neutrophil defensin 3,MCH,20,39,-0.07905694150420807,"[-0.38, 0.23]",0.6231952830196288,0.9307504209261677,False
Immunoglobulin lambda variable 2-8,MCH,20,39,-0.15811388300841944,"[-0.44, 0.16]",0.32347494517138103,0.860788962265991,False
Immunoglobulin heavy variable 1-18,MCH,20,39,-0.07905694150421062,"[-0.38, 0.23]",0.6231952830196195,0.9307504209261677,False
Immunoglobulin kappa variable 3D-15,MCH,20,39,0.23717082451262922,"[-0.08, 0.51]",0.1354199479964351,0.7605654126839256,False
Extracellular matrix protein 1,MCH,20,39,-0.07905694150420954,"[-0.38, 0.23]",0.6231952830196226,0.9307504209261677,False
Tubulin alpha-1B chain,MCH,20,39,-0.07905694150420885,"[-0.38, 0.23]",0.6231952830196226,0.9307504209261677,False
Immunoglobulin lambda variable 5-45,MCH,20,39,-0.23717082451262692,"[-0.51, 0.08]",0.13541994799643917,0.7605654126839256,False
Alpha-2-HS-glycoprotein,MCH,20,39,0.15811388300842,"[-0.16, 0.44]",0.3234749451713805,0.860788962265991,False
Cartilage acidic protein 1,MCH,20,39,0.15811388300841778,"[-0.16, 0.44]",0.3234749451713864,0.860788962265991,False
Coagulation factor IX,MCH,20,39,0.23717082451262816,"[-0.08, 0.51]",0.13541994799643758,0.7605654126839256,False
Integrin alpha-2,MCH,20,39,0.23717082451262958,"[-0.08, 0.51]",0.13541994799643478,0.7605654126839256,False
"Mannosyl-oligosaccharide 1,2-alpha-mannosidase IA",MCH,20,39,0.15811388300841814,"[-0.16, 0.44]",0.3234749451713853,0.860788962265991,False
Endophilin-A3,MCH,20,39,-0.15811388300841794,"[-0.44, 0.16]",0.3234749451713864,0.860788962265991,False
Collagen alpha-1(I) chain,MCH,20,39,0.15811388300842041,"[-0.16, 0.44]",0.32347494517137854,0.860788962265991,False
Carboxypeptidase N subunit 2,MCH,20,39,-1.0239930950015377e-16,"[-0.31, 0.31]",1.0,1.0,False
Scavenger receptor cysteine-rich type 1 protein M130,MCH,20,39,-0.07905694150420889,"[-0.38, 0.23]",0.6231952830196226,0.9307504209261677,False
Annexin A5,MCH,20,39,-0.15811388300841986,"[-0.44, 0.16]",0.3234749451713805,0.860788962265991,False
Platelet factor 4,MCH,20,39,0.0790569415042088,"[-0.23, 0.38]",0.6231952830196226,0.9307504209261677,False
Immunoglobulin heavy variable 3-72,MCH,20,39,-0.15811388300841786,"[-0.44, 0.16]",0.3234749451713864,0.860788962265991,False
Protein HEG homolog 1,MCH,20,39,0.07905694150421036,"[-0.23, 0.38]",0.6231952830196195,0.9307504209261677,False
Sulfhydryl oxidase 1,MCH,20,39,-0.15811388300842,"[-0.44, 0.16]",0.3234749451713805,0.860788962265991,False
Corticosteroid-binding globulin,MCH,20,39,0.15811388300841905,"[-0.16, 0.44]",0.32347494517138187,0.860788962265991,False
Angiopoietin-related protein 6,MCH,20,39,0.07905694150420851,"[-0.23, 0.38]",0.6231952830196288,0.9307504209261677,False
72 kDa type IV collagenase,MCH,20,39,0.15811388300841792,"[-0.16, 0.44]",0.3234749451713864,0.860788962265991,False
Trypsin-3,MCH,20,39,0.07905694150421043,"[-0.23, 0.38]",0.6231952830196195,0.9307504209261677,False
Complement component C9,MCH,20,39,9.65479203858593e-16,"[-0.31, 0.31]",1.0,1.0,False
Pyruvate kinase PKM,MCH,20,39,0.07905694150421043,"[-0.23, 0.38]",0.6231952830196195,0.9307504209261677,False
Immunoglobulin heavy variable 4-34,MCH,20,39,3.071979285004613e-16,"[-0.31, 0.31]",1.0,1.0,False
Immunoglobulin kappa variable 6D-21,MCH,20,39,-1.2873056051447901e-15,"[-0.31, 0.31]",1.0,1.0,False
Immunoglobulin lambda-1 light chain,MCH,20,39,1.1849062956446365e-15,"[-0.31, 0.31]",1.0,1.0,False
Transforming growth factor-beta-induced protein ig-h3,MCH,20,39,6.29024329786659e-16,"[-0.31, 0.31]",1.0,1.0,False
Complement C1q subcomponent subunit A,MCH,20,39,-0.23717082451262755,"[-0.51, 0.08]",0.13541994799643833,0.7605654126839256,False
Prolow-density lipoprotein receptor-related protein 1,MCH,20,39,8.484514215727025e-16,"[-0.31, 0.31]",1.0,1.0,False
Immunoglobulin heavy constant mu,MCH,20,39,-0.15811388300841928,"[-0.44, 0.16]",0.32347494517138103,0.860788962265991,False
UV-stimulated scaffold protein A,MCH,20,39,0.23717082451262736,"[-0.08, 0.51]",0.13541994799643872,0.7605654126839256,False
Complement component C6,MCH,20,39,-0.15811388300841814,"[-0.44, 0.16]",0.3234749451713853,0.860788962265991,False
Angiotensinogen,MCH,20,39,0.1581138830084208,"[-0.16, 0.44]",0.32347494517137854,0.860788962265991,False
Pregnancy zone protein,MCH,20,39,-1.3165625507162624e-15,"[-0.31, 0.31]",1.0,1.0,False
Histone H2A type 1-B/E;Histone H2A type 3;Histone H2A type 1-C,MCH,20,39,1.0239930950015378e-16,"[-0.31, 0.31]",1.0,1.0,False
Desmocollin-1,MCH,20,39,1.316562550716263e-15,"[-0.31, 0.31]",1.0,1.0,False
Protein Z-dependent protease inhibitor,MCH,20,39,0.23717082451262936,"[-0.08, 0.51]",0.1354199479964351,0.7605654126839256,False
Immunoglobulin kappa variable 1-17,MCH,20,39,0.0790569415042102,"[-0.23, 0.38]",0.6231952830196195,0.9307504209261677,False
Fibronectin,MCH,20,39,-0.07905694150421032,"[-0.38, 0.23]",0.6231952830196195,0.9307504209261677,False
Probable non-functional immunoglobulin heavy variable 3-38,MCH,20,39,-0.15811388300841925,"[-0.44, 0.16]",0.32347494517138187,0.860788962265991,False
Nucleoside diphosphate kinase 3,MCH,20,39,0.07905694150421118,"[-0.23, 0.38]",0.6231952830196132,0.9307504209261677,False
Plasma protease C1 inhibitor,MCH,20,39,-3.6571181964340637e-16,"[-0.31, 0.31]",1.0,1.0,False
Immunoglobulin kappa variable 1-16,MCH,20,39,-0.23717082451262775,"[-0.51, 0.08]",0.13541994799643833,0.7605654126839256,False
F-actin-capping protein subunit alpha-1,MCH,20,39,-0.3162277660168383,"[-0.57, -0.01]",0.043983786916771954,0.5652420249953286,False
Cathepsin D,MCH,20,39,1.0678785133587465e-15,"[-0.31, 0.31]",1.0,1.0,False
Anthrax toxin receptor 2,MCH,20,39,-1.3604479690734714e-15,"[-0.31, 0.31]",1.0,1.0,False
Talin-1,MCH,20,39,0.0790569415042092,"[-0.23, 0.38]",0.6231952830196226,0.9307504209261677,False
Protein disulfide-isomerase,MCH,20,39,-2.1942709178604376e-16,"[-0.31, 0.31]",1.0,1.0,False
Junction plakoglobin,MCH,20,39,1.2873056051447905e-15,"[-0.31, 0.31]",1.0,1.0,False
Tenascin,MCH,20,39,0.079056941504208,"[-0.23, 0.38]",0.6231952830196288,0.9307504209261677,False
Cadherin-related family member 5,MCH,20,39,-0.07905694150421032,"[-0.38, 0.23]",0.6231952830196195,0.9307504209261677,False
Kininogen-1,MCH,20,39,-1.3865157746765708e-15,"[-0.31, 0.31]",1.0,1.0,False
Alpha-1-antichymotrypsin,MCH,20,39,-0.07905694150420832,"[-0.38, 0.23]",0.6231952830196288,0.9307504209261677,False
Integrin alpha-IIb,MCH,20,39,-0.1581138830084183,"[-0.44, 0.16]",0.3234749451713853,0.860788962265991,False
Serum amyloid P-component,MCH,20,39,-0.07905694150421022,"[-0.38, 0.23]",0.6231952830196195,0.9307504209261677,False
Inter-alpha-trypsin inhibitor heavy chain H1,MCH,20,39,0.07905694150420878,"[-0.23, 0.38]",0.6231952830196226,0.9307504209261677,False
Probable non-functional immunoglobulin heavy variable 3-35,MCH,20,39,-0.15811388300841983,"[-0.44, 0.16]",0.3234749451713805,0.860788962265991,False
Immunoglobulin kappa variable 1-5,MCH,20,39,-0.15811388300841797,"[-0.44, 0.16]",0.3234749451713864,0.860788962265991,False
Band 3 anion transport protein,MCH,20,39,1.0532500405730105e-15,"[-0.31, 0.31]",1.0,1.0,False
Immunoglobulin lambda variable 7-43,MCH,20,39,0.1581138830084184,"[-0.16, 0.44]",0.3234749451713853,0.860788962265991,False
Peroxiredoxin-1,MCH,20,39,-0.07905694150420987,"[-0.38, 0.23]",0.6231952830196195,0.9307504209261677,False
Matrix metalloproteinase-9,MCH,20,39,-0.23717082451262836,"[-0.51, 0.08]",0.1354199479964372,0.7605654126839256,False
Multimerin-2,MCH,20,39,-0.07905694150420893,"[-0.38, 0.23]",0.6231952830196226,0.9307504209261677,False
Immunoglobulin heavy variable 1-3,MCH,20,39,-1.75541673428835e-16,"[-0.31, 0.31]",1.0,1.0,False
Podocalyxin,MCH,20,39,-0.23717082451262897,"[-0.51, 0.08]",0.13541994799643595,0.7605654126839256,False
Immunoglobulin lambda variable 1-51,MCH,20,39,-0.3952847075210481,"[-0.63, -0.10]",0.010530555882480357,0.3267869277079518,False
Cadherin-13,MCH,20,39,-0.23717082451262764,"[-0.51, 0.08]",0.13541994799643833,0.7605654126839256,False
Plastin-2,MCH,20,39,-0.1581138830084181,"[-0.44, 0.16]",0.3234749451713864,0.860788962265991,False
Inter-alpha-trypsin inhibitor heavy chain H4,MCH,20,39,0.07905694150421042,"[-0.23, 0.38]",0.6231952830196195,0.9307504209261677,False
Fructose-bisphosphate aldolase B,MCH,20,39,0.07905694150421101,"[-0.23, 0.38]",0.6231952830196132,0.9307504209261677,False
Mannan-binding lectin serine protease 2,MCH,20,39,0.07905694150421012,"[-0.23, 0.38]",0.6231952830196195,0.9307504209261677,False
Platelet glycoprotein 4,MCH,20,39,-0.1581138830084188,"[-0.44, 0.16]",0.32347494517138187,0.860788962265991,False
Hemoglobin subunit alpha,MCH,20,39,-0.1581138830084177,"[-0.44, 0.16]",0.3234749451713864,0.860788962265991,False
Immunoglobulin lambda variable 3-10,MCH,20,39,-0.15811388300841944,"[-0.44, 0.16]",0.32347494517138103,0.860788962265991,False
Serum paraoxonase/lactonase 3,MCH,20,39,-0.15811388300841955,"[-0.44, 0.16]",0.32347494517138103,0.860788962265991,False
Dopamine beta-hydroxylase,MCH,20,39,-0.07905694150420972,"[-0.38, 0.23]",0.6231952830196226,0.9307504209261677,False
Triosephosphate isomerase,MCH,20,39,-0.07905694150421001,"[-0.38, 0.23]",0.6231952830196195,0.9307504209261677,False
Endoplasmic reticulum chaperone BiP,MCH,20,39,0.0790569415042114,"[-0.23, 0.38]",0.6231952830196132,0.9307504209261677,False
Suprabasin,MCH,20,39,-9.215937855013838e-16,"[-0.31, 0.31]",1.0,1.0,False
Immunoglobulin kappa variable 3-20,MCH,20,39,-0.07905694150421012,"[-0.38, 0.23]",0.6231952830196195,0.9307504209261677,False
Ficolin-1,MCH,20,39,0.31622776601683866,"[0.01, 0.57]",0.043983786916771565,0.5652420249953286,False
Autotaxin,MCH,20,39,3.510833468576701e-16,"[-0.31, 0.31]",1.0,1.0,False
Histidine ammonia-lyase,MCH,20,39,-0.07905694150420797,"[-0.38, 0.23]",0.6231952830196288,0.9307504209261677,False
Noelin,MCH,20,39,1.4628472785736259e-15,"[-0.31, 0.31]",1.0,1.0,False
Prenylcysteine oxidase 1,MCH,20,39,-0.237170824512628,"[-0.51, 0.08]",0.13541994799643758,0.7605654126839256,False
Immunoglobulin delta heavy chain,MCH,20,39,-6.729097481438677e-16,"[-0.31, 0.31]",1.0,1.0,False
Antithrombin-III,MCH,20,39,0.07905694150420865,"[-0.23, 0.38]",0.6231952830196288,0.9307504209261677,False
Complement component C7,MCH,20,39,-0.15811388300841814,"[-0.44, 0.16]",0.3234749451713853,0.860788962265991,False
BOS complex subunit NOMO3;BOS complex subunit NOMO1;BOS complex subunit NOMO2,MCH,20,39,-1.3750764418592082e-15,"[-0.31, 0.31]",1.0,1.0,False
Cofilin-1,MCH,20,39,-0.23717082451262908,"[-0.51, 0.08]",0.13541994799643595,0.7605654126839256,False
Histone H4,MCH,20,39,0.15811388300841867,"[-0.16, 0.44]",0.3234749451713853,0.860788962265991,False
Serum amyloid A-1 protein,MCH,20,39,0.3162277660168371,"[0.01, 0.57]",0.043983786916772814,0.5652420249953286,False
Transferrin receptor protein 1,MCH,20,39,0.07905694150420854,"[-0.23, 0.38]",0.6231952830196288,0.9307504209261677,False
Serpin B12,MCH,20,39,-0.07905694150421007,"[-0.38, 0.23]",0.6231952830196195,0.9307504209261677,False
Immunoglobulin kappa variable 3D-20,MCH,20,39,-0.1581138830084175,"[-0.44, 0.16]",0.32347494517138853,0.860788962265991,False
Probable non-functional immunoglobulin heavy variable 3-16,MCH,20,39,-0.23717082451262922,"[-0.51, 0.08]",0.1354199479964351,0.7605654126839256,False
Immunoglobulin lambda variable 6-57,MCH,20,39,1.058844388043238e-15,"[-0.31, 0.31]",1.0,1.0,False
Fibrinogen alpha chain,MCH,20,39,0.07905694150420914,"[-0.23, 0.38]",0.6231952830196226,0.9307504209261677,False
Galectin-3-binding protein,MCH,20,39,-0.07905694150420879,"[-0.38, 0.23]",0.6231952830196226,0.9307504209261677,False
Macrophage colony-stimulating factor 1 receptor,MCH,20,39,-0.15811388300841953,"[-0.44, 0.16]",0.32347494517138103,0.860788962265991,False
Phosphatidylinositol-glycan-specific phospholipase D,MCH,20,39,0.15811388300841758,"[-0.16, 0.44]",0.32347494517138853,0.860788962265991,False
Serotransferrin,MCH,20,39,-7.640022641573538e-16,"[-0.31, 0.31]",1.0,1.0,False
Integrin alpha-11,MCH,20,39,-0.15811388300841928,"[-0.44, 0.16]",0.32347494517138103,0.860788962265991,False
Proprotein convertase subtilisin/kexin type 9,MCH,20,39,-9.069653127156478e-16,"[-0.31, 0.31]",1.0,1.0,False
Gelsolin,MCH,20,39,9.362222582871203e-16,"[-0.31, 0.31]",1.0,1.0,False
Proteoglycan 4,MCH,20,39,0.2371708245126274,"[-0.08, 0.51]",0.13541994799643872,0.7605654126839256,False
Vascular cell adhesion protein 1,MCH,20,39,0.07905694150421032,"[-0.23, 0.38]",0.6231952830196195,0.9307504209261677,False
Adhesion G protein-coupled receptor F5,MCH,20,39,-0.15811388300841817,"[-0.44, 0.16]",0.3234749451713853,0.860788962265991,False
Insulin-like growth factor-binding protein 3,MCH,20,39,-0.23717082451262864,"[-0.51, 0.08]",0.13541994799643634,0.7605654126839256,False
Transthyretin,MCH,20,39,0.07905694150420915,"[-0.23, 0.38]",0.6231952830196226,0.9307504209261677,False
Coiled-coil domain-containing protein 126,MCH,20,39,0.4743416490252564,"[0.20, 0.68]",0.0017291717948423005,0.11196387371603896,False
Guanine nucleotide-binding protein G(i) subunit alpha-2,MCH,20,39,-0.15811388300841914,"[-0.44, 0.16]",0.32347494517138187,0.860788962265991,False
Apolipoprotein C-I,MCH,20,39,-4.827396019292964e-16,"[-0.31, 0.31]",1.0,1.0,False
Syntenin-1,MCH,20,39,0.15811388300842044,"[-0.16, 0.44]",0.32347494517137854,0.860788962265991,False
Phospholipid transfer protein,MCH,20,39,0.2371708245126282,"[-0.08, 0.51]",0.1354199479964372,0.7605654126839256,False
Laminin subunit beta-1,MCH,20,39,-0.15811388300841744,"[-0.44, 0.16]",0.32347494517138853,0.860788962265991,False
Proline-rich protein 4,MCH,20,39,0.07905694150420903,"[-0.23, 0.38]",0.6231952830196226,0.9307504209261677,False
Immunoglobulin kappa variable 2-28;Immunoglobulin kappa variable 2D-28,MCH,20,39,-0.23717082451262889,"[-0.51, 0.08]",0.13541994799643595,0.7605654126839256,False
Complement C3,MCH,20,39,-0.07905694150420998,"[-0.38, 0.23]",0.6231952830196195,0.9307504209261677,False
Thyroxine-binding globulin,MCH,20,39,0.07905694150420914,"[-0.23, 0.38]",0.6231952830196226,0.9307504209261677,False
Immunoglobulin kappa variable 1D-13;Immunoglobulin kappa variable 1-13,MCH,20,39,-0.15811388300841767,"[-0.44, 0.16]",0.3234749451713864,0.860788962265991,False
Complement factor H-related protein 5,MCH,20,39,0.23717082451262975,"[-0.08, 0.51]",0.13541994799643478,0.7605654126839256,False
Immunoglobulin lambda variable 2-23,MCH,20,39,-0.3952847075210472,"[-0.63, -0.10]",0.010530555882480535,0.3267869277079518,False
Coagulation factor VII,MCH,20,39,0.07905694150421075,"[-0.23, 0.38]",0.6231952830196195,0.9307504209261677,False
Immunoglobulin heavy constant gamma 4,MCH,20,39,-0.23717082451262883,"[-0.51, 0.08]",0.13541994799643634,0.7605654126839256,False
L-lactate dehydrogenase B chain,MCH,20,39,-0.07905694150421001,"[-0.38, 0.23]",0.6231952830196195,0.9307504209261677,False
Zinc-alpha-2-glycoprotein,MCH,20,39,0.07905694150420896,"[-0.23, 0.38]",0.6231952830196226,0.9307504209261677,False
"Dihydrolipoyllysine-residue succinyltransferase component of 2-oxoglutarate dehydrogenase complex, mitochondrial",MCH,20,39,0.07905694150420928,"[-0.23, 0.38]",0.6231952830196226,0.9307504209261677,False
Serpin B3,MCH,20,39,-6.875382209296039e-16,"[-0.31, 0.31]",1.0,1.0,False
Immunoglobulin heavy variable 3-33,MCH,20,39,-0.07905694150420886,"[-0.38, 0.23]",0.6231952830196226,0.9307504209261677,False
Follistatin-related protein 1,MCH,20,39,-0.31622776601683755,"[-0.57, -0.01]",0.04398378691677243,0.5652420249953286,False
Cholesteryl ester transfer protein,MCH,20,39,-1.0532500405730103e-15,"[-0.31, 0.31]",1.0,1.0,False
Complement C1q subcomponent subunit C,MCH,20,39,-0.15811388300841733,"[-0.44, 0.16]",0.32347494517138853,0.860788962265991,False
Immunoglobulin heavy variable 4-30-2,MCH,20,39,-0.15811388300841903,"[-0.44, 0.16]",0.32347494517138187,0.860788962265991,False
Thrombospondin-4,MCH,20,39,1.3458194962877355e-15,"[-0.31, 0.31]",1.0,1.0,False
Transketolase,MCH,20,39,-0.31622776601683844,"[-0.57, -0.01]",0.04398378691677182,0.5652420249953286,False
Complement receptor type 2,MCH,20,39,0.15811388300841991,"[-0.16, 0.44]",0.3234749451713805,0.860788962265991,False
Immunoglobulin kappa variable 2-40;Immunoglobulin kappa variable 2D-40,MCH,20,39,-0.3952847075210477,"[-0.63, -0.10]",0.010530555882480447,0.3267869277079518,False
Immunoglobulin kappa variable 3D-7,MCH,20,39,-0.3162277660168381,"[-0.57, -0.01]",0.043983786916771954,0.5652420249953286,False
Immunoglobulin heavy variable 3-64,MCH,20,39,0.15811388300841792,"[-0.16, 0.44]",0.3234749451713864,0.860788962265991,False
Vitronectin,MCH,20,39,0.23717082451262758,"[-0.08, 0.51]",0.13541994799643833,0.7605654126839256,False
Complement component C8 gamma chain,MCH,20,39,-7.899375304297575e-16,"[-0.31, 0.31]",1.0,1.0,False
Immunoglobulin heavy variable 5-51,MCH,20,39,-8.77708367144175e-16,"[-0.31, 0.31]",1.0,1.0,False
Coagulation factor V,MCH,20,39,8.338229487869665e-16,"[-0.31, 0.31]",1.0,1.0,False
Protein S100-A7,MCH,20,39,-3.3645487407193387e-16,"[-0.31, 0.31]",1.0,1.0,False
Arginase-1,MCH,20,39,-5.705104386437138e-16,"[-0.31, 0.31]",1.0,1.0,False
Protein-glutamine gamma-glutamyltransferase K,MCH,20,39,-0.15811388300841894,"[-0.44, 0.16]",0.32347494517138187,0.860788962265991,False
Immunoglobulin kappa variable 4-1,MCH,20,39,0.0790569415042105,"[-0.23, 0.38]",0.6231952830196195,0.9307504209261677,False
Coagulation factor XIII B chain,MCH,20,39,-0.07905694150420839,"[-0.38, 0.23]",0.6231952830196288,0.9307504209261677,False
Apolipoprotein C-II,MCH,20,39,-0.23717082451262908,"[-0.51, 0.08]",0.13541994799643595,0.7605654126839256,False
Bone marrow proteoglycan,MCH,20,39,-0.0790569415042093,"[-0.38, 0.23]",0.6231952830196226,0.9307504209261677,False
Apolipoprotein A-I,MCH,20,39,0.31622776601683705,"[0.01, 0.57]",0.043983786916772814,0.5652420249953286,False
Coagulation factor X,MCH,20,39,0.07905694150421043,"[-0.23, 0.38]",0.6231952830196195,0.9307504209261677,False
Thioredoxin,MCH,20,39,0.07905694150421043,"[-0.23, 0.38]",0.6231952830196195,0.9307504209261677,False
Immunoglobulin heavy variable 3-15,MCH,20,39,-0.15811388300841744,"[-0.44, 0.16]",0.32347494517138853,0.860788962265991,False
Proteasome subunit beta type-2,MCH,20,39,-0.23717082451262886,"[-0.51, 0.08]",0.13541994799643634,0.7605654126839256,False
Apolipoprotein A-II,MCH,20,39,-6.582812753581314e-16,"[-0.31, 0.31]",1.0,1.0,False
Immunoglobulin heavy constant gamma 2,MCH,20,39,-0.0790569415042106,"[-0.38, 0.23]",0.6231952830196195,0.9307504209261677,False
Plakophilin-1,MCH,20,39,1.6091320064309886e-15,"[-0.31, 0.31]",1.0,1.0,False
Fetuin-B,MCH,20,39,0.3162277660168373,"[0.01, 0.57]",0.04398378691677256,0.5652420249953286,False
Complement factor H-related protein 3,MCH,20,39,-0.07905694150421025,"[-0.38, 0.23]",0.6231952830196195,0.9307504209261677,False
Plasminogen,MCH,20,39,-5.412534930722414e-16,"[-0.31, 0.31]",1.0,1.0,False
Fermitin family homolog 3,MCH,20,39,-2.486840373575163e-16,"[-0.31, 0.31]",1.0,1.0,False
Immunoglobulin heavy variable 3-21,MCH,20,39,-0.07905694150420942,"[-0.38, 0.23]",0.6231952830196226,0.9307504209261677,False
Immunoglobulin heavy variable 2-26,MCH,20,39,-0.23717082451262902,"[-0.51, 0.08]",0.13541994799643595,0.7605654126839256,False
Immunoglobulin kappa variable 1-12;Immunoglobulin kappa variable 1D-12,MCH,20,39,-0.1581138830084181,"[-0.44, 0.16]",0.3234749451713864,0.860788962265991,False
Immunoglobulin heavy constant gamma 3,MCH,20,39,-9.801076766443288e-16,"[-0.31, 0.31]",1.0,1.0,False
Immunoglobulin kappa variable 2D-29,MCH,20,39,5.558819658579777e-16,"[-0.31, 0.31]",1.0,1.0,False
Neogenin,MCH,20,39,-0.07905694150421026,"[-0.38, 0.23]",0.6231952830196195,0.9307504209261677,False
Immunoglobulin heavy variable 6-1,MCH,20,39,-1.4043333874306797e-15,"[-0.31, 0.31]",1.0,1.0,False
L-selectin,MCH,20,39,-0.31622776601683816,"[-0.57, -0.01]",0.043983786916771954,0.5652420249953286,False
Immunoglobulin lambda constant 3,MCH,20,39,-0.15811388300841864,"[-0.44, 0.16]",0.3234749451713853,0.860788962265991,False
A disintegrin and metalloproteinase with thrombospondin motifs 13,MCH,20,39,1.1263924045016917e-15,"[-0.31, 0.31]",1.0,1.0,False
von Willebrand factor,MCH,20,39,1.3019340779305265e-15,"[-0.31, 0.31]",1.0,1.0,False
Neutral alpha-glucosidase AB,MCH,20,39,-0.15811388300841817,"[-0.44, 0.16]",0.3234749451713853,0.860788962265991,False
Carbonic anhydrase 1,MCH,20,39,-0.15811388300841747,"[-0.44, 0.16]",0.32347494517138853,0.860788962265991,False
Immunoglobulin lambda variable 4-60,MCH,20,39,-0.1581138830084191,"[-0.44, 0.16]",0.32347494517138187,0.860788962265991,False
Integrin beta-1,MCH,20,39,-0.07905694150420978,"[-0.38, 0.23]",0.6231952830196226,0.9307504209261677,False
Immunoglobulin lambda variable 3-12,MCH,20,39,-0.1581138830084202,"[-0.44, 0.16]",0.3234749451713805,0.860788962265991,False
Alpha-amylase 1B;Alpha-amylase 1C;Alpha-amylase 1A,MCH,20,39,-0.07905694150421097,"[-0.38, 0.23]",0.6231952830196132,0.9307504209261677,False
Lumican,MCH,20,39,-0.07905694150420794,"[-0.38, 0.23]",0.6231952830196288,0.9307504209261677,False
Beta-Ala-His dipeptidase,MCH,20,39,0.07905694150420842,"[-0.23, 0.38]",0.6231952830196288,0.9307504209261677,False
Immunoglobulin alpha-2 heavy chain,MCH,20,39,-0.23717082451262972,"[-0.51, 0.08]",0.13541994799643478,0.7605654126839256,False
Complement C5,MCH,20,39,-0.23717082451262775,"[-0.51, 0.08]",0.13541994799643833,0.7605654126839256,False
Protein S100-A8,MCH,20,39,-0.39528470752104616,"[-0.63, -0.10]",0.010530555882480776,0.3267869277079518,False
Immunoglobulin lambda variable 3-25,MCH,20,39,-0.07905694150421061,"[-0.38, 0.23]",0.6231952830196195,0.9307504209261677,False
Leukocyte immunoglobulin-like receptor subfamily B member 3;Leukocyte immunoglobulin-like receptor subfamily A member 6,MCH,20,39,0.07905694150421107,"[-0.23, 0.38]",0.6231952830196132,0.9307504209261677,False
Collagen alpha-3(VI) chain,MCH,20,39,0.23717082451262814,"[-0.08, 0.51]",0.13541994799643758,0.7605654126839256,False
Immunoglobulin kappa variable 1-39;Immunoglobulin kappa variable 1D-39,MCH,20,39,0.07905694150420847,"[-0.23, 0.38]",0.6231952830196288,0.9307504209261677,False
Bleomycin hydrolase,MCH,20,39,0.07905694150420851,"[-0.23, 0.38]",0.6231952830196288,0.9307504209261677,False
CD166 antigen,MCH,20,39,-0.15811388300841844,"[-0.44, 0.16]",0.3234749451713853,0.860788962265991,False
Beta-2-microglobulin,MCH,20,39,-0.1581138830084186,"[-0.44, 0.16]",0.3234749451713853,0.860788962265991,False
Amino acid transporter heavy chain SLC3A2,MCH,20,39,0.0790569415042083,"[-0.23, 0.38]",0.6231952830196288,0.9307504209261677,False
Haptoglobin-related protein,MCH,20,39,5.705104386437137e-16,"[-0.31, 0.31]",1.0,1.0,False
Alpha-1-acid glycoprotein 1,MCH,20,39,0.1581138830084198,"[-0.16, 0.44]",0.3234749451713805,0.860788962265991,False
Serum paraoxonase/arylesterase 1,MCH,20,39,0.15811388300841833,"[-0.16, 0.44]",0.3234749451713853,0.860788962265991,False
Target of Nesh-SH3,MCH,20,39,-0.07905694150421029,"[-0.38, 0.23]",0.6231952830196195,0.9307504209261677,False
Intercellular adhesion molecule 1,MCH,20,39,0.15811388300841847,"[-0.16, 0.44]",0.3234749451713853,0.860788962265991,False
Complement C4-A,MCH,20,39,-1.4335903330021526e-15,"[-0.31, 0.31]",1.0,1.0,False
Coagulation factor XIII A chain,MCH,20,39,-0.15811388300841803,"[-0.44, 0.16]",0.3234749451713864,0.860788962265991,False
Immunoglobulin mu heavy chain,MCH,20,39,-0.23717082451262955,"[-0.51, 0.08]",0.13541994799643478,0.7605654126839256,False
Oncoprotein-induced transcript 3 protein,MCH,20,39,-1.1556493500731642e-15,"[-0.31, 0.31]",1.0,1.0,False
Peroxiredoxin-2,MCH,20,39,-0.15811388300841966,"[-0.44, 0.16]",0.32347494517138103,0.860788962265991,False
Tissue factor pathway inhibitor,MCH,20,39,-0.07905694150421035,"[-0.38, 0.23]",0.6231952830196195,0.9307504209261677,False
Progranulin,MCH,20,39,0.07905694150420992,"[-0.23, 0.38]",0.6231952830196195,0.9307504209261677,False
Histone H2B type 1-K;Histone H2B type F-S,MCH,20,39,0.07905694150420789,"[-0.23, 0.38]",0.6231952830196288,0.9307504209261677,False
Hemoglobin subunit delta,MCH,20,39,-0.07905694150420824,"[-0.38, 0.23]",0.6231952830196288,0.9307504209261677,False
Glutathione S-transferase P,MCH,20,39,0.0790569415042088,"[-0.23, 0.38]",0.6231952830196226,0.9307504209261677,False
Annexin A6,MCH,20,39,-0.07905694150421048,"[-0.38, 0.23]",0.6231952830196195,0.9307504209261677,False
Complement factor H-related protein 1,MCH,20,39,-0.15811388300842,"[-0.44, 0.16]",0.3234749451713805,0.860788962265991,False
Protein KPLCE,MCH,20,39,-0.07905694150421012,"[-0.38, 0.23]",0.6231952830196195,0.9307504209261677,False
Immunoglobulin heavy variable 4-4,MCH,20,39,0.07905694150421105,"[-0.23, 0.38]",0.6231952830196132,0.9307504209261677,False
Alpha-1B-glycoprotein,MCH,20,39,-8.923368399299113e-16,"[-0.31, 0.31]",1.0,1.0,False
Properdin,MCH,20,39,-0.1581138830084183,"[-0.44, 0.16]",0.3234749451713853,0.860788962265991,False
Immunoglobulin heavy variable 3-53,MCH,20,39,-0.23717082451262925,"[-0.51, 0.08]",0.1354199479964351,0.7605654126839256,False
Calmodulin-like protein 5,MCH,20,39,-0.07905694150421032,"[-0.38, 0.23]",0.6231952830196195,0.9307504209261677,False
Carboxypeptidase B2,MCH,20,39,-0.15811388300841772,"[-0.44, 0.16]",0.3234749451713864,0.860788962265991,False
"Sushi, nidogen and EGF-like domain-containing protein 1",MCH,20,39,0.07905694150420914,"[-0.23, 0.38]",0.6231952830196226,0.9307504209261677,False
Proteasome subunit alpha type-5,MCH,20,39,-0.15811388300841928,"[-0.44, 0.16]",0.32347494517138103,0.860788962265991,False
Bifunctional heparan sulfate N-deacetylase/N-sulfotransferase 4,MCH,20,39,0.23717082451262994,"[-0.08, 0.51]",0.135419947996434,0.7605654126839256,False
Immunoglobulin heavy variable 3-9,MCH,20,39,-0.23717082451262797,"[-0.51, 0.08]",0.13541994799643758,0.7605654126839256,False
Neural cell adhesion molecule L1-like protein,MCH,20,39,-0.3162277660168365,"[-0.57, -0.01]",0.04398378691677306,0.5652420249953286,False
Proteasome subunit alpha type-2,MCH,20,39,-0.31622776601683866,"[-0.57, -0.01]",0.043983786916771565,0.5652420249953286,False
Intercellular adhesion molecule 3,MCH,20,39,0.2371708245126293,"[-0.08, 0.51]",0.1354199479964351,0.7605654126839256,False
Receptor-type tyrosine-protein phosphatase eta,MCH,20,39,0.1581138830084205,"[-0.16, 0.44]",0.32347494517137854,0.860788962265991,False
ADAMTS-like protein 4,MCH,20,39,-0.07905694150420826,"[-0.38, 0.23]",0.6231952830196288,0.9307504209261677,False
Immunoglobulin lambda variable 3-21,MCH,20,39,-0.15811388300842003,"[-0.44, 0.16]",0.3234749451713805,0.860788962265991,False
Cartilage oligomeric matrix protein,MCH,20,39,-0.23717082451262855,"[-0.51, 0.08]",0.13541994799643634,0.7605654126839256,False
Neural cell adhesion molecule 1,MCH,20,39,-0.07905694150420851,"[-0.38, 0.23]",0.6231952830196288,0.9307504209261677,False
Immunoglobulin lambda variable 2-11,MCH,20,39,-0.23717082451262708,"[-0.51, 0.08]",0.13541994799643917,0.7605654126839256,False
Immunoglobulin kappa variable 1D-33;Immunoglobulin kappa variable 1-33,MCH,20,39,-9.362222582871203e-16,"[-0.31, 0.31]",1.0,1.0,False
Beta-2-glycoprotein 1,MCH,20,39,-0.07905694150420858,"[-0.38, 0.23]",0.6231952830196288,0.9307504209261677,False
Vitamin D-binding protein,MCH,20,39,0.1581138830084185,"[-0.16, 0.44]",0.3234749451713853,0.860788962265991,False
Filamin-A,MCH,20,39,-0.15811388300841858,"[-0.44, 0.16]",0.3234749451713853,0.860788962265991,False
Reelin,MCH,20,39,-0.07905694150421025,"[-0.38, 0.23]",0.6231952830196195,0.9307504209261677,False
Immunoglobulin lambda variable 5-39,MCH,20,39,-1.1117639317159553e-15,"[-0.31, 0.31]",1.0,1.0,False
Fatty acid-binding protein 5,MCH,20,39,0.07905694150421054,"[-0.23, 0.38]",0.6231952830196195,0.9307504209261677,False
"HLA class I histocompatibility antigen, A alpha chain",MCH,20,39,-8.630798943584388e-16,"[-0.31, 0.31]",1.0,1.0,False
Low affinity immunoglobulin gamma Fc region receptor III-A,MCH,20,39,0.31622776601683766,"[0.01, 0.57]",0.043983786916772315,0.5652420249953286,False
Heat shock 70 kDa protein 1A;Heat shock 70 kDa protein 1B,MCH,20,39,3.9496876521487877e-16,"[-0.31, 0.31]",1.0,1.0,False
Apolipoprotein D,MCH,20,39,0.07905694150420922,"[-0.23, 0.38]",0.6231952830196226,0.9307504209261677,False
Plexin-B1,MCH,20,39,-0.07905694150420824,"[-0.38, 0.23]",0.6231952830196288,0.9307504209261677,False
Immunoglobulin heavy variable 1-58,MCH,20,39,-0.07905694150420849,"[-0.38, 0.23]",0.6231952830196288,0.9307504209261677,False
Apolipoprotein C-IV,MCH,20,39,0.15811388300841941,"[-0.16, 0.44]",0.32347494517138103,0.860788962265991,False
Monocyte differentiation antigen CD14,MCH,20,39,0.07905694150421058,"[-0.23, 0.38]",0.6231952830196195,0.9307504209261677,False
Protein MENT,MCH,20,39,-0.07905694150420875,"[-0.38, 0.23]",0.6231952830196226,0.9307504209261677,False
Immunoglobulin epsilon heavy chain,MCH,20,39,0.15811388300842025,"[-0.16, 0.44]",0.3234749451713805,0.860788962265991,False
Complement factor H,MCH,20,39,-0.07905694150420844,"[-0.38, 0.23]",0.6231952830196288,0.9307504209261677,False
Stabilin-1,MCH,20,39,0.15811388300841805,"[-0.16, 0.44]",0.3234749451713864,0.860788962265991,False
Macrophage receptor MARCO,MCH,20,39,0.07905694150420907,"[-0.23, 0.38]",0.6231952830196226,0.9307504209261677,False
Protein POF1B,MCH,20,39,-0.07905694150420987,"[-0.38, 0.23]",0.6231952830196195,0.9307504209261677,False
Phosphatidylcholine-sterol acyltransferase,MCH,20,39,0.07905694150421022,"[-0.23, 0.38]",0.6231952830196195,0.9307504209261677,False
Clusterin,MCH,20,39,0.15811388300841847,"[-0.16, 0.44]",0.3234749451713853,0.860788962265991,False
Platelet-activating factor acetylhydrolase,MCH,20,39,0.07905694150420875,"[-0.23, 0.38]",0.6231952830196226,0.9307504209261677,False
Vasorin,MCH,20,39,-0.0790569415042101,"[-0.38, 0.23]",0.6231952830196195,0.9307504209261677,False
Myeloperoxidase,MCH,20,39,0.07905694150420864,"[-0.23, 0.38]",0.6231952830196288,0.9307504209261677,False
Immunoglobulin lambda variable 5-52,MCH,20,39,0.1581138830084198,"[-0.16, 0.44]",0.3234749451713805,0.860788962265991,False
Carboxypeptidase N catalytic chain,MCH,20,39,-6.436528025723952e-16,"[-0.31, 0.31]",1.0,1.0,False
Fibrinogen gamma chain,MCH,20,39,-0.31622776601683866,"[-0.57, -0.01]",0.043983786916771565,0.5652420249953286,False
Soluble scavenger receptor cysteine-rich domain-containing protein SSC5D,MCH,20,39,-1.0532500405730103e-15,"[-0.31, 0.31]",1.0,1.0,False
Tetranectin,MCH,20,39,0.15811388300841814,"[-0.16, 0.44]",0.3234749451713864,0.860788962265991,False
Apolipoprotein(a),MCH,20,39,0.23717082451262922,"[-0.08, 0.51]",0.1354199479964351,0.7605654126839256,False
Alpha-2-antiplasmin,MCH,20,39,-1.097135458930219e-15,"[-0.31, 0.31]",1.0,1.0,False
Retroviral-like aspartic protease 1,MCH,20,39,0.07905694150420906,"[-0.23, 0.38]",0.6231952830196226,0.9307504209261677,False
Ficolin-3,MCH,20,39,-0.23717082451262717,"[-0.51, 0.08]",0.13541994799643872,0.7605654126839256,False
Immunoglobulin kappa variable 2-24,MCH,20,39,-0.15811388300841944,"[-0.44, 0.16]",0.32347494517138103,0.860788962265991,False
Immunoglobulin superfamily containing leucine-rich repeat protein,MCH,20,39,-0.15811388300841944,"[-0.44, 0.16]",0.32347494517138103,0.860788962265991,False
Complement factor D,MCH,20,39,1.331191023501999e-15,"[-0.31, 0.31]",1.0,1.0,False
Vitamin K-dependent protein Z,MCH,20,39,-1.199534768430373e-15,"[-0.31, 0.31]",1.0,1.0,False
EGF-containing fibulin-like extracellular matrix protein 1,MCH,20,39,0.23717082451262905,"[-0.08, 0.51]",0.13541994799643595,0.7605654126839256,False
Dipeptidase 2,MCH,20,39,0.07905694150420949,"[-0.23, 0.38]",0.6231952830196226,0.9307504209261677,False
Myeloblastin,MCH,20,39,-0.0790569415042119,"[-0.38, 0.23]",0.6231952830196132,0.9307504209261677,False
Neurogenic locus notch homolog protein 1,MCH,20,39,0.15811388300841853,"[-0.16, 0.44]",0.3234749451713853,0.860788962265991,False
Vitamin K-dependent protein S,MCH,20,39,-0.07905694150420793,"[-0.38, 0.23]",0.6231952830196288,0.9307504209261677,False
Dermcidin,MCH,20,39,1.0093646222158015e-15,"[-0.31, 0.31]",1.0,1.0,False
Immunoglobulin heavy variable 3-73,MCH,20,39,-0.23717082451262794,"[-0.51, 0.08]",0.13541994799643758,0.7605654126839256,False
Alpha-2-macroglobulin,MCH,20,39,-0.07905694150420992,"[-0.38, 0.23]",0.6231952830196195,0.9307504209261677,False
Cation-independent mannose-6-phosphate receptor,MCH,20,39,-0.15811388300841853,"[-0.44, 0.16]",0.3234749451713853,0.860788962265991,False
Chromodomain-helicase-DNA-binding protein 1;Chromodomain-helicase-DNA-binding protein 2;Chromodomain-helicase-DNA-binding protein 9;Chromodomain-helicase-DNA-binding protein 6;Chromodomain-helicase-DNA-binding protein 8;Chromodomain-helicase-DNA-binding protein 7,MCH,20,39,-7.314236392868126e-16,"[-0.31, 0.31]",1.0,1.0,False
Ceruloplasmin,MCH,20,39,-1.1030755878056445e-15,"[-0.31, 0.31]",1.0,1.0,False
Prostaglandin-H2 D-isomerase,MCH,20,39,-0.07905694150420896,"[-0.38, 0.23]",0.6231952830196226,0.9307504209261677,False
Protein S100-A9,MCH,20,39,-0.23717082451262703,"[-0.51, 0.08]",0.13541994799643917,0.7605654126839256,False
Immunoglobulin J chain,MCH,20,39,-0.15811388300841786,"[-0.44, 0.16]",0.3234749451713864,0.860788962265991,False
Probable non-functional immunoglobulin kappa variable 3-7,Trom,20,39,-0.2749999999999992,"[-0.54, 0.04]",0.08183609289594801,0.6837273567758237,False
Apolipoprotein A-IV,Trom,20,39,0.07500000000000047,"[-0.24, 0.37]",0.6411866947841472,0.9307504209261677,False
Coagulation factor XII,Trom,20,39,0.04999999999999961,"[-0.26, 0.35]",0.7562191489680836,0.9507803863239565,False
Mannan-binding lectin serine protease 1,Trom,20,39,-0.02500000000000039,"[-0.33, 0.28]",0.8767016791266298,0.9710047873747903,False
Complement factor I,Trom,20,39,0.02500000000000103,"[-0.28, 0.33]",0.8767016791266298,0.9710047873747903,False
Platelet glycoprotein Ib alpha chain,Trom,20,39,-0.14999999999999927,"[-0.44, 0.17]",0.34923374105217975,0.860788962265991,False
Hepatocyte growth factor-like protein,Trom,20,39,-0.099999999999999,"[-0.40, 0.21]",0.5338939001152994,0.9307504209261677,False
Profilin-1,Trom,20,39,0.37499999999999983,"[0.08, 0.61]",0.015700418653338422,0.36734819848780037,False
Peptidase inhibitor 16,Trom,20,39,-0.17500000000000002,"[-0.46, 0.14]",0.27379479263839523,0.8448096775145966,False
Cell surface glycoprotein MUC18,Trom,20,39,-0.14999999999999997,"[-0.44, 0.17]",0.34923374105217864,0.860788962265991,False
Adhesion G-protein coupled receptor G6,Trom,20,39,-0.025000000000000168,"[-0.33, 0.28]",0.8767016791266298,0.9710047873747903,False
Immunoglobulin heavy variable 1-69,Trom,20,39,-0.09999999999999915,"[-0.40, 0.21]",0.5338939001152994,0.9307504209261677,False
Insulin-like growth factor-binding protein complex acid labile subunit,Trom,20,39,-0.32499999999999946,"[-0.58, -0.02]",0.03814283706459549,0.5407449785115541,False
Plasma serine protease inhibitor,Trom,20,39,-0.24999999999999978,"[-0.52, 0.06]",0.11492787448834102,0.7242274493625929,False
Immunoglobulin heavy variable 1-69D,Trom,20,39,-0.12500000000000025,"[-0.42, 0.19]",0.4361566470231073,0.8960937411657979,False
Pancreatic adenocarcinoma up-regulated factor,Trom,20,39,-0.12499999999999918,"[-0.42, 0.19]",0.43615664702310897,0.8960937411657979,False
Immunoglobulin heavy variable 3-64D,Trom,20,39,0.12499999999999936,"[-0.19, 0.42]",0.43615664702310897,0.8960937411657979,False
Neutrophil gelatinase-associated lipocalin,Trom,20,39,-0.12500000000000008,"[-0.42, 0.19]",0.4361566470231073,0.8960937411657979,False
Lysosome-associated membrane glycoprotein 2,Trom,20,39,0.02500000000000055,"[-0.28, 0.33]",0.8767016791266298,0.9710047873747903,False
Corneodesmosin,Trom,20,39,0.05,"[-0.26, 0.35]",0.7562191489680836,0.9507803863239565,False
Collagen alpha-1(XVIII) chain,Trom,20,39,-0.02499999999999916,"[-0.33, 0.28]",0.8767016791266298,0.9710047873747903,False
Lipopolysaccharide-binding protein,Trom,20,39,-5.134781488891347e-16,"[-0.31, 0.31]",1.0,1.0,False
Immunoglobulin heavy variable 3-49,Trom,20,39,0.050000000000000024,"[-0.26, 0.35]",0.7562191489680836,0.9507803863239565,False
SPARC-like protein 1,Trom,20,39,-0.12500000000000003,"[-0.42, 0.19]",0.4361566470231073,0.8960937411657979,False
Ras-associated and pleckstrin homology domains-containing protein 1,Trom,20,39,0.12500000000000042,"[-0.19, 0.42]",0.4361566470231073,0.8960937411657979,False
Alpha-1-acid glycoprotein 2,Trom,20,39,-0.049999999999999364,"[-0.35, 0.26]",0.7562191489680836,0.9507803863239565,False
Immunoglobulin heavy variable 3-20,Trom,20,39,-5.551115123125783e-17,"[-0.31, 0.31]",1.0,1.0,False
Neurogenic locus notch homolog protein 2,Trom,20,39,0.24999999999999967,"[-0.06, 0.52]",0.11492787448834102,0.7242274493625929,False
Apolipoprotein B-100,Trom,20,39,0.07500000000000069,"[-0.24, 0.37]",0.6411866947841472,0.9307504209261677,False
CD44 antigen,Trom,20,39,0.024999999999999696,"[-0.28, 0.33]",0.8767016791266298,0.9710047873747903,False
Pigment epithelium-derived factor,Trom,20,39,0.1500000000000007,"[-0.17, 0.44]",0.3492337410521762,0.860788962265991,False
Xaa-Pro dipeptidase,Trom,20,39,-0.04999999999999953,"[-0.35, 0.26]",0.7562191489680836,0.9507803863239565,False
Immunoglobulin heavy constant delta,Trom,20,39,-0.2499999999999991,"[-0.52, 0.06]",0.11492787448834198,0.7242274493625929,False
Probable non-functional immunoglobulin heavy variable 3-38-3,Trom,20,39,-0.07499999999999918,"[-0.37, 0.24]",0.6411866947841538,0.9307504209261677,False
Immunoglobulin lambda constant 7,Trom,20,39,0.19999999999999984,"[-0.11, 0.48]",0.20993874257441825,0.8205034779432058,False
Receptor-type tyrosine-protein phosphatase gamma,Trom,20,39,0.025000000000000546,"[-0.28, 0.33]",0.8767016791266298,0.9710047873747903,False
Afamin,Trom,20,39,-0.10000000000000017,"[-0.40, 0.21]",0.5338939001152925,0.9307504209261677,False
Pyruvate kinase PKLR,Trom,20,39,0.2750000000000006,"[-0.04, 0.54]",0.08183609289594636,0.6837273567758237,False
Insulin-like growth factor 2,Trom,20,39,0.049999999999999885,"[-0.26, 0.35]",0.7562191489680836,0.9507803863239565,False
CD109 antigen,Trom,20,39,-0.2749999999999994,"[-0.54, 0.04]",0.08183609289594752,0.6837273567758237,False
ADP-ribosyl cyclase/cyclic ADP-ribose hydrolase 2,Trom,20,39,0.09999999999999967,"[-0.21, 0.40]",0.5338939001152971,0.9307504209261677,False
Dedicator of cytokinesis protein 4,Trom,20,39,0.12499999999999997,"[-0.19, 0.42]",0.4361566470231073,0.8960937411657979,False
Complement factor H-related protein 2,Trom,20,39,-0.2499999999999998,"[-0.52, 0.06]",0.11492787448834102,0.7242274493625929,False
Selenoprotein P,Trom,20,39,0.10000000000000053,"[-0.21, 0.40]",0.5338939001152925,0.9307504209261677,False
Adipocyte plasma membrane-associated protein,Trom,20,39,0.17499999999999982,"[-0.14, 0.46]",0.27379479263839795,0.8448096775145966,False
Immunoglobulin heavy constant alpha 2,Trom,20,39,-0.07500000000000032,"[-0.37, 0.24]",0.6411866947841472,0.9307504209261677,False
Lactotransferrin,Trom,20,39,-0.12499999999999988,"[-0.42, 0.19]",0.4361566470231073,0.8960937411657979,False
Alpha-enolase,Trom,20,39,0.02500000000000005,"[-0.28, 0.33]",0.8767016791266298,0.9710047873747903,False
Immunoglobulin heavy constant gamma 1,Trom,20,39,0.07499999999999994,"[-0.24, 0.37]",0.6411866947841538,0.9307504209261677,False
Collectin-10,Trom,20,39,0.0749999999999996,"[-0.24, 0.37]",0.6411866947841538,0.9307504209261677,False
Lysosome-associated membrane glycoprotein 1,Trom,20,39,-0.2999999999999999,"[-0.56, 0.01]",0.056691006778488304,0.5955651164529556,False
Cathelicidin antimicrobial peptide,Trom,20,39,0.10000000000000081,"[-0.21, 0.40]",0.5338939001152925,0.9307504209261677,False
Fibroblast growth factor-binding protein 2,Trom,20,39,0.22500000000000056,"[-0.09, 0.50]",0.1572566507556209,0.7607516423767026,False
Lymphatic vessel endothelial hyaluronic acid receptor 1,Trom,20,39,0.02499999999999994,"[-0.28, 0.33]",0.8767016791266298,0.9710047873747903,False
Haptoglobin,Trom,20,39,0.30000000000000016,"[-0.01, 0.56]",0.05669100677848814,0.5955651164529556,False
Tenascin-X,Trom,20,39,-0.12499999999999939,"[-0.42, 0.19]",0.43615664702310897,0.8960937411657979,False
Zinc finger protein 512B,Trom,20,39,0.07499999999999962,"[-0.24, 0.37]",0.6411866947841538,0.9307504209261677,False
Immunoglobulin lambda variable 3-19,Trom,20,39,-0.2249999999999994,"[-0.50, 0.09]",0.1572566507556237,0.7607516423767026,False
Complement C1q subcomponent subunit B,Trom,20,39,0.07500000000000073,"[-0.24, 0.37]",0.6411866947841472,0.9307504209261677,False
Ubiquitin-ribosomal protein eS31 fusion protein,Trom,20,39,-0.12500000000000056,"[-0.42, 0.19]",0.4361566470231041,0.8960937411657979,False
Kinesin-like protein KIF21A,Trom,20,39,-0.225,"[-0.50, 0.09]",0.15725665075562228,0.7607516423767026,False
Attractin,Trom,20,39,0.15000000000000077,"[-0.17, 0.44]",0.3492337410521762,0.860788962265991,False
Immunoglobulin lambda variable 1-44,Trom,20,39,-0.17499999999999943,"[-0.46, 0.14]",0.27379479263839795,0.8448096775145966,False
Immunoglobulin heavy variable 1-46,Trom,20,39,-0.024999999999999578,"[-0.33, 0.28]",0.8767016791266298,0.9710047873747903,False
Fibulin-1,Trom,20,39,0.2249999999999999,"[-0.09, 0.50]",0.15725665075562228,0.7607516423767026,False
Secreted phosphoprotein 24,Trom,20,39,0.04999999999999953,"[-0.26, 0.35]",0.7562191489680836,0.9507803863239565,False
Scavenger receptor class B member 1,Trom,20,39,-0.07499999999999976,"[-0.37, 0.24]",0.6411866947841538,0.9307504209261677,False
Immunoglobulin lambda variable 2-18,Trom,20,39,0.0749999999999998,"[-0.24, 0.37]",0.6411866947841538,0.9307504209261677,False
Collagen alpha-2(VI) chain,Trom,20,39,0.07500000000000101,"[-0.24, 0.37]",0.6411866947841472,0.9307504209261677,False
Adiponectin,Trom,20,39,-0.4000000000000004,"[-0.63, -0.11]",0.009563548476957878,0.3066711211611223,False
Nidogen-1,Trom,20,39,0.05000000000000066,"[-0.26, 0.35]",0.7562191489680732,0.9507803863239565,False
Alpha-1-antitrypsin,Trom,20,39,-0.025000000000000324,"[-0.33, 0.28]",0.8767016791266298,0.9710047873747903,False
"Sushi, von Willebrand factor type A, EGF and pentraxin domain-containing protein 1",Trom,20,39,0.10000000000000044,"[-0.21, 0.40]",0.5338939001152925,0.9307504209261677,False
Complement C1s subcomponent,Trom,20,39,0.07500000000000036,"[-0.24, 0.37]",0.6411866947841472,0.9307504209261677,False
Alpha-actinin-4,Trom,20,39,-0.049999999999999024,"[-0.35, 0.26]",0.7562191489680836,0.9507803863239565,False
Complement component C1q receptor,Trom,20,39,0.07499999999999983,"[-0.24, 0.37]",0.6411866947841538,0.9307504209261677,False
Inter-alpha-trypsin inhibitor heavy chain H3,Trom,20,39,-0.04999999999999945,"[-0.35, 0.26]",0.7562191489680836,0.9507803863239565,False
Immunoglobulin kappa variable 1D-8,Trom,20,39,-0.025000000000000216,"[-0.33, 0.28]",0.8767016791266298,0.9710047873747903,False
Low-density lipoprotein receptor,Trom,20,39,0.27500000000000074,"[-0.04, 0.54]",0.0818360928959459,0.6837273567758237,False
Prolactin-inducible protein,Trom,20,39,-0.12500000000000008,"[-0.42, 0.19]",0.4361566470231073,0.8960937411657979,False
Hyaluronan-binding protein 2,Trom,20,39,0.2000000000000001,"[-0.11, 0.48]",0.20993874257441825,0.8205034779432058,False
N-acetylmuramoyl-L-alanine amidase,Trom,20,39,0.049999999999999566,"[-0.26, 0.35]",0.7562191489680836,0.9507803863239565,False
Serpin A11,Trom,20,39,0.20000000000000057,"[-0.11, 0.48]",0.20993874257441789,0.8205034779432058,False
C4b-binding protein alpha chain,Trom,20,39,0.3749999999999998,"[0.08, 0.61]",0.015700418653338422,0.36734819848780037,False
Inter-alpha-trypsin inhibitor heavy chain H2,Trom,20,39,0.04999999999999966,"[-0.26, 0.35]",0.7562191489680836,0.9507803863239565,False
Fibrillin-1,Trom,20,39,0.12500000000000025,"[-0.19, 0.42]",0.4361566470231073,0.8960937411657979,False
Golgi-associated RAB2 interactor protein 1B,Trom,20,39,0.2249999999999996,"[-0.09, 0.50]",0.1572566507556232,0.7607516423767026,False
Neurogenic locus notch homolog protein 3,Trom,20,39,-0.07499999999999986,"[-0.37, 0.24]",0.6411866947841538,0.9307504209261677,False
Immunoglobulin heavy constant alpha 1,Trom,20,39,-0.17500000000000046,"[-0.46, 0.14]",0.27379479263839546,0.8448096775145966,False
Apolipoprotein C-III,Trom,20,39,0.5499999999999996,"[0.29, 0.73]",0.00019524530183147087,0.024347812269131942,True
Glutathione peroxidase 3,Trom,20,39,-0.17499999999999977,"[-0.46, 0.14]",0.27379479263839795,0.8448096775145966,False
Contactin-1,Trom,20,39,0.14999999999999913,"[-0.17, 0.44]",0.34923374105217975,0.860788962265991,False
Stomatin,Trom,20,39,0.5499999999999998,"[0.29, 0.73]",0.00019524530183146957,0.024347812269131942,True
Immunoglobulin heavy variable 3-13,Trom,20,39,0.050000000000000405,"[-0.26, 0.35]",0.7562191489680836,0.9507803863239565,False
Immunoglobulin heavy variable 1-69-2,Trom,20,39,-0.1249999999999994,"[-0.42, 0.19]",0.43615664702310897,0.8960937411657979,False
Apolipoprotein E,Trom,20,39,0.09999999999999983,"[-0.21, 0.40]",0.5338939001152971,0.9307504209261677,False
Mucosal addressin cell adhesion molecule 1,Trom,20,39,-0.27499999999999925,"[-0.54, 0.04]",0.08183609289594801,0.6837273567758237,False
Protein S100-A11,Trom,20,39,-0.05000000000000019,"[-0.35, 0.26]",0.7562191489680836,0.9507803863239565,False
Complement factor H-related protein 4,Trom,20,39,0.12500000000000053,"[-0.19, 0.42]",0.4361566470231041,0.8960937411657979,False
Immunoglobulin kappa variable 1D-16,Trom,20,39,-0.0499999999999991,"[-0.35, 0.26]",0.7562191489680836,0.9507803863239565,False
Immunoglobulin lambda variable 1-47,Trom,20,39,0.12499999999999946,"[-0.19, 0.42]",0.43615664702310897,0.8960937411657979,False
Fructose-bisphosphate aldolase A,Trom,20,39,0.1750000000000006,"[-0.14, 0.46]",0.27379479263839546,0.8448096775145966,False
Thrombospondin-1,Trom,20,39,0.17500000000000007,"[-0.14, 0.46]",0.27379479263839523,0.8448096775145966,False
Aminopeptidase N,Trom,20,39,-0.12499999999999943,"[-0.42, 0.19]",0.43615664702310897,0.8960937411657979,False
Apolipoprotein M,Trom,20,39,-0.09999999999999996,"[-0.40, 0.21]",0.5338939001152971,0.9307504209261677,False
Immunoglobulin heavy variable 3-43,Trom,20,39,-0.24999999999999928,"[-0.52, 0.06]",0.11492787448834166,0.7242274493625929,False
Cysteine-rich secretory protein 3,Trom,20,39,0.04999999999999979,"[-0.26, 0.35]",0.7562191489680836,0.9507803863239565,False
Complement component C8 alpha chain,Trom,20,39,-0.14999999999999936,"[-0.44, 0.17]",0.34923374105217975,0.860788962265991,False
Immunoglobulin heavy variable 2-70D,Trom,20,39,-0.02499999999999922,"[-0.33, 0.28]",0.8767016791266298,0.9710047873747903,False
Immunoglobulin heavy variable 3-23,Trom,20,39,-0.1500000000000003,"[-0.44, 0.17]",0.3492337410521762,0.860788962265991,False
Plasma kallikrein,Trom,20,39,0.275,"[-0.04, 0.54]",0.08183609289594682,0.6837273567758237,False
Galectin-7,Trom,20,39,0.05000000000000045,"[-0.26, 0.35]",0.7562191489680836,0.9507803863239565,False
Extracellular superoxide dismutase [Cu-Zn],Trom,20,39,0.2500000000000003,"[-0.06, 0.52]",0.11492787448833999,0.7242274493625929,False
Immunoglobulin heavy variable 1-8,Trom,20,39,-0.025000000000000352,"[-0.33, 0.28]",0.8767016791266298,0.9710047873747903,False
Cystatin-C,Trom,20,39,0.10000000000000014,"[-0.21, 0.40]",0.5338939001152925,0.9307504209261677,False
Immunoglobulin lambda-like polypeptide 1,Trom,20,39,-0.2750000000000001,"[-0.54, 0.04]",0.08183609289594682,0.6837273567758237,False
Inhibin beta C chain,Trom,20,39,5.20417042793042e-16,"[-0.31, 0.31]",1.0,1.0,False
Mannose-binding protein C,Trom,20,39,0.05000000000000064,"[-0.26, 0.35]",0.7562191489680732,0.9507803863239565,False
IgGFc-binding protein,Trom,20,39,-0.12499999999999946,"[-0.42, 0.19]",0.43615664702310897,0.8960937411657979,False
Macrophage mannose receptor 1,Trom,20,39,-0.04999999999999945,"[-0.35, 0.26]",0.7562191489680836,0.9507803863239565,False
Aromatase,Trom,20,39,-0.29999999999999966,"[-0.56, 0.01]",0.05669100677848863,0.5955651164529556,False
Cadherin-5,Trom,20,39,0.1750000000000005,"[-0.14, 0.46]",0.27379479263839546,0.8448096775145966,False
Immunoglobulin kappa variable 1-8,Trom,20,39,0.275,"[-0.04, 0.54]",0.08183609289594682,0.6837273567758237,False
Retinol-binding protein 4,Trom,20,39,0.25000000000000017,"[-0.06, 0.52]",0.11492787448834065,0.7242274493625929,False
Complement component C8 beta chain,Trom,20,39,-0.07499999999999939,"[-0.37, 0.24]",0.6411866947841538,0.9307504209261677,False
Tumor necrosis factor receptor superfamily member 1B,Trom,20,39,-0.24999999999999958,"[-0.52, 0.06]",0.11492787448834102,0.7242274493625929,False
Formin-2,Trom,20,39,-0.30000000000000016,"[-0.56, 0.01]",0.05669100677848814,0.5955651164529556,False
Scavenger receptor cysteine-rich domain-containing protein DMBT1,Trom,20,39,-0.050000000000000426,"[-0.35, 0.26]",0.7562191489680836,0.9507803863239565,False
Apolipoprotein L1,Trom,20,39,7.285838599102589e-16,"[-0.31, 0.31]",1.0,1.0,False
Leucine-rich alpha-2-glycoprotein,Trom,20,39,-0.17500000000000013,"[-0.46, 0.14]",0.27379479263839523,0.8448096775145966,False
Immunoglobulin heavy variable 1-2,Trom,20,39,0.14999999999999988,"[-0.17, 0.44]",0.34923374105217864,0.860788962265991,False
Ras-related protein Rab-10,Trom,20,39,0.4999999999999998,"[0.23, 0.70]",0.0008725735575987913,0.06995131353417064,False
Immunoglobulin heavy variable 1-24,Trom,20,39,-0.02499999999999999,"[-0.33, 0.28]",0.8767016791266298,0.9710047873747903,False
Annexin A3,Trom,20,39,0.12500000000000067,"[-0.19, 0.42]",0.4361566470231041,0.8960937411657979,False
Hemoglobin subunit beta,Trom,20,39,0.3000000000000005,"[-0.01, 0.56]",0.05669100677848799,0.5955651164529556,False
Immunoglobulin lambda variable 4-69,Trom,20,39,0.12499999999999965,"[-0.19, 0.42]",0.43615664702310897,0.8960937411657979,False
Elongation factor 2,Trom,20,39,-0.07500000000000018,"[-0.37, 0.24]",0.6411866947841472,0.9307504209261677,False
Multiple inositol polyphosphate phosphatase 1,Trom,20,39,-0.1250000000000003,"[-0.42, 0.19]",0.4361566470231073,0.8960937411657979,False
Collagen alpha-1(VI) chain,Trom,20,39,0.09999999999999991,"[-0.21, 0.40]",0.5338939001152971,0.9307504209261677,False
Hepatocyte growth factor activator,Trom,20,39,-0.2250000000000005,"[-0.50, 0.09]",0.15725665075562173,0.7607516423767026,False
Fibrinogen beta chain,Trom,20,39,-0.20000000000000034,"[-0.48, 0.11]",0.20993874257441789,0.8205034779432058,False
Hemicentin-1,Trom,20,39,0.20000000000000084,"[-0.11, 0.48]",0.20993874257441536,0.8205034779432058,False
C-type mannose receptor 2,Trom,20,39,-0.12500000000000022,"[-0.42, 0.19]",0.4361566470231073,0.8960937411657979,False
Platelet glycoprotein Ib beta chain,Trom,20,39,0.5499999999999996,"[0.29, 0.73]",0.00019524530183147087,0.024347812269131942,True
Complement C2,Trom,20,39,-0.07499999999999939,"[-0.37, 0.24]",0.6411866947841538,0.9307504209261677,False
Annexin A2,Trom,20,39,-0.04999999999999957,"[-0.35, 0.26]",0.7562191489680836,0.9507803863239565,False
Protein disulfide-isomerase A3,Trom,20,39,0.04999999999999993,"[-0.26, 0.35]",0.7562191489680836,0.9507803863239565,False
Dipeptidyl peptidase 4,Trom,20,39,0.02499999999999963,"[-0.28, 0.33]",0.8767016791266298,0.9710047873747903,False
Proteasome subunit alpha type-4,Trom,20,39,-0.07500000000000036,"[-0.37, 0.24]",0.6411866947841472,0.9307504209261677,False
Coagulation factor XI,Trom,20,39,-0.20000000000000048,"[-0.48, 0.11]",0.20993874257441789,0.8205034779432058,False
Collectin-11,Trom,20,39,0.22499999999999948,"[-0.09, 0.50]",0.1572566507556232,0.7607516423767026,False
High mobility group protein B1,Trom,20,39,0.14999999999999988,"[-0.17, 0.44]",0.34923374105217864,0.860788962265991,False
Immunoglobulin lambda variable 3-16,Trom,20,39,-0.25000000000000017,"[-0.52, 0.06]",0.11492787448834065,0.7242274493625929,False
Prothrombin,Trom,20,39,0.55,"[0.29, 0.73]",0.0001952453018314677,0.024347812269131942,True
Immunoglobulin kappa joining 1,Trom,20,39,0.15000000000000094,"[-0.17, 0.44]",0.34923374105217486,0.860788962265991,False
Immunoglobulin heavy variable 3-7,Trom,20,39,-0.025000000000000345,"[-0.33, 0.28]",0.8767016791266298,0.9710047873747903,False
Immunoglobulin heavy variable 3-74,Trom,20,39,0.27499999999999997,"[-0.04, 0.54]",0.08183609289594682,0.6837273567758237,False
Ezrin,Trom,20,39,0.44999999999999973,"[0.17, 0.67]",0.003157075116906935,0.16872812569247164,False
Intercellular adhesion molecule 2,Trom,20,39,0.12500000000000022,"[-0.19, 0.42]",0.4361566470231073,0.8960937411657979,False
Lysozyme C,Trom,20,39,0.10000000000000005,"[-0.21, 0.40]",0.5338939001152971,0.9307504209261677,False
Protein AMBP,Trom,20,39,0.10000000000000074,"[-0.21, 0.40]",0.5338939001152925,0.9307504209261677,False
Prolyl endopeptidase FAP,Trom,20,39,-0.02500000000000001,"[-0.33, 0.28]",0.8767016791266298,0.9710047873747903,False
"Actin, cytoplasmic 2",Trom,20,39,0.1249999999999998,"[-0.19, 0.42]",0.4361566470231073,0.8960937411657979,False
Kallistatin,Trom,20,39,-0.2249999999999996,"[-0.50, 0.09]",0.1572566507556232,0.7607516423767026,False
Hemopexin,Trom,20,39,-0.02500000000000058,"[-0.33, 0.28]",0.8767016791266298,0.9710047873747903,False
C4b-binding protein beta chain,Trom,20,39,0.14999999999999994,"[-0.17, 0.44]",0.34923374105217864,0.860788962265991,False
Peptidyl-prolyl cis-trans isomerase A,Trom,20,39,0.30000000000000016,"[-0.01, 0.56]",0.05669100677848814,0.5955651164529556,False
Complement C1r subcomponent-like protein,Trom,20,39,0.17499999999999966,"[-0.14, 0.46]",0.27379479263839795,0.8448096775145966,False
Immunoglobulin heavy variable 3-30;Immunoglobulin heavy variable 3-30-5,Trom,20,39,0.09999999999999981,"[-0.21, 0.40]",0.5338939001152971,0.9307504209261677,False
Immunoglobulin lambda variable 3-9,Trom,20,39,-0.20000000000000023,"[-0.48, 0.11]",0.20993874257441789,0.8205034779432058,False
Immunoglobulin heavy variable 1-45,Trom,20,39,-0.3000000000000005,"[-0.56, 0.01]",0.05669100677848799,0.5955651164529556,False
Hemoglobin subunit gamma-1,Trom,20,39,0.24999999999999994,"[-0.06, 0.52]",0.11492787448834065,0.7242274493625929,False
Apolipoprotein F,Trom,20,39,0.15000000000000044,"[-0.17, 0.44]",0.3492337410521762,0.860788962265991,False
Immunoglobulin gamma-1 heavy chain,Trom,20,39,-0.19999999999999934,"[-0.48, 0.11]",0.20993874257441955,0.8205034779432058,False
Low affinity immunoglobulin gamma Fc region receptor III-B,Trom,20,39,0.19999999999999954,"[-0.11, 0.48]",0.2099387425744199,0.8205034779432058,False
Multiple epidermal growth factor-like domains protein 8,Trom,20,39,0.12500000000000044,"[-0.19, 0.42]",0.4361566470231073,0.8960937411657979,False
Complement C4-B,Trom,20,39,-0.22500000000000045,"[-0.50, 0.09]",0.15725665075562173,0.7607516423767026,False
Glyceraldehyde-3-phosphate dehydrogenase,Trom,20,39,0.07499999999999984,"[-0.24, 0.37]",0.6411866947841538,0.9307504209261677,False
Complement C1r subcomponent,Trom,20,39,0.025000000000000595,"[-0.28, 0.33]",0.8767016791266298,0.9710047873747903,False
Sex hormone-binding globulin,Trom,20,39,-0.09999999999999955,"[-0.40, 0.21]",0.5338939001152971,0.9307504209261677,False
Biotinidase,Trom,20,39,-0.44999999999999973,"[-0.67, -0.17]",0.003157075116906935,0.16872812569247164,False
Cholinesterase,Trom,20,39,-0.12499999999999979,"[-0.42, 0.19]",0.4361566470231073,0.8960937411657979,False
Immunoglobulin heavy variable 2-5,Trom,20,39,-0.024999999999999516,"[-0.33, 0.28]",0.8767016791266298,0.9710047873747903,False
Immunoglobulin lambda variable 1-36,Trom,20,39,-0.07500000000000026,"[-0.37, 0.24]",0.6411866947841472,0.9307504209261677,False
Immunoglobulin kappa variable 3-11,Trom,20,39,-0.10000000000000042,"[-0.40, 0.21]",0.5338939001152925,0.9307504209261677,False
Immunoglobulin kappa variable 6-21,Trom,20,39,0.050000000000000565,"[-0.26, 0.35]",0.7562191489680836,0.9507803863239565,False
Immunoglobulin kappa light chain,Trom,20,39,-0.17499999999999943,"[-0.46, 0.14]",0.27379479263839795,0.8448096775145966,False
Neuropilin-1,Trom,20,39,-0.22500000000000048,"[-0.50, 0.09]",0.15725665075562173,0.7607516423767026,False
Ficolin-2,Trom,20,39,-0.049999999999999704,"[-0.35, 0.26]",0.7562191489680836,0.9507803863239565,False
Gamma-glutamyl hydrolase,Trom,20,39,-0.10000000000000032,"[-0.40, 0.21]",0.5338939001152925,0.9307504209261677,False
Keratinocyte proline-rich protein,Trom,20,39,-1.9428902930940237e-16,"[-0.31, 0.31]",1.0,1.0,False
Kyphoscoliosis peptidase,Trom,20,39,-0.07500000000000022,"[-0.37, 0.24]",0.6411866947841472,0.9307504209261677,False
Laminin subunit alpha-2,Trom,20,39,0.07500000000000129,"[-0.24, 0.37]",0.6411866947841439,0.9307504209261677,False
Desmoglein-1,Trom,20,39,0.04999999999999951,"[-0.26, 0.35]",0.7562191489680836,0.9507803863239565,False
Immunoglobulin lambda variable 3-27,Trom,20,39,0.07500000000000027,"[-0.24, 0.37]",0.6411866947841472,0.9307504209261677,False
Myosin-9,Trom,20,39,0.1250000000000002,"[-0.19, 0.42]",0.4361566470231073,0.8960937411657979,False
Versican core protein,Trom,20,39,0.17499999999999968,"[-0.14, 0.46]",0.27379479263839795,0.8448096775145966,False
Proteasome subunit beta type-3,Trom,20,39,0.02499999999999972,"[-0.28, 0.33]",0.8767016791266298,0.9710047873747903,False
Alpha-N-acetylglucosaminidase,Trom,20,39,-0.17500000000000038,"[-0.46, 0.14]",0.27379479263839523,0.8448096775145966,False
Caspase-14,Trom,20,39,-2.498001805406602e-16,"[-0.31, 0.31]",1.0,1.0,False
Histidine-rich glycoprotein,Trom,20,39,0.024999999999999915,"[-0.28, 0.33]",0.8767016791266298,0.9710047873747903,False
"ATP synthase subunit alpha, mitochondrial",Trom,20,39,-0.049999999999999295,"[-0.35, 0.26]",0.7562191489680836,0.9507803863239565,False
Immunoglobulin kappa constant,Trom,20,39,-0.22500000000000014,"[-0.50, 0.09]",0.15725665075562228,0.7607516423767026,False
Interleukin-1 receptor accessory protein,Trom,20,39,0.025000000000000043,"[-0.28, 0.33]",0.8767016791266298,0.9710047873747903,False
Immunoglobulin lambda variable 9-49,Trom,20,39,-0.04999999999999969,"[-0.35, 0.26]",0.7562191489680836,0.9507803863239565,False
Plexin domain-containing protein 2,Trom,20,39,0.04999999999999976,"[-0.26, 0.35]",0.7562191489680836,0.9507803863239565,False
Immunoglobulin heavy variable 4-28,Trom,20,39,0.09999999999999963,"[-0.21, 0.40]",0.5338939001152971,0.9307504209261677,False
Desmoplakin,Trom,20,39,0.07499999999999996,"[-0.24, 0.37]",0.6411866947841538,0.9307504209261677,False
Endoplasmin,Trom,20,39,-0.22499999999999978,"[-0.50, 0.09]",0.1572566507556232,0.7607516423767026,False
Heparin cofactor 2,Trom,20,39,-0.19999999999999982,"[-0.48, 0.11]",0.20993874257441825,0.8205034779432058,False
Laminin subunit gamma-1,Trom,20,39,0.2749999999999999,"[-0.04, 0.54]",0.08183609289594682,0.6837273567758237,False
Polymeric immunoglobulin receptor,Trom,20,39,-0.10000000000000049,"[-0.40, 0.21]",0.5338939001152925,0.9307504209261677,False
Serum amyloid A-4 protein,Trom,20,39,0.2000000000000002,"[-0.11, 0.48]",0.20993874257441825,0.8205034779432058,False
Catalase,Trom,20,39,0.10000000000000031,"[-0.21, 0.40]",0.5338939001152925,0.9307504209261677,False
Complement receptor type 1,Trom,20,39,0.09999999999999952,"[-0.21, 0.40]",0.5338939001152971,0.9307504209261677,False
Immunoglobulin kappa variable 1-27,Trom,20,39,0.22499999999999937,"[-0.09, 0.50]",0.1572566507556237,0.7607516423767026,False
Immunoglobulin kappa variable 2-30,Trom,20,39,-0.0499999999999993,"[-0.35, 0.26]",0.7562191489680836,0.9507803863239565,False
Protein-glutamine gamma-glutamyltransferase E,Trom,20,39,-0.10000000000000028,"[-0.40, 0.21]",0.5338939001152925,0.9307504209261677,False
Periostin,Trom,20,39,-0.049999999999999774,"[-0.35, 0.26]",0.7562191489680836,0.9507803863239565,False
Albumin,Trom,20,39,-0.22500000000000003,"[-0.50, 0.09]",0.15725665075562228,0.7607516423767026,False
Complement factor B,Trom,20,39,-0.049999999999999496,"[-0.35, 0.26]",0.7562191489680836,0.9507803863239565,False
Probable non-functional immunoglobulinn kappa variable 1-37;Probable non-functional immunoglobulinn kappa variable 1D-37,Trom,20,39,-0.07499999999999923,"[-0.37, 0.24]",0.6411866947841538,0.9307504209261677,False
Immunoglobulin lambda variable 8-61,Trom,20,39,0.1750000000000007,"[-0.14, 0.46]",0.27379479263839546,0.8448096775145966,False
Annexin A1,Trom,20,39,0.12500000000000094,"[-0.19, 0.42]",0.4361566470231041,0.8960937411657979,False
CD5 antigen-like,Trom,20,39,-0.04999999999999951,"[-0.35, 0.26]",0.7562191489680836,0.9507803863239565,False
RB-associated KRAB zinc finger protein,Trom,20,39,0.12499999999999985,"[-0.19, 0.42]",0.4361566470231073,0.8960937411657979,False
Immunoglobulin lambda variable 7-46,Trom,20,39,0.1500000000000006,"[-0.17, 0.44]",0.3492337410521762,0.860788962265991,False
Basement membrane-specific heparan sulfate proteoglycan core protein,Trom,20,39,0.07500000000000058,"[-0.24, 0.37]",0.6411866947841472,0.9307504209261677,False
Vitamin K-dependent protein C,Trom,20,39,0.22499999999999992,"[-0.09, 0.50]",0.15725665075562228,0.7607516423767026,False
Immunoglobulin lambda variable 1-40,Trom,20,39,-0.02499999999999992,"[-0.33, 0.28]",0.8767016791266298,0.9710047873747903,False
Pantetheinase,Trom,20,39,0.049999999999999926,"[-0.26, 0.35]",0.7562191489680836,0.9507803863239565,False
Neutrophil defensin 1;Neutrophil defensin 3,Trom,20,39,-0.04999999999999929,"[-0.35, 0.26]",0.7562191489680836,0.9507803863239565,False
Immunoglobulin lambda variable 2-8,Trom,20,39,0.02499999999999996,"[-0.28, 0.33]",0.8767016791266298,0.9710047873747903,False
Immunoglobulin heavy variable 1-18,Trom,20,39,0.12499999999999957,"[-0.19, 0.42]",0.43615664702310897,0.8960937411657979,False
Immunoglobulin kappa variable 3D-15,Trom,20,39,-0.19999999999999962,"[-0.48, 0.11]",0.2099387425744199,0.8205034779432058,False
Extracellular matrix protein 1,Trom,20,39,-0.075,"[-0.37, 0.24]",0.6411866947841472,0.9307504209261677,False
Tubulin alpha-1B chain,Trom,20,39,-0.14999999999999963,"[-0.44, 0.17]",0.34923374105217864,0.860788962265991,False
Immunoglobulin lambda variable 5-45,Trom,20,39,-0.07499999999999907,"[-0.37, 0.24]",0.6411866947841538,0.9307504209261677,False
Alpha-2-HS-glycoprotein,Trom,20,39,0.12500000000000058,"[-0.19, 0.42]",0.4361566470231041,0.8960937411657979,False
Cartilage acidic protein 1,Trom,20,39,0.049999999999999586,"[-0.26, 0.35]",0.7562191489680836,0.9507803863239565,False
Coagulation factor IX,Trom,20,39,0.27499999999999997,"[-0.04, 0.54]",0.08183609289594682,0.6837273567758237,False
Integrin alpha-2,Trom,20,39,0.05000000000000064,"[-0.26, 0.35]",0.7562191489680732,0.9507803863239565,False
"Mannosyl-oligosaccharide 1,2-alpha-mannosidase IA",Trom,20,39,-0.025000000000000213,"[-0.33, 0.28]",0.8767016791266298,0.9710047873747903,False
Endophilin-A3,Trom,20,39,-0.09999999999999933,"[-0.40, 0.21]",0.5338939001152971,0.9307504209261677,False
Collagen alpha-1(I) chain,Trom,20,39,0.20000000000000076,"[-0.11, 0.48]",0.20993874257441536,0.8205034779432058,False
Carboxypeptidase N subunit 2,Trom,20,39,0.04999999999999996,"[-0.26, 0.35]",0.7562191489680836,0.9507803863239565,False
Scavenger receptor cysteine-rich type 1 protein M130,Trom,20,39,-0.0999999999999997,"[-0.40, 0.21]",0.5338939001152971,0.9307504209261677,False
Annexin A5,Trom,20,39,-0.2000000000000002,"[-0.48, 0.11]",0.20993874257441825,0.8205034779432058,False
Platelet factor 4,Trom,20,39,0.1749999999999998,"[-0.14, 0.46]",0.27379479263839795,0.8448096775145966,False
Immunoglobulin heavy variable 3-72,Trom,20,39,-0.24999999999999928,"[-0.52, 0.06]",0.11492787448834166,0.7242274493625929,False
Protein HEG homolog 1,Trom,20,39,0.025000000000000536,"[-0.28, 0.33]",0.8767016791266298,0.9710047873747903,False
Sulfhydryl oxidase 1,Trom,20,39,-0.15000000000000036,"[-0.44, 0.17]",0.3492337410521762,0.860788962265991,False
Corticosteroid-binding globulin,Trom,20,39,-0.07499999999999978,"[-0.37, 0.24]",0.6411866947841538,0.9307504209261677,False
Angiopoietin-related protein 6,Trom,20,39,0.09999999999999969,"[-0.21, 0.40]",0.5338939001152971,0.9307504209261677,False
72 kDa type IV collagenase,Trom,20,39,-0.025000000000000366,"[-0.33, 0.28]",0.8767016791266298,0.9710047873747903,False
Trypsin-3,Trom,20,39,-0.19999999999999954,"[-0.48, 0.11]",0.2099387425744199,0.8205034779432058,False
Complement component C9,Trom,20,39,4.996003610813207e-16,"[-0.31, 0.31]",1.0,1.0,False
Pyruvate kinase PKM,Trom,20,39,0.27500000000000047,"[-0.04, 0.54]",0.08183609289594636,0.6837273567758237,False
Immunoglobulin heavy variable 4-34,Trom,20,39,0.05000000000000025,"[-0.26, 0.35]",0.7562191489680836,0.9507803863239565,False
Immunoglobulin kappa variable 6D-21,Trom,20,39,0.07499999999999943,"[-0.24, 0.37]",0.6411866947841538,0.9307504209261677,False
Immunoglobulin lambda-1 light chain,Trom,20,39,-0.1499999999999992,"[-0.44, 0.17]",0.34923374105217975,0.860788962265991,False
Transforming growth factor-beta-induced protein ig-h3,Trom,20,39,-0.024999999999999578,"[-0.33, 0.28]",0.8767016791266298,0.9710047873747903,False
Complement C1q subcomponent subunit A,Trom,20,39,0.12500000000000058,"[-0.19, 0.42]",0.4361566470231041,0.8960937411657979,False
Prolow-density lipoprotein receptor-related protein 1,Trom,20,39,0.050000000000000544,"[-0.26, 0.35]",0.7562191489680836,0.9507803863239565,False
Immunoglobulin heavy constant mu,Trom,20,39,-1.3877787807814463e-17,"[-0.31, 0.31]",1.0,1.0,False
UV-stimulated scaffold protein A,Trom,20,39,-0.02500000000000031,"[-0.33, 0.28]",0.8767016791266298,0.9710047873747903,False
Complement component C6,Trom,20,39,-0.37499999999999967,"[-0.61, -0.08]",0.015700418653338467,0.36734819848780037,False
Angiotensinogen,Trom,20,39,-0.3499999999999991,"[-0.59, -0.05]",0.024879547038877146,0.45322368856435696,False
Pregnancy zone protein,Trom,20,39,0.22499999999999945,"[-0.09, 0.50]",0.1572566507556237,0.7607516423767026,False
Histone H2A type 1-B/E;Histone H2A type 3;Histone H2A type 1-C,Trom,20,39,-0.049999999999999725,"[-0.35, 0.26]",0.7562191489680836,0.9507803863239565,False
Desmocollin-1,Trom,20,39,0.07500000000000054,"[-0.24, 0.37]",0.6411866947841472,0.9307504209261677,False
Protein Z-dependent protease inhibitor,Trom,20,39,0.025000000000000414,"[-0.28, 0.33]",0.8767016791266298,0.9710047873747903,False
Immunoglobulin kappa variable 1-17,Trom,20,39,-0.1499999999999996,"[-0.44, 0.17]",0.34923374105217975,0.860788962265991,False
Fibronectin,Trom,20,39,-0.35000000000000014,"[-0.59, -0.05]",0.024879547038876668,0.45322368856435696,False
Probable non-functional immunoglobulin heavy variable 3-38,Trom,20,39,0.024999999999999946,"[-0.28, 0.33]",0.8767016791266298,0.9710047873747903,False
Nucleoside diphosphate kinase 3,Trom,20,39,-0.19999999999999918,"[-0.48, 0.11]",0.20993874257441955,0.8205034779432058,False
Plasma protease C1 inhibitor,Trom,20,39,-0.25000000000000017,"[-0.52, 0.06]",0.11492787448834065,0.7242274493625929,False
Immunoglobulin kappa variable 1-16,Trom,20,39,5.551115123125785e-16,"[-0.31, 0.31]",1.0,1.0,False
F-actin-capping protein subunit alpha-1,Trom,20,39,0.02499999999999998,"[-0.28, 0.33]",0.8767016791266298,0.9710047873747903,False
Cathepsin D,Trom,20,39,-0.07499999999999928,"[-0.37, 0.24]",0.6411866947841538,0.9307504209261677,False
Anthrax toxin receptor 2,Trom,20,39,0.24999999999999944,"[-0.06, 0.52]",0.11492787448834166,0.7242274493625929,False
Talin-1,Trom,20,39,0.5249999999999998,"[0.26, 0.72]",0.0004248637356233877,0.038235771913692734,True
Protein disulfide-isomerase,Trom,20,39,0.1,"[-0.21, 0.40]",0.5338939001152971,0.9307504209261677,False
Junction plakoglobin,Trom,20,39,0.05000000000000089,"[-0.26, 0.35]",0.7562191489680732,0.9507803863239565,False
Tenascin,Trom,20,39,0.34999999999999937,"[0.05, 0.59]",0.024879547038877084,0.45322368856435696,False
Cadherin-related family member 5,Trom,20,39,-0.15000000000000016,"[-0.44, 0.17]",0.34923374105217864,0.860788962265991,False
Kininogen-1,Trom,20,39,-0.025000000000000546,"[-0.33, 0.28]",0.8767016791266298,0.9710047873747903,False
Alpha-1-antichymotrypsin,Trom,20,39,0.05000000000000049,"[-0.26, 0.35]",0.7562191489680836,0.9507803863239565,False
Integrin alpha-IIb,Trom,20,39,0.6500000000000002,"[0.43, 0.80]",4.24125401871094e-06,0.0015867002534444151,True
Serum amyloid P-component,Trom,20,39,-0.27500000000000013,"[-0.54, 0.04]",0.08183609289594682,0.6837273567758237,False
Inter-alpha-trypsin inhibitor heavy chain H1,Trom,20,39,0.07499999999999984,"[-0.24, 0.37]",0.6411866947841538,0.9307504209261677,False
Probable non-functional immunoglobulin heavy variable 3-35,Trom,20,39,-2.220446049250313e-16,"[-0.31, 0.31]",1.0,1.0,False
Immunoglobulin kappa variable 1-5,Trom,20,39,0.12500000000000047,"[-0.19, 0.42]",0.4361566470231073,0.8960937411657979,False
Band 3 anion transport protein,Trom,20,39,0.22500000000000048,"[-0.09, 0.50]",0.15725665075562173,0.7607516423767026,False
Immunoglobulin lambda variable 7-43,Trom,20,39,-0.050000000000000176,"[-0.35, 0.26]",0.7562191489680836,0.9507803863239565,False
Peroxiredoxin-1,Trom,20,39,-0.05000000000000006,"[-0.35, 0.26]",0.7562191489680836,0.9507803863239565,False
Matrix metalloproteinase-9,Trom,20,39,-0.14999999999999986,"[-0.44, 0.17]",0.34923374105217864,0.860788962265991,False
Multimerin-2,Trom,20,39,-0.04999999999999967,"[-0.35, 0.26]",0.7562191489680836,0.9507803863239565,False
Immunoglobulin heavy variable 1-3,Trom,20,39,-2.775557561562891e-17,"[-0.31, 0.31]",1.0,1.0,False
Podocalyxin,Trom,20,39,0.3249999999999999,"[0.02, 0.58]",0.03814283706459527,0.5407449785115541,False
Immunoglobulin lambda variable 1-51,Trom,20,39,-0.10000000000000012,"[-0.40, 0.21]",0.5338939001152925,0.9307504209261677,False
Cadherin-13,Trom,20,39,0.1500000000000005,"[-0.17, 0.44]",0.3492337410521762,0.860788962265991,False
Plastin-2,Trom,20,39,0.12500000000000042,"[-0.19, 0.42]",0.4361566470231073,0.8960937411657979,False
Inter-alpha-trypsin inhibitor heavy chain H4,Trom,20,39,0.1500000000000005,"[-0.17, 0.44]",0.3492337410521762,0.860788962265991,False
Fructose-bisphosphate aldolase B,Trom,20,39,0.1500000000000009,"[-0.17, 0.44]",0.34923374105217486,0.860788962265991,False
Mannan-binding lectin serine protease 2,Trom,20,39,4.857225732735059e-16,"[-0.31, 0.31]",1.0,1.0,False
Platelet glycoprotein 4,Trom,20,39,0.5250000000000001,"[0.26, 0.72]",0.0004248637356233851,0.038235771913692734,True
Hemoglobin subunit alpha,Trom,20,39,0.3000000000000007,"[-0.01, 0.56]",0.056691006778487665,0.5955651164529556,False
Immunoglobulin lambda variable 3-10,Trom,20,39,-0.20000000000000012,"[-0.48, 0.11]",0.20993874257441825,0.8205034779432058,False
Serum paraoxonase/lactonase 3,Trom,20,39,-0.1749999999999999,"[-0.46, 0.14]",0.27379479263839795,0.8448096775145966,False
Dopamine beta-hydroxylase,Trom,20,39,-0.025000000000000022,"[-0.33, 0.28]",0.8767016791266298,0.9710047873747903,False
Triosephosphate isomerase,Trom,20,39,-0.1749999999999999,"[-0.46, 0.14]",0.27379479263839795,0.8448096775145966,False
Endoplasmic reticulum chaperone BiP,Trom,20,39,0.1750000000000009,"[-0.14, 0.46]",0.27379479263839546,0.8448096775145966,False
Suprabasin,Trom,20,39,-0.05000000000000017,"[-0.35, 0.26]",0.7562191489680836,0.9507803863239565,False
Immunoglobulin kappa variable 3-20,Trom,20,39,-1.1102230246251564e-16,"[-0.31, 0.31]",1.0,1.0,False
Ficolin-1,Trom,20,39,0.15000000000000047,"[-0.17, 0.44]",0.3492337410521762,0.860788962265991,False
Autotaxin,Trom,20,39,0.15000000000000022,"[-0.17, 0.44]",0.3492337410521762,0.860788962265991,False
Histidine ammonia-lyase,Trom,20,39,0.07500000000000093,"[-0.24, 0.37]",0.6411866947841472,0.9307504209261677,False
Noelin,Trom,20,39,0.1750000000000008,"[-0.14, 0.46]",0.27379479263839546,0.8448096775145966,False
Prenylcysteine oxidase 1,Trom,20,39,0.1000000000000004,"[-0.21, 0.40]",0.5338939001152925,0.9307504209261677,False
Immunoglobulin delta heavy chain,Trom,20,39,-0.10000000000000017,"[-0.40, 0.21]",0.5338939001152925,0.9307504209261677,False
Antithrombin-III,Trom,20,39,-0.17500000000000018,"[-0.46, 0.14]",0.27379479263839523,0.8448096775145966,False
Complement component C7,Trom,20,39,-0.049999999999999524,"[-0.35, 0.26]",0.7562191489680836,0.9507803863239565,False
BOS complex subunit NOMO3;BOS complex subunit NOMO1;BOS complex subunit NOMO2,Trom,20,39,0.19999999999999962,"[-0.11, 0.48]",0.2099387425744199,0.8205034779432058,False
Cofilin-1,Trom,20,39,0.09999999999999978,"[-0.21, 0.40]",0.5338939001152971,0.9307504209261677,False
Histone H4,Trom,20,39,0.125,"[-0.19, 0.42]",0.4361566470231073,0.8960937411657979,False
Serum amyloid A-1 protein,Trom,20,39,-2.498001805406602e-16,"[-0.31, 0.31]",1.0,1.0,False
Transferrin receptor protein 1,Trom,20,39,0.024999999999999557,"[-0.28, 0.33]",0.8767016791266298,0.9710047873747903,False
Serpin B12,Trom,20,39,-0.2000000000000001,"[-0.48, 0.11]",0.20993874257441825,0.8205034779432058,False
Immunoglobulin kappa variable 3D-20,Trom,20,39,8.049116928532386e-16,"[-0.31, 0.31]",1.0,1.0,False
Probable non-functional immunoglobulin heavy variable 3-16,Trom,20,39,-0.15000000000000002,"[-0.44, 0.17]",0.34923374105217864,0.860788962265991,False
Immunoglobulin lambda variable 6-57,Trom,20,39,0.2000000000000006,"[-0.11, 0.48]",0.20993874257441789,0.8205034779432058,False
Fibrinogen alpha chain,Trom,20,39,0.5249999999999998,"[0.26, 0.72]",0.000424863735623389,0.038235771913692734,True
Galectin-3-binding protein,Trom,20,39,-0.024999999999999488,"[-0.33, 0.28]",0.8767016791266298,0.9710047873747903,False
Macrophage colony-stimulating factor 1 receptor,Trom,20,39,-0.22500000000000014,"[-0.50, 0.09]",0.15725665075562228,0.7607516423767026,False
Phosphatidylinositol-glycan-specific phospholipase D,Trom,20,39,-5.100087019371813e-16,"[-0.31, 0.31]",1.0,1.0,False
Serotransferrin,Trom,20,39,-0.025000000000000112,"[-0.33, 0.28]",0.8767016791266298,0.9710047873747903,False
Integrin alpha-11,Trom,20,39,-0.10000000000000007,"[-0.40, 0.21]",0.5338939001152971,0.9307504209261677,False
Proprotein convertase subtilisin/kexin type 9,Trom,20,39,0.3249999999999997,"[0.02, 0.58]",0.038142837064595383,0.5407449785115541,False
Gelsolin,Trom,20,39,0.12500000000000056,"[-0.19, 0.42]",0.4361566470231041,0.8960937411657979,False
Proteoglycan 4,Trom,20,39,0.1749999999999995,"[-0.14, 0.46]",0.27379479263839795,0.8448096775145966,False
Vascular cell adhesion protein 1,Trom,20,39,-0.07499999999999932,"[-0.37, 0.24]",0.6411866947841538,0.9307504209261677,False
Adhesion G protein-coupled receptor F5,Trom,20,39,0.07500000000000057,"[-0.24, 0.37]",0.6411866947841472,0.9307504209261677,False
Insulin-like growth factor-binding protein 3,Trom,20,39,0.2250000000000001,"[-0.09, 0.50]",0.15725665075562228,0.7607516423767026,False
Transthyretin,Trom,20,39,-0.17499999999999993,"[-0.46, 0.14]",0.27379479263839795,0.8448096775145966,False
Coiled-coil domain-containing protein 126,Trom,20,39,0.14999999999999988,"[-0.17, 0.44]",0.34923374105217864,0.860788962265991,False
Guanine nucleotide-binding protein G(i) subunit alpha-2,Trom,20,39,0.6749999999999999,"[0.46, 0.81]",1.295547287716076e-06,0.0008724215435480055,True
Apolipoprotein C-I,Trom,20,39,0.34999999999999976,"[0.05, 0.59]",0.02487954703887687,0.45322368856435696,False
Syntenin-1,Trom,20,39,1.02695629777827e-15,"[-0.31, 0.31]",1.0,1.0,False
Phospholipid transfer protein,Trom,20,39,0.07500000000000007,"[-0.24, 0.37]",0.6411866947841472,0.9307504209261677,False
Laminin subunit beta-1,Trom,20,39,0.05000000000000099,"[-0.26, 0.35]",0.7562191489680732,0.9507803863239565,False
Proline-rich protein 4,Trom,20,39,0.04999999999999983,"[-0.26, 0.35]",0.7562191489680836,0.9507803863239565,False
Immunoglobulin kappa variable 2-28;Immunoglobulin kappa variable 2D-28,Trom,20,39,-0.07500000000000001,"[-0.37, 0.24]",0.6411866947841472,0.9307504209261677,False
Complement C3,Trom,20,39,-0.10000000000000005,"[-0.40, 0.21]",0.5338939001152971,0.9307504209261677,False
Thyroxine-binding globulin,Trom,20,39,0.02499999999999999,"[-0.28, 0.33]",0.8767016791266298,0.9710047873747903,False
Immunoglobulin kappa variable 1D-13;Immunoglobulin kappa variable 1-13,Trom,20,39,0.05000000000000067,"[-0.26, 0.35]",0.7562191489680732,0.9507803863239565,False
Complement factor H-related protein 5,Trom,20,39,0.15000000000000074,"[-0.17, 0.44]",0.3492337410521762,0.860788962265991,False
Immunoglobulin lambda variable 2-23,Trom,20,39,-0.09999999999999973,"[-0.40, 0.21]",0.5338939001152971,0.9307504209261677,False
Coagulation factor VII,Trom,20,39,0.05000000000000082,"[-0.26, 0.35]",0.7562191489680732,0.9507803863239565,False
Immunoglobulin heavy constant gamma 4,Trom,20,39,-0.10000000000000005,"[-0.40, 0.21]",0.5338939001152971,0.9307504209261677,False
L-lactate dehydrogenase B chain,Trom,20,39,0.024999999999999908,"[-0.28, 0.33]",0.8767016791266298,0.9710047873747903,False
Zinc-alpha-2-glycoprotein,Trom,20,39,-0.0250000000000002,"[-0.33, 0.28]",0.8767016791266298,0.9710047873747903,False
"Dihydrolipoyllysine-residue succinyltransferase component of 2-oxoglutarate dehydrogenase complex, mitochondrial",Trom,20,39,-0.1,"[-0.40, 0.21]",0.5338939001152971,0.9307504209261677,False
Serpin B3,Trom,20,39,-0.20000000000000015,"[-0.48, 0.11]",0.20993874257441825,0.8205034779432058,False
Immunoglobulin heavy variable 3-33,Trom,20,39,0.17500000000000013,"[-0.14, 0.46]",0.27379479263839523,0.8448096775145966,False
Follistatin-related protein 1,Trom,20,39,-0.4249999999999997,"[-0.65, -0.14]",0.0056083778825597765,0.2288897979464093,False
Cholesteryl ester transfer protein,Trom,20,39,0.04999999999999963,"[-0.26, 0.35]",0.7562191489680836,0.9507803863239565,False
Complement C1q subcomponent subunit C,Trom,20,39,-0.149999999999999,"[-0.44, 0.17]",0.3492337410521821,0.860788962265991,False
Immunoglobulin heavy variable 4-30-2,Trom,20,39,0.12499999999999996,"[-0.19, 0.42]",0.4361566470231073,0.8960937411657979,False
Thrombospondin-4,Trom,20,39,0.37500000000000067,"[0.08, 0.61]",0.015700418653338162,0.36734819848780037,False
Transketolase,Trom,20,39,0.14999999999999966,"[-0.17, 0.44]",0.34923374105217864,0.860788962265991,False
Complement receptor type 2,Trom,20,39,-0.19999999999999926,"[-0.48, 0.11]",0.20993874257441955,0.8205034779432058,False
Immunoglobulin kappa variable 2-40;Immunoglobulin kappa variable 2D-40,Trom,20,39,0.24999999999999975,"[-0.06, 0.52]",0.11492787448834102,0.7242274493625929,False
Immunoglobulin kappa variable 3D-7,Trom,20,39,0.07500000000000004,"[-0.24, 0.37]",0.6411866947841472,0.9307504209261677,False
Immunoglobulin heavy variable 3-64,Trom,20,39,-0.35000000000000003,"[-0.59, -0.05]",0.024879547038876796,0.45322368856435696,False
Vitronectin,Trom,20,39,0.1749999999999997,"[-0.14, 0.46]",0.27379479263839795,0.8448096775145966,False
Complement component C8 gamma chain,Trom,20,39,-0.17500000000000032,"[-0.46, 0.14]",0.27379479263839523,0.8448096775145966,False
Immunoglobulin heavy variable 5-51,Trom,20,39,-0.20000000000000007,"[-0.48, 0.11]",0.20993874257441825,0.8205034779432058,False
Coagulation factor V,Trom,20,39,0.07500000000000037,"[-0.24, 0.37]",0.6411866947841472,0.9307504209261677,False
Protein S100-A7,Trom,20,39,-0.09999999999999991,"[-0.40, 0.21]",0.5338939001152971,0.9307504209261677,False
Arginase-1,Trom,20,39,-0.05000000000000007,"[-0.35, 0.26]",0.7562191489680836,0.9507803863239565,False
Protein-glutamine gamma-glutamyltransferase K,Trom,20,39,-0.09999999999999985,"[-0.40, 0.21]",0.5338939001152971,0.9307504209261677,False
Immunoglobulin kappa variable 4-1,Trom,20,39,0.15000000000000063,"[-0.17, 0.44]",0.3492337410521762,0.860788962265991,False
Coagulation factor XIII B chain,Trom,20,39,-0.12499999999999939,"[-0.42, 0.19]",0.43615664702310897,0.8960937411657979,False
Apolipoprotein C-II,Trom,20,39,0.32499999999999973,"[0.02, 0.58]",0.038142837064595383,0.5407449785115541,False
Bone marrow proteoglycan,Trom,20,39,0.050000000000000135,"[-0.26, 0.35]",0.7562191489680836,0.9507803863239565,False
Apolipoprotein A-I,Trom,20,39,-1.2490009027033009e-16,"[-0.31, 0.31]",1.0,1.0,False
Coagulation factor X,Trom,20,39,0.1500000000000006,"[-0.17, 0.44]",0.3492337410521762,0.860788962265991,False
Thioredoxin,Trom,20,39,-0.17499999999999943,"[-0.46, 0.14]",0.27379479263839795,0.8448096775145966,False
Immunoglobulin heavy variable 3-15,Trom,20,39,-0.12499999999999922,"[-0.42, 0.19]",0.43615664702310897,0.8960937411657979,False
Proteasome subunit beta type-2,Trom,20,39,-0.10000000000000014,"[-0.40, 0.21]",0.5338939001152925,0.9307504209261677,False
Apolipoprotein A-II,Trom,20,39,-0.050000000000000266,"[-0.35, 0.26]",0.7562191489680836,0.9507803863239565,False
Immunoglobulin heavy constant gamma 2,Trom,20,39,-0.3750000000000003,"[-0.61, -0.08]",0.015700418653338242,0.36734819848780037,False
Plakophilin-1,Trom,20,39,-0.04999999999999912,"[-0.35, 0.26]",0.7562191489680836,0.9507803863239565,False
Fetuin-B,Trom,20,39,0.049999999999999815,"[-0.26, 0.35]",0.7562191489680836,0.9507803863239565,False
Complement factor H-related protein 3,Trom,20,39,0.07499999999999983,"[-0.24, 0.37]",0.6411866947841538,0.9307504209261677,False
Plasminogen,Trom,20,39,-0.15000000000000005,"[-0.44, 0.17]",0.34923374105217864,0.860788962265991,False
Fermitin family homolog 3,Trom,20,39,0.5499999999999998,"[0.29, 0.73]",0.00019524530183146957,0.024347812269131942,True
Immunoglobulin heavy variable 3-21,Trom,20,39,-0.0249999999999998,"[-0.33, 0.28]",0.8767016791266298,0.9710047873747903,False
Immunoglobulin heavy variable 2-26,Trom,20,39,-0.10000000000000024,"[-0.40, 0.21]",0.5338939001152925,0.9307504209261677,False
Immunoglobulin kappa variable 1-12;Immunoglobulin kappa variable 1D-12,Trom,20,39,0.1500000000000006,"[-0.17, 0.44]",0.3492337410521762,0.860788962265991,False
Immunoglobulin heavy constant gamma 3,Trom,20,39,0.24999999999999958,"[-0.06, 0.52]",0.11492787448834102,0.7242274493625929,False
Immunoglobulin kappa variable 2D-29,Trom,20,39,-0.07499999999999964,"[-0.37, 0.24]",0.6411866947841538,0.9307504209261677,False
Neogenin,Trom,20,39,0.22499999999999976,"[-0.09, 0.50]",0.1572566507556232,0.7607516423767026,False
Immunoglobulin heavy variable 6-1,Trom,20,39,-0.15000000000000038,"[-0.44, 0.17]",0.3492337410521762,0.860788962265991,False
L-selectin,Trom,20,39,-0.07499999999999996,"[-0.37, 0.24]",0.6411866947841538,0.9307504209261677,False
Immunoglobulin lambda constant 3,Trom,20,39,-0.07499999999999962,"[-0.37, 0.24]",0.6411866947841538,0.9307504209261677,False
A disintegrin and metalloproteinase with thrombospondin motifs 13,Trom,20,39,-0.12499999999999943,"[-0.42, 0.19]",0.43615664702310897,0.8960937411657979,False
von Willebrand factor,Trom,20,39,-0.39999999999999936,"[-0.63, -0.11]",0.009563548476958075,0.3066711211611223,False
Neutral alpha-glucosidase AB,Trom,20,39,0.05000000000000032,"[-0.26, 0.35]",0.7562191489680836,0.9507803863239565,False
Carbonic anhydrase 1,Trom,20,39,0.3500000000000006,"[0.05, 0.59]",0.024879547038876522,0.45322368856435696,False
Immunoglobulin lambda variable 4-60,Trom,20,39,-2.775557561562892e-17,"[-0.31, 0.31]",1.0,1.0,False
Integrin beta-1,Trom,20,39,0.12499999999999974,"[-0.19, 0.42]",0.43615664702310897,0.8960937411657979,False
Immunoglobulin lambda variable 3-12,Trom,20,39,-0.05000000000000065,"[-0.35, 0.26]",0.7562191489680732,0.9507803863239565,False
Alpha-amylase 1B;Alpha-amylase 1C;Alpha-amylase 1A,Trom,20,39,0.04999999999999937,"[-0.26, 0.35]",0.7562191489680836,0.9507803863239565,False
Lumican,Trom,20,39,0.17500000000000068,"[-0.14, 0.46]",0.27379479263839546,0.8448096775145966,False
Beta-Ala-His dipeptidase,Trom,20,39,-0.10000000000000037,"[-0.40, 0.21]",0.5338939001152925,0.9307504209261677,False
Immunoglobulin alpha-2 heavy chain,Trom,20,39,0.09999999999999955,"[-0.21, 0.40]",0.5338939001152971,0.9307504209261677,False
Complement C5,Trom,20,39,0.05000000000000043,"[-0.26, 0.35]",0.7562191489680836,0.9507803863239565,False
Protein S100-A8,Trom,20,39,-0.02499999999999913,"[-0.33, 0.28]",0.8767016791266298,0.9710047873747903,False
Immunoglobulin lambda variable 3-25,Trom,20,39,0.17499999999999957,"[-0.14, 0.46]",0.27379479263839795,0.8448096775145966,False
Leukocyte immunoglobulin-like receptor subfamily B member 3;Leukocyte immunoglobulin-like receptor subfamily A member 6,Trom,20,39,-0.17499999999999913,"[-0.46, 0.14]",0.2737947926383973,0.8448096775145966,False
Collagen alpha-3(VI) chain,Trom,20,39,-0.10000000000000012,"[-0.40, 0.21]",0.5338939001152925,0.9307504209261677,False
Immunoglobulin kappa variable 1-39;Immunoglobulin kappa variable 1D-39,Trom,20,39,-0.02500000000000013,"[-0.33, 0.28]",0.8767016791266298,0.9710047873747903,False
Bleomycin hydrolase,Trom,20,39,-0.02500000000000007,"[-0.33, 0.28]",0.8767016791266298,0.9710047873747903,False
CD166 antigen,Trom,20,39,-0.02499999999999949,"[-0.33, 0.28]",0.8767016791266298,0.9710047873747903,False
Beta-2-microglobulin,Trom,20,39,-0.0749999999999998,"[-0.37, 0.24]",0.6411866947841538,0.9307504209261677,False
Amino acid transporter heavy chain SLC3A2,Trom,20,39,-0.25000000000000033,"[-0.52, 0.06]",0.11492787448833999,0.7242274493625929,False
Haptoglobin-related protein,Trom,20,39,0.12500000000000036,"[-0.19, 0.42]",0.4361566470231073,0.8960937411657979,False
Alpha-1-acid glycoprotein 1,Trom,20,39,-0.07499999999999946,"[-0.37, 0.24]",0.6411866947841538,0.9307504209261677,False
Serum paraoxonase/arylesterase 1,Trom,20,39,0.19999999999999987,"[-0.11, 0.48]",0.20993874257441825,0.8205034779432058,False
Target of Nesh-SH3,Trom,20,39,-0.1250000000000002,"[-0.42, 0.19]",0.4361566470231073,0.8960937411657979,False
Intercellular adhesion molecule 1,Trom,20,39,0.024999999999999887,"[-0.28, 0.33]",0.8767016791266298,0.9710047873747903,False
Complement C4-A,Trom,20,39,0.19999999999999954,"[-0.11, 0.48]",0.2099387425744199,0.8205034779432058,False
Coagulation factor XIII A chain,Trom,20,39,-0.2249999999999995,"[-0.50, 0.09]",0.1572566507556232,0.7607516423767026,False
Immunoglobulin mu heavy chain,Trom,20,39,0.07499999999999966,"[-0.24, 0.37]",0.6411866947841538,0.9307504209261677,False
Oncoprotein-induced transcript 3 protein,Trom,20,39,0.0999999999999997,"[-0.21, 0.40]",0.5338939001152971,0.9307504209261677,False
Peroxiredoxin-2,Trom,20,39,0.1999999999999996,"[-0.11, 0.48]",0.2099387425744199,0.8205034779432058,False
Tissue factor pathway inhibitor,Trom,20,39,-0.025000000000000255,"[-0.33, 0.28]",0.8767016791266298,0.9710047873747903,False
Progranulin,Trom,20,39,-0.024999999999999578,"[-0.33, 0.28]",0.8767016791266298,0.9710047873747903,False
Histone H2B type 1-K;Histone H2B type F-S,Trom,20,39,-0.07500000000000061,"[-0.37, 0.24]",0.6411866947841472,0.9307504209261677,False
Hemoglobin subunit delta,Trom,20,39,0.3000000000000007,"[-0.01, 0.56]",0.056691006778487665,0.5955651164529556,False
Glutathione S-transferase P,Trom,20,39,0.09999999999999976,"[-0.21, 0.40]",0.5338939001152971,0.9307504209261677,False
Annexin A6,Trom,20,39,-0.025000000000000338,"[-0.33, 0.28]",0.8767016791266298,0.9710047873747903,False
Complement factor H-related protein 1,Trom,20,39,0.0749999999999995,"[-0.24, 0.37]",0.6411866947841538,0.9307504209261677,False
Protein KPLCE,Trom,20,39,-0.15000000000000022,"[-0.44, 0.17]",0.34923374105217864,0.860788962265991,False
Immunoglobulin heavy variable 4-4,Trom,20,39,-0.04999999999999896,"[-0.35, 0.26]",0.7562191489680836,0.9507803863239565,False
Alpha-1B-glycoprotein,Trom,20,39,0.0749999999999998,"[-0.24, 0.37]",0.6411866947841538,0.9307504209261677,False
Properdin,Trom,20,39,-0.0999999999999997,"[-0.40, 0.21]",0.5338939001152971,0.9307504209261677,False
Immunoglobulin heavy variable 3-53,Trom,20,39,-0.15000000000000022,"[-0.44, 0.17]",0.34923374105217864,0.860788962265991,False
Calmodulin-like protein 5,Trom,20,39,0.024999999999999807,"[-0.28, 0.33]",0.8767016791266298,0.9710047873747903,False
Carboxypeptidase B2,Trom,20,39,-0.12499999999999921,"[-0.42, 0.19]",0.43615664702310897,0.8960937411657979,False
"Sushi, nidogen and EGF-like domain-containing protein 1",Trom,20,39,0.04999999999999995,"[-0.26, 0.35]",0.7562191489680836,0.9507803863239565,False
Proteasome subunit alpha type-5,Trom,20,39,0.19999999999999973,"[-0.11, 0.48]",0.2099387425744199,0.8205034779432058,False
Bifunctional heparan sulfate N-deacetylase/N-sulfotransferase 4,Trom,20,39,-0.22499999999999912,"[-0.50, 0.09]",0.1572566507556237,0.7607516423767026,False
Immunoglobulin heavy variable 3-9,Trom,20,39,-0.12499999999999963,"[-0.42, 0.19]",0.43615664702310897,0.8960937411657979,False
Neural cell adhesion molecule L1-like protein,Trom,20,39,0.15000000000000074,"[-0.17, 0.44]",0.3492337410521762,0.860788962265991,False
Proteasome subunit alpha type-2,Trom,20,39,0.32499999999999984,"[0.02, 0.58]",0.038142837064595383,0.5407449785115541,False
Intercellular adhesion molecule 3,Trom,20,39,-0.02499999999999935,"[-0.33, 0.28]",0.8767016791266298,0.9710047873747903,False
Receptor-type tyrosine-protein phosphatase eta,Trom,20,39,-0.3499999999999991,"[-0.59, -0.05]",0.024879547038877146,0.45322368856435696,False
ADAMTS-like protein 4,Trom,20,39,0.2000000000000006,"[-0.11, 0.48]",0.20993874257441789,0.8205034779432058,False
Immunoglobulin lambda variable 3-21,Trom,20,39,0.07499999999999958,"[-0.24, 0.37]",0.6411866947841538,0.9307504209261677,False
Cartilage oligomeric matrix protein,Trom,20,39,0.29999999999999977,"[-0.01, 0.56]",0.05669100677848863,0.5955651164529556,False
Neural cell adhesion molecule 1,Trom,20,39,6.557254739192332e-16,"[-0.31, 0.31]",1.0,1.0,False
Immunoglobulin lambda variable 2-11,Trom,20,39,-0.09999999999999928,"[-0.40, 0.21]",0.5338939001152971,0.9307504209261677,False
Immunoglobulin kappa variable 1D-33;Immunoglobulin kappa variable 1-33,Trom,20,39,0.04999999999999983,"[-0.26, 0.35]",0.7562191489680836,0.9507803863239565,False
Beta-2-glycoprotein 1,Trom,20,39,-0.12499999999999942,"[-0.42, 0.19]",0.43615664702310897,0.8960937411657979,False
Vitamin D-binding protein,Trom,20,39,-0.07500000000000007,"[-0.37, 0.24]",0.6411866947841472,0.9307504209261677,False
Filamin-A,Trom,20,39,0.6,"[0.36, 0.77]",3.3789544631434425e-05,0.007110587298377482,True
Reelin,Trom,20,39,-2.4980018054066017e-16,"[-0.31, 0.31]",1.0,1.0,False
Immunoglobulin lambda variable 5-39,Trom,20,39,-0.025000000000000314,"[-0.33, 0.28]",0.8767016791266298,0.9710047873747903,False
Fatty acid-binding protein 5,Trom,20,39,-0.2499999999999994,"[-0.52, 0.06]",0.11492787448834166,0.7242274493625929,False
"HLA class I histocompatibility antigen, A alpha chain",Trom,20,39,0.2999999999999996,"[-0.01, 0.56]",0.05669100677848863,0.5955651164529556,False
Low affinity immunoglobulin gamma Fc region receptor III-A,Trom,20,39,0.17500000000000002,"[-0.14, 0.46]",0.27379479263839523,0.8448096775145966,False
Heat shock 70 kDa protein 1A;Heat shock 70 kDa protein 1B,Trom,20,39,-0.09999999999999962,"[-0.40, 0.21]",0.5338939001152971,0.9307504209261677,False
Apolipoprotein D,Trom,20,39,0.3499999999999998,"[0.05, 0.59]",0.02487954703887687,0.45322368856435696,False
Plexin-B1,Trom,20,39,0.025000000000000775,"[-0.28, 0.33]",0.8767016791266298,0.9710047873747903,False
Immunoglobulin heavy variable 1-58,Trom,20,39,-0.1999999999999994,"[-0.48, 0.11]",0.2099387425744199,0.8205034779432058,False
Apolipoprotein C-IV,Trom,20,39,0.4250000000000005,"[0.14, 0.65]",0.00560837788255968,0.2288897979464093,False
Monocyte differentiation antigen CD14,Trom,20,39,-0.1749999999999993,"[-0.46, 0.14]",0.2737947926383973,0.8448096775145966,False
Protein MENT,Trom,20,39,-0.07499999999999941,"[-0.37, 0.24]",0.6411866947841538,0.9307504209261677,False
Immunoglobulin epsilon heavy chain,Trom,20,39,-0.3249999999999993,"[-0.58, -0.02]",0.0381428370645957,0.5407449785115541,False
Complement factor H,Trom,20,39,0.025000000000000553,"[-0.28, 0.33]",0.8767016791266298,0.9710047873747903,False
Stabilin-1,Trom,20,39,0.1999999999999998,"[-0.11, 0.48]",0.2099387425744199,0.8205034779432058,False
Macrophage receptor MARCO,Trom,20,39,0.07499999999999996,"[-0.24, 0.37]",0.6411866947841538,0.9307504209261677,False
Protein POF1B,Trom,20,39,0.02499999999999992,"[-0.28, 0.33]",0.8767016791266298,0.9710047873747903,False
Phosphatidylcholine-sterol acyltransferase,Trom,20,39,0.07500000000000039,"[-0.24, 0.37]",0.6411866947841472,0.9307504209261677,False
Clusterin,Trom,20,39,0.3749999999999999,"[0.08, 0.61]",0.015700418653338422,0.36734819848780037,False
Platelet-activating factor acetylhydrolase,Trom,20,39,-0.050000000000000176,"[-0.35, 0.26]",0.7562191489680836,0.9507803863239565,False
Vasorin,Trom,20,39,0.024999999999999873,"[-0.28, 0.33]",0.8767016791266298,0.9710047873747903,False
Myeloperoxidase,Trom,20,39,0.04999999999999971,"[-0.26, 0.35]",0.7562191489680836,0.9507803863239565,False
Immunoglobulin lambda variable 5-52,Trom,20,39,-0.07499999999999951,"[-0.37, 0.24]",0.6411866947841538,0.9307504209261677,False
Carboxypeptidase N catalytic chain,Trom,20,39,0.07499999999999991,"[-0.24, 0.37]",0.6411866947841538,0.9307504209261677,False
Fibrinogen gamma chain,Trom,20,39,-0.12500000000000025,"[-0.42, 0.19]",0.4361566470231073,0.8960937411657979,False
Soluble scavenger receptor cysteine-rich domain-containing protein SSC5D,Trom,20,39,0.12499999999999954,"[-0.19, 0.42]",0.43615664702310897,0.8960937411657979,False
Tetranectin,Trom,20,39,-0.1500000000000003,"[-0.44, 0.17]",0.3492337410521762,0.860788962265991,False
Apolipoprotein(a),Trom,20,39,0.15000000000000055,"[-0.17, 0.44]",0.3492337410521762,0.860788962265991,False
Alpha-2-antiplasmin,Trom,20,39,-0.05000000000000051,"[-0.35, 0.26]",0.7562191489680836,0.9507803863239565,False
Retroviral-like aspartic protease 1,Trom,20,39,-0.05000000000000011,"[-0.35, 0.26]",0.7562191489680836,0.9507803863239565,False
Ficolin-3,Trom,20,39,-0.024999999999999255,"[-0.33, 0.28]",0.8767016791266298,0.9710047873747903,False
Immunoglobulin kappa variable 2-24,Trom,20,39,0.14999999999999986,"[-0.17, 0.44]",0.34923374105217864,0.860788962265991,False
Immunoglobulin superfamily containing leucine-rich repeat protein,Trom,20,39,0.3749999999999998,"[0.08, 0.61]",0.015700418653338422,0.36734819848780037,False
Complement factor D,Trom,20,39,0.07500000000000069,"[-0.24, 0.37]",0.6411866947841472,0.9307504209261677,False
Vitamin K-dependent protein Z,Trom,20,39,0.22499999999999953,"[-0.09, 0.50]",0.1572566507556232,0.7607516423767026,False
EGF-containing fibulin-like extracellular matrix protein 1,Trom,20,39,-0.02499999999999946,"[-0.33, 0.28]",0.8767016791266298,0.9710047873747903,False
Dipeptidase 2,Trom,20,39,-0.024999999999999915,"[-0.33, 0.28]",0.8767016791266298,0.9710047873747903,False
Myeloblastin,Trom,20,39,-0.025000000000000917,"[-0.33, 0.28]",0.8767016791266298,0.9710047873747903,False
Neurogenic locus notch homolog protein 1,Trom,20,39,0.09999999999999998,"[-0.21, 0.40]",0.5338939001152971,0.9307504209261677,False
Vitamin K-dependent protein S,Trom,20,39,0.1750000000000007,"[-0.14, 0.46]",0.27379479263839546,0.8448096775145966,False
Dermcidin,Trom,20,39,0.12500000000000058,"[-0.19, 0.42]",0.4361566470231041,0.8960937411657979,False
Immunoglobulin heavy variable 3-73,Trom,20,39,0.15000000000000024,"[-0.17, 0.44]",0.3492337410521762,0.860788962265991,False
Alpha-2-macroglobulin,Trom,20,39,-0.07500000000000007,"[-0.37, 0.24]",0.6411866947841472,0.9307504209261677,False
Cation-independent mannose-6-phosphate receptor,Trom,20,39,-0.09999999999999969,"[-0.40, 0.21]",0.5338939001152971,0.9307504209261677,False
Chromodomain-helicase-DNA-binding protein 1;Chromodomain-helicase-DNA-binding protein 2;Chromodomain-helicase-DNA-binding protein 9;Chromodomain-helicase-DNA-binding protein 6;Chromodomain-helicase-DNA-binding protein 8;Chromodomain-helicase-DNA-binding protein 7,Trom,20,39,-0.17500000000000013,"[-0.46, 0.14]",0.27379479263839523,0.8448096775145966,False
Ceruloplasmin,Trom,20,39,0.12499999999999958,"[-0.19, 0.42]",0.43615664702310897,0.8960937411657979,False
Prostaglandin-H2 D-isomerase,Trom,20,39,-0.29999999999999977,"[-0.56, 0.01]",0.056691006778488304,0.5955651164529556,False
Protein S100-A9,Trom,20,39,0.025000000000000834,"[-0.28, 0.33]",0.8767016791266298,0.9710047873747903,False
Immunoglobulin J chain,Trom,20,39,-0.09999999999999926,"[-0.40, 0.21]",0.5338939001152971,0.9307504209261677,False
Probable non-functional immunoglobulin kappa variable 3-7,Neutr,20,39,-0.024999999999999155,"[-0.33, 0.28]",0.8767016791266298,0.9710047873747903,False
Apolipoprotein A-IV,Neutr,20,39,0.27500000000000024,"[-0.04, 0.54]",0.08183609289594658,0.6837273567758237,False
Coagulation factor XII,Neutr,20,39,0.22499999999999953,"[-0.09, 0.50]",0.1572566507556232,0.7607516423767026,False
Mannan-binding lectin serine protease 1,Neutr,20,39,-1.5265566588595905e-16,"[-0.31, 0.31]",1.0,1.0,False
Complement factor I,Neutr,20,39,0.37500000000000094,"[0.08, 0.61]",0.015700418653338117,0.36734819848780037,False
Platelet glycoprotein Ib alpha chain,Neutr,20,39,-0.29999999999999927,"[-0.56, 0.01]",0.05669100677848894,0.5955651164529556,False
Hepatocyte growth factor-like protein,Neutr,20,39,0.300000000000001,"[-0.01, 0.56]",0.05669100677848751,0.5955651164529556,False
Profilin-1,Neutr,20,39,4.857225732735059e-17,"[-0.31, 0.31]",1.0,1.0,False
Peptidase inhibitor 16,Neutr,20,39,0.025000000000000057,"[-0.28, 0.33]",0.8767016791266298,0.9710047873747903,False
Cell surface glycoprotein MUC18,Neutr,20,39,-0.04999999999999994,"[-0.35, 0.26]",0.7562191489680836,0.9507803863239565,False
Adhesion G-protein coupled receptor G6,Neutr,20,39,-0.12499999999999999,"[-0.42, 0.19]",0.4361566470231073,0.8960937411657979,False
Immunoglobulin heavy variable 1-69,Neutr,20,39,0.32500000000000084,"[0.02, 0.58]",0.03814283706459473,0.5407449785115541,False
Insulin-like growth factor-binding protein complex acid labile subunit,Neutr,20,39,-0.14999999999999927,"[-0.44, 0.17]",0.34923374105217975,0.860788962265991,False
Plasma serine protease inhibitor,Neutr,20,39,0.4500000000000002,"[0.17, 0.67]",0.003157075116906908,0.16872812569247164,False
Immunoglobulin heavy variable 1-69D,Neutr,20,39,0.1749999999999996,"[-0.14, 0.46]",0.27379479263839795,0.8448096775145966,False
Pancreatic adenocarcinoma up-regulated factor,Neutr,20,39,-0.22499999999999926,"[-0.50, 0.09]",0.1572566507556237,0.7607516423767026,False
Immunoglobulin heavy variable 3-64D,Neutr,20,39,0.04999999999999943,"[-0.26, 0.35]",0.7562191489680836,0.9507803863239565,False
Neutrophil gelatinase-associated lipocalin,Neutr,20,39,0.1499999999999997,"[-0.17, 0.44]",0.34923374105217864,0.860788962265991,False
Lysosome-associated membrane glycoprotein 2,Neutr,20,39,0.17500000000000066,"[-0.14, 0.46]",0.27379479263839546,0.8448096775145966,False
Corneodesmosin,Neutr,20,39,0.22500000000000012,"[-0.09, 0.50]",0.15725665075562228,0.7607516423767026,False
Collagen alpha-1(XVIII) chain,Neutr,20,39,0.15000000000000077,"[-0.17, 0.44]",0.3492337410521762,0.860788962265991,False
Lipopolysaccharide-binding protein,Neutr,20,39,0.07499999999999944,"[-0.24, 0.37]",0.6411866947841538,0.9307504209261677,False
Immunoglobulin heavy variable 3-49,Neutr,20,39,0.10000000000000005,"[-0.21, 0.40]",0.5338939001152971,0.9307504209261677,False
SPARC-like protein 1,Neutr,20,39,-0.07499999999999991,"[-0.37, 0.24]",0.6411866947841538,0.9307504209261677,False
Ras-associated and pleckstrin homology domains-containing protein 1,Neutr,20,39,-0.04999999999999955,"[-0.35, 0.26]",0.7562191489680836,0.9507803863239565,False
Alpha-1-acid glycoprotein 2,Neutr,20,39,0.20000000000000065,"[-0.11, 0.48]",0.20993874257441536,0.8205034779432058,False
Immunoglobulin heavy variable 3-20,Neutr,20,39,-0.07500000000000008,"[-0.37, 0.24]",0.6411866947841472,0.9307504209261677,False
Neurogenic locus notch homolog protein 2,Neutr,20,39,0.049999999999999864,"[-0.26, 0.35]",0.7562191489680836,0.9507803863239565,False
Apolipoprotein B-100,Neutr,20,39,-0.2999999999999994,"[-0.56, 0.01]",0.056691006778488796,0.5955651164529556,False
CD44 antigen,Neutr,20,39,0.12499999999999976,"[-0.19, 0.42]",0.43615664702310897,0.8960937411657979,False
Pigment epithelium-derived factor,Neutr,20,39,0.2500000000000007,"[-0.06, 0.52]",0.11492787448833962,0.7242274493625929,False
Xaa-Pro dipeptidase,Neutr,20,39,0.07500000000000043,"[-0.24, 0.37]",0.6411866947841472,0.9307504209261677,False
Immunoglobulin heavy constant delta,Neutr,20,39,-0.07499999999999922,"[-0.37, 0.24]",0.6411866947841538,0.9307504209261677,False
Probable non-functional immunoglobulin heavy variable 3-38-3,Neutr,20,39,0.17500000000000063,"[-0.14, 0.46]",0.27379479263839546,0.8448096775145966,False
Immunoglobulin lambda constant 7,Neutr,20,39,-0.225,"[-0.50, 0.09]",0.15725665075562228,0.7607516423767026,False
Receptor-type tyrosine-protein phosphatase gamma,Neutr,20,39,0.05000000000000057,"[-0.26, 0.35]",0.7562191489680836,0.9507803863239565,False
Afamin,Neutr,20,39,0.14999999999999977,"[-0.17, 0.44]",0.34923374105217864,0.860788962265991,False
Pyruvate kinase PKLR,Neutr,20,39,-0.22499999999999926,"[-0.50, 0.09]",0.1572566507556237,0.7607516423767026,False
Insulin-like growth factor 2,Neutr,20,39,0.19999999999999993,"[-0.11, 0.48]",0.20993874257441825,0.8205034779432058,False
CD109 antigen,Neutr,20,39,0.27500000000000047,"[-0.04, 0.54]",0.08183609289594636,0.6837273567758237,False
ADP-ribosyl cyclase/cyclic ADP-ribose hydrolase 2,Neutr,20,39,0.12499999999999965,"[-0.19, 0.42]",0.43615664702310897,0.8960937411657979,False
Dedicator of cytokinesis protein 4,Neutr,20,39,-0.2999999999999999,"[-0.56, 0.01]",0.056691006778488304,0.5955651164529556,False
Complement factor H-related protein 2,Neutr,20,39,-0.22499999999999978,"[-0.50, 0.09]",0.1572566507556232,0.7607516423767026,False
Selenoprotein P,Neutr,20,39,-0.04999999999999947,"[-0.35, 0.26]",0.7562191489680836,0.9507803863239565,False
Adipocyte plasma membrane-associated protein,Neutr,20,39,0.15,"[-0.17, 0.44]",0.34923374105217864,0.860788962265991,False
Immunoglobulin heavy constant alpha 2,Neutr,20,39,-0.2500000000000001,"[-0.52, 0.06]",0.11492787448834065,0.7242274493625929,False
Lactotransferrin,Neutr,20,39,-0.025,"[-0.33, 0.28]",0.8767016791266298,0.9710047873747903,False
Alpha-enolase,Neutr,20,39,-0.07499999999999982,"[-0.37, 0.24]",0.6411866947841538,0.9307504209261677,False
Immunoglobulin heavy constant gamma 1,Neutr,20,39,0.3499999999999998,"[0.05, 0.59]",0.02487954703887687,0.45322368856435696,False
Collectin-10,Neutr,20,39,0.02499999999999962,"[-0.28, 0.33]",0.8767016791266298,0.9710047873747903,False
Lysosome-associated membrane glycoprotein 1,Neutr,20,39,-0.12499999999999982,"[-0.42, 0.19]",0.4361566470231073,0.8960937411657979,False
Cathelicidin antimicrobial peptide,Neutr,20,39,-0.02499999999999914,"[-0.33, 0.28]",0.8767016791266298,0.9710047873747903,False
Fibroblast growth factor-binding protein 2,Neutr,20,39,-0.3249999999999993,"[-0.58, -0.02]",0.0381428370645957,0.5407449785115541,False
Lymphatic vessel endothelial hyaluronic acid receptor 1,Neutr,20,39,-0.050000000000000024,"[-0.35, 0.26]",0.7562191489680836,0.9507803863239565,False
Haptoglobin,Neutr,20,39,-0.29999999999999977,"[-0.56, 0.01]",0.056691006778488304,0.5955651164529556,False
Tenascin-X,Neutr,20,39,-0.09999999999999938,"[-0.40, 0.21]",0.5338939001152971,0.9307504209261677,False
Zinc finger protein 512B,Neutr,20,39,-0.17500000000000032,"[-0.46, 0.14]",0.27379479263839523,0.8448096775145966,False
Immunoglobulin lambda variable 3-19,Neutr,20,39,0.1000000000000004,"[-0.21, 0.40]",0.5338939001152925,0.9307504209261677,False
Complement C1q subcomponent subunit B,Neutr,20,39,-0.34999999999999926,"[-0.59, -0.05]",0.024879547038877146,0.45322368856435696,False
Ubiquitin-ribosomal protein eS31 fusion protein,Neutr,20,39,-0.02500000000000061,"[-0.33, 0.28]",0.8767016791266298,0.9710047873747903,False
Kinesin-like protein KIF21A,Neutr,20,39,-0.3250000000000001,"[-0.58, -0.02]",0.03814283706459527,0.5407449785115541,False
Attractin,Neutr,20,39,0.2750000000000008,"[-0.04, 0.54]",0.0818360928959459,0.6837273567758237,False
Immunoglobulin lambda variable 1-44,Neutr,20,39,-0.049999999999999295,"[-0.35, 0.26]",0.7562191489680836,0.9507803863239565,False
Immunoglobulin heavy variable 1-46,Neutr,20,39,0.17500000000000046,"[-0.14, 0.46]",0.27379479263839546,0.8448096775145966,False
Fibulin-1,Neutr,20,39,0.2,"[-0.11, 0.48]",0.20993874257441825,0.8205034779432058,False
Secreted phosphoprotein 24,Neutr,20,39,-0.27500000000000036,"[-0.54, 0.04]",0.08183609289594658,0.6837273567758237,False
Scavenger receptor class B member 1,Neutr,20,39,-0.049999999999999704,"[-0.35, 0.26]",0.7562191489680836,0.9507803863239565,False
Immunoglobulin lambda variable 2-18,Neutr,20,39,-0.1750000000000001,"[-0.46, 0.14]",0.27379479263839523,0.8448096775145966,False
Collagen alpha-2(VI) chain,Neutr,20,39,0.17500000000000085,"[-0.14, 0.46]",0.27379479263839546,0.8448096775145966,False
Adiponectin,Neutr,20,39,-0.1500000000000004,"[-0.44, 0.17]",0.3492337410521762,0.860788962265991,False
Nidogen-1,Neutr,20,39,6.661338147750939e-16,"[-0.31, 0.31]",1.0,1.0,False
Alpha-1-antitrypsin,Neutr,20,39,0.22499999999999973,"[-0.09, 0.50]",0.1572566507556232,0.7607516423767026,False
"Sushi, von Willebrand factor type A, EGF and pentraxin domain-containing protein 1",Neutr,20,39,-0.07499999999999954,"[-0.37, 0.24]",0.6411866947841538,0.9307504209261677,False
Complement C1s subcomponent,Neutr,20,39,-0.3249999999999996,"[-0.58, -0.02]",0.03814283706459549,0.5407449785115541,False
Alpha-actinin-4,Neutr,20,39,-0.07499999999999911,"[-0.37, 0.24]",0.6411866947841538,0.9307504209261677,False
Complement component C1q receptor,Neutr,20,39,-0.075,"[-0.37, 0.24]",0.6411866947841472,0.9307504209261677,False
Inter-alpha-trypsin inhibitor heavy chain H3,Neutr,20,39,0.20000000000000054,"[-0.11, 0.48]",0.20993874257441789,0.8205034779432058,False
Immunoglobulin kappa variable 1D-8,Neutr,20,39,0.04999999999999967,"[-0.26, 0.35]",0.7562191489680836,0.9507803863239565,False
Low-density lipoprotein receptor,Neutr,20,39,-0.12499999999999907,"[-0.42, 0.19]",0.4361566470231122,0.8960937411657979,False
Prolactin-inducible protein,Neutr,20,39,-2.0816681711721682e-17,"[-0.31, 0.31]",1.0,1.0,False
Hyaluronan-binding protein 2,Neutr,20,39,0.15000000000000008,"[-0.17, 0.44]",0.34923374105217864,0.860788962265991,False
N-acetylmuramoyl-L-alanine amidase,Neutr,20,39,0.24999999999999956,"[-0.06, 0.52]",0.11492787448834166,0.7242274493625929,False
Serpin A11,Neutr,20,39,0.25000000000000056,"[-0.06, 0.52]",0.11492787448833962,0.7242274493625929,False
C4b-binding protein alpha chain,Neutr,20,39,-0.12500000000000003,"[-0.42, 0.19]",0.4361566470231073,0.8960937411657979,False
Inter-alpha-trypsin inhibitor heavy chain H2,Neutr,20,39,-0.12500000000000036,"[-0.42, 0.19]",0.4361566470231073,0.8960937411657979,False
Fibrillin-1,Neutr,20,39,0.15000000000000044,"[-0.17, 0.44]",0.3492337410521762,0.860788962265991,False
Golgi-associated RAB2 interactor protein 1B,Neutr,20,39,0.024999999999999585,"[-0.28, 0.33]",0.8767016791266298,0.9710047873747903,False
Neurogenic locus notch homolog protein 3,Neutr,20,39,-0.12499999999999972,"[-0.42, 0.19]",0.43615664702310897,0.8960937411657979,False
Immunoglobulin heavy constant alpha 1,Neutr,20,39,-0.02500000000000039,"[-0.33, 0.28]",0.8767016791266298,0.9710047873747903,False
Apolipoprotein C-III,Neutr,20,39,-0.07500000000000041,"[-0.37, 0.24]",0.6411866947841472,0.9307504209261677,False
Glutathione peroxidase 3,Neutr,20,39,0.20000000000000034,"[-0.11, 0.48]",0.20993874257441789,0.8205034779432058,False
Contactin-1,Neutr,20,39,0.2999999999999992,"[-0.01, 0.56]",0.05669100677848894,0.5955651164529556,False
Stomatin,Neutr,20,39,0.09999999999999962,"[-0.21, 0.40]",0.5338939001152971,0.9307504209261677,False
Immunoglobulin heavy variable 3-13,Neutr,20,39,-0.0249999999999994,"[-0.33, 0.28]",0.8767016791266298,0.9710047873747903,False
Immunoglobulin heavy variable 1-69-2,Neutr,20,39,0.32500000000000046,"[0.02, 0.58]",0.038142837064594946,0.5407449785115541,False
Apolipoprotein E,Neutr,20,39,-0.4250000000000001,"[-0.65, -0.14]",0.005608377882559728,0.2288897979464093,False
Mucosal addressin cell adhesion molecule 1,Neutr,20,39,0.10000000000000081,"[-0.21, 0.40]",0.5338939001152925,0.9307504209261677,False
Protein S100-A11,Neutr,20,39,0.049999999999999795,"[-0.26, 0.35]",0.7562191489680836,0.9507803863239565,False
Complement factor H-related protein 4,Neutr,20,39,-0.22499999999999964,"[-0.50, 0.09]",0.1572566507556232,0.7607516423767026,False
Immunoglobulin kappa variable 1D-16,Neutr,20,39,-0.07499999999999912,"[-0.37, 0.24]",0.6411866947841538,0.9307504209261677,False
Immunoglobulin lambda variable 1-47,Neutr,20,39,-0.35000000000000026,"[-0.59, -0.05]",0.02487954703887659,0.45322368856435696,False
Fructose-bisphosphate aldolase A,Neutr,20,39,-0.1249999999999992,"[-0.42, 0.19]",0.43615664702310897,0.8960937411657979,False
Thrombospondin-1,Neutr,20,39,0.05000000000000027,"[-0.26, 0.35]",0.7562191489680836,0.9507803863239565,False
Aminopeptidase N,Neutr,20,39,-0.12499999999999944,"[-0.42, 0.19]",0.43615664702310897,0.8960937411657979,False
Apolipoprotein M,Neutr,20,39,-0.14999999999999994,"[-0.44, 0.17]",0.34923374105217864,0.860788962265991,False
Immunoglobulin heavy variable 3-43,Neutr,20,39,0.12500000000000056,"[-0.19, 0.42]",0.4361566470231041,0.8960937411657979,False
Cysteine-rich secretory protein 3,Neutr,20,39,0.22499999999999978,"[-0.09, 0.50]",0.15725665075562228,0.7607516423767026,False
Complement component C8 alpha chain,Neutr,20,39,0.050000000000000544,"[-0.26, 0.35]",0.7562191489680836,0.9507803863239565,False
Immunoglobulin heavy variable 2-70D,Neutr,20,39,0.1250000000000008,"[-0.19, 0.42]",0.4361566470231041,0.8960937411657979,False
Immunoglobulin heavy variable 3-23,Neutr,20,39,-0.15000000000000002,"[-0.44, 0.17]",0.34923374105217864,0.860788962265991,False
Plasma kallikrein,Neutr,20,39,-0.07499999999999969,"[-0.37, 0.24]",0.6411866947841538,0.9307504209261677,False
Galectin-7,Neutr,20,39,-0.14999999999999944,"[-0.44, 0.17]",0.34923374105217975,0.860788962265991,False
Extracellular superoxide dismutase [Cu-Zn],Neutr,20,39,0.44999999999999996,"[0.17, 0.67]",0.003157075116906917,0.16872812569247164,False
Immunoglobulin heavy variable 1-8,Neutr,20,39,0.12499999999999999,"[-0.19, 0.42]",0.4361566470231073,0.8960937411657979,False
Cystatin-C,Neutr,20,39,0.15,"[-0.17, 0.44]",0.34923374105217864,0.860788962265991,False
Immunoglobulin lambda-like polypeptide 1,Neutr,20,39,0.049999999999999704,"[-0.26, 0.35]",0.7562191489680836,0.9507803863239565,False
Inhibin beta C chain,Neutr,20,39,0.2500000000000004,"[-0.06, 0.52]",0.11492787448833999,0.7242274493625929,False
Mannose-binding protein C,Neutr,20,39,-0.07499999999999925,"[-0.37, 0.24]",0.6411866947841538,0.9307504209261677,False
IgGFc-binding protein,Neutr,20,39,-0.4499999999999995,"[-0.67, -0.17]",0.003157075116906954,0.16872812569247164,False
Macrophage mannose receptor 1,Neutr,20,39,0.2000000000000005,"[-0.11, 0.48]",0.20993874257441789,0.8205034779432058,False
Aromatase,Neutr,20,39,0.30000000000000027,"[-0.01, 0.56]",0.05669100677848814,0.5955651164529556,False
Cadherin-5,Neutr,20,39,0.10000000000000066,"[-0.21, 0.40]",0.5338939001152925,0.9307504209261677,False
Immunoglobulin kappa variable 1-8,Neutr,20,39,0.24999999999999994,"[-0.06, 0.52]",0.11492787448834065,0.7242274493625929,False
Retinol-binding protein 4,Neutr,20,39,0.35000000000000014,"[0.05, 0.59]",0.024879547038876668,0.45322368856435696,False
Complement component C8 beta chain,Neutr,20,39,0.2000000000000004,"[-0.11, 0.48]",0.20993874257441789,0.8205034779432058,False
Tumor necrosis factor receptor superfamily member 1B,Neutr,20,39,0.27500000000000013,"[-0.04, 0.54]",0.08183609289594682,0.6837273567758237,False
Formin-2,Neutr,20,39,-0.25000000000000017,"[-0.52, 0.06]",0.11492787448834065,0.7242274493625929,False
Scavenger receptor cysteine-rich domain-containing protein DMBT1,Neutr,20,39,-0.025000000000000397,"[-0.33, 0.28]",0.8767016791266298,0.9710047873747903,False
Apolipoprotein L1,Neutr,20,39,-0.14999999999999925,"[-0.44, 0.17]",0.34923374105217975,0.860788962265991,False
Leucine-rich alpha-2-glycoprotein,Neutr,20,39,0.24999999999999967,"[-0.06, 0.52]",0.11492787448834102,0.7242274493625929,False
Immunoglobulin heavy variable 1-2,Neutr,20,39,0.02499999999999999,"[-0.28, 0.33]",0.8767016791266298,0.9710047873747903,False
Ras-related protein Rab-10,Neutr,20,39,0.12499999999999985,"[-0.19, 0.42]",0.4361566470231073,0.8960937411657979,False
Immunoglobulin heavy variable 1-24,Neutr,20,39,0.24999999999999983,"[-0.06, 0.52]",0.11492787448834102,0.7242274493625929,False
Annexin A3,Neutr,20,39,-0.12499999999999913,"[-0.42, 0.19]",0.43615664702310897,0.8960937411657979,False
Hemoglobin subunit beta,Neutr,20,39,-0.24999999999999947,"[-0.52, 0.06]",0.11492787448834166,0.7242274493625929,False
Immunoglobulin lambda variable 4-69,Neutr,20,39,-0.10000000000000014,"[-0.40, 0.21]",0.5338939001152925,0.9307504209261677,False
Elongation factor 2,Neutr,20,39,-0.17500000000000027,"[-0.46, 0.14]",0.27379479263839523,0.8448096775145966,False
Multiple inositol polyphosphate phosphatase 1,Neutr,20,39,-2.220446049250313e-16,"[-0.31, 0.31]",1.0,1.0,False
Collagen alpha-1(VI) chain,Neutr,20,39,0.04999999999999988,"[-0.26, 0.35]",0.7562191489680836,0.9507803863239565,False
Hepatocyte growth factor activator,Neutr,20,39,0.07499999999999953,"[-0.24, 0.37]",0.6411866947841538,0.9307504209261677,False
Fibrinogen beta chain,Neutr,20,39,0.19999999999999968,"[-0.11, 0.48]",0.2099387425744199,0.8205034779432058,False
Hemicentin-1,Neutr,20,39,-0.32499999999999907,"[-0.58, -0.02]",0.038142837064595814,0.5407449785115541,False
C-type mannose receptor 2,Neutr,20,39,-0.050000000000000315,"[-0.35, 0.26]",0.7562191489680836,0.9507803863239565,False
Platelet glycoprotein Ib beta chain,Neutr,20,39,-1.9428902930940235e-16,"[-0.31, 0.31]",1.0,1.0,False
Complement C2,Neutr,20,39,0.3000000000000005,"[-0.01, 0.56]",0.05669100677848799,0.5955651164529556,False
Annexin A2,Neutr,20,39,0.02500000000000048,"[-0.28, 0.33]",0.8767016791266298,0.9710047873747903,False
Protein disulfide-isomerase A3,Neutr,20,39,0.22499999999999984,"[-0.09, 0.50]",0.15725665075562228,0.7607516423767026,False
Dipeptidyl peptidase 4,Neutr,20,39,0.2999999999999996,"[-0.01, 0.56]",0.05669100677848863,0.5955651164529556,False
Proteasome subunit alpha type-4,Neutr,20,39,-0.22500000000000034,"[-0.50, 0.09]",0.15725665075562173,0.7607516423767026,False
Coagulation factor XI,Neutr,20,39,-0.0250000000000004,"[-0.33, 0.28]",0.8767016791266298,0.9710047873747903,False
Collectin-11,Neutr,20,39,-0.050000000000000606,"[-0.35, 0.26]",0.7562191489680732,0.9507803863239565,False
High mobility group protein B1,Neutr,20,39,-0.0250000000000001,"[-0.33, 0.28]",0.8767016791266298,0.9710047873747903,False
Immunoglobulin lambda variable 3-16,Neutr,20,39,-0.35000000000000003,"[-0.59, -0.05]",0.024879547038876796,0.45322368856435696,False
Prothrombin,Neutr,20,39,0.2250000000000001,"[-0.09, 0.50]",0.15725665075562228,0.7607516423767026,False
Immunoglobulin kappa joining 1,Neutr,20,39,0.15000000000000097,"[-0.17, 0.44]",0.34923374105217486,0.860788962265991,False
Immunoglobulin heavy variable 3-7,Neutr,20,39,-0.15000000000000024,"[-0.44, 0.17]",0.3492337410521762,0.860788962265991,False
Immunoglobulin heavy variable 3-74,Neutr,20,39,0.12500000000000014,"[-0.19, 0.42]",0.4361566470231073,0.8960937411657979,False
Ezrin,Neutr,20,39,0.09999999999999995,"[-0.21, 0.40]",0.5338939001152971,0.9307504209261677,False
Intercellular adhesion molecule 2,Neutr,20,39,-0.27499999999999974,"[-0.54, 0.04]",0.0818360928959473,0.6837273567758237,False
Lysozyme C,Neutr,20,39,3.4694469519536134e-18,"[-0.31, 0.31]",1.0,1.0,False
Protein AMBP,Neutr,20,39,-0.024999999999999366,"[-0.33, 0.28]",0.8767016791266298,0.9710047873747903,False
Prolyl endopeptidase FAP,Neutr,20,39,0.025000000000000036,"[-0.28, 0.33]",0.8767016791266298,0.9710047873747903,False
"Actin, cytoplasmic 2",Neutr,20,39,-0.05000000000000013,"[-0.35, 0.26]",0.7562191489680836,0.9507803863239565,False
Kallistatin,Neutr,20,39,0.1500000000000004,"[-0.17, 0.44]",0.3492337410521762,0.860788962265991,False
Hemopexin,Neutr,20,39,0.4749999999999995,"[0.20, 0.68]",0.0017001988978472941,0.11196387371603896,False
C4b-binding protein beta chain,Neutr,20,39,0.14999999999999977,"[-0.17, 0.44]",0.34923374105217864,0.860788962265991,False
Peptidyl-prolyl cis-trans isomerase A,Neutr,20,39,-0.049999999999999684,"[-0.35, 0.26]",0.7562191489680836,0.9507803863239565,False
Complement C1r subcomponent-like protein,Neutr,20,39,0.22499999999999978,"[-0.09, 0.50]",0.15725665075562228,0.7607516423767026,False
Immunoglobulin heavy variable 3-30;Immunoglobulin heavy variable 3-30-5,Neutr,20,39,0.12499999999999983,"[-0.19, 0.42]",0.4361566470231073,0.8960937411657979,False
Immunoglobulin lambda variable 3-9,Neutr,20,39,-0.10000000000000017,"[-0.40, 0.21]",0.5338939001152925,0.9307504209261677,False
Immunoglobulin heavy variable 1-45,Neutr,20,39,-0.20000000000000057,"[-0.48, 0.11]",0.20993874257441789,0.8205034779432058,False
Hemoglobin subunit gamma-1,Neutr,20,39,-0.39999999999999986,"[-0.63, -0.11]",0.009563548476957966,0.3066711211611223,False
Apolipoprotein F,Neutr,20,39,0.07500000000000064,"[-0.24, 0.37]",0.6411866947841472,0.9307504209261677,False
Immunoglobulin gamma-1 heavy chain,Neutr,20,39,-0.12499999999999939,"[-0.42, 0.19]",0.43615664702310897,0.8960937411657979,False
Low affinity immunoglobulin gamma Fc region receptor III-B,Neutr,20,39,0.47499999999999976,"[0.20, 0.68]",0.0017001988978472835,0.11196387371603896,False
Multiple epidermal growth factor-like domains protein 8,Neutr,20,39,0.0750000000000005,"[-0.24, 0.37]",0.6411866947841472,0.9307504209261677,False
Complement C4-B,Neutr,20,39,-0.2500000000000004,"[-0.52, 0.06]",0.11492787448833999,0.7242274493625929,False
Glyceraldehyde-3-phosphate dehydrogenase,Neutr,20,39,-0.050000000000000155,"[-0.35, 0.26]",0.7562191489680836,0.9507803863239565,False
Complement C1r subcomponent,Neutr,20,39,-0.3749999999999995,"[-0.61, -0.08]",0.015700418653338512,0.36734819848780037,False
Sex hormone-binding globulin,Neutr,20,39,0.17500000000000027,"[-0.14, 0.46]",0.27379479263839523,0.8448096775145966,False
Biotinidase,Neutr,20,39,0.17500000000000032,"[-0.14, 0.46]",0.27379479263839523,0.8448096775145966,False
Cholinesterase,Neutr,20,39,0.07500000000000037,"[-0.24, 0.37]",0.6411866947841472,0.9307504209261677,False
Immunoglobulin heavy variable 2-5,Neutr,20,39,0.050000000000000495,"[-0.26, 0.35]",0.7562191489680836,0.9507803863239565,False
Immunoglobulin lambda variable 1-36,Neutr,20,39,-0.05000000000000027,"[-0.35, 0.26]",0.7562191489680836,0.9507803863239565,False
Immunoglobulin kappa variable 3-11,Neutr,20,39,0.3249999999999996,"[0.02, 0.58]",0.03814283706459549,0.5407449785115541,False
Immunoglobulin kappa variable 6-21,Neutr,20,39,-0.2749999999999994,"[-0.54, 0.04]",0.08183609289594752,0.6837273567758237,False
Immunoglobulin kappa light chain,Neutr,20,39,-0.12499999999999938,"[-0.42, 0.19]",0.43615664702310897,0.8960937411657979,False
Neuropilin-1,Neutr,20,39,-0.2750000000000004,"[-0.54, 0.04]",0.08183609289594658,0.6837273567758237,False
Ficolin-2,Neutr,20,39,-0.29999999999999966,"[-0.56, 0.01]",0.05669100677848863,0.5955651164529556,False
Gamma-glutamyl hydrolase,Neutr,20,39,0.12499999999999976,"[-0.19, 0.42]",0.43615664702310897,0.8960937411657979,False
Keratinocyte proline-rich protein,Neutr,20,39,0.1999999999999997,"[-0.11, 0.48]",0.2099387425744199,0.8205034779432058,False
Kyphoscoliosis peptidase,Neutr,20,39,0.04999999999999986,"[-0.26, 0.35]",0.7562191489680836,0.9507803863239565,False
Laminin subunit alpha-2,Neutr,20,39,-0.04999999999999861,"[-0.35, 0.26]",0.7562191489680888,0.9507803863239565,False
Desmoglein-1,Neutr,20,39,-4.857225732735059e-16,"[-0.31, 0.31]",1.0,1.0,False
Immunoglobulin lambda variable 3-27,Neutr,20,39,0.1000000000000004,"[-0.21, 0.40]",0.5338939001152925,0.9307504209261677,False
Myosin-9,Neutr,20,39,0.17500000000000024,"[-0.14, 0.46]",0.27379479263839523,0.8448096775145966,False
Versican core protein,Neutr,20,39,-0.050000000000000315,"[-0.35, 0.26]",0.7562191489680836,0.9507803863239565,False
Proteasome subunit beta type-3,Neutr,20,39,-0.17500000000000018,"[-0.46, 0.14]",0.27379479263839523,0.8448096775145966,False
Alpha-N-acetylglucosaminidase,Neutr,20,39,0.1249999999999994,"[-0.19, 0.42]",0.43615664702310897,0.8960937411657979,False
Caspase-14,Neutr,20,39,0.1499999999999996,"[-0.17, 0.44]",0.34923374105217975,0.860788962265991,False
Histidine-rich glycoprotein,Neutr,20,39,-1.3877787807814457e-16,"[-0.31, 0.31]",1.0,1.0,False
"ATP synthase subunit alpha, mitochondrial",Neutr,20,39,0.15000000000000074,"[-0.17, 0.44]",0.3492337410521762,0.860788962265991,False
Immunoglobulin kappa constant,Neutr,20,39,-0.17499999999999993,"[-0.46, 0.14]",0.27379479263839523,0.8448096775145966,False
Interleukin-1 receptor accessory protein,Neutr,20,39,0.10000000000000009,"[-0.21, 0.40]",0.5338939001152925,0.9307504209261677,False
Immunoglobulin lambda variable 9-49,Neutr,20,39,0.20000000000000015,"[-0.11, 0.48]",0.20993874257441825,0.8205034779432058,False
Plexin domain-containing protein 2,Neutr,20,39,0.2749999999999999,"[-0.04, 0.54]",0.08183609289594682,0.6837273567758237,False
Immunoglobulin heavy variable 4-28,Neutr,20,39,0.04999999999999979,"[-0.26, 0.35]",0.7562191489680836,0.9507803863239565,False
Desmoplakin,Neutr,20,39,0.07499999999999989,"[-0.24, 0.37]",0.6411866947841538,0.9307504209261677,False
Endoplasmin,Neutr,20,39,-0.07499999999999987,"[-0.37, 0.24]",0.6411866947841538,0.9307504209261677,False
Heparin cofactor 2,Neutr,20,39,0.07499999999999994,"[-0.24, 0.37]",0.6411866947841538,0.9307504209261677,False
Laminin subunit gamma-1,Neutr,20,39,-0.024999999999999925,"[-0.33, 0.28]",0.8767016791266298,0.9710047873747903,False
Polymeric immunoglobulin receptor,Neutr,20,39,-0.17500000000000038,"[-0.46, 0.14]",0.27379479263839523,0.8448096775145966,False
Serum amyloid A-4 protein,Neutr,20,39,-0.02499999999999966,"[-0.33, 0.28]",0.8767016791266298,0.9710047873747903,False
Catalase,Neutr,20,39,0.025000000000000376,"[-0.28, 0.33]",0.8767016791266298,0.9710047873747903,False
Complement receptor type 1,Neutr,20,39,-0.2250000000000003,"[-0.50, 0.09]",0.15725665075562173,0.7607516423767026,False
Immunoglobulin kappa variable 1-27,Neutr,20,39,0.17499999999999957,"[-0.14, 0.46]",0.27379479263839795,0.8448096775145966,False
Immunoglobulin kappa variable 2-30,Neutr,20,39,-0.37499999999999944,"[-0.61, -0.08]",0.015700418653338512,0.36734819848780037,False
Protein-glutamine gamma-glutamyltransferase E,Neutr,20,39,0.22499999999999976,"[-0.09, 0.50]",0.1572566507556232,0.7607516423767026,False
Periostin,Neutr,20,39,0.12500000000000033,"[-0.19, 0.42]",0.4361566470231073,0.8960937411657979,False
Albumin,Neutr,20,39,0.2749999999999998,"[-0.04, 0.54]",0.0818360928959473,0.6837273567758237,False
Complement factor B,Neutr,20,39,0.1500000000000006,"[-0.17, 0.44]",0.3492337410521762,0.860788962265991,False
Probable non-functional immunoglobulinn kappa variable 1-37;Probable non-functional immunoglobulinn kappa variable 1D-37,Neutr,20,39,0.025000000000000962,"[-0.28, 0.33]",0.8767016791266298,0.9710047873747903,False
Immunoglobulin lambda variable 8-61,Neutr,20,39,-0.1999999999999992,"[-0.48, 0.11]",0.20993874257441955,0.8205034779432058,False
Annexin A1,Neutr,20,39,-0.024999999999999092,"[-0.33, 0.28]",0.8767016791266298,0.9710047873747903,False
CD5 antigen-like,Neutr,20,39,-0.39999999999999936,"[-0.63, -0.11]",0.009563548476958075,0.3066711211611223,False
RB-associated KRAB zinc finger protein,Neutr,20,39,0.2499999999999999,"[-0.06, 0.52]",0.11492787448834102,0.7242274493625929,False
Immunoglobulin lambda variable 7-46,Neutr,20,39,0.10000000000000073,"[-0.21, 0.40]",0.5338939001152925,0.9307504209261677,False
Basement membrane-specific heparan sulfate proteoglycan core protein,Neutr,20,39,0.10000000000000037,"[-0.21, 0.40]",0.5338939001152925,0.9307504209261677,False
Vitamin K-dependent protein C,Neutr,20,39,0.4499999999999999,"[0.17, 0.67]",0.003157075116906926,0.16872812569247164,False
Immunoglobulin lambda variable 1-40,Neutr,20,39,-0.22499999999999987,"[-0.50, 0.09]",0.15725665075562228,0.7607516423767026,False
Pantetheinase,Neutr,20,39,0.19999999999999984,"[-0.11, 0.48]",0.20993874257441825,0.8205034779432058,False
Neutrophil defensin 1;Neutrophil defensin 3,Neutr,20,39,-0.1749999999999993,"[-0.46, 0.14]",0.2737947926383973,0.8448096775145966,False
Immunoglobulin lambda variable 2-8,Neutr,20,39,-0.27499999999999986,"[-0.54, 0.04]",0.0818360928959473,0.6837273567758237,False
Immunoglobulin heavy variable 1-18,Neutr,20,39,0.3249999999999996,"[0.02, 0.58]",0.03814283706459549,0.5407449785115541,False
Immunoglobulin kappa variable 3D-15,Neutr,20,39,-0.12499999999999938,"[-0.42, 0.19]",0.43615664702310897,0.8960937411657979,False
Extracellular matrix protein 1,Neutr,20,39,0.07500000000000012,"[-0.24, 0.37]",0.6411866947841472,0.9307504209261677,False
Tubulin alpha-1B chain,Neutr,20,39,-0.07499999999999955,"[-0.37, 0.24]",0.6411866947841538,0.9307504209261677,False
Immunoglobulin lambda variable 5-45,Neutr,20,39,-0.3499999999999993,"[-0.59, -0.05]",0.024879547038877084,0.45322368856435696,False
Alpha-2-HS-glycoprotein,Neutr,20,39,7.494005416219808e-16,"[-0.31, 0.31]",1.0,1.0,False
Cartilage acidic protein 1,Neutr,20,39,0.3249999999999996,"[0.02, 0.58]",0.03814283706459549,0.5407449785115541,False
Coagulation factor IX,Neutr,20,39,0.07500000000000012,"[-0.24, 0.37]",0.6411866947841472,0.9307504209261677,False
Integrin alpha-2,Neutr,20,39,-0.02499999999999938,"[-0.33, 0.28]",0.8767016791266298,0.9710047873747903,False
"Mannosyl-oligosaccharide 1,2-alpha-mannosidase IA",Neutr,20,39,0.22499999999999973,"[-0.09, 0.50]",0.1572566507556232,0.7607516423767026,False
Endophilin-A3,Neutr,20,39,-0.17499999999999924,"[-0.46, 0.14]",0.2737947926383973,0.8448096775145966,False
Collagen alpha-1(I) chain,Neutr,20,39,0.12500000000000092,"[-0.19, 0.42]",0.4361566470231041,0.8960937411657979,False
Carboxypeptidase N subunit 2,Neutr,20,39,-0.19999999999999987,"[-0.48, 0.11]",0.20993874257441825,0.8205034779432058,False
Scavenger receptor cysteine-rich type 1 protein M130,Neutr,20,39,0.37500000000000017,"[0.08, 0.61]",0.015700418653338336,0.36734819848780037,False
Annexin A5,Neutr,20,39,-0.22500000000000003,"[-0.50, 0.09]",0.15725665075562228,0.7607516423767026,False
Platelet factor 4,Neutr,20,39,0.024999999999999904,"[-0.28, 0.33]",0.8767016791266298,0.9710047873747903,False
Immunoglobulin heavy variable 3-72,Neutr,20,39,-0.2999999999999992,"[-0.56, 0.01]",0.05669100677848894,0.5955651164529556,False
Protein HEG homolog 1,Neutr,20,39,0.07500000000000066,"[-0.24, 0.37]",0.6411866947841472,0.9307504209261677,False
Sulfhydryl oxidase 1,Neutr,20,39,0.22499999999999962,"[-0.09, 0.50]",0.1572566507556232,0.7607516423767026,False
Corticosteroid-binding globulin,Neutr,20,39,0.3750000000000001,"[0.08, 0.61]",0.01570041865333838,0.36734819848780037,False
Angiopoietin-related protein 6,Neutr,20,39,0.19999999999999982,"[-0.11, 0.48]",0.20993874257441825,0.8205034779432058,False
72 kDa type IV collagenase,Neutr,20,39,0.5499999999999996,"[0.29, 0.73]",0.00019524530183147025,0.024347812269131942,True
Trypsin-3,Neutr,20,39,0.12500000000000047,"[-0.19, 0.42]",0.4361566470231073,0.8960937411657979,False
Complement component C9,Neutr,20,39,0.20000000000000048,"[-0.11, 0.48]",0.20993874257441789,0.8205034779432058,False
Pyruvate kinase PKM,Neutr,20,39,-0.024999999999999266,"[-0.33, 0.28]",0.8767016791266298,0.9710047873747903,False
Immunoglobulin heavy variable 4-34,Neutr,20,39,0.07500000000000022,"[-0.24, 0.37]",0.6411866947841472,0.9307504209261677,False
Immunoglobulin kappa variable 6D-21,Neutr,20,39,-0.12500000000000036,"[-0.42, 0.19]",0.4361566470231073,0.8960937411657979,False
Immunoglobulin lambda-1 light chain,Neutr,20,39,-0.12499999999999928,"[-0.42, 0.19]",0.43615664702310897,0.8960937411657979,False
Transforming growth factor-beta-induced protein ig-h3,Neutr,20,39,-0.07499999999999955,"[-0.37, 0.24]",0.6411866947841538,0.9307504209261677,False
Complement C1q subcomponent subunit A,Neutr,20,39,-0.14999999999999938,"[-0.44, 0.17]",0.34923374105217975,0.860788962265991,False
Prolow-density lipoprotein receptor-related protein 1,Neutr,20,39,-0.3749999999999994,"[-0.61, -0.08]",0.015700418653338512,0.36734819848780037,False
Immunoglobulin heavy constant mu,Neutr,20,39,-0.2999999999999998,"[-0.56, 0.01]",0.056691006778488304,0.5955651164529556,False
UV-stimulated scaffold protein A,Neutr,20,39,0.14999999999999966,"[-0.17, 0.44]",0.34923374105217864,0.860788962265991,False
Complement component C6,Neutr,20,39,0.05000000000000054,"[-0.26, 0.35]",0.7562191489680836,0.9507803863239565,False
Angiotensinogen,Neutr,20,39,0.300000000000001,"[-0.01, 0.56]",0.05669100677848751,0.5955651164529556,False
Pregnancy zone protein,Neutr,20,39,0.024999999999999557,"[-0.28, 0.33]",0.8767016791266298,0.9710047873747903,False
Histone H2A type 1-B/E;Histone H2A type 3;Histone H2A type 1-C,Neutr,20,39,-0.22499999999999962,"[-0.50, 0.09]",0.1572566507556232,0.7607516423767026,False
Desmocollin-1,Neutr,20,39,0.17500000000000054,"[-0.14, 0.46]",0.27379479263839546,0.8448096775145966,False
Protein Z-dependent protease inhibitor,Neutr,20,39,0.1000000000000005,"[-0.21, 0.40]",0.5338939001152925,0.9307504209261677,False
Immunoglobulin kappa variable 1-17,Neutr,20,39,-0.1999999999999995,"[-0.48, 0.11]",0.2099387425744199,0.8205034779432058,False
Fibronectin,Neutr,20,39,0.04999999999999981,"[-0.26, 0.35]",0.7562191489680836,0.9507803863239565,False
Probable non-functional immunoglobulin heavy variable 3-38,Neutr,20,39,0.20000000000000004,"[-0.11, 0.48]",0.20993874257441825,0.8205034779432058,False
Nucleoside diphosphate kinase 3,Neutr,20,39,-0.17499999999999905,"[-0.46, 0.14]",0.2737947926383973,0.8448096775145966,False
Plasma protease C1 inhibitor,Neutr,20,39,-0.05000000000000014,"[-0.35, 0.26]",0.7562191489680836,0.9507803863239565,False
Immunoglobulin kappa variable 1-16,Neutr,20,39,-0.39999999999999947,"[-0.63, -0.11]",0.009563548476958075,0.3066711211611223,False
F-actin-capping protein subunit alpha-1,Neutr,20,39,0.02500000000000015,"[-0.28, 0.33]",0.8767016791266298,0.9710047873747903,False
Cathepsin D,Neutr,20,39,-0.09999999999999934,"[-0.40, 0.21]",0.5338939001152971,0.9307504209261677,False
Anthrax toxin receptor 2,Neutr,20,39,0.3999999999999996,"[0.11, 0.63]",0.00956354847695802,0.3066711211611223,False
Talin-1,Neutr,20,39,0.17500000000000004,"[-0.14, 0.46]",0.27379479263839523,0.8448096775145966,False
Protein disulfide-isomerase,Neutr,20,39,0.275,"[-0.04, 0.54]",0.08183609289594682,0.6837273567758237,False
Junction plakoglobin,Neutr,20,39,-0.024999999999999224,"[-0.33, 0.28]",0.8767016791266298,0.9710047873747903,False
Tenascin,Neutr,20,39,0.12499999999999956,"[-0.19, 0.42]",0.43615664702310897,0.8960937411657979,False
Cadherin-related family member 5,Neutr,20,39,-0.20000000000000015,"[-0.48, 0.11]",0.20993874257441825,0.8205034779432058,False
Kininogen-1,Neutr,20,39,0.12499999999999947,"[-0.19, 0.42]",0.43615664702310897,0.8960937411657979,False
Alpha-1-antichymotrypsin,Neutr,20,39,0.3500000000000004,"[0.05, 0.59]",0.02487954703887659,0.45322368856435696,False
Integrin alpha-IIb,Neutr,20,39,0.025000000000000532,"[-0.28, 0.33]",0.8767016791266298,0.9710047873747903,False
Serum amyloid P-component,Neutr,20,39,-2.1857515797307762e-16,"[-0.31, 0.31]",1.0,1.0,False
Inter-alpha-trypsin inhibitor heavy chain H1,Neutr,20,39,0.024999999999999863,"[-0.28, 0.33]",0.8767016791266298,0.9710047873747903,False
Probable non-functional immunoglobulin heavy variable 3-35,Neutr,20,39,-0.20000000000000032,"[-0.48, 0.11]",0.20993874257441789,0.8205034779432058,False
Immunoglobulin kappa variable 1-5,Neutr,20,39,-0.1499999999999994,"[-0.44, 0.17]",0.34923374105217975,0.860788962265991,False
Band 3 anion transport protein,Neutr,20,39,-0.0249999999999995,"[-0.33, 0.28]",0.8767016791266298,0.9710047873747903,False
Immunoglobulin lambda variable 7-43,Neutr,20,39,0.04999999999999987,"[-0.26, 0.35]",0.7562191489680836,0.9507803863239565,False
Peroxiredoxin-1,Neutr,20,39,0.049999999999999954,"[-0.26, 0.35]",0.7562191489680836,0.9507803863239565,False
Matrix metalloproteinase-9,Neutr,20,39,9.714451465470122e-17,"[-0.31, 0.31]",1.0,1.0,False
Multimerin-2,Neutr,20,39,0.5000000000000001,"[0.23, 0.70]",0.0008725735575987834,0.06995131353417064,False
Immunoglobulin heavy variable 1-3,Neutr,20,39,0.22500000000000006,"[-0.09, 0.50]",0.15725665075562228,0.7607516423767026,False
Podocalyxin,Neutr,20,39,-0.17500000000000004,"[-0.46, 0.14]",0.27379479263839523,0.8448096775145966,False
Immunoglobulin lambda variable 1-51,Neutr,20,39,-0.27500000000000013,"[-0.54, 0.04]",0.08183609289594658,0.6837273567758237,False
Cadherin-13,Neutr,20,39,0.15000000000000036,"[-0.17, 0.44]",0.3492337410521762,0.860788962265991,False
Plastin-2,Neutr,20,39,0.17500000000000038,"[-0.14, 0.46]",0.27379479263839523,0.8448096775145966,False
Inter-alpha-trypsin inhibitor heavy chain H4,Neutr,20,39,0.2750000000000004,"[-0.04, 0.54]",0.08183609289594658,0.6837273567758237,False
Fructose-bisphosphate aldolase B,Neutr,20,39,0.07500000000000091,"[-0.24, 0.37]",0.6411866947841472,0.9307504209261677,False
Mannan-binding lectin serine protease 2,Neutr,20,39,-0.19999999999999962,"[-0.48, 0.11]",0.2099387425744199,0.8205034779432058,False
Platelet glycoprotein 4,Neutr,20,39,0.07500000000000036,"[-0.24, 0.37]",0.6411866947841472,0.9307504209261677,False
Hemoglobin subunit alpha,Neutr,20,39,-0.2999999999999992,"[-0.56, 0.01]",0.05669100677848894,0.5955651164529556,False
Immunoglobulin lambda variable 3-10,Neutr,20,39,-0.2750000000000001,"[-0.54, 0.04]",0.08183609289594682,0.6837273567758237,False
Serum paraoxonase/lactonase 3,Neutr,20,39,-0.10000000000000016,"[-0.40, 0.21]",0.5338939001152925,0.9307504209261677,False
Dopamine beta-hydroxylase,Neutr,20,39,-0.175,"[-0.46, 0.14]",0.27379479263839523,0.8448096775145966,False
Triosephosphate isomerase,Neutr,20,39,-0.1749999999999999,"[-0.46, 0.14]",0.27379479263839795,0.8448096775145966,False
Endoplasmic reticulum chaperone BiP,Neutr,20,39,0.250000000000001,"[-0.06, 0.52]",0.11492787448833897,0.7242274493625929,False
Suprabasin,Neutr,20,39,-0.07500000000000029,"[-0.37, 0.24]",0.6411866947841472,0.9307504209261677,False
Immunoglobulin kappa variable 3-20,Neutr,20,39,-0.1500000000000002,"[-0.44, 0.17]",0.34923374105217864,0.860788962265991,False
Ficolin-1,Neutr,20,39,0.10000000000000042,"[-0.21, 0.40]",0.5338939001152925,0.9307504209261677,False
Autotaxin,Neutr,20,39,0.15000000000000022,"[-0.17, 0.44]",0.3492337410521762,0.860788962265991,False
Histidine ammonia-lyase,Neutr,20,39,-0.02499999999999908,"[-0.33, 0.28]",0.8767016791266298,0.9710047873747903,False
Noelin,Neutr,20,39,0.07500000000000087,"[-0.24, 0.37]",0.6411866947841472,0.9307504209261677,False
Prenylcysteine oxidase 1,Neutr,20,39,0.025000000000000237,"[-0.28, 0.33]",0.8767016791266298,0.9710047873747903,False
Immunoglobulin delta heavy chain,Neutr,20,39,0.12499999999999976,"[-0.19, 0.42]",0.43615664702310897,0.8960937411657979,False
Antithrombin-III,Neutr,20,39,0.2249999999999998,"[-0.09, 0.50]",0.15725665075562228,0.7607516423767026,False
Complement component C7,Neutr,20,39,-0.07499999999999958,"[-0.37, 0.24]",0.6411866947841538,0.9307504209261677,False
BOS complex subunit NOMO3;BOS complex subunit NOMO1;BOS complex subunit NOMO2,Neutr,20,39,0.14999999999999955,"[-0.17, 0.44]",0.34923374105217975,0.860788962265991,False
Cofilin-1,Neutr,20,39,-0.2750000000000001,"[-0.54, 0.04]",0.08183609289594682,0.6837273567758237,False
Histone H4,Neutr,20,39,0.05000000000000008,"[-0.26, 0.35]",0.7562191489680836,0.9507803863239565,False
Serum amyloid A-1 protein,Neutr,20,39,0.19999999999999973,"[-0.11, 0.48]",0.2099387425744199,0.8205034779432058,False
Transferrin receptor protein 1,Neutr,20,39,0.17499999999999968,"[-0.14, 0.46]",0.27379479263839795,0.8448096775145966,False
Serpin B12,Neutr,20,39,0.12499999999999994,"[-0.19, 0.42]",0.4361566470231073,0.8960937411657979,False
Immunoglobulin kappa variable 3D-20,Neutr,20,39,-0.22499999999999923,"[-0.50, 0.09]",0.1572566507556237,0.7607516423767026,False
Probable non-functional immunoglobulin heavy variable 3-16,Neutr,20,39,0.17499999999999968,"[-0.14, 0.46]",0.27379479263839795,0.8448096775145966,False
Immunoglobulin lambda variable 6-57,Neutr,20,39,0.12500000000000053,"[-0.19, 0.42]",0.4361566470231041,0.8960937411657979,False
Fibrinogen alpha chain,Neutr,20,39,0.37499999999999994,"[0.08, 0.61]",0.015700418653338422,0.36734819848780037,False
Galectin-3-binding protein,Neutr,20,39,-0.34999999999999964,"[-0.59, -0.05]",0.02487954703887694,0.45322368856435696,False
Macrophage colony-stimulating factor 1 receptor,Neutr,20,39,-0.0750000000000001,"[-0.37, 0.24]",0.6411866947841472,0.9307504209261677,False
Phosphatidylinositol-glycan-specific phospholipase D,Neutr,20,39,0.32499999999999957,"[0.02, 0.58]",0.03814283706459549,0.5407449785115541,False
Serotransferrin,Neutr,20,39,0.1499999999999998,"[-0.17, 0.44]",0.34923374105217864,0.860788962265991,False
Integrin alpha-11,Neutr,20,39,-0.325,"[-0.58, -0.02]",0.03814283706459527,0.5407449785115541,False
Proprotein convertase subtilisin/kexin type 9,Neutr,20,39,0.22499999999999976,"[-0.09, 0.50]",0.1572566507556232,0.7607516423767026,False
Gelsolin,Neutr,20,39,0.30000000000000027,"[-0.01, 0.56]",0.05669100677848814,0.5955651164529556,False
Proteoglycan 4,Neutr,20,39,-0.22500000000000026,"[-0.50, 0.09]",0.15725665075562173,0.7607516423767026,False
Vascular cell adhesion protein 1,Neutr,20,39,0.2500000000000004,"[-0.06, 0.52]",0.11492787448833999,0.7242274493625929,False
Adhesion G protein-coupled receptor F5,Neutr,20,39,0.050000000000000495,"[-0.26, 0.35]",0.7562191489680836,0.9507803863239565,False
Insulin-like growth factor-binding protein 3,Neutr,20,39,-0.024999999999999828,"[-0.33, 0.28]",0.8767016791266298,0.9710047873747903,False
Transthyretin,Neutr,20,39,0.4499999999999999,"[0.17, 0.67]",0.003157075116906926,0.16872812569247164,False
Coiled-coil domain-containing protein 126,Neutr,20,39,0.024999999999999925,"[-0.28, 0.33]",0.8767016791266298,0.9710047873747903,False
Guanine nucleotide-binding protein G(i) subunit alpha-2,Neutr,20,39,0.15,"[-0.17, 0.44]",0.34923374105217864,0.860788962265991,False
Apolipoprotein C-I,Neutr,20,39,-0.14999999999999994,"[-0.44, 0.17]",0.34923374105217864,0.860788962265991,False
Syntenin-1,Neutr,20,39,0.07500000000000097,"[-0.24, 0.37]",0.6411866947841472,0.9307504209261677,False
Phospholipid transfer protein,Neutr,20,39,0.02499999999999996,"[-0.28, 0.33]",0.8767016791266298,0.9710047873747903,False
Laminin subunit beta-1,Neutr,20,39,8.604228440844965e-16,"[-0.31, 0.31]",1.0,1.0,False
Proline-rich protein 4,Neutr,20,39,-0.1000000000000001,"[-0.40, 0.21]",0.5338939001152925,0.9307504209261677,False
Immunoglobulin kappa variable 2-28;Immunoglobulin kappa variable 2D-28,Neutr,20,39,0.27499999999999986,"[-0.04, 0.54]",0.0818360928959473,0.6837273567758237,False
Complement C3,Neutr,20,39,0.2499999999999999,"[-0.06, 0.52]",0.11492787448834102,0.7242274493625929,False
Thyroxine-binding globulin,Neutr,20,39,0.29999999999999993,"[-0.01, 0.56]",0.056691006778488304,0.5955651164529556,False
Immunoglobulin kappa variable 1D-13;Immunoglobulin kappa variable 1-13,Neutr,20,39,0.0500000000000009,"[-0.26, 0.35]",0.7562191489680732,0.9507803863239565,False
Complement factor H-related protein 5,Neutr,20,39,0.05000000000000076,"[-0.26, 0.35]",0.7562191489680732,0.9507803863239565,False
Immunoglobulin lambda variable 2-23,Neutr,20,39,1.9428902930940237e-16,"[-0.31, 0.31]",1.0,1.0,False
Coagulation factor VII,Neutr,20,39,0.10000000000000056,"[-0.21, 0.40]",0.5338939001152925,0.9307504209261677,False
Immunoglobulin heavy constant gamma 4,Neutr,20,39,0.125,"[-0.19, 0.42]",0.4361566470231073,0.8960937411657979,False
L-lactate dehydrogenase B chain,Neutr,20,39,0.19999999999999982,"[-0.11, 0.48]",0.20993874257441825,0.8205034779432058,False
Zinc-alpha-2-glycoprotein,Neutr,20,39,0.1749999999999999,"[-0.14, 0.46]",0.27379479263839795,0.8448096775145966,False
"Dihydrolipoyllysine-residue succinyltransferase component of 2-oxoglutarate dehydrogenase complex, mitochondrial",Neutr,20,39,-0.024999999999999908,"[-0.33, 0.28]",0.8767016791266298,0.9710047873747903,False
Serpin B3,Neutr,20,39,-0.17500000000000027,"[-0.46, 0.14]",0.27379479263839523,0.8448096775145966,False
Immunoglobulin heavy variable 3-33,Neutr,20,39,4.440892098500626e-16,"[-0.31, 0.31]",1.0,1.0,False
Follistatin-related protein 1,Neutr,20,39,3.4694469519536137e-16,"[-0.31, 0.31]",1.0,1.0,False
Cholesteryl ester transfer protein,Neutr,20,39,-2.9143354396410364e-16,"[-0.31, 0.31]",1.0,1.0,False
Complement C1q subcomponent subunit C,Neutr,20,39,-0.3499999999999992,"[-0.59, -0.05]",0.024879547038877146,0.45322368856435696,False
Immunoglobulin heavy variable 4-30-2,Neutr,20,39,0.050000000000000155,"[-0.26, 0.35]",0.7562191489680836,0.9507803863239565,False
Thrombospondin-4,Neutr,20,39,7.771561172376099e-16,"[-0.31, 0.31]",1.0,1.0,False
Transketolase,Neutr,20,39,-0.05000000000000012,"[-0.35, 0.26]",0.7562191489680836,0.9507803863239565,False
Complement receptor type 2,Neutr,20,39,-0.17499999999999938,"[-0.46, 0.14]",0.2737947926383973,0.8448096775145966,False
Immunoglobulin kappa variable 2-40;Immunoglobulin kappa variable 2D-40,Neutr,20,39,-0.025,"[-0.33, 0.28]",0.8767016791266298,0.9710047873747903,False
Immunoglobulin kappa variable 3D-7,Neutr,20,39,-0.1499999999999999,"[-0.44, 0.17]",0.34923374105217864,0.860788962265991,False
Immunoglobulin heavy variable 3-64,Neutr,20,39,0.12499999999999976,"[-0.19, 0.42]",0.43615664702310897,0.8960937411657979,False
Vitronectin,Neutr,20,39,0.04999999999999986,"[-0.26, 0.35]",0.7562191489680836,0.9507803863239565,False
Complement component C8 gamma chain,Neutr,20,39,0.12499999999999985,"[-0.19, 0.42]",0.4361566470231073,0.8960937411657979,False
Immunoglobulin heavy variable 5-51,Neutr,20,39,-0.1750000000000002,"[-0.46, 0.14]",0.27379479263839523,0.8448096775145966,False
Coagulation factor V,Neutr,20,39,0.12500000000000033,"[-0.19, 0.42]",0.4361566470231073,0.8960937411657979,False
Protein S100-A7,Neutr,20,39,-0.09999999999999994,"[-0.40, 0.21]",0.5338939001152971,0.9307504209261677,False
Arginase-1,Neutr,20,39,0.09999999999999983,"[-0.21, 0.40]",0.5338939001152971,0.9307504209261677,False
Protein-glutamine gamma-glutamyltransferase K,Neutr,20,39,0.02500000000000009,"[-0.28, 0.33]",0.8767016791266298,0.9710047873747903,False
Immunoglobulin kappa variable 4-1,Neutr,20,39,-0.0749999999999994,"[-0.37, 0.24]",0.6411866947841538,0.9307504209261677,False
Coagulation factor XIII B chain,Neutr,20,39,0.10000000000000071,"[-0.21, 0.40]",0.5338939001152925,0.9307504209261677,False
Apolipoprotein C-II,Neutr,20,39,-0.4,"[-0.63, -0.11]",0.009563548476957937,0.3066711211611223,False
Bone marrow proteoglycan,Neutr,20,39,0.42500000000000004,"[0.14, 0.65]",0.005608377882559728,0.2288897979464093,False
Apolipoprotein A-I,Neutr,20,39,0.024999999999999682,"[-0.28, 0.33]",0.8767016791266298,0.9710047873747903,False
Coagulation factor X,Neutr,20,39,0.32500000000000034,"[0.02, 0.58]",0.038142837064594946,0.5407449785115541,False
Thioredoxin,Neutr,20,39,0.17500000000000063,"[-0.14, 0.46]",0.27379479263839546,0.8448096775145966,False
Immunoglobulin heavy variable 3-15,Neutr,20,39,-0.04999999999999911,"[-0.35, 0.26]",0.7562191489680836,0.9507803863239565,False
Proteasome subunit beta type-2,Neutr,20,39,0.09999999999999987,"[-0.21, 0.40]",0.5338939001152971,0.9307504209261677,False
Apolipoprotein A-II,Neutr,20,39,-0.025000000000000046,"[-0.33, 0.28]",0.8767016791266298,0.9710047873747903,False
Immunoglobulin heavy constant gamma 2,Neutr,20,39,-3.8857805861880474e-16,"[-0.31, 0.31]",1.0,1.0,False
Plakophilin-1,Neutr,20,39,0.05000000000000094,"[-0.26, 0.35]",0.7562191489680732,0.9507803863239565,False
Fetuin-B,Neutr,20,39,0.14999999999999977,"[-0.17, 0.44]",0.34923374105217864,0.860788962265991,False
Complement factor H-related protein 3,Neutr,20,39,0.02499999999999984,"[-0.28, 0.33]",0.8767016791266298,0.9710047873747903,False
Plasminogen,Neutr,20,39,0.22499999999999987,"[-0.09, 0.50]",0.15725665075562228,0.7607516423767026,False
Fermitin family homolog 3,Neutr,20,39,0.05000000000000006,"[-0.26, 0.35]",0.7562191489680836,0.9507803863239565,False
Immunoglobulin heavy variable 3-21,Neutr,20,39,-0.0749999999999999,"[-0.37, 0.24]",0.6411866947841538,0.9307504209261677,False
Immunoglobulin heavy variable 2-26,Neutr,20,39,-0.12500000000000003,"[-0.42, 0.19]",0.4361566470231073,0.8960937411657979,False
Immunoglobulin kappa variable 1-12;Immunoglobulin kappa variable 1D-12,Neutr,20,39,-0.04999999999999945,"[-0.35, 0.26]",0.7562191489680836,0.9507803863239565,False
Immunoglobulin heavy constant gamma 3,Neutr,20,39,-0.10000000000000026,"[-0.40, 0.21]",0.5338939001152925,0.9307504209261677,False
Immunoglobulin kappa variable 2D-29,Neutr,20,39,-0.1249999999999995,"[-0.42, 0.19]",0.43615664702310897,0.8960937411657979,False
Neogenin,Neutr,20,39,0.0999999999999997,"[-0.21, 0.40]",0.5338939001152971,0.9307504209261677,False
Immunoglobulin heavy variable 6-1,Neutr,20,39,-0.05000000000000042,"[-0.35, 0.26]",0.7562191489680836,0.9507803863239565,False
L-selectin,Neutr,20,39,0.024999999999999953,"[-0.28, 0.33]",0.8767016791266298,0.9710047873747903,False
Immunoglobulin lambda constant 3,Neutr,20,39,-0.12499999999999957,"[-0.42, 0.19]",0.43615664702310897,0.8960937411657979,False
A disintegrin and metalloproteinase with thrombospondin motifs 13,Neutr,20,39,0.07500000000000062,"[-0.24, 0.37]",0.6411866947841472,0.9307504209261677,False
von Willebrand factor,Neutr,20,39,-0.04999999999999913,"[-0.35, 0.26]",0.7562191489680836,0.9507803863239565,False
Neutral alpha-glucosidase AB,Neutr,20,39,0.3500000000000003,"[0.05, 0.59]",0.02487954703887659,0.45322368856435696,False
Carbonic anhydrase 1,Neutr,20,39,0.025000000000000886,"[-0.28, 0.33]",0.8767016791266298,0.9710047873747903,False
Immunoglobulin lambda variable 4-60,Neutr,20,39,-0.049999999999999885,"[-0.35, 0.26]",0.7562191489680836,0.9507803863239565,False
Integrin beta-1,Neutr,20,39,0.2,"[-0.11, 0.48]",0.20993874257441825,0.8205034779432058,False
Immunoglobulin lambda variable 3-12,Neutr,20,39,0.14999999999999955,"[-0.17, 0.44]",0.34923374105217975,0.860788962265991,False
Alpha-amylase 1B;Alpha-amylase 1C;Alpha-amylase 1A,Neutr,20,39,-0.05000000000000047,"[-0.35, 0.26]",0.7562191489680836,0.9507803863239565,False
Lumican,Neutr,20,39,0.2750000000000006,"[-0.04, 0.54]",0.08183609289594636,0.6837273567758237,False
Beta-Ala-His dipeptidase,Neutr,20,39,0.12499999999999967,"[-0.19, 0.42]",0.43615664702310897,0.8960937411657979,False
Immunoglobulin alpha-2 heavy chain,Neutr,20,39,-0.3000000000000004,"[-0.56, 0.01]",0.05669100677848799,0.5955651164529556,False
Complement C5,Neutr,20,39,0.07500000000000039,"[-0.24, 0.37]",0.6411866947841472,0.9307504209261677,False
Protein S100-A8,Neutr,20,39,0.025000000000000605,"[-0.28, 0.33]",0.8767016791266298,0.9710047873747903,False
Immunoglobulin lambda variable 3-25,Neutr,20,39,-0.30000000000000043,"[-0.56, 0.01]",0.05669100677848799,0.5955651164529556,False
Leukocyte immunoglobulin-like receptor subfamily B member 3;Leukocyte immunoglobulin-like receptor subfamily A member 6,Neutr,20,39,0.05000000000000087,"[-0.26, 0.35]",0.7562191489680732,0.9507803863239565,False
Collagen alpha-3(VI) chain,Neutr,20,39,0.05,"[-0.26, 0.35]",0.7562191489680836,0.9507803863239565,False
Immunoglobulin kappa variable 1-39;Immunoglobulin kappa variable 1D-39,Neutr,20,39,0.024999999999999727,"[-0.28, 0.33]",0.8767016791266298,0.9710047873747903,False
Bleomycin hydrolase,Neutr,20,39,-0.07500000000000014,"[-0.37, 0.24]",0.6411866947841472,0.9307504209261677,False
CD166 antigen,Neutr,20,39,0.1500000000000004,"[-0.17, 0.44]",0.3492337410521762,0.860788962265991,False
Beta-2-microglobulin,Neutr,20,39,-0.09999999999999991,"[-0.40, 0.21]",0.5338939001152971,0.9307504209261677,False
Amino acid transporter heavy chain SLC3A2,Neutr,20,39,0.1499999999999996,"[-0.17, 0.44]",0.34923374105217975,0.860788962265991,False
Haptoglobin-related protein,Neutr,20,39,-0.24999999999999947,"[-0.52, 0.06]",0.11492787448834166,0.7242274493625929,False
Alpha-1-acid glycoprotein 1,Neutr,20,39,0.22500000000000037,"[-0.09, 0.50]",0.15725665075562173,0.7607516423767026,False
Serum paraoxonase/arylesterase 1,Neutr,20,39,0.1749999999999999,"[-0.14, 0.46]",0.27379479263839795,0.8448096775145966,False
Target of Nesh-SH3,Neutr,20,39,-0.10000000000000037,"[-0.40, 0.21]",0.5338939001152925,0.9307504209261677,False
Intercellular adhesion molecule 1,Neutr,20,39,0.22499999999999992,"[-0.09, 0.50]",0.15725665075562228,0.7607516423767026,False
Complement C4-A,Neutr,20,39,-0.025000000000000463,"[-0.33, 0.28]",0.8767016791266298,0.9710047873747903,False
Coagulation factor XIII A chain,Neutr,20,39,-0.024999999999999384,"[-0.33, 0.28]",0.8767016791266298,0.9710047873747903,False
Immunoglobulin mu heavy chain,Neutr,20,39,-0.2500000000000003,"[-0.52, 0.06]",0.11492787448833999,0.7242274493625929,False
Oncoprotein-induced transcript 3 protein,Neutr,20,39,0.09999999999999969,"[-0.21, 0.40]",0.5338939001152971,0.9307504209261677,False
Peroxiredoxin-2,Neutr,20,39,-0.12500000000000006,"[-0.42, 0.19]",0.4361566470231073,0.8960937411657979,False
Tissue factor pathway inhibitor,Neutr,20,39,-0.025000000000000275,"[-0.33, 0.28]",0.8767016791266298,0.9710047873747903,False
Progranulin,Neutr,20,39,0.07500000000000043,"[-0.24, 0.37]",0.6411866947841472,0.9307504209261677,False
Histone H2B type 1-K;Histone H2B type F-S,Neutr,20,39,-0.10000000000000048,"[-0.40, 0.21]",0.5338939001152925,0.9307504209261677,False
Hemoglobin subunit delta,Neutr,20,39,-0.2999999999999992,"[-0.56, 0.01]",0.05669100677848894,0.5955651164529556,False
Glutathione S-transferase P,Neutr,20,39,-0.07500000000000002,"[-0.37, 0.24]",0.6411866947841472,0.9307504209261677,False
Annexin A6,Neutr,20,39,-0.12500000000000033,"[-0.42, 0.19]",0.4361566470231073,0.8960937411657979,False
Complement factor H-related protein 1,Neutr,20,39,0.04999999999999965,"[-0.26, 0.35]",0.7562191489680836,0.9507803863239565,False
Protein KPLCE,Neutr,20,39,0.049999999999999774,"[-0.26, 0.35]",0.7562191489680836,0.9507803863239565,False
Immunoglobulin heavy variable 4-4,Neutr,20,39,0.05000000000000078,"[-0.26, 0.35]",0.7562191489680732,0.9507803863239565,False
Alpha-1B-glycoprotein,Neutr,20,39,0.3249999999999997,"[0.02, 0.58]",0.038142837064595383,0.5407449785115541,False
Properdin,Neutr,20,39,-0.3249999999999996,"[-0.58, -0.02]",0.03814283706459549,0.5407449785115541,False
Immunoglobulin heavy variable 3-53,Neutr,20,39,-0.07500000000000027,"[-0.37, 0.24]",0.6411866947841472,0.9307504209261677,False
Calmodulin-like protein 5,Neutr,20,39,-0.22500000000000026,"[-0.50, 0.09]",0.15725665075562173,0.7607516423767026,False
Carboxypeptidase B2,Neutr,20,39,-0.09999999999999935,"[-0.40, 0.21]",0.5338939001152971,0.9307504209261677,False
"Sushi, nidogen and EGF-like domain-containing protein 1",Neutr,20,39,0.22499999999999992,"[-0.09, 0.50]",0.15725665075562228,0.7607516423767026,False
Proteasome subunit alpha type-5,Neutr,20,39,0.09999999999999998,"[-0.21, 0.40]",0.5338939001152971,0.9307504209261677,False
Bifunctional heparan sulfate N-deacetylase/N-sulfotransferase 4,Neutr,20,39,0.15000000000000085,"[-0.17, 0.44]",0.34923374105217486,0.860788962265991,False
Immunoglobulin heavy variable 3-9,Neutr,20,39,0.12500000000000033,"[-0.19, 0.42]",0.4361566470231073,0.8960937411657979,False
Neural cell adhesion molecule L1-like protein,Neutr,20,39,-0.14999999999999902,"[-0.44, 0.17]",0.3492337410521821,0.860788962265991,False
Proteasome subunit alpha type-2,Neutr,20,39,0.07499999999999978,"[-0.24, 0.37]",0.6411866947841538,0.9307504209261677,False
Intercellular adhesion molecule 3,Neutr,20,39,0.25000000000000056,"[-0.06, 0.52]",0.11492787448833962,0.7242274493625929,False
Receptor-type tyrosine-protein phosphatase eta,Neutr,20,39,-0.09999999999999912,"[-0.40, 0.21]",0.5338939001152994,0.9307504209261677,False
ADAMTS-like protein 4,Neutr,20,39,0.3500000000000005,"[0.05, 0.59]",0.024879547038876522,0.45322368856435696,False
Immunoglobulin lambda variable 3-21,Neutr,20,39,-0.1500000000000005,"[-0.44, 0.17]",0.3492337410521762,0.860788962265991,False
Cartilage oligomeric matrix protein,Neutr,20,39,0.05000000000000023,"[-0.26, 0.35]",0.7562191489680836,0.9507803863239565,False
Neural cell adhesion molecule 1,Neutr,20,39,0.2500000000000005,"[-0.06, 0.52]",0.11492787448833999,0.7242274493625929,False
Immunoglobulin lambda variable 2-11,Neutr,20,39,-0.3499999999999992,"[-0.59, -0.05]",0.024879547038877146,0.45322368856435696,False
Immunoglobulin kappa variable 1D-33;Immunoglobulin kappa variable 1-33,Neutr,20,39,0.09999999999999976,"[-0.21, 0.40]",0.5338939001152971,0.9307504209261677,False
Beta-2-glycoprotein 1,Neutr,20,39,0.050000000000000606,"[-0.26, 0.35]",0.7562191489680732,0.9507803863239565,False
Vitamin D-binding protein,Neutr,20,39,0.22499999999999992,"[-0.09, 0.50]",0.15725665075562228,0.7607516423767026,False
Filamin-A,Neutr,20,39,0.17500000000000027,"[-0.14, 0.46]",0.27379479263839523,0.8448096775145966,False
Reelin,Neutr,20,39,0.049999999999999815,"[-0.26, 0.35]",0.7562191489680836,0.9507803863239565,False
Immunoglobulin lambda variable 5-39,Neutr,20,39,-2.498001805406602e-16,"[-0.31, 0.31]",1.0,1.0,False
Fatty acid-binding protein 5,Neutr,20,39,-0.1249999999999994,"[-0.42, 0.19]",0.43615664702310897,0.8960937411657979,False
"HLA class I histocompatibility antigen, A alpha chain",Neutr,20,39,0.0249999999999998,"[-0.28, 0.33]",0.8767016791266298,0.9710047873747903,False
Low affinity immunoglobulin gamma Fc region receptor III-A,Neutr,20,39,0.2250000000000001,"[-0.09, 0.50]",0.15725665075562228,0.7607516423767026,False
Heat shock 70 kDa protein 1A;Heat shock 70 kDa protein 1B,Neutr,20,39,0.07500000000000027,"[-0.24, 0.37]",0.6411866947841472,0.9307504209261677,False
Apolipoprotein D,Neutr,20,39,0.07500000000000005,"[-0.24, 0.37]",0.6411866947841472,0.9307504209261677,False
Plexin-B1,Neutr,20,39,-0.24999999999999925,"[-0.52, 0.06]",0.11492787448834198,0.7242274493625929,False
Immunoglobulin heavy variable 1-58,Neutr,20,39,0.15000000000000036,"[-0.17, 0.44]",0.3492337410521762,0.860788962265991,False
Apolipoprotein C-IV,Neutr,20,39,0.10000000000000049,"[-0.21, 0.40]",0.5338939001152925,0.9307504209261677,False
Monocyte differentiation antigen CD14,Neutr,20,39,0.3500000000000005,"[0.05, 0.59]",0.024879547038876522,0.45322368856435696,False
Protein MENT,Neutr,20,39,-0.14999999999999938,"[-0.44, 0.17]",0.34923374105217975,0.860788962265991,False
Immunoglobulin epsilon heavy chain,Neutr,20,39,-0.32499999999999946,"[-0.58, -0.02]",0.03814283706459549,0.5407449785115541,False
Complement factor H,Neutr,20,39,-0.24999999999999944,"[-0.52, 0.06]",0.11492787448834166,0.7242274493625929,False
Stabilin-1,Neutr,20,39,0.17499999999999966,"[-0.14, 0.46]",0.27379479263839795,0.8448096775145966,False
Macrophage receptor MARCO,Neutr,20,39,-0.02499999999999997,"[-0.33, 0.28]",0.8767016791266298,0.9710047873747903,False
Protein POF1B,Neutr,20,39,0.05000000000000006,"[-0.26, 0.35]",0.7562191489680836,0.9507803863239565,False
Phosphatidylcholine-sterol acyltransferase,Neutr,20,39,0.25000000000000044,"[-0.06, 0.52]",0.11492787448833999,0.7242274493625929,False
Clusterin,Neutr,20,39,-9.71445146547012e-17,"[-0.31, 0.31]",1.0,1.0,False
Platelet-activating factor acetylhydrolase,Neutr,20,39,0.17499999999999977,"[-0.14, 0.46]",0.27379479263839795,0.8448096775145966,False
Vasorin,Neutr,20,39,0.17499999999999977,"[-0.14, 0.46]",0.27379479263839795,0.8448096775145966,False
Myeloperoxidase,Neutr,20,39,-1.6653345369377338e-16,"[-0.31, 0.31]",1.0,1.0,False
Immunoglobulin lambda variable 5-52,Neutr,20,39,0.17500000000000038,"[-0.14, 0.46]",0.27379479263839523,0.8448096775145966,False
Carboxypeptidase N catalytic chain,Neutr,20,39,0.09999999999999991,"[-0.21, 0.40]",0.5338939001152971,0.9307504209261677,False
Fibrinogen gamma chain,Neutr,20,39,0.12499999999999975,"[-0.19, 0.42]",0.43615664702310897,0.8960937411657979,False
Soluble scavenger receptor cysteine-rich domain-containing protein SSC5D,Neutr,20,39,-0.22500000000000034,"[-0.50, 0.09]",0.15725665075562173,0.7607516423767026,False
Tetranectin,Neutr,20,39,0.1999999999999997,"[-0.11, 0.48]",0.2099387425744199,0.8205034779432058,False
Apolipoprotein(a),Neutr,20,39,-0.0999999999999993,"[-0.40, 0.21]",0.5338939001152971,0.9307504209261677,False
Alpha-2-antiplasmin,Neutr,20,39,0.17499999999999957,"[-0.14, 0.46]",0.27379479263839795,0.8448096775145966,False
Retroviral-like aspartic protease 1,Neutr,20,39,-0.325,"[-0.58, -0.02]",0.03814283706459527,0.5407449785115541,False
Ficolin-3,Neutr,20,39,-0.34999999999999937,"[-0.59, -0.05]",0.024879547038877084,0.45322368856435696,False
Immunoglobulin kappa variable 2-24,Neutr,20,39,-0.09999999999999985,"[-0.40, 0.21]",0.5338939001152971,0.9307504209261677,False
Immunoglobulin superfamily containing leucine-rich repeat protein,Neutr,20,39,0.19999999999999993,"[-0.11, 0.48]",0.20993874257441825,0.8205034779432058,False
Complement factor D,Neutr,20,39,0.10000000000000073,"[-0.21, 0.40]",0.5338939001152925,0.9307504209261677,False
Vitamin K-dependent protein Z,Neutr,20,39,0.3999999999999996,"[0.11, 0.63]",0.00956354847695802,0.3066711211611223,False
EGF-containing fibulin-like extracellular matrix protein 1,Neutr,20,39,0.2500000000000004,"[-0.06, 0.52]",0.11492787448833999,0.7242274493625929,False
Dipeptidase 2,Neutr,20,39,0.45000000000000007,"[0.17, 0.67]",0.003157075116906917,0.16872812569247164,False
Myeloblastin,Neutr,20,39,-0.050000000000000856,"[-0.35, 0.26]",0.7562191489680732,0.9507803863239565,False
Neurogenic locus notch homolog protein 1,Neutr,20,39,0.2249999999999998,"[-0.09, 0.50]",0.15725665075562228,0.7607516423767026,False
Vitamin K-dependent protein S,Neutr,20,39,-0.17499999999999924,"[-0.46, 0.14]",0.2737947926383973,0.8448096775145966,False
Dermcidin,Neutr,20,39,-0.09999999999999934,"[-0.40, 0.21]",0.5338939001152971,0.9307504209261677,False
Immunoglobulin heavy variable 3-73,Neutr,20,39,-0.04999999999999976,"[-0.35, 0.26]",0.7562191489680836,0.9507803863239565,False
Alpha-2-macroglobulin,Neutr,20,39,-0.19999999999999998,"[-0.48, 0.11]",0.20993874257441825,0.8205034779432058,False
Cation-independent mannose-6-phosphate receptor,Neutr,20,39,0.07500000000000047,"[-0.24, 0.37]",0.6411866947841472,0.9307504209261677,False
Chromodomain-helicase-DNA-binding protein 1;Chromodomain-helicase-DNA-binding protein 2;Chromodomain-helicase-DNA-binding protein 9;Chromodomain-helicase-DNA-binding protein 6;Chromodomain-helicase-DNA-binding protein 8;Chromodomain-helicase-DNA-binding protein 7,Neutr,20,39,-0.025000000000000168,"[-0.33, 0.28]",0.8767016791266298,0.9710047873747903,False
Ceruloplasmin,Neutr,20,39,0.19999999999999965,"[-0.11, 0.48]",0.2099387425744199,0.8205034779432058,False
Prostaglandin-H2 D-isomerase,Neutr,20,39,0.15000000000000033,"[-0.17, 0.44]",0.3492337410521762,0.860788962265991,False
Protein S100-A9,Neutr,20,39,-0.24999999999999917,"[-0.52, 0.06]",0.11492787448834198,0.7242274493625929,False
Immunoglobulin J chain,Neutr,20,39,-0.49999999999999933,"[-0.70, -0.23]",0.0008725735575988022,0.06995131353417064,False
Probable non-functional immunoglobulin kappa variable 3-7,Lymfos,20,39,-0.36478708893430434,"[-0.60, -0.06]",0.019027549587247023,0.4106779452580828,False
Apolipoprotein A-IV,Lymfos,20,39,0.10063092108532593,"[-0.21, 0.40]",0.5313032912665372,0.9307504209261677,False
Coagulation factor XII,Lymfos,20,39,0.06289432567832803,"[-0.25, 0.36]",0.696053680475035,0.9507803863239565,False
Mannan-binding lectin serine protease 1,Lymfos,20,39,-0.012578865135666075,"[-0.32, 0.30]",0.9377833563109993,0.9864156703215041,False
Complement factor I,Lymfos,20,39,0.050315460542663816,"[-0.26, 0.35]",0.7547284319821241,0.9507803863239565,False
Platelet glycoprotein Ib alpha chain,Lymfos,20,39,-0.16352524676365324,"[-0.45, 0.15]",0.30697565286988526,0.860788962265991,False
Hepatocyte growth factor-like protein,Lymfos,20,39,0.025157730271332345,"[-0.28, 0.33]",0.8759298006814945,0.9710047873747903,False
Profilin-1,Lymfos,20,39,0.30189276325597636,"[-0.01, 0.56]",0.055072798325710916,0.5955651164529556,False
Peptidase inhibitor 16,Lymfos,20,39,-0.12578865135665696,"[-0.42, 0.19]",0.4332443322299997,0.8960937411657979,False
Cell surface glycoprotein MUC18,Lymfos,20,39,-0.1635252467636539,"[-0.45, 0.15]",0.3069756528698824,0.860788962265991,False
Adhesion G-protein coupled receptor G6,Lymfos,20,39,0.10063092108532531,"[-0.21, 0.40]",0.5313032912665417,0.9307504209261677,False
Immunoglobulin heavy variable 1-69,Lymfos,20,39,0.0628943256783294,"[-0.25, 0.36]",0.6960536804750269,0.9507803863239565,False
Insulin-like growth factor-binding protein complex acid labile subunit,Lymfos,20,39,-0.16352524676365326,"[-0.45, 0.15]",0.30697565286988526,0.860788962265991,False
Plasma serine protease inhibitor,Lymfos,20,39,-0.13836751649232232,"[-0.43, 0.18]",0.38827726451989886,0.893289750350874,False
Immunoglobulin heavy variable 1-69D,Lymfos,20,39,-0.05031546054266309,"[-0.35, 0.26]",0.7547284319821241,0.9507803863239565,False
Pancreatic adenocarcinoma up-regulated factor,Lymfos,20,39,-0.06289432567832766,"[-0.36, 0.25]",0.696053680475035,0.9507803863239565,False
Immunoglobulin heavy variable 3-64D,Lymfos,20,39,0.16352524676365332,"[-0.15, 0.45]",0.30697565286988526,0.860788962265991,False
Neutrophil gelatinase-associated lipocalin,Lymfos,20,39,0.012578865135665513,"[-0.30, 0.32]",0.9377833563109993,0.9864156703215041,False
Lysosome-associated membrane glycoprotein 2,Lymfos,20,39,0.012578865135666263,"[-0.30, 0.32]",0.9377833563109993,0.9864156703215041,False
Corneodesmosin,Lymfos,20,39,0.12578865135665687,"[-0.19, 0.42]",0.4332443322299997,0.8960937411657979,False
Collagen alpha-1(XVIII) chain,Lymfos,20,39,0.10063092108532633,"[-0.21, 0.40]",0.5313032912665328,0.9307504209261677,False
Lipopolysaccharide-binding protein,Lymfos,20,39,0.06289432567832798,"[-0.25, 0.36]",0.696053680475035,0.9507803863239565,False
Immunoglobulin heavy variable 3-49,Lymfos,20,39,0.10063092108532551,"[-0.21, 0.40]",0.5313032912665372,0.9307504209261677,False
SPARC-like protein 1,Lymfos,20,39,-0.06289432567832849,"[-0.36, 0.25]",0.696053680475035,0.9507803863239565,False
Ras-associated and pleckstrin homology domains-containing protein 1,Lymfos,20,39,0.2641561678489799,"[-0.05, 0.53]",0.0951355484086549,0.7152154288913432,False
Alpha-1-acid glycoprotein 2,Lymfos,20,39,-0.05031546054266208,"[-0.35, 0.26]",0.7547284319821241,0.9507803863239565,False
Immunoglobulin heavy variable 3-20,Lymfos,20,39,0.0503154605426627,"[-0.26, 0.35]",0.7547284319821241,0.9507803863239565,False
Neurogenic locus notch homolog protein 2,Lymfos,20,39,0.1761041118993194,"[-0.14, 0.46]",0.2707314445157677,0.8448096775145966,False
Apolipoprotein B-100,Lymfos,20,39,0.012578865135666435,"[-0.30, 0.32]",0.9377833563109993,0.9864156703215041,False
CD44 antigen,Lymfos,20,39,-0.012578865135665977,"[-0.32, 0.30]",0.9377833563109993,0.9864156703215041,False
Pigment epithelium-derived factor,Lymfos,20,39,0.22641957244198302,"[-0.09, 0.50]",0.15458525100507342,0.7607516423767026,False
Xaa-Pro dipeptidase,Lymfos,20,39,0.06289432567832887,"[-0.25, 0.36]",0.6960536804750269,0.9507803863239565,False
Immunoglobulin heavy constant delta,Lymfos,20,39,-0.22641957244198166,"[-0.50, 0.09]",0.15458525100507614,0.7607516423767026,False
Probable non-functional immunoglobulin heavy variable 3-38-3,Lymfos,20,39,0.012578865135666509,"[-0.30, 0.32]",0.9377833563109993,0.9864156703215041,False
Immunoglobulin lambda constant 7,Lymfos,20,39,0.05031546054266269,"[-0.26, 0.35]",0.7547284319821241,0.9507803863239565,False
Receptor-type tyrosine-protein phosphatase gamma,Lymfos,20,39,0.07547319081399467,"[-0.24, 0.37]",0.6390775016345178,0.9307504209261677,False
Afamin,Lymfos,20,39,-0.13836751649232276,"[-0.43, 0.18]",0.38827726451989597,0.893289750350874,False
Pyruvate kinase PKLR,Lymfos,20,39,0.2138407073063175,"[-0.10, 0.49]",0.17943606663614486,0.7970464859682194,False
Insulin-like growth factor 2,Lymfos,20,39,-5.586138278908277e-17,"[-0.31, 0.31]",1.0,1.0,False
CD109 antigen,Lymfos,20,39,-0.11320978622099061,"[-0.41, 0.20]",0.48096623040858766,0.9307504209261677,False
ADP-ribosyl cyclase/cyclic ADP-ribose hydrolase 2,Lymfos,20,39,0.13836751649232226,"[-0.18, 0.43]",0.38827726451989886,0.893289750350874,False
Dedicator of cytokinesis protein 4,Lymfos,20,39,0.21384070730631682,"[-0.10, 0.49]",0.17943606663614683,0.7970464859682194,False
Complement factor H-related protein 2,Lymfos,20,39,-0.12578865135665657,"[-0.42, 0.19]",0.4332443322299997,0.8960937411657979,False
Selenoprotein P,Lymfos,20,39,0.21384070730631732,"[-0.10, 0.49]",0.17943606663614495,0.7970464859682194,False
Adipocyte plasma membrane-associated protein,Lymfos,20,39,0.18868297703498524,"[-0.13, 0.47]",0.23742561415580288,0.8448096775145966,False
Immunoglobulin heavy constant alpha 2,Lymfos,20,39,-0.2138407073063169,"[-0.49, 0.10]",0.17943606663614683,0.7970464859682194,False
Lactotransferrin,Lymfos,20,39,-0.03773659540699693,"[-0.34, 0.27]",0.8147964162115997,0.9671847464778622,False
Alpha-enolase,Lymfos,20,39,0.06289432567832844,"[-0.25, 0.36]",0.696053680475035,0.9507803863239565,False
Immunoglobulin heavy constant gamma 1,Lymfos,20,39,0.06289432567832834,"[-0.25, 0.36]",0.696053680475035,0.9507803863239565,False
Collectin-10,Lymfos,20,39,0.1383675164923222,"[-0.18, 0.43]",0.38827726451989886,0.893289750350874,False
Lysosome-associated membrane glycoprotein 1,Lymfos,20,39,-0.26415616784897944,"[-0.53, 0.05]",0.09513554840865573,0.7152154288913432,False
Cathelicidin antimicrobial peptide,Lymfos,20,39,0.06289432567832917,"[-0.25, 0.36]",0.6960536804750269,0.9507803863239565,False
Fibroblast growth factor-binding protein 2,Lymfos,20,39,0.10063092108532623,"[-0.21, 0.40]",0.5313032912665328,0.9307504209261677,False
Lymphatic vessel endothelial hyaluronic acid receptor 1,Lymfos,20,39,-0.03773659540699714,"[-0.34, 0.27]",0.8147964162115997,0.9671847464778622,False
Haptoglobin,Lymfos,20,39,0.23899843757764833,"[-0.07, 0.51]",0.13234575356789355,0.7605654126839256,False
Tenascin-X,Lymfos,20,39,-0.025157730271330857,"[-0.33, 0.28]",0.8759298006815162,0.9710047873747903,False
Zinc finger protein 512B,Lymfos,20,39,-0.025157730271331676,"[-0.33, 0.28]",0.8759298006814945,0.9710047873747903,False
Immunoglobulin lambda variable 3-19,Lymfos,20,39,-0.23899843757764744,"[-0.51, 0.07]",0.1323457535678955,0.7605654126839256,False
Complement C1q subcomponent subunit B,Lymfos,20,39,-0.06289432567832773,"[-0.36, 0.25]",0.696053680475035,0.9507803863239565,False
Ubiquitin-ribosomal protein eS31 fusion protein,Lymfos,20,39,-0.05031546054266332,"[-0.35, 0.26]",0.7547284319821241,0.9507803863239565,False
Kinesin-like protein KIF21A,Lymfos,20,39,-0.18868297703498535,"[-0.47, 0.13]",0.23742561415580288,0.8448096775145966,False
Attractin,Lymfos,20,39,0.150946381627989,"[-0.16, 0.44]",0.34616651092511186,0.860788962265991,False
Immunoglobulin lambda variable 1-44,Lymfos,20,39,-0.11320978622099058,"[-0.41, 0.20]",0.48096623040858766,0.9307504209261677,False
Immunoglobulin heavy variable 1-46,Lymfos,20,39,0.17610411189932,"[-0.14, 0.46]",0.27073144451576664,0.8448096775145966,False
Fibulin-1,Lymfos,20,39,0.17610411189931957,"[-0.14, 0.46]",0.2707314445157677,0.8448096775145966,False
Secreted phosphoprotein 24,Lymfos,20,39,-0.07547319081399459,"[-0.37, 0.24]",0.6390775016345178,0.9307504209261677,False
Scavenger receptor class B member 1,Lymfos,20,39,-0.18868297703498507,"[-0.47, 0.13]",0.23742561415580288,0.8448096775145966,False
Immunoglobulin lambda variable 2-18,Lymfos,20,39,0.06289432567832831,"[-0.25, 0.36]",0.696053680475035,0.9507803863239565,False
Collagen alpha-2(VI) chain,Lymfos,20,39,-0.050315460542661755,"[-0.35, 0.26]",0.7547284319821346,0.9507803863239565,False
Adiponectin,Lymfos,20,39,-0.20126184217065152,"[-0.48, 0.11]",0.2070173066653262,0.8205034779432058,False
Nidogen-1,Lymfos,20,39,0.037736595406997774,"[-0.27, 0.34]",0.8147964162115926,0.9671847464778622,False
Alpha-1-antitrypsin,Lymfos,20,39,-0.03773659540699733,"[-0.34, 0.27]",0.8147964162115997,0.9671847464778622,False
"Sushi, von Willebrand factor type A, EGF and pentraxin domain-containing protein 1",Lymfos,20,39,0.16352524676365435,"[-0.15, 0.45]",0.30697565286988115,0.860788962265991,False
Complement C1s subcomponent,Lymfos,20,39,0.138367516492323,"[-0.18, 0.43]",0.38827726451989597,0.893289750350874,False
Alpha-actinin-4,Lymfos,20,39,-0.13836751649232162,"[-0.43, 0.18]",0.3882772645199002,0.893289750350874,False
Complement component C1q receptor,Lymfos,20,39,0.1635252467636538,"[-0.15, 0.45]",0.3069756528698824,0.860788962265991,False
Inter-alpha-trypsin inhibitor heavy chain H3,Lymfos,20,39,0.012578865135666199,"[-0.30, 0.32]",0.9377833563109993,0.9864156703215041,False
Immunoglobulin kappa variable 1D-8,Lymfos,20,39,-0.01257886513566603,"[-0.32, 0.30]",0.9377833563109993,0.9864156703215041,False
Low-density lipoprotein receptor,Lymfos,20,39,0.16352524676365474,"[-0.15, 0.45]",0.30697565286988115,0.860788962265991,False
Prolactin-inducible protein,Lymfos,20,39,-0.11320978622099134,"[-0.41, 0.20]",0.4809662304085859,0.9307504209261677,False
Hyaluronan-binding protein 2,Lymfos,20,39,0.2767350329846451,"[-0.03, 0.54]",0.07984982710594835,0.6837273567758237,False
N-acetylmuramoyl-L-alanine amidase,Lymfos,20,39,-0.10063092108532587,"[-0.40, 0.21]",0.5313032912665372,0.9307504209261677,False
Serpin A11,Lymfos,20,39,0.10063092108532612,"[-0.21, 0.40]",0.5313032912665372,0.9307504209261677,False
C4b-binding protein alpha chain,Lymfos,20,39,0.26415616784897933,"[-0.05, 0.53]",0.09513554840865573,0.7152154288913432,False
Inter-alpha-trypsin inhibitor heavy chain H2,Lymfos,20,39,0.03773659540699676,"[-0.27, 0.34]",0.8147964162115997,0.9671847464778622,False
Fibrillin-1,Lymfos,20,39,0.1886829770349857,"[-0.13, 0.47]",0.2374256141558024,0.8448096775145966,False
Golgi-associated RAB2 interactor protein 1B,Lymfos,20,39,0.1761041118993193,"[-0.14, 0.46]",0.2707314445157677,0.8448096775145966,False
Neurogenic locus notch homolog protein 3,Lymfos,20,39,-0.025157730271331145,"[-0.33, 0.28]",0.8759298006815162,0.9710047873747903,False
Immunoglobulin heavy constant alpha 1,Lymfos,20,39,-0.21384070730631735,"[-0.49, 0.10]",0.17943606663614495,0.7970464859682194,False
Apolipoprotein C-III,Lymfos,20,39,0.5912066613762872,"[0.35, 0.76]",4.6982917795172095e-05,0.008550891038721321,True
Glutathione peroxidase 3,Lymfos,20,39,0.050315460542663046,"[-0.26, 0.35]",0.7547284319821241,0.9507803863239565,False
Contactin-1,Lymfos,20,39,0.17610411189931877,"[-0.14, 0.46]",0.27073144451577086,0.8448096775145966,False
Stomatin,Lymfos,20,39,0.3899448192056361,"[0.09, 0.62]",0.011725379970647537,0.32947143764920506,False
Immunoglobulin heavy variable 3-13,Lymfos,20,39,0.18868297703498585,"[-0.13, 0.47]",0.2374256141558024,0.8448096775145966,False
Immunoglobulin heavy variable 1-69-2,Lymfos,20,39,0.10063092108532613,"[-0.21, 0.40]",0.5313032912665372,0.9307504209261677,False
Apolipoprotein E,Lymfos,20,39,-0.012578865135665892,"[-0.32, 0.30]",0.9377833563109993,0.9864156703215041,False
Mucosal addressin cell adhesion molecule 1,Lymfos,20,39,-0.11320978622099051,"[-0.41, 0.20]",0.48096623040858766,0.9307504209261677,False
Protein S100-A11,Lymfos,20,39,-0.06289432567832866,"[-0.36, 0.25]",0.6960536804750269,0.9507803863239565,False
Complement factor H-related protein 4,Lymfos,20,39,-0.05031546054266233,"[-0.35, 0.26]",0.7547284319821241,0.9507803863239565,False
Immunoglobulin kappa variable 1D-16,Lymfos,20,39,0.05031546054266372,"[-0.26, 0.35]",0.7547284319821241,0.9507803863239565,False
Immunoglobulin lambda variable 1-47,Lymfos,20,39,-0.012578865135666143,"[-0.32, 0.30]",0.9377833563109993,0.9864156703215041,False
Fructose-bisphosphate aldolase A,Lymfos,20,39,-0.06289432567832784,"[-0.36, 0.25]",0.696053680475035,0.9507803863239565,False
Thrombospondin-1,Lymfos,20,39,0.08805205594965995,"[-0.23, 0.39]",0.584078218634943,0.9307504209261677,False
Aminopeptidase N,Lymfos,20,39,-0.13836751649232204,"[-0.43, 0.18]",0.38827726451989886,0.893289750350874,False
Apolipoprotein M,Lymfos,20,39,-0.06289432567832841,"[-0.36, 0.25]",0.696053680475035,0.9507803863239565,False
Immunoglobulin heavy variable 3-43,Lymfos,20,39,-0.13836751649232198,"[-0.43, 0.18]",0.38827726451989886,0.893289750350874,False
Cysteine-rich secretory protein 3,Lymfos,20,39,-0.012578865135665947,"[-0.32, 0.30]",0.9377833563109993,0.9864156703215041,False
Complement component C8 alpha chain,Lymfos,20,39,-0.07547319081399353,"[-0.37, 0.24]",0.6390775016345178,0.9307504209261677,False
Immunoglobulin heavy variable 2-70D,Lymfos,20,39,-0.012578865135664941,"[-0.32, 0.30]",0.9377833563109993,0.9864156703215041,False
Immunoglobulin heavy variable 3-23,Lymfos,20,39,-0.037736595406997434,"[-0.34, 0.27]",0.8147964162115997,0.9671847464778622,False
Plasma kallikrein,Lymfos,20,39,0.13836751649232276,"[-0.18, 0.43]",0.38827726451989597,0.893289750350874,False
Galectin-7,Lymfos,20,39,0.08805205594966037,"[-0.23, 0.39]",0.584078218634943,0.9307504209261677,False
Extracellular superoxide dismutase [Cu-Zn],Lymfos,20,39,0.2515773027133141,"[-0.06, 0.52]",0.11257992176846944,0.7242274493625929,False
Immunoglobulin heavy variable 1-8,Lymfos,20,39,0.10063092108532525,"[-0.21, 0.40]",0.5313032912665417,0.9307504209261677,False
Cystatin-C,Lymfos,20,39,-0.06289432567832828,"[-0.36, 0.25]",0.696053680475035,0.9507803863239565,False
Immunoglobulin lambda-like polypeptide 1,Lymfos,20,39,-0.037736595406997316,"[-0.34, 0.27]",0.8147964162115997,0.9671847464778622,False
Inhibin beta C chain,Lymfos,20,39,-0.08805205594965934,"[-0.39, 0.23]",0.5840782186349485,0.9307504209261677,False
Mannose-binding protein C,Lymfos,20,39,-0.03773659540699645,"[-0.34, 0.27]",0.8147964162115997,0.9671847464778622,False
IgGFc-binding protein,Lymfos,20,39,-0.18868297703498468,"[-0.47, 0.13]",0.23742561415580354,0.8448096775145966,False
Macrophage mannose receptor 1,Lymfos,20,39,-0.07547319081399351,"[-0.37, 0.24]",0.6390775016345178,0.9307504209261677,False
Aromatase,Lymfos,20,39,-0.21384070730631646,"[-0.49, 0.10]",0.17943606663614617,0.7970464859682194,False
Cadherin-5,Lymfos,20,39,0.037736595406997676,"[-0.27, 0.34]",0.8147964162115997,0.9671847464778622,False
Immunoglobulin kappa variable 1-8,Lymfos,20,39,0.17610411189931963,"[-0.14, 0.46]",0.2707314445157677,0.8448096775145966,False
Retinol-binding protein 4,Lymfos,20,39,0.1257886513566572,"[-0.19, 0.42]",0.43324433222999803,0.8960937411657979,False
Complement component C8 beta chain,Lymfos,20,39,0.05031546054266325,"[-0.26, 0.35]",0.7547284319821241,0.9507803863239565,False
Tumor necrosis factor receptor superfamily member 1B,Lymfos,20,39,-0.06289432567832802,"[-0.36, 0.25]",0.696053680475035,0.9507803863239565,False
Formin-2,Lymfos,20,39,-0.06289432567832881,"[-0.36, 0.25]",0.6960536804750269,0.9507803863239565,False
Scavenger receptor cysteine-rich domain-containing protein DMBT1,Lymfos,20,39,-0.050315460542663115,"[-0.35, 0.26]",0.7547284319821241,0.9507803863239565,False
Apolipoprotein L1,Lymfos,20,39,0.05031546054266349,"[-0.26, 0.35]",0.7547284319821241,0.9507803863239565,False
Leucine-rich alpha-2-glycoprotein,Lymfos,20,39,-0.05031546054266292,"[-0.35, 0.26]",0.7547284319821241,0.9507803863239565,False
Immunoglobulin heavy variable 1-2,Lymfos,20,39,0.276735032984645,"[-0.03, 0.54]",0.07984982710594835,0.6837273567758237,False
Ras-related protein Rab-10,Lymfos,20,39,0.4402602797482991,"[0.15, 0.66]",0.00396926097933711,0.1882324185553252,False
Immunoglobulin heavy variable 1-24,Lymfos,20,39,-0.012578865135665723,"[-0.32, 0.30]",0.9377833563109993,0.9864156703215041,False
Annexin A3,Lymfos,20,39,0.15094638162798898,"[-0.16, 0.44]",0.3461665109251143,0.860788962265991,False
Hemoglobin subunit beta,Lymfos,20,39,0.13836751649232315,"[-0.18, 0.43]",0.38827726451989597,0.893289750350874,False
Immunoglobulin lambda variable 4-69,Lymfos,20,39,0.21384070730631646,"[-0.10, 0.49]",0.17943606663614617,0.7970464859682194,False
Elongation factor 2,Lymfos,20,39,-0.16352524676365413,"[-0.45, 0.15]",0.3069756528698824,0.860788962265991,False
Multiple inositol polyphosphate phosphatase 1,Lymfos,20,39,0.012578865135665338,"[-0.30, 0.32]",0.9377833563109993,0.9864156703215041,False
Collagen alpha-1(VI) chain,Lymfos,20,39,0.07547319081399402,"[-0.24, 0.37]",0.6390775016345178,0.9307504209261677,False
Hepatocyte growth factor activator,Lymfos,20,39,-0.17610411189932015,"[-0.46, 0.14]",0.2707314445157603,0.8448096775145966,False
Fibrinogen beta chain,Lymfos,20,39,-0.138367516492323,"[-0.43, 0.18]",0.38827726451989597,0.893289750350874,False
Hemicentin-1,Lymfos,20,39,0.13836751649232337,"[-0.18, 0.43]",0.3882772645198932,0.893289750350874,False
C-type mannose receptor 2,Lymfos,20,39,-0.07547319081399433,"[-0.37, 0.24]",0.6390775016345178,0.9307504209261677,False
Platelet glycoprotein Ib beta chain,Lymfos,20,39,0.49057574029096157,"[0.22, 0.69]",0.0011287099298655644,0.08445258519683063,False
Complement C2,Lymfos,20,39,-0.12578865135665626,"[-0.42, 0.19]",0.4332443322300029,0.8960937411657979,False
Annexin A2,Lymfos,20,39,-0.03773659540699667,"[-0.34, 0.27]",0.8147964162115997,0.9671847464778622,False
Protein disulfide-isomerase A3,Lymfos,20,39,0.08805205594965973,"[-0.23, 0.39]",0.584078218634943,0.9307504209261677,False
Dipeptidyl peptidase 4,Lymfos,20,39,0.08805205594965942,"[-0.23, 0.39]",0.5840782186349485,0.9307504209261677,False
Proteasome subunit alpha type-4,Lymfos,20,39,0.050315460542662366,"[-0.26, 0.35]",0.7547284319821241,0.9507803863239565,False
Coagulation factor XI,Lymfos,20,39,-0.07547319081399459,"[-0.37, 0.24]",0.6390775016345178,0.9307504209261677,False
Collectin-11,Lymfos,20,39,0.264156167848979,"[-0.05, 0.53]",0.095135548408656,0.7152154288913432,False
High mobility group protein B1,Lymfos,20,39,-0.037736595406997225,"[-0.34, 0.27]",0.8147964162115997,0.9671847464778622,False
Immunoglobulin lambda variable 3-16,Lymfos,20,39,-0.012578865135665864,"[-0.32, 0.30]",0.9377833563109993,0.9864156703215041,False
Prothrombin,Lymfos,20,39,0.566048931104956,"[0.31, 0.74]",0.00011464650275756368,0.01795417557138218,True
Immunoglobulin kappa joining 1,Lymfos,20,39,0.2641561678489805,"[-0.05, 0.53]",0.09513554840865403,0.7152154288913432,False
Immunoglobulin heavy variable 3-7,Lymfos,20,39,-0.0754731908139945,"[-0.37, 0.24]",0.6390775016345178,0.9307504209261677,False
Immunoglobulin heavy variable 3-74,Lymfos,20,39,0.2641561678489797,"[-0.05, 0.53]",0.09513554840865515,0.7152154288913432,False
Ezrin,Lymfos,20,39,0.3396293586629734,"[0.04, 0.59]",0.02982027076098728,0.5032824644222794,False
Intercellular adhesion molecule 2,Lymfos,20,39,0.05031546054266304,"[-0.26, 0.35]",0.7547284319821241,0.9507803863239565,False
Lysozyme C,Lymfos,20,39,0.18868297703498546,"[-0.13, 0.47]",0.2374256141558024,0.8448096775145966,False
Protein AMBP,Lymfos,20,39,0.03773659540699778,"[-0.27, 0.34]",0.8147964162115926,0.9671847464778622,False
Prolyl endopeptidase FAP,Lymfos,20,39,-0.10063092108532544,"[-0.40, 0.21]",0.5313032912665372,0.9307504209261677,False
"Actin, cytoplasmic 2",Lymfos,20,39,0.02515773027133126,"[-0.28, 0.33]",0.8759298006815162,0.9710047873747903,False
Kallistatin,Lymfos,20,39,-0.06289432567832802,"[-0.36, 0.25]",0.696053680475035,0.9507803863239565,False
Hemopexin,Lymfos,20,39,0.012578865135665147,"[-0.30, 0.32]",0.9377833563109993,0.9864156703215041,False
C4b-binding protein beta chain,Lymfos,20,39,0.03773659540699705,"[-0.27, 0.34]",0.8147964162115997,0.9671847464778622,False
Peptidyl-prolyl cis-trans isomerase A,Lymfos,20,39,0.23899843757764844,"[-0.07, 0.51]",0.13234575356789355,0.7605654126839256,False
Complement C1r subcomponent-like protein,Lymfos,20,39,0.23899843757764772,"[-0.07, 0.51]",0.13234575356789466,0.7605654126839256,False
Immunoglobulin heavy variable 3-30;Immunoglobulin heavy variable 3-30-5,Lymfos,20,39,0.07547319081399394,"[-0.24, 0.37]",0.6390775016345178,0.9307504209261677,False
Immunoglobulin lambda variable 3-9,Lymfos,20,39,-0.2767350329846453,"[-0.54, 0.03]",0.07984982710594811,0.6837273567758237,False
Immunoglobulin heavy variable 1-45,Lymfos,20,39,-0.1761041118993203,"[-0.46, 0.14]",0.2707314445157603,0.8448096775145966,False
Hemoglobin subunit gamma-1,Lymfos,20,39,0.11320978622099119,"[-0.20, 0.41]",0.4809662304085859,0.9307504209261677,False
Apolipoprotein F,Lymfos,20,39,-0.012578865135665251,"[-0.32, 0.30]",0.9377833563109993,0.9864156703215041,False
Immunoglobulin gamma-1 heavy chain,Lymfos,20,39,-0.05031546054266217,"[-0.35, 0.26]",0.7547284319821241,0.9507803863239565,False
Low affinity immunoglobulin gamma Fc region receptor III-B,Lymfos,20,39,0.18868297703498502,"[-0.13, 0.47]",0.23742561415580288,0.8448096775145966,False
Multiple epidermal growth factor-like domains protein 8,Lymfos,20,39,0.1635252467636544,"[-0.15, 0.45]",0.30697565286988115,0.860788962265991,False
Complement C4-B,Lymfos,20,39,-0.16352524676365443,"[-0.45, 0.15]",0.30697565286988115,0.860788962265991,False
Glyceraldehyde-3-phosphate dehydrogenase,Lymfos,20,39,0.10063092108532536,"[-0.21, 0.40]",0.5313032912665372,0.9307504209261677,False
Complement C1r subcomponent,Lymfos,20,39,0.012578865135666356,"[-0.30, 0.32]",0.9377833563109993,0.9864156703215041,False
Sex hormone-binding globulin,Lymfos,20,39,0.07547319081399448,"[-0.24, 0.37]",0.6390775016345178,0.9307504209261677,False
Biotinidase,Lymfos,20,39,-0.38994481920563595,"[-0.62, -0.09]",0.01172537997064757,0.32947143764920506,False
Cholinesterase,Lymfos,20,39,-0.06289432567832813,"[-0.36, 0.25]",0.696053680475035,0.9507803863239565,False
Immunoglobulin heavy variable 2-5,Lymfos,20,39,4.0499502522084997e-16,"[-0.31, 0.31]",1.0,1.0,False
Immunoglobulin lambda variable 1-36,Lymfos,20,39,-3.072376053399552e-16,"[-0.31, 0.31]",1.0,1.0,False
Immunoglobulin kappa variable 3-11,Lymfos,20,39,-4.1896037091812064e-16,"[-0.31, 0.31]",1.0,1.0,False
Immunoglobulin kappa variable 6-21,Lymfos,20,39,-0.06289432567832791,"[-0.36, 0.25]",0.696053680475035,0.9507803863239565,False
Immunoglobulin kappa light chain,Lymfos,20,39,0.07547319081399463,"[-0.24, 0.37]",0.6390775016345178,0.9307504209261677,False
Neuropilin-1,Lymfos,20,39,-0.025157730271331828,"[-0.33, 0.28]",0.8759298006814945,0.9710047873747903,False
Ficolin-2,Lymfos,20,39,-0.22641957244198213,"[-0.50, 0.09]",0.15458525100507478,0.7607516423767026,False
Gamma-glutamyl hydrolase,Lymfos,20,39,-0.0880520559496601,"[-0.39, 0.23]",0.584078218634943,0.9307504209261677,False
Keratinocyte proline-rich protein,Lymfos,20,39,0.06289432567832821,"[-0.25, 0.36]",0.696053680475035,0.9507803863239565,False
Kyphoscoliosis peptidase,Lymfos,20,39,-0.06289432567832867,"[-0.36, 0.25]",0.6960536804750269,0.9507803863239565,False
Laminin subunit alpha-2,Lymfos,20,39,0.037736595406998384,"[-0.27, 0.34]",0.8147964162115926,0.9671847464778622,False
Desmoglein-1,Lymfos,20,39,0.07547319081399367,"[-0.24, 0.37]",0.6390775016345178,0.9307504209261677,False
Immunoglobulin lambda variable 3-27,Lymfos,20,39,0.012578865135666058,"[-0.30, 0.32]",0.9377833563109993,0.9864156703215041,False
Myosin-9,Lymfos,20,39,0.15094638162798843,"[-0.16, 0.44]",0.3461665109251143,0.860788962265991,False
Versican core protein,Lymfos,20,39,0.21384070730631632,"[-0.10, 0.49]",0.17943606663614617,0.7970464859682194,False
Proteasome subunit beta type-3,Lymfos,20,39,0.07547319081399383,"[-0.24, 0.37]",0.6390775016345178,0.9307504209261677,False
Alpha-N-acetylglucosaminidase,Lymfos,20,39,-0.07547319081399456,"[-0.37, 0.24]",0.6390775016345178,0.9307504209261677,False
Caspase-14,Lymfos,20,39,-0.012578865135665978,"[-0.32, 0.30]",0.9377833563109993,0.9864156703215041,False
Histidine-rich glycoprotein,Lymfos,20,39,-0.050315460542662845,"[-0.35, 0.26]",0.7547284319821241,0.9507803863239565,False
"ATP synthase subunit alpha, mitochondrial",Lymfos,20,39,-0.03773659540699643,"[-0.34, 0.27]",0.8147964162115997,0.9671847464778622,False
Immunoglobulin kappa constant,Lymfos,20,39,-0.15094638162798835,"[-0.44, 0.16]",0.34616651092511663,0.860788962265991,False
Interleukin-1 receptor accessory protein,Lymfos,20,39,-0.05031546054266268,"[-0.35, 0.26]",0.7547284319821241,0.9507803863239565,False
Immunoglobulin lambda variable 9-49,Lymfos,20,39,-0.012578865135665434,"[-0.32, 0.30]",0.9377833563109993,0.9864156703215041,False
Plexin domain-containing protein 2,Lymfos,20,39,0.13836751649232237,"[-0.18, 0.43]",0.38827726451989886,0.893289750350874,False
Immunoglobulin heavy variable 4-28,Lymfos,20,39,0.13836751649232226,"[-0.18, 0.43]",0.38827726451989886,0.893289750350874,False
Desmoplakin,Lymfos,20,39,0.05031546054266266,"[-0.26, 0.35]",0.7547284319821241,0.9507803863239565,False
Endoplasmin,Lymfos,20,39,-0.23899843757764783,"[-0.51, 0.07]",0.13234575356789466,0.7605654126839256,False
Heparin cofactor 2,Lymfos,20,39,-0.11320978622099115,"[-0.41, 0.20]",0.4809662304085859,0.9307504209261677,False
Laminin subunit gamma-1,Lymfos,20,39,0.21384070730631682,"[-0.10, 0.49]",0.17943606663614683,0.7970464859682194,False
Polymeric immunoglobulin receptor,Lymfos,20,39,-0.20126184217065154,"[-0.48, 0.11]",0.2070173066653262,0.8205034779432058,False
Serum amyloid A-4 protein,Lymfos,20,39,0.12578865135665718,"[-0.19, 0.42]",0.43324433222999803,0.8960937411657979,False
Catalase,Lymfos,20,39,0.12578865135665723,"[-0.19, 0.42]",0.43324433222999803,0.8960937411657979,False
Complement receptor type 1,Lymfos,20,39,0.050315460542662324,"[-0.26, 0.35]",0.7547284319821241,0.9507803863239565,False
Immunoglobulin kappa variable 1-27,Lymfos,20,39,0.21384070730631624,"[-0.10, 0.49]",0.179436066636148,0.7970464859682194,False
Immunoglobulin kappa variable 2-30,Lymfos,20,39,-0.11320978622099054,"[-0.41, 0.20]",0.48096623040858766,0.9307504209261677,False
Protein-glutamine gamma-glutamyltransferase E,Lymfos,20,39,0.08805205594965954,"[-0.23, 0.39]",0.5840782186349485,0.9307504209261677,False
Periostin,Lymfos,20,39,0.012578865135666018,"[-0.30, 0.32]",0.9377833563109993,0.9864156703215041,False
Albumin,Lymfos,20,39,-0.23899843757764813,"[-0.51, 0.07]",0.13234575356789427,0.7605654126839256,False
Complement factor B,Lymfos,20,39,-0.1761041118993191,"[-0.46, 0.14]",0.27073144451577086,0.8448096775145966,False
Probable non-functional immunoglobulinn kappa variable 1-37;Probable non-functional immunoglobulinn kappa variable 1D-37,Lymfos,20,39,0.03773659540699797,"[-0.27, 0.34]",0.8147964162115926,0.9671847464778622,False
Immunoglobulin lambda variable 8-61,Lymfos,20,39,0.050315460542663455,"[-0.26, 0.35]",0.7547284319821241,0.9507803863239565,False
Annexin A1,Lymfos,20,39,0.1635252467636549,"[-0.15, 0.45]",0.3069756528698808,0.860788962265991,False
CD5 antigen-like,Lymfos,20,39,-0.037736595406996525,"[-0.34, 0.27]",0.8147964162115997,0.9671847464778622,False
RB-associated KRAB zinc finger protein,Lymfos,20,39,0.075473190813994,"[-0.24, 0.37]",0.6390775016345178,0.9307504209261677,False
Immunoglobulin lambda variable 7-46,Lymfos,20,39,0.11320978622099183,"[-0.20, 0.41]",0.4809662304085821,0.9307504209261677,False
Basement membrane-specific heparan sulfate proteoglycan core protein,Lymfos,20,39,0.05031546054266332,"[-0.26, 0.35]",0.7547284319821241,0.9507803863239565,False
Vitamin K-dependent protein C,Lymfos,20,39,0.20126184217065093,"[-0.11, 0.48]",0.2070173066653294,0.8205034779432058,False
Immunoglobulin lambda variable 1-40,Lymfos,20,39,-0.075473190813994,"[-0.37, 0.24]",0.6390775016345178,0.9307504209261677,False
Pantetheinase,Lymfos,20,39,-1.187054384268009e-16,"[-0.31, 0.31]",1.0,1.0,False
Neutrophil defensin 1;Neutrophil defensin 3,Lymfos,20,39,-0.03773659540699636,"[-0.34, 0.27]",0.8147964162115997,0.9671847464778622,False
Immunoglobulin lambda variable 2-8,Lymfos,20,39,0.0754731908139941,"[-0.24, 0.37]",0.6390775016345178,0.9307504209261677,False
Immunoglobulin heavy variable 1-18,Lymfos,20,39,0.11320978622099077,"[-0.20, 0.41]",0.48096623040858766,0.9307504209261677,False
Immunoglobulin kappa variable 3D-15,Lymfos,20,39,-0.15094638162798776,"[-0.44, 0.16]",0.34616651092511785,0.860788962265991,False
Extracellular matrix protein 1,Lymfos,20,39,-0.22641957244198238,"[-0.50, 0.09]",0.15458525100507478,0.7607516423767026,False
Tubulin alpha-1B chain,Lymfos,20,39,-0.08805205594965947,"[-0.39, 0.23]",0.5840782186349485,0.9307504209261677,False
Immunoglobulin lambda variable 5-45,Lymfos,20,39,-0.1257886513566561,"[-0.42, 0.19]",0.4332443322300029,0.8960937411657979,False
Alpha-2-HS-glycoprotein,Lymfos,20,39,0.050315460542663455,"[-0.26, 0.35]",0.7547284319821241,0.9507803863239565,False
Cartilage acidic protein 1,Lymfos,20,39,0.03773659540699662,"[-0.27, 0.34]",0.8147964162115997,0.9671847464778622,False
Coagulation factor IX,Lymfos,20,39,0.22641957244198255,"[-0.09, 0.50]",0.1545852510050743,0.7607516423767026,False
Integrin alpha-2,Lymfos,20,39,-0.03773659540699641,"[-0.34, 0.27]",0.8147964162115997,0.9671847464778622,False
"Mannosyl-oligosaccharide 1,2-alpha-mannosidase IA",Lymfos,20,39,0.08805205594965954,"[-0.23, 0.39]",0.5840782186349485,0.9307504209261677,False
Endophilin-A3,Lymfos,20,39,-0.20126184217065043,"[-0.48, 0.11]",0.20701730666532933,0.8205034779432058,False
Collagen alpha-1(I) chain,Lymfos,20,39,0.2515773027133145,"[-0.06, 0.52]",0.11257992176846914,0.7242274493625929,False
Carboxypeptidase N subunit 2,Lymfos,20,39,0.037736595406997114,"[-0.27, 0.34]",0.8147964162115997,0.9671847464778622,False
Scavenger receptor cysteine-rich type 1 protein M130,Lymfos,20,39,-0.06289432567832813,"[-0.36, 0.25]",0.696053680475035,0.9507803863239565,False
Annexin A5,Lymfos,20,39,-0.21384070730631696,"[-0.49, 0.10]",0.17943606663614683,0.7970464859682194,False
Platelet factor 4,Lymfos,20,39,-0.012578865135665935,"[-0.32, 0.30]",0.9377833563109993,0.9864156703215041,False
Immunoglobulin heavy variable 3-72,Lymfos,20,39,-0.05031546054266207,"[-0.35, 0.26]",0.7547284319821241,0.9507803863239565,False
Protein HEG homolog 1,Lymfos,20,39,-0.012578865135665125,"[-0.32, 0.30]",0.9377833563109993,0.9864156703215041,False
Sulfhydryl oxidase 1,Lymfos,20,39,-0.11320978622099158,"[-0.41, 0.20]",0.4809662304085859,0.9307504209261677,False
Corticosteroid-binding globulin,Lymfos,20,39,0.0251577302713315,"[-0.28, 0.33]",0.8759298006814945,0.9710047873747903,False
Angiopoietin-related protein 6,Lymfos,20,39,0.25157730271331347,"[-0.06, 0.52]",0.1125799217684705,0.7242274493625929,False
72 kDa type IV collagenase,Lymfos,20,39,0.11320978622099089,"[-0.20, 0.41]",0.4809662304085859,0.9307504209261677,False
Trypsin-3,Lymfos,20,39,-0.2893138981203104,"[-0.55, 0.02]",0.06655316995459039,0.6384174451199597,False
Complement component C9,Lymfos,20,39,-0.025157730271330885,"[-0.33, 0.28]",0.8759298006815162,0.9710047873747903,False
Pyruvate kinase PKM,Lymfos,20,39,0.2389984375776486,"[-0.07, 0.51]",0.13234575356789308,0.7605654126839256,False
Immunoglobulin heavy variable 4-34,Lymfos,20,39,0.17610411189931985,"[-0.14, 0.46]",0.27073144451576664,0.8448096775145966,False
Immunoglobulin kappa variable 6D-21,Lymfos,20,39,0.11320978622099072,"[-0.20, 0.41]",0.48096623040858766,0.9307504209261677,False
Immunoglobulin lambda-1 light chain,Lymfos,20,39,-0.22641957244198171,"[-0.50, 0.09]",0.15458525100507575,0.7607516423767026,False
Transforming growth factor-beta-induced protein ig-h3,Lymfos,20,39,0.06289432567832881,"[-0.25, 0.36]",0.6960536804750269,0.9507803863239565,False
Complement C1q subcomponent subunit A,Lymfos,20,39,6.982672848635346e-16,"[-0.31, 0.31]",1.0,1.0,False
Prolow-density lipoprotein receptor-related protein 1,Lymfos,20,39,-0.07547319081399365,"[-0.37, 0.24]",0.6390775016345178,0.9307504209261677,False
Immunoglobulin heavy constant mu,Lymfos,20,39,0.06289432567832849,"[-0.25, 0.36]",0.696053680475035,0.9507803863239565,False
UV-stimulated scaffold protein A,Lymfos,20,39,-0.08805205594966022,"[-0.39, 0.23]",0.584078218634943,0.9307504209261677,False
Complement component C6,Lymfos,20,39,-0.2767350329846447,"[-0.54, 0.03]",0.0798498271059488,0.6837273567758237,False
Angiotensinogen,Lymfos,20,39,-0.15094638162798707,"[-0.44, 0.16]",0.3461665109251202,0.860788962265991,False
Pregnancy zone protein,Lymfos,20,39,0.26415616784897905,"[-0.05, 0.53]",0.095135548408656,0.7152154288913432,False
Histone H2A type 1-B/E;Histone H2A type 3;Histone H2A type 1-C,Lymfos,20,39,-0.05031546054266253,"[-0.35, 0.26]",0.7547284319821241,0.9507803863239565,False
Desmocollin-1,Lymfos,20,39,0.07547319081399476,"[-0.24, 0.37]",0.6390775016345145,0.9307504209261677,False
Protein Z-dependent protease inhibitor,Lymfos,20,39,0.10063092108532601,"[-0.21, 0.40]",0.5313032912665372,0.9307504209261677,False
Immunoglobulin kappa variable 1-17,Lymfos,20,39,-0.10063092108532515,"[-0.40, 0.21]",0.5313032912665417,0.9307504209261677,False
Fibronectin,Lymfos,20,39,-0.31447162839164233,"[-0.57, -0.01]",0.04523603239265573,0.5693821348264478,False
Probable non-functional immunoglobulin heavy variable 3-38,Lymfos,20,39,0.20126184217065107,"[-0.11, 0.48]",0.20701730666532758,0.8205034779432058,False
Nucleoside diphosphate kinase 3,Lymfos,20,39,-0.13836751649232176,"[-0.43, 0.18]",0.3882772645199002,0.893289750350874,False
Plasma protease C1 inhibitor,Lymfos,20,39,-0.17610411189931977,"[-0.46, 0.14]",0.27073144451576664,0.8448096775145966,False
Immunoglobulin kappa variable 1-16,Lymfos,20,39,-0.138367516492322,"[-0.43, 0.18]",0.38827726451989886,0.893289750350874,False
F-actin-capping protein subunit alpha-1,Lymfos,20,39,0.06289432567832844,"[-0.25, 0.36]",0.696053680475035,0.9507803863239565,False
Cathepsin D,Lymfos,20,39,-0.012578865135664996,"[-0.32, 0.30]",0.9377833563109993,0.9864156703215041,False
Anthrax toxin receptor 2,Lymfos,20,39,0.21384070730631607,"[-0.10, 0.49]",0.179436066636148,0.7970464859682194,False
Talin-1,Lymfos,20,39,0.44026027974829907,"[0.15, 0.66]",0.00396926097933711,0.1882324185553252,False
Protein disulfide-isomerase,Lymfos,20,39,-0.08805205594965973,"[-0.39, 0.23]",0.584078218634943,0.9307504209261677,False
Junction plakoglobin,Lymfos,20,39,0.03773659540699782,"[-0.27, 0.34]",0.8147964162115926,0.9671847464778622,False
Tenascin,Lymfos,20,39,0.2389984375776474,"[-0.07, 0.51]",0.1323457535678955,0.7605654126839256,False
Cadherin-related family member 5,Lymfos,20,39,-0.08805205594966002,"[-0.39, 0.23]",0.584078218634943,0.9307504209261677,False
Kininogen-1,Lymfos,20,39,0.07547319081399365,"[-0.24, 0.37]",0.6390775016345178,0.9307504209261677,False
Alpha-1-antichymotrypsin,Lymfos,20,39,-0.012578865135665111,"[-0.32, 0.30]",0.9377833563109993,0.9864156703215041,False
Integrin alpha-IIb,Lymfos,20,39,0.5283123356979592,"[0.26, 0.72]",0.0003845983647945588,0.038235771913692734,True
Serum amyloid P-component,Lymfos,20,39,-0.1886829770349855,"[-0.47, 0.13]",0.2374256141558024,0.8448096775145966,False
Inter-alpha-trypsin inhibitor heavy chain H1,Lymfos,20,39,0.037736595406996844,"[-0.27, 0.34]",0.8147964162115997,0.9671847464778622,False
Probable non-functional immunoglobulin heavy variable 3-35,Lymfos,20,39,-0.11320978622099151,"[-0.41, 0.20]",0.4809662304085859,0.9307504209261677,False
Immunoglobulin kappa variable 1-5,Lymfos,20,39,-0.012578865135665081,"[-0.32, 0.30]",0.9377833563109993,0.9864156703215041,False
Band 3 anion transport protein,Lymfos,20,39,0.11320978622099177,"[-0.20, 0.41]",0.4809662304085821,0.9307504209261677,False
Immunoglobulin lambda variable 7-43,Lymfos,20,39,0.012578865135665496,"[-0.30, 0.32]",0.9377833563109993,0.9864156703215041,False
Peroxiredoxin-1,Lymfos,20,39,0.01257886513566567,"[-0.30, 0.32]",0.9377833563109993,0.9864156703215041,False
Matrix metalloproteinase-9,Lymfos,20,39,-0.21384070730631663,"[-0.49, 0.10]",0.17943606663614683,0.7970464859682194,False
Multimerin-2,Lymfos,20,39,-0.012578865135665284,"[-0.32, 0.30]",0.9377833563109993,0.9864156703215041,False
Immunoglobulin heavy variable 1-3,Lymfos,20,39,0.012578865135665751,"[-0.30, 0.32]",0.9377833563109993,0.9864156703215041,False
Podocalyxin,Lymfos,20,39,0.15094638162798815,"[-0.16, 0.44]",0.34616651092511663,0.860788962265991,False
Immunoglobulin lambda variable 1-51,Lymfos,20,39,-0.06289432567832863,"[-0.36, 0.25]",0.696053680475035,0.9507803863239565,False
Cadherin-13,Lymfos,20,39,0.06289432567832896,"[-0.25, 0.36]",0.6960536804750269,0.9507803863239565,False
Plastin-2,Lymfos,20,39,0.012578865135666044,"[-0.30, 0.32]",0.9377833563109993,0.9864156703215041,False
Inter-alpha-trypsin inhibitor heavy chain H4,Lymfos,20,39,0.07547319081399476,"[-0.24, 0.37]",0.6390775016345145,0.9307504209261677,False
Fructose-bisphosphate aldolase B,Lymfos,20,39,0.16352524676365482,"[-0.15, 0.45]",0.30697565286988115,0.860788962265991,False
Mannan-binding lectin serine protease 2,Lymfos,20,39,-0.062894325678328,"[-0.36, 0.25]",0.696053680475035,0.9507803863239565,False
Platelet glycoprotein 4,Lymfos,20,39,0.4654180100196308,"[0.18, 0.68]",0.0021671771978903154,0.13030152902315717,False
Hemoglobin subunit alpha,Lymfos,20,39,0.16352524676365465,"[-0.15, 0.45]",0.30697565286988115,0.860788962265991,False
Immunoglobulin lambda variable 3-10,Lymfos,20,39,-0.1006309210853256,"[-0.40, 0.21]",0.5313032912665372,0.9307504209261677,False
Serum paraoxonase/lactonase 3,Lymfos,20,39,-0.16352524676365388,"[-0.45, 0.15]",0.3069756528698824,0.860788962265991,False
Dopamine beta-hydroxylase,Lymfos,20,39,-0.025157730271331342,"[-0.33, 0.28]",0.8759298006814945,0.9710047873747903,False
Triosephosphate isomerase,Lymfos,20,39,-0.18868297703498516,"[-0.47, 0.13]",0.23742561415580288,0.8448096775145966,False
Endoplasmic reticulum chaperone BiP,Lymfos,20,39,0.17610411189932065,"[-0.14, 0.46]",0.27073144451576314,0.8448096775145966,False
Suprabasin,Lymfos,20,39,0.050315460542662525,"[-0.26, 0.35]",0.7547284319821241,0.9507803863239565,False
Immunoglobulin kappa variable 3-20,Lymfos,20,39,-0.1006309210853257,"[-0.40, 0.21]",0.5313032912665372,0.9307504209261677,False
Ficolin-1,Lymfos,20,39,0.138367516492323,"[-0.18, 0.43]",0.38827726451989597,0.893289750350874,False
Autotaxin,Lymfos,20,39,2.2344553115633113e-16,"[-0.31, 0.31]",1.0,1.0,False
Histidine ammonia-lyase,Lymfos,20,39,0.2012618421706519,"[-0.11, 0.48]",0.2070173066653258,0.8205034779432058,False
Noelin,Lymfos,20,39,0.03773659540699791,"[-0.27, 0.34]",0.8147964162115926,0.9671847464778622,False
Prenylcysteine oxidase 1,Lymfos,20,39,0.03773659540699736,"[-0.27, 0.34]",0.8147964162115997,0.9671847464778622,False
Immunoglobulin delta heavy chain,Lymfos,20,39,-2.0948018545906044e-16,"[-0.31, 0.31]",1.0,1.0,False
Antithrombin-III,Lymfos,20,39,-0.22641957244198255,"[-0.50, 0.09]",0.1545852510050743,0.7607516423767026,False
Complement component C7,Lymfos,20,39,-0.1006309210853251,"[-0.40, 0.21]",0.5313032912665417,0.9307504209261677,False
BOS complex subunit NOMO3;BOS complex subunit NOMO1;BOS complex subunit NOMO2,Lymfos,20,39,0.0880520559496594,"[-0.23, 0.39]",0.5840782186349485,0.9307504209261677,False
Cofilin-1,Lymfos,20,39,0.06289432567832824,"[-0.25, 0.36]",0.696053680475035,0.9507803863239565,False
Histone H4,Lymfos,20,39,0.1132097862209913,"[-0.20, 0.41]",0.4809662304085859,0.9307504209261677,False
Serum amyloid A-1 protein,Lymfos,20,39,0.21384070730631646,"[-0.10, 0.49]",0.17943606663614617,0.7970464859682194,False
Transferrin receptor protein 1,Lymfos,20,39,0.12578865135665637,"[-0.19, 0.42]",0.4332443322299997,0.8960937411657979,False
Serpin B12,Lymfos,20,39,-0.07547319081399427,"[-0.37, 0.24]",0.6390775016345178,0.9307504209261677,False
Immunoglobulin kappa variable 3D-20,Lymfos,20,39,-0.12578865135665607,"[-0.42, 0.19]",0.4332443322300029,0.8960937411657979,False
Probable non-functional immunoglobulin heavy variable 3-16,Lymfos,20,39,-0.05031546054266289,"[-0.35, 0.26]",0.7547284319821241,0.9507803863239565,False
Immunoglobulin lambda variable 6-57,Lymfos,20,39,0.3144716283916428,"[0.01, 0.57]",0.04523603239265535,0.5693821348264478,False
Fibrinogen alpha chain,Lymfos,20,39,0.46541801001963023,"[0.18, 0.68]",0.0021671771978903414,0.13030152902315717,False
Galectin-3-binding protein,Lymfos,20,39,-0.01257886513566519,"[-0.32, 0.30]",0.9377833563109993,0.9864156703215041,False
Macrophage colony-stimulating factor 1 receptor,Lymfos,20,39,-0.2641561678489797,"[-0.53, 0.05]",0.09513554840865515,0.7152154288913432,False
Phosphatidylinositol-glycan-specific phospholipase D,Lymfos,20,39,0.17610411189931913,"[-0.14, 0.46]",0.27073144451577086,0.8448096775145966,False
Serotransferrin,Lymfos,20,39,-0.07547319081399421,"[-0.37, 0.24]",0.6390775016345178,0.9307504209261677,False
Integrin alpha-11,Lymfos,20,39,-0.18868297703498538,"[-0.47, 0.13]",0.23742561415580288,0.8448096775145966,False
Proprotein convertase subtilisin/kexin type 9,Lymfos,20,39,0.38994481920563606,"[0.09, 0.62]",0.011725379970647537,0.32947143764920506,False
Gelsolin,Lymfos,20,39,0.22641957244198285,"[-0.09, 0.50]",0.15458525100507342,0.7607516423767026,False
Proteoglycan 4,Lymfos,20,39,0.11320978622099084,"[-0.20, 0.41]",0.4809662304085859,0.9307504209261677,False
Vascular cell adhesion protein 1,Lymfos,20,39,0.05031546054266338,"[-0.26, 0.35]",0.7547284319821241,0.9507803863239565,False
Adhesion G protein-coupled receptor F5,Lymfos,20,39,0.2767350329846455,"[-0.03, 0.54]",0.07984982710594764,0.6837273567758237,False
Insulin-like growth factor-binding protein 3,Lymfos,20,39,0.15094638162798846,"[-0.16, 0.44]",0.3461665109251143,0.860788962265991,False
Transthyretin,Lymfos,20,39,-0.037736595406997094,"[-0.34, 0.27]",0.8147964162115997,0.9671847464778622,False
Coiled-coil domain-containing protein 126,Lymfos,20,39,0.23899843757764794,"[-0.07, 0.51]",0.13234575356789427,0.7605654126839256,False
Guanine nucleotide-binding protein G(i) subunit alpha-2,Lymfos,20,39,0.6415221219189501,"[0.42, 0.79]",6.1898600305292184e-06,0.001984881783123036,True
Apolipoprotein C-I,Lymfos,20,39,0.26415616784897933,"[-0.05, 0.53]",0.09513554840865573,0.7152154288913432,False
Syntenin-1,Lymfos,20,39,0.05031546054266378,"[-0.26, 0.35]",0.7547284319821241,0.9507803863239565,False
Phospholipid transfer protein,Lymfos,20,39,0.050315460542662865,"[-0.26, 0.35]",0.7547284319821241,0.9507803863239565,False
Laminin subunit beta-1,Lymfos,20,39,0.15094638162798904,"[-0.16, 0.44]",0.34616651092511186,0.860788962265991,False
Proline-rich protein 4,Lymfos,20,39,0.07547319081399399,"[-0.24, 0.37]",0.6390775016345178,0.9307504209261677,False
Immunoglobulin kappa variable 2-28;Immunoglobulin kappa variable 2D-28,Lymfos,20,39,-0.01257886513566575,"[-0.32, 0.30]",0.9377833563109993,0.9864156703215041,False
Complement C3,Lymfos,20,39,-0.02515773027133154,"[-0.33, 0.28]",0.8759298006814945,0.9710047873747903,False
Thyroxine-binding globulin,Lymfos,20,39,0.0628943256783284,"[-0.25, 0.36]",0.696053680475035,0.9507803863239565,False
Immunoglobulin kappa variable 1D-13;Immunoglobulin kappa variable 1-13,Lymfos,20,39,0.07547319081399492,"[-0.24, 0.37]",0.6390775016345145,0.9307504209261677,False
Complement factor H-related protein 5,Lymfos,20,39,0.23899843757764877,"[-0.07, 0.51]",0.13234575356789308,0.7605654126839256,False
Immunoglobulin lambda variable 2-23,Lymfos,20,39,0.05031546054266295,"[-0.26, 0.35]",0.7547284319821241,0.9507803863239565,False
Coagulation factor VII,Lymfos,20,39,0.12578865135665762,"[-0.19, 0.42]",0.43324433222999803,0.8960937411657979,False
Immunoglobulin heavy constant gamma 4,Lymfos,20,39,-0.03773659540699706,"[-0.34, 0.27]",0.8147964162115997,0.9671847464778622,False
L-lactate dehydrogenase B chain,Lymfos,20,39,0.11320978622099105,"[-0.20, 0.41]",0.4809662304085859,0.9307504209261677,False
Zinc-alpha-2-glycoprotein,Lymfos,20,39,-1.0474009272953028e-16,"[-0.31, 0.31]",1.0,1.0,False
"Dihydrolipoyllysine-residue succinyltransferase component of 2-oxoglutarate dehydrogenase complex, mitochondrial",Lymfos,20,39,-0.1761041118993196,"[-0.46, 0.14]",0.2707314445157677,0.8448096775145966,False
Serpin B3,Lymfos,20,39,-0.16352524676365407,"[-0.45, 0.15]",0.3069756528698824,0.860788962265991,False
Immunoglobulin heavy variable 3-33,Lymfos,20,39,0.08805205594965997,"[-0.23, 0.39]",0.584078218634943,0.9307504209261677,False
Follistatin-related protein 1,Lymfos,20,39,-0.3396293586629734,"[-0.59, -0.04]",0.02982027076098728,0.5032824644222794,False
Cholesteryl ester transfer protein,Lymfos,20,39,-0.03773659540699737,"[-0.34, 0.27]",0.8147964162115997,0.9671847464778622,False
Complement C1q subcomponent subunit C,Lymfos,20,39,-0.03773659540699609,"[-0.34, 0.27]",0.8147964162115997,0.9671847464778622,False
Immunoglobulin heavy variable 4-30-2,Lymfos,20,39,0.03773659540699706,"[-0.27, 0.34]",0.8147964162115997,0.9671847464778622,False
Thrombospondin-4,Lymfos,20,39,0.1635252467636547,"[-0.15, 0.45]",0.30697565286988115,0.860788962265991,False
Transketolase,Lymfos,20,39,0.18868297703498507,"[-0.13, 0.47]",0.23742561415580288,0.8448096775145966,False
Complement receptor type 2,Lymfos,20,39,-0.13836751649232196,"[-0.43, 0.18]",0.3882772645199002,0.893289750350874,False
Immunoglobulin kappa variable 2-40;Immunoglobulin kappa variable 2D-40,Lymfos,20,39,0.18868297703498516,"[-0.13, 0.47]",0.23742561415580288,0.8448096775145966,False
Immunoglobulin kappa variable 3D-7,Lymfos,20,39,0.06289432567832846,"[-0.25, 0.36]",0.696053680475035,0.9507803863239565,False
Immunoglobulin heavy variable 3-64,Lymfos,20,39,-0.1761041118993199,"[-0.46, 0.14]",0.27073144451576664,0.8448096775145966,False
Vitronectin,Lymfos,20,39,0.20126184217065082,"[-0.11, 0.48]",0.2070173066653294,0.8205034779432058,False
Complement component C8 gamma chain,Lymfos,20,39,-0.1006309210853259,"[-0.40, 0.21]",0.5313032912665372,0.9307504209261677,False
Immunoglobulin heavy variable 5-51,Lymfos,20,39,-0.16352524676365401,"[-0.45, 0.15]",0.3069756528698824,0.860788962265991,False
Coagulation factor V,Lymfos,20,39,0.1257886513566572,"[-0.19, 0.42]",0.43324433222999803,0.8960937411657979,False
Protein S100-A7,Lymfos,20,39,-0.06289432567832834,"[-0.36, 0.25]",0.696053680475035,0.9507803863239565,False
Arginase-1,Lymfos,20,39,0.025157730271331245,"[-0.28, 0.33]",0.8759298006815162,0.9710047873747903,False
Protein-glutamine gamma-glutamyltransferase K,Lymfos,20,39,-0.113209786220991,"[-0.41, 0.20]",0.4809662304085859,0.9307504209261677,False
Immunoglobulin kappa variable 4-1,Lymfos,20,39,0.012578865135666395,"[-0.30, 0.32]",0.9377833563109993,0.9864156703215041,False
Coagulation factor XIII B chain,Lymfos,20,39,-0.3018927632559761,"[-0.56, 0.01]",0.055072798325711235,0.5955651164529556,False
Apolipoprotein C-II,Lymfos,20,39,0.314471628391642,"[0.01, 0.57]",0.045236032392656104,0.5693821348264478,False
Bone marrow proteoglycan,Lymfos,20,39,0.037736595406997184,"[-0.27, 0.34]",0.8147964162115997,0.9671847464778622,False
Apolipoprotein A-I,Lymfos,20,39,-0.07547319081399428,"[-0.37, 0.24]",0.6390775016345178,0.9307504209261677,False
Coagulation factor X,Lymfos,20,39,0.20126184217065168,"[-0.11, 0.48]",0.2070173066653262,0.8205034779432058,False
Thioredoxin,Lymfos,20,39,-0.025157730271330843,"[-0.33, 0.28]",0.8759298006815162,0.9710047873747903,False
Immunoglobulin heavy variable 3-15,Lymfos,20,39,-0.07547319081399333,"[-0.37, 0.24]",0.6390775016345243,0.9307504209261677,False
Proteasome subunit beta type-2,Lymfos,20,39,0.025157730271331214,"[-0.28, 0.33]",0.8759298006815162,0.9710047873747903,False
Apolipoprotein A-II,Lymfos,20,39,-0.22641957244198258,"[-0.50, 0.09]",0.1545852510050743,0.7607516423767026,False
Immunoglobulin heavy constant gamma 2,Lymfos,20,39,-0.36478708893430545,"[-0.60, -0.06]",0.019027549587246593,0.4106779452580828,False
Plakophilin-1,Lymfos,20,39,0.12578865135665776,"[-0.19, 0.42]",0.4332443322299947,0.8960937411657979,False
Fetuin-B,Lymfos,20,39,0.20126184217065085,"[-0.11, 0.48]",0.2070173066653294,0.8205034779432058,False
Complement factor H-related protein 3,Lymfos,20,39,0.0503154605426626,"[-0.26, 0.35]",0.7547284319821241,0.9507803863239565,False
Plasminogen,Lymfos,20,39,-4.1896037091812083e-17,"[-0.31, 0.31]",1.0,1.0,False
Fermitin family homolog 3,Lymfos,20,39,0.566048931104956,"[0.31, 0.74]",0.00011464650275756368,0.01795417557138218,True
Immunoglobulin heavy variable 3-21,Lymfos,20,39,0.07547319081399437,"[-0.24, 0.37]",0.6390775016345178,0.9307504209261677,False
Immunoglobulin heavy variable 2-26,Lymfos,20,39,-0.125788651356657,"[-0.42, 0.19]",0.43324433222999803,0.8960937411657979,False
Immunoglobulin kappa variable 1-12;Immunoglobulin kappa variable 1D-12,Lymfos,20,39,0.301892763255977,"[-0.01, 0.56]",0.0550727983257103,0.5955651164529556,False
Immunoglobulin heavy constant gamma 3,Lymfos,20,39,0.12578865135665654,"[-0.19, 0.42]",0.4332443322299997,0.8960937411657979,False
Immunoglobulin kappa variable 2D-29,Lymfos,20,39,-0.06289432567832803,"[-0.36, 0.25]",0.696053680475035,0.9507803863239565,False
Neogenin,Lymfos,20,39,0.07547319081399381,"[-0.24, 0.37]",0.6390775016345178,0.9307504209261677,False
Immunoglobulin heavy variable 6-1,Lymfos,20,39,-0.07547319081399452,"[-0.37, 0.24]",0.6390775016345178,0.9307504209261677,False
L-selectin,Lymfos,20,39,0.10063092108532551,"[-0.21, 0.40]",0.5313032912665372,0.9307504209261677,False
Immunoglobulin lambda constant 3,Lymfos,20,39,-0.10063092108532515,"[-0.40, 0.21]",0.5313032912665417,0.9307504209261677,False
A disintegrin and metalloproteinase with thrombospondin motifs 13,Lymfos,20,39,-0.2138407073063161,"[-0.49, 0.10]",0.179436066636148,0.7970464859682194,False
von Willebrand factor,Lymfos,20,39,-0.36478708893430434,"[-0.60, -0.06]",0.019027549587247023,0.4106779452580828,False
Neutral alpha-glucosidase AB,Lymfos,20,39,0.1257886513566572,"[-0.19, 0.42]",0.43324433222999803,0.8960937411657979,False
Carbonic anhydrase 1,Lymfos,20,39,0.28931389812031155,"[-0.02, 0.55]",0.06655316995458907,0.6384174451199597,False
Immunoglobulin lambda variable 4-60,Lymfos,20,39,-0.07547319081399408,"[-0.37, 0.24]",0.6390775016345178,0.9307504209261677,False
Integrin beta-1,Lymfos,20,39,0.08805205594965967,"[-0.23, 0.39]",0.584078218634943,0.9307504209261677,False
Immunoglobulin lambda variable 3-12,Lymfos,20,39,-0.1132097862209918,"[-0.41, 0.20]",0.4809662304085821,0.9307504209261677,False
Alpha-amylase 1B;Alpha-amylase 1C;Alpha-amylase 1A,Lymfos,20,39,0.05031546054266207,"[-0.26, 0.35]",0.7547284319821241,0.9507803863239565,False
Lumican,Lymfos,20,39,0.2641561678489802,"[-0.05, 0.53]",0.09513554840865433,0.7152154288913432,False
Beta-Ala-His dipeptidase,Lymfos,20,39,-0.06289432567832876,"[-0.36, 0.25]",0.6960536804750269,0.9507803863239565,False
Immunoglobulin alpha-2 heavy chain,Lymfos,20,39,0.012578865135665335,"[-0.30, 0.32]",0.9377833563109993,0.9864156703215041,False
Complement C5,Lymfos,20,39,-0.10063092108532516,"[-0.40, 0.21]",0.5313032912665417,0.9307504209261677,False
Protein S100-A8,Lymfos,20,39,-0.06289432567832763,"[-0.36, 0.25]",0.696053680475035,0.9507803863239565,False
Immunoglobulin lambda variable 3-25,Lymfos,20,39,0.21384070730631632,"[-0.10, 0.49]",0.17943606663614617,0.7970464859682194,False
Leukocyte immunoglobulin-like receptor subfamily B member 3;Leukocyte immunoglobulin-like receptor subfamily A member 6,Lymfos,20,39,-0.17610411189931877,"[-0.46, 0.14]",0.27073144451577086,0.8448096775145966,False
Collagen alpha-3(VI) chain,Lymfos,20,39,-0.12578865135665693,"[-0.42, 0.19]",0.4332443322299997,0.8960937411657979,False
Immunoglobulin kappa variable 1-39;Immunoglobulin kappa variable 1D-39,Lymfos,20,39,-0.012578865135665808,"[-0.32, 0.30]",0.9377833563109993,0.9864156703215041,False
Bleomycin hydrolase,Lymfos,20,39,-1.3965345697270689e-16,"[-0.31, 0.31]",1.0,1.0,False
CD166 antigen,Lymfos,20,39,-0.21384070730631638,"[-0.49, 0.10]",0.17943606663614617,0.7970464859682194,False
Beta-2-microglobulin,Lymfos,20,39,-0.012578865135665538,"[-0.32, 0.30]",0.9377833563109993,0.9864156703215041,False
Amino acid transporter heavy chain SLC3A2,Lymfos,20,39,-0.13836751649232293,"[-0.43, 0.18]",0.38827726451989597,0.893289750350874,False
Haptoglobin-related protein,Lymfos,20,39,0.012578865135665963,"[-0.30, 0.32]",0.9377833563109993,0.9864156703215041,False
Alpha-1-acid glycoprotein 1,Lymfos,20,39,-0.13836751649232204,"[-0.43, 0.18]",0.38827726451989886,0.893289750350874,False
Serum paraoxonase/arylesterase 1,Lymfos,20,39,0.35220822379863914,"[0.05, 0.60]",0.02392074837731282,0.45322368856435696,False
Target of Nesh-SH3,Lymfos,20,39,-0.2389984375776482,"[-0.51, 0.07]",0.13234575356789427,0.7605654126839256,False
Intercellular adhesion molecule 1,Lymfos,20,39,0.08805205594965976,"[-0.23, 0.39]",0.584078218634943,0.9307504209261677,False
Complement C4-A,Lymfos,20,39,0.21384070730631632,"[-0.10, 0.49]",0.17943606663614617,0.7970464859682194,False
Coagulation factor XIII A chain,Lymfos,20,39,-0.3270504935273075,"[-0.58, -0.02]",0.036873221059371374,0.5407449785115541,False
Immunoglobulin mu heavy chain,Lymfos,20,39,0.06289432567832816,"[-0.25, 0.36]",0.696053680475035,0.9507803863239565,False
Oncoprotein-induced transcript 3 protein,Lymfos,20,39,0.1132097862209908,"[-0.20, 0.41]",0.48096623040858766,0.9307504209261677,False
Peroxiredoxin-2,Lymfos,20,39,0.17610411189931932,"[-0.14, 0.46]",0.2707314445157677,0.8448096775145966,False
Tissue factor pathway inhibitor,Lymfos,20,39,0.08805205594965958,"[-0.23, 0.39]",0.5840782186349485,0.9307504209261677,False
Progranulin,Lymfos,20,39,0.06289432567832884,"[-0.25, 0.36]",0.6960536804750269,0.9507803863239565,False
Histone H2B type 1-K;Histone H2B type F-S,Lymfos,20,39,-0.08805205594966048,"[-0.39, 0.23]",0.584078218634943,0.9307504209261677,False
Hemoglobin subunit delta,Lymfos,20,39,0.16352524676365474,"[-0.15, 0.45]",0.30697565286988115,0.860788962265991,False
Glutathione S-transferase P,Lymfos,20,39,0.18868297703498507,"[-0.13, 0.47]",0.23742561415580288,0.8448096775145966,False
Annexin A6,Lymfos,20,39,0.08805205594965945,"[-0.23, 0.39]",0.5840782186349485,0.9307504209261677,False
Complement factor H-related protein 1,Lymfos,20,39,-4.329257166153915e-16,"[-0.31, 0.31]",1.0,1.0,False
Protein KPLCE,Lymfos,20,39,-0.11320978622099147,"[-0.41, 0.20]",0.4809662304085859,0.9307504209261677,False
Immunoglobulin heavy variable 4-4,Lymfos,20,39,-0.012578865135664637,"[-0.32, 0.30]",0.9377833563109993,0.9864156703215041,False
Alpha-1B-glycoprotein,Lymfos,20,39,0.12578865135665668,"[-0.19, 0.42]",0.4332443322299997,0.8960937411657979,False
Properdin,Lymfos,20,39,-0.20126184217065082,"[-0.48, 0.11]",0.2070173066653294,0.8205034779432058,False
Immunoglobulin heavy variable 3-53,Lymfos,20,39,-0.05031546054266298,"[-0.35, 0.26]",0.7547284319821241,0.9507803863239565,False
Calmodulin-like protein 5,Lymfos,20,39,0.05031546054266256,"[-0.26, 0.35]",0.7547284319821241,0.9507803863239565,False
Carboxypeptidase B2,Lymfos,20,39,-0.11320978622099057,"[-0.41, 0.20]",0.48096623040858766,0.9307504209261677,False
"Sushi, nidogen and EGF-like domain-containing protein 1",Lymfos,20,39,0.2893138981203107,"[-0.02, 0.55]",0.06655316995458983,0.6384174451199597,False
Proteasome subunit alpha type-5,Lymfos,20,39,0.23899843757764777,"[-0.07, 0.51]",0.13234575356789466,0.7605654126839256,False
Bifunctional heparan sulfate N-deacetylase/N-sulfotransferase 4,Lymfos,20,39,-0.11320978622099034,"[-0.41, 0.20]",0.48096623040858766,0.9307504209261677,False
Immunoglobulin heavy variable 3-9,Lymfos,20,39,-0.050315460542662324,"[-0.35, 0.26]",0.7547284319821241,0.9507803863239565,False
Neural cell adhesion molecule L1-like protein,Lymfos,20,39,0.11320978622099204,"[-0.20, 0.41]",0.4809662304085821,0.9307504209261677,False
Proteasome subunit alpha type-2,Lymfos,20,39,0.3773659540699705,"[0.08, 0.61]",0.01500413881226962,0.36734819848780037,False
Intercellular adhesion molecule 3,Lymfos,20,39,-0.138367516492322,"[-0.43, 0.18]",0.38827726451989886,0.893289750350874,False
Receptor-type tyrosine-protein phosphatase eta,Lymfos,20,39,-0.3773659540699698,"[-0.61, -0.08]",0.01500413881226983,0.36734819848780037,False
ADAMTS-like protein 4,Lymfos,20,39,0.2389984375776486,"[-0.07, 0.51]",0.13234575356789308,0.7605654126839256,False
Immunoglobulin lambda variable 3-21,Lymfos,20,39,-0.17610411189931985,"[-0.46, 0.14]",0.27073144451576664,0.8448096775145966,False
Cartilage oligomeric matrix protein,Lymfos,20,39,0.23899843757764794,"[-0.07, 0.51]",0.13234575356789427,0.7605654126839256,False
Neural cell adhesion molecule 1,Lymfos,20,39,0.05031546054266341,"[-0.26, 0.35]",0.7547284319821241,0.9507803863239565,False
Immunoglobulin lambda variable 2-11,Lymfos,20,39,-0.13836751649232187,"[-0.43, 0.18]",0.3882772645199002,0.893289750350874,False
Immunoglobulin kappa variable 1D-33;Immunoglobulin kappa variable 1-33,Lymfos,20,39,0.16352524676365374,"[-0.15, 0.45]",0.30697565286988526,0.860788962265991,False
Beta-2-glycoprotein 1,Lymfos,20,39,-0.1509463816279877,"[-0.44, 0.16]",0.34616651092511785,0.860788962265991,False
Vitamin D-binding protein,Lymfos,20,39,0.012578865135665526,"[-0.30, 0.32]",0.9377833563109993,0.9864156703215041,False
Filamin-A,Lymfos,20,39,0.490575740290962,"[0.22, 0.69]",0.001128709929865554,0.08445258519683063,False
Reelin,Lymfos,20,39,-0.08805205594966016,"[-0.39, 0.23]",0.584078218634943,0.9307504209261677,False
Immunoglobulin lambda variable 5-39,Lymfos,20,39,-0.02515773027133168,"[-0.33, 0.28]",0.8759298006814945,0.9710047873747903,False
Fatty acid-binding protein 5,Lymfos,20,39,-0.18868297703498474,"[-0.47, 0.13]",0.23742561415580354,0.8448096775145966,False
"HLA class I histocompatibility antigen, A alpha chain",Lymfos,20,39,0.41510254947696734,"[0.12, 0.64]",0.006960641563849553,0.2678454873769308,False
Low affinity immunoglobulin gamma Fc region receptor III-A,Lymfos,20,39,0.12578865135665698,"[-0.19, 0.42]",0.4332443322299997,0.8960937411657979,False
Heat shock 70 kDa protein 1A;Heat shock 70 kDa protein 1B,Lymfos,20,39,0.06289432567832877,"[-0.25, 0.36]",0.6960536804750269,0.9507803863239565,False
Apolipoprotein D,Lymfos,20,39,0.38994481920563623,"[0.09, 0.62]",0.01172537997064747,0.32947143764920506,False
Plexin-B1,Lymfos,20,39,0.08805205594966063,"[-0.23, 0.39]",0.5840782186349377,0.9307504209261677,False
Immunoglobulin heavy variable 1-58,Lymfos,20,39,-0.13836751649232196,"[-0.43, 0.18]",0.3882772645199002,0.893289750350874,False
Apolipoprotein C-IV,Lymfos,20,39,0.5031546054266279,"[0.23, 0.70]",0.0007992199511305854,0.06812591330270079,False
Monocyte differentiation antigen CD14,Lymfos,20,39,-0.08805205594965916,"[-0.39, 0.23]",0.5840782186349485,0.9307504209261677,False
Protein MENT,Lymfos,20,39,-0.06289432567832785,"[-0.36, 0.25]",0.696053680475035,0.9507803863239565,False
Immunoglobulin epsilon heavy chain,Lymfos,20,39,-0.2641561678489789,"[-0.53, 0.05]",0.09513554840865653,0.7152154288913432,False
Complement factor H,Lymfos,20,39,-0.08805205594965938,"[-0.39, 0.23]",0.5840782186349485,0.9307504209261677,False
Stabilin-1,Lymfos,20,39,0.23899843757764783,"[-0.07, 0.51]",0.13234575356789466,0.7605654126839256,False
Macrophage receptor MARCO,Lymfos,20,39,-0.012578865135665673,"[-0.32, 0.30]",0.9377833563109993,0.9864156703215041,False
Protein POF1B,Lymfos,20,39,0.05031546054266274,"[-0.26, 0.35]",0.7547284319821241,0.9507803863239565,False
Phosphatidylcholine-sterol acyltransferase,Lymfos,20,39,0.1886829770349858,"[-0.13, 0.47]",0.2374256141558024,0.8448096775145966,False
Clusterin,Lymfos,20,39,0.44026027974829895,"[0.15, 0.66]",0.0039692609793371214,0.1882324185553252,False
Platelet-activating factor acetylhydrolase,Lymfos,20,39,0.15094638162798804,"[-0.16, 0.44]",0.34616651092511663,0.860788962265991,False
Vasorin,Lymfos,20,39,0.11320978622099104,"[-0.20, 0.41]",0.4809662304085859,0.9307504209261677,False
Myeloperoxidase,Lymfos,20,39,0.07547319081399384,"[-0.24, 0.37]",0.6390775016345178,0.9307504209261677,False
Immunoglobulin lambda variable 5-52,Lymfos,20,39,4.887870994044741e-16,"[-0.31, 0.31]",1.0,1.0,False
Carboxypeptidase N catalytic chain,Lymfos,20,39,0.2138407073063167,"[-0.10, 0.49]",0.17943606663614683,0.7970464859682194,False
Fibrinogen gamma chain,Lymfos,20,39,-0.012578865135666003,"[-0.32, 0.30]",0.9377833563109993,0.9864156703215041,False
Soluble scavenger receptor cysteine-rich domain-containing protein SSC5D,Lymfos,20,39,0.08805205594965944,"[-0.23, 0.39]",0.5840782186349485,0.9307504209261677,False
Tetranectin,Lymfos,20,39,-0.22641957244198263,"[-0.50, 0.09]",0.1545852510050743,0.7607516423767026,False
Apolipoprotein(a),Lymfos,20,39,0.18868297703498596,"[-0.13, 0.47]",0.2374256141558007,0.8448096775145966,False
Alpha-2-antiplasmin,Lymfos,20,39,-4.957697722531095e-16,"[-0.31, 0.31]",1.0,1.0,False
Retroviral-like aspartic protease 1,Lymfos,20,39,0.03773659540699701,"[-0.27, 0.34]",0.8147964162115997,0.9671847464778622,False
Ficolin-3,Lymfos,20,39,-0.012578865135665083,"[-0.32, 0.30]",0.9377833563109993,0.9864156703215041,False
Immunoglobulin kappa variable 2-24,Lymfos,20,39,0.012578865135665555,"[-0.30, 0.32]",0.9377833563109993,0.9864156703215041,False
Immunoglobulin superfamily containing leucine-rich repeat protein,Lymfos,20,39,0.1509463816279882,"[-0.16, 0.44]",0.34616651092511663,0.860788962265991,False
Complement factor D,Lymfos,20,39,-0.06289432567832785,"[-0.36, 0.25]",0.696053680475035,0.9507803863239565,False
Vitamin K-dependent protein Z,Lymfos,20,39,0.18868297703498485,"[-0.13, 0.47]",0.23742561415580354,0.8448096775145966,False
EGF-containing fibulin-like extracellular matrix protein 1,Lymfos,20,39,-0.0377365954069965,"[-0.34, 0.27]",0.8147964162115997,0.9671847464778622,False
Dipeptidase 2,Lymfos,20,39,0.1006309210853256,"[-0.21, 0.40]",0.5313032912665372,0.9307504209261677,False
Myeloblastin,Lymfos,20,39,-0.02515773027133225,"[-0.33, 0.28]",0.8759298006814945,0.9710047873747903,False
Neurogenic locus notch homolog protein 1,Lymfos,20,39,0.08805205594965981,"[-0.23, 0.39]",0.584078218634943,0.9307504209261677,False
Vitamin K-dependent protein S,Lymfos,20,39,0.18868297703498607,"[-0.13, 0.47]",0.2374256141558007,0.8448096775145966,False
Dermcidin,Lymfos,20,39,0.17610411189932024,"[-0.14, 0.46]",0.2707314445157603,0.8448096775145966,False
Immunoglobulin heavy variable 3-73,Lymfos,20,39,0.18868297703498563,"[-0.13, 0.47]",0.2374256141558024,0.8448096775145966,False
Alpha-2-macroglobulin,Lymfos,20,39,0.012578865135665668,"[-0.30, 0.32]",0.9377833563109993,0.9864156703215041,False
Cation-independent mannose-6-phosphate receptor,Lymfos,20,39,-0.06289432567832816,"[-0.36, 0.25]",0.696053680475035,0.9507803863239565,False
Chromodomain-helicase-DNA-binding protein 1;Chromodomain-helicase-DNA-binding protein 2;Chromodomain-helicase-DNA-binding protein 9;Chromodomain-helicase-DNA-binding protein 6;Chromodomain-helicase-DNA-binding protein 8;Chromodomain-helicase-DNA-binding protein 7,Lymfos,20,39,-0.23899843757764813,"[-0.51, 0.07]",0.13234575356789427,0.7605654126839256,False
Ceruloplasmin,Lymfos,20,39,0.20126184217065057,"[-0.11, 0.48]",0.20701730666532933,0.8205034779432058,False
Prostaglandin-H2 D-isomerase,Lymfos,20,39,-0.18868297703498507,"[-0.47, 0.13]",0.23742561415580288,0.8448096775145966,False
Protein S100-A9,Lymfos,20,39,0.012578865135666566,"[-0.30, 0.32]",0.9377833563109993,0.9864156703215041,False
Immunoglobulin J chain,Lymfos,20,39,-0.13836751649232185,"[-0.43, 0.18]",0.3882772645199002,0.893289750350874,False
Probable non-functional immunoglobulin kappa variable 3-7,Monos,20,39,-0.3647870889343042,"[-0.60, -0.06]",0.01902754958724708,0.4106779452580828,False
Apolipoprotein A-IV,Monos,20,39,0.17610411189932004,"[-0.14, 0.46]",0.27073144451576664,0.8448096775145966,False
Coagulation factor XII,Monos,20,39,0.08805205594965942,"[-0.23, 0.39]",0.5840782186349485,0.9307504209261677,False
Mannan-binding lectin serine protease 1,Monos,20,39,0.13836751649232223,"[-0.18, 0.43]",0.38827726451989886,0.893289750350874,False
Complement factor I,Monos,20,39,0.08805205594966081,"[-0.23, 0.39]",0.5840782186349377,0.9307504209261677,False
Platelet glycoprotein Ib alpha chain,Monos,20,39,-0.21384070730631605,"[-0.49, 0.10]",0.179436066636148,0.7970464859682194,False
Hepatocyte growth factor-like protein,Monos,20,39,0.03773659540699798,"[-0.27, 0.34]",0.8147964162115926,0.9671847464778622,False
Profilin-1,Monos,20,39,0.2515773027133138,"[-0.06, 0.52]",0.11257992176847016,0.7242274493625929,False
Peptidase inhibitor 16,Monos,20,39,-0.1761041118993197,"[-0.46, 0.14]",0.27073144451576664,0.8448096775145966,False
Cell surface glycoprotein MUC18,Monos,20,39,-0.17610411189931957,"[-0.46, 0.14]",0.2707314445157677,0.8448096775145966,False
Adhesion G-protein coupled receptor G6,Monos,20,39,0.050315460542662546,"[-0.26, 0.35]",0.7547284319821241,0.9507803863239565,False
Immunoglobulin heavy variable 1-69,Monos,20,39,0.1132097862209921,"[-0.20, 0.41]",0.4809662304085821,0.9307504209261677,False
Insulin-like growth factor-binding protein complex acid labile subunit,Monos,20,39,-0.2893138981203102,"[-0.55, 0.02]",0.06655316995459039,0.6384174451199597,False
Plasma serine protease inhibitor,Monos,20,39,-0.10063092108532527,"[-0.40, 0.21]",0.5313032912665417,0.9307504209261677,False
Immunoglobulin heavy variable 1-69D,Monos,20,39,0.08805205594965948,"[-0.23, 0.39]",0.5840782186349485,0.9307504209261677,False
Pancreatic adenocarcinoma up-regulated factor,Monos,20,39,-0.1132097862209904,"[-0.41, 0.20]",0.48096623040858766,0.9307504209261677,False
Immunoglobulin heavy variable 3-64D,Monos,20,39,0.2641561678489789,"[-0.05, 0.53]",0.09513554840865653,0.7152154288913432,False
Neutrophil gelatinase-associated lipocalin,Monos,20,39,0.07547319081399385,"[-0.24, 0.37]",0.6390775016345178,0.9307504209261677,False
Lysosome-associated membrane glycoprotein 2,Monos,20,39,0.11320978622099179,"[-0.20, 0.41]",0.4809662304085821,0.9307504209261677,False
Corneodesmosin,Monos,20,39,0.06289432567832857,"[-0.25, 0.36]",0.696053680475035,0.9507803863239565,False
Collagen alpha-1(XVIII) chain,Monos,20,39,0.08805205594966062,"[-0.23, 0.39]",0.5840782186349377,0.9307504209261677,False
Lipopolysaccharide-binding protein,Monos,20,39,0.13836751649232207,"[-0.18, 0.43]",0.38827726451989886,0.893289750350874,False
Immunoglobulin heavy variable 3-49,Monos,20,39,0.16352524676365385,"[-0.15, 0.45]",0.3069756528698824,0.860788962265991,False
SPARC-like protein 1,Monos,20,39,-0.06289432567832844,"[-0.36, 0.25]",0.696053680475035,0.9507803863239565,False
Ras-associated and pleckstrin homology domains-containing protein 1,Monos,20,39,0.18868297703498574,"[-0.13, 0.47]",0.2374256141558024,0.8448096775145966,False
Alpha-1-acid glycoprotein 2,Monos,20,39,0.02515773027133206,"[-0.28, 0.33]",0.8759298006814945,0.9710047873747903,False
Immunoglobulin heavy variable 3-20,Monos,20,39,0.06289432567832826,"[-0.25, 0.36]",0.696053680475035,0.9507803863239565,False
Neurogenic locus notch homolog protein 2,Monos,20,39,0.21384070730631646,"[-0.10, 0.49]",0.17943606663614617,0.7970464859682194,False
Apolipoprotein B-100,Monos,20,39,0.11320978622099188,"[-0.20, 0.41]",0.4809662304085821,0.9307504209261677,False
CD44 antigen,Monos,20,39,0.01257886513566539,"[-0.30, 0.32]",0.9377833563109993,0.9864156703215041,False
Pigment epithelium-derived factor,Monos,20,39,0.16352524676365465,"[-0.15, 0.45]",0.30697565286988115,0.860788962265991,False
Xaa-Pro dipeptidase,Monos,20,39,0.05031546054266318,"[-0.26, 0.35]",0.7547284319821241,0.9507803863239565,False
Immunoglobulin heavy constant delta,Monos,20,39,-0.2641561678489787,"[-0.53, 0.05]",0.09513554840865653,0.7152154288913432,False
Probable non-functional immunoglobulin heavy variable 3-38-3,Monos,20,39,0.05031546054266346,"[-0.26, 0.35]",0.7547284319821241,0.9507803863239565,False
Immunoglobulin lambda constant 7,Monos,20,39,0.03773659540699695,"[-0.27, 0.34]",0.8147964162115997,0.9671847464778622,False
Receptor-type tyrosine-protein phosphatase gamma,Monos,20,39,5.586138278908277e-16,"[-0.31, 0.31]",1.0,1.0,False
Afamin,Monos,20,39,-0.16352524676365413,"[-0.45, 0.15]",0.3069756528698824,0.860788962265991,False
Pyruvate kinase PKLR,Monos,20,39,0.10063092108532626,"[-0.21, 0.40]",0.5313032912665328,0.9307504209261677,False
Insulin-like growth factor 2,Monos,20,39,0.03773659540699696,"[-0.27, 0.34]",0.8147964162115997,0.9671847464778622,False
CD109 antigen,Monos,20,39,-0.07547319081399353,"[-0.37, 0.24]",0.6390775016345178,0.9307504209261677,False
ADP-ribosyl cyclase/cyclic ADP-ribose hydrolase 2,Monos,20,39,0.1635252467636536,"[-0.15, 0.45]",0.30697565286988526,0.860788962265991,False
Dedicator of cytokinesis protein 4,Monos,20,39,0.21384070730631674,"[-0.10, 0.49]",0.17943606663614683,0.7970464859682194,False
Complement factor H-related protein 2,Monos,20,39,-0.05031546054266245,"[-0.35, 0.26]",0.7547284319821241,0.9507803863239565,False
Selenoprotein P,Monos,20,39,0.13836751649232304,"[-0.18, 0.43]",0.38827726451989597,0.893289750350874,False
Adipocyte plasma membrane-associated protein,Monos,20,39,0.18868297703498524,"[-0.13, 0.47]",0.23742561415580288,0.8448096775145966,False
Immunoglobulin heavy constant alpha 2,Monos,20,39,-0.11320978622099143,"[-0.41, 0.20]",0.4809662304085859,0.9307504209261677,False
Lactotransferrin,Monos,20,39,-0.037736595406996976,"[-0.34, 0.27]",0.8147964162115997,0.9671847464778622,False
Alpha-enolase,Monos,20,39,-0.05031546054266267,"[-0.35, 0.26]",0.7547284319821241,0.9507803863239565,False
Immunoglobulin heavy constant gamma 1,Monos,20,39,0.1383675164923224,"[-0.18, 0.43]",0.38827726451989886,0.893289750350874,False
Collectin-10,Monos,20,39,0.025157730271330957,"[-0.28, 0.33]",0.8759298006815162,0.9710047873747903,False
Lysosome-associated membrane glycoprotein 1,Monos,20,39,-0.36478708893430484,"[-0.60, -0.06]",0.019027549587246808,0.4106779452580828,False
Cathelicidin antimicrobial peptide,Monos,20,39,0.13836751649232332,"[-0.18, 0.43]",0.3882772645198932,0.893289750350874,False
Fibroblast growth factor-binding protein 2,Monos,20,39,0.13836751649232323,"[-0.18, 0.43]",0.38827726451989597,0.893289750350874,False
Lymphatic vessel endothelial hyaluronic acid receptor 1,Monos,20,39,-0.012578865135665796,"[-0.32, 0.30]",0.9377833563109993,0.9864156703215041,False
Haptoglobin,Monos,20,39,0.1886829770349857,"[-0.13, 0.47]",0.2374256141558024,0.8448096775145966,False
Tenascin-X,Monos,20,39,-0.050315460542662185,"[-0.35, 0.26]",0.7547284319821241,0.9507803863239565,False
Zinc finger protein 512B,Monos,20,39,-0.02515773027133169,"[-0.33, 0.28]",0.8759298006814945,0.9710047873747903,False
Immunoglobulin lambda variable 3-19,Monos,20,39,-0.08805205594965922,"[-0.39, 0.23]",0.5840782186349485,0.9307504209261677,False
Complement C1q subcomponent subunit B,Monos,20,39,0.0125788651356664,"[-0.30, 0.32]",0.9377833563109993,0.9864156703215041,False
Ubiquitin-ribosomal protein eS31 fusion protein,Monos,20,39,-0.08805205594966042,"[-0.39, 0.23]",0.584078218634943,0.9307504209261677,False
Kinesin-like protein KIF21A,Monos,20,39,-0.22641957244198244,"[-0.50, 0.09]",0.1545852510050743,0.7607516423767026,False
Attractin,Monos,20,39,0.226419572441983,"[-0.09, 0.50]",0.15458525100507342,0.7607516423767026,False
Immunoglobulin lambda variable 1-44,Monos,20,39,-0.11320978622099061,"[-0.41, 0.20]",0.48096623040858766,0.9307504209261677,False
Immunoglobulin heavy variable 1-46,Monos,20,39,0.20126184217065138,"[-0.11, 0.48]",0.20701730666532758,0.8205034779432058,False
Fibulin-1,Monos,20,39,0.18868297703498524,"[-0.13, 0.47]",0.23742561415580288,0.8448096775145966,False
Secreted phosphoprotein 24,Monos,20,39,-0.08805205594966031,"[-0.39, 0.23]",0.584078218634943,0.9307504209261677,False
Scavenger receptor class B member 1,Monos,20,39,-0.21384070730631652,"[-0.49, 0.10]",0.17943606663614617,0.7970464859682194,False
Immunoglobulin lambda variable 2-18,Monos,20,39,0.13836751649232246,"[-0.18, 0.43]",0.38827726451989886,0.893289750350874,False
Collagen alpha-2(VI) chain,Monos,20,39,-0.012578865135664731,"[-0.32, 0.30]",0.9377833563109993,0.9864156703215041,False
Adiponectin,Monos,20,39,-0.16352524676365437,"[-0.45, 0.15]",0.30697565286988115,0.860788962265991,False
Nidogen-1,Monos,20,39,0.03773659540699772,"[-0.27, 0.34]",0.8147964162115997,0.9671847464778622,False
Alpha-1-antitrypsin,Monos,20,39,0.01257886513566531,"[-0.30, 0.32]",0.9377833563109993,0.9864156703215041,False
"Sushi, von Willebrand factor type A, EGF and pentraxin domain-containing protein 1",Monos,20,39,0.12578865135665726,"[-0.19, 0.42]",0.43324433222999803,0.8960937411657979,False
Complement C1s subcomponent,Monos,20,39,0.1635252467636544,"[-0.15, 0.45]",0.30697565286988115,0.860788962265991,False
Alpha-actinin-4,Monos,20,39,-0.08805205594965887,"[-0.39, 0.23]",0.5840782186349485,0.9307504209261677,False
Complement component C1q receptor,Monos,20,39,0.08805205594965967,"[-0.23, 0.39]",0.584078218634943,0.9307504209261677,False
Inter-alpha-trypsin inhibitor heavy chain H3,Monos,20,39,0.08805205594966033,"[-0.23, 0.39]",0.584078218634943,0.9307504209261677,False
Immunoglobulin kappa variable 1D-8,Monos,20,39,0.12578865135665654,"[-0.19, 0.42]",0.4332443322299997,0.8960937411657979,False
Low-density lipoprotein receptor,Monos,20,39,0.12578865135665773,"[-0.19, 0.42]",0.43324433222999803,0.8960937411657979,False
Prolactin-inducible protein,Monos,20,39,-0.15094638162798837,"[-0.44, 0.16]",0.34616651092511663,0.860788962265991,False
Hyaluronan-binding protein 2,Monos,20,39,0.16352524676365407,"[-0.15, 0.45]",0.3069756528698824,0.860788962265991,False
N-acetylmuramoyl-L-alanine amidase,Monos,20,39,0.012578865135665316,"[-0.30, 0.32]",0.9377833563109993,0.9864156703215041,False
Serpin A11,Monos,20,39,0.2641561678489801,"[-0.05, 0.53]",0.0951355484086549,0.7152154288913432,False
C4b-binding protein alpha chain,Monos,20,39,0.31447162839164206,"[0.01, 0.57]",0.045236032392655855,0.5693821348264478,False
Inter-alpha-trypsin inhibitor heavy chain H2,Monos,20,39,-0.012578865135666034,"[-0.32, 0.30]",0.9377833563109993,0.9864156703215041,False
Fibrillin-1,Monos,20,39,0.21384070730631702,"[-0.10, 0.49]",0.17943606663614495,0.7970464859682194,False
Golgi-associated RAB2 interactor protein 1B,Monos,20,39,0.2893138981203105,"[-0.02, 0.55]",0.06655316995459021,0.6384174451199597,False
Neurogenic locus notch homolog protein 3,Monos,20,39,-0.16352524676365382,"[-0.45, 0.15]",0.3069756528698824,0.860788962265991,False
Immunoglobulin heavy constant alpha 1,Monos,20,39,-0.0880520559496605,"[-0.39, 0.23]",0.584078218634943,0.9307504209261677,False
Apolipoprotein C-III,Monos,20,39,0.4654180100196301,"[0.18, 0.68]",0.002167177197890348,0.13030152902315717,False
Glutathione peroxidase 3,Monos,20,39,0.08805205594966016,"[-0.23, 0.39]",0.584078218634943,0.9307504209261677,False
Contactin-1,Monos,20,39,0.18868297703498443,"[-0.13, 0.47]",0.237425614155805,0.8448096775145966,False
Stomatin,Monos,20,39,0.515733470562293,"[0.25, 0.71]",0.000558344145317322,0.04882973343593307,True
Immunoglobulin heavy variable 3-13,Monos,20,39,0.2515773027133143,"[-0.06, 0.52]",0.11257992176846944,0.7242274493625929,False
Immunoglobulin heavy variable 1-69-2,Monos,20,39,0.20126184217065157,"[-0.11, 0.48]",0.2070173066653262,0.8205034779432058,False
Apolipoprotein E,Monos,20,39,0.012578865135665555,"[-0.30, 0.32]",0.9377833563109993,0.9864156703215041,False
Mucosal addressin cell adhesion molecule 1,Monos,20,39,-0.12578865135665615,"[-0.42, 0.19]",0.4332443322300029,0.8960937411657979,False
Protein S100-A11,Monos,20,39,-0.20126184217065116,"[-0.48, 0.11]",0.20701730666532758,0.8205034779432058,False
Complement factor H-related protein 4,Monos,20,39,-0.012578865135665245,"[-0.32, 0.30]",0.9377833563109993,0.9864156703215041,False
Immunoglobulin kappa variable 1D-16,Monos,20,39,0.01257886513566663,"[-0.30, 0.32]",0.9377833563109993,0.9864156703215041,False
Immunoglobulin lambda variable 1-47,Monos,20,39,0.11320978622099079,"[-0.20, 0.41]",0.48096623040858766,0.9307504209261677,False
Fructose-bisphosphate aldolase A,Monos,20,39,-0.15094638162798749,"[-0.44, 0.16]",0.34616651092511785,0.860788962265991,False
Thrombospondin-1,Monos,20,39,0.03773659540699717,"[-0.27, 0.34]",0.8147964162115997,0.9671847464778622,False
Aminopeptidase N,Monos,20,39,-0.1635252467636535,"[-0.45, 0.15]",0.30697565286988526,0.860788962265991,False
Apolipoprotein M,Monos,20,39,0.08805205594965985,"[-0.23, 0.39]",0.584078218634943,0.9307504209261677,False
Immunoglobulin heavy variable 3-43,Monos,20,39,-0.06289432567832798,"[-0.36, 0.25]",0.696053680475035,0.9507803863239565,False
Cysteine-rich secretory protein 3,Monos,20,39,-0.08805205594966004,"[-0.39, 0.23]",0.584078218634943,0.9307504209261677,False
Complement component C8 alpha chain,Monos,20,39,-0.025157730271330753,"[-0.33, 0.28]",0.8759298006815162,0.9710047873747903,False
Immunoglobulin heavy variable 2-70D,Monos,20,39,0.08805205594966058,"[-0.23, 0.39]",0.5840782186349377,0.9307504209261677,False
Immunoglobulin heavy variable 3-23,Monos,20,39,0.037736595406996705,"[-0.27, 0.34]",0.8147964162115997,0.9671847464778622,False
Plasma kallikrein,Monos,20,39,0.13836751649232276,"[-0.18, 0.43]",0.38827726451989597,0.893289750350874,False
Galectin-7,Monos,20,39,5.306831364962862e-16,"[-0.31, 0.31]",1.0,1.0,False
Extracellular superoxide dismutase [Cu-Zn],Monos,20,39,0.3647870889343053,"[0.06, 0.60]",0.019027549587246704,0.4106779452580828,False
Immunoglobulin heavy variable 1-8,Monos,20,39,0.16352524676365374,"[-0.15, 0.45]",0.30697565286988526,0.860788962265991,False
Cystatin-C,Monos,20,39,-0.07547319081399406,"[-0.37, 0.24]",0.6390775016345178,0.9307504209261677,False
Immunoglobulin lambda-like polypeptide 1,Monos,20,39,-0.06289432567832869,"[-0.36, 0.25]",0.6960536804750269,0.9507803863239565,False
Inhibin beta C chain,Monos,20,39,-0.06289432567832798,"[-0.36, 0.25]",0.696053680475035,0.9507803863239565,False
Mannose-binding protein C,Monos,20,39,0.03773659540699776,"[-0.27, 0.34]",0.8147964162115997,0.9671847464778622,False
IgGFc-binding protein,Monos,20,39,-0.08805205594965923,"[-0.39, 0.23]",0.5840782186349485,0.9307504209261677,False
Macrophage mannose receptor 1,Monos,20,39,-0.012578865135665182,"[-0.32, 0.30]",0.9377833563109993,0.9864156703215041,False
Aromatase,Monos,20,39,-0.1006309210853253,"[-0.40, 0.21]",0.5313032912665417,0.9307504209261677,False
Cadherin-5,Monos,20,39,0.0628943256783291,"[-0.25, 0.36]",0.6960536804750269,0.9507803863239565,False
Immunoglobulin kappa variable 1-8,Monos,20,39,0.27673503298464514,"[-0.03, 0.54]",0.07984982710594835,0.6837273567758237,False
Retinol-binding protein 4,Monos,20,39,0.23899843757764833,"[-0.07, 0.51]",0.13234575356789355,0.7605654126839256,False
Complement component C8 beta chain,Monos,20,39,-0.0628943256783279,"[-0.36, 0.25]",0.696053680475035,0.9507803863239565,False
Tumor necrosis factor receptor superfamily member 1B,Monos,20,39,-0.025157730271331016,"[-0.33, 0.28]",0.8759298006815162,0.9710047873747903,False
Formin-2,Monos,20,39,0.01257886513566528,"[-0.30, 0.32]",0.9377833563109993,0.9864156703215041,False
Scavenger receptor cysteine-rich domain-containing protein DMBT1,Monos,20,39,-0.06289432567832887,"[-0.36, 0.25]",0.6960536804750269,0.9507803863239565,False
Apolipoprotein L1,Monos,20,39,0.08805205594966053,"[-0.23, 0.39]",0.584078218634943,0.9307504209261677,False
Leucine-rich alpha-2-glycoprotein,Monos,20,39,-0.06289432567832866,"[-0.36, 0.25]",0.6960536804750269,0.9507803863239565,False
Immunoglobulin heavy variable 1-2,Monos,20,39,0.2893138981203108,"[-0.02, 0.55]",0.06655316995458983,0.6384174451199597,False
Ras-related protein Rab-10,Monos,20,39,0.4402602797482991,"[0.15, 0.66]",0.00396926097933711,0.1882324185553252,False
Immunoglobulin heavy variable 1-24,Monos,20,39,-0.012578865135665753,"[-0.32, 0.30]",0.9377833563109993,0.9864156703215041,False
Annexin A3,Monos,20,39,0.0754731908139948,"[-0.24, 0.37]",0.6390775016345145,0.9307504209261677,False
Hemoglobin subunit beta,Monos,20,39,0.13836751649232312,"[-0.18, 0.43]",0.38827726451989597,0.893289750350874,False
Immunoglobulin lambda variable 4-69,Monos,20,39,0.2264195724419821,"[-0.09, 0.50]",0.15458525100507478,0.7607516423767026,False
Elongation factor 2,Monos,20,39,-0.18868297703498552,"[-0.47, 0.13]",0.2374256141558024,0.8448096775145966,False
Multiple inositol polyphosphate phosphatase 1,Monos,20,39,-0.08805205594966029,"[-0.39, 0.23]",0.584078218634943,0.9307504209261677,False
Collagen alpha-1(VI) chain,Monos,20,39,0.1761041118993195,"[-0.14, 0.46]",0.2707314445157677,0.8448096775145966,False
Hepatocyte growth factor activator,Monos,20,39,-0.16352524676365446,"[-0.45, 0.15]",0.30697565286988115,0.860788962265991,False
Fibrinogen beta chain,Monos,20,39,-0.1257886513566573,"[-0.42, 0.19]",0.43324433222999803,0.8960937411657979,False
Hemicentin-1,Monos,20,39,0.16352524676365482,"[-0.15, 0.45]",0.3069756528698808,0.860788962265991,False
C-type mannose receptor 2,Monos,20,39,-0.1132097862209914,"[-0.41, 0.20]",0.4809662304085859,0.9307504209261677,False
Platelet glycoprotein Ib beta chain,Monos,20,39,0.40252368434130176,"[0.11, 0.63]",0.009077988229465518,0.3066711211611223,False
Complement C2,Monos,20,39,5.76070510012416e-16,"[-0.31, 0.31]",1.0,1.0,False
Annexin A2,Monos,20,39,-0.05031546054266236,"[-0.35, 0.26]",0.7547284319821241,0.9507803863239565,False
Protein disulfide-isomerase A3,Monos,20,39,0.05031546054266268,"[-0.26, 0.35]",0.7547284319821241,0.9507803863239565,False
Dipeptidyl peptidase 4,Monos,20,39,0.15094638162798785,"[-0.16, 0.44]",0.34616651092511663,0.860788962265991,False
Proteasome subunit alpha type-4,Monos,20,39,-0.1257886513566572,"[-0.42, 0.19]",0.43324433222999803,0.8960937411657979,False
Coagulation factor XI,Monos,20,39,0.037736595406996636,"[-0.27, 0.34]",0.8147964162115997,0.9671847464778622,False
Collectin-11,Monos,20,39,0.25157730271331324,"[-0.06, 0.52]",0.1125799217684711,0.7242274493625929,False
High mobility group protein B1,Monos,20,39,-0.037736595406997225,"[-0.34, 0.27]",0.8147964162115997,0.9671847464778622,False
Immunoglobulin lambda variable 3-16,Monos,20,39,-0.012578865135665852,"[-0.32, 0.30]",0.9377833563109993,0.9864156703215041,False
Prothrombin,Monos,20,39,0.5534700659692905,"[0.30, 0.74]",0.00017441425388159707,0.024347812269131942,True
Immunoglobulin kappa joining 1,Monos,20,39,0.1886829770349864,"[-0.13, 0.47]",0.23742561415580027,0.8448096775145966,False
Immunoglobulin heavy variable 3-7,Monos,20,39,-0.08805205594966022,"[-0.39, 0.23]",0.584078218634943,0.9307504209261677,False
Immunoglobulin heavy variable 3-74,Monos,20,39,0.23899843757764813,"[-0.07, 0.51]",0.13234575356789427,0.7605654126839256,False
Ezrin,Monos,20,39,0.3018927632559763,"[-0.01, 0.56]",0.055072798325710916,0.5955651164529556,False
Intercellular adhesion molecule 2,Monos,20,39,0.08805205594966013,"[-0.23, 0.39]",0.584078218634943,0.9307504209261677,False
Lysozyme C,Monos,20,39,0.17610411189931982,"[-0.14, 0.46]",0.27073144451576664,0.8448096775145966,False
Protein AMBP,Monos,20,39,0.03773659540699779,"[-0.27, 0.34]",0.8147964162115926,0.9671847464778622,False
Prolyl endopeptidase FAP,Monos,20,39,-0.0880520559496598,"[-0.39, 0.23]",0.584078218634943,0.9307504209261677,False
"Actin, cytoplasmic 2",Monos,20,39,-1.396534569727069e-16,"[-0.31, 0.31]",1.0,1.0,False
Kallistatin,Monos,20,39,-0.06289432567832796,"[-0.36, 0.25]",0.696053680475035,0.9507803863239565,False
Hemopexin,Monos,20,39,0.11320978622099061,"[-0.20, 0.41]",0.48096623040858766,0.9307504209261677,False
C4b-binding protein beta chain,Monos,20,39,0.2138407073063167,"[-0.10, 0.49]",0.17943606663614683,0.7970464859682194,False
Peptidyl-prolyl cis-trans isomerase A,Monos,20,39,0.1257886513566573,"[-0.19, 0.42]",0.43324433222999803,0.8960937411657979,False
Complement C1r subcomponent-like protein,Monos,20,39,0.27673503298464475,"[-0.03, 0.54]",0.0798498271059488,0.6837273567758237,False
Immunoglobulin heavy variable 3-30;Immunoglobulin heavy variable 3-30-5,Monos,20,39,0.16352524676365374,"[-0.15, 0.45]",0.30697565286988526,0.860788962265991,False
Immunoglobulin lambda variable 3-9,Monos,20,39,-0.16352524676365424,"[-0.45, 0.15]",0.3069756528698824,0.860788962265991,False
Immunoglobulin heavy variable 1-45,Monos,20,39,-0.11320978622099183,"[-0.41, 0.20]",0.4809662304085821,0.9307504209261677,False
Hemoglobin subunit gamma-1,Monos,20,39,0.012578865135665711,"[-0.30, 0.32]",0.9377833563109993,0.9864156703215041,False
Apolipoprotein F,Monos,20,39,0.06289432567832891,"[-0.25, 0.36]",0.6960536804750269,0.9507803863239565,False
Immunoglobulin gamma-1 heavy chain,Monos,20,39,-0.11320978622099061,"[-0.41, 0.20]",0.48096623040858766,0.9307504209261677,False
Low affinity immunoglobulin gamma Fc region receptor III-B,Monos,20,39,0.1383675164923222,"[-0.18, 0.43]",0.38827726451989886,0.893289750350874,False
Multiple epidermal growth factor-like domains protein 8,Monos,20,39,0.1509463816279887,"[-0.16, 0.44]",0.3461665109251143,0.860788962265991,False
Complement C4-B,Monos,20,39,-0.16352524676365446,"[-0.45, 0.15]",0.30697565286988115,0.860788962265991,False
Glyceraldehyde-3-phosphate dehydrogenase,Monos,20,39,0.07547319081399397,"[-0.24, 0.37]",0.6390775016345178,0.9307504209261677,False
Complement C1r subcomponent,Monos,20,39,0.06289432567832903,"[-0.25, 0.36]",0.6960536804750269,0.9507803863239565,False
Sex hormone-binding globulin,Monos,20,39,0.11320978622099163,"[-0.20, 0.41]",0.4809662304085821,0.9307504209261677,False
Biotinidase,Monos,20,39,-0.36478708893430467,"[-0.60, -0.06]",0.019027549587246863,0.4106779452580828,False
Cholinesterase,Monos,20,39,0.037736595406997316,"[-0.27, 0.34]",0.8147964162115997,0.9671847464778622,False
Immunoglobulin heavy variable 2-5,Monos,20,39,0.16352524676365435,"[-0.15, 0.45]",0.30697565286988115,0.860788962265991,False
Immunoglobulin lambda variable 1-36,Monos,20,39,0.03773659540699673,"[-0.27, 0.34]",0.8147964162115997,0.9671847464778622,False
Immunoglobulin kappa variable 3-11,Monos,20,39,0.11320978622099077,"[-0.20, 0.41]",0.48096623040858766,0.9307504209261677,False
Immunoglobulin kappa variable 6-21,Monos,20,39,0.03773659540699763,"[-0.27, 0.34]",0.8147964162115997,0.9671847464778622,False
Immunoglobulin kappa light chain,Monos,20,39,-0.012578865135665225,"[-0.32, 0.30]",0.9377833563109993,0.9864156703215041,False
Neuropilin-1,Monos,20,39,-0.0880520559496603,"[-0.39, 0.23]",0.584078218634943,0.9307504209261677,False
Ficolin-2,Monos,20,39,-0.11320978622099089,"[-0.41, 0.20]",0.4809662304085859,0.9307504209261677,False
Gamma-glutamyl hydrolase,Monos,20,39,-0.1006309210853258,"[-0.40, 0.21]",0.5313032912665372,0.9307504209261677,False
Keratinocyte proline-rich protein,Monos,20,39,0.06289432567832823,"[-0.25, 0.36]",0.696053680475035,0.9507803863239565,False
Kyphoscoliosis peptidase,Monos,20,39,-0.10063092108532569,"[-0.40, 0.21]",0.5313032912665372,0.9307504209261677,False
Laminin subunit alpha-2,Monos,20,39,0.08805205594966117,"[-0.23, 0.39]",0.5840782186349377,0.9307504209261677,False
Desmoglein-1,Monos,20,39,-0.07547319081399459,"[-0.37, 0.24]",0.6390775016345178,0.9307504209261677,False
Immunoglobulin lambda variable 3-27,Monos,20,39,0.0628943256783288,"[-0.25, 0.36]",0.6960536804750269,0.9507803863239565,False
Myosin-9,Monos,20,39,0.15094638162798846,"[-0.16, 0.44]",0.3461665109251143,0.860788962265991,False
Versican core protein,Monos,20,39,0.2012618421706506,"[-0.11, 0.48]",0.20701730666532933,0.8205034779432058,False
Proteasome subunit beta type-3,Monos,20,39,0.025157730271331127,"[-0.28, 0.33]",0.8759298006815162,0.9710047873747903,False
Alpha-N-acetylglucosaminidase,Monos,20,39,-0.0377365954069975,"[-0.34, 0.27]",0.8147964162115997,0.9671847464778622,False
Caspase-14,Monos,20,39,0.01257886513566528,"[-0.30, 0.32]",0.9377833563109993,0.9864156703215041,False
Histidine-rich glycoprotein,Monos,20,39,-0.06289432567832849,"[-0.36, 0.25]",0.696053680475035,0.9507803863239565,False
"ATP synthase subunit alpha, mitochondrial",Monos,20,39,-0.012578865135664976,"[-0.32, 0.30]",0.9377833563109993,0.9864156703215041,False
Immunoglobulin kappa constant,Monos,20,39,-0.22641957244198246,"[-0.50, 0.09]",0.1545852510050743,0.7607516423767026,False
Interleukin-1 receptor accessory protein,Monos,20,39,-0.012578865135665612,"[-0.32, 0.30]",0.9377833563109993,0.9864156703215041,False
Immunoglobulin lambda variable 9-49,Monos,20,39,-0.012578865135665408,"[-0.32, 0.30]",0.9377833563109993,0.9864156703215041,False
Plexin domain-containing protein 2,Monos,20,39,0.13836751649232232,"[-0.18, 0.43]",0.38827726451989886,0.893289750350874,False
Immunoglobulin heavy variable 4-28,Monos,20,39,0.08805205594965954,"[-0.23, 0.39]",0.5840782186349485,0.9307504209261677,False
Desmoplakin,Monos,20,39,-0.08805205594966,"[-0.39, 0.23]",0.584078218634943,0.9307504209261677,False
Endoplasmin,Monos,20,39,-0.17610411189931938,"[-0.46, 0.14]",0.2707314445157677,0.8448096775145966,False
Heparin cofactor 2,Monos,20,39,-0.21384070730631663,"[-0.49, 0.10]",0.17943606663614683,0.7970464859682194,False
Laminin subunit gamma-1,Monos,20,39,0.2893138981203109,"[-0.02, 0.55]",0.06655316995458983,0.6384174451199597,False
Polymeric immunoglobulin receptor,Monos,20,39,-0.0754731908139947,"[-0.37, 0.24]",0.6390775016345178,0.9307504209261677,False
Serum amyloid A-4 protein,Monos,20,39,0.0880520559496601,"[-0.23, 0.39]",0.584078218634943,0.9307504209261677,False
Catalase,Monos,20,39,0.07547319081399445,"[-0.24, 0.37]",0.6390775016345178,0.9307504209261677,False
Complement receptor type 1,Monos,20,39,-4.887870994044742e-16,"[-0.31, 0.31]",1.0,1.0,False
Immunoglobulin kappa variable 1-27,Monos,20,39,0.26415616784897894,"[-0.05, 0.53]",0.095135548408656,0.7152154288913432,False
Immunoglobulin kappa variable 2-30,Monos,20,39,-0.0880520559496591,"[-0.39, 0.23]",0.5840782186349485,0.9307504209261677,False
Protein-glutamine gamma-glutamyltransferase E,Monos,20,39,-0.012578865135666027,"[-0.32, 0.30]",0.9377833563109993,0.9864156703215041,False
Periostin,Monos,20,39,-0.03773659540699674,"[-0.34, 0.27]",0.8147964162115997,0.9671847464778622,False
Albumin,Monos,20,39,-0.21384070730631677,"[-0.49, 0.10]",0.17943606663614683,0.7970464859682194,False
Complement factor B,Monos,20,39,-0.06289432567832791,"[-0.36, 0.25]",0.696053680475035,0.9507803863239565,False
Probable non-functional immunoglobulinn kappa variable 1-37;Probable non-functional immunoglobulinn kappa variable 1D-37,Monos,20,39,0.025157730271332182,"[-0.28, 0.33]",0.8759298006814945,0.9710047873747903,False
Immunoglobulin lambda variable 8-61,Monos,20,39,0.012578865135666419,"[-0.30, 0.32]",0.9377833563109993,0.9864156703215041,False
Annexin A1,Monos,20,39,0.0754731908139951,"[-0.24, 0.37]",0.6390775016345145,0.9307504209261677,False
CD5 antigen-like,Monos,20,39,-0.03773659540699646,"[-0.34, 0.27]",0.8147964162115997,0.9671847464778622,False
RB-associated KRAB zinc finger protein,Monos,20,39,0.03773659540699701,"[-0.27, 0.34]",0.8147964162115997,0.9671847464778622,False
Immunoglobulin lambda variable 7-46,Monos,20,39,0.28931389812031144,"[-0.02, 0.55]",0.06655316995458907,0.6384174451199597,False
Basement membrane-specific heparan sulfate proteoglycan core protein,Monos,20,39,0.16352524676365446,"[-0.15, 0.45]",0.30697565286988115,0.860788962265991,False
Vitamin K-dependent protein C,Monos,20,39,0.2641561678489794,"[-0.05, 0.53]",0.09513554840865573,0.7152154288913432,False
Immunoglobulin lambda variable 1-40,Monos,20,39,-0.06289432567832834,"[-0.36, 0.25]",0.696053680475035,0.9507803863239565,False
Pantetheinase,Monos,20,39,0.03773659540699696,"[-0.27, 0.34]",0.8147964162115997,0.9671847464778622,False
Neutrophil defensin 1;Neutrophil defensin 3,Monos,20,39,0.1006309210853262,"[-0.21, 0.40]",0.5313032912665372,0.9307504209261677,False
Immunoglobulin lambda variable 2-8,Monos,20,39,0.08805205594965979,"[-0.23, 0.39]",0.584078218634943,0.9307504209261677,False
Immunoglobulin heavy variable 1-18,Monos,20,39,0.18868297703498496,"[-0.13, 0.47]",0.23742561415580354,0.8448096775145966,False
Immunoglobulin kappa variable 3D-15,Monos,20,39,-0.23899843757764758,"[-0.51, 0.07]",0.13234575356789466,0.7605654126839256,False
Extracellular matrix protein 1,Monos,20,39,-0.05031546054266272,"[-0.35, 0.26]",0.7547284319821241,0.9507803863239565,False
Tubulin alpha-1B chain,Monos,20,39,-0.1509463816279879,"[-0.44, 0.16]",0.34616651092511663,0.860788962265991,False
Immunoglobulin lambda variable 5-45,Monos,20,39,-0.07547319081399327,"[-0.37, 0.24]",0.6390775016345243,0.9307504209261677,False
Alpha-2-HS-glycoprotein,Monos,20,39,0.02515773027133207,"[-0.28, 0.33]",0.8759298006814945,0.9710047873747903,False
Cartilage acidic protein 1,Monos,20,39,0.08805205594965937,"[-0.23, 0.39]",0.5840782186349485,0.9307504209261677,False
Coagulation factor IX,Monos,20,39,0.22641957244198255,"[-0.09, 0.50]",0.1545852510050743,0.7607516423767026,False
Integrin alpha-2,Monos,20,39,0.012578865135666287,"[-0.30, 0.32]",0.9377833563109993,0.9864156703215041,False
"Mannosyl-oligosaccharide 1,2-alpha-mannosidase IA",Monos,20,39,0.08805205594965951,"[-0.23, 0.39]",0.5840782186349485,0.9307504209261677,False
Endophilin-A3,Monos,20,39,-0.08805205594965917,"[-0.39, 0.23]",0.5840782186349485,0.9307504209261677,False
Collagen alpha-1(I) chain,Monos,20,39,0.15094638162798904,"[-0.16, 0.44]",0.34616651092511186,0.860788962265991,False
Carboxypeptidase N subunit 2,Monos,20,39,0.05031546054266282,"[-0.26, 0.35]",0.7547284319821241,0.9507803863239565,False
Scavenger receptor cysteine-rich type 1 protein M130,Monos,20,39,0.06289432567832869,"[-0.25, 0.36]",0.6960536804750269,0.9507803863239565,False
Annexin A5,Monos,20,39,-0.28931389812031116,"[-0.55, 0.02]",0.06655316995458962,0.6384174451199597,False
Platelet factor 4,Monos,20,39,-0.07547319081399431,"[-0.37, 0.24]",0.6390775016345178,0.9307504209261677,False
Immunoglobulin heavy variable 3-72,Monos,20,39,-0.06289432567832773,"[-0.36, 0.25]",0.696053680475035,0.9507803863239565,False
Protein HEG homolog 1,Monos,20,39,0.06289432567832907,"[-0.25, 0.36]",0.6960536804750269,0.9507803863239565,False
Sulfhydryl oxidase 1,Monos,20,39,-0.21384070730631713,"[-0.49, 0.10]",0.17943606663614495,0.7970464859682194,False
Corticosteroid-binding globulin,Monos,20,39,0.08805205594966001,"[-0.23, 0.39]",0.584078218634943,0.9307504209261677,False
Angiopoietin-related protein 6,Monos,20,39,0.21384070730631646,"[-0.10, 0.49]",0.17943606663614617,0.7970464859682194,False
72 kDa type IV collagenase,Monos,20,39,0.07547319081399377,"[-0.24, 0.37]",0.6390775016345178,0.9307504209261677,False
Trypsin-3,Monos,20,39,-0.1635252467636534,"[-0.45, 0.15]",0.30697565286988526,0.860788962265991,False
Complement component C9,Monos,20,39,0.012578865135666162,"[-0.30, 0.32]",0.9377833563109993,0.9864156703215041,False
Pyruvate kinase PKM,Monos,20,39,0.15094638162798885,"[-0.16, 0.44]",0.3461665109251143,0.860788962265991,False
Immunoglobulin heavy variable 4-34,Monos,20,39,0.18868297703498552,"[-0.13, 0.47]",0.2374256141558024,0.8448096775145966,False
Immunoglobulin kappa variable 6D-21,Monos,20,39,0.1383675164923221,"[-0.18, 0.43]",0.38827726451989886,0.893289750350874,False
Immunoglobulin lambda-1 light chain,Monos,20,39,-0.1509463816279875,"[-0.44, 0.16]",0.34616651092511785,0.860788962265991,False
Transforming growth factor-beta-induced protein ig-h3,Monos,20,39,0.06289432567832884,"[-0.25, 0.36]",0.6960536804750269,0.9507803863239565,False
Complement C1q subcomponent subunit A,Monos,20,39,0.1257886513566576,"[-0.19, 0.42]",0.43324433222999803,0.8960937411657979,False
Prolow-density lipoprotein receptor-related protein 1,Monos,20,39,-0.012578865135665154,"[-0.32, 0.30]",0.9377833563109993,0.9864156703215041,False
Immunoglobulin heavy constant mu,Monos,20,39,0.08805205594965987,"[-0.23, 0.39]",0.584078218634943,0.9307504209261677,False
UV-stimulated scaffold protein A,Monos,20,39,0.01257886513566539,"[-0.30, 0.32]",0.9377833563109993,0.9864156703215041,False
Complement component C6,Monos,20,39,-0.2641561678489792,"[-0.53, 0.05]",0.095135548408656,0.7152154288913432,False
Angiotensinogen,Monos,20,39,-0.11320978622099016,"[-0.41, 0.20]",0.48096623040858766,0.9307504209261677,False
Pregnancy zone protein,Monos,20,39,0.2893138981203105,"[-0.02, 0.55]",0.06655316995459021,0.6384174451199597,False
Histone H2A type 1-B/E;Histone H2A type 3;Histone H2A type 1-C,Monos,20,39,-0.050315460542662505,"[-0.35, 0.26]",0.7547284319821241,0.9507803863239565,False
Desmocollin-1,Monos,20,39,-0.01257886513566503,"[-0.32, 0.30]",0.9377833563109993,0.9864156703215041,False
Protein Z-dependent protease inhibitor,Monos,20,39,0.13836751649232304,"[-0.18, 0.43]",0.38827726451989597,0.893289750350874,False
Immunoglobulin kappa variable 1-17,Monos,20,39,-0.02515773027133092,"[-0.33, 0.28]",0.8759298006815162,0.9710047873747903,False
Fibronectin,Monos,20,39,-0.20126184217065124,"[-0.48, 0.11]",0.20701730666532758,0.8205034779432058,False
Probable non-functional immunoglobulin heavy variable 3-38,Monos,20,39,0.2138407073063167,"[-0.10, 0.49]",0.17943606663614683,0.7970464859682194,False
Nucleoside diphosphate kinase 3,Monos,20,39,-0.11320978622099043,"[-0.41, 0.20]",0.48096623040858766,0.9307504209261677,False
Plasma protease C1 inhibitor,Monos,20,39,-0.17610411189931985,"[-0.46, 0.14]",0.27073144451576664,0.8448096775145966,False
Immunoglobulin kappa variable 1-16,Monos,20,39,0.012578865135666311,"[-0.30, 0.32]",0.9377833563109993,0.9864156703215041,False
F-actin-capping protein subunit alpha-1,Monos,20,39,-0.10063092108532551,"[-0.40, 0.21]",0.5313032912665372,0.9307504209261677,False
Cathepsin D,Monos,20,39,-0.20126184217065038,"[-0.48, 0.11]",0.20701730666532933,0.8205034779432058,False
Anthrax toxin receptor 2,Monos,20,39,0.21384070730631616,"[-0.10, 0.49]",0.179436066636148,0.7970464859682194,False
Talin-1,Monos,20,39,0.40252368434130187,"[0.11, 0.63]",0.009077988229465492,0.3066711211611223,False
Protein disulfide-isomerase,Monos,20,39,-0.02515773027133127,"[-0.33, 0.28]",0.8759298006815162,0.9710047873747903,False
Junction plakoglobin,Monos,20,39,-0.06289432567832759,"[-0.36, 0.25]",0.696053680475035,0.9507803863239565,False
Tenascin,Monos,20,39,0.3396293586629731,"[0.04, 0.59]",0.02982027076098745,0.5032824644222794,False
Cadherin-related family member 5,Monos,20,39,-0.07547319081399431,"[-0.37, 0.24]",0.6390775016345178,0.9307504209261677,False
Kininogen-1,Monos,20,39,0.03773659540699662,"[-0.27, 0.34]",0.8147964162115997,0.9671847464778622,False
Alpha-1-antichymotrypsin,Monos,20,39,0.07547319081399466,"[-0.24, 0.37]",0.6390775016345178,0.9307504209261677,False
Integrin alpha-IIb,Monos,20,39,0.4654180100196308,"[0.18, 0.68]",0.0021671771978903154,0.13030152902315717,False
Serum amyloid P-component,Monos,20,39,-0.27673503298464525,"[-0.54, 0.03]",0.07984982710594811,0.6837273567758237,False
Inter-alpha-trypsin inhibitor heavy chain H1,Monos,20,39,0.08805205594965979,"[-0.23, 0.39]",0.584078218634943,0.9307504209261677,False
Probable non-functional immunoglobulin heavy variable 3-35,Monos,20,39,-0.012578865135665945,"[-0.32, 0.30]",0.9377833563109993,0.9864156703215041,False
Immunoglobulin kappa variable 1-5,Monos,20,39,0.062894325678329,"[-0.25, 0.36]",0.6960536804750269,0.9507803863239565,False
Band 3 anion transport protein,Monos,20,39,0.2138407073063173,"[-0.10, 0.49]",0.17943606663614495,0.7970464859682194,False
Immunoglobulin lambda variable 7-43,Monos,20,39,-0.06289432567832855,"[-0.36, 0.25]",0.696053680475035,0.9507803863239565,False
Peroxiredoxin-1,Monos,20,39,-0.12578865135665682,"[-0.42, 0.19]",0.4332443322299997,0.8960937411657979,False
Matrix metalloproteinase-9,Monos,20,39,-0.1509463816279881,"[-0.44, 0.16]",0.34616651092511663,0.860788962265991,False
Multimerin-2,Monos,20,39,0.03773659540699739,"[-0.27, 0.34]",0.8147964162115997,0.9671847464778622,False
Immunoglobulin heavy variable 1-3,Monos,20,39,0.11320978622099123,"[-0.20, 0.41]",0.4809662304085859,0.9307504209261677,False
Podocalyxin,Monos,20,39,0.10063092108532543,"[-0.21, 0.40]",0.5313032912665372,0.9307504209261677,False
Immunoglobulin lambda variable 1-51,Monos,20,39,-0.012578865135665893,"[-0.32, 0.30]",0.9377833563109993,0.9864156703215041,False
Cadherin-13,Monos,20,39,0.11320978622099172,"[-0.20, 0.41]",0.4809662304085821,0.9307504209261677,False
Plastin-2,Monos,20,39,0.05031546054266318,"[-0.26, 0.35]",0.7547284319821241,0.9507803863239565,False
Inter-alpha-trypsin inhibitor heavy chain H4,Monos,20,39,0.21384070730631727,"[-0.10, 0.49]",0.17943606663614495,0.7970464859682194,False
Fructose-bisphosphate aldolase B,Monos,20,39,0.12578865135665793,"[-0.19, 0.42]",0.4332443322299947,0.8960937411657979,False
Mannan-binding lectin serine protease 2,Monos,20,39,0.03773659540699756,"[-0.27, 0.34]",0.8147964162115997,0.9671847464778622,False
Platelet glycoprotein 4,Monos,20,39,0.3396293586629739,"[0.04, 0.59]",0.029820270760987026,0.5032824644222794,False
Hemoglobin subunit alpha,Monos,20,39,0.1635252467636547,"[-0.15, 0.45]",0.30697565286988115,0.860788962265991,False
Immunoglobulin lambda variable 3-10,Monos,20,39,-0.06289432567832852,"[-0.36, 0.25]",0.696053680475035,0.9507803863239565,False
Serum paraoxonase/lactonase 3,Monos,20,39,-0.18868297703498532,"[-0.47, 0.13]",0.23742561415580288,0.8448096775145966,False
Dopamine beta-hydroxylase,Monos,20,39,-0.012578865135665697,"[-0.32, 0.30]",0.9377833563109993,0.9864156703215041,False
Triosephosphate isomerase,Monos,20,39,-0.21384070730631652,"[-0.49, 0.10]",0.17943606663614617,0.7970464859682194,False
Endoplasmic reticulum chaperone BiP,Monos,20,39,0.13836751649232354,"[-0.18, 0.43]",0.3882772645198932,0.893289750350874,False
Suprabasin,Monos,20,39,-0.07547319081399428,"[-0.37, 0.24]",0.6390775016345178,0.9307504209261677,False
Immunoglobulin kappa variable 3-20,Monos,20,39,-0.037736595406997205,"[-0.34, 0.27]",0.8147964162115997,0.9671847464778622,False
Ficolin-1,Monos,20,39,0.2264195724419828,"[-0.09, 0.50]",0.15458525100507342,0.7607516423767026,False
Autotaxin,Monos,20,39,0.11320978622099141,"[-0.20, 0.41]",0.4809662304085859,0.9307504209261677,False
Histidine ammonia-lyase,Monos,20,39,0.05031546054266371,"[-0.26, 0.35]",0.7547284319821241,0.9507803863239565,False
Noelin,Monos,20,39,0.012578865135666579,"[-0.30, 0.32]",0.9377833563109993,0.9864156703215041,False
Prenylcysteine oxidase 1,Monos,20,39,0.16352524676365413,"[-0.15, 0.45]",0.3069756528698824,0.860788962265991,False
Immunoglobulin delta heavy chain,Monos,20,39,0.012578865135665506,"[-0.30, 0.32]",0.9377833563109993,0.9864156703215041,False
Antithrombin-III,Monos,20,39,-0.1509463816279885,"[-0.44, 0.16]",0.3461665109251143,0.860788962265991,False
Complement component C7,Monos,20,39,-0.05031546054266231,"[-0.35, 0.26]",0.7547284319821241,0.9507803863239565,False
BOS complex subunit NOMO3;BOS complex subunit NOMO1;BOS complex subunit NOMO2,Monos,20,39,0.025157730271331016,"[-0.28, 0.33]",0.8759298006815162,0.9710047873747903,False
Cofilin-1,Monos,20,39,0.025157730271331183,"[-0.28, 0.33]",0.8759298006815162,0.9710047873747903,False
Histone H4,Monos,20,39,-0.025157730271331245,"[-0.33, 0.28]",0.8759298006815162,0.9710047873747903,False
Serum amyloid A-1 protein,Monos,20,39,0.12578865135665657,"[-0.19, 0.42]",0.4332443322299997,0.8960937411657979,False
Transferrin receptor protein 1,Monos,20,39,0.13836751649232204,"[-0.18, 0.43]",0.38827726451989886,0.893289750350874,False
Serpin B12,Monos,20,39,-0.12578865135665704,"[-0.42, 0.19]",0.43324433222999803,0.8960937411657979,False
Immunoglobulin kappa variable 3D-20,Monos,20,39,-0.012578865135664861,"[-0.32, 0.30]",0.9377833563109993,0.9864156703215041,False
Probable non-functional immunoglobulin heavy variable 3-16,Monos,20,39,0.012578865135665555,"[-0.30, 0.32]",0.9377833563109993,0.9864156703215041,False
Immunoglobulin lambda variable 6-57,Monos,20,39,0.3396293586629742,"[0.04, 0.59]",0.029820270760986863,0.5032824644222794,False
Fibrinogen alpha chain,Monos,20,39,0.40252368434130187,"[0.11, 0.63]",0.009077988229465492,0.3066711211611223,False
Galectin-3-binding protein,Monos,20,39,0.012578865135666195,"[-0.30, 0.32]",0.9377833563109993,0.9864156703215041,False
Macrophage colony-stimulating factor 1 receptor,Monos,20,39,-0.27673503298464525,"[-0.54, 0.03]",0.07984982710594811,0.6837273567758237,False
Phosphatidylinositol-glycan-specific phospholipase D,Monos,20,39,0.1886829770349849,"[-0.13, 0.47]",0.23742561415580354,0.8448096775145966,False
Serotransferrin,Monos,20,39,0.012578865135665545,"[-0.30, 0.32]",0.9377833563109993,0.9864156703215041,False
Integrin alpha-11,Monos,20,39,-0.23899843757764802,"[-0.51, 0.07]",0.13234575356789427,0.7605654126839256,False
Proprotein convertase subtilisin/kexin type 9,Monos,20,39,0.4151025494769674,"[0.12, 0.64]",0.006960641563849553,0.2678454873769308,False
Gelsolin,Monos,20,39,0.1886829770349858,"[-0.13, 0.47]",0.2374256141558024,0.8448096775145966,False
Proteoglycan 4,Monos,20,39,0.25157730271331347,"[-0.06, 0.52]",0.1125799217684705,0.7242274493625929,False
Vascular cell adhesion protein 1,Monos,20,39,0.06289432567832905,"[-0.25, 0.36]",0.6960536804750269,0.9507803863239565,False
Adhesion G protein-coupled receptor F5,Monos,20,39,0.13836751649232312,"[-0.18, 0.43]",0.38827726451989597,0.893289750350874,False
Insulin-like growth factor-binding protein 3,Monos,20,39,0.1132097862209914,"[-0.20, 0.41]",0.4809662304085859,0.9307504209261677,False
Transthyretin,Monos,20,39,-0.06289432567832844,"[-0.36, 0.25]",0.696053680475035,0.9507803863239565,False
Coiled-coil domain-containing protein 126,Monos,20,39,0.18868297703498518,"[-0.13, 0.47]",0.23742561415580288,0.8448096775145966,False
Guanine nucleotide-binding protein G(i) subunit alpha-2,Monos,20,39,0.6037855265119529,"[0.36, 0.77]",2.923107551146061e-05,0.006561402083139192,True
Apolipoprotein C-I,Monos,20,39,0.2641561678489794,"[-0.05, 0.53]",0.09513554840865573,0.7152154288913432,False
Syntenin-1,Monos,20,39,0.21384070730631768,"[-0.10, 0.49]",0.17943606663614486,0.7970464859682194,False
Phospholipid transfer protein,Monos,20,39,0.08805205594965992,"[-0.23, 0.39]",0.584078218634943,0.9307504209261677,False
Laminin subunit beta-1,Monos,20,39,0.11320978622099209,"[-0.20, 0.41]",0.4809662304085821,0.9307504209261677,False
Proline-rich protein 4,Monos,20,39,0.050315460542662595,"[-0.26, 0.35]",0.7547284319821241,0.9507803863239565,False
Immunoglobulin kappa variable 2-28;Immunoglobulin kappa variable 2D-28,Monos,20,39,0.11320978622099111,"[-0.20, 0.41]",0.4809662304085859,0.9307504209261677,False
Complement C3,Monos,20,39,0.012578865135665578,"[-0.30, 0.32]",0.9377833563109993,0.9864156703215041,False
Thyroxine-binding globulin,Monos,20,39,0.08805205594965985,"[-0.23, 0.39]",0.584078218634943,0.9307504209261677,False
Immunoglobulin kappa variable 1D-13;Immunoglobulin kappa variable 1-13,Monos,20,39,0.06289432567832921,"[-0.25, 0.36]",0.6960536804750269,0.9507803863239565,False
Complement factor H-related protein 5,Monos,20,39,0.1886829770349861,"[-0.13, 0.47]",0.2374256141558007,0.8448096775145966,False
Immunoglobulin lambda variable 2-23,Monos,20,39,-0.11320978622099093,"[-0.41, 0.20]",0.4809662304085859,0.9307504209261677,False
Coagulation factor VII,Monos,20,39,0.06289432567832919,"[-0.25, 0.36]",0.6960536804750269,0.9507803863239565,False
Immunoglobulin heavy constant gamma 4,Monos,20,39,-0.0754731908139941,"[-0.37, 0.24]",0.6390775016345178,0.9307504209261677,False
L-lactate dehydrogenase B chain,Monos,20,39,0.11320978622099112,"[-0.20, 0.41]",0.4809662304085859,0.9307504209261677,False
Zinc-alpha-2-glycoprotein,Monos,20,39,-8.379207418362423e-17,"[-0.31, 0.31]",1.0,1.0,False
"Dihydrolipoyllysine-residue succinyltransferase component of 2-oxoglutarate dehydrogenase complex, mitochondrial",Monos,20,39,-0.20126184217065102,"[-0.48, 0.11]",0.2070173066653294,0.8205034779432058,False
Serpin B3,Monos,20,39,-0.27673503298464525,"[-0.54, 0.03]",0.07984982710594835,0.6837273567758237,False
Immunoglobulin heavy variable 3-33,Monos,20,39,0.2641561678489797,"[-0.05, 0.53]",0.09513554840865515,0.7152154288913432,False
Follistatin-related protein 1,Monos,20,39,-0.3899448192056361,"[-0.62, -0.09]",0.011725379970647537,0.32947143764920506,False
Cholesteryl ester transfer protein,Monos,20,39,0.03773659540699664,"[-0.27, 0.34]",0.8147964162115997,0.9671847464778622,False
Complement C1q subcomponent subunit C,Monos,20,39,-0.03773659540699618,"[-0.34, 0.27]",0.8147964162115997,0.9671847464778622,False
Immunoglobulin heavy variable 4-30-2,Monos,20,39,-0.06289432567832837,"[-0.36, 0.25]",0.696053680475035,0.9507803863239565,False
Thrombospondin-4,Monos,20,39,0.17610411189932035,"[-0.14, 0.46]",0.2707314445157603,0.8448096775145966,False
Transketolase,Monos,20,39,0.07547319081399392,"[-0.24, 0.37]",0.6390775016345178,0.9307504209261677,False
Complement receptor type 2,Monos,20,39,-0.11320978622099058,"[-0.41, 0.20]",0.48096623040858766,0.9307504209261677,False
Immunoglobulin kappa variable 2-40;Immunoglobulin kappa variable 2D-40,Monos,20,39,0.26415616784897933,"[-0.05, 0.53]",0.09513554840865573,0.7152154288913432,False
Immunoglobulin kappa variable 3D-7,Monos,20,39,0.012578865135665737,"[-0.30, 0.32]",0.9377833563109993,0.9864156703215041,False
Immunoglobulin heavy variable 3-64,Monos,20,39,-0.1383675164923228,"[-0.43, 0.18]",0.38827726451989597,0.893289750350874,False
Vitronectin,Monos,20,39,0.1635252467636537,"[-0.15, 0.45]",0.30697565286988526,0.860788962265991,False
Complement component C8 gamma chain,Monos,20,39,-0.06289432567832878,"[-0.36, 0.25]",0.6960536804750269,0.9507803863239565,False
Immunoglobulin heavy variable 5-51,Monos,20,39,-0.03773659540699726,"[-0.34, 0.27]",0.8147964162115997,0.9671847464778622,False
Coagulation factor V,Monos,20,39,0.08805205594966017,"[-0.23, 0.39]",0.584078218634943,0.9307504209261677,False
Protein S100-A7,Monos,20,39,-0.08805205594965977,"[-0.39, 0.23]",0.584078218634943,0.9307504209261677,False
Arginase-1,Monos,20,39,0.03773659540699688,"[-0.27, 0.34]",0.8147964162115997,0.9671847464778622,False
Protein-glutamine gamma-glutamyltransferase K,Monos,20,39,-0.18868297703498524,"[-0.47, 0.13]",0.23742561415580288,0.8448096775145966,False
Immunoglobulin kappa variable 4-1,Monos,20,39,0.13836751649232315,"[-0.18, 0.43]",0.38827726451989597,0.893289750350874,False
Coagulation factor XIII B chain,Monos,20,39,-0.17610411189931904,"[-0.46, 0.14]",0.27073144451577086,0.8448096775145966,False
Apolipoprotein C-II,Monos,20,39,0.2893138981203106,"[-0.02, 0.55]",0.06655316995459021,0.6384174451199597,False
Bone marrow proteoglycan,Monos,20,39,0.1383675164923227,"[-0.18, 0.43]",0.38827726451989597,0.893289750350874,False
Apolipoprotein A-I,Monos,20,39,-0.012578865135665933,"[-0.32, 0.30]",0.9377833563109993,0.9864156703215041,False
Coagulation factor X,Monos,20,39,0.23899843757764858,"[-0.07, 0.51]",0.13234575356789355,0.7605654126839256,False
Thioredoxin,Monos,20,39,-0.050315460542662206,"[-0.35, 0.26]",0.7547284319821241,0.9507803863239565,False
Immunoglobulin heavy variable 3-15,Monos,20,39,-0.03773659540699628,"[-0.34, 0.27]",0.8147964162115997,0.9671847464778622,False
Proteasome subunit beta type-2,Monos,20,39,-0.03773659540699722,"[-0.34, 0.27]",0.8147964162115997,0.9671847464778622,False
Apolipoprotein A-II,Monos,20,39,-0.1383675164923228,"[-0.43, 0.18]",0.38827726451989597,0.893289750350874,False
Immunoglobulin heavy constant gamma 2,Monos,20,39,-0.4402602797482994,"[-0.66, -0.15]",0.003969260979337075,0.1882324185553252,False
Plakophilin-1,Monos,20,39,-0.07547319081399323,"[-0.37, 0.24]",0.6390775016345243,0.9307504209261677,False
Fetuin-B,Monos,20,39,0.13836751649232235,"[-0.18, 0.43]",0.38827726451989886,0.893289750350874,False
Complement factor H-related protein 3,Monos,20,39,0.20126184217065085,"[-0.11, 0.48]",0.2070173066653294,0.8205034779432058,False
Plasminogen,Monos,20,39,0.07547319081399409,"[-0.24, 0.37]",0.6390775016345178,0.9307504209261677,False
Fermitin family homolog 3,Monos,20,39,0.5912066613762874,"[0.35, 0.76]",4.698291779517177e-05,0.008550891038721321,True
Immunoglobulin heavy variable 3-21,Monos,20,39,0.11320978622099138,"[-0.20, 0.41]",0.4809662304085859,0.9307504209261677,False
Immunoglobulin heavy variable 2-26,Monos,20,39,-0.07547319081399426,"[-0.37, 0.24]",0.6390775016345178,0.9307504209261677,False
Immunoglobulin kappa variable 1-12;Immunoglobulin kappa variable 1D-12,Monos,20,39,0.33962935866297417,"[0.04, 0.59]",0.02982027076098695,0.5032824644222794,False
Immunoglobulin heavy constant gamma 3,Monos,20,39,0.0628943256783281,"[-0.25, 0.36]",0.696053680475035,0.9507803863239565,False
Immunoglobulin kappa variable 2D-29,Monos,20,39,0.06289432567832878,"[-0.25, 0.36]",0.6960536804750269,0.9507803863239565,False
Neogenin,Monos,20,39,0.13836751649232235,"[-0.18, 0.43]",0.38827726451989886,0.893289750350874,False
Immunoglobulin heavy variable 6-1,Monos,20,39,-0.012578865135666124,"[-0.32, 0.30]",0.9377833563109993,0.9864156703215041,False
L-selectin,Monos,20,39,-0.03773659540699705,"[-0.34, 0.27]",0.8147964162115997,0.9671847464778622,False
Immunoglobulin lambda constant 3,Monos,20,39,-0.16352524676365351,"[-0.45, 0.15]",0.30697565286988526,0.860788962265991,False
A disintegrin and metalloproteinase with thrombospondin motifs 13,Monos,20,39,-0.21384070730631613,"[-0.49, 0.10]",0.179436066636148,0.7970464859682194,False
von Willebrand factor,Monos,20,39,-0.37736595406997,"[-0.61, -0.08]",0.015004138812269788,0.36734819848780037,False
Neutral alpha-glucosidase AB,Monos,20,39,0.18868297703498563,"[-0.13, 0.47]",0.2374256141558024,0.8448096775145966,False
Carbonic anhydrase 1,Monos,20,39,0.22641957244198313,"[-0.09, 0.50]",0.15458525100507342,0.7607516423767026,False
Immunoglobulin lambda variable 4-60,Monos,20,39,-0.050315460542662734,"[-0.35, 0.26]",0.7547284319821241,0.9507803863239565,False
Integrin beta-1,Monos,20,39,0.16352524676365368,"[-0.15, 0.45]",0.30697565286988526,0.860788962265991,False
Immunoglobulin lambda variable 3-12,Monos,20,39,-0.0377365954069977,"[-0.34, 0.27]",0.8147964162115997,0.9671847464778622,False
Alpha-amylase 1B;Alpha-amylase 1C;Alpha-amylase 1A,Monos,20,39,0.025157730271330742,"[-0.28, 0.33]",0.8759298006815162,0.9710047873747903,False
Lumican,Monos,20,39,0.15094638162798896,"[-0.16, 0.44]",0.3461665109251143,0.860788962265991,False
Beta-Ala-His dipeptidase,Monos,20,39,-0.03773659540699739,"[-0.34, 0.27]",0.8147964162115997,0.9671847464778622,False
Immunoglobulin alpha-2 heavy chain,Monos,20,39,0.08805205594965942,"[-0.23, 0.39]",0.5840782186349485,0.9307504209261677,False
Complement C5,Monos,20,39,0.03773659540699752,"[-0.27, 0.34]",0.8147964162115997,0.9671847464778622,False
Protein S100-A8,Monos,20,39,-0.02515773027133065,"[-0.33, 0.28]",0.8759298006815162,0.9710047873747903,False
Immunoglobulin lambda variable 3-25,Monos,20,39,0.21384070730631635,"[-0.10, 0.49]",0.17943606663614617,0.7970464859682194,False
Leukocyte immunoglobulin-like receptor subfamily B member 3;Leukocyte immunoglobulin-like receptor subfamily A member 6,Monos,20,39,-0.16352524676365296,"[-0.45, 0.15]",0.3069756528698859,0.860788962265991,False
Collagen alpha-3(VI) chain,Monos,20,39,-0.03773659540699712,"[-0.34, 0.27]",0.8147964162115997,0.9671847464778622,False
Immunoglobulin kappa variable 1-39;Immunoglobulin kappa variable 1D-39,Monos,20,39,0.05031546054266258,"[-0.26, 0.35]",0.7547284319821241,0.9507803863239565,False
Bleomycin hydrolase,Monos,20,39,-0.08805205594966001,"[-0.39, 0.23]",0.584078218634943,0.9307504209261677,False
CD166 antigen,Monos,20,39,-0.10063092108532509,"[-0.40, 0.21]",0.5313032912665417,0.9307504209261677,False
Beta-2-microglobulin,Monos,20,39,-0.06289432567832828,"[-0.36, 0.25]",0.696053680475035,0.9507803863239565,False
Amino acid transporter heavy chain SLC3A2,Monos,20,39,-0.08805205594966033,"[-0.39, 0.23]",0.584078218634943,0.9307504209261677,False
Haptoglobin-related protein,Monos,20,39,0.08805205594966017,"[-0.23, 0.39]",0.584078218634943,0.9307504209261677,False
Alpha-1-acid glycoprotein 1,Monos,20,39,-0.02515773027133084,"[-0.33, 0.28]",0.8759298006815162,0.9710047873747903,False
Serum paraoxonase/arylesterase 1,Monos,20,39,0.2264195724419824,"[-0.09, 0.50]",0.1545852510050743,0.7607516423767026,False
Target of Nesh-SH3,Monos,20,39,-0.1635252467636541,"[-0.45, 0.15]",0.3069756528698824,0.860788962265991,False
Intercellular adhesion molecule 1,Monos,20,39,0.17610411189931957,"[-0.14, 0.46]",0.2707314445157677,0.8448096775145966,False
Complement C4-A,Monos,20,39,0.23899843757764766,"[-0.07, 0.51]",0.13234575356789466,0.7605654126839256,False
Coagulation factor XIII A chain,Monos,20,39,-0.36478708893430456,"[-0.60, -0.06]",0.01902754958724692,0.4106779452580828,False
Immunoglobulin mu heavy chain,Monos,20,39,0.08805205594965952,"[-0.23, 0.39]",0.5840782186349485,0.9307504209261677,False
Oncoprotein-induced transcript 3 protein,Monos,20,39,0.03773659540699665,"[-0.27, 0.34]",0.8147964162115997,0.9671847464778622,False
Peroxiredoxin-2,Monos,20,39,0.050315460542662505,"[-0.26, 0.35]",0.7547284319821241,0.9507803863239565,False
Tissue factor pathway inhibitor,Monos,20,39,0.05031546054266249,"[-0.26, 0.35]",0.7547284319821241,0.9507803863239565,False
Progranulin,Monos,20,39,0.06289432567832887,"[-0.25, 0.36]",0.6960536804750269,0.9507803863239565,False
Histone H2B type 1-K;Histone H2B type F-S,Monos,20,39,-0.1257886513566575,"[-0.42, 0.19]",0.43324433222999803,0.8960937411657979,False
Hemoglobin subunit delta,Monos,20,39,0.13836751649232337,"[-0.18, 0.43]",0.3882772645198932,0.893289750350874,False
Glutathione S-transferase P,Monos,20,39,0.10063092108532531,"[-0.21, 0.40]",0.5313032912665417,0.9307504209261677,False
Annexin A6,Monos,20,39,0.012578865135665324,"[-0.30, 0.32]",0.9377833563109993,0.9864156703215041,False
Complement factor H-related protein 1,Monos,20,39,0.08805205594965944,"[-0.23, 0.39]",0.5840782186349485,0.9307504209261677,False
Protein KPLCE,Monos,20,39,-0.1635252467636542,"[-0.45, 0.15]",0.3069756528698824,0.860788962265991,False
Immunoglobulin heavy variable 4-4,Monos,20,39,0.08805205594966087,"[-0.23, 0.39]",0.5840782186349377,0.9307504209261677,False
Alpha-1B-glycoprotein,Monos,20,39,0.1257886513566567,"[-0.19, 0.42]",0.4332443322299997,0.8960937411657979,False
Properdin,Monos,20,39,-0.2138407073063164,"[-0.49, 0.10]",0.17943606663614617,0.7970464859682194,False
Immunoglobulin heavy variable 3-53,Monos,20,39,-1.9551483976178976e-16,"[-0.31, 0.31]",1.0,1.0,False
Calmodulin-like protein 5,Monos,20,39,-0.1006309210853257,"[-0.40, 0.21]",0.5313032912665372,0.9307504209261677,False
Carboxypeptidase B2,Monos,20,39,-0.07547319081399334,"[-0.37, 0.24]",0.6390775016345243,0.9307504209261677,False
"Sushi, nidogen and EGF-like domain-containing protein 1",Monos,20,39,0.33962935866297356,"[0.04, 0.59]",0.02982027076098728,0.5032824644222794,False
Proteasome subunit alpha type-5,Monos,20,39,0.2138407073063166,"[-0.10, 0.49]",0.17943606663614617,0.7970464859682194,False
Bifunctional heparan sulfate N-deacetylase/N-sulfotransferase 4,Monos,20,39,-0.17610411189931877,"[-0.46, 0.14]",0.27073144451577086,0.8448096775145966,False
Immunoglobulin heavy variable 3-9,Monos,20,39,0.037736595406997475,"[-0.27, 0.34]",0.8147964162115997,0.9671847464778622,False
Neural cell adhesion molecule L1-like protein,Monos,20,39,0.012578865135666507,"[-0.30, 0.32]",0.9377833563109993,0.9864156703215041,False
Proteasome subunit alpha type-2,Monos,20,39,0.28931389812031066,"[-0.02, 0.55]",0.06655316995459021,0.6384174451199597,False
Intercellular adhesion molecule 3,Monos,20,39,-0.07547319081399344,"[-0.37, 0.24]",0.6390775016345243,0.9307504209261677,False
Receptor-type tyrosine-protein phosphatase eta,Monos,20,39,-0.3647870889343041,"[-0.60, -0.06]",0.01902754958724708,0.4106779452580828,False
ADAMTS-like protein 4,Monos,20,39,0.16352524676365446,"[-0.15, 0.45]",0.30697565286988115,0.860788962265991,False
Immunoglobulin lambda variable 3-21,Monos,20,39,-0.03773659540699739,"[-0.34, 0.27]",0.8147964162115997,0.9671847464778622,False
Cartilage oligomeric matrix protein,Monos,20,39,0.17610411189931952,"[-0.14, 0.46]",0.2707314445157677,0.8448096775145966,False
Neural cell adhesion molecule 1,Monos,20,39,0.03773659540699771,"[-0.27, 0.34]",0.8147964162115997,0.9671847464778622,False
Immunoglobulin lambda variable 2-11,Monos,20,39,-0.07547319081399338,"[-0.37, 0.24]",0.6390775016345243,0.9307504209261677,False
Immunoglobulin kappa variable 1D-33;Immunoglobulin kappa variable 1-33,Monos,20,39,0.352208223798639,"[0.05, 0.60]",0.02392074837731282,0.45322368856435696,False
Beta-2-glycoprotein 1,Monos,20,39,-0.11320978622099066,"[-0.41, 0.20]",0.48096623040858766,0.9307504209261677,False
Vitamin D-binding protein,Monos,20,39,-0.012578865135665904,"[-0.32, 0.30]",0.9377833563109993,0.9864156703215041,False
Filamin-A,Monos,20,39,0.4779968751552963,"[0.20, 0.68]",0.0015736604219857616,0.10813295185359303,False
Reelin,Monos,20,39,-2.5137622255087245e-16,"[-0.31, 0.31]",1.0,1.0,False
Immunoglobulin lambda variable 5-39,Monos,20,39,0.11320978622099091,"[-0.20, 0.41]",0.4809662304085859,0.9307504209261677,False
Fatty acid-binding protein 5,Monos,20,39,-0.25157730271331324,"[-0.52, 0.06]",0.1125799217684711,0.7242274493625929,False
"HLA class I histocompatibility antigen, A alpha chain",Monos,20,39,0.3270504935273076,"[0.02, 0.58]",0.03687322105937127,0.5407449785115541,False
Low affinity immunoglobulin gamma Fc region receptor III-A,Monos,20,39,0.050315460542662865,"[-0.26, 0.35]",0.7547284319821241,0.9507803863239565,False
Heat shock 70 kDa protein 1A;Heat shock 70 kDa protein 1B,Monos,20,39,0.01257886513566607,"[-0.30, 0.32]",0.9377833563109993,0.9864156703215041,False
Apolipoprotein D,Monos,20,39,0.33962935866297356,"[0.04, 0.59]",0.02982027076098728,0.5032824644222794,False
Plexin-B1,Monos,20,39,0.03773659540699778,"[-0.27, 0.34]",0.8147964162115926,0.9671847464778622,False
Immunoglobulin heavy variable 1-58,Monos,20,39,-0.1635252467636534,"[-0.45, 0.15]",0.30697565286988526,0.860788962265991,False
Apolipoprotein C-IV,Monos,20,39,0.4654180100196308,"[0.18, 0.68]",0.002167177197890309,0.13030152902315717,False
Monocyte differentiation antigen CD14,Monos,20,39,-0.10063092108532483,"[-0.40, 0.21]",0.5313032912665417,0.9307504209261677,False
Protein MENT,Monos,20,39,-0.025157730271330805,"[-0.33, 0.28]",0.8759298006815162,0.9710047873747903,False
Immunoglobulin epsilon heavy chain,Monos,20,39,-0.1886829770349846,"[-0.47, 0.13]",0.23742561415580354,0.8448096775145966,False
Complement factor H,Monos,20,39,-0.06289432567832798,"[-0.36, 0.25]",0.696053680475035,0.9507803863239565,False
Stabilin-1,Monos,20,39,0.1761041118993194,"[-0.14, 0.46]",0.2707314445157677,0.8448096775145966,False
Macrophage receptor MARCO,Monos,20,39,-0.012578865135665687,"[-0.32, 0.30]",0.9377833563109993,0.9864156703215041,False
Protein POF1B,Monos,20,39,-0.08805205594965984,"[-0.39, 0.23]",0.584078218634943,0.9307504209261677,False
Phosphatidylcholine-sterol acyltransferase,Monos,20,39,0.13836751649232296,"[-0.18, 0.43]",0.38827726451989597,0.893289750350874,False
Clusterin,Monos,20,39,0.33962935866297356,"[0.04, 0.59]",0.02982027076098728,0.5032824644222794,False
Platelet-activating factor acetylhydrolase,Monos,20,39,0.08805205594965963,"[-0.23, 0.39]",0.584078218634943,0.9307504209261677,False
Vasorin,Monos,20,39,-0.025157730271331523,"[-0.33, 0.28]",0.8759298006814945,0.9710047873747903,False
Myeloperoxidase,Monos,20,39,0.0628943256783282,"[-0.25, 0.36]",0.696053680475035,0.9507803863239565,False
Immunoglobulin lambda variable 5-52,Monos,20,39,0.13836751649232315,"[-0.18, 0.43]",0.38827726451989597,0.893289750350874,False
Carboxypeptidase N catalytic chain,Monos,20,39,0.238998437577648,"[-0.07, 0.51]",0.13234575356789427,0.7605654126839256,False
Fibrinogen gamma chain,Monos,20,39,-0.11320978622099148,"[-0.41, 0.20]",0.4809662304085859,0.9307504209261677,False
Soluble scavenger receptor cysteine-rich domain-containing protein SSC5D,Monos,20,39,0.06289432567832799,"[-0.25, 0.36]",0.696053680475035,0.9507803863239565,False
Tetranectin,Monos,20,39,-0.17610411189932001,"[-0.46, 0.14]",0.27073144451576664,0.8448096775145966,False
Apolipoprotein(a),Monos,20,39,0.1761041118993202,"[-0.14, 0.46]",0.2707314445157603,0.8448096775145966,False
Alpha-2-antiplasmin,Monos,20,39,0.012578865135665172,"[-0.30, 0.32]",0.9377833563109993,0.9864156703215041,False
Retroviral-like aspartic protease 1,Monos,20,39,-0.15094638162798835,"[-0.44, 0.16]",0.34616651092511663,0.860788962265991,False
Ficolin-3,Monos,20,39,0.08805205594966053,"[-0.23, 0.39]",0.584078218634943,0.9307504209261677,False
Immunoglobulin kappa variable 2-24,Monos,20,39,0.11320978622099107,"[-0.20, 0.41]",0.4809662304085859,0.9307504209261677,False
Immunoglobulin superfamily containing leucine-rich repeat protein,Monos,20,39,0.201261842170651,"[-0.11, 0.48]",0.2070173066653294,0.8205034779432058,False
Complement factor D,Monos,20,39,-0.08805205594965917,"[-0.39, 0.23]",0.5840782186349485,0.9307504209261677,False
Vitamin K-dependent protein Z,Monos,20,39,0.1886829770349849,"[-0.13, 0.47]",0.23742561415580354,0.8448096775145966,False
EGF-containing fibulin-like extracellular matrix protein 1,Monos,20,39,-0.03773659540699657,"[-0.34, 0.27]",0.8147964162115997,0.9671847464778622,False
Dipeptidase 2,Monos,20,39,0.08805205594965998,"[-0.23, 0.39]",0.584078218634943,0.9307504209261677,False
Myeloblastin,Monos,20,39,-0.05031546054266363,"[-0.35, 0.26]",0.7547284319821241,0.9507803863239565,False
Neurogenic locus notch homolog protein 1,Monos,20,39,0.20126184217065088,"[-0.11, 0.48]",0.2070173066653294,0.8205034779432058,False
Vitamin K-dependent protein S,Monos,20,39,0.11320978622099195,"[-0.20, 0.41]",0.4809662304085821,0.9307504209261677,False
Dermcidin,Monos,20,39,0.1383675164923232,"[-0.18, 0.43]",0.38827726451989597,0.893289750350874,False
Immunoglobulin heavy variable 3-73,Monos,20,39,0.2641561678489799,"[-0.05, 0.53]",0.09513554840865515,0.7152154288913432,False
Alpha-2-macroglobulin,Monos,20,39,0.13836751649232254,"[-0.18, 0.43]",0.38827726451989886,0.893289750350874,False
Cation-independent mannose-6-phosphate receptor,Monos,20,39,-0.05031546054266246,"[-0.35, 0.26]",0.7547284319821241,0.9507803863239565,False
Chromodomain-helicase-DNA-binding protein 1;Chromodomain-helicase-DNA-binding protein 2;Chromodomain-helicase-DNA-binding protein 9;Chromodomain-helicase-DNA-binding protein 6;Chromodomain-helicase-DNA-binding protein 8;Chromodomain-helicase-DNA-binding protein 7,Monos,20,39,-0.21384070730631696,"[-0.49, 0.10]",0.17943606663614683,0.7970464859682194,False
Ceruloplasmin,Monos,20,39,0.20126184217065063,"[-0.11, 0.48]",0.20701730666532933,0.8205034779432058,False
Prostaglandin-H2 D-isomerase,Monos,20,39,-0.22641957244198233,"[-0.50, 0.09]",0.15458525100507478,0.7607516423767026,False
Protein S100-A9,Monos,20,39,-0.0628943256783276,"[-0.36, 0.25]",0.696053680475035,0.9507803863239565,False
Immunoglobulin J chain,Monos,20,39,-0.2138407073063161,"[-0.49, 0.10]",0.179436066636148,0.7970464859682194,False
Probable non-functional immunoglobulin kappa variable 3-7,Eosin,20,39,-0.37962830118264757,"[-0.62, -0.08]",0.014362967645684182,0.36734819848780037,False
Apolipoprotein A-IV,Eosin,20,39,-0.013558153613665597,"[-0.32, 0.30]",0.9329502488742162,0.9864156703215041,False
Coagulation factor XII,Eosin,20,39,-0.04067446084099855,"[-0.34, 0.27]",0.8006594533463309,0.9671847464778622,False
Mannan-binding lectin serine protease 1,Eosin,20,39,0.20337230420498978,"[-0.11, 0.48]",0.20219471975410755,0.8205034779432058,False
Complement factor I,Eosin,20,39,-0.1491396897503249,"[-0.44, 0.17]",0.35203635314531323,0.860788962265991,False
Platelet glycoprotein Ib alpha chain,Eosin,20,39,-0.17625599697765743,"[-0.46, 0.14]",0.2703118141277696,0.8448096775145966,False
Hepatocyte growth factor-like protein,Eosin,20,39,0.08134892168199716,"[-0.23, 0.38]",0.613124847705983,0.9307504209261677,False
Profilin-1,Eosin,20,39,0.4203027620236462,"[0.13, 0.64]",0.006218726112970236,0.2522704918357926,False
Peptidase inhibitor 16,Eosin,20,39,-1.2042059450637417e-16,"[-0.31, 0.31]",1.0,1.0,False
Cell surface glycoprotein MUC18,Eosin,20,39,-0.1491396897503261,"[-0.44, 0.17]",0.3520363531453098,0.860788962265991,False
Adhesion G-protein coupled receptor G6,Eosin,20,39,0.14913968975032585,"[-0.17, 0.44]",0.3520363531453098,0.860788962265991,False
Immunoglobulin heavy variable 1-69,Eosin,20,39,-0.05423261445466308,"[-0.36, 0.26]",0.7362924926363607,0.9507803863239565,False
Insulin-like growth factor-binding protein complex acid labile subunit,Eosin,20,39,-0.2847212258869855,"[-0.54, 0.03]",0.07118826135830736,0.6751855661786503,False
Plasma serine protease inhibitor,Eosin,20,39,-0.04067446084099777,"[-0.34, 0.27]",0.8006594533463309,0.9671847464778622,False
Immunoglobulin heavy variable 1-69D,Eosin,20,39,-3.4620920920582577e-16,"[-0.31, 0.31]",1.0,1.0,False
Pancreatic adenocarcinoma up-regulated factor,Eosin,20,39,-0.1084652289093273,"[-0.40, 0.21]",0.4996541821636433,0.9307504209261677,False
Immunoglobulin heavy variable 3-64D,Eosin,20,39,0.3253956867279836,"[0.02, 0.58]",0.037895095739808995,0.5407449785115541,False
Neutrophil gelatinase-associated lipocalin,Eosin,20,39,0.08134892168199585,"[-0.23, 0.38]",0.613124847705992,0.9307504209261677,False
Lysosome-associated membrane glycoprotein 2,Eosin,20,39,-0.04067446084099739,"[-0.34, 0.27]",0.8006594533463309,0.9671847464778622,False
Corneodesmosin,Eosin,20,39,0.04067446084099811,"[-0.27, 0.34]",0.8006594533463309,0.9671847464778622,False
Collagen alpha-1(XVIII) chain,Eosin,20,39,0.040674460840998836,"[-0.27, 0.34]",0.8006594533463309,0.9671847464778622,False
Lipopolysaccharide-binding protein,Eosin,20,39,-0.054232614454664506,"[-0.36, 0.26]",0.7362924926363559,0.9507803863239565,False
Immunoglobulin heavy variable 3-49,Eosin,20,39,0.36607014756898226,"[0.07, 0.61]",0.018579520445015502,0.4106779452580828,False
SPARC-like protein 1,Eosin,20,39,0.0406744608409979,"[-0.27, 0.34]",0.8006594533463309,0.9671847464778622,False
Ras-associated and pleckstrin homology domains-containing protein 1,Eosin,20,39,0.1355815361366605,"[-0.18, 0.43]",0.3979933313242807,0.8942566210002417,False
Alpha-1-acid glycoprotein 2,Eosin,20,39,-0.08134892168199534,"[-0.38, 0.23]",0.613124847705992,0.9307504209261677,False
Immunoglobulin heavy variable 3-20,Eosin,20,39,0.14913968975032596,"[-0.17, 0.44]",0.3520363531453098,0.860788962265991,False
Neurogenic locus notch homolog protein 2,Eosin,20,39,0.25760491865965396,"[-0.05, 0.52]",0.10394095705411464,0.7242274493625929,False
Apolipoprotein B-100,Eosin,20,39,0.23048861143232288,"[-0.08, 0.50]",0.14711174404625563,0.7607516423767026,False
CD44 antigen,Eosin,20,39,-2.4084118901274834e-16,"[-0.31, 0.31]",1.0,1.0,False
Pigment epithelium-derived factor,Eosin,20,39,0.10846522890932889,"[-0.21, 0.40]",0.49965418216363733,0.9307504209261677,False
Xaa-Pro dipeptidase,Eosin,20,39,0.04067446084099846,"[-0.27, 0.34]",0.8006594533463309,0.9671847464778622,False
Immunoglobulin heavy constant delta,Eosin,20,39,-0.21693045781865536,"[-0.49, 0.10]",0.17308321673949373,0.7970464859682194,False
Probable non-functional immunoglobulin heavy variable 3-38-3,Eosin,20,39,0.013558153613666746,"[-0.30, 0.32]",0.9329502488742162,0.9864156703215041,False
Immunoglobulin lambda constant 7,Eosin,20,39,0.040674460840997975,"[-0.27, 0.34]",0.8006594533463309,0.9671847464778622,False
Receptor-type tyrosine-protein phosphatase gamma,Eosin,20,39,0.0271163072273326,"[-0.28, 0.33]",0.8663548553256359,0.9710047873747903,False
Afamin,Eosin,20,39,-0.25760491865965446,"[-0.52, 0.05]",0.10394095705411374,0.7242274493625929,False
Pyruvate kinase PKLR,Eosin,20,39,0.21693045781865683,"[-0.10, 0.49]",0.17308321673949076,0.7970464859682194,False
Insulin-like growth factor 2,Eosin,20,39,-0.04067446084099807,"[-0.34, 0.27]",0.8006594533463309,0.9671847464778622,False
CD109 antigen,Eosin,20,39,6.924184184116521e-16,"[-0.31, 0.31]",1.0,1.0,False
ADP-ribosyl cyclase/cyclic ADP-ribose hydrolase 2,Eosin,20,39,0.08134892168199565,"[-0.23, 0.38]",0.613124847705992,0.9307504209261677,False
Dedicator of cytokinesis protein 4,Eosin,20,39,0.3660701475689823,"[0.07, 0.61]",0.01857952044501545,0.4106779452580828,False
Complement factor H-related protein 2,Eosin,20,39,2.634200504826935e-16,"[-0.31, 0.31]",1.0,1.0,False
Selenoprotein P,Eosin,20,39,0.2576049186596548,"[-0.05, 0.52]",0.10394095705411348,0.7242274493625929,False
Adipocyte plasma membrane-associated protein,Eosin,20,39,0.14913968975032602,"[-0.17, 0.44]",0.3520363531453098,0.860788962265991,False
Immunoglobulin heavy constant alpha 2,Eosin,20,39,-0.1491396897503264,"[-0.44, 0.17]",0.35203635314530857,0.860788962265991,False
Lactotransferrin,Eosin,20,39,0.13558153613666013,"[-0.18, 0.43]",0.3979933313242807,0.8942566210002417,False
Alpha-enolase,Eosin,20,39,0.081348921681996,"[-0.23, 0.38]",0.613124847705986,0.9307504209261677,False
Immunoglobulin heavy constant gamma 1,Eosin,20,39,0.16269784336399196,"[-0.15, 0.45]",0.30946308627238517,0.860788962265991,False
Collectin-10,Eosin,20,39,0.13558153613665963,"[-0.18, 0.43]",0.3979933313242834,0.8942566210002417,False
Lysosome-associated membrane glycoprotein 1,Eosin,20,39,-0.23048861143232205,"[-0.50, 0.08]",0.1471117440462573,0.7607516423767026,False
Cathelicidin antimicrobial peptide,Eosin,20,39,0.01355815361366681,"[-0.30, 0.32]",0.9329502488742162,0.9864156703215041,False
Fibroblast growth factor-binding protein 2,Eosin,20,39,0.21693045781865686,"[-0.10, 0.49]",0.17308321673949076,0.7970464859682194,False
Lymphatic vessel endothelial hyaluronic acid receptor 1,Eosin,20,39,-0.06779076806833004,"[-0.37, 0.24]",0.6736572932449941,0.9507803863239565,False
Haptoglobin,Eosin,20,39,0.09490707529566246,"[-0.22, 0.39]",0.555027573540968,0.9307504209261677,False
Tenascin-X,Eosin,20,39,-0.013558153613665448,"[-0.32, 0.30]",0.9329502488742162,0.9864156703215041,False
Zinc finger protein 512B,Eosin,20,39,0.13558153613665977,"[-0.18, 0.43]",0.3979933313242834,0.8942566210002417,False
Immunoglobulin lambda variable 3-19,Eosin,20,39,-0.027116307227331438,"[-0.33, 0.28]",0.8663548553256559,0.9710047873747903,False
Complement C1q subcomponent subunit B,Eosin,20,39,0.013558153613666857,"[-0.30, 0.32]",0.9329502488742162,0.9864156703215041,False
Ubiquitin-ribosomal protein eS31 fusion protein,Eosin,20,39,-0.013558153613666737,"[-0.32, 0.30]",0.9329502488742162,0.9864156703215041,False
Kinesin-like protein KIF21A,Eosin,20,39,-0.25760491865965407,"[-0.52, 0.05]",0.10394095705411403,0.7242274493625929,False
Attractin,Eosin,20,39,-0.05423261445466323,"[-0.36, 0.26]",0.7362924926363607,0.9507803863239565,False
Immunoglobulin lambda variable 1-44,Eosin,20,39,-0.3253956867279837,"[-0.58, -0.02]",0.037895095739808884,0.5407449785115541,False
Immunoglobulin heavy variable 1-46,Eosin,20,39,0.16269784336399254,"[-0.15, 0.45]",0.309463086272382,0.860788962265991,False
Fibulin-1,Eosin,20,39,0.09490707529566196,"[-0.22, 0.39]",0.5550275735409729,0.9307504209261677,False
Secreted phosphoprotein 24,Eosin,20,39,-0.06779076806833051,"[-0.37, 0.24]",0.6736572932449941,0.9507803863239565,False
Scavenger receptor class B member 1,Eosin,20,39,-0.16269784336399185,"[-0.45, 0.15]",0.30946308627238517,0.860788962265991,False
Immunoglobulin lambda variable 2-18,Eosin,20,39,0.21693045781865608,"[-0.10, 0.49]",0.17308321673949237,0.7970464859682194,False
Collagen alpha-2(VI) chain,Eosin,20,39,0.12202338252299509,"[-0.19, 0.41]",0.4472457875304464,0.911271749842688,False
Adiponectin,Eosin,20,39,0.027116307227331448,"[-0.28, 0.33]",0.8663548553256559,0.9710047873747903,False
Nidogen-1,Eosin,20,39,0.2440467650459889,"[-0.07, 0.51]",0.12412414138449325,0.7605654126839256,False
Alpha-1-antitrypsin,Eosin,20,39,-0.12202338252299441,"[-0.41, 0.19]",0.4472457875304482,0.911271749842688,False
"Sushi, von Willebrand factor type A, EGF and pentraxin domain-containing protein 1",Eosin,20,39,0.2576049186596546,"[-0.05, 0.52]",0.10394095705411374,0.7242274493625929,False
Complement C1s subcomponent,Eosin,20,39,0.13558153613666055,"[-0.18, 0.43]",0.39799333132427916,0.8942566210002417,False
Alpha-actinin-4,Eosin,20,39,-0.122023382522993,"[-0.41, 0.19]",0.44724578753045496,0.911271749842688,False
Complement component C1q receptor,Eosin,20,39,0.12202338252299388,"[-0.19, 0.41]",0.4472457875304515,0.911271749842688,False
Inter-alpha-trypsin inhibitor heavy chain H3,Eosin,20,39,-0.08134892168199531,"[-0.38, 0.23]",0.613124847705992,0.9307504209261677,False
Immunoglobulin kappa variable 1D-8,Eosin,20,39,0.0813489216819956,"[-0.23, 0.38]",0.613124847705992,0.9307504209261677,False
Low-density lipoprotein receptor,Eosin,20,39,0.189814150591325,"[-0.13, 0.47]",0.2345733815272668,0.8448096775145966,False
Prolactin-inducible protein,Eosin,20,39,-0.013558153613666227,"[-0.32, 0.30]",0.9329502488742162,0.9864156703215041,False
Hyaluronan-binding protein 2,Eosin,20,39,0.02711630722733211,"[-0.28, 0.33]",0.8663548553256559,0.9710047873747903,False
N-acetylmuramoyl-L-alanine amidase,Eosin,20,39,-0.040674460840998426,"[-0.34, 0.27]",0.8006594533463309,0.9671847464778622,False
Serpin A11,Eosin,20,39,0.1626978433639927,"[-0.15, 0.45]",0.309463086272382,0.860788962265991,False
C4b-binding protein alpha chain,Eosin,20,39,0.3389538403416501,"[0.03, 0.59]",0.030168366813658525,0.5066179105316122,False
Inter-alpha-trypsin inhibitor heavy chain H2,Eosin,20,39,-0.06779076806833043,"[-0.37, 0.24]",0.6736572932449941,0.9507803863239565,False
Fibrillin-1,Eosin,20,39,0.2576049186596546,"[-0.05, 0.52]",0.10394095705411374,0.7242274493625929,False
Golgi-associated RAB2 interactor protein 1B,Eosin,20,39,0.1220233825229937,"[-0.19, 0.41]",0.4472457875304515,0.911271749842688,False
Neurogenic locus notch homolog protein 3,Eosin,20,39,-0.027116307227331826,"[-0.33, 0.28]",0.8663548553256559,0.9710047873747903,False
Immunoglobulin heavy constant alpha 1,Eosin,20,39,-0.08134892168199664,"[-0.38, 0.23]",0.613124847705986,0.9307504209261677,False
Apolipoprotein C-III,Eosin,20,39,0.4880935300919759,"[0.21, 0.69]",0.001206417341791892,0.08830450412637611,False
Glutathione peroxidase 3,Eosin,20,39,0.06779076806833043,"[-0.24, 0.37]",0.6736572932449941,0.9507803863239565,False
Contactin-1,Eosin,20,39,0.1220233825229932,"[-0.19, 0.41]",0.44724578753045496,0.911271749842688,False
Stomatin,Eosin,20,39,0.4880935300919761,"[0.21, 0.69]",0.0012064173417918886,0.08830450412637611,False
Immunoglobulin heavy variable 3-13,Eosin,20,39,0.3796283011826488,"[0.08, 0.62]",0.014362967645683858,0.36734819848780037,False
Immunoglobulin heavy variable 1-69-2,Eosin,20,39,0.3253956867279848,"[0.02, 0.58]",0.03789509573980813,0.5407449785115541,False
Apolipoprotein E,Eosin,20,39,0.1898141505913239,"[-0.13, 0.47]",0.2345733815272704,0.8448096775145966,False
Mucosal addressin cell adhesion molecule 1,Eosin,20,39,-0.16269784336399126,"[-0.45, 0.15]",0.3094630862723865,0.860788962265991,False
Protein S100-A11,Eosin,20,39,-0.12202338252299433,"[-0.41, 0.19]",0.4472457875304482,0.911271749842688,False
Complement factor H-related protein 4,Eosin,20,39,0.06779076806833054,"[-0.24, 0.37]",0.6736572932449941,0.9507803863239565,False
Immunoglobulin kappa variable 1D-16,Eosin,20,39,0.23048861143232308,"[-0.08, 0.50]",0.14711174404625563,0.7607516423767026,False
Immunoglobulin lambda variable 1-47,Eosin,20,39,0.17625599697765762,"[-0.14, 0.46]",0.2703118141277696,0.8448096775145966,False
Fructose-bisphosphate aldolase A,Eosin,20,39,-0.16269784336399132,"[-0.45, 0.15]",0.3094630862723865,0.860788962265991,False
Thrombospondin-1,Eosin,20,39,0.027116307227332083,"[-0.28, 0.33]",0.8663548553256559,0.9710047873747903,False
Aminopeptidase N,Eosin,20,39,-0.1898141505913236,"[-0.47, 0.13]",0.2345733815272704,0.8448096775145966,False
Apolipoprotein M,Eosin,20,39,0.02711630722733202,"[-0.28, 0.33]",0.8663548553256559,0.9710047873747903,False
Immunoglobulin heavy variable 3-43,Eosin,20,39,0.027116307227332707,"[-0.28, 0.33]",0.8663548553256359,0.9710047873747903,False
Cysteine-rich secretory protein 3,Eosin,20,39,-0.13558153613666038,"[-0.43, 0.18]",0.3979933313242807,0.8942566210002417,False
Complement component C8 alpha chain,Eosin,20,39,-0.06779076806832933,"[-0.37, 0.24]",0.6736572932449978,0.9507803863239565,False
Immunoglobulin heavy variable 2-70D,Eosin,20,39,8.429441615446192e-16,"[-0.31, 0.31]",1.0,1.0,False
Immunoglobulin heavy variable 3-23,Eosin,20,39,0.06779076806832976,"[-0.24, 0.37]",0.6736572932449978,0.9507803863239565,False
Plasma kallikrein,Eosin,20,39,0.18981415059132437,"[-0.13, 0.47]",0.23457338152726862,0.8448096775145966,False
Galectin-7,Eosin,20,39,-0.013558153613665493,"[-0.32, 0.30]",0.9329502488742162,0.9864156703215041,False
Extracellular superoxide dismutase [Cu-Zn],Eosin,20,39,0.2711630722733204,"[-0.04, 0.53]",0.08636524860566598,0.6940138235209582,False
Immunoglobulin heavy variable 1-8,Eosin,20,39,0.09490707529566174,"[-0.22, 0.39]",0.5550275735409729,0.9307504209261677,False
Cystatin-C,Eosin,20,39,-0.3796283011826481,"[-0.62, -0.08]",0.01436296764568402,0.36734819848780037,False
Immunoglobulin lambda-like polypeptide 1,Eosin,20,39,-0.09490707529566236,"[-0.39, 0.22]",0.555027573540968,0.9307504209261677,False
Inhibin beta C chain,Eosin,20,39,-0.13558153613665955,"[-0.43, 0.18]",0.3979933313242834,0.8942566210002417,False
Mannose-binding protein C,Eosin,20,39,0.13558153613666082,"[-0.18, 0.43]",0.39799333132427916,0.8942566210002417,False
IgGFc-binding protein,Eosin,20,39,0.027116307227332673,"[-0.28, 0.33]",0.8663548553256359,0.9710047873747903,False
Macrophage mannose receptor 1,Eosin,20,39,0.13558153613666063,"[-0.18, 0.43]",0.39799333132427916,0.8942566210002417,False
Aromatase,Eosin,20,39,-0.13558153613665982,"[-0.43, 0.18]",0.3979933313242834,0.8942566210002417,False
Cadherin-5,Eosin,20,39,0.01355815361366668,"[-0.30, 0.32]",0.9329502488742162,0.9864156703215041,False
Immunoglobulin kappa variable 1-8,Eosin,20,39,0.2576049186596542,"[-0.05, 0.52]",0.10394095705411403,0.7242274493625929,False
Retinol-binding protein 4,Eosin,20,39,-0.08134892168199552,"[-0.38, 0.23]",0.613124847705992,0.9307504209261677,False
Complement component C8 beta chain,Eosin,20,39,-0.1084652289093275,"[-0.40, 0.21]",0.4996541821636433,0.9307504209261677,False
Tumor necrosis factor receptor superfamily member 1B,Eosin,20,39,-0.1626978433639919,"[-0.45, 0.15]",0.30946308627238517,0.860788962265991,False
Formin-2,Eosin,20,39,0.16269784336399168,"[-0.15, 0.45]",0.30946308627238517,0.860788962265991,False
Scavenger receptor cysteine-rich domain-containing protein DMBT1,Eosin,20,39,-0.16269784336399246,"[-0.45, 0.15]",0.3094630862723858,0.860788962265991,False
Apolipoprotein L1,Eosin,20,39,0.10846522890932886,"[-0.21, 0.40]",0.49965418216363733,0.9307504209261677,False
Leucine-rich alpha-2-glycoprotein,Eosin,20,39,-0.20337230420499025,"[-0.48, 0.11]",0.202194719754107,0.8205034779432058,False
Immunoglobulin heavy variable 1-2,Eosin,20,39,0.311837533114318,"[0.00, 0.57]",0.04716831014992146,0.5721605269144762,False
Ras-related protein Rab-10,Eosin,20,39,0.5152098373193083,"[0.25, 0.71]",0.0005668999031888941,0.04894235830864119,True
Immunoglobulin heavy variable 1-24,Eosin,20,39,0.054232614454664076,"[-0.26, 0.36]",0.7362924926363607,0.9507803863239565,False
Annexin A3,Eosin,20,39,0.31183753311431894,"[0.00, 0.57]",0.04716831014992081,0.5721605269144762,False
Hemoglobin subunit beta,Eosin,20,39,0.10846522890932865,"[-0.21, 0.40]",0.49965418216363733,0.9307504209261677,False
Immunoglobulin lambda variable 4-69,Eosin,20,39,0.24404676504598793,"[-0.07, 0.51]",0.12412414138449505,0.7605654126839256,False
Elongation factor 2,Eosin,20,39,-0.1626978433639923,"[-0.45, 0.15]",0.3094630862723858,0.860788962265991,False
Multiple inositol polyphosphate phosphatase 1,Eosin,20,39,-0.21693045781865647,"[-0.49, 0.10]",0.17308321673949115,0.7970464859682194,False
Collagen alpha-1(VI) chain,Eosin,20,39,0.1355815361366599,"[-0.18, 0.43]",0.3979933313242807,0.8942566210002417,False
Hepatocyte growth factor activator,Eosin,20,39,-0.06779076806833075,"[-0.37, 0.24]",0.6736572932449941,0.9507803863239565,False
Fibrinogen beta chain,Eosin,20,39,-0.20337230420499056,"[-0.48, 0.11]",0.202194719754106,0.8205034779432058,False
Hemicentin-1,Eosin,20,39,0.21693045781865714,"[-0.10, 0.49]",0.1730832167394901,0.7970464859682194,False
C-type mannose receptor 2,Eosin,20,39,-0.013558153613666314,"[-0.32, 0.30]",0.9329502488742162,0.9864156703215041,False
Platelet glycoprotein Ib beta chain,Eosin,20,39,0.5830006053876383,"[0.34, 0.76]",6.336153999750975e-05,0.010928860758516333,True
Complement C2,Eosin,20,39,-0.10846522890932747,"[-0.40, 0.21]",0.4996541821636433,0.9307504209261677,False
Annexin A2,Eosin,20,39,-0.01355815361366563,"[-0.32, 0.30]",0.9329502488742162,0.9864156703215041,False
Protein disulfide-isomerase A3,Eosin,20,39,-0.027116307227332156,"[-0.33, 0.28]",0.8663548553256559,0.9710047873747903,False
Dipeptidyl peptidase 4,Eosin,20,39,0.0813489216819957,"[-0.23, 0.38]",0.613124847705992,0.9307504209261677,False
Proteasome subunit alpha type-4,Eosin,20,39,-3.0105148626593544e-16,"[-0.31, 0.31]",1.0,1.0,False
Coagulation factor XI,Eosin,20,39,-0.08134892168199657,"[-0.38, 0.23]",0.613124847705986,0.9307504209261677,False
Collectin-11,Eosin,20,39,0.2440467650459876,"[-0.07, 0.51]",0.12412414138449539,0.7605654126839256,False
High mobility group protein B1,Eosin,20,39,-0.17625599697765826,"[-0.46, 0.14]",0.27031181412776767,0.8448096775145966,False
Immunoglobulin lambda variable 3-16,Eosin,20,39,0.16269784336399193,"[-0.15, 0.45]",0.30946308627238517,0.860788962265991,False
Prothrombin,Eosin,20,39,0.5558842981603065,"[0.30, 0.74]",0.00016112867456164154,0.024112010988846536,True
Immunoglobulin kappa joining 1,Eosin,20,39,0.1220233825229952,"[-0.19, 0.41]",0.4472457875304464,0.911271749842688,False
Immunoglobulin heavy variable 3-7,Eosin,20,39,0.054232614454663625,"[-0.26, 0.36]",0.7362924926363607,0.9507803863239565,False
Immunoglobulin heavy variable 3-74,Eosin,20,39,0.40674460840998045,"[0.11, 0.63]",0.008313093064625845,0.3066711211611223,False
Ezrin,Eosin,20,39,0.39318645479631403,"[0.10, 0.63]",0.010987017300729918,0.32947143764920506,False
Intercellular adhesion molecule 2,Eosin,20,39,3.3115663489252895e-16,"[-0.31, 0.31]",1.0,1.0,False
Lysozyme C,Eosin,20,39,-0.02711630722733189,"[-0.33, 0.28]",0.8663548553256559,0.9710047873747903,False
Protein AMBP,Eosin,20,39,-0.054232614454663285,"[-0.36, 0.26]",0.7362924926363607,0.9507803863239565,False
Prolyl endopeptidase FAP,Eosin,20,39,-0.08134892168199598,"[-0.38, 0.23]",0.613124847705986,0.9307504209261677,False
"Actin, cytoplasmic 2",Eosin,20,39,0.12202338252299394,"[-0.19, 0.41]",0.4472457875304515,0.911271749842688,False
Kallistatin,Eosin,20,39,-0.04067446084099755,"[-0.34, 0.27]",0.8006594533463309,0.9671847464778622,False
Hemopexin,Eosin,20,39,-0.09490707529566257,"[-0.39, 0.22]",0.555027573540968,0.9307504209261677,False
C4b-binding protein beta chain,Eosin,20,39,0.2304886114323222,"[-0.08, 0.50]",0.14711174404625693,0.7607516423767026,False
Peptidyl-prolyl cis-trans isomerase A,Eosin,20,39,0.2304886114323225,"[-0.08, 0.50]",0.14711174404625604,0.7607516423767026,False
Complement C1r subcomponent-like protein,Eosin,20,39,0.17625599697765776,"[-0.14, 0.46]",0.27031181412776883,0.8448096775145966,False
Immunoglobulin heavy variable 3-30;Immunoglobulin heavy variable 3-30-5,Eosin,20,39,0.25760491865965396,"[-0.05, 0.52]",0.10394095705411464,0.7242274493625929,False
Immunoglobulin lambda variable 3-9,Eosin,20,39,-0.09490707529566231,"[-0.39, 0.22]",0.555027573540968,0.9307504209261677,False
Immunoglobulin heavy variable 1-45,Eosin,20,39,0.06779076806832944,"[-0.24, 0.37]",0.6736572932449978,0.9507803863239565,False
Hemoglobin subunit gamma-1,Eosin,20,39,0.04067446084099801,"[-0.27, 0.34]",0.8006594533463309,0.9671847464778622,False
Apolipoprotein F,Eosin,20,39,0.013558153613666432,"[-0.30, 0.32]",0.9329502488742162,0.9864156703215041,False
Immunoglobulin gamma-1 heavy chain,Eosin,20,39,0.06779076806833072,"[-0.24, 0.37]",0.6736572932449941,0.9507803863239565,False
Low affinity immunoglobulin gamma Fc region receptor III-B,Eosin,20,39,0.2033723042049897,"[-0.11, 0.48]",0.20219471975410847,0.8205034779432058,False
Multiple epidermal growth factor-like domains protein 8,Eosin,20,39,0.04067446084099852,"[-0.27, 0.34]",0.8006594533463309,0.9671847464778622,False
Complement C4-B,Eosin,20,39,-0.2033723042049907,"[-0.48, 0.11]",0.202194719754106,0.8205034779432058,False
Glyceraldehyde-3-phosphate dehydrogenase,Eosin,20,39,0.12202338252299402,"[-0.19, 0.41]",0.4472457875304482,0.911271749842688,False
Complement C1r subcomponent,Eosin,20,39,0.13558153613666074,"[-0.18, 0.43]",0.39799333132427916,0.8942566210002417,False
Sex hormone-binding globulin,Eosin,20,39,-0.10846522890932768,"[-0.40, 0.21]",0.4996541821636433,0.9307504209261677,False
Biotinidase,Eosin,20,39,-0.393186454796314,"[-0.63, -0.10]",0.010987017300729918,0.32947143764920506,False
Cholinesterase,Eosin,20,39,0.10846522890932839,"[-0.21, 0.40]",0.4996541821636393,0.9307504209261677,False
Immunoglobulin heavy variable 2-5,Eosin,20,39,0.10846522890932861,"[-0.21, 0.40]",0.4996541821636393,0.9307504209261677,False
Immunoglobulin lambda variable 1-36,Eosin,20,39,0.08134892168199567,"[-0.23, 0.38]",0.613124847705992,0.9307504209261677,False
Immunoglobulin kappa variable 3-11,Eosin,20,39,-0.05423261445466446,"[-0.36, 0.26]",0.7362924926363559,0.9507803863239565,False
Immunoglobulin kappa variable 6-21,Eosin,20,39,0.08134892168199657,"[-0.23, 0.38]",0.613124847705986,0.9307504209261677,False
Immunoglobulin kappa light chain,Eosin,20,39,0.04067446084099855,"[-0.27, 0.34]",0.8006594533463309,0.9671847464778622,False
Neuropilin-1,Eosin,20,39,-4.2899836792895807e-16,"[-0.31, 0.31]",1.0,1.0,False
Ficolin-2,Eosin,20,39,4.0641950645901274e-16,"[-0.31, 0.31]",1.0,1.0,False
Gamma-glutamyl hydrolase,Eosin,20,39,-0.21693045781865636,"[-0.49, 0.10]",0.17308321673949115,0.7970464859682194,False
Keratinocyte proline-rich protein,Eosin,20,39,0.12202338252299388,"[-0.19, 0.41]",0.4472457875304515,0.911271749842688,False
Kyphoscoliosis peptidase,Eosin,20,39,-0.23048861143232238,"[-0.50, 0.08]",0.14711174404625693,0.7607516423767026,False
Laminin subunit alpha-2,Eosin,20,39,0.24404676504598952,"[-0.07, 0.51]",0.12412414138449215,0.7605654126839256,False
Desmoglein-1,Eosin,20,39,-4.666298037121999e-16,"[-0.31, 0.31]",1.0,1.0,False
Immunoglobulin lambda variable 3-27,Eosin,20,39,0.2304886114323225,"[-0.08, 0.50]",0.14711174404625604,0.7607516423767026,False
Myosin-9,Eosin,20,39,0.23048861143232233,"[-0.08, 0.50]",0.14711174404625693,0.7607516423767026,False
Versican core protein,Eosin,20,39,0.3118375331143177,"[0.00, 0.57]",0.04716831014992175,0.5721605269144762,False
Proteasome subunit beta type-3,Eosin,20,39,-0.027116307227332274,"[-0.33, 0.28]",0.8663548553256359,0.9710047873747903,False
Alpha-N-acetylglucosaminidase,Eosin,20,39,0.02711630722733154,"[-0.28, 0.33]",0.8663548553256559,0.9710047873747903,False
Caspase-14,Eosin,20,39,-0.04067446084099839,"[-0.34, 0.27]",0.8006594533463309,0.9671847464778622,False
Histidine-rich glycoprotein,Eosin,20,39,-0.027116307227332104,"[-0.33, 0.28]",0.8663548553256559,0.9710047873747903,False
"ATP synthase subunit alpha, mitochondrial",Eosin,20,39,-0.1355815361366594,"[-0.43, 0.18]",0.3979933313242834,0.8942566210002417,False
Immunoglobulin kappa constant,Eosin,20,39,-0.13558153613666019,"[-0.43, 0.18]",0.3979933313242807,0.8942566210002417,False
Interleukin-1 receptor accessory protein,Eosin,20,39,0.027116307227332073,"[-0.28, 0.33]",0.8663548553256559,0.9710047873747903,False
Immunoglobulin lambda variable 9-49,Eosin,20,39,0.12202338252299437,"[-0.19, 0.41]",0.4472457875304482,0.911271749842688,False
Plexin domain-containing protein 2,Eosin,20,39,0.09490707529566177,"[-0.22, 0.39]",0.5550275735409729,0.9307504209261677,False
Immunoglobulin heavy variable 4-28,Eosin,20,39,0.04067446084099772,"[-0.27, 0.34]",0.8006594533463309,0.9671847464778622,False
Desmoplakin,Eosin,20,39,-0.08134892168199612,"[-0.38, 0.23]",0.613124847705986,0.9307504209261677,False
Endoplasmin,Eosin,20,39,-0.10846522890932797,"[-0.40, 0.21]",0.4996541821636393,0.9307504209261677,False
Heparin cofactor 2,Eosin,20,39,-0.2847212258869861,"[-0.54, 0.03]",0.07118826135830675,0.6751855661786503,False
Laminin subunit gamma-1,Eosin,20,39,0.32539568672798436,"[0.02, 0.58]",0.037895095739808454,0.5407449785115541,False
Polymeric immunoglobulin receptor,Eosin,20,39,0.054232614454663444,"[-0.26, 0.36]",0.7362924926363607,0.9507803863239565,False
Serum amyloid A-4 protein,Eosin,20,39,-0.01355815361366575,"[-0.32, 0.30]",0.9329502488742162,0.9864156703215041,False
Catalase,Eosin,20,39,0.20337230420499045,"[-0.11, 0.48]",0.202194719754107,0.8205034779432058,False
Complement receptor type 1,Eosin,20,39,0.12202338252299368,"[-0.19, 0.41]",0.4472457875304515,0.911271749842688,False
Immunoglobulin kappa variable 1-27,Eosin,20,39,0.37962830118264773,"[0.08, 0.62]",0.014362967645684139,0.36734819848780037,False
Immunoglobulin kappa variable 2-30,Eosin,20,39,7.827338642914322e-16,"[-0.31, 0.31]",1.0,1.0,False
Protein-glutamine gamma-glutamyltransferase E,Eosin,20,39,0.04067446084099773,"[-0.27, 0.34]",0.8006594533463309,0.9671847464778622,False
Periostin,Eosin,20,39,-0.14913968975032582,"[-0.44, 0.17]",0.3520363531453098,0.860788962265991,False
Albumin,Eosin,20,39,-0.1898141505913242,"[-0.47, 0.13]",0.2345733815272693,0.8448096775145966,False
Complement factor B,Eosin,20,39,-0.29827937950065175,"[-0.55, 0.01]",0.05819482211671997,0.6075719878046392,False
Probable non-functional immunoglobulinn kappa variable 1-37;Probable non-functional immunoglobulinn kappa variable 1D-37,Eosin,20,39,0.162697843363993,"[-0.15, 0.45]",0.309463086272382,0.860788962265991,False
Immunoglobulin lambda variable 8-61,Eosin,20,39,-0.09490707529566132,"[-0.39, 0.22]",0.5550275735409729,0.9307504209261677,False
Annexin A1,Eosin,20,39,0.20337230420499125,"[-0.11, 0.48]",0.20219471975410472,0.8205034779432058,False
CD5 antigen-like,Eosin,20,39,0.1491396897503267,"[-0.17, 0.44]",0.35203635314530857,0.860788962265991,False
RB-associated KRAB zinc finger protein,Eosin,20,39,-0.08134892168199617,"[-0.38, 0.23]",0.613124847705986,0.9307504209261677,False
Immunoglobulin lambda variable 7-46,Eosin,20,39,0.35251199395531685,"[0.05, 0.60]",0.023791294799566255,0.45322368856435696,False
Basement membrane-specific heparan sulfate proteoglycan core protein,Eosin,20,39,0.16269784336399265,"[-0.15, 0.45]",0.309463086272382,0.860788962265991,False
Vitamin K-dependent protein C,Eosin,20,39,0.040674460840997954,"[-0.27, 0.34]",0.8006594533463309,0.9671847464778622,False
Immunoglobulin lambda variable 1-40,Eosin,20,39,-0.013558153613665937,"[-0.32, 0.30]",0.9329502488742162,0.9864156703215041,False
Pantetheinase,Eosin,20,39,-0.09490707529566224,"[-0.39, 0.22]",0.555027573540968,0.9307504209261677,False
Neutrophil defensin 1;Neutrophil defensin 3,Eosin,20,39,7.526287156648386e-16,"[-0.31, 0.31]",1.0,1.0,False
Immunoglobulin lambda variable 2-8,Eosin,20,39,0.23048861143232202,"[-0.08, 0.50]",0.1471117440462573,0.7607516423767026,False
Immunoglobulin heavy variable 1-18,Eosin,20,39,0.2304886114323217,"[-0.08, 0.50]",0.1471117440462573,0.7607516423767026,False
Immunoglobulin kappa variable 3D-15,Eosin,20,39,-0.1355815361366596,"[-0.43, 0.18]",0.3979933313242834,0.8942566210002417,False
Extracellular matrix protein 1,Eosin,20,39,-0.20337230420499006,"[-0.48, 0.11]",0.20219471975410755,0.8205034779432058,False
Tubulin alpha-1B chain,Eosin,20,39,-0.09490707529566178,"[-0.39, 0.22]",0.5550275735409729,0.9307504209261677,False
Immunoglobulin lambda variable 5-45,Eosin,20,39,0.135581536136661,"[-0.18, 0.43]",0.39799333132427916,0.8942566210002417,False
Alpha-2-HS-glycoprotein,Eosin,20,39,-0.05423261445466334,"[-0.36, 0.26]",0.7362924926363607,0.9507803863239565,False
Cartilage acidic protein 1,Eosin,20,39,0.12202338252299366,"[-0.19, 0.41]",0.4472457875304515,0.911271749842688,False
Coagulation factor IX,Eosin,20,39,0.16269784336399223,"[-0.15, 0.45]",0.3094630862723858,0.860788962265991,False
Integrin alpha-2,Eosin,20,39,-0.013558153613665294,"[-0.32, 0.30]",0.9329502488742162,0.9864156703215041,False
"Mannosyl-oligosaccharide 1,2-alpha-mannosidase IA",Eosin,20,39,-0.054232614454664374,"[-0.36, 0.26]",0.7362924926363559,0.9507803863239565,False
Endophilin-A3,Eosin,20,39,-0.06779076806832936,"[-0.37, 0.24]",0.6736572932449978,0.9507803863239565,False
Collagen alpha-1(I) chain,Eosin,20,39,0.14913968975032696,"[-0.17, 0.44]",0.352036353145306,0.860788962265991,False
Carboxypeptidase N subunit 2,Eosin,20,39,0.027116307227331975,"[-0.28, 0.33]",0.8663548553256559,0.9710047873747903,False
Scavenger receptor cysteine-rich type 1 protein M130,Eosin,20,39,3.3868292204917736e-16,"[-0.31, 0.31]",1.0,1.0,False
Annexin A5,Eosin,20,39,-0.17625599697765837,"[-0.46, 0.14]",0.27031181412776767,0.8448096775145966,False
Platelet factor 4,Eosin,20,39,-0.013558153613666234,"[-0.32, 0.30]",0.9329502488742162,0.9864156703215041,False
Immunoglobulin heavy variable 3-72,Eosin,20,39,0.14913968975032676,"[-0.17, 0.44]",0.35203635314530857,0.860788962265991,False
Protein HEG homolog 1,Eosin,20,39,0.08134892168199671,"[-0.23, 0.38]",0.613124847705986,0.9307504209261677,False
Sulfhydryl oxidase 1,Eosin,20,39,-0.20337230420499045,"[-0.48, 0.11]",0.202194719754107,0.8205034779432058,False
Corticosteroid-binding globulin,Eosin,20,39,-0.13558153613665996,"[-0.43, 0.18]",0.3979933313242807,0.8942566210002417,False
Angiopoietin-related protein 6,Eosin,20,39,0.09490707529566177,"[-0.22, 0.39]",0.5550275735409729,0.9307504209261677,False
72 kDa type IV collagenase,Eosin,20,39,0.1491396897503257,"[-0.17, 0.44]",0.3520363531453098,0.860788962265991,False
Trypsin-3,Eosin,20,39,-0.10846522890932755,"[-0.40, 0.21]",0.4996541821636433,0.9307504209261677,False
Complement component C9,Eosin,20,39,-0.0813489216819956,"[-0.38, 0.23]",0.613124847705992,0.9307504209261677,False
Pyruvate kinase PKM,Eosin,20,39,0.06779076806833076,"[-0.24, 0.37]",0.6736572932449941,0.9507803863239565,False
Immunoglobulin heavy variable 4-34,Eosin,20,39,0.25760491865965435,"[-0.05, 0.52]",0.10394095705411403,0.7242274493625929,False
Immunoglobulin kappa variable 6D-21,Eosin,20,39,0.06779076806832947,"[-0.24, 0.37]",0.6736572932449978,0.9507803863239565,False
Immunoglobulin lambda-1 light chain,Eosin,20,39,-0.13558153613665927,"[-0.43, 0.18]",0.3979933313242834,0.8942566210002417,False
Transforming growth factor-beta-induced protein ig-h3,Eosin,20,39,0.1491396897503265,"[-0.17, 0.44]",0.35203635314530857,0.860788962265991,False
Complement C1q subcomponent subunit A,Eosin,20,39,0.20337230420499083,"[-0.11, 0.48]",0.202194719754106,0.8205034779432058,False
Prolow-density lipoprotein receptor-related protein 1,Eosin,20,39,0.12202338252299455,"[-0.19, 0.41]",0.4472457875304482,0.911271749842688,False
Immunoglobulin heavy constant mu,Eosin,20,39,0.2982793795006523,"[-0.01, 0.55]",0.05819482211671965,0.6075719878046392,False
UV-stimulated scaffold protein A,Eosin,20,39,-0.1898141505913244,"[-0.47, 0.13]",0.23457338152726862,0.8448096775145966,False
Complement component C6,Eosin,20,39,-0.18981415059132373,"[-0.47, 0.13]",0.2345733815272704,0.8448096775145966,False
Angiotensinogen,Eosin,20,39,-0.2576049186596531,"[-0.52, 0.05]",0.10394095705411582,0.7242274493625929,False
Pregnancy zone protein,Eosin,20,39,0.25760491865965374,"[-0.05, 0.52]",0.10394095705411464,0.7242274493625929,False
Histone H2A type 1-B/E;Histone H2A type 3;Histone H2A type 1-C,Eosin,20,39,0.013558153613666262,"[-0.30, 0.32]",0.9329502488742162,0.9864156703215041,False
Desmocollin-1,Eosin,20,39,0.02711630722733273,"[-0.28, 0.33]",0.8663548553256359,0.9710047873747903,False
Protein Z-dependent protease inhibitor,Eosin,20,39,-0.21693045781865572,"[-0.49, 0.10]",0.17308321673949284,0.7970464859682194,False
Immunoglobulin kappa variable 1-17,Eosin,20,39,0.1084652289093287,"[-0.21, 0.40]",0.49965418216363733,0.9307504209261677,False
Fibronectin,Eosin,20,39,-0.27116307227332037,"[-0.53, 0.04]",0.08636524860566598,0.6940138235209582,False
Probable non-functional immunoglobulin heavy variable 3-38,Eosin,20,39,0.2711630722733202,"[-0.04, 0.53]",0.08636524860566647,0.6940138235209582,False
Nucleoside diphosphate kinase 3,Eosin,20,39,0.12202338252299492,"[-0.19, 0.41]",0.4472457875304464,0.911271749842688,False
Plasma protease C1 inhibitor,Eosin,20,39,-0.1762559969776583,"[-0.46, 0.14]",0.27031181412776767,0.8448096775145966,False
Immunoglobulin kappa variable 1-16,Eosin,20,39,0.054232614454664776,"[-0.26, 0.36]",0.7362924926363559,0.9507803863239565,False
F-actin-capping protein subunit alpha-1,Eosin,20,39,0.08134892168199598,"[-0.23, 0.38]",0.613124847705986,0.9307504209261677,False
Cathepsin D,Eosin,20,39,-0.13558153613665935,"[-0.43, 0.18]",0.3979933313242834,0.8942566210002417,False
Anthrax toxin receptor 2,Eosin,20,39,0.1355815361366596,"[-0.18, 0.43]",0.3979933313242834,0.8942566210002417,False
Talin-1,Eosin,20,39,0.3796283011826482,"[0.08, 0.62]",0.01436296764568402,0.36734819848780037,False
Protein disulfide-isomerase,Eosin,20,39,-0.17625599697765798,"[-0.46, 0.14]",0.27031181412776883,0.8448096775145966,False
Junction plakoglobin,Eosin,20,39,-0.04067446084099719,"[-0.34, 0.27]",0.800659453346344,0.9671847464778622,False
Tenascin,Eosin,20,39,0.32539568672798364,"[0.02, 0.58]",0.037895095739808884,0.5407449785115541,False
Cadherin-related family member 5,Eosin,20,39,0.054232614454663854,"[-0.26, 0.36]",0.7362924926363607,0.9507803863239565,False
Kininogen-1,Eosin,20,39,0.027116307227331493,"[-0.28, 0.33]",0.8663548553256559,0.9710047873747903,False
Alpha-1-antichymotrypsin,Eosin,20,39,-0.06779076806832941,"[-0.37, 0.24]",0.6736572932449978,0.9507803863239565,False
Integrin alpha-IIb,Eosin,20,39,0.6914658342969666,"[0.49, 0.82]",5.565324852355616e-07,0.00046846121944703404,True
Serum amyloid P-component,Eosin,20,39,-0.2576049186596544,"[-0.52, 0.05]",0.10394095705411374,0.7242274493625929,False
Inter-alpha-trypsin inhibitor heavy chain H1,Eosin,20,39,-0.054232614454664284,"[-0.36, 0.26]",0.7362924926363607,0.9507803863239565,False
Probable non-functional immunoglobulin heavy variable 3-35,Eosin,20,39,0.06779076806832968,"[-0.24, 0.37]",0.6736572932449978,0.9507803863239565,False
Immunoglobulin kappa variable 1-5,Eosin,20,39,0.27116307227332076,"[-0.04, 0.53]",0.08636524860566572,0.6940138235209582,False
Band 3 anion transport protein,Eosin,20,39,0.28472122588698673,"[-0.03, 0.54]",0.0711882613583063,0.6751855661786503,False
Immunoglobulin lambda variable 7-43,Eosin,20,39,-0.17625599697765823,"[-0.46, 0.14]",0.27031181412776767,0.8448096775145966,False
Peroxiredoxin-1,Eosin,20,39,9.031544587978066e-17,"[-0.31, 0.31]",1.0,1.0,False
Matrix metalloproteinase-9,Eosin,20,39,-0.176255996977658,"[-0.46, 0.14]",0.27031181412776883,0.8448096775145966,False
Multimerin-2,Eosin,20,39,3.3115663489252895e-16,"[-0.31, 0.31]",1.0,1.0,False
Immunoglobulin heavy variable 1-3,Eosin,20,39,0.10846522890932808,"[-0.21, 0.40]",0.4996541821636393,0.9307504209261677,False
Podocalyxin,Eosin,20,39,0.2711630722733201,"[-0.04, 0.53]",0.08636524860566647,0.6940138235209582,False
Immunoglobulin lambda variable 1-51,Eosin,20,39,0.12202338252299386,"[-0.19, 0.41]",0.4472457875304515,0.911271749842688,False
Cadherin-13,Eosin,20,39,-0.054232614454663465,"[-0.36, 0.26]",0.7362924926363607,0.9507803863239565,False
Plastin-2,Eosin,20,39,-0.04067446084099762,"[-0.34, 0.27]",0.8006594533463309,0.9671847464778622,False
Inter-alpha-trypsin inhibitor heavy chain H4,Eosin,20,39,0.05423261445466474,"[-0.26, 0.36]",0.7362924926363559,0.9507803863239565,False
Fructose-bisphosphate aldolase B,Eosin,20,39,0.14913968975032701,"[-0.17, 0.44]",0.352036353145306,0.860788962265991,False
Mannan-binding lectin serine protease 2,Eosin,20,39,0.013558153613666482,"[-0.30, 0.32]",0.9329502488742162,0.9864156703215041,False
Platelet glycoprotein 4,Eosin,20,39,0.4474190692509785,"[0.16, 0.66]",0.0033566942039766593,0.1725494562563269,False
Hemoglobin subunit alpha,Eosin,20,39,0.10846522890932889,"[-0.21, 0.40]",0.49965418216363733,0.9307504209261677,False
Immunoglobulin lambda variable 3-10,Eosin,20,39,0.06779076806832991,"[-0.24, 0.37]",0.6736572932449941,0.9507803863239565,False
Serum paraoxonase/lactonase 3,Eosin,20,39,-0.1491396897503261,"[-0.44, 0.17]",0.3520363531453098,0.860788962265991,False
Dopamine beta-hydroxylase,Eosin,20,39,0.09490707529566203,"[-0.22, 0.39]",0.5550275735409729,0.9307504209261677,False
Triosephosphate isomerase,Eosin,20,39,-0.2033723042049899,"[-0.48, 0.11]",0.20219471975410755,0.8205034779432058,False
Endoplasmic reticulum chaperone BiP,Eosin,20,39,-0.01355815361366491,"[-0.32, 0.30]",0.9329502488742162,0.9864156703215041,False
Suprabasin,Eosin,20,39,0.040674460840997774,"[-0.27, 0.34]",0.8006594533463309,0.9671847464778622,False
Immunoglobulin kappa variable 3-20,Eosin,20,39,0.054232614454663756,"[-0.26, 0.36]",0.7362924926363607,0.9507803863239565,False
Ficolin-1,Eosin,20,39,0.0813489216819966,"[-0.23, 0.38]",0.613124847705986,0.9307504209261677,False
Autotaxin,Eosin,20,39,-0.12202338252299384,"[-0.41, 0.19]",0.4472457875304515,0.911271749842688,False
Histidine ammonia-lyase,Eosin,20,39,0.054232614454665,"[-0.26, 0.36]",0.7362924926363559,0.9507803863239565,False
Noelin,Eosin,20,39,-0.0949070752956611,"[-0.39, 0.22]",0.5550275735409778,0.9307504209261677,False
Prenylcysteine oxidase 1,Eosin,20,39,0.28472122588698645,"[-0.03, 0.54]",0.07118826135830653,0.6751855661786503,False
Immunoglobulin delta heavy chain,Eosin,20,39,0.12202338252299393,"[-0.19, 0.41]",0.4472457875304515,0.911271749842688,False
Antithrombin-III,Eosin,20,39,-0.3796283011826483,"[-0.62, -0.08]",0.01436296764568398,0.36734819848780037,False
Complement component C7,Eosin,20,39,-0.1762559969776576,"[-0.46, 0.14]",0.2703118141277696,0.8448096775145966,False
BOS complex subunit NOMO3;BOS complex subunit NOMO1;BOS complex subunit NOMO2,Eosin,20,39,0.0813489216819957,"[-0.23, 0.38]",0.613124847705992,0.9307504209261677,False
Cofilin-1,Eosin,20,39,0.01355815361366577,"[-0.30, 0.32]",0.9329502488742162,0.9864156703215041,False
Histone H4,Eosin,20,39,-0.0677907680683299,"[-0.37, 0.24]",0.6736572932449941,0.9507803863239565,False
Serum amyloid A-1 protein,Eosin,20,39,-0.013558153613666345,"[-0.32, 0.30]",0.9329502488742162,0.9864156703215041,False
Transferrin receptor protein 1,Eosin,20,39,0.08134892168199556,"[-0.23, 0.38]",0.613124847705992,0.9307504209261677,False
Serpin B12,Eosin,20,39,0.027116307227331896,"[-0.28, 0.33]",0.8663548553256559,0.9710047873747903,False
Immunoglobulin kappa variable 3D-20,Eosin,20,39,0.02711630722733289,"[-0.28, 0.33]",0.8663548553256359,0.9710047873747903,False
Probable non-functional immunoglobulin heavy variable 3-16,Eosin,20,39,0.20337230420498986,"[-0.11, 0.48]",0.20219471975410755,0.8205034779432058,False
Immunoglobulin lambda variable 6-57,Eosin,20,39,0.3525119939553168,"[0.05, 0.60]",0.023791294799566255,0.45322368856435696,False
Fibrinogen alpha chain,Eosin,20,39,0.25760491865965407,"[-0.05, 0.52]",0.10394095705411403,0.7242274493625929,False
Galectin-3-binding protein,Eosin,20,39,0.1491396897503266,"[-0.17, 0.44]",0.35203635314530857,0.860788962265991,False
Macrophage colony-stimulating factor 1 receptor,Eosin,20,39,-0.32539568672798436,"[-0.58, -0.02]",0.037895095739808454,0.5407449785115541,False
Phosphatidylinositol-glycan-specific phospholipase D,Eosin,20,39,0.05423261445466349,"[-0.26, 0.36]",0.7362924926363607,0.9507803863239565,False
Serotransferrin,Eosin,20,39,-0.14913968975032613,"[-0.44, 0.17]",0.3520363531453098,0.860788962265991,False
Integrin alpha-11,Eosin,20,39,-0.06779076806833018,"[-0.37, 0.24]",0.6736572932449941,0.9507803863239565,False
Proprotein convertase subtilisin/kexin type 9,Eosin,20,39,0.3253956867279839,"[0.02, 0.58]",0.03789509573980877,0.5407449785115541,False
Gelsolin,Eosin,20,39,0.13558153613666069,"[-0.18, 0.43]",0.39799333132427916,0.8942566210002417,False
Proteoglycan 4,Eosin,20,39,0.16269784336399165,"[-0.15, 0.45]",0.30946308627238517,0.860788962265991,False
Vascular cell adhesion protein 1,Eosin,20,39,6.547869826284097e-16,"[-0.31, 0.31]",1.0,1.0,False
Adhesion G protein-coupled receptor F5,Eosin,20,39,0.09490707529566272,"[-0.22, 0.39]",0.555027573540968,0.9307504209261677,False
Insulin-like growth factor-binding protein 3,Eosin,20,39,0.1491396897503263,"[-0.17, 0.44]",0.35203635314530857,0.860788962265991,False
Transthyretin,Eosin,20,39,-0.13558153613666007,"[-0.43, 0.18]",0.3979933313242807,0.8942566210002417,False
Coiled-coil domain-containing protein 126,Eosin,20,39,0.027116307227331993,"[-0.28, 0.33]",0.8663548553256559,0.9710047873747903,False
Guanine nucleotide-binding protein G(i) subunit alpha-2,Eosin,20,39,0.6507913734559684,"[0.43, 0.80]",4.0917550903259864e-06,0.0015867002534444151,True
Apolipoprotein C-I,Eosin,20,39,0.13558153613665988,"[-0.18, 0.43]",0.3979933313242807,0.8942566210002417,False
Syntenin-1,Eosin,20,39,0.3118375331143192,"[0.00, 0.57]",0.047168310149920414,0.5721605269144762,False
Phospholipid transfer protein,Eosin,20,39,0.2576049186596542,"[-0.05, 0.52]",0.10394095705411403,0.7242274493625929,False
Laminin subunit beta-1,Eosin,20,39,0.31183753311431905,"[0.00, 0.57]",0.04716831014992069,0.5721605269144762,False
Proline-rich protein 4,Eosin,20,39,0.10846522890932796,"[-0.21, 0.40]",0.4996541821636393,0.9307504209261677,False
Immunoglobulin kappa variable 2-28;Immunoglobulin kappa variable 2D-28,Eosin,20,39,0.176255996977658,"[-0.14, 0.46]",0.27031181412776883,0.8448096775145966,False
Complement C3,Eosin,20,39,0.12202338252299394,"[-0.19, 0.41]",0.4472457875304515,0.911271749842688,False
Thyroxine-binding globulin,Eosin,20,39,-0.09490707529566197,"[-0.39, 0.22]",0.5550275735409729,0.9307504209261677,False
Immunoglobulin kappa variable 1D-13;Immunoglobulin kappa variable 1-13,Eosin,20,39,0.08134892168199691,"[-0.23, 0.38]",0.613124847705986,0.9307504209261677,False
Complement factor H-related protein 5,Eosin,20,39,0.13558153613666096,"[-0.18, 0.43]",0.39799333132427916,0.8942566210002417,False
Immunoglobulin lambda variable 2-23,Eosin,20,39,-0.04067446084099776,"[-0.34, 0.27]",0.8006594533463309,0.9671847464778622,False
Coagulation factor VII,Eosin,20,39,-0.027116307227331153,"[-0.33, 0.28]",0.8663548553256559,0.9710047873747903,False
Immunoglobulin heavy constant gamma 4,Eosin,20,39,-1.5052574313296774e-17,"[-0.31, 0.31]",1.0,1.0,False
L-lactate dehydrogenase B chain,Eosin,20,39,-0.013558153613666137,"[-0.32, 0.30]",0.9329502488742162,0.9864156703215041,False
Zinc-alpha-2-glycoprotein,Eosin,20,39,-0.1491396897503262,"[-0.44, 0.17]",0.3520363531453098,0.860788962265991,False
"Dihydrolipoyllysine-residue succinyltransferase component of 2-oxoglutarate dehydrogenase complex, mitochondrial",Eosin,20,39,-0.2304886114323221,"[-0.50, 0.08]",0.14711174404625693,0.7607516423767026,False
Serpin B3,Eosin,20,39,-0.17625599697765837,"[-0.46, 0.14]",0.27031181412776767,0.8448096775145966,False
Immunoglobulin heavy variable 3-33,Eosin,20,39,0.24404676504598832,"[-0.07, 0.51]",0.1241241413844939,0.7605654126839256,False
Follistatin-related protein 1,Eosin,20,39,-0.23048861143232194,"[-0.50, 0.08]",0.1471117440462573,0.7607516423767026,False
Cholesteryl ester transfer protein,Eosin,20,39,0.05423261445466373,"[-0.26, 0.36]",0.7362924926363607,0.9507803863239565,False
Complement C1q subcomponent subunit C,Eosin,20,39,0.17625599697765917,"[-0.14, 0.46]",0.27031181412776645,0.8448096775145966,False
Immunoglobulin heavy variable 4-30-2,Eosin,20,39,-0.04067446084099794,"[-0.34, 0.27]",0.8006594533463309,0.9671847464778622,False
Thrombospondin-4,Eosin,20,39,0.1084652289093288,"[-0.21, 0.40]",0.49965418216363733,0.9307504209261677,False
Transketolase,Eosin,20,39,0.14913968975032588,"[-0.17, 0.44]",0.3520363531453098,0.860788962265991,False
Complement receptor type 2,Eosin,20,39,-0.10846522890932744,"[-0.40, 0.21]",0.4996541821636433,0.9307504209261677,False
Immunoglobulin kappa variable 2-40;Immunoglobulin kappa variable 2D-40,Eosin,20,39,0.284721225886986,"[-0.03, 0.54]",0.07118826135830675,0.6751855661786503,False
Immunoglobulin kappa variable 3D-7,Eosin,20,39,0.05423261445466404,"[-0.26, 0.36]",0.7362924926363607,0.9507803863239565,False
Immunoglobulin heavy variable 3-64,Eosin,20,39,0.013558153613665757,"[-0.30, 0.32]",0.9329502488742162,0.9864156703215041,False
Vitronectin,Eosin,20,39,0.17625599697765798,"[-0.14, 0.46]",0.27031181412776883,0.8448096775145966,False
Complement component C8 gamma chain,Eosin,20,39,-0.027116307227332402,"[-0.33, 0.28]",0.8663548553256359,0.9710047873747903,False
Immunoglobulin heavy variable 5-51,Eosin,20,39,0.10846522890932792,"[-0.21, 0.40]",0.4996541821636393,0.9307504209261677,False
Coagulation factor V,Eosin,20,39,0.05423261445466438,"[-0.26, 0.36]",0.7362924926363559,0.9507803863239565,False
Protein S100-A7,Eosin,20,39,-0.05423261445466398,"[-0.36, 0.26]",0.7362924926363607,0.9507803863239565,False
Arginase-1,Eosin,20,39,0.054232614454663854,"[-0.26, 0.36]",0.7362924926363607,0.9507803863239565,False
Protein-glutamine gamma-glutamyltransferase K,Eosin,20,39,-0.16269784336399196,"[-0.45, 0.15]",0.30946308627238517,0.860788962265991,False
Immunoglobulin kappa variable 4-1,Eosin,20,39,0.054232614454664776,"[-0.26, 0.36]",0.7362924926363559,0.9507803863239565,False
Coagulation factor XIII B chain,Eosin,20,39,-0.23048861143232163,"[-0.50, 0.08]",0.14711174404625818,0.7607516423767026,False
Apolipoprotein C-II,Eosin,20,39,0.379628301182648,"[0.08, 0.62]",0.014362967645684096,0.36734819848780037,False
Bone marrow proteoglycan,Eosin,20,39,0.27116307227332026,"[-0.04, 0.53]",0.08636524860566647,0.6940138235209582,False
Apolipoprotein A-I,Eosin,20,39,-0.1898141505913243,"[-0.47, 0.13]",0.2345733815272693,0.8448096775145966,False
Coagulation factor X,Eosin,20,39,0.17625599697765879,"[-0.14, 0.46]",0.27031181412776534,0.8448096775145966,False
Thioredoxin,Eosin,20,39,-0.013558153613665415,"[-0.32, 0.30]",0.9329502488742162,0.9864156703215041,False
Immunoglobulin heavy variable 3-15,Eosin,20,39,0.18981415059132503,"[-0.13, 0.47]",0.2345733815272668,0.8448096775145966,False
Proteasome subunit beta type-2,Eosin,20,39,0.10846522890932797,"[-0.21, 0.40]",0.4996541821636393,0.9307504209261677,False
Apolipoprotein A-II,Eosin,20,39,-0.2576049186596543,"[-0.52, 0.05]",0.10394095705411403,0.7242274493625929,False
Immunoglobulin heavy constant gamma 2,Eosin,20,39,-0.3253956867279846,"[-0.58, -0.02]",0.03789509573980835,0.5407449785115541,False
Plakophilin-1,Eosin,20,39,0.09490707529566302,"[-0.22, 0.39]",0.555027573540968,0.9307504209261677,False
Fetuin-B,Eosin,20,39,-1.881571789162097e-16,"[-0.31, 0.31]",1.0,1.0,False
Complement factor H-related protein 3,Eosin,20,39,0.1491396897503259,"[-0.17, 0.44]",0.3520363531453098,0.860788962265991,False
Plasminogen,Eosin,20,39,-0.09490707529566213,"[-0.39, 0.22]",0.555027573540968,0.9307504209261677,False
Fermitin family homolog 3,Eosin,20,39,0.6779076806833004,"[0.47, 0.82]",1.1203213861981748e-06,0.0008382493571842788,True
Immunoglobulin heavy variable 3-21,Eosin,20,39,0.2711630722733203,"[-0.04, 0.53]",0.08636524860566647,0.6940138235209582,False
Immunoglobulin heavy variable 2-26,Eosin,20,39,0.027116307227331837,"[-0.28, 0.33]",0.8663548553256559,0.9710047873747903,False
Immunoglobulin kappa variable 1-12;Immunoglobulin kappa variable 1D-12,Eosin,20,39,0.3931864547963148,"[0.10, 0.63]",0.01098701730072973,0.32947143764920506,False
Immunoglobulin heavy constant gamma 3,Eosin,20,39,-0.027116307227332374,"[-0.33, 0.28]",0.8663548553256359,0.9710047873747903,False
Immunoglobulin kappa variable 2D-29,Eosin,20,39,0.08134892168199644,"[-0.23, 0.38]",0.613124847705986,0.9307504209261677,False
Neogenin,Eosin,20,39,0.17625599697765773,"[-0.14, 0.46]",0.27031181412776883,0.8448096775145966,False
Immunoglobulin heavy variable 6-1,Eosin,20,39,-0.027116307227332496,"[-0.33, 0.28]",0.8663548553256359,0.9710047873747903,False
L-selectin,Eosin,20,39,0.17625599697765795,"[-0.14, 0.46]",0.27031181412776883,0.8448096775145966,False
Immunoglobulin lambda constant 3,Eosin,20,39,-0.09490707529566166,"[-0.39, 0.22]",0.5550275735409729,0.9307504209261677,False
A disintegrin and metalloproteinase with thrombospondin motifs 13,Eosin,20,39,-0.1626978433639914,"[-0.45, 0.15]",0.3094630862723865,0.860788962265991,False
von Willebrand factor,Eosin,20,39,-0.43386091563731166,"[-0.65, -0.15]",0.004597176477544824,0.21498184999851974,False
Neutral alpha-glucosidase AB,Eosin,20,39,0.2711630722733206,"[-0.04, 0.53]",0.08636524860566598,0.6940138235209582,False
Carbonic anhydrase 1,Eosin,20,39,0.2576049186596549,"[-0.05, 0.52]",0.10394095705411348,0.7242274493625929,False
Immunoglobulin lambda variable 4-60,Eosin,20,39,0.0542326144546641,"[-0.26, 0.36]",0.7362924926363607,0.9507803863239565,False
Integrin beta-1,Eosin,20,39,0.176255996977658,"[-0.14, 0.46]",0.27031181412776883,0.8448096775145966,False
Immunoglobulin lambda variable 3-12,Eosin,20,39,-0.013558153613666708,"[-0.32, 0.30]",0.9329502488742162,0.9864156703215041,False
Alpha-amylase 1B;Alpha-amylase 1C;Alpha-amylase 1A,Eosin,20,39,-0.04067446084099874,"[-0.34, 0.27]",0.8006594533463309,0.9671847464778622,False
Lumican,Eosin,20,39,0.013558153613666813,"[-0.30, 0.32]",0.9329502488742162,0.9864156703215041,False
Beta-Ala-His dipeptidase,Eosin,20,39,-0.21693045781865647,"[-0.49, 0.10]",0.17308321673949115,0.7970464859682194,False
Immunoglobulin alpha-2 heavy chain,Eosin,20,39,0.2440467650459878,"[-0.07, 0.51]",0.12412414138449505,0.7605654126839256,False
Complement C5,Eosin,20,39,-0.01355815361366557,"[-0.32, 0.30]",0.9329502488742162,0.9864156703215041,False
Protein S100-A8,Eosin,20,39,0.06779076806833086,"[-0.24, 0.37]",0.6736572932449941,0.9507803863239565,False
Immunoglobulin lambda variable 3-25,Eosin,20,39,0.25760491865965374,"[-0.05, 0.52]",0.10394095705411464,0.7242274493625929,False
Leukocyte immunoglobulin-like receptor subfamily B member 3;Leukocyte immunoglobulin-like receptor subfamily A member 6,Eosin,20,39,-0.24404676504598716,"[-0.51, 0.07]",0.12412414138449607,0.7605654126839256,False
Collagen alpha-3(VI) chain,Eosin,20,39,0.0677907680683299,"[-0.24, 0.37]",0.6736572932449941,0.9507803863239565,False
Immunoglobulin kappa variable 1-39;Immunoglobulin kappa variable 1D-39,Eosin,20,39,0.13558153613665985,"[-0.18, 0.43]",0.3979933313242834,0.8942566210002417,False
Bleomycin hydrolase,Eosin,20,39,-0.09490707529566228,"[-0.39, 0.22]",0.555027573540968,0.9307504209261677,False
CD166 antigen,Eosin,20,39,-0.08134892168199556,"[-0.38, 0.23]",0.613124847705992,0.9307504209261677,False
Beta-2-microglobulin,Eosin,20,39,-0.10846522890932797,"[-0.40, 0.21]",0.4996541821636393,0.9307504209261677,False
Amino acid transporter heavy chain SLC3A2,Eosin,20,39,-0.04067446084099846,"[-0.34, 0.27]",0.8006594533463309,0.9671847464778622,False
Haptoglobin-related protein,Eosin,20,39,0.02711630722733243,"[-0.28, 0.33]",0.8663548553256359,0.9710047873747903,False
Alpha-1-acid glycoprotein 1,Eosin,20,39,-0.20337230420498956,"[-0.48, 0.11]",0.20219471975410847,0.8205034779432058,False
Serum paraoxonase/arylesterase 1,Eosin,20,39,0.08134892168199592,"[-0.23, 0.38]",0.613124847705986,0.9307504209261677,False
Target of Nesh-SH3,Eosin,20,39,-0.1762559969776583,"[-0.46, 0.14]",0.27031181412776767,0.8448096775145966,False
Intercellular adhesion molecule 1,Eosin,20,39,0.20337230420499,"[-0.11, 0.48]",0.20219471975410755,0.8205034779432058,False
Complement C4-A,Eosin,20,39,0.027116307227331524,"[-0.28, 0.33]",0.8663548553256559,0.9710047873747903,False
Coagulation factor XIII A chain,Eosin,20,39,-0.2847212258869857,"[-0.54, 0.03]",0.07118826135830736,0.6751855661786503,False
Immunoglobulin mu heavy chain,Eosin,20,39,0.20337230420498983,"[-0.11, 0.48]",0.20219471975410755,0.8205034779432058,False
Oncoprotein-induced transcript 3 protein,Eosin,20,39,0.027116307227331615,"[-0.28, 0.33]",0.8663548553256559,0.9710047873747903,False
Peroxiredoxin-2,Eosin,20,39,0.2576049186596539,"[-0.05, 0.52]",0.10394095705411464,0.7242274493625929,False
Tissue factor pathway inhibitor,Eosin,20,39,0.0406744608409977,"[-0.27, 0.34]",0.8006594533463309,0.9671847464778622,False
Progranulin,Eosin,20,39,0.14913968975032654,"[-0.17, 0.44]",0.35203635314530857,0.860788962265991,False
Histone H2B type 1-K;Histone H2B type F-S,Eosin,20,39,-0.06779076806833075,"[-0.37, 0.24]",0.6736572932449941,0.9507803863239565,False
Hemoglobin subunit delta,Eosin,20,39,0.203372304204991,"[-0.11, 0.48]",0.20219471975410472,0.8205034779432058,False
Glutathione S-transferase P,Eosin,20,39,0.05423261445466382,"[-0.26, 0.36]",0.7362924926363607,0.9507803863239565,False
Annexin A6,Eosin,20,39,-0.10846522890932844,"[-0.40, 0.21]",0.4996541821636393,0.9307504209261677,False
Complement factor H-related protein 1,Eosin,20,39,0.0677907680683295,"[-0.24, 0.37]",0.6736572932449978,0.9507803863239565,False
Protein KPLCE,Eosin,20,39,-0.054232614454664346,"[-0.36, 0.26]",0.7362924926363559,0.9507803863239565,False
Immunoglobulin heavy variable 4-4,Eosin,20,39,0.05423261445466514,"[-0.26, 0.36]",0.7362924926363559,0.9507803863239565,False
Alpha-1B-glycoprotein,Eosin,20,39,-0.04067446084099818,"[-0.34, 0.27]",0.8006594533463309,0.9671847464778622,False
Properdin,Eosin,20,39,-0.14913968975032574,"[-0.44, 0.17]",0.3520363531453098,0.860788962265991,False
Immunoglobulin heavy variable 3-53,Eosin,20,39,0.1355815361366598,"[-0.18, 0.43]",0.3979933313242834,0.8942566210002417,False
Calmodulin-like protein 5,Eosin,20,39,-1.6557831744626455e-16,"[-0.31, 0.31]",1.0,1.0,False
Carboxypeptidase B2,Eosin,20,39,-0.13558153613665946,"[-0.43, 0.18]",0.3979933313242834,0.8942566210002417,False
"Sushi, nidogen and EGF-like domain-containing protein 1",Eosin,20,39,0.3253956867279841,"[0.02, 0.58]",0.03789509573980856,0.5407449785115541,False
Proteasome subunit alpha type-5,Eosin,20,39,0.298279379500652,"[-0.01, 0.55]",0.05819482211671981,0.6075719878046392,False
Bifunctional heparan sulfate N-deacetylase/N-sulfotransferase 4,Eosin,20,39,-0.3118375331143174,"[-0.57, -0.00]",0.047168310149921865,0.5721605269144762,False
Immunoglobulin heavy variable 3-9,Eosin,20,39,4.591035165555516e-16,"[-0.31, 0.31]",1.0,1.0,False
Neural cell adhesion molecule L1-like protein,Eosin,20,39,0.162697843363993,"[-0.15, 0.45]",0.309463086272382,0.860788962265991,False
Proteasome subunit alpha type-2,Eosin,20,39,0.3118375331143179,"[0.00, 0.57]",0.04716831014992146,0.5721605269144762,False
Intercellular adhesion molecule 3,Eosin,20,39,-0.24404676504598752,"[-0.51, 0.07]",0.12412414138449539,0.7605654126839256,False
Receptor-type tyrosine-protein phosphatase eta,Eosin,20,39,-0.35251199395531535,"[-0.60, -0.05]",0.023791294799566785,0.45322368856435696,False
ADAMTS-like protein 4,Eosin,20,39,0.040674460840998725,"[-0.27, 0.34]",0.8006594533463309,0.9671847464778622,False
Immunoglobulin lambda variable 3-21,Eosin,20,39,0.04067446084099762,"[-0.27, 0.34]",0.8006594533463309,0.9671847464778622,False
Cartilage oligomeric matrix protein,Eosin,20,39,0.29827937950065203,"[-0.01, 0.55]",0.05819482211671981,0.6075719878046392,False
Neural cell adhesion molecule 1,Eosin,20,39,6.472606954717615e-16,"[-0.31, 0.31]",1.0,1.0,False
Immunoglobulin lambda variable 2-11,Eosin,20,39,0.08134892168199685,"[-0.23, 0.38]",0.613124847705986,0.9307504209261677,False
Immunoglobulin kappa variable 1D-33;Immunoglobulin kappa variable 1-33,Eosin,20,39,0.46097722286464415,"[0.18, 0.67]",0.0024195048556000793,0.14292057629483276,False
Beta-2-glycoprotein 1,Eosin,20,39,-0.23048861143232174,"[-0.50, 0.08]",0.1471117440462573,0.7607516423767026,False
Vitamin D-binding protein,Eosin,20,39,-0.18981415059132423,"[-0.47, 0.13]",0.2345733815272693,0.8448096775145966,False
Filamin-A,Eosin,20,39,0.5830006053876385,"[0.34, 0.76]",6.336153999750887e-05,0.010928860758516333,True
Reelin,Eosin,20,39,0.08134892168199573,"[-0.23, 0.38]",0.613124847705992,0.9307504209261677,False
Immunoglobulin lambda variable 5-39,Eosin,20,39,-0.05423261445466447,"[-0.36, 0.26]",0.7362924926363559,0.9507803863239565,False
Fatty acid-binding protein 5,Eosin,20,39,-0.27116307227331954,"[-0.53, 0.04]",0.0863652486056672,0.6940138235209582,False
"HLA class I histocompatibility antigen, A alpha chain",Eosin,20,39,0.4338609156373121,"[0.15, 0.65]",0.004597176477544797,0.21498184999851974,False
Low affinity immunoglobulin gamma Fc region receptor III-A,Eosin,20,39,-0.013558153613665814,"[-0.32, 0.30]",0.9329502488742162,0.9864156703215041,False
Heat shock 70 kDa protein 1A;Heat shock 70 kDa protein 1B,Eosin,20,39,-0.10846522890932775,"[-0.40, 0.21]",0.4996541821636433,0.9307504209261677,False
Apolipoprotein D,Eosin,20,39,0.33895384034165016,"[0.03, 0.59]",0.030168366813658525,0.5066179105316122,False
Plexin-B1,Eosin,20,39,0.28472122588698695,"[-0.03, 0.54]",0.07118826135830592,0.6751855661786503,False
Immunoglobulin heavy variable 1-58,Eosin,20,39,-0.13558153613665938,"[-0.43, 0.18]",0.3979933313242834,0.8942566210002417,False
Apolipoprotein C-IV,Eosin,20,39,0.46097722286464476,"[0.18, 0.67]",0.0024195048556000438,0.14292057629483276,False
Monocyte differentiation antigen CD14,Eosin,20,39,-0.09490707529566134,"[-0.39, 0.22]",0.5550275735409729,0.9307504209261677,False
Protein MENT,Eosin,20,39,0.08134892168199667,"[-0.23, 0.38]",0.613124847705986,0.9307504209261677,False
Immunoglobulin epsilon heavy chain,Eosin,20,39,-0.20337230420498945,"[-0.48, 0.11]",0.20219471975410847,0.8205034779432058,False
Complement factor H,Eosin,20,39,0.027116307227332558,"[-0.28, 0.33]",0.8663548553256359,0.9710047873747903,False
Stabilin-1,Eosin,20,39,0.14913968975032585,"[-0.17, 0.44]",0.3520363531453098,0.860788962265991,False
Macrophage receptor MARCO,Eosin,20,39,0.17625599697765806,"[-0.14, 0.46]",0.27031181412776883,0.8448096775145966,False
Protein POF1B,Eosin,20,39,0.06779076806832998,"[-0.24, 0.37]",0.6736572932449941,0.9507803863239565,False
Phosphatidylcholine-sterol acyltransferase,Eosin,20,39,0.1898141505913247,"[-0.13, 0.47]",0.23457338152726862,0.8448096775145966,False
Clusterin,Eosin,20,39,0.24404676504598805,"[-0.07, 0.51]",0.12412414138449429,0.7605654126839256,False
Platelet-activating factor acetylhydrolase,Eosin,20,39,0.16269784336399182,"[-0.15, 0.45]",0.30946308627238517,0.860788962265991,False
Vasorin,Eosin,20,39,-0.06779076806833022,"[-0.37, 0.24]",0.6736572932449941,0.9507803863239565,False
Myeloperoxidase,Eosin,20,39,0.18981415059132384,"[-0.13, 0.47]",0.2345733815272704,0.8448096775145966,False
Immunoglobulin lambda variable 5-52,Eosin,20,39,0.1491396897503267,"[-0.17, 0.44]",0.35203635314530857,0.860788962265991,False
Carboxypeptidase N catalytic chain,Eosin,20,39,0.09490707529566203,"[-0.22, 0.39]",0.5550275735409729,0.9307504209261677,False
Fibrinogen gamma chain,Eosin,20,39,0.06779076806832976,"[-0.24, 0.37]",0.6736572932449978,0.9507803863239565,False
Soluble scavenger receptor cysteine-rich domain-containing protein SSC5D,Eosin,20,39,0.17625599697765762,"[-0.14, 0.46]",0.2703118141277696,0.8448096775145966,False
Tetranectin,Eosin,20,39,-0.35251199395531657,"[-0.60, -0.05]",0.02379129479956631,0.45322368856435696,False
Apolipoprotein(a),Eosin,20,39,0.08134892168199663,"[-0.23, 0.38]",0.613124847705986,0.9307504209261677,False
Alpha-2-antiplasmin,Eosin,20,39,-0.16269784336399257,"[-0.45, 0.15]",0.309463086272382,0.860788962265991,False
Retroviral-like aspartic protease 1,Eosin,20,39,-0.13558153613666013,"[-0.43, 0.18]",0.3979933313242807,0.8942566210002417,False
Ficolin-3,Eosin,20,39,0.25760491865965496,"[-0.05, 0.52]",0.10394095705411348,0.7242274493625929,False
Immunoglobulin kappa variable 2-24,Eosin,20,39,0.27116307227332,"[-0.04, 0.53]",0.08636524860566672,0.6940138235209582,False
Immunoglobulin superfamily containing leucine-rich repeat protein,Eosin,20,39,0.23048861143232213,"[-0.08, 0.50]",0.14711174404625693,0.7607516423767026,False
Complement factor D,Eosin,20,39,-0.16269784336399143,"[-0.45, 0.15]",0.3094630862723865,0.860788962265991,False
Vitamin K-dependent protein Z,Eosin,20,39,-0.013558153613666505,"[-0.32, 0.30]",0.9329502488742162,0.9864156703215041,False
EGF-containing fibulin-like extracellular matrix protein 1,Eosin,20,39,-0.2847212258869856,"[-0.54, 0.03]",0.07118826135830736,0.6751855661786503,False
Dipeptidase 2,Eosin,20,39,0.12202338252299416,"[-0.19, 0.41]",0.4472457875304482,0.911271749842688,False
Myeloblastin,Eosin,20,39,0.040674460840997094,"[-0.27, 0.34]",0.800659453346344,0.9671847464778622,False
Neurogenic locus notch homolog protein 1,Eosin,20,39,0.21693045781865608,"[-0.10, 0.49]",0.17308321673949237,0.7970464859682194,False
Vitamin K-dependent protein S,Eosin,20,39,0.2440467650459889,"[-0.07, 0.51]",0.12412414138449325,0.7605654126839256,False
Dermcidin,Eosin,20,39,0.12202338252299476,"[-0.19, 0.41]",0.4472457875304482,0.911271749842688,False
Immunoglobulin heavy variable 3-73,Eosin,20,39,0.4067446084099806,"[0.11, 0.63]",0.008313093064625821,0.3066711211611223,False
Alpha-2-macroglobulin,Eosin,20,39,0.2576049186596542,"[-0.05, 0.52]",0.10394095705411403,0.7242274493625929,False
Cation-independent mannose-6-phosphate receptor,Eosin,20,39,4.214720807723097e-16,"[-0.31, 0.31]",1.0,1.0,False
Chromodomain-helicase-DNA-binding protein 1;Chromodomain-helicase-DNA-binding protein 2;Chromodomain-helicase-DNA-binding protein 9;Chromodomain-helicase-DNA-binding protein 6;Chromodomain-helicase-DNA-binding protein 8;Chromodomain-helicase-DNA-binding protein 7,Eosin,20,39,-0.21693045781865636,"[-0.49, 0.10]",0.17308321673949115,0.7970464859682194,False
Ceruloplasmin,Eosin,20,39,-0.013558153613666378,"[-0.32, 0.30]",0.9329502488742162,0.9864156703215041,False
Prostaglandin-H2 D-isomerase,Eosin,20,39,-0.3118375331143178,"[-0.57, -0.00]",0.04716831014992146,0.5721605269144762,False
Protein S100-A9,Eosin,20,39,1.008522478990884e-15,"[-0.31, 0.31]",1.0,1.0,False
Immunoglobulin J chain,Eosin,20,39,-0.06779076806832925,"[-0.37, 0.24]",0.6736572932449978,0.9507803863239565,False
Probable non-functional immunoglobulin kappa variable 3-7,Basof,20,39,-0.3466876226407676,"[-0.59, -0.04]",0.026377558844257094,0.4736706166859394,False
Apolipoprotein A-IV,Basof,20,39,-0.083205029433784,"[-0.38, 0.23]",0.6050205382242055,0.9307504209261677,False
Coagulation factor XII,Basof,20,39,-0.0554700196225236,"[-0.36, 0.26]",0.7304983348043069,0.9507803863239565,False
Mannan-binding lectin serine protease 1,Basof,20,39,0.013867504905630173,"[-0.30, 0.32]",0.9314239849182864,0.9864156703215041,False
Complement factor I,Basof,20,39,-0.027735009811260435,"[-0.33, 0.28]",0.8633340350162443,0.9710047873747903,False
Platelet glycoprotein Ib alpha chain,Basof,20,39,-0.15254255396193725,"[-0.44, 0.16]",0.3410307989079986,0.860788962265991,False
Hepatocyte growth factor-like protein,Basof,20,39,-0.013867504905629912,"[-0.32, 0.30]",0.9314239849182864,0.9864156703215041,False
Profilin-1,Basof,20,39,0.5269651864139673,"[0.26, 0.72]",0.00040054178792329624,0.038235771913692734,True
Peptidase inhibitor 16,Basof,20,39,-0.08320502943378458,"[-0.38, 0.23]",0.6050205382242027,0.9307504209261677,False
Cell surface glycoprotein MUC18,Basof,20,39,-0.13867504905630748,"[-0.43, 0.18]",0.38721332881620374,0.893289750350874,False
Adhesion G-protein coupled receptor G6,Basof,20,39,0.0554700196225226,"[-0.26, 0.36]",0.7304983348043161,0.9507803863239565,False
Immunoglobulin heavy variable 1-69,Basof,20,39,-0.08320502943378351,"[-0.38, 0.23]",0.6050205382242055,0.9307504209261677,False
Insulin-like growth factor-binding protein complex acid labile subunit,Basof,20,39,-0.20801257358446043,"[-0.48, 0.11]",0.1918693175828699,0.8205034779432058,False
Plasma serine protease inhibitor,Basof,20,39,-0.36055512754639896,"[-0.60, -0.06]",0.020570141016839235,0.4369694940296446,False
Immunoglobulin heavy variable 1-69D,Basof,20,39,-0.12480754415067714,"[-0.42, 0.19]",0.4368689860777073,0.8960937411657979,False
Pancreatic adenocarcinoma up-regulated factor,Basof,20,39,6.466329760940089e-16,"[-0.31, 0.31]",1.0,1.0,False
Immunoglobulin heavy variable 3-64D,Basof,20,39,0.23574758339572158,"[-0.08, 0.51]",0.13785042467943578,0.7607516423767026,False
Neutrophil gelatinase-associated lipocalin,Basof,20,39,-0.027735009811261827,"[-0.33, 0.28]",0.8633340350162247,0.9710047873747903,False
Lysosome-associated membrane glycoprotein 2,Basof,20,39,0.11094003924504625,"[-0.20, 0.40]",0.4898604139797985,0.9307504209261677,False
Corneodesmosin,Basof,20,39,-0.013867504905630922,"[-0.32, 0.30]",0.9314239849182864,0.9864156703215041,False
Collagen alpha-1(XVIII) chain,Basof,20,39,-0.041602514716891505,"[-0.34, 0.27]",0.7962064547602057,0.9671847464778622,False
Lipopolysaccharide-binding protein,Basof,20,39,-0.16641005886756943,"[-0.45, 0.15]",0.2984028326944778,0.860788962265991,False
Immunoglobulin heavy variable 3-49,Basof,20,39,0.1941450686788301,"[-0.12, 0.47]",0.22386905527947365,0.8448096775145966,False
SPARC-like protein 1,Basof,20,39,-0.2080125735844612,"[-0.48, 0.11]",0.1918693175828687,0.8205034779432058,False
Ras-associated and pleckstrin homology domains-containing protein 1,Basof,20,39,0.22188007849009192,"[-0.09, 0.50]",0.16324566452963638,0.7857729127538116,False
Alpha-1-acid glycoprotein 2,Basof,20,39,-0.26348259320698325,"[-0.53, 0.05]",0.09601347604956524,0.7152154288913432,False
Immunoglobulin heavy variable 3-20,Basof,20,39,-0.06933752452815378,"[-0.37, 0.24]",0.6666387013824661,0.9507803863239565,False
Neurogenic locus notch homolog protein 2,Basof,20,39,0.3605551275463986,"[0.06, 0.60]",0.02057014101683941,0.4369694940296446,False
Apolipoprotein B-100,Basof,20,39,0.18027756377319998,"[-0.13, 0.46]",0.25935678543402196,0.8448096775145966,False
CD44 antigen,Basof,20,39,-0.06933752452815412,"[-0.37, 0.24]",0.6666387013824661,0.9507803863239565,False
Pigment epithelium-derived factor,Basof,20,39,0.09707253433941566,"[-0.22, 0.39]",0.5459939153130162,0.9307504209261677,False
Xaa-Pro dipeptidase,Basof,20,39,-0.12480754415067609,"[-0.42, 0.19]",0.43686898607770897,0.8960937411657979,False
Immunoglobulin heavy constant delta,Basof,20,39,-0.37442263245202895,"[-0.61, -0.08]",0.01587441724976981,0.36734819848780037,False
Probable non-functional immunoglobulin heavy variable 3-38-3,Basof,20,39,-0.19414506867882947,"[-0.47, 0.12]",0.22386905527947504,0.8448096775145966,False
Immunoglobulin lambda constant 7,Basof,20,39,-2.5018537765542e-16,"[-0.31, 0.31]",1.0,1.0,False
Receptor-type tyrosine-protein phosphatase gamma,Basof,20,39,0.09707253433941558,"[-0.22, 0.39]",0.5459939153130162,0.9307504209261677,False
Afamin,Basof,20,39,-0.20801257358446135,"[-0.48, 0.11]",0.1918693175828687,0.8205034779432058,False
Pyruvate kinase PKLR,Basof,20,39,0.48536267169707586,"[0.21, 0.69]",0.00129735937662646,0.09393997894841485,False
Insulin-like growth factor 2,Basof,20,39,-0.1525425539619382,"[-0.44, 0.16]",0.34103079890799515,0.860788962265991,False
CD109 antigen,Basof,20,39,-0.2912176030182446,"[-0.55, 0.02]",0.06470334559095152,0.635668441173849,False
ADP-ribosyl cyclase/cyclic ADP-ribose hydrolase 2,Basof,20,39,-0.13867504905630773,"[-0.43, 0.18]",0.3872133288162023,0.893289750350874,False
Dedicator of cytokinesis protein 4,Basof,20,39,0.3744226324520295,"[0.08, 0.61]",0.015874417249769634,0.36734819848780037,False
Complement factor H-related protein 2,Basof,20,39,0.08320502943378456,"[-0.23, 0.38]",0.6050205382242027,0.9307504209261677,False
Selenoprotein P,Basof,20,39,0.3050851079238765,"[-0.00, 0.56]",0.05242751618811793,0.5955651164529556,False
Adipocyte plasma membrane-associated protein,Basof,20,39,-2.232423369848363e-16,"[-0.31, 0.31]",1.0,1.0,False
Immunoglobulin heavy constant alpha 2,Basof,20,39,-0.055470019622523355,"[-0.36, 0.26]",0.7304983348043069,0.9507803863239565,False
Lactotransferrin,Basof,20,39,-0.041602514716892365,"[-0.34, 0.27]",0.7962064547601928,0.9671847464778622,False
Alpha-enolase,Basof,20,39,0.08320502943378419,"[-0.23, 0.38]",0.6050205382242027,0.9307504209261677,False
Immunoglobulin heavy constant gamma 1,Basof,20,39,-0.13867504905630743,"[-0.43, 0.18]",0.38721332881620374,0.893289750350874,False
Collectin-10,Basof,20,39,0.06933752452815312,"[-0.24, 0.37]",0.6666387013824734,0.9507803863239565,False
Lysosome-associated membrane glycoprotein 1,Basof,20,39,-0.0970725343394153,"[-0.39, 0.22]",0.5459939153130162,0.9307504209261677,False
Cathelicidin antimicrobial peptide,Basof,20,39,0.1525425539619387,"[-0.16, 0.44]",0.3410307989079927,0.860788962265991,False
Fibroblast growth factor-binding protein 2,Basof,20,39,0.40215764226329154,"[0.11, 0.63]",0.009147076484263768,0.3066711211611223,False
Lymphatic vessel endothelial hyaluronic acid receptor 1,Basof,20,39,0.041602514716892,"[-0.27, 0.34]",0.7962064547602057,0.9671847464778622,False
Haptoglobin,Basof,20,39,0.26348259320698403,"[-0.05, 0.53]",0.09601347604956444,0.7152154288913432,False
Tenascin-X,Basof,20,39,-0.16641005886756838,"[-0.45, 0.15]",0.2984028326944804,0.860788962265991,False
Zinc finger protein 512B,Basof,20,39,0.09707253433941448,"[-0.22, 0.39]",0.5459939153130211,0.9307504209261677,False
Immunoglobulin lambda variable 3-19,Basof,20,39,-0.2080125735844603,"[-0.48, 0.11]",0.19186931758287007,0.8205034779432058,False
Complement C1q subcomponent subunit B,Basof,20,39,0.06933752452815439,"[-0.24, 0.37]",0.6666387013824661,0.9507803863239565,False
Ubiquitin-ribosomal protein eS31 fusion protein,Basof,20,39,-0.041602514716892885,"[-0.34, 0.27]",0.7962064547601928,0.9671847464778622,False
Kinesin-like protein KIF21A,Basof,20,39,-0.013867504905630894,"[-0.32, 0.30]",0.9314239849182864,0.9864156703215041,False
Attractin,Basof,20,39,0.01386750490563139,"[-0.30, 0.32]",0.9314239849182469,0.9864156703215041,False
Immunoglobulin lambda variable 1-44,Basof,20,39,-0.08320502943378388,"[-0.38, 0.23]",0.6050205382242055,0.9307504209261677,False
Immunoglobulin heavy variable 1-46,Basof,20,39,-0.013867504905630412,"[-0.32, 0.30]",0.9314239849182864,0.9864156703215041,False
Fibulin-1,Basof,20,39,0.08320502943378398,"[-0.23, 0.38]",0.6050205382242055,0.9307504209261677,False
Secreted phosphoprotein 24,Basof,20,39,-0.0693375245281543,"[-0.37, 0.24]",0.6666387013824661,0.9507803863239565,False
Scavenger receptor class B member 1,Basof,20,39,9.237613944200124e-17,"[-0.31, 0.31]",1.0,1.0,False
Immunoglobulin lambda variable 2-18,Basof,20,39,0.02773500981126106,"[-0.28, 0.33]",0.8633340350162443,0.9710047873747903,False
Collagen alpha-2(VI) chain,Basof,20,39,0.06933752452815443,"[-0.24, 0.37]",0.6666387013824661,0.9507803863239565,False
Adiponectin,Basof,20,39,-0.20801257358446162,"[-0.48, 0.11]",0.19186931758286727,0.8205034779432058,False
Nidogen-1,Basof,20,39,0.19414506867883063,"[-0.12, 0.47]",0.22386905527947173,0.8448096775145966,False
Alpha-1-antitrypsin,Basof,20,39,-0.19414506867883055,"[-0.47, 0.12]",0.22386905527947173,0.8448096775145966,False
"Sushi, von Willebrand factor type A, EGF and pentraxin domain-containing protein 1",Basof,20,39,0.20801257358446115,"[-0.11, 0.48]",0.1918693175828685,0.8205034779432058,False
Complement C1s subcomponent,Basof,20,39,0.19414506867883052,"[-0.12, 0.47]",0.22386905527947173,0.8448096775145966,False
Alpha-actinin-4,Basof,20,39,-0.12480754415067571,"[-0.42, 0.19]",0.4368689860777123,0.8960937411657979,False
Complement component C1q receptor,Basof,20,39,-0.04160251471689249,"[-0.34, 0.27]",0.7962064547601928,0.9671847464778622,False
Inter-alpha-trypsin inhibitor heavy chain H3,Basof,20,39,-0.2634825932069832,"[-0.53, 0.05]",0.09601347604956524,0.7152154288913432,False
Immunoglobulin kappa variable 1D-8,Basof,20,39,-0.11094003924504632,"[-0.40, 0.20]",0.4898604139797985,0.9307504209261677,False
Low-density lipoprotein receptor,Basof,20,39,0.09707253433941572,"[-0.22, 0.39]",0.5459939153130162,0.9307504209261677,False
Prolactin-inducible protein,Basof,20,39,-0.041602514716892636,"[-0.34, 0.27]",0.7962064547601928,0.9671847464778622,False
Hyaluronan-binding protein 2,Basof,20,39,0.097072534339415,"[-0.22, 0.39]",0.5459939153130162,0.9307504209261677,False
N-acetylmuramoyl-L-alanine amidase,Basof,20,39,-0.16641005886756918,"[-0.45, 0.15]",0.2984028326944773,0.860788962265991,False
Serpin A11,Basof,20,39,4.387866623495062e-16,"[-0.31, 0.31]",1.0,1.0,False
C4b-binding protein alpha chain,Basof,20,39,0.443760156980183,"[0.16, 0.66]",0.0036585777838026136,0.18249527997130965,False
Inter-alpha-trypsin inhibitor heavy chain H2,Basof,20,39,0.02773500981126093,"[-0.28, 0.33]",0.8633340350162443,0.9710047873747903,False
Fibrillin-1,Basof,20,39,0.1248075441506767,"[-0.19, 0.42]",0.4368689860777073,0.8960937411657979,False
Golgi-associated RAB2 interactor protein 1B,Basof,20,39,0.19414506867882958,"[-0.12, 0.47]",0.22386905527947362,0.8448096775145966,False
Neurogenic locus notch homolog protein 3,Basof,20,39,-0.013867504905630776,"[-0.32, 0.30]",0.9314239849182864,0.9864156703215041,False
Immunoglobulin heavy constant alpha 1,Basof,20,39,-0.0832050294337852,"[-0.38, 0.23]",0.6050205382241968,0.9307504209261677,False
Apolipoprotein C-III,Basof,20,39,0.6517727305646437,"[0.43, 0.80]",3.913101630660114e-06,0.0015867002534444151,True
Glutathione peroxidase 3,Basof,20,39,-0.1664100588675684,"[-0.45, 0.15]",0.2984028326944804,0.860788962265991,False
Contactin-1,Basof,20,39,-0.13867504905630823,"[-0.43, 0.18]",0.3872133288162023,0.893289750350874,False
Stomatin,Basof,20,39,0.5269651864139673,"[0.26, 0.72]",0.0004005417879232975,0.038235771913692734,True
Immunoglobulin heavy variable 3-13,Basof,20,39,0.20801257358446118,"[-0.11, 0.48]",0.1918693175828687,0.8205034779432058,False
Immunoglobulin heavy variable 1-69-2,Basof,20,39,0.027735009811262094,"[-0.28, 0.33]",0.8633340350162247,0.9710047873747903,False
Apolipoprotein E,Basof,20,39,0.19414506867882977,"[-0.12, 0.47]",0.22386905527947362,0.8448096775145966,False
Mucosal addressin cell adhesion molecule 1,Basof,20,39,-0.18027756377319884,"[-0.46, 0.13]",0.2593567854340266,0.8448096775145966,False
Protein S100-A11,Basof,20,39,-0.12480754415067688,"[-0.42, 0.19]",0.4368689860777073,0.8960937411657979,False
Complement factor H-related protein 4,Basof,20,39,0.041602514716892594,"[-0.27, 0.34]",0.7962064547601928,0.9671847464778622,False
Immunoglobulin kappa variable 1D-16,Basof,20,39,-0.01386750490562989,"[-0.32, 0.30]",0.9314239849182864,0.9864156703215041,False
Immunoglobulin lambda variable 1-47,Basof,20,39,-5.850488831326746e-16,"[-0.31, 0.31]",1.0,1.0,False
Fructose-bisphosphate aldolase A,Basof,20,39,0.12480754415067706,"[-0.19, 0.42]",0.4368689860777073,0.8960937411657979,False
Thrombospondin-1,Basof,20,39,0.2496150883013529,"[-0.06, 0.52]",0.11550642717781676,0.7242274493625929,False
Aminopeptidase N,Basof,20,39,-0.26348259320698336,"[-0.53, 0.05]",0.09601347604956524,0.7152154288913432,False
Apolipoprotein M,Basof,20,39,-0.11094003924504597,"[-0.40, 0.20]",0.4898604139797985,0.9307504209261677,False
Immunoglobulin heavy variable 3-43,Basof,20,39,-0.13867504905630668,"[-0.43, 0.18]",0.3872133288162066,0.893289750350874,False
Cysteine-rich secretory protein 3,Basof,20,39,-0.1664100588675691,"[-0.45, 0.15]",0.2984028326944773,0.860788962265991,False
Complement component C8 alpha chain,Basof,20,39,-0.24961508830135243,"[-0.52, 0.06]",0.11550642717781774,0.7242274493625929,False
Immunoglobulin heavy variable 2-70D,Basof,20,39,0.041602514716892865,"[-0.27, 0.34]",0.7962064547601928,0.9671847464778622,False
Immunoglobulin heavy variable 3-23,Basof,20,39,-0.06933752452815403,"[-0.37, 0.24]",0.6666387013824661,0.9507803863239565,False
Plasma kallikrein,Basof,20,39,0.2496150883013532,"[-0.06, 0.52]",0.1155064271778164,0.7242274493625929,False
Galectin-7,Basof,20,39,0.18027756377319992,"[-0.13, 0.46]",0.25935678543402196,0.8448096775145966,False
Extracellular superoxide dismutase [Cu-Zn],Basof,20,39,0.08320502943378465,"[-0.23, 0.38]",0.6050205382242027,0.9307504209261677,False
Immunoglobulin heavy variable 1-8,Basof,20,39,0.12480754415067608,"[-0.19, 0.42]",0.43686898607770897,0.8960937411657979,False
Cystatin-C,Basof,20,39,-0.2218800784900917,"[-0.50, 0.09]",0.16324566452963682,0.7857729127538116,False
Immunoglobulin lambda-like polypeptide 1,Basof,20,39,-0.12480754415067695,"[-0.42, 0.19]",0.4368689860777073,0.8960937411657979,False
Inhibin beta C chain,Basof,20,39,-0.1941450686788297,"[-0.47, 0.12]",0.22386905527947362,0.8448096775145966,False
Mannose-binding protein C,Basof,20,39,0.06933752452815414,"[-0.24, 0.37]",0.6666387013824661,0.9507803863239565,False
IgGFc-binding protein,Basof,20,39,-0.08320502943378391,"[-0.38, 0.23]",0.6050205382242055,0.9307504209261677,False
Macrophage mannose receptor 1,Basof,20,39,-0.013867504905630266,"[-0.32, 0.30]",0.9314239849182864,0.9864156703215041,False
Aromatase,Basof,20,39,-0.3189526128295065,"[-0.57, -0.01]",0.04209657415440661,0.5652420249953286,False
Cadherin-5,Basof,20,39,0.013867504905631399,"[-0.30, 0.32]",0.9314239849182469,0.9864156703215041,False
Immunoglobulin kappa variable 1-8,Basof,20,39,0.027735009811261355,"[-0.28, 0.33]",0.8633340350162443,0.9710047873747903,False
Retinol-binding protein 4,Basof,20,39,-0.027735009811261094,"[-0.33, 0.28]",0.8633340350162443,0.9710047873747903,False
Complement component C8 beta chain,Basof,20,39,-0.18027756377319892,"[-0.46, 0.13]",0.2593567854340266,0.8448096775145966,False
Tumor necrosis factor receptor superfamily member 1B,Basof,20,39,-0.3605551275463987,"[-0.60, -0.06]",0.02057014101683941,0.4369694940296446,False
Formin-2,Basof,20,39,-6.620289993343424e-16,"[-0.31, 0.31]",1.0,1.0,False
Scavenger receptor cysteine-rich domain-containing protein DMBT1,Basof,20,39,-0.2912176030182457,"[-0.55, 0.02]",0.06470334559095059,0.635668441173849,False
Apolipoprotein L1,Basof,20,39,0.16641005886756932,"[-0.15, 0.45]",0.2984028326944773,0.860788962265991,False
Leucine-rich alpha-2-glycoprotein,Basof,20,39,-0.15254255396193842,"[-0.44, 0.16]",0.34103079890799515,0.860788962265991,False
Immunoglobulin heavy variable 1-2,Basof,20,39,0.06933752452815331,"[-0.24, 0.37]",0.6666387013824734,0.9507803863239565,False
Ras-related protein Rab-10,Basof,20,39,0.4160251471689214,"[0.12, 0.64]",0.006823699666891665,0.2671557764933051,False
Immunoglobulin heavy variable 1-24,Basof,20,39,-0.16641005886756902,"[-0.45, 0.15]",0.2984028326944773,0.860788962265991,False
Annexin A3,Basof,20,39,0.19414506867883075,"[-0.12, 0.47]",0.22386905527947173,0.8448096775145966,False
Hemoglobin subunit beta,Basof,20,39,0.36055512754639935,"[0.06, 0.60]",0.020570141016839114,0.4369694940296446,False
Immunoglobulin lambda variable 4-69,Basof,20,39,0.26348259320698336,"[-0.05, 0.53]",0.09601347604956524,0.7152154288913432,False
Elongation factor 2,Basof,20,39,-0.11094003924504613,"[-0.40, 0.20]",0.4898604139797985,0.9307504209261677,False
Multiple inositol polyphosphate phosphatase 1,Basof,20,39,-0.08320502943378486,"[-0.38, 0.23]",0.6050205382242027,0.9307504209261677,False
Collagen alpha-1(VI) chain,Basof,20,39,0.0832050294337839,"[-0.23, 0.38]",0.6050205382242055,0.9307504209261677,False
Hepatocyte growth factor activator,Basof,20,39,-0.26348259320698453,"[-0.53, 0.05]",0.09601347604956362,0.7152154288913432,False
Fibrinogen beta chain,Basof,20,39,-0.24961508830135368,"[-0.52, 0.06]",0.11550642717781574,0.7242274493625929,False
Hemicentin-1,Basof,20,39,0.18027756377320023,"[-0.13, 0.46]",0.2593567854340217,0.8448096775145966,False
C-type mannose receptor 2,Basof,20,39,-0.1525425539619385,"[-0.44, 0.16]",0.3410307989079927,0.860788962265991,False
Platelet glycoprotein Ib beta chain,Basof,20,39,0.7211102550927975,"[0.53, 0.84]",1.0483893966026813e-07,0.0001764963549180614,True
Complement C2,Basof,20,39,-0.13867504905630676,"[-0.43, 0.18]",0.3872133288162066,0.893289750350874,False
Annexin A2,Basof,20,39,0.09707253433941541,"[-0.22, 0.39]",0.5459939153130162,0.9307504209261677,False
Protein disulfide-isomerase A3,Basof,20,39,-0.013867504905631009,"[-0.32, 0.30]",0.9314239849182864,0.9864156703215041,False
Dipeptidyl peptidase 4,Basof,20,39,-0.15254255396193847,"[-0.44, 0.16]",0.3410307989079927,0.860788962265991,False
Proteasome subunit alpha type-4,Basof,20,39,-0.11094003924504636,"[-0.40, 0.20]",0.4898604139797985,0.9307504209261677,False
Coagulation factor XI,Basof,20,39,-0.04160251471689283,"[-0.34, 0.27]",0.7962064547601928,0.9671847464778622,False
Collectin-11,Basof,20,39,0.16641005886756804,"[-0.15, 0.45]",0.2984028326944843,0.860788962265991,False
High mobility group protein B1,Basof,20,39,0.01386750490563049,"[-0.30, 0.32]",0.9314239849182864,0.9864156703215041,False
Immunoglobulin lambda variable 3-16,Basof,20,39,-0.08320502943378463,"[-0.38, 0.23]",0.6050205382242027,0.9307504209261677,False
Prothrombin,Basof,20,39,0.6240377207533827,"[0.39, 0.78]",1.3032684624050319e-05,0.0038157434025371676,True
Immunoglobulin kappa joining 1,Basof,20,39,0.08320502943378537,"[-0.23, 0.38]",0.6050205382241968,0.9307504209261677,False
Immunoglobulin heavy variable 3-7,Basof,20,39,-0.08320502943378495,"[-0.38, 0.23]",0.6050205382242027,0.9307504209261677,False
Immunoglobulin heavy variable 3-74,Basof,20,39,0.249615088301353,"[-0.06, 0.52]",0.11550642717781676,0.7242274493625929,False
Ezrin,Basof,20,39,0.38829013735766,"[0.09, 0.62]",0.012118298994169526,0.3303830988936755,False
Intercellular adhesion molecule 2,Basof,20,39,0.06933752452815385,"[-0.24, 0.37]",0.6666387013824661,0.9507803863239565,False
Lysozyme C,Basof,20,39,-0.02773500981126132,"[-0.33, 0.28]",0.8633340350162443,0.9710047873747903,False
Protein AMBP,Basof,20,39,-0.09707253433941433,"[-0.39, 0.22]",0.5459939153130211,0.9307504209261677,False
Prolyl endopeptidase FAP,Basof,20,39,-0.263482593206984,"[-0.53, 0.05]",0.09601347604956444,0.7152154288913432,False
"Actin, cytoplasmic 2",Basof,20,39,0.18027756377319906,"[-0.13, 0.46]",0.2593567854340266,0.8448096775145966,False
Kallistatin,Basof,20,39,-0.30508510792387566,"[-0.56, 0.00]",0.05242751618811869,0.5955651164529556,False
Hemopexin,Basof,20,39,-0.20801257358446146,"[-0.48, 0.11]",0.1918693175828687,0.8205034779432058,False
C4b-binding protein beta chain,Basof,20,39,0.18027756377319917,"[-0.13, 0.46]",0.2593567854340266,0.8448096775145966,False
Peptidyl-prolyl cis-trans isomerase A,Basof,20,39,0.29121760301824545,"[-0.02, 0.55]",0.06470334559095077,0.635668441173849,False
Complement C1r subcomponent-like protein,Basof,20,39,0.02773500981126095,"[-0.28, 0.33]",0.8633340350162443,0.9710047873747903,False
Immunoglobulin heavy variable 3-30;Immunoglobulin heavy variable 3-30-5,Basof,20,39,0.04160251471689177,"[-0.27, 0.34]",0.7962064547602057,0.9671847464778622,False
Immunoglobulin lambda variable 3-9,Basof,20,39,-0.013867504905631184,"[-0.32, 0.30]",0.9314239849182469,0.9864156703215041,False
Immunoglobulin heavy variable 1-45,Basof,20,39,-0.08320502943378527,"[-0.38, 0.23]",0.6050205382241968,0.9307504209261677,False
Hemoglobin subunit gamma-1,Basof,20,39,0.34668762264076797,"[0.04, 0.59]",0.026377558844256875,0.4736706166859394,False
Apolipoprotein F,Basof,20,39,0.041602514716892386,"[-0.27, 0.34]",0.7962064547601928,0.9671847464778622,False
Immunoglobulin gamma-1 heavy chain,Basof,20,39,-0.0554700196225224,"[-0.36, 0.26]",0.7304983348043161,0.9507803863239565,False
Low affinity immunoglobulin gamma Fc region receptor III-B,Basof,20,39,0.05547001962252231,"[-0.26, 0.36]",0.7304983348043161,0.9507803863239565,False
Multiple epidermal growth factor-like domains protein 8,Basof,20,39,-0.02773500981126099,"[-0.33, 0.28]",0.8633340350162443,0.9710047873747903,False
Complement C4-B,Basof,20,39,-0.138675049056308,"[-0.43, 0.18]",0.3872133288162023,0.893289750350874,False
Glyceraldehyde-3-phosphate dehydrogenase,Basof,20,39,0.11094003924504546,"[-0.20, 0.40]",0.4898604139798025,0.9307504209261677,False
Complement C1r subcomponent,Basof,20,39,0.23574758339572294,"[-0.08, 0.51]",0.13785042467943337,0.7607516423767026,False
Sex hormone-binding globulin,Basof,20,39,-0.18027756377319906,"[-0.46, 0.13]",0.2593567854340266,0.8448096775145966,False
Biotinidase,Basof,20,39,-0.5547001962252289,"[-0.74, -0.30]",0.0001675260485309881,0.024347812269131942,True
Cholinesterase,Basof,20,39,-0.04160251471689195,"[-0.34, 0.27]",0.7962064547602057,0.9671847464778622,False
Immunoglobulin heavy variable 2-5,Basof,20,39,-0.041602514716891754,"[-0.34, 0.27]",0.7962064547602057,0.9671847464778622,False
Immunoglobulin lambda variable 1-36,Basof,20,39,-0.09707253433941555,"[-0.39, 0.22]",0.5459939153130162,0.9307504209261677,False
Immunoglobulin kappa variable 3-11,Basof,20,39,-0.24961508830135373,"[-0.52, 0.06]",0.11550642717781574,0.7242274493625929,False
Immunoglobulin kappa variable 6-21,Basof,20,39,0.12480754415067696,"[-0.19, 0.42]",0.4368689860777073,0.8960937411657979,False
Immunoglobulin kappa light chain,Basof,20,39,-0.2634825932069833,"[-0.53, 0.05]",0.09601347604956524,0.7152154288913432,False
Neuropilin-1,Basof,20,39,-0.18027756377320014,"[-0.46, 0.13]",0.25935678543402196,0.8448096775145966,False
Ficolin-2,Basof,20,39,-0.027735009811261195,"[-0.33, 0.28]",0.8633340350162443,0.9710047873747903,False
Gamma-glutamyl hydrolase,Basof,20,39,-0.16641005886756915,"[-0.45, 0.15]",0.2984028326944773,0.860788962265991,False
Keratinocyte proline-rich protein,Basof,20,39,-0.09707253433941554,"[-0.39, 0.22]",0.5459939153130162,0.9307504209261677,False
Kyphoscoliosis peptidase,Basof,20,39,0.0554700196225226,"[-0.26, 0.36]",0.7304983348043161,0.9507803863239565,False
Laminin subunit alpha-2,Basof,20,39,-0.04160251471689091,"[-0.34, 0.27]",0.7962064547602057,0.9671847464778622,False
Desmoglein-1,Basof,20,39,0.04160251471689156,"[-0.27, 0.34]",0.7962064547602057,0.9671847464778622,False
Immunoglobulin lambda variable 3-27,Basof,20,39,0.06933752452815403,"[-0.24, 0.37]",0.6666387013824661,0.9507803863239565,False
Myosin-9,Basof,20,39,0.15254255396193803,"[-0.16, 0.44]",0.34103079890799515,0.860788962265991,False
Versican core protein,Basof,20,39,0.2080125735844602,"[-0.11, 0.48]",0.19186931758287007,0.8205034779432058,False
Proteasome subunit beta type-3,Basof,20,39,-0.027735009811262007,"[-0.33, 0.28]",0.8633340350162247,0.9710047873747903,False
Alpha-N-acetylglucosaminidase,Basof,20,39,-0.26348259320698453,"[-0.53, 0.05]",0.09601347604956362,0.7152154288913432,False
Caspase-14,Basof,20,39,-0.055470019622523445,"[-0.36, 0.26]",0.7304983348043069,0.9507803863239565,False
Histidine-rich glycoprotein,Basof,20,39,-0.027735009811261837,"[-0.33, 0.28]",0.8633340350162247,0.9710047873747903,False
"ATP synthase subunit alpha, mitochondrial",Basof,20,39,-0.13867504905630673,"[-0.43, 0.18]",0.3872133288162066,0.893289750350874,False
Immunoglobulin kappa constant,Basof,20,39,-0.18027756377319973,"[-0.46, 0.13]",0.25935678543402196,0.8448096775145966,False
Interleukin-1 receptor accessory protein,Basof,20,39,-0.0554700196225231,"[-0.36, 0.26]",0.7304983348043069,0.9507803863239565,False
Immunoglobulin lambda variable 9-49,Basof,20,39,2.6943040670583706e-16,"[-0.31, 0.31]",1.0,1.0,False
Plexin domain-containing protein 2,Basof,20,39,0.041602514716891706,"[-0.27, 0.34]",0.7962064547602057,0.9671847464778622,False
Immunoglobulin heavy variable 4-28,Basof,20,39,-0.04160251471689265,"[-0.34, 0.27]",0.7962064547601928,0.9671847464778622,False
Desmoplakin,Basof,20,39,-0.01386750490563086,"[-0.32, 0.30]",0.9314239849182864,0.9864156703215041,False
Endoplasmin,Basof,20,39,-0.13867504905630718,"[-0.43, 0.18]",0.38721332881620374,0.893289750350874,False
Heparin cofactor 2,Basof,20,39,-0.27735009811261446,"[-0.54, 0.03]",0.07915481041854665,0.6837273567758237,False
Laminin subunit gamma-1,Basof,20,39,0.16641005886756854,"[-0.15, 0.45]",0.2984028326944804,0.860788962265991,False
Polymeric immunoglobulin receptor,Basof,20,39,-0.18027756377320023,"[-0.46, 0.13]",0.2593567854340217,0.8448096775145966,False
Serum amyloid A-4 protein,Basof,20,39,0.12480754415067645,"[-0.19, 0.42]",0.43686898607770897,0.8960937411657979,False
Catalase,Basof,20,39,0.12480754415067698,"[-0.19, 0.42]",0.4368689860777073,0.8960937411657979,False
Complement receptor type 1,Basof,20,39,0.15254255396193728,"[-0.16, 0.44]",0.3410307989079986,0.860788962265991,False
Immunoglobulin kappa variable 1-27,Basof,20,39,0.041602514716891345,"[-0.27, 0.34]",0.7962064547602057,0.9671847464778622,False
Immunoglobulin kappa variable 2-30,Basof,20,39,0.013867504905631356,"[-0.30, 0.32]",0.9314239849182469,0.9864156703215041,False
Protein-glutamine gamma-glutamyltransferase E,Basof,20,39,-0.09707253433941566,"[-0.39, 0.22]",0.5459939153130162,0.9307504209261677,False
Periostin,Basof,20,39,-0.1664100588675686,"[-0.45, 0.15]",0.2984028326944804,0.860788962265991,False
Albumin,Basof,20,39,-0.4021576422632912,"[-0.63, -0.11]",0.009147076484263819,0.3066711211611223,False
Complement factor B,Basof,20,39,-0.12480754415067623,"[-0.42, 0.19]",0.43686898607770897,0.8960937411657979,False
Probable non-functional immunoglobulinn kappa variable 1-37;Probable non-functional immunoglobulinn kappa variable 1D-37,Basof,20,39,-0.0277350098112607,"[-0.33, 0.28]",0.8633340350162443,0.9710047873747903,False
Immunoglobulin lambda variable 8-61,Basof,20,39,0.02773500981126212,"[-0.28, 0.33]",0.8633340350162247,0.9710047873747903,False
Annexin A1,Basof,20,39,0.12480754415067748,"[-0.19, 0.42]",0.4368689860777041,0.8960937411657979,False
CD5 antigen-like,Basof,20,39,0.1109400392450462,"[-0.20, 0.40]",0.4898604139797985,0.9307504209261677,False
RB-associated KRAB zinc finger protein,Basof,20,39,-0.18027756377319964,"[-0.46, 0.13]",0.25935678543402435,0.8448096775145966,False
Immunoglobulin lambda variable 7-46,Basof,20,39,0.11094003924504618,"[-0.20, 0.40]",0.4898604139797985,0.9307504209261677,False
Basement membrane-specific heparan sulfate proteoglycan core protein,Basof,20,39,-0.02773500981126085,"[-0.33, 0.28]",0.8633340350162443,0.9710047873747903,False
Vitamin K-dependent protein C,Basof,20,39,0.08320502943378402,"[-0.23, 0.38]",0.6050205382242055,0.9307504209261677,False
Immunoglobulin lambda variable 1-40,Basof,20,39,0.055470019622522855,"[-0.26, 0.36]",0.7304983348043161,0.9507803863239565,False
Pantetheinase,Basof,20,39,-0.13867504905630754,"[-0.43, 0.18]",0.38721332881620374,0.893289750350874,False
Neutrophil defensin 1;Neutrophil defensin 3,Basof,20,39,-0.09707253433941436,"[-0.39, 0.22]",0.5459939153130211,0.9307504209261677,False
Immunoglobulin lambda variable 2-8,Basof,20,39,-3.2331648804700447e-16,"[-0.31, 0.31]",1.0,1.0,False
Immunoglobulin heavy variable 1-18,Basof,20,39,-0.15254255396193847,"[-0.44, 0.16]",0.3410307989079927,0.860788962265991,False
Immunoglobulin kappa variable 3D-15,Basof,20,39,0.04160251471689249,"[-0.27, 0.34]",0.7962064547601928,0.9671847464778622,False
Extracellular matrix protein 1,Basof,20,39,-0.1941450686788304,"[-0.47, 0.12]",0.22386905527947365,0.8448096775145966,False
Tubulin alpha-1B chain,Basof,20,39,-0.138675049056307,"[-0.43, 0.18]",0.3872133288162066,0.893289750350874,False
Immunoglobulin lambda variable 5-45,Basof,20,39,-0.02773500981126062,"[-0.33, 0.28]",0.8633340350162443,0.9710047873747903,False
Alpha-2-HS-glycoprotein,Basof,20,39,0.027735009811262007,"[-0.28, 0.33]",0.8633340350162247,0.9710047873747903,False
Cartilage acidic protein 1,Basof,20,39,-0.027735009811261997,"[-0.33, 0.28]",0.8633340350162247,0.9710047873747903,False
Coagulation factor IX,Basof,20,39,0.23574758339572222,"[-0.08, 0.51]",0.13785042467943498,0.7607516423767026,False
Integrin alpha-2,Basof,20,39,-0.12480754415067587,"[-0.42, 0.19]",0.4368689860777123,0.8960937411657979,False
"Mannosyl-oligosaccharide 1,2-alpha-mannosidase IA",Basof,20,39,-0.19414506867883063,"[-0.47, 0.12]",0.22386905527947173,0.8448096775145966,False
Endophilin-A3,Basof,20,39,-0.0970725343394145,"[-0.39, 0.22]",0.5459939153130211,0.9307504209261677,False
Collagen alpha-1(I) chain,Basof,20,39,0.34668762264076874,"[0.04, 0.59]",0.026377558844256493,0.4736706166859394,False
Carboxypeptidase N subunit 2,Basof,20,39,0.013867504905630433,"[-0.30, 0.32]",0.9314239849182864,0.9864156703215041,False
Scavenger receptor cysteine-rich type 1 protein M130,Basof,20,39,-0.1386750490563069,"[-0.43, 0.18]",0.3872133288162066,0.893289750350874,False
Annexin A5,Basof,20,39,-0.24961508830135362,"[-0.52, 0.06]",0.11550642717781574,0.7242274493625929,False
Platelet factor 4,Basof,20,39,0.24961508830135273,"[-0.06, 0.52]",0.11550642717781741,0.7242274493625929,False
Immunoglobulin heavy variable 3-72,Basof,20,39,-0.055470019622522314,"[-0.36, 0.26]",0.7304983348043161,0.9507803863239565,False
Protein HEG homolog 1,Basof,20,39,-0.09707253433941475,"[-0.39, 0.22]",0.5459939153130211,0.9307504209261677,False
Sulfhydryl oxidase 1,Basof,20,39,-0.2634825932069843,"[-0.53, 0.05]",0.0960134760495639,0.7152154288913432,False
Corticosteroid-binding globulin,Basof,20,39,-0.2080125735844608,"[-0.48, 0.11]",0.1918693175828685,0.8205034779432058,False
Angiopoietin-related protein 6,Basof,20,39,-0.06933752452815407,"[-0.37, 0.24]",0.6666387013824661,0.9507803863239565,False
72 kDa type IV collagenase,Basof,20,39,-0.13867504905630784,"[-0.43, 0.18]",0.3872133288162023,0.893289750350874,False
Trypsin-3,Basof,20,39,-0.06933752452815324,"[-0.37, 0.24]",0.6666387013824734,0.9507803863239565,False
Complement component C9,Basof,20,39,-0.027735009811261153,"[-0.33, 0.28]",0.8633340350162443,0.9710047873747903,False
Pyruvate kinase PKM,Basof,20,39,0.18027756377319998,"[-0.13, 0.46]",0.25935678543402196,0.8448096775145966,False
Immunoglobulin heavy variable 4-34,Basof,20,39,0.02773500981126157,"[-0.28, 0.33]",0.8633340350162247,0.9710047873747903,False
Immunoglobulin kappa variable 6D-21,Basof,20,39,0.11094003924504511,"[-0.20, 0.40]",0.4898604139798025,0.9307504209261677,False
Immunoglobulin lambda-1 light chain,Basof,20,39,-0.20801257358446024,"[-0.48, 0.11]",0.19186931758287007,0.8205034779432058,False
Transforming growth factor-beta-induced protein ig-h3,Basof,20,39,-0.02773500981126107,"[-0.33, 0.28]",0.8633340350162443,0.9710047873747903,False
Complement C1q subcomponent subunit A,Basof,20,39,0.15254255396193842,"[-0.16, 0.44]",0.34103079890799515,0.860788962265991,False
Prolow-density lipoprotein receptor-related protein 1,Basof,20,39,0.0693375245281539,"[-0.24, 0.37]",0.6666387013824661,0.9507803863239565,False
Immunoglobulin heavy constant mu,Basof,20,39,0.06933752452815346,"[-0.24, 0.37]",0.6666387013824734,0.9507803863239565,False
UV-stimulated scaffold protein A,Basof,20,39,-0.055470019622523424,"[-0.36, 0.26]",0.7304983348043069,0.9507803863239565,False
Complement component C6,Basof,20,39,-0.23574758339572208,"[-0.51, 0.08]",0.13785042467943498,0.7607516423767026,False
Angiotensinogen,Basof,20,39,-0.29121760301824434,"[-0.55, 0.02]",0.06470334559095169,0.635668441173849,False
Pregnancy zone protein,Basof,20,39,0.1802775637731986,"[-0.13, 0.46]",0.25935678543402585,0.8448096775145966,False
Histone H2A type 1-B/E;Histone H2A type 3;Histone H2A type 1-C,Basof,20,39,-0.05547001962252288,"[-0.36, 0.26]",0.7304983348043161,0.9507803863239565,False
Desmocollin-1,Basof,20,39,7.390091155360104e-16,"[-0.31, 0.31]",1.0,1.0,False
Protein Z-dependent protease inhibitor,Basof,20,39,-0.013867504905630343,"[-0.32, 0.30]",0.9314239849182864,0.9864156703215041,False
Immunoglobulin kappa variable 1-17,Basof,20,39,-0.11094003924504543,"[-0.40, 0.20]",0.4898604139798025,0.9307504209261677,False
Fibronectin,Basof,20,39,-0.37442263245202995,"[-0.61, -0.08]",0.015874417249769544,0.36734819848780037,False
Probable non-functional immunoglobulin heavy variable 3-38,Basof,20,39,-0.04160251471689223,"[-0.34, 0.27]",0.7962064547601928,0.9671847464778622,False
Nucleoside diphosphate kinase 3,Basof,20,39,0.13867504905630804,"[-0.18, 0.43]",0.3872133288162023,0.893289750350874,False
Plasma protease C1 inhibitor,Basof,20,39,-0.318952612829507,"[-0.57, -0.01]",0.04209657415440625,0.5652420249953286,False
Immunoglobulin kappa variable 1-16,Basof,20,39,0.06933752452815407,"[-0.24, 0.37]",0.6666387013824661,0.9507803863239565,False
F-actin-capping protein subunit alpha-1,Basof,20,39,-0.041602514716892455,"[-0.34, 0.27]",0.7962064547601928,0.9671847464778622,False
Cathepsin D,Basof,20,39,0.06933752452815417,"[-0.24, 0.37]",0.6666387013824661,0.9507803863239565,False
Anthrax toxin receptor 2,Basof,20,39,0.09707253433941443,"[-0.22, 0.39]",0.5459939153130211,0.9307504209261677,False
Talin-1,Basof,20,39,0.3328201177351371,"[0.03, 0.58]",0.03348522957338267,0.5407449785115541,False
Protein disulfide-isomerase,Basof,20,39,-0.05547001962252312,"[-0.36, 0.26]",0.7304983348043069,0.9507803863239565,False
Junction plakoglobin,Basof,20,39,0.027735009811262163,"[-0.28, 0.33]",0.8633340350162247,0.9710047873747903,False
Tenascin,Basof,20,39,0.31895261282950593,"[0.01, 0.57]",0.04209657415440697,0.5652420249953286,False
Cadherin-related family member 5,Basof,20,39,0.055470019622522515,"[-0.26, 0.36]",0.7304983348043161,0.9507803863239565,False
Kininogen-1,Basof,20,39,-0.04160251471689303,"[-0.34, 0.27]",0.7962064547601928,0.9671847464778622,False
Alpha-1-antichymotrypsin,Basof,20,39,-0.23574758339572194,"[-0.51, 0.08]",0.13785042467943498,0.7607516423767026,False
Integrin alpha-IIb,Basof,20,39,0.7072427501871671,"[0.51, 0.83]",2.3479008807527876e-07,0.00026351274218315454,True
Serum amyloid P-component,Basof,20,39,-0.20801257358446137,"[-0.48, 0.11]",0.1918693175828687,0.8205034779432058,False
Inter-alpha-trypsin inhibitor heavy chain H1,Basof,20,39,0.09707253433941468,"[-0.22, 0.39]",0.5459939153130211,0.9307504209261677,False
Probable non-functional immunoglobulin heavy variable 3-35,Basof,20,39,0.041602514716891636,"[-0.27, 0.34]",0.7962064547602057,0.9671847464778622,False
Immunoglobulin kappa variable 1-5,Basof,20,39,0.13867504905630776,"[-0.18, 0.43]",0.3872133288162023,0.893289750350874,False
Band 3 anion transport protein,Basof,20,39,0.42989265207455285,"[0.14, 0.65]",0.005028518422849278,0.21988339649004893,False
Immunoglobulin lambda variable 7-43,Basof,20,39,-0.23574758339572272,"[-0.51, 0.08]",0.13785042467943384,0.7607516423767026,False
Peroxiredoxin-1,Basof,20,39,-0.04160251471689238,"[-0.34, 0.27]",0.7962064547601928,0.9671847464778622,False
Matrix metalloproteinase-9,Basof,20,39,-0.30508510792387594,"[-0.56, 0.00]",0.05242751618811852,0.5955651164529556,False
Multimerin-2,Basof,20,39,-0.291217603018245,"[-0.55, 0.02]",0.06470334559095096,0.635668441173849,False
Immunoglobulin heavy variable 1-3,Basof,20,39,-0.02773500981126172,"[-0.33, 0.28]",0.8633340350162247,0.9710047873747903,False
Podocalyxin,Basof,20,39,0.34668762264076797,"[0.04, 0.59]",0.026377558844256875,0.4736706166859394,False
Immunoglobulin lambda variable 1-51,Basof,20,39,0.06933752452815334,"[-0.24, 0.37]",0.6666387013824734,0.9507803863239565,False
Cadherin-13,Basof,20,39,-0.09707253433941455,"[-0.39, 0.22]",0.5459939153130211,0.9307504209261677,False
Plastin-2,Basof,20,39,-0.013867504905630391,"[-0.32, 0.30]",0.9314239849182864,0.9864156703215041,False
Inter-alpha-trypsin inhibitor heavy chain H4,Basof,20,39,0.08320502943378481,"[-0.23, 0.38]",0.6050205382242027,0.9307504209261677,False
Fructose-bisphosphate aldolase B,Basof,20,39,0.08320502943378508,"[-0.23, 0.38]",0.6050205382242027,0.9307504209261677,False
Mannan-binding lectin serine protease 2,Basof,20,39,-0.06933752452815332,"[-0.37, 0.24]",0.6666387013824734,0.9507803863239565,False
Platelet glycoprotein 4,Basof,20,39,0.4298926520745525,"[0.14, 0.65]",0.005028518422849323,0.21988339649004893,False
Hemoglobin subunit alpha,Basof,20,39,0.3882901373576608,"[0.09, 0.62]",0.012118298994169318,0.3303830988936755,False
Immunoglobulin lambda variable 3-10,Basof,20,39,0.06933752452815328,"[-0.24, 0.37]",0.6666387013824734,0.9507803863239565,False
Serum paraoxonase/lactonase 3,Basof,20,39,-0.18027756377319962,"[-0.46, 0.13]",0.25935678543402435,0.8448096775145966,False
Dopamine beta-hydroxylase,Basof,20,39,0.09707253433941498,"[-0.22, 0.39]",0.5459939153130162,0.9307504209261677,False
Triosephosphate isomerase,Basof,20,39,-0.3050851079238761,"[-0.56, 0.00]",0.05242751618811824,0.5955651164529556,False
Endoplasmic reticulum chaperone BiP,Basof,20,39,-0.15254255396193703,"[-0.44, 0.16]",0.3410307989079986,0.860788962265991,False
Suprabasin,Basof,20,39,0.02773500981126101,"[-0.28, 0.33]",0.8633340350162443,0.9710047873747903,False
Immunoglobulin kappa variable 3-20,Basof,20,39,-0.05547001962252329,"[-0.36, 0.26]",0.7304983348043069,0.9507803863239565,False
Ficolin-1,Basof,20,39,-0.12480754415067602,"[-0.42, 0.19]",0.43686898607770897,0.8960937411657979,False
Autotaxin,Basof,20,39,-0.09707253433941486,"[-0.39, 0.22]",0.5459939153130162,0.9307504209261677,False
Histidine ammonia-lyase,Basof,20,39,0.15254255396193883,"[-0.16, 0.44]",0.3410307989079927,0.860788962265991,False
Noelin,Basof,20,39,-0.08320502943378356,"[-0.38, 0.23]",0.6050205382242055,0.9307504209261677,False
Prenylcysteine oxidase 1,Basof,20,39,0.055470019622523174,"[-0.26, 0.36]",0.7304983348043069,0.9507803863239565,False
Immunoglobulin delta heavy chain,Basof,20,39,0.013867504905630434,"[-0.30, 0.32]",0.9314239849182864,0.9864156703215041,False
Antithrombin-III,Basof,20,39,-0.3050851079238763,"[-0.56, 0.00]",0.052427516188118084,0.5955651164529556,False
Complement component C7,Basof,20,39,-0.26348259320698336,"[-0.53, 0.05]",0.09601347604956524,0.7152154288913432,False
BOS complex subunit NOMO3;BOS complex subunit NOMO1;BOS complex subunit NOMO2,Basof,20,39,0.19414506867882952,"[-0.12, 0.47]",0.22386905527947504,0.8448096775145966,False
Cofilin-1,Basof,20,39,0.0693375245281532,"[-0.24, 0.37]",0.6666387013824734,0.9507803863239565,False
Histone H4,Basof,20,39,-0.13867504905630726,"[-0.43, 0.18]",0.38721332881620374,0.893289750350874,False
Serum amyloid A-1 protein,Basof,20,39,-0.055470019622523375,"[-0.36, 0.26]",0.7304983348043069,0.9507803863239565,False
Transferrin receptor protein 1,Basof,20,39,0.06933752452815288,"[-0.24, 0.37]",0.6666387013824734,0.9507803863239565,False
Serpin B12,Basof,20,39,-0.09707253433941541,"[-0.39, 0.22]",0.5459939153130162,0.9307504209261677,False
Immunoglobulin kappa variable 3D-20,Basof,20,39,0.15254255396193872,"[-0.16, 0.44]",0.3410307989079927,0.860788962265991,False
Probable non-functional immunoglobulin heavy variable 3-16,Basof,20,39,-0.12480754415067687,"[-0.42, 0.19]",0.4368689860777073,0.8960937411657979,False
Immunoglobulin lambda variable 6-57,Basof,20,39,0.23574758339572277,"[-0.08, 0.51]",0.13785042467943384,0.7607516423767026,False
Fibrinogen alpha chain,Basof,20,39,0.42989265207455224,"[0.14, 0.65]",0.005028518422849352,0.21988339649004893,False
Galectin-3-binding protein,Basof,20,39,0.15254255396193836,"[-0.16, 0.44]",0.34103079890799515,0.860788962265991,False
Macrophage colony-stimulating factor 1 receptor,Basof,20,39,-0.34668762264076847,"[-0.59, -0.04]",0.02637755884425658,0.4736706166859394,False
Phosphatidylinositol-glycan-specific phospholipase D,Basof,20,39,-0.0693375245281544,"[-0.37, 0.24]",0.6666387013824661,0.9507803863239565,False
Serotransferrin,Basof,20,39,-0.16641005886756893,"[-0.45, 0.15]",0.2984028326944773,0.860788962265991,False
Integrin alpha-11,Basof,20,39,0.08320502943378408,"[-0.23, 0.38]",0.6050205382242027,0.9307504209261677,False
Proprotein convertase subtilisin/kexin type 9,Basof,20,39,0.22188007849009114,"[-0.09, 0.50]",0.163245664529638,0.7857729127538116,False
Gelsolin,Basof,20,39,0.05547001962252351,"[-0.26, 0.36]",0.7304983348043069,0.9507803863239565,False
Proteoglycan 4,Basof,20,39,0.20801257358446018,"[-0.11, 0.48]",0.19186931758287007,0.8205034779432058,False
Vascular cell adhesion protein 1,Basof,20,39,-0.12480754415067605,"[-0.42, 0.19]",0.43686898607770897,0.8960937411657979,False
Adhesion G protein-coupled receptor F5,Basof,20,39,0.06933752452815416,"[-0.24, 0.37]",0.6666387013824661,0.9507803863239565,False
Insulin-like growth factor-binding protein 3,Basof,20,39,-0.05547001962252289,"[-0.36, 0.26]",0.7304983348043069,0.9507803863239565,False
Transthyretin,Basof,20,39,-0.22188007849009173,"[-0.50, 0.09]",0.16324566452963682,0.7857729127538116,False
Coiled-coil domain-containing protein 126,Basof,20,39,0.055470019622522675,"[-0.26, 0.36]",0.7304983348043161,0.9507803863239565,False
Guanine nucleotide-binding protein G(i) subunit alpha-2,Basof,20,39,0.5269651864139675,"[0.26, 0.72]",0.00040054178792329364,0.038235771913692734,True
Apolipoprotein C-I,Basof,20,39,0.2634825932069835,"[-0.05, 0.53]",0.09601347604956471,0.7152154288913432,False
Syntenin-1,Basof,20,39,0.013867504905631666,"[-0.30, 0.32]",0.9314239849182469,0.9864156703215041,False
Phospholipid transfer protein,Basof,20,39,0.1525425539619379,"[-0.16, 0.44]",0.34103079890799515,0.860788962265991,False
Laminin subunit beta-1,Basof,20,39,0.24961508830135395,"[-0.06, 0.52]",0.1155064271778154,0.7242274493625929,False
Proline-rich protein 4,Basof,20,39,-3.5410853452767157e-16,"[-0.31, 0.31]",1.0,1.0,False
Immunoglobulin kappa variable 2-28;Immunoglobulin kappa variable 2D-28,Basof,20,39,-0.09707253433941537,"[-0.39, 0.22]",0.5459939153130162,0.9307504209261677,False
Complement C3,Basof,20,39,-0.13867504905630762,"[-0.43, 0.18]",0.38721332881620374,0.893289750350874,False
Thyroxine-binding globulin,Basof,20,39,-0.20801257358446099,"[-0.48, 0.11]",0.1918693175828685,0.8205034779432058,False
Immunoglobulin kappa variable 1D-13;Immunoglobulin kappa variable 1-13,Basof,20,39,0.0693375245281542,"[-0.24, 0.37]",0.6666387013824661,0.9507803863239565,False
Complement factor H-related protein 5,Basof,20,39,0.15254255396193864,"[-0.16, 0.44]",0.3410307989079927,0.860788962265991,False
Immunoglobulin lambda variable 2-23,Basof,20,39,-0.1802775637731994,"[-0.46, 0.13]",0.25935678543402435,0.8448096775145966,False
Coagulation factor VII,Basof,20,39,0.11094003924504657,"[-0.20, 0.40]",0.4898604139797985,0.9307504209261677,False
Immunoglobulin heavy constant gamma 4,Basof,20,39,-0.22188007849009175,"[-0.50, 0.09]",0.16324566452963682,0.7857729127538116,False
L-lactate dehydrogenase B chain,Basof,20,39,0.013867504905630407,"[-0.30, 0.32]",0.9314239849182864,0.9864156703215041,False
Zinc-alpha-2-glycoprotein,Basof,20,39,-0.13867504905630756,"[-0.43, 0.18]",0.38721332881620374,0.893289750350874,False
"Dihydrolipoyllysine-residue succinyltransferase component of 2-oxoglutarate dehydrogenase complex, mitochondrial",Basof,20,39,-0.16641005886756896,"[-0.45, 0.15]",0.2984028326944773,0.860788962265991,False
Serpin B3,Basof,20,39,-0.06933752452815407,"[-0.37, 0.24]",0.6666387013824661,0.9507803863239565,False
Immunoglobulin heavy variable 3-33,Basof,20,39,0.13867504905630743,"[-0.18, 0.43]",0.38721332881620374,0.893289750350874,False
Follistatin-related protein 1,Basof,20,39,-0.4437601569801831,"[-0.66, -0.16]",0.0036585777838026023,0.18249527997130965,False
Cholesteryl ester transfer protein,Basof,20,39,-0.09707253433941564,"[-0.39, 0.22]",0.5459939153130162,0.9307504209261677,False
Complement C1q subcomponent subunit C,Basof,20,39,0.05547001962252379,"[-0.26, 0.36]",0.7304983348043069,0.9507803863239565,False
Immunoglobulin heavy variable 4-30-2,Basof,20,39,-0.04160251471689231,"[-0.34, 0.27]",0.7962064547601928,0.9671847464778622,False
Thrombospondin-4,Basof,20,39,0.29121760301824595,"[-0.02, 0.55]",0.06470334559095021,0.635668441173849,False
Transketolase,Basof,20,39,0.055470019622522404,"[-0.26, 0.36]",0.7304983348043161,0.9507803863239565,False
Complement receptor type 2,Basof,20,39,-0.1802775637731989,"[-0.46, 0.13]",0.2593567854340266,0.8448096775145966,False
Immunoglobulin kappa variable 2-40;Immunoglobulin kappa variable 2D-40,Basof,20,39,0.055470019622522425,"[-0.26, 0.36]",0.7304983348043161,0.9507803863239565,False
Immunoglobulin kappa variable 3D-7,Basof,20,39,0.06933752452815355,"[-0.24, 0.37]",0.6666387013824734,0.9507803863239565,False
Immunoglobulin heavy variable 3-64,Basof,20,39,-0.24961508830135362,"[-0.52, 0.06]",0.11550642717781574,0.7242274493625929,False
Vitronectin,Basof,20,39,0.23574758339572183,"[-0.08, 0.51]",0.13785042467943578,0.7607516423767026,False
Complement component C8 gamma chain,Basof,20,39,-0.13867504905630787,"[-0.43, 0.18]",0.3872133288162023,0.893289750350874,False
Immunoglobulin heavy variable 5-51,Basof,20,39,-0.15254255396193833,"[-0.44, 0.16]",0.34103079890799515,0.860788962265991,False
Coagulation factor V,Basof,20,39,-0.013867504905630278,"[-0.32, 0.30]",0.9314239849182864,0.9864156703215041,False
Protein S100-A7,Basof,20,39,-0.04160251471689216,"[-0.34, 0.27]",0.7962064547601928,0.9671847464778622,False
Arginase-1,Basof,20,39,-0.027735009811261785,"[-0.33, 0.28]",0.8633340350162247,0.9710047873747903,False
Protein-glutamine gamma-glutamyltransferase K,Basof,20,39,-0.26348259320698375,"[-0.53, 0.05]",0.09601347604956444,0.7152154288913432,False
Immunoglobulin kappa variable 4-1,Basof,20,39,-0.013867504905630034,"[-0.32, 0.30]",0.9314239849182864,0.9864156703215041,False
Coagulation factor XIII B chain,Basof,20,39,-0.20801257358446046,"[-0.48, 0.11]",0.1918693175828699,0.8205034779432058,False
Apolipoprotein C-II,Basof,20,39,0.47149516679144415,"[0.19, 0.68]",0.0018595204765330215,0.11925724656165111,False
Bone marrow proteoglycan,Basof,20,39,7.698011620166774e-17,"[-0.31, 0.31]",1.0,1.0,False
Apolipoprotein A-I,Basof,20,39,-0.18027756377319967,"[-0.46, 0.13]",0.25935678543402435,0.8448096775145966,False
Coagulation factor X,Basof,20,39,0.027735009811262035,"[-0.28, 0.33]",0.8633340350162247,0.9710047873747903,False
Thioredoxin,Basof,20,39,0.013867504905631113,"[-0.30, 0.32]",0.9314239849182864,0.9864156703215041,False
Immunoglobulin heavy variable 3-15,Basof,20,39,-0.055470019622522154,"[-0.36, 0.26]",0.7304983348043161,0.9507803863239565,False
Proteasome subunit beta type-2,Basof,20,39,-0.09707253433941537,"[-0.39, 0.22]",0.5459939153130162,0.9307504209261677,False
Apolipoprotein A-II,Basof,20,39,-0.18027756377319995,"[-0.46, 0.13]",0.25935678543402196,0.8448096775145966,False
Immunoglobulin heavy constant gamma 2,Basof,20,39,-0.42989265207455307,"[-0.65, -0.14]",0.00502851842284925,0.21988339649004893,False
Plakophilin-1,Basof,20,39,-0.06933752452815285,"[-0.37, 0.24]",0.6666387013824734,0.9507803863239565,False
Fetuin-B,Basof,20,39,0.013867504905630327,"[-0.30, 0.32]",0.9314239849182864,0.9864156703215041,False
Complement factor H-related protein 3,Basof,20,39,0.08320502943378387,"[-0.23, 0.38]",0.6050205382242055,0.9307504209261677,False
Plasminogen,Basof,20,39,-0.27735009811261474,"[-0.54, 0.03]",0.07915481041854665,0.6837273567758237,False
Fermitin family homolog 3,Basof,20,39,0.6517727305646439,"[0.43, 0.80]",3.913101630660084e-06,0.0015867002534444151,True
Immunoglobulin heavy variable 3-21,Basof,20,39,0.013867504905630849,"[-0.30, 0.32]",0.9314239849182864,0.9864156703215041,False
Immunoglobulin heavy variable 2-26,Basof,20,39,-0.12480754415067694,"[-0.42, 0.19]",0.4368689860777073,0.8960937411657979,False
Immunoglobulin kappa variable 1-12;Immunoglobulin kappa variable 1D-12,Basof,20,39,0.1664100588675692,"[-0.15, 0.45]",0.2984028326944773,0.860788962265991,False
Immunoglobulin heavy constant gamma 3,Basof,20,39,0.013867504905630013,"[-0.30, 0.32]",0.9314239849182864,0.9864156703215041,False
Immunoglobulin kappa variable 2D-29,Basof,20,39,0.04160251471689226,"[-0.27, 0.34]",0.7962064547601928,0.9671847464778622,False
Neogenin,Basof,20,39,-0.05547001962252335,"[-0.36, 0.26]",0.7304983348043069,0.9507803863239565,False
Immunoglobulin heavy variable 6-1,Basof,20,39,-0.13867504905630804,"[-0.43, 0.18]",0.3872133288162023,0.893289750350874,False
L-selectin,Basof,20,39,-0.13867504905630745,"[-0.43, 0.18]",0.38721332881620374,0.893289750350874,False
Immunoglobulin lambda constant 3,Basof,20,39,-0.13867504905630715,"[-0.43, 0.18]",0.38721332881620374,0.893289750350874,False
A disintegrin and metalloproteinase with thrombospondin motifs 13,Basof,20,39,-0.26348259320698325,"[-0.53, 0.05]",0.09601347604956524,0.7152154288913432,False
von Willebrand factor,Basof,20,39,-0.3882901373576598,"[-0.62, -0.09]",0.012118298994169566,0.3303830988936755,False
Neutral alpha-glucosidase AB,Basof,20,39,0.04160251471689247,"[-0.27, 0.34]",0.7962064547601928,0.9671847464778622,False
Carbonic anhydrase 1,Basof,20,39,0.37442263245203006,"[0.08, 0.61]",0.015874417249769453,0.36734819848780037,False
Immunoglobulin lambda variable 4-60,Basof,20,39,-0.0554700196225232,"[-0.36, 0.26]",0.7304983348043069,0.9507803863239565,False
Integrin beta-1,Basof,20,39,-3.849005810083385e-16,"[-0.31, 0.31]",1.0,1.0,False
Immunoglobulin lambda variable 3-12,Basof,20,39,-0.22188007849009247,"[-0.50, 0.09]",0.16324566452963582,0.7857729127538116,False
Alpha-amylase 1B;Alpha-amylase 1C;Alpha-amylase 1A,Basof,20,39,0.013867504905629777,"[-0.30, 0.32]",0.9314239849182864,0.9864156703215041,False
Lumican,Basof,20,39,-0.02773500981126065,"[-0.33, 0.28]",0.8633340350162443,0.9710047873747903,False
Beta-Ala-His dipeptidase,Basof,20,39,-0.20801257358446146,"[-0.48, 0.11]",0.1918693175828687,0.8205034779432058,False
Immunoglobulin alpha-2 heavy chain,Basof,20,39,0.31895261282950615,"[0.01, 0.57]",0.04209657415440673,0.5652420249953286,False
Complement C5,Basof,20,39,-0.06933752452815335,"[-0.37, 0.24]",0.6666387013824734,0.9507803863239565,False
Protein S100-A8,Basof,20,39,0.18027756377320017,"[-0.13, 0.46]",0.25935678543402196,0.8448096775145966,False
Immunoglobulin lambda variable 3-25,Basof,20,39,0.36055512754639835,"[0.06, 0.60]",0.02057014101683952,0.4369694940296446,False
Leukocyte immunoglobulin-like receptor subfamily B member 3;Leukocyte immunoglobulin-like receptor subfamily A member 6,Basof,20,39,-0.18027756377319862,"[-0.46, 0.13]",0.25935678543402585,0.8448096775145966,False
Collagen alpha-3(VI) chain,Basof,20,39,-0.08320502943378452,"[-0.38, 0.23]",0.6050205382242027,0.9307504209261677,False
Immunoglobulin kappa variable 1-39;Immunoglobulin kappa variable 1D-39,Basof,20,39,-0.13867504905630765,"[-0.43, 0.18]",0.38721332881620374,0.893289750350874,False
Bleomycin hydrolase,Basof,20,39,-0.0554700196225233,"[-0.36, 0.26]",0.7304983348043069,0.9507803863239565,False
CD166 antigen,Basof,20,39,-0.013867504905630497,"[-0.32, 0.30]",0.9314239849182864,0.9864156703215041,False
Beta-2-microglobulin,Basof,20,39,-0.12480754415067656,"[-0.42, 0.19]",0.43686898607770897,0.8960937411657979,False
Amino acid transporter heavy chain SLC3A2,Basof,20,39,-0.19414506867883083,"[-0.47, 0.12]",0.22386905527947173,0.8448096775145966,False
Haptoglobin-related protein,Basof,20,39,0.1386750490563075,"[-0.18, 0.43]",0.38721332881620374,0.893289750350874,False
Alpha-1-acid glycoprotein 1,Basof,20,39,-0.29121760301824473,"[-0.55, 0.02]",0.06470334559095152,0.635668441173849,False
Serum paraoxonase/arylesterase 1,Basof,20,39,0.16641005886756835,"[-0.15, 0.45]",0.2984028326944804,0.860788962265991,False
Target of Nesh-SH3,Basof,20,39,-0.20801257358446126,"[-0.48, 0.11]",0.1918693175828687,0.8205034779432058,False
Intercellular adhesion molecule 1,Basof,20,39,0.06933752452815331,"[-0.24, 0.37]",0.6666387013824734,0.9507803863239565,False
Complement C4-A,Basof,20,39,0.06933752452815298,"[-0.24, 0.37]",0.6666387013824734,0.9507803863239565,False
Coagulation factor XIII A chain,Basof,20,39,-0.33282011773513726,"[-0.58, -0.03]",0.03348522957338257,0.5407449785115541,False
Immunoglobulin mu heavy chain,Basof,20,39,0.11094003924504525,"[-0.20, 0.40]",0.4898604139798025,0.9307504209261677,False
Oncoprotein-induced transcript 3 protein,Basof,20,39,0.0832050294337837,"[-0.23, 0.38]",0.6050205382242055,0.9307504209261677,False
Peroxiredoxin-2,Basof,20,39,0.2912176030182446,"[-0.02, 0.55]",0.06470334559095152,0.635668441173849,False
Tissue factor pathway inhibitor,Basof,20,39,-0.12480754415067703,"[-0.42, 0.19]",0.4368689860777073,0.8960937411657979,False
Progranulin,Basof,20,39,0.02773500981126167,"[-0.28, 0.33]",0.8633340350162247,0.9710047873747903,False
Histone H2B type 1-K;Histone H2B type F-S,Basof,20,39,-0.055470019622523827,"[-0.36, 0.26]",0.7304983348043069,0.9507803863239565,False
Hemoglobin subunit delta,Basof,20,39,0.44376015698018384,"[0.16, 0.66]",0.0036585777838025377,0.18249527997130965,False
Glutathione S-transferase P,Basof,20,39,0.2496150883013526,"[-0.06, 0.52]",0.11550642717781741,0.7242274493625929,False
Annexin A6,Basof,20,39,-0.13867504905630781,"[-0.43, 0.18]",0.3872133288162023,0.893289750350874,False
Complement factor H-related protein 1,Basof,20,39,0.1109400392450451,"[-0.20, 0.40]",0.4898604139798025,0.9307504209261677,False
Protein KPLCE,Basof,20,39,-0.12480754415067706,"[-0.42, 0.19]",0.4368689860777073,0.8960937411657979,False
Immunoglobulin heavy variable 4-4,Basof,20,39,-0.02773500981126054,"[-0.33, 0.28]",0.8633340350162443,0.9710047873747903,False
Alpha-1B-glycoprotein,Basof,20,39,-0.027735009811261778,"[-0.33, 0.28]",0.8633340350162247,0.9710047873747903,False
Properdin,Basof,20,39,-0.13867504905630712,"[-0.43, 0.18]",0.38721332881620374,0.893289750350874,False
Immunoglobulin heavy variable 3-53,Basof,20,39,-0.04160251471689269,"[-0.34, 0.27]",0.7962064547601928,0.9671847464778622,False
Calmodulin-like protein 5,Basof,20,39,-4.002966042486722e-16,"[-0.31, 0.31]",1.0,1.0,False
Carboxypeptidase B2,Basof,20,39,-0.26348259320698314,"[-0.53, 0.05]",0.09601347604956553,0.7152154288913432,False
"Sushi, nidogen and EGF-like domain-containing protein 1",Basof,20,39,0.055470019622522605,"[-0.26, 0.36]",0.7304983348043161,0.9507803863239565,False
Proteasome subunit alpha type-5,Basof,20,39,0.0554700196225225,"[-0.26, 0.36]",0.7304983348043161,0.9507803863239565,False
Bifunctional heparan sulfate N-deacetylase/N-sulfotransferase 4,Basof,20,39,-0.26348259320698314,"[-0.53, 0.05]",0.09601347604956553,0.7152154288913432,False
Immunoglobulin heavy variable 3-9,Basof,20,39,-0.13867504905630712,"[-0.43, 0.18]",0.38721332881620374,0.893289750350874,False
Neural cell adhesion molecule L1-like protein,Basof,20,39,0.1109400392450466,"[-0.20, 0.40]",0.4898604139797985,0.9307504209261677,False
Proteasome subunit alpha type-2,Basof,20,39,0.2634825932069835,"[-0.05, 0.53]",0.09601347604956471,0.7152154288913432,False
Intercellular adhesion molecule 3,Basof,20,39,-0.2496150883013526,"[-0.52, 0.06]",0.11550642717781741,0.7242274493625929,False
Receptor-type tyrosine-protein phosphatase eta,Basof,20,39,-0.26348259320698286,"[-0.53, 0.05]",0.09601347604956553,0.7152154288913432,False
ADAMTS-like protein 4,Basof,20,39,-0.013867504905630067,"[-0.32, 0.30]",0.9314239849182864,0.9864156703215041,False
Immunoglobulin lambda variable 3-21,Basof,20,39,0.08320502943378383,"[-0.23, 0.38]",0.6050205382242055,0.9307504209261677,False
Cartilage oligomeric matrix protein,Basof,20,39,0.2773500981126141,"[-0.03, 0.54]",0.07915481041854712,0.6837273567758237,False
Neural cell adhesion molecule 1,Basof,20,39,-0.08320502943378393,"[-0.38, 0.23]",0.6050205382242055,0.9307504209261677,False
Immunoglobulin lambda variable 2-11,Basof,20,39,-0.027735009811260848,"[-0.33, 0.28]",0.8633340350162443,0.9710047873747903,False
Immunoglobulin kappa variable 1D-33;Immunoglobulin kappa variable 1-33,Basof,20,39,0.1248075441506761,"[-0.19, 0.42]",0.43686898607770897,0.8960937411657979,False
Beta-2-glycoprotein 1,Basof,20,39,-0.23574758339572188,"[-0.51, 0.08]",0.13785042467943578,0.7607516423767026,False
Vitamin D-binding protein,Basof,20,39,-0.26348259320698403,"[-0.53, 0.05]",0.09601347604956444,0.7152154288913432,False
Filamin-A,Basof,20,39,0.5963027109421212,"[0.35, 0.76]",3.885855761033082e-05,0.007929500816605083,True
Reelin,Basof,20,39,-0.027735009811261955,"[-0.33, 0.28]",0.8633340350162247,0.9710047873747903,False
Immunoglobulin lambda variable 5-39,Basof,20,39,-0.027735009811262205,"[-0.33, 0.28]",0.8633340350162247,0.9710047873747903,False
Fatty acid-binding protein 5,Basof,20,39,-0.13867504905630687,"[-0.43, 0.18]",0.3872133288162066,0.893289750350874,False
"HLA class I histocompatibility antigen, A alpha chain",Basof,20,39,0.3189526128295061,"[0.01, 0.57]",0.04209657415440697,0.5652420249953286,False
Low affinity immunoglobulin gamma Fc region receptor III-A,Basof,20,39,-0.013867504905630821,"[-0.32, 0.30]",0.9314239849182864,0.9864156703215041,False
Heat shock 70 kDa protein 1A;Heat shock 70 kDa protein 1B,Basof,20,39,-0.19414506867882989,"[-0.47, 0.12]",0.22386905527947362,0.8448096775145966,False
Apolipoprotein D,Basof,20,39,0.30508510792387566,"[-0.00, 0.56]",0.05242751618811869,0.5955651164529556,False
Plexin-B1,Basof,20,39,0.12480754415067725,"[-0.19, 0.42]",0.4368689860777073,0.8960937411657979,False
Immunoglobulin heavy variable 1-58,Basof,20,39,-0.3050851079238755,"[-0.56, 0.00]",0.05242751618811881,0.5955651164529556,False
Apolipoprotein C-IV,Basof,20,39,0.5408326913195985,"[0.28, 0.73]",0.00026150262915563074,0.030361356978172716,True
Monocyte differentiation antigen CD14,Basof,20,39,-0.2912176030182445,"[-0.55, 0.02]",0.06470334559095152,0.635668441173849,False
Protein MENT,Basof,20,39,0.13867504905630776,"[-0.18, 0.43]",0.3872133288162023,0.893289750350874,False
Immunoglobulin epsilon heavy chain,Basof,20,39,-0.06933752452815299,"[-0.37, 0.24]",0.6666387013824734,0.9507803863239565,False
Complement factor H,Basof,20,39,-0.05547001962252244,"[-0.36, 0.26]",0.7304983348043161,0.9507803863239565,False
Stabilin-1,Basof,20,39,-0.013867504905631031,"[-0.32, 0.30]",0.9314239849182864,0.9864156703215041,False
Macrophage receptor MARCO,Basof,20,39,0.05547001962252267,"[-0.26, 0.36]",0.7304983348043161,0.9507803863239565,False
Protein POF1B,Basof,20,39,0.013867504905630405,"[-0.30, 0.32]",0.9314239849182864,0.9864156703215041,False
Phosphatidylcholine-sterol acyltransferase,Basof,20,39,0.0832050294337847,"[-0.23, 0.38]",0.6050205382242027,0.9307504209261677,False
Clusterin,Basof,20,39,0.38829013735766005,"[0.09, 0.62]",0.012118298994169526,0.3303830988936755,False
Platelet-activating factor acetylhydrolase,Basof,20,39,-0.19414506867883052,"[-0.47, 0.12]",0.22386905527947173,0.8448096775145966,False
Vasorin,Basof,20,39,-3.8105157519825525e-16,"[-0.31, 0.31]",1.0,1.0,False
Myeloperoxidase,Basof,20,39,0.027735009811260997,"[-0.28, 0.33]",0.8633340350162443,0.9710047873747903,False
Immunoglobulin lambda variable 5-52,Basof,20,39,-0.06933752452815323,"[-0.37, 0.24]",0.6666387013824734,0.9507803863239565,False
Carboxypeptidase N catalytic chain,Basof,20,39,-0.08320502943378466,"[-0.38, 0.23]",0.6050205382242027,0.9307504209261677,False
Fibrinogen gamma chain,Basof,20,39,-0.06933752452815407,"[-0.37, 0.24]",0.6666387013824661,0.9507803863239565,False
Soluble scavenger receptor cysteine-rich domain-containing protein SSC5D,Basof,20,39,0.22188007849009106,"[-0.09, 0.50]",0.163245664529638,0.7857729127538116,False
Tetranectin,Basof,20,39,-0.18027756377319998,"[-0.46, 0.13]",0.25935678543402196,0.8448096775145966,False
Apolipoprotein(a),Basof,20,39,0.3050851079238764,"[-0.00, 0.56]",0.052427516188118084,0.5955651164529556,False
Alpha-2-antiplasmin,Basof,20,39,-0.20801257358446154,"[-0.48, 0.11]",0.1918693175828687,0.8205034779432058,False
Retroviral-like aspartic protease 1,Basof,20,39,0.1525425539619377,"[-0.16, 0.44]",0.3410307989079975,0.860788962265991,False
Ficolin-3,Basof,20,39,0.0970725343394157,"[-0.22, 0.39]",0.5459939153130162,0.9307504209261677,False
Immunoglobulin kappa variable 2-24,Basof,20,39,0.16641005886756827,"[-0.15, 0.45]",0.2984028326944843,0.860788962265991,False
Immunoglobulin superfamily containing leucine-rich repeat protein,Basof,20,39,0.18027756377319898,"[-0.13, 0.46]",0.2593567854340266,0.8448096775145966,False
Complement factor D,Basof,20,39,-0.055470019622522335,"[-0.36, 0.26]",0.7304983348043161,0.9507803863239565,False
Vitamin K-dependent protein Z,Basof,20,39,0.08320502943378366,"[-0.23, 0.38]",0.6050205382242055,0.9307504209261677,False
EGF-containing fibulin-like extracellular matrix protein 1,Basof,20,39,-0.20801257358446038,"[-0.48, 0.11]",0.1918693175828699,0.8205034779432058,False
Dipeptidase 2,Basof,20,39,-0.13867504905630737,"[-0.43, 0.18]",0.38721332881620374,0.893289750350874,False
Myeloblastin,Basof,20,39,0.08320502943378318,"[-0.23, 0.38]",0.6050205382242055,0.9307504209261677,False
Neurogenic locus notch homolog protein 1,Basof,20,39,-0.1386750490563074,"[-0.43, 0.18]",0.38721332881620374,0.893289750350874,False
Vitamin K-dependent protein S,Basof,20,39,0.27735009811261513,"[-0.03, 0.54]",0.07915481041854601,0.6837273567758237,False
Dermcidin,Basof,20,39,0.13867504905630768,"[-0.18, 0.43]",0.38721332881620374,0.893289750350874,False
Immunoglobulin heavy variable 3-73,Basof,20,39,0.12480754415067684,"[-0.19, 0.42]",0.4368689860777073,0.8960937411657979,False
Alpha-2-macroglobulin,Basof,20,39,0.0138675049056306,"[-0.30, 0.32]",0.9314239849182864,0.9864156703215041,False
Cation-independent mannose-6-phosphate receptor,Basof,20,39,-0.0693375245281535,"[-0.37, 0.24]",0.6666387013824734,0.9507803863239565,False
Chromodomain-helicase-DNA-binding protein 1;Chromodomain-helicase-DNA-binding protein 2;Chromodomain-helicase-DNA-binding protein 9;Chromodomain-helicase-DNA-binding protein 6;Chromodomain-helicase-DNA-binding protein 8;Chromodomain-helicase-DNA-binding protein 7,Basof,20,39,-0.11094003924504625,"[-0.40, 0.20]",0.4898604139797985,0.9307504209261677,False
Ceruloplasmin,Basof,20,39,-0.041602514716892684,"[-0.34, 0.27]",0.7962064547601928,0.9671847464778622,False
Prostaglandin-H2 D-isomerase,Basof,20,39,-0.4160251471689217,"[-0.64, -0.12]",0.006823699666891647,0.2671557764933051,False
Protein S100-A9,Basof,20,39,0.15254255396193883,"[-0.16, 0.44]",0.3410307989079927,0.860788962265991,False
Immunoglobulin J chain,Basof,20,39,6.928210458150092e-16,"[-0.31, 0.31]",1.0,1.0,False
Probable non-functional immunoglobulin kappa variable 3-7,Lactic acid,20,39,-0.24052559968237006,"[-0.51, 0.07]",0.12981702788531035,0.7605654126839256,False
Apolipoprotein A-IV,Lactic acid,20,39,-0.22786635759382454,"[-0.50, 0.09]",0.15189688033041882,0.7607516423767026,False
Coagulation factor XII,Lactic acid,20,39,-0.012659242088546335,"[-0.32, 0.30]",0.9373865845519027,0.9864156703215041,False
Mannan-binding lectin serine protease 1,Lactic acid,20,39,0.05063696835418295,"[-0.26, 0.35]",0.7532100413323757,0.9507803863239565,False
Complement factor I,Lactic acid,20,39,-0.3291402943021907,"[-0.58, -0.02]",0.035615058905173476,0.5407449785115541,False
Platelet glycoprotein Ib alpha chain,Lactic acid,20,39,0.11393317879691321,"[-0.20, 0.41]",0.47814942883638767,0.9307504209261677,False
Hepatocyte growth factor-like protein,Lactic acid,20,39,-0.08861469461981981,"[-0.39, 0.23]",0.5816684174118314,0.9307504209261677,False
Profilin-1,Lactic acid,20,39,0.40509574683346644,"[0.11, 0.63]",0.008605028569980461,0.3066711211611223,False
Peptidase inhibitor 16,Lactic acid,20,39,0.07595545253127484,"[-0.24, 0.37]",0.6369307583072197,0.9307504209261677,False
Cell surface glycoprotein MUC18,Lactic acid,20,39,-0.2278663575938249,"[-0.50, 0.09]",0.15189688033041787,0.7607516423767026,False
Adhesion G-protein coupled receptor G6,Lactic acid,20,39,0.07595545253127484,"[-0.24, 0.37]",0.6369307583072197,0.9307504209261677,False
Immunoglobulin heavy variable 1-69,Lactic acid,20,39,-0.2531848417709159,"[-0.52, 0.06]",0.11022452915533318,0.7242274493625929,False
Insulin-like growth factor-binding protein complex acid labile subunit,Lactic acid,20,39,-0.27850332594800764,"[-0.54, 0.03]",0.07786442509379081,0.6837273567758237,False
Plasma serine protease inhibitor,Lactic acid,20,39,-0.215207115505279,"[-0.49, 0.10]",0.1766063542079382,0.7970464859682194,False
Immunoglobulin heavy variable 1-69D,Lactic acid,20,39,-0.15191090506255026,"[-0.44, 0.16]",0.34305750716819117,0.860788962265991,False
Pancreatic adenocarcinoma up-regulated factor,Lactic acid,20,39,-0.1645701471510951,"[-0.45, 0.15]",0.303852590369286,0.860788962265991,False
Immunoglobulin heavy variable 3-64D,Lactic acid,20,39,0.08861469461982015,"[-0.23, 0.39]",0.5816684174118314,0.9307504209261677,False
Neutrophil gelatinase-associated lipocalin,Lactic acid,20,39,-0.16457014715109594,"[-0.45, 0.15]",0.30385259036928086,0.860788962265991,False
Lysosome-associated membrane glycoprotein 2,Lactic acid,20,39,-0.10127393670836621,"[-0.40, 0.21]",0.5286693398642931,0.9307504209261677,False
Corneodesmosin,Lactic acid,20,39,1.4054582041007435e-17,"[-0.31, 0.31]",1.0,1.0,False
Collagen alpha-1(XVIII) chain,Lactic acid,20,39,-0.08861469461982,"[-0.39, 0.23]",0.5816684174118314,0.9307504209261677,False
Lipopolysaccharide-binding protein,Lactic acid,20,39,-0.21520711550527957,"[-0.49, 0.10]",0.17660635420793755,0.7970464859682194,False
Immunoglobulin heavy variable 3-49,Lactic acid,20,39,0.25318484177091666,"[-0.06, 0.52]",0.11022452915533155,0.7242274493625929,False
SPARC-like protein 1,Lactic acid,20,39,-0.2025478734167334,"[-0.48, 0.11]",0.20406916170063413,0.8205034779432058,False
Ras-associated and pleckstrin homology domains-containing protein 1,Lactic acid,20,39,0.11393317879691295,"[-0.20, 0.41]",0.47814942883638767,0.9307504209261677,False
Alpha-1-acid glycoprotein 2,Lactic acid,20,39,-0.20254787341673264,"[-0.48, 0.11]",0.20406916170063635,0.8205034779432058,False
Immunoglobulin heavy variable 3-20,Lactic acid,20,39,0.20254787341673325,"[-0.11, 0.48]",0.20406916170063452,0.8205034779432058,False
Neurogenic locus notch homolog protein 2,Lactic acid,20,39,0.16457014715109564,"[-0.15, 0.45]",0.3038525903692841,0.860788962265991,False
Apolipoprotein B-100,Lactic acid,20,39,0.1772293892396422,"[-0.14, 0.46]",0.26763268815996794,0.8448096775145966,False
CD44 antigen,Lactic acid,20,39,-0.17722938923964182,"[-0.46, 0.14]",0.2676326881599689,0.8448096775145966,False
Pigment epithelium-derived factor,Lactic acid,20,39,0.050636968354184145,"[-0.26, 0.35]",0.7532100413323757,0.9507803863239565,False
Xaa-Pro dipeptidase,Lactic acid,20,39,-0.17722938923964113,"[-0.46, 0.14]",0.26763268815997215,0.8448096775145966,False
Immunoglobulin heavy constant delta,Lactic acid,20,39,-0.1519109050625492,"[-0.44, 0.16]",0.34305750716819583,0.860788962265991,False
Probable non-functional immunoglobulin heavy variable 3-38-3,Lactic acid,20,39,-0.12659242088545758,"[-0.42, 0.19]",0.43028734463755336,0.8960937411657979,False
Immunoglobulin lambda constant 7,Lactic acid,20,39,0.17722938923964152,"[-0.14, 0.46]",0.26763268815997215,0.8448096775145966,False
Receptor-type tyrosine-protein phosphatase gamma,Lactic acid,20,39,0.03797772626563814,"[-0.27, 0.34]",0.8136338477403198,0.9671847464778622,False
Afamin,Lactic acid,20,39,-0.21520711550527946,"[-0.49, 0.10]",0.17660635420793755,0.7970464859682194,False
Pyruvate kinase PKLR,Lactic acid,20,39,0.3924365047449213,"[0.10, 0.62]",0.011154210045195163,0.32947143764920506,False
Insulin-like growth factor 2,Lactic acid,20,39,-0.16457014715109586,"[-0.45, 0.15]",0.3038525903692841,0.860788962265991,False
CD109 antigen,Lactic acid,20,39,-0.0759554525312743,"[-0.37, 0.24]",0.6369307583072197,0.9307504209261677,False
ADP-ribosyl cyclase/cyclic ADP-ribose hydrolase 2,Lactic acid,20,39,-0.1645701471510961,"[-0.45, 0.15]",0.30385259036928086,0.860788962265991,False
Dedicator of cytokinesis protein 4,Lactic acid,20,39,0.3038218101250999,"[-0.00, 0.56]",0.053461850675769904,0.5955651164529556,False
Complement factor H-related protein 2,Lactic acid,20,39,-0.18988863132818726,"[-0.47, 0.13]",0.23438640166170002,0.8448096775145966,False
Selenoprotein P,Lactic acid,20,39,0.2152071155052797,"[-0.10, 0.49]",0.17660635420793722,0.7970464859682194,False
Adipocyte plasma membrane-associated protein,Lactic acid,20,39,0.20254787341673328,"[-0.11, 0.48]",0.20406916170063413,0.8205034779432058,False
Immunoglobulin heavy constant alpha 2,Lactic acid,20,39,-0.012659242088546017,"[-0.32, 0.30]",0.9373865845519027,0.9864156703215041,False
Lactotransferrin,Lactic acid,20,39,-0.03797772626563739,"[-0.34, 0.27]",0.8136338477403198,0.9671847464778622,False
Alpha-enolase,Lactic acid,20,39,0.0506369683541834,"[-0.26, 0.35]",0.7532100413323757,0.9507803863239565,False
Immunoglobulin heavy constant gamma 1,Lactic acid,20,39,0.11393317879691243,"[-0.20, 0.41]",0.47814942883638967,0.9307504209261677,False
Collectin-10,Lactic acid,20,39,0.1012739367083662,"[-0.21, 0.40]",0.5286693398642931,0.9307504209261677,False
Lysosome-associated membrane glycoprotein 1,Lactic acid,20,39,-0.11393317879691243,"[-0.41, 0.20]",0.47814942883638967,0.9307504209261677,False
Cathelicidin antimicrobial peptide,Lactic acid,20,39,-0.02531848417709097,"[-0.33, 0.28]",0.8751432422724579,0.9710047873747903,False
Fibroblast growth factor-binding protein 2,Lactic acid,20,39,0.17722938923964218,"[-0.14, 0.46]",0.26763268815996794,0.8448096775145966,False
Lymphatic vessel endothelial hyaluronic acid receptor 1,Lactic acid,20,39,-0.08861469461982083,"[-0.39, 0.23]",0.5816684174118261,0.9307504209261677,False
Haptoglobin,Lactic acid,20,39,0.22786635759382518,"[-0.09, 0.50]",0.15189688033041746,0.7607516423767026,False
Tenascin-X,Lactic acid,20,39,-0.10127393670836608,"[-0.40, 0.21]",0.5286693398642931,0.9307504209261677,False
Zinc finger protein 512B,Lactic acid,20,39,0.1772293892396413,"[-0.14, 0.46]",0.26763268815997215,0.8448096775145966,False
Immunoglobulin lambda variable 3-19,Lactic acid,20,39,5.938060912325644e-16,"[-0.31, 0.31]",1.0,1.0,False
Complement C1q subcomponent subunit B,Lactic acid,20,39,0.12659242088545905,"[-0.19, 0.42]",0.4302873446375486,0.8960937411657979,False
Ubiquitin-ribosomal protein eS31 fusion protein,Lactic acid,20,39,-0.08861469461982145,"[-0.39, 0.23]",0.5816684174118261,0.9307504209261677,False
Kinesin-like protein KIF21A,Lactic acid,20,39,-0.26584408385946245,"[-0.53, 0.05]",0.09296268286085053,0.7152154288913432,False
Attractin,Lactic acid,20,39,-0.2025478734167326,"[-0.48, 0.11]",0.20406916170063635,0.8205034779432058,False
Immunoglobulin lambda variable 1-44,Lactic acid,20,39,-0.16457014715109522,"[-0.45, 0.15]",0.303852590369286,0.860788962265991,False
Immunoglobulin heavy variable 1-46,Lactic acid,20,39,-0.05063696835418291,"[-0.35, 0.26]",0.7532100413323757,0.9507803863239565,False
Fibulin-1,Lactic acid,20,39,0.11393317879691231,"[-0.20, 0.41]",0.47814942883638967,0.9307504209261677,False
Secreted phosphoprotein 24,Lactic acid,20,39,-0.037977726265637834,"[-0.34, 0.27]",0.8136338477403198,0.9671847464778622,False
Scavenger receptor class B member 1,Lactic acid,20,39,-0.06329621044272893,"[-0.36, 0.25]",0.6942055139365308,0.9507803863239565,False
Immunoglobulin lambda variable 2-18,Lactic acid,20,39,0.32914029430219144,"[0.02, 0.58]",0.03561505890517287,0.5407449785115541,False
Collagen alpha-2(VI) chain,Lactic acid,20,39,0.07595545253127595,"[-0.24, 0.37]",0.6369307583072132,0.9307504209261677,False
Adiponectin,Lactic acid,20,39,-0.2025478734167337,"[-0.48, 0.11]",0.20406916170063413,0.8205034779432058,False
Nidogen-1,Lactic acid,20,39,0.1392516629740048,"[-0.18, 0.43]",0.3852230935083789,0.893289750350874,False
Alpha-1-antitrypsin,Lactic acid,20,39,-0.13925166297400446,"[-0.43, 0.18]",0.3852230935083817,0.893289750350874,False
"Sushi, von Willebrand factor type A, EGF and pentraxin domain-containing protein 1",Lactic acid,20,39,0.32914029430219205,"[0.02, 0.58]",0.035615058905172685,0.5407449785115541,False
Complement C1s subcomponent,Lactic acid,20,39,-0.02531848417709126,"[-0.33, 0.28]",0.8751432422724579,0.9710047873747903,False
Alpha-actinin-4,Lactic acid,20,39,-0.17722938923964066,"[-0.46, 0.14]",0.26763268815997115,0.8448096775145966,False
Complement component C1q receptor,Lactic acid,20,39,-0.03797772626563767,"[-0.34, 0.27]",0.8136338477403198,0.9671847464778622,False
Inter-alpha-trypsin inhibitor heavy chain H3,Lactic acid,20,39,-0.1392516629740035,"[-0.43, 0.18]",0.38522309350838446,0.893289750350874,False
Immunoglobulin kappa variable 1D-8,Lactic acid,20,39,-0.177229389239642,"[-0.46, 0.14]",0.2676326881599689,0.8448096775145966,False
Low-density lipoprotein receptor,Lactic acid,20,39,0.4050957468334673,"[0.11, 0.63]",0.008605028569980314,0.3066711211611223,False
Prolactin-inducible protein,Lactic acid,20,39,-0.06329621044272937,"[-0.36, 0.25]",0.6942055139365229,0.9507803863239565,False
Hyaluronan-binding protein 2,Lactic acid,20,39,0.08861469461982091,"[-0.23, 0.39]",0.5816684174118261,0.9307504209261677,False
N-acetylmuramoyl-L-alanine amidase,Lactic acid,20,39,-0.03797772626563789,"[-0.34, 0.27]",0.8136338477403198,0.9671847464778622,False
Serpin A11,Lactic acid,20,39,-0.0506369683541828,"[-0.35, 0.26]",0.7532100413323757,0.9507803863239565,False
C4b-binding protein alpha chain,Lactic acid,20,39,0.43041423101055815,"[0.14, 0.65]",0.004969889652600827,0.21988339649004893,False
Inter-alpha-trypsin inhibitor heavy chain H2,Lactic acid,20,39,0.11393317879691209,"[-0.20, 0.41]",0.47814942883638967,0.9307504209261677,False
Fibrillin-1,Lactic acid,20,39,0.177229389239642,"[-0.14, 0.46]",0.2676326881599689,0.8448096775145966,False
Golgi-associated RAB2 interactor protein 1B,Lactic acid,20,39,0.08861469461982045,"[-0.23, 0.39]",0.5816684174118314,0.9307504209261677,False
Neurogenic locus notch homolog protein 3,Lactic acid,20,39,0.17722938923964185,"[-0.14, 0.46]",0.2676326881599689,0.8448096775145966,False
Immunoglobulin heavy constant alpha 1,Lactic acid,20,39,-5.059649534762679e-16,"[-0.31, 0.31]",1.0,1.0,False
Apolipoprotein C-III,Lactic acid,20,39,0.4557327151876496,"[0.17, 0.67]",0.0027504685039203757,0.15830474278119497,False
Glutathione peroxidase 3,Lactic acid,20,39,-0.11393317879691216,"[-0.41, 0.20]",0.47814942883638967,0.9307504209261677,False
Contactin-1,Lactic acid,20,39,0.05063696835418256,"[-0.26, 0.35]",0.7532100413323809,0.9507803863239565,False
Stomatin,Lactic acid,20,39,0.4937104414532872,"[0.22, 0.70]",0.0010369438240977063,0.08026183576406844,False
Immunoglobulin heavy variable 3-13,Lactic acid,20,39,0.06329621044272964,"[-0.25, 0.36]",0.6942055139365229,0.9507803863239565,False
Immunoglobulin heavy variable 1-69-2,Lactic acid,20,39,0.025318484177092284,"[-0.28, 0.33]",0.8751432422724365,0.9710047873747903,False
Apolipoprotein E,Lactic acid,20,39,0.367118020567829,"[0.07, 0.61]",0.01822022500772464,0.4089833173400649,False
Mucosal addressin cell adhesion molecule 1,Lactic acid,20,39,-0.16457014715109508,"[-0.45, 0.15]",0.303852590369286,0.860788962265991,False
Protein S100-A11,Lactic acid,20,39,-2.1081873061511148e-16,"[-0.31, 0.31]",1.0,1.0,False
Complement factor H-related protein 4,Lactic acid,20,39,0.0886146946198213,"[-0.23, 0.39]",0.5816684174118261,0.9307504209261677,False
Immunoglobulin kappa variable 1D-16,Lactic acid,20,39,0.20254787341673425,"[-0.11, 0.48]",0.2040691617006317,0.8205034779432058,False
Immunoglobulin lambda variable 1-47,Lactic acid,20,39,0.2025478734167327,"[-0.11, 0.48]",0.20406916170063635,0.8205034779432058,False
Fructose-bisphosphate aldolase A,Lactic acid,20,39,0.07595545253127575,"[-0.24, 0.37]",0.6369307583072132,0.9307504209261677,False
Thrombospondin-1,Lactic acid,20,39,0.10127393670836667,"[-0.21, 0.40]",0.5286693398642885,0.9307504209261677,False
Aminopeptidase N,Lactic acid,20,39,-0.1645701471510953,"[-0.45, 0.15]",0.303852590369286,0.860788962265991,False
Apolipoprotein M,Lactic acid,20,39,-0.07595545253127496,"[-0.37, 0.24]",0.6369307583072197,0.9307504209261677,False
Immunoglobulin heavy variable 3-43,Lactic acid,20,39,-0.12659242088545766,"[-0.42, 0.19]",0.43028734463755336,0.8960937411657979,False
Cysteine-rich secretory protein 3,Lactic acid,20,39,-0.1392516629740044,"[-0.43, 0.18]",0.3852230935083817,0.893289750350874,False
Complement component C8 alpha chain,Lactic acid,20,39,-0.15191090506254937,"[-0.44, 0.16]",0.34305750716819583,0.860788962265991,False
Immunoglobulin heavy variable 2-70D,Lactic acid,20,39,-0.05063696835418249,"[-0.35, 0.26]",0.7532100413323809,0.9507803863239565,False
Immunoglobulin heavy variable 3-23,Lactic acid,20,39,0.03797772626563711,"[-0.27, 0.34]",0.8136338477403198,0.9671847464778622,False
Plasma kallikrein,Lactic acid,20,39,0.2785033259480085,"[-0.03, 0.54]",0.07786442509378971,0.6837273567758237,False
Galectin-7,Lactic acid,20,39,-0.05063696835418277,"[-0.35, 0.26]",0.7532100413323757,0.9507803863239565,False
Extracellular superoxide dismutase [Cu-Zn],Lactic acid,20,39,0.08861469461982122,"[-0.23, 0.39]",0.5816684174118261,0.9307504209261677,False
Immunoglobulin heavy variable 1-8,Lactic acid,20,39,-0.11393317879691282,"[-0.41, 0.20]",0.47814942883638767,0.9307504209261677,False
Cystatin-C,Lactic acid,20,39,-0.2278663575938249,"[-0.50, 0.09]",0.15189688033041787,0.7607516423767026,False
Immunoglobulin lambda-like polypeptide 1,Lactic acid,20,39,-0.18988863132818767,"[-0.47, 0.13]",0.23438640166169947,0.8448096775145966,False
Inhibin beta C chain,Lactic acid,20,39,-0.18988863132818698,"[-0.47, 0.13]",0.2343864016617009,0.8448096775145966,False
Mannose-binding protein C,Lactic acid,20,39,0.050636968354184,"[-0.26, 0.35]",0.7532100413323757,0.9507803863239565,False
IgGFc-binding protein,Lactic acid,20,39,0.0886146946198215,"[-0.23, 0.39]",0.5816684174118261,0.9307504209261677,False
Macrophage mannose receptor 1,Lactic acid,20,39,0.1265924208854589,"[-0.19, 0.42]",0.4302873446375486,0.8960937411657979,False
Aromatase,Lactic acid,20,39,-0.32914029430219127,"[-0.58, -0.02]",0.03561505890517307,0.5407449785115541,False
Cadherin-5,Lactic acid,20,39,0.02531848417709226,"[-0.28, 0.33]",0.8751432422724365,0.9710047873747903,False
Immunoglobulin kappa variable 1-8,Lactic acid,20,39,0.36711802056782905,"[0.07, 0.61]",0.01822022500772464,0.4089833173400649,False
Retinol-binding protein 4,Lactic acid,20,39,-0.13925166297400354,"[-0.43, 0.18]",0.38522309350838446,0.893289750350874,False
Complement component C8 beta chain,Lactic acid,20,39,-0.11393317879691192,"[-0.41, 0.20]",0.47814942883638967,0.9307504209261677,False
Tumor necrosis factor receptor superfamily member 1B,Lactic acid,20,39,-0.4810511993647414,"[-0.69, -0.20]",0.001453336905028229,0.10089454348928084,False
Formin-2,Lactic acid,20,39,-4.497466253122381e-16,"[-0.31, 0.31]",1.0,1.0,False
Scavenger receptor cysteine-rich domain-containing protein DMBT1,Lactic acid,20,39,-0.22786635759382523,"[-0.50, 0.09]",0.15189688033041746,0.7607516423767026,False
Apolipoprotein L1,Lactic acid,20,39,-0.025318484177090907,"[-0.33, 0.28]",0.8751432422724579,0.9710047873747903,False
Leucine-rich alpha-2-glycoprotein,Lactic acid,20,39,-0.3924365047449209,"[-0.62, -0.10]",0.01115421004519529,0.32947143764920506,False
Immunoglobulin heavy variable 1-2,Lactic acid,20,39,0.32914029430219155,"[0.02, 0.58]",0.03561505890517287,0.5407449785115541,False
Ras-related protein Rab-10,Lactic acid,20,39,0.5823251360731082,"[0.33, 0.75]",6.491749782308484e-05,0.010928860758516333,True
Immunoglobulin heavy variable 1-24,Lactic acid,20,39,-0.025318484177091698,"[-0.33, 0.28]",0.8751432422724579,0.9710047873747903,False
Annexin A3,Lactic acid,20,39,0.20254787341673405,"[-0.11, 0.48]",0.20406916170063363,0.8205034779432058,False
Hemoglobin subunit beta,Lactic acid,20,39,0.17722938923964227,"[-0.14, 0.46]",0.26763268815996794,0.8448096775145966,False
Immunoglobulin lambda variable 4-69,Lactic acid,20,39,0.13925166297400393,"[-0.18, 0.43]",0.38522309350838446,0.893289750350874,False
Elongation factor 2,Lactic acid,20,39,0.11393317879691232,"[-0.20, 0.41]",0.47814942883638967,0.9307504209261677,False
Multiple inositol polyphosphate phosphatase 1,Lactic acid,20,39,-0.22786635759382523,"[-0.50, 0.09]",0.15189688033041746,0.7607516423767026,False
Collagen alpha-1(VI) chain,Lactic acid,20,39,-0.025318484177091777,"[-0.33, 0.28]",0.8751432422724579,0.9710047873747903,False
Hepatocyte growth factor activator,Lactic acid,20,39,-0.05063696835418393,"[-0.35, 0.26]",0.7532100413323757,0.9507803863239565,False
Fibrinogen beta chain,Lactic acid,20,39,-0.405095746833467,"[-0.63, -0.11]",0.008605028569980385,0.3066711211611223,False
Hemicentin-1,Lactic acid,20,39,0.4430734730991048,"[0.16, 0.66]",0.003717802451536103,0.18274220225287996,False
C-type mannose receptor 2,Lactic acid,20,39,0.012659242088545485,"[-0.30, 0.32]",0.9373865845519027,0.9864156703215041,False
Platelet glycoprotein Ib beta chain,Lactic acid,20,39,0.5949843781616538,"[0.35, 0.76]",4.0827357183661446e-05,0.008086218331611064,True
Complement C2,Lactic acid,20,39,-0.22786635759382443,"[-0.50, 0.09]",0.15189688033041882,0.7607516423767026,False
Annexin A2,Lactic acid,20,39,0.05063696835418371,"[-0.26, 0.35]",0.7532100413323757,0.9507803863239565,False
Protein disulfide-isomerase A3,Lactic acid,20,39,0.012659242088545688,"[-0.30, 0.32]",0.9373865845519027,0.9864156703215041,False
Dipeptidyl peptidase 4,Lactic acid,20,39,-0.06329621044272939,"[-0.36, 0.25]",0.6942055139365229,0.9507803863239565,False
Proteasome subunit alpha type-4,Lactic acid,20,39,0.1772293892396412,"[-0.14, 0.46]",0.26763268815997215,0.8448096775145966,False
Coagulation factor XI,Lactic acid,20,39,-0.025318484177092173,"[-0.33, 0.28]",0.8751432422724365,0.9710047873747903,False
Collectin-11,Lactic acid,20,39,0.21520711550527863,"[-0.10, 0.49]",0.1766063542079387,0.7970464859682194,False
High mobility group protein B1,Lactic acid,20,39,-0.07595545253127513,"[-0.37, 0.24]",0.6369307583072197,0.9307504209261677,False
Immunoglobulin lambda variable 3-16,Lactic acid,20,39,0.07595545253127475,"[-0.24, 0.37]",0.6369307583072197,0.9307504209261677,False
Prothrombin,Lactic acid,20,39,0.3924365047449208,"[0.10, 0.62]",0.01115421004519532,0.32947143764920506,False
Immunoglobulin kappa joining 1,Lactic acid,20,39,0.08861469461982181,"[-0.23, 0.39]",0.5816684174118234,0.9307504209261677,False
Immunoglobulin heavy variable 3-7,Lactic acid,20,39,0.1898886313281871,"[-0.13, 0.47]",0.2343864016617009,0.8448096775145966,False
Immunoglobulin heavy variable 3-74,Lactic acid,20,39,0.4050957468334668,"[0.11, 0.63]",0.008605028569980413,0.3066711211611223,False
Ezrin,Lactic acid,20,39,0.4050957468334665,"[0.11, 0.63]",0.008605028569980461,0.3066711211611223,False
Intercellular adhesion molecule 2,Lactic acid,20,39,3.9352829714820814e-16,"[-0.31, 0.31]",1.0,1.0,False
Lysozyme C,Lactic acid,20,39,0.02531848417709177,"[-0.28, 0.33]",0.8751432422724579,0.9710047873747903,False
Protein AMBP,Lactic acid,20,39,0.025318484177092426,"[-0.28, 0.33]",0.8751432422724365,0.9710047873747903,False
Prolyl endopeptidase FAP,Lactic acid,20,39,0.06329621044272918,"[-0.25, 0.36]",0.6942055139365308,0.9507803863239565,False
"Actin, cytoplasmic 2",Lactic acid,20,39,0.18988863132818726,"[-0.13, 0.47]",0.23438640166170002,0.8448096775145966,False
Kallistatin,Lactic acid,20,39,-0.24052559968237042,"[-0.51, 0.07]",0.12981702788530994,0.7605654126839256,False
Hemopexin,Lactic acid,20,39,-0.35445877847928364,"[-0.60, -0.05]",0.022975447885771858,0.45322368856435696,False
C4b-binding protein beta chain,Lactic acid,20,39,0.12659242088545827,"[-0.19, 0.42]",0.4302873446375517,0.8960937411657979,False
Peptidyl-prolyl cis-trans isomerase A,Lactic acid,20,39,0.4937104414532877,"[0.22, 0.70]",0.0010369438240976905,0.08026183576406844,False
Complement C1r subcomponent-like protein,Lactic acid,20,39,0.08861469461982048,"[-0.23, 0.39]",0.5816684174118314,0.9307504209261677,False
Immunoglobulin heavy variable 3-30;Immunoglobulin heavy variable 3-30-5,Lactic acid,20,39,0.2278663575938247,"[-0.09, 0.50]",0.15189688033041787,0.7607516423767026,False
Immunoglobulin lambda variable 3-9,Lactic acid,20,39,-0.16457014715109602,"[-0.45, 0.15]",0.30385259036928086,0.860788962265991,False
Immunoglobulin heavy variable 1-45,Lactic acid,20,39,-0.06329621044272973,"[-0.36, 0.25]",0.6942055139365229,0.9507803863239565,False
Hemoglobin subunit gamma-1,Lactic acid,20,39,0.2025478734167332,"[-0.11, 0.48]",0.20406916170063452,0.8205034779432058,False
Apolipoprotein F,Lactic acid,20,39,0.025318484177092055,"[-0.28, 0.33]",0.8751432422724365,0.9710047873747903,False
Immunoglobulin gamma-1 heavy chain,Lactic acid,20,39,0.012659242088546385,"[-0.30, 0.32]",0.9373865845519027,0.9864156703215041,False
Low affinity immunoglobulin gamma Fc region receptor III-B,Lactic acid,20,39,0.18988863132818698,"[-0.13, 0.47]",0.2343864016617009,0.8448096775145966,False
Multiple epidermal growth factor-like domains protein 8,Lactic acid,20,39,0.07595545253127545,"[-0.24, 0.37]",0.6369307583072132,0.9307504209261677,False
Complement C4-B,Lactic acid,20,39,-0.17722938923964204,"[-0.46, 0.14]",0.2676326881599689,0.8448096775145966,False
Glyceraldehyde-3-phosphate dehydrogenase,Lactic acid,20,39,0.12659242088545827,"[-0.19, 0.42]",0.4302873446375517,0.8960937411657979,False
Complement C1r subcomponent,Lactic acid,20,39,0.1519109050625506,"[-0.16, 0.44]",0.34305750716819117,0.860788962265991,False
Sex hormone-binding globulin,Lactic acid,20,39,-0.3038218101250997,"[-0.56, 0.00]",0.0534618506757702,0.5955651164529556,False
Biotinidase,Lactic acid,20,39,-0.4177549889220121,"[-0.64, -0.13]",0.006573196894078491,0.2603759287336754,False
Cholinesterase,Lactic acid,20,39,-0.22786635759382456,"[-0.50, 0.09]",0.15189688033041882,0.7607516423767026,False
Immunoglobulin heavy variable 2-5,Lactic acid,20,39,5.902924457223122e-16,"[-0.31, 0.31]",1.0,1.0,False
Immunoglobulin lambda variable 1-36,Lactic acid,20,39,-0.025318484177092013,"[-0.33, 0.28]",0.8751432422724365,0.9710047873747903,False
Immunoglobulin kappa variable 3-11,Lactic acid,20,39,-0.17722938923964193,"[-0.46, 0.14]",0.2676326881599689,0.8448096775145966,False
Immunoglobulin kappa variable 6-21,Lactic acid,20,39,0.06329621044272968,"[-0.25, 0.36]",0.6942055139365229,0.9507803863239565,False
Immunoglobulin kappa light chain,Lactic acid,20,39,0.037977726265637994,"[-0.27, 0.34]",0.8136338477403198,0.9671847464778622,False
Neuropilin-1,Lactic acid,20,39,-0.037977726265637855,"[-0.34, 0.27]",0.8136338477403198,0.9671847464778622,False
Ficolin-2,Lactic acid,20,39,0.025318484177092086,"[-0.28, 0.33]",0.8751432422724365,0.9710047873747903,False
Gamma-glutamyl hydrolase,Lactic acid,20,39,-0.07595545253127517,"[-0.37, 0.24]",0.6369307583072197,0.9307504209261677,False
Keratinocyte proline-rich protein,Lactic acid,20,39,0.08861469461982066,"[-0.23, 0.39]",0.5816684174118314,0.9307504209261677,False
Kyphoscoliosis peptidase,Lactic acid,20,39,-0.07595545253127517,"[-0.37, 0.24]",0.6369307583072197,0.9307504209261677,False
Laminin subunit alpha-2,Lactic acid,20,39,0.15191090506255134,"[-0.16, 0.44]",0.3430575071681875,0.860788962265991,False
Desmoglein-1,Lactic acid,20,39,0.12659242088545783,"[-0.19, 0.42]",0.43028734463755336,0.8960937411657979,False
Immunoglobulin lambda variable 3-27,Lactic acid,20,39,0.15191090506255028,"[-0.16, 0.44]",0.34305750716819117,0.860788962265991,False
Myosin-9,Lactic acid,20,39,0.22786635759382523,"[-0.09, 0.50]",0.15189688033041746,0.7607516423767026,False
Versican core protein,Lactic acid,20,39,0.30382181012509957,"[-0.00, 0.56]",0.0534618506757702,0.5955651164529556,False
Proteasome subunit beta type-3,Lactic acid,20,39,0.11393317879691221,"[-0.20, 0.41]",0.47814942883638967,0.9307504209261677,False
Alpha-N-acetylglucosaminidase,Lactic acid,20,39,-0.06329621044272968,"[-0.36, 0.25]",0.6942055139365229,0.9507803863239565,False
Caspase-14,Lactic acid,20,39,-0.025318484177091996,"[-0.33, 0.28]",0.8751432422724365,0.9710047873747903,False
Histidine-rich glycoprotein,Lactic acid,20,39,-0.012659242088546052,"[-0.32, 0.30]",0.9373865845519027,0.9864156703215041,False
"ATP synthase subunit alpha, mitochondrial",Lactic acid,20,39,-0.11393317879691178,"[-0.41, 0.20]",0.47814942883638967,0.9307504209261677,False
Immunoglobulin kappa constant,Lactic acid,20,39,-0.07595545253127516,"[-0.37, 0.24]",0.6369307583072197,0.9307504209261677,False
Interleukin-1 receptor accessory protein,Lactic acid,20,39,0.15191090506255003,"[-0.16, 0.44]",0.34305750716819117,0.860788962265991,False
Immunoglobulin lambda variable 9-49,Lactic acid,20,39,0.20254787341673355,"[-0.11, 0.48]",0.20406916170063413,0.8205034779432058,False
Plexin domain-containing protein 2,Lactic acid,20,39,-0.037977726265637654,"[-0.34, 0.27]",0.8136338477403198,0.9671847464778622,False
Immunoglobulin heavy variable 4-28,Lactic acid,20,39,0.10127393670836636,"[-0.21, 0.40]",0.5286693398642931,0.9307504209261677,False
Desmoplakin,Lactic acid,20,39,0.0506369683541833,"[-0.26, 0.35]",0.7532100413323757,0.9507803863239565,False
Endoplasmin,Lactic acid,20,39,-0.050636968354183125,"[-0.35, 0.26]",0.7532100413323757,0.9507803863239565,False
Heparin cofactor 2,Lactic acid,20,39,-0.2785033259480081,"[-0.54, 0.03]",0.07786442509379034,0.6837273567758237,False
Laminin subunit gamma-1,Lactic acid,20,39,0.22786635759382495,"[-0.09, 0.50]",0.15189688033041787,0.7607516423767026,False
Polymeric immunoglobulin receptor,Lactic acid,20,39,0.025318484177091122,"[-0.28, 0.33]",0.8751432422724579,0.9710047873747903,False
Serum amyloid A-4 protein,Lactic acid,20,39,0.08861469461982098,"[-0.23, 0.39]",0.5816684174118261,0.9307504209261677,False
Catalase,Lactic acid,20,39,0.17722938923964213,"[-0.14, 0.46]",0.26763268815996794,0.8448096775145966,False
Complement receptor type 1,Lactic acid,20,39,0.3291402943021911,"[0.02, 0.58]",0.03561505890517318,0.5407449785115541,False
Immunoglobulin kappa variable 1-27,Lactic acid,20,39,0.27850332594800764,"[-0.03, 0.54]",0.07786442509379081,0.6837273567758237,False
Immunoglobulin kappa variable 2-30,Lactic acid,20,39,0.11393317879691328,"[-0.20, 0.41]",0.478149428836384,0.9307504209261677,False
Protein-glutamine gamma-glutamyltransferase E,Lactic acid,20,39,0.05063696835418303,"[-0.26, 0.35]",0.7532100413323757,0.9507803863239565,False
Periostin,Lactic acid,20,39,-0.20254787341673308,"[-0.48, 0.11]",0.20406916170063452,0.8205034779432058,False
Albumin,Lactic acid,20,39,-0.2785033259480085,"[-0.54, 0.03]",0.07786442509378971,0.6837273567758237,False
Complement factor B,Lactic acid,20,39,-0.3164810522136454,"[-0.57, -0.01]",0.04380551964824052,0.5652420249953286,False
Probable non-functional immunoglobulinn kappa variable 1-37;Probable non-functional immunoglobulinn kappa variable 1D-37,Lactic acid,20,39,0.1645701471510966,"[-0.15, 0.45]",0.3038525903692803,0.860788962265991,False
Immunoglobulin lambda variable 8-61,Lactic acid,20,39,-0.0632962104427284,"[-0.36, 0.25]",0.6942055139365308,0.9507803863239565,False
Annexin A1,Lactic acid,20,39,0.20254787341673433,"[-0.11, 0.48]",0.2040691617006317,0.8205034779432058,False
CD5 antigen-like,Lactic acid,20,39,0.15191090506255048,"[-0.16, 0.44]",0.34305750716819117,0.860788962265991,False
RB-associated KRAB zinc finger protein,Lactic acid,20,39,0.025318484177091472,"[-0.28, 0.33]",0.8751432422724579,0.9710047873747903,False
Immunoglobulin lambda variable 7-46,Lactic acid,20,39,0.2785033259480087,"[-0.03, 0.54]",0.07786442509378948,0.6837273567758237,False
Basement membrane-specific heparan sulfate proteoglycan core protein,Lactic acid,20,39,0.13925166297400468,"[-0.18, 0.43]",0.3852230935083789,0.893289750350874,False
Vitamin K-dependent protein C,Lactic acid,20,39,-0.10127393670836675,"[-0.40, 0.21]",0.5286693398642885,0.9307504209261677,False
Immunoglobulin lambda variable 1-40,Lactic acid,20,39,0.12659242088545838,"[-0.19, 0.42]",0.4302873446375517,0.8960937411657979,False
Pantetheinase,Lactic acid,20,39,-0.12659242088545844,"[-0.42, 0.19]",0.4302873446375517,0.8960937411657979,False
Neutrophil defensin 1;Neutrophil defensin 3,Lactic acid,20,39,-0.13925166297400338,"[-0.43, 0.18]",0.38522309350838446,0.893289750350874,False
Immunoglobulin lambda variable 2-8,Lactic acid,20,39,0.22786635759382484,"[-0.09, 0.50]",0.15189688033041787,0.7607516423767026,False
Immunoglobulin heavy variable 1-18,Lactic acid,20,39,0.22786635759382448,"[-0.09, 0.50]",0.15189688033041882,0.7607516423767026,False
Immunoglobulin kappa variable 3D-15,Lactic acid,20,39,-0.025318484177091243,"[-0.33, 0.28]",0.8751432422724579,0.9710047873747903,False
Extracellular matrix protein 1,Lactic acid,20,39,-0.22786635759382498,"[-0.50, 0.09]",0.15189688033041746,0.7607516423767026,False
Tubulin alpha-1B chain,Lactic acid,20,39,-0.07595545253127466,"[-0.37, 0.24]",0.6369307583072197,0.9307504209261677,False
Immunoglobulin lambda variable 5-45,Lactic acid,20,39,0.07595545253127586,"[-0.24, 0.37]",0.6369307583072132,0.9307504209261677,False
Alpha-2-HS-glycoprotein,Lactic acid,20,39,-0.012659242088545184,"[-0.32, 0.30]",0.9373865845519027,0.9864156703215041,False
Cartilage acidic protein 1,Lactic acid,20,39,0.06329621044272875,"[-0.25, 0.36]",0.6942055139365308,0.9507803863239565,False
Coagulation factor IX,Lactic acid,20,39,0.13925166297400424,"[-0.18, 0.43]",0.3852230935083817,0.893289750350874,False
Integrin alpha-2,Lactic acid,20,39,0.20254787341673397,"[-0.11, 0.48]",0.20406916170063363,0.8205034779432058,False
"Mannosyl-oligosaccharide 1,2-alpha-mannosidase IA",Lactic acid,20,39,-0.1265924208854586,"[-0.42, 0.19]",0.4302873446375517,0.8960937411657979,False
Endophilin-A3,Lactic acid,20,39,-0.08861469461982015,"[-0.39, 0.23]",0.5816684174118314,0.9307504209261677,False
Collagen alpha-1(I) chain,Lactic acid,20,39,0.11393317879691328,"[-0.20, 0.41]",0.478149428836384,0.9307504209261677,False
Carboxypeptidase N subunit 2,Lactic acid,20,39,-0.025318484177091687,"[-0.33, 0.28]",0.8751432422724579,0.9710047873747903,False
Scavenger receptor cysteine-rich type 1 protein M130,Lactic acid,20,39,-0.17722938923964135,"[-0.46, 0.14]",0.26763268815997215,0.8448096775145966,False
Annexin A5,Lactic acid,20,39,-0.1519109050625502,"[-0.44, 0.16]",0.34305750716819117,0.860788962265991,False
Platelet factor 4,Lactic acid,20,39,-0.025318484177091823,"[-0.33, 0.28]",0.8751432422724365,0.9710047873747903,False
Immunoglobulin heavy variable 3-72,Lactic acid,20,39,0.03797772626563817,"[-0.27, 0.34]",0.8136338477403198,0.9671847464778622,False
Protein HEG homolog 1,Lactic acid,20,39,0.06329621044272979,"[-0.25, 0.36]",0.6942055139365229,0.9507803863239565,False
Sulfhydryl oxidase 1,Lactic acid,20,39,-0.101273936708367,"[-0.40, 0.21]",0.5286693398642885,0.9307504209261677,False
Corticosteroid-binding globulin,Lactic acid,20,39,-0.26584408385946223,"[-0.53, 0.05]",0.09296268286085103,0.7152154288913432,False
Angiopoietin-related protein 6,Lactic acid,20,39,0.11393317879691225,"[-0.20, 0.41]",0.47814942883638967,0.9307504209261677,False
72 kDa type IV collagenase,Lactic acid,20,39,-0.012659242088546243,"[-0.32, 0.30]",0.9373865845519027,0.9864156703215041,False
Trypsin-3,Lactic acid,20,39,-0.2785033259480078,"[-0.54, 0.03]",0.07786442509379081,0.6837273567758237,False
Complement component C9,Lactic acid,20,39,-0.1645701471510954,"[-0.45, 0.15]",0.3038525903692841,0.860788962265991,False
Pyruvate kinase PKM,Lactic acid,20,39,0.17722938923964218,"[-0.14, 0.46]",0.26763268815996794,0.8448096775145966,False
Immunoglobulin heavy variable 4-34,Lactic acid,20,39,0.20254787341673341,"[-0.11, 0.48]",0.20406916170063413,0.8205034779432058,False
Immunoglobulin kappa variable 6D-21,Lactic acid,20,39,0.1645701471510953,"[-0.15, 0.45]",0.303852590369286,0.860788962265991,False
Immunoglobulin lambda-1 light chain,Lactic acid,20,39,-0.12659242088545758,"[-0.42, 0.19]",0.43028734463755336,0.8960937411657979,False
Transforming growth factor-beta-induced protein ig-h3,Lactic acid,20,39,0.02531848417709212,"[-0.28, 0.33]",0.8751432422724365,0.9710047873747903,False
Complement C1q subcomponent subunit A,Lactic acid,20,39,0.07595545253127566,"[-0.24, 0.37]",0.6369307583072132,0.9307504209261677,False
Prolow-density lipoprotein receptor-related protein 1,Lactic acid,20,39,0.20254787341673375,"[-0.11, 0.48]",0.20406916170063363,0.8205034779432058,False
Immunoglobulin heavy constant mu,Lactic acid,20,39,0.2911625680365541,"[-0.02, 0.55]",0.06475624452706516,0.635668441173849,False
UV-stimulated scaffold protein A,Lactic acid,20,39,-0.0632962104427294,"[-0.36, 0.25]",0.6942055139365229,0.9507803863239565,False
Complement component C6,Lactic acid,20,39,-0.354458778479283,"[-0.60, -0.05]",0.02297544788577212,0.45322368856435696,False
Angiotensinogen,Lactic acid,20,39,-0.4810511993647408,"[-0.69, -0.20]",0.0014533369050282509,0.10089454348928084,False
Pregnancy zone protein,Lactic acid,20,39,0.15191090506254945,"[-0.16, 0.44]",0.3430575071681934,0.860788962265991,False
Histone H2A type 1-B/E;Histone H2A type 3;Histone H2A type 1-C,Lactic acid,20,39,0.164570147151096,"[-0.15, 0.45]",0.30385259036928086,0.860788962265991,False
Desmocollin-1,Lactic acid,20,39,0.10127393670836736,"[-0.21, 0.40]",0.5286693398642863,0.9307504209261677,False
Protein Z-dependent protease inhibitor,Lactic acid,20,39,-0.2785033259480078,"[-0.54, 0.03]",0.07786442509379081,0.6837273567758237,False
Immunoglobulin kappa variable 1-17,Lactic acid,20,39,5.621832816402975e-16,"[-0.31, 0.31]",1.0,1.0,False
Fibronectin,Lactic acid,20,39,-0.40509574683346683,"[-0.63, -0.11]",0.008605028569980413,0.3066711211611223,False
Probable non-functional immunoglobulin heavy variable 3-38,Lactic acid,20,39,0.15191090506255017,"[-0.16, 0.44]",0.34305750716819117,0.860788962265991,False
Nucleoside diphosphate kinase 3,Lactic acid,20,39,0.10127393670836748,"[-0.21, 0.40]",0.5286693398642863,0.9307504209261677,False
Plasma protease C1 inhibitor,Lactic acid,20,39,-0.16457014715109594,"[-0.45, 0.15]",0.30385259036928086,0.860788962265991,False
Immunoglobulin kappa variable 1-16,Lactic acid,20,39,-0.012659242088545226,"[-0.32, 0.30]",0.9373865845519027,0.9864156703215041,False
F-actin-capping protein subunit alpha-1,Lactic acid,20,39,0.1392516629740041,"[-0.18, 0.43]",0.3852230935083817,0.893289750350874,False
Cathepsin D,Lactic acid,20,39,-0.05063696835418277,"[-0.35, 0.26]",0.7532100413323757,0.9507803863239565,False
Anthrax toxin receptor 2,Lactic acid,20,39,0.05063696835418287,"[-0.26, 0.35]",0.7532100413323757,0.9507803863239565,False
Talin-1,Lactic acid,20,39,0.3797772626563749,"[0.08, 0.62]",0.014321577954681376,0.36734819848780037,False
Protein disulfide-isomerase,Lactic acid,20,39,0.025318484177091694,"[-0.28, 0.33]",0.8751432422724579,0.9710047873747903,False
Junction plakoglobin,Lactic acid,20,39,0.02531848417709254,"[-0.28, 0.33]",0.8751432422724365,0.9710047873747903,False
Tenascin,Lactic acid,20,39,0.16457014715109522,"[-0.15, 0.45]",0.303852590369286,0.860788962265991,False
Cadherin-related family member 5,Lactic acid,20,39,-0.02531848417709182,"[-0.33, 0.28]",0.8751432422724365,0.9710047873747903,False
Kininogen-1,Lactic acid,20,39,-0.037977726265638105,"[-0.34, 0.27]",0.8136338477403198,0.9671847464778622,False
Alpha-1-antichymotrypsin,Lactic acid,20,39,-0.1772293892396411,"[-0.46, 0.14]",0.26763268815997115,0.8448096775145966,False
Integrin alpha-IIb,Lactic acid,20,39,0.7468952832242042,"[0.57, 0.86]",2.045884557269964e-08,4.5923288695519795e-05,True
Serum amyloid P-component,Lactic acid,20,39,-0.2531848417709169,"[-0.52, 0.06]",0.11022452915533155,0.7242274493625929,False
Inter-alpha-trypsin inhibitor heavy chain H1,Lactic acid,20,39,-0.15191090506255012,"[-0.44, 0.16]",0.34305750716819117,0.860788962265991,False
Probable non-functional immunoglobulin heavy variable 3-35,Lactic acid,20,39,0.21520711550527888,"[-0.10, 0.49]",0.1766063542079387,0.7970464859682194,False
Immunoglobulin kappa variable 1-5,Lactic acid,20,39,0.2785033259480088,"[-0.03, 0.54]",0.07786442509378948,0.6837273567758237,False
Band 3 anion transport protein,Lactic acid,20,39,0.21520711550527966,"[-0.10, 0.49]",0.17660635420793722,0.7970464859682194,False
Immunoglobulin lambda variable 7-43,Lactic acid,20,39,-0.08861469461982094,"[-0.39, 0.23]",0.5816684174118261,0.9307504209261677,False
Peroxiredoxin-1,Lactic acid,20,39,0.05063696835418328,"[-0.26, 0.35]",0.7532100413323757,0.9507803863239565,False
Matrix metalloproteinase-9,Lactic acid,20,39,-0.35445877847928314,"[-0.60, -0.05]",0.02297544788577212,0.45322368856435696,False
Multimerin-2,Lactic acid,20,39,-0.16457014715109544,"[-0.45, 0.15]",0.3038525903692841,0.860788962265991,False
Immunoglobulin heavy variable 1-3,Lactic acid,20,39,0.037977726265637494,"[-0.27, 0.34]",0.8136338477403198,0.9671847464778622,False
Podocalyxin,Lactic acid,20,39,0.48105119936474144,"[0.20, 0.69]",0.0014533369050282246,0.10089454348928084,False
Immunoglobulin lambda variable 1-51,Lactic acid,20,39,0.01265924208854566,"[-0.30, 0.32]",0.9373865845519027,0.9864156703215041,False
Cadherin-13,Lactic acid,20,39,0.08861469461982144,"[-0.23, 0.39]",0.5816684174118261,0.9307504209261677,False
Plastin-2,Lactic acid,20,39,-0.05063696835418286,"[-0.35, 0.26]",0.7532100413323757,0.9507803863239565,False
Inter-alpha-trypsin inhibitor heavy chain H4,Lactic acid,20,39,-0.03797772626563682,"[-0.34, 0.27]",0.8136338477403198,0.9671847464778622,False
Fructose-bisphosphate aldolase B,Lactic acid,20,39,0.20254787341673414,"[-0.11, 0.48]",0.2040691617006317,0.8205034779432058,False
Mannan-binding lectin serine protease 2,Lactic acid,20,39,-0.025318484177091188,"[-0.33, 0.28]",0.8751432422724579,0.9710047873747903,False
Platelet glycoprotein 4,Lactic acid,20,39,0.4937104414532877,"[0.22, 0.70]",0.0010369438240976905,0.08026183576406844,False
Hemoglobin subunit alpha,Lactic acid,20,39,0.17722938923964246,"[-0.14, 0.46]",0.26763268815996794,0.8448096775145966,False
Immunoglobulin lambda variable 3-10,Lactic acid,20,39,-0.050636968354183534,"[-0.35, 0.26]",0.7532100413323757,0.9507803863239565,False
Serum paraoxonase/lactonase 3,Lactic acid,20,39,-0.10127393670836674,"[-0.40, 0.21]",0.5286693398642885,0.9307504209261677,False
Dopamine beta-hydroxylase,Lactic acid,20,39,0.1772293892396416,"[-0.14, 0.46]",0.26763268815997215,0.8448096775145966,False
Triosephosphate isomerase,Lactic acid,20,39,0.012659242088545927,"[-0.30, 0.32]",0.9373865845519027,0.9864156703215041,False
Endoplasmic reticulum chaperone BiP,Lactic acid,20,39,0.10127393670836765,"[-0.21, 0.40]",0.5286693398642863,0.9307504209261677,False
Suprabasin,Lactic acid,20,39,0.03797772626563724,"[-0.27, 0.34]",0.8136338477403198,0.9671847464778622,False
Immunoglobulin kappa variable 3-20,Lactic acid,20,39,0.1645701471510957,"[-0.15, 0.45]",0.3038525903692841,0.860788962265991,False
Ficolin-1,Lactic acid,20,39,0.12659242088545886,"[-0.19, 0.42]",0.4302873446375486,0.8960937411657979,False
Autotaxin,Lactic acid,20,39,-0.1645701471510955,"[-0.45, 0.15]",0.3038525903692841,0.860788962265991,False
Histidine ammonia-lyase,Lactic acid,20,39,0.050636968354184166,"[-0.26, 0.35]",0.7532100413323757,0.9507803863239565,False
Noelin,Lactic acid,20,39,0.05063696835418416,"[-0.26, 0.35]",0.7532100413323757,0.9507803863239565,False
Prenylcysteine oxidase 1,Lactic acid,20,39,0.12659242088545866,"[-0.19, 0.42]",0.4302873446375517,0.8960937411657979,False
Immunoglobulin delta heavy chain,Lactic acid,20,39,-0.025318484177091805,"[-0.33, 0.28]",0.8751432422724365,0.9710047873747903,False
Antithrombin-III,Lactic acid,20,39,-0.45573271518765,"[-0.67, -0.17]",0.0027504685039203523,0.15830474278119497,False
Complement component C7,Lactic acid,20,39,-0.11393317879691191,"[-0.41, 0.20]",0.47814942883638967,0.9307504209261677,False
BOS complex subunit NOMO3;BOS complex subunit NOMO1;BOS complex subunit NOMO2,Lactic acid,20,39,0.1898886313281871,"[-0.13, 0.47]",0.2343864016617009,0.8448096775145966,False
Cofilin-1,Lactic acid,20,39,0.13925166297400393,"[-0.18, 0.43]",0.38522309350838446,0.893289750350874,False
Histone H4,Lactic acid,20,39,0.21520711550527916,"[-0.10, 0.49]",0.1766063542079382,0.7970464859682194,False
Serum amyloid A-1 protein,Lactic acid,20,39,-0.1265924208854586,"[-0.42, 0.19]",0.4302873446375517,0.8960937411657979,False
Transferrin receptor protein 1,Lactic acid,20,39,-0.012659242088546284,"[-0.32, 0.30]",0.9373865845519027,0.9864156703215041,False
Serpin B12,Lactic acid,20,39,-9.135478326654834e-17,"[-0.31, 0.31]",1.0,1.0,False
Immunoglobulin kappa variable 3D-20,Lactic acid,20,39,-0.012659242088544999,"[-0.32, 0.30]",0.9373865845519027,0.9864156703215041,False
Probable non-functional immunoglobulin heavy variable 3-16,Lactic acid,20,39,-0.07595545253127517,"[-0.37, 0.24]",0.6369307583072197,0.9307504209261677,False
Immunoglobulin lambda variable 6-57,Lactic acid,20,39,0.15191090506255067,"[-0.16, 0.44]",0.34305750716818995,0.860788962265991,False
Fibrinogen alpha chain,Lactic acid,20,39,0.25318484177091644,"[-0.06, 0.52]",0.11022452915533222,0.7242274493625929,False
Galectin-3-binding protein,Lactic acid,20,39,0.11393317879691298,"[-0.20, 0.41]",0.47814942883638767,0.9307504209261677,False
Macrophage colony-stimulating factor 1 receptor,Lactic acid,20,39,-0.08861469461982095,"[-0.39, 0.23]",0.5816684174118261,0.9307504209261677,False
Phosphatidylinositol-glycan-specific phospholipase D,Lactic acid,20,39,-0.03797772626563812,"[-0.34, 0.27]",0.8136338477403198,0.9671847464778622,False
Serotransferrin,Lactic acid,20,39,-0.227866357593825,"[-0.50, 0.09]",0.15189688033041746,0.7607516423767026,False
Integrin alpha-11,Lactic acid,20,39,-0.025318484177091802,"[-0.33, 0.28]",0.8751432422724365,0.9710047873747903,False
Proprotein convertase subtilisin/kexin type 9,Lactic acid,20,39,0.05063696835418289,"[-0.26, 0.35]",0.7532100413323757,0.9507803863239565,False
Gelsolin,Lactic acid,20,39,-0.025318484177091073,"[-0.33, 0.28]",0.8751432422724579,0.9710047873747903,False
Proteoglycan 4,Lactic acid,20,39,0.15191090506254945,"[-0.16, 0.44]",0.34305750716819583,0.860788962265991,False
Vascular cell adhesion protein 1,Lactic acid,20,39,-0.1519109050625494,"[-0.44, 0.16]",0.34305750716819583,0.860788962265991,False
Adhesion G protein-coupled receptor F5,Lactic acid,20,39,0.012659242088546508,"[-0.30, 0.32]",0.9373865845519027,0.9864156703215041,False
Insulin-like growth factor-binding protein 3,Lactic acid,20,39,0.20254787341673347,"[-0.11, 0.48]",0.20406916170063413,0.8205034779432058,False
Transthyretin,Lactic acid,20,39,-0.2658440838594624,"[-0.53, 0.05]",0.09296268286085053,0.7152154288913432,False
Coiled-coil domain-containing protein 126,Lactic acid,20,39,0.06329621044272903,"[-0.25, 0.36]",0.6942055139365308,0.9507803863239565,False
Guanine nucleotide-binding protein G(i) subunit alpha-2,Lactic acid,20,39,0.7089175569585666,"[0.51, 0.83]",2.1353016043632703e-07,0.00026351274218315454,True
Apolipoprotein C-I,Lactic acid,20,39,0.17722938923964143,"[-0.14, 0.46]",0.26763268815997215,0.8448096775145966,False
Syntenin-1,Lactic acid,20,39,0.1519109050625511,"[-0.16, 0.44]",0.34305750716818995,0.860788962265991,False
Phospholipid transfer protein,Lactic acid,20,39,0.1265924208854584,"[-0.19, 0.42]",0.4302873446375517,0.8960937411657979,False
Laminin subunit beta-1,Lactic acid,20,39,0.30382181012510073,"[-0.00, 0.56]",0.05346185067576933,0.5955651164529556,False
Proline-rich protein 4,Lactic acid,20,39,0.03797772626563733,"[-0.27, 0.34]",0.8136338477403198,0.9671847464778622,False
Immunoglobulin kappa variable 2-28;Immunoglobulin kappa variable 2D-28,Lactic acid,20,39,0.10127393670836658,"[-0.21, 0.40]",0.5286693398642885,0.9307504209261677,False
Complement C3,Lactic acid,20,39,-0.0759554525312751,"[-0.37, 0.24]",0.6369307583072197,0.9307504209261677,False
Thyroxine-binding globulin,Lactic acid,20,39,-0.24052559968237075,"[-0.51, 0.07]",0.12981702788530963,0.7605654126839256,False
Immunoglobulin kappa variable 1D-13;Immunoglobulin kappa variable 1-13,Lactic acid,20,39,0.2785033259480089,"[-0.03, 0.54]",0.07786442509378948,0.6837273567758237,False
Complement factor H-related protein 5,Lactic acid,20,39,0.06329621044272993,"[-0.25, 0.36]",0.6942055139365229,0.9507803863239565,False
Immunoglobulin lambda variable 2-23,Lactic acid,20,39,0.037977726265637814,"[-0.27, 0.34]",0.8136338477403198,0.9671847464778622,False
Coagulation factor VII,Lactic acid,20,39,-0.10127393670836587,"[-0.40, 0.21]",0.5286693398642931,0.9307504209261677,False
Immunoglobulin heavy constant gamma 4,Lactic acid,20,39,-0.025318484177091722,"[-0.33, 0.28]",0.8751432422724579,0.9710047873747903,False
L-lactate dehydrogenase B chain,Lactic acid,20,39,-0.0253184841770918,"[-0.33, 0.28]",0.8751432422724365,0.9710047873747903,False
Zinc-alpha-2-glycoprotein,Lactic acid,20,39,-0.2531848417709168,"[-0.52, 0.06]",0.11022452915533155,0.7242274493625929,False
"Dihydrolipoyllysine-residue succinyltransferase component of 2-oxoglutarate dehydrogenase complex, mitochondrial",Lactic acid,20,39,4.2163746123022306e-17,"[-0.31, 0.31]",1.0,1.0,False
Serpin B3,Lactic acid,20,39,-0.1772293892396419,"[-0.46, 0.14]",0.2676326881599689,0.8448096775145966,False
Immunoglobulin heavy variable 3-33,Lactic acid,20,39,0.20254787341673364,"[-0.11, 0.48]",0.20406916170063413,0.8205034779432058,False
Follistatin-related protein 1,Lactic acid,20,39,-0.40509574683346633,"[-0.63, -0.11]",0.008605028569980485,0.3066711211611223,False
Cholesteryl ester transfer protein,Lactic acid,20,39,0.10127393670836611,"[-0.21, 0.40]",0.5286693398642931,0.9307504209261677,False
Complement C1q subcomponent subunit C,Lactic acid,20,39,0.17722938923964257,"[-0.14, 0.46]",0.2676326881599667,0.8448096775145966,False
Immunoglobulin heavy variable 4-30-2,Lactic acid,20,39,0.06329621044272911,"[-0.25, 0.36]",0.6942055139365308,0.9507803863239565,False
Thrombospondin-4,Lactic acid,20,39,0.24052559968237147,"[-0.07, 0.51]",0.12981702788530844,0.7605654126839256,False
Transketolase,Lactic acid,20,39,0.21520711550527885,"[-0.10, 0.49]",0.1766063542079382,0.7970464859682194,False
Complement receptor type 2,Lactic acid,20,39,-0.11393317879691177,"[-0.41, 0.20]",0.47814942883638967,0.9307504209261677,False
Immunoglobulin kappa variable 2-40;Immunoglobulin kappa variable 2D-40,Lactic acid,20,39,0.17722938923964146,"[-0.14, 0.46]",0.26763268815997215,0.8448096775145966,False
Immunoglobulin kappa variable 3D-7,Lactic acid,20,39,0.06329621044272925,"[-0.25, 0.36]",0.6942055139365308,0.9507803863239565,False
Immunoglobulin heavy variable 3-64,Lactic acid,20,39,-0.08861469461982116,"[-0.39, 0.23]",0.5816684174118261,0.9307504209261677,False
Vitronectin,Lactic acid,20,39,0.2278663575938248,"[-0.09, 0.50]",0.15189688033041787,0.7607516423767026,False
Complement component C8 gamma chain,Lactic acid,20,39,-0.037977726265637855,"[-0.34, 0.27]",0.8136338477403198,0.9671847464778622,False
Immunoglobulin heavy variable 5-51,Lactic acid,20,39,-0.07595545253127517,"[-0.37, 0.24]",0.6369307583072197,0.9307504209261677,False
Coagulation factor V,Lactic acid,20,39,0.07595545253127535,"[-0.24, 0.37]",0.6369307583072197,0.9307504209261677,False
Protein S100-A7,Lactic acid,20,39,-0.07595545253127492,"[-0.37, 0.24]",0.6369307583072197,0.9307504209261677,False
Arginase-1,Lactic acid,20,39,0.01265924208854571,"[-0.30, 0.32]",0.9373865845519027,0.9864156703215041,False
Protein-glutamine gamma-glutamyltransferase K,Lactic acid,20,39,-0.012659242088545672,"[-0.32, 0.30]",0.9373865845519027,0.9864156703215041,False
Immunoglobulin kappa variable 4-1,Lactic acid,20,39,0.0759554525312757,"[-0.24, 0.37]",0.6369307583072132,0.9307504209261677,False
Coagulation factor XIII B chain,Lactic acid,20,39,-0.31648105221364514,"[-0.57, -0.01]",0.04380551964824064,0.5652420249953286,False
Apolipoprotein C-II,Lactic acid,20,39,0.3417995363907372,"[0.04, 0.59]",0.028724350254192083,0.5032824644222794,False
Bone marrow proteoglycan,Lactic acid,20,39,0.0759554525312751,"[-0.24, 0.37]",0.6369307583072197,0.9307504209261677,False
Apolipoprotein A-I,Lactic acid,20,39,-0.16457014715109597,"[-0.45, 0.15]",0.30385259036928086,0.860788962265991,False
Coagulation factor X,Lactic acid,20,39,-0.03797772626563678,"[-0.34, 0.27]",0.8136338477403198,0.9671847464778622,False
Thioredoxin,Lactic acid,20,39,-0.08861469461982027,"[-0.39, 0.23]",0.5816684174118314,0.9307504209261677,False
Immunoglobulin heavy variable 3-15,Lactic acid,20,39,0.1265924208854591,"[-0.19, 0.42]",0.4302873446375486,0.8960937411657979,False
Proteasome subunit beta type-2,Lactic acid,20,39,0.06329621044272904,"[-0.25, 0.36]",0.6942055139365308,0.9507803863239565,False
Apolipoprotein A-II,Lactic acid,20,39,-0.13925166297400424,"[-0.43, 0.18]",0.3852230935083817,0.893289750350874,False
Immunoglobulin heavy constant gamma 2,Lactic acid,20,39,-0.16457014715109622,"[-0.45, 0.15]",0.30385259036928086,0.860788962265991,False
Plakophilin-1,Lactic acid,20,39,0.20254787341673414,"[-0.11, 0.48]",0.2040691617006317,0.8205034779432058,False
Fetuin-B,Lactic acid,20,39,-0.08861469461982095,"[-0.39, 0.23]",0.5816684174118261,0.9307504209261677,False
Complement factor H-related protein 3,Lactic acid,20,39,0.15191090506254978,"[-0.16, 0.44]",0.3430575071681934,0.860788962265991,False
Plasminogen,Lactic acid,20,39,-0.27850332594800825,"[-0.54, 0.03]",0.07786442509379014,0.6837273567758237,False
Fermitin family homolog 3,Lactic acid,20,39,0.6203028623387458,"[0.39, 0.78]",1.519066014064306e-05,0.004262246057795432,True
Immunoglobulin heavy variable 3-21,Lactic acid,20,39,0.2785033259480084,"[-0.03, 0.54]",0.07786442509379014,0.6837273567758237,False
Immunoglobulin heavy variable 2-26,Lactic acid,20,39,-0.03797772626563762,"[-0.34, 0.27]",0.8136338477403198,0.9671847464778622,False
Immunoglobulin kappa variable 1-12;Immunoglobulin kappa variable 1D-12,Lactic acid,20,39,0.3038218101251005,"[-0.00, 0.56]",0.0534618506757696,0.5955651164529556,False
Immunoglobulin heavy constant gamma 3,Lactic acid,20,39,0.16457014715109544,"[-0.15, 0.45]",0.3038525903692841,0.860788962265991,False
Immunoglobulin kappa variable 2D-29,Lactic acid,20,39,-0.1139331787969121,"[-0.41, 0.20]",0.47814942883638967,0.9307504209261677,False
Neogenin,Lactic acid,20,39,0.03797772626563722,"[-0.27, 0.34]",0.8136338477403198,0.9671847464778622,False
Immunoglobulin heavy variable 6-1,Lactic acid,20,39,-0.12659242088545877,"[-0.42, 0.19]",0.4302873446375486,0.8960937411657979,False
L-selectin,Lactic acid,20,39,0.13925166297400404,"[-0.18, 0.43]",0.3852230935083817,0.893289750350874,False
Immunoglobulin lambda constant 3,Lactic acid,20,39,0.08861469461982115,"[-0.23, 0.39]",0.5816684174118261,0.9307504209261677,False
A disintegrin and metalloproteinase with thrombospondin motifs 13,Lactic acid,20,39,-0.17722938923964113,"[-0.46, 0.14]",0.26763268815997215,0.8448096775145966,False
von Willebrand factor,Lactic acid,20,39,-0.36711802056782844,"[-0.61, -0.07]",0.018220225007724845,0.4089833173400649,False
Neutral alpha-glucosidase AB,Lactic acid,20,39,0.10127393670836703,"[-0.21, 0.40]",0.5286693398642885,0.9307504209261677,False
Carbonic anhydrase 1,Lactic acid,20,39,0.341799536390738,"[0.04, 0.59]",0.028724350254191684,0.5032824644222794,False
Immunoglobulin lambda variable 4-60,Lactic acid,20,39,0.03797772626563748,"[-0.27, 0.34]",0.8136338477403198,0.9671847464778622,False
Integrin beta-1,Lactic acid,20,39,0.11393317879691235,"[-0.20, 0.41]",0.47814942883638967,0.9307504209261677,False
Immunoglobulin lambda variable 3-12,Lactic acid,20,39,-0.10127393670836728,"[-0.40, 0.21]",0.5286693398642885,0.9307504209261677,False
Alpha-amylase 1B;Alpha-amylase 1C;Alpha-amylase 1A,Lactic acid,20,39,-0.050636968354183916,"[-0.35, 0.26]",0.7532100413323757,0.9507803863239565,False
Lumican,Lactic acid,20,39,-0.05063696835418258,"[-0.35, 0.26]",0.7532100413323809,0.9507803863239565,False
Beta-Ala-His dipeptidase,Lactic acid,20,39,-0.29116256803655444,"[-0.55, 0.02]",0.06475624452706479,0.635668441173849,False
Immunoglobulin alpha-2 heavy chain,Lactic acid,20,39,0.17722938923964138,"[-0.14, 0.46]",0.26763268815997215,0.8448096775145966,False
Complement C5,Lactic acid,20,39,-0.13925166297400374,"[-0.43, 0.18]",0.38522309350838446,0.893289750350874,False
Protein S100-A8,Lactic acid,20,39,-0.08861469461981998,"[-0.39, 0.23]",0.5816684174118314,0.9307504209261677,False
Immunoglobulin lambda variable 3-25,Lactic acid,20,39,0.12659242088545794,"[-0.19, 0.42]",0.43028734463755336,0.8960937411657979,False
Leukocyte immunoglobulin-like receptor subfamily B member 3;Leukocyte immunoglobulin-like receptor subfamily A member 6,Lactic acid,20,39,-0.2658440838594616,"[-0.53, 0.05]",0.09296268286085152,0.7152154288913432,False
Collagen alpha-3(VI) chain,Lactic acid,20,39,-0.07595545253127516,"[-0.37, 0.24]",0.6369307583072197,0.9307504209261677,False
Immunoglobulin kappa variable 1-39;Immunoglobulin kappa variable 1D-39,Lactic acid,20,39,0.08861469461982062,"[-0.23, 0.39]",0.5816684174118314,0.9307504209261677,False
Bleomycin hydrolase,Lactic acid,20,39,-0.025318484177091934,"[-0.33, 0.28]",0.8751432422724365,0.9710047873747903,False
CD166 antigen,Lactic acid,20,39,-0.03797772626563703,"[-0.34, 0.27]",0.8136338477403198,0.9671847464778622,False
Beta-2-microglobulin,Lactic acid,20,39,0.20254787341673341,"[-0.11, 0.48]",0.20406916170063413,0.8205034779432058,False
Amino acid transporter heavy chain SLC3A2,Lactic acid,20,39,-0.1645701471510961,"[-0.45, 0.15]",0.30385259036928086,0.860788962265991,False
Haptoglobin-related protein,Lactic acid,20,39,-0.025318484177091292,"[-0.33, 0.28]",0.8751432422724579,0.9710047873747903,False
Alpha-1-acid glycoprotein 1,Lactic acid,20,39,-0.2911625680365535,"[-0.55, 0.02]",0.0647562445270657,0.635668441173849,False
Serum paraoxonase/arylesterase 1,Lactic acid,20,39,0.139251662974004,"[-0.18, 0.43]",0.3852230935083817,0.893289750350874,False
Target of Nesh-SH3,Lactic acid,20,39,-0.1139331787969128,"[-0.41, 0.20]",0.47814942883638767,0.9307504209261677,False
Intercellular adhesion molecule 1,Lactic acid,20,39,-0.025318484177091805,"[-0.33, 0.28]",0.8751432422724365,0.9710047873747903,False
Complement C4-A,Lactic acid,20,39,-0.037977726265637876,"[-0.34, 0.27]",0.8136338477403198,0.9671847464778622,False
Coagulation factor XIII A chain,Lactic acid,20,39,-0.21520711550527857,"[-0.49, 0.10]",0.1766063542079387,0.7970464859682194,False
Immunoglobulin mu heavy chain,Lactic acid,20,39,0.2531848417709164,"[-0.06, 0.52]",0.11022452915533222,0.7242274493625929,False
Oncoprotein-induced transcript 3 protein,Lactic acid,20,39,0.05063696835418293,"[-0.26, 0.35]",0.7532100413323757,0.9507803863239565,False
Peroxiredoxin-2,Lactic acid,20,39,0.417754988922012,"[0.13, 0.64]",0.006573196894078529,0.2603759287336754,False
Tissue factor pathway inhibitor,Lactic acid,20,39,-0.03797772626563784,"[-0.34, 0.27]",0.8136338477403198,0.9671847464778622,False
Progranulin,Lactic acid,20,39,0.025318484177092135,"[-0.28, 0.33]",0.8751432422724365,0.9710047873747903,False
Histone H2B type 1-K;Histone H2B type F-S,Lactic acid,20,39,0.08861469461982019,"[-0.23, 0.39]",0.5816684174118314,0.9307504209261677,False
Hemoglobin subunit delta,Lactic acid,20,39,0.3291402943021924,"[0.02, 0.58]",0.03561505890517238,0.5407449785115541,False
Glutathione S-transferase P,Lactic acid,20,39,0.0506369683541831,"[-0.26, 0.35]",0.7532100413323757,0.9507803863239565,False
Annexin A6,Lactic acid,20,39,-0.06329621044272944,"[-0.36, 0.25]",0.6942055139365229,0.9507803863239565,False
Complement factor H-related protein 1,Lactic acid,20,39,0.17722938923964116,"[-0.14, 0.46]",0.26763268815997215,0.8448096775145966,False
Protein KPLCE,Lactic acid,20,39,-0.05063696835418352,"[-0.35, 0.26]",0.7532100413323757,0.9507803863239565,False
Immunoglobulin heavy variable 4-4,Lactic acid,20,39,-0.050636968354182334,"[-0.35, 0.26]",0.7532100413323809,0.9507803863239565,False
Alpha-1B-glycoprotein,Lactic acid,20,39,-0.20254787341673341,"[-0.48, 0.11]",0.20406916170063413,0.8205034779432058,False
Properdin,Lactic acid,20,39,0.025318484177091947,"[-0.28, 0.33]",0.8751432422724365,0.9710047873747903,False
Immunoglobulin heavy variable 3-53,Lactic acid,20,39,0.05063696835418311,"[-0.26, 0.35]",0.7532100413323757,0.9507803863239565,False
Calmodulin-like protein 5,Lactic acid,20,39,0.05063696835418311,"[-0.26, 0.35]",0.7532100413323757,0.9507803863239565,False
Carboxypeptidase B2,Lactic acid,20,39,-0.06329621044272857,"[-0.36, 0.25]",0.6942055139365308,0.9507803863239565,False
"Sushi, nidogen and EGF-like domain-containing protein 1",Lactic acid,20,39,0.22786635759382493,"[-0.09, 0.50]",0.15189688033041787,0.7607516423767026,False
Proteasome subunit alpha type-5,Lactic acid,20,39,0.2911625680365538,"[-0.02, 0.55]",0.06475624452706534,0.635668441173849,False
Bifunctional heparan sulfate N-deacetylase/N-sulfotransferase 4,Lactic acid,20,39,-0.24052559968237,"[-0.51, 0.07]",0.12981702788531035,0.7605654126839256,False
Immunoglobulin heavy variable 3-9,Lactic acid,20,39,-0.08861469461982034,"[-0.39, 0.23]",0.5816684174118314,0.9307504209261677,False
Neural cell adhesion molecule L1-like protein,Lactic acid,20,39,0.22786635759382573,"[-0.09, 0.50]",0.15189688033041604,0.7607516423767026,False
Proteasome subunit alpha type-2,Lactic acid,20,39,0.30382181012509973,"[-0.00, 0.56]",0.0534618506757702,0.5955651164529556,False
Intercellular adhesion molecule 3,Lactic acid,20,39,-0.13925166297400352,"[-0.43, 0.18]",0.38522309350838446,0.893289750350874,False
Receptor-type tyrosine-protein phosphatase eta,Lactic acid,20,39,-0.3671180205678282,"[-0.61, -0.07]",0.018220225007724897,0.4089833173400649,False
ADAMTS-like protein 4,Lactic acid,20,39,-0.0759554525312743,"[-0.37, 0.24]",0.6369307583072197,0.9307504209261677,False
Immunoglobulin lambda variable 3-21,Lactic acid,20,39,0.07595545253127464,"[-0.24, 0.37]",0.6369307583072197,0.9307504209261677,False
Cartilage oligomeric matrix protein,Lactic acid,20,39,0.4050957468334664,"[0.11, 0.63]",0.008605028569980461,0.3066711211611223,False
Neural cell adhesion molecule 1,Lactic acid,20,39,-0.06329621044272854,"[-0.36, 0.25]",0.6942055139365308,0.9507803863239565,False
Immunoglobulin lambda variable 2-11,Lactic acid,20,39,0.037977726265638105,"[-0.27, 0.34]",0.8136338477403198,0.9671847464778622,False
Immunoglobulin kappa variable 1D-33;Immunoglobulin kappa variable 1-33,Lactic acid,20,39,0.15191090506254973,"[-0.16, 0.44]",0.3430575071681934,0.860788962265991,False
Beta-2-glycoprotein 1,Lactic acid,20,39,-0.2658440838594619,"[-0.53, 0.05]",0.09296268286085128,0.7152154288913432,False
Vitamin D-binding protein,Lactic acid,20,39,-0.29116256803655427,"[-0.55, 0.02]",0.06475624452706479,0.635668441173849,False
Filamin-A,Lactic acid,20,39,0.5696658939845626,"[0.32, 0.75]",0.00010129570075893922,0.01663720119294382,True
Reelin,Lactic acid,20,39,0.15191090506254973,"[-0.16, 0.44]",0.3430575071681934,0.860788962265991,False
Immunoglobulin lambda variable 5-39,Lactic acid,20,39,-0.17722938923964202,"[-0.46, 0.14]",0.2676326881599689,0.8448096775145966,False
Fatty acid-binding protein 5,Lactic acid,20,39,-0.08861469461982024,"[-0.39, 0.23]",0.5816684174118314,0.9307504209261677,False
"HLA class I histocompatibility antigen, A alpha chain",Lactic acid,20,39,0.4050957468334664,"[0.11, 0.63]",0.008605028569980485,0.3066711211611223,False
Low affinity immunoglobulin gamma Fc region receptor III-A,Lactic acid,20,39,-0.037977726265637245,"[-0.34, 0.27]",0.8136338477403198,0.9671847464778622,False
Heat shock 70 kDa protein 1A;Heat shock 70 kDa protein 1B,Lactic acid,20,39,-0.06329621044272886,"[-0.36, 0.25]",0.6942055139365308,0.9507803863239565,False
Apolipoprotein D,Lactic acid,20,39,0.3038218101250999,"[-0.00, 0.56]",0.053461850675769904,0.5955651164529556,False
Plexin-B1,Lactic acid,20,39,0.17722938923964238,"[-0.14, 0.46]",0.26763268815996794,0.8448096775145966,False
Immunoglobulin heavy variable 1-58,Lactic acid,20,39,-0.2025478734167325,"[-0.48, 0.11]",0.20406916170063635,0.8205034779432058,False
Apolipoprotein C-IV,Lactic acid,20,39,0.4304142310105588,"[0.14, 0.65]",0.004969889652600769,0.21988339649004893,False
Monocyte differentiation antigen CD14,Lactic acid,20,39,-0.18988863132818673,"[-0.47, 0.13]",0.23438640166170205,0.8448096775145966,False
Protein MENT,Lactic acid,20,39,-0.08861469461982026,"[-0.39, 0.23]",0.5816684174118314,0.9307504209261677,False
Immunoglobulin epsilon heavy chain,Lactic acid,20,39,-0.24052559968237008,"[-0.51, 0.07]",0.12981702788531035,0.7605654126839256,False
Complement factor H,Lactic acid,20,39,0.18988863132818806,"[-0.13, 0.47]",0.23438640166169947,0.8448096775145966,False
Stabilin-1,Lactic acid,20,39,0.1898886313281872,"[-0.13, 0.47]",0.2343864016617009,0.8448096775145966,False
Macrophage receptor MARCO,Lactic acid,20,39,0.050636968354183284,"[-0.26, 0.35]",0.7532100413323757,0.9507803863239565,False
Protein POF1B,Lactic acid,20,39,0.1265924208854582,"[-0.19, 0.42]",0.4302873446375517,0.8960937411657979,False
Phosphatidylcholine-sterol acyltransferase,Lactic acid,20,39,-0.012659242088545356,"[-0.32, 0.30]",0.9373865845519027,0.9864156703215041,False
Clusterin,Lactic acid,20,39,0.22786635759382476,"[-0.09, 0.50]",0.15189688033041787,0.7607516423767026,False
Platelet-activating factor acetylhydrolase,Lactic acid,20,39,0.0379777262656373,"[-0.27, 0.34]",0.8136338477403198,0.9671847464778622,False
Vasorin,Lactic acid,20,39,-0.06329621044272941,"[-0.36, 0.25]",0.6942055139365229,0.9507803863239565,False
Myeloperoxidase,Lactic acid,20,39,0.11393317879691214,"[-0.20, 0.41]",0.47814942883638967,0.9307504209261677,False
Immunoglobulin lambda variable 5-52,Lactic acid,20,39,-0.02531848417709103,"[-0.33, 0.28]",0.8751432422724579,0.9710047873747903,False
Carboxypeptidase N catalytic chain,Lactic acid,20,39,0.06329621044272911,"[-0.25, 0.36]",0.6942055139365308,0.9507803863239565,False
Fibrinogen gamma chain,Lactic acid,20,39,-0.1012739367083669,"[-0.40, 0.21]",0.5286693398642885,0.9307504209261677,False
Soluble scavenger receptor cysteine-rich domain-containing protein SSC5D,Lactic acid,20,39,0.2278663575938246,"[-0.09, 0.50]",0.15189688033041882,0.7607516423767026,False
Tetranectin,Lactic acid,20,39,-0.4304142310105586,"[-0.65, -0.14]",0.004969889652600783,0.21988339649004893,False
Apolipoprotein(a),Lactic acid,20,39,0.050636968354183895,"[-0.26, 0.35]",0.7532100413323757,0.9507803863239565,False
Alpha-2-antiplasmin,Lactic acid,20,39,-0.29116256803655455,"[-0.55, 0.02]",0.0647562445270646,0.635668441173849,False
Retroviral-like aspartic protease 1,Lactic acid,20,39,-0.07595545253127507,"[-0.37, 0.24]",0.6369307583072197,0.9307504209261677,False
Ficolin-3,Lactic acid,20,39,0.2025478734167341,"[-0.11, 0.48]",0.20406916170063363,0.8205034779432058,False
Immunoglobulin kappa variable 2-24,Lactic acid,20,39,0.22786635759382473,"[-0.09, 0.50]",0.15189688033041787,0.7607516423767026,False
Immunoglobulin superfamily containing leucine-rich repeat protein,Lactic acid,20,39,0.2531848417709165,"[-0.06, 0.52]",0.11022452915533222,0.7242274493625929,False
Complement factor D,Lactic acid,20,39,-0.10127393670836597,"[-0.40, 0.21]",0.5286693398642931,0.9307504209261677,False
Vitamin K-dependent protein Z,Lactic acid,20,39,-0.025318484177092093,"[-0.33, 0.28]",0.8751432422724365,0.9710047873747903,False
EGF-containing fibulin-like extracellular matrix protein 1,Lactic acid,20,39,-0.405095746833466,"[-0.63, -0.11]",0.008605028569980558,0.3066711211611223,False
Dipeptidase 2,Lactic acid,20,39,5.97319736742816e-17,"[-0.31, 0.31]",1.0,1.0,False
Myeloblastin,Lactic acid,20,39,0.02531848417709074,"[-0.28, 0.33]",0.8751432422724579,0.9710047873747903,False
Neurogenic locus notch homolog protein 1,Lactic acid,20,39,7.027291020503719e-18,"[-0.31, 0.31]",1.0,1.0,False
Vitamin K-dependent protein S,Lactic acid,20,39,0.2531848417709173,"[-0.06, 0.52]",0.11022452915533094,0.7242274493625929,False
Dermcidin,Lactic acid,20,39,0.03797772626563807,"[-0.27, 0.34]",0.8136338477403198,0.9671847464778622,False
Immunoglobulin heavy variable 3-73,Lactic acid,20,39,0.15191090506255028,"[-0.16, 0.44]",0.34305750716819117,0.860788962265991,False
Alpha-2-macroglobulin,Lactic acid,20,39,0.07595545253127489,"[-0.24, 0.37]",0.6369307583072197,0.9307504209261677,False
Cation-independent mannose-6-phosphate receptor,Lactic acid,20,39,-0.06329621044272887,"[-0.36, 0.25]",0.6942055139365308,0.9507803863239565,False
Chromodomain-helicase-DNA-binding protein 1;Chromodomain-helicase-DNA-binding protein 2;Chromodomain-helicase-DNA-binding protein 9;Chromodomain-helicase-DNA-binding protein 6;Chromodomain-helicase-DNA-binding protein 8;Chromodomain-helicase-DNA-binding protein 7,Lactic acid,20,39,-0.16457014715109594,"[-0.45, 0.15]",0.30385259036928086,0.860788962265991,False
Ceruloplasmin,Lactic acid,20,39,-0.11393317879691284,"[-0.41, 0.20]",0.47814942883638767,0.9307504209261677,False
Prostaglandin-H2 D-isomerase,Lactic acid,20,39,-0.44307347309910394,"[-0.66, -0.16]",0.003717802451536168,0.18274220225287996,False
Protein S100-A9,Lactic acid,20,39,-0.11393317879691148,"[-0.41, 0.20]",0.47814942883639344,0.9307504209261677,False
Immunoglobulin J chain,Lactic acid,20,39,0.12659242088545916,"[-0.19, 0.42]",0.4302873446375486,0.8960937411657979,False
