Variable_A,Variable_B,TimeWindow,n,df,r,CI_95%,p_val,p_adj,is_significant
Probable non-functional immunoglobulin kappa variable 3-7,Leuk,time1,20,17,0.044870573586715805,"[-0.42, 0.49]",0.8552694462003038,0.9928150111527771,False
Apolipoprotein A-IV,Leuk,time1,20,17,0.0177395290924226,"[-0.44, 0.47]",0.9425378333040815,0.9989122224583239,False
Coagulation factor XII,Leuk,time1,20,17,0.12653750108629422,"[-0.35, 0.55]",0.6057133239824681,0.9621706909906743,False
Mannan-binding lectin serine protease 1,Leuk,time1,20,17,-0.3176589435700796,"[-0.67, 0.16]",0.18507873336225242,0.878412326765734,False
Complement factor I,Leuk,time1,20,17,0.35326923066381133,"[-0.12, 0.70]",0.13790088754599233,0.8528097685297457,False
Platelet glycoprotein Ib alpha chain,Leuk,time1,20,17,0.14155163996653888,"[-0.33, 0.56]",0.5632340658014938,0.9574313225752206,False
Hepatocyte growth factor-like protein,Leuk,time1,20,17,0.14528443505570826,"[-0.33, 0.56]",0.5528798412543797,0.9571984418476326,False
Profilin-1,Leuk,time1,20,17,-0.20999522135198137,"[-0.61, 0.27]",0.3881997528935327,0.931256717265325,False
Peptidase inhibitor 16,Leuk,time1,20,17,-0.010862211742365175,"[-0.46, 0.45]",0.9647976482440623,0.9989122224583239,False
Cell surface glycoprotein MUC18,Leuk,time1,20,17,0.4056283564656234,"[-0.06, 0.73]",0.08488258357620777,0.8154186244354011,False
Adhesion G-protein coupled receptor G6,Leuk,time1,20,17,-0.2637159339105102,"[-0.64, 0.22]",0.27530408729287537,0.9170614304794888,False
Immunoglobulin heavy variable 1-69,Leuk,time1,20,17,0.03217668714264229,"[-0.43, 0.48]",0.8959601914755531,0.997559861248858,False
Insulin-like growth factor-binding protein complex acid labile subunit,Leuk,time1,20,17,0.319711373538041,"[-0.16, 0.68]",0.18209872343771763,0.8781742060801173,False
Plasma serine protease inhibitor,Leuk,time1,20,17,0.3267068542879848,"[-0.15, 0.68]",0.17218517526078866,0.867816664987516,False
Immunoglobulin heavy variable 1-69D,Leuk,time1,20,17,-0.11905966107769254,"[-0.54, 0.35]",0.6273432078305954,0.9621706909906743,False
Pancreatic adenocarcinoma up-regulated factor,Leuk,time1,20,17,-0.001975553636657314,"[-0.46, 0.45]",0.9935957821810815,0.998994958440865,False
Immunoglobulin heavy variable 3-64D,Leuk,time1,20,17,0.15059358500927658,"[-0.33, 0.57]",0.5383010277830393,0.954665480182609,False
Neutrophil gelatinase-associated lipocalin,Leuk,time1,20,17,0.2841742880443173,"[-0.20, 0.65]",0.2383587030465219,0.8982115991698657,False
Lysosome-associated membrane glycoprotein 2,Leuk,time1,20,17,0.09886774925410163,"[-0.37, 0.53]",0.6871788429723774,0.9648380336571762,False
Corneodesmosin,Leuk,time1,20,17,-0.07620794323257396,"[-0.51, 0.39]",0.7564983798867883,0.9745063647413549,False
Collagen alpha-1(XVIII) chain,Leuk,time1,20,17,-0.024405185712514557,"[-0.47, 0.43]",0.9210017966169645,0.9985551599450393,False
Lipopolysaccharide-binding protein,Leuk,time1,20,17,0.16003668078840513,"[-0.32, 0.57]",0.5128126094372403,0.9529295397056773,False
Immunoglobulin heavy variable 3-49,Leuk,time1,20,17,0.021515534797377566,"[-0.44, 0.47]",0.930332342513216,0.9989122224583239,False
SPARC-like protein 1,Leuk,time1,20,17,-0.13709862003745457,"[-0.56, 0.34]",0.5756959314216545,0.9585981157899655,False
Ras-associated and pleckstrin homology domains-containing protein 1,Leuk,time1,20,17,-0.15826846993654387,"[-0.57, 0.32]",0.5175413828306686,0.9529295397056773,False
Alpha-1-acid glycoprotein 2,Leuk,time1,20,17,0.2072926798097072,"[-0.27, 0.60]",0.39447427073564467,0.931256717265325,False
Immunoglobulin heavy variable 3-20,Leuk,time1,20,17,-0.009286929076443387,"[-0.46, 0.45]",0.9699004502139521,0.9989122224583239,False
Neurogenic locus notch homolog protein 2,Leuk,time1,20,17,-0.20151662189278458,"[-0.60, 0.28]",0.40806973050531525,0.9318821411825824,False
Apolipoprotein B-100,Leuk,time1,20,17,-0.5228044945800089,"[-0.79, -0.09]",0.02163765653877886,0.780717100347183,False
CD44 antigen,Leuk,time1,20,17,-0.04870682584492891,"[-0.49, 0.41]",0.8430360699199028,0.9910182692199748,False
Pigment epithelium-derived factor,Leuk,time1,20,17,0.35885967678444325,"[-0.11, 0.70]",0.13134461376818812,0.847666490299985,False
Xaa-Pro dipeptidase,Leuk,time1,20,17,0.43421370011697136,"[-0.02, 0.74]",0.0632285219737678,0.7845863525077257,False
Immunoglobulin heavy constant delta,Leuk,time1,20,17,-0.010485472431719503,"[-0.46, 0.45]",0.9660179051919705,0.9989122224583239,False
Probable non-functional immunoglobulin heavy variable 3-38-3,Leuk,time1,20,17,-0.2845063921750325,"[-0.65, 0.19]",0.23778662438532713,0.8982115991698657,False
Immunoglobulin lambda constant 7,Leuk,time1,20,17,-0.26022435513454023,"[-0.64, 0.22]",0.2819449696418991,0.9170614304794888,False
Receptor-type tyrosine-protein phosphatase gamma,Leuk,time1,20,17,0.21482924846860327,"[-0.27, 0.61]",0.37711547102866305,0.9300516392509022,False
Afamin,Leuk,time1,20,17,0.13292943641516855,"[-0.34, 0.55]",0.5874694448840507,0.9610066239456336,False
Pyruvate kinase PKLR,Leuk,time1,20,17,-0.21037933145011334,"[-0.61, 0.27]",0.38731246914446404,0.931256717265325,False
Insulin-like growth factor 2,Leuk,time1,20,17,0.19411427069179227,"[-0.29, 0.60]",0.4258576617487705,0.9324335195406078,False
CD109 antigen,Leuk,time1,20,17,0.3956663736754571,"[-0.07, 0.72]",0.09357737501388559,0.8154186244354011,False
ADP-ribosyl cyclase/cyclic ADP-ribose hydrolase 2,Leuk,time1,20,17,0.142131413120903,"[-0.33, 0.56]",0.561620303729973,0.9574313225752206,False
Dedicator of cytokinesis protein 4,Leuk,time1,20,17,-0.1366601883572555,"[-0.56, 0.34]",0.5769292562797947,0.9585981157899655,False
Complement factor H-related protein 2,Leuk,time1,20,17,0.23735346695046755,"[-0.24, 0.62]",0.3278569124759493,0.9236478900056884,False
Selenoprotein P,Leuk,time1,20,17,-0.06460403982124029,"[-0.50, 0.40]",0.7927364545123716,0.9829289789516314,False
Adipocyte plasma membrane-associated protein,Leuk,time1,20,17,0.19703306334476406,"[-0.28, 0.60]",0.41879524667733303,0.9324135167651676,False
Immunoglobulin heavy constant alpha 2,Leuk,time1,20,17,0.09533427663916148,"[-0.38, 0.53]",0.6978478402023922,0.9648380336571762,False
Lactotransferrin,Leuk,time1,20,17,0.1558715846573742,"[-0.32, 0.57]",0.5239839838203694,0.9529295397056773,False
Alpha-enolase,Leuk,time1,20,17,-0.13871030147684263,"[-0.56, 0.34]",0.5711719672434513,0.9575202748664524,False
Immunoglobulin heavy constant gamma 1,Leuk,time1,20,17,0.23116409447214079,"[-0.25, 0.62]",0.34099666880044455,0.926595760949047,False
Collectin-10,Leuk,time1,20,17,-0.25603761707367734,"[-0.64, 0.22]",0.29003695540267216,0.9177310147446764,False
Lysosome-associated membrane glycoprotein 1,Leuk,time1,20,17,0.032209882739940944,"[-0.43, 0.48]",0.8958534128202047,0.997559861248858,False
Cathelicidin antimicrobial peptide,Leuk,time1,20,17,-0.23613823369237474,"[-0.62, 0.24]",0.3304129270540842,0.9236478900056884,False
Fibroblast growth factor-binding protein 2,Leuk,time1,20,17,-0.3166565655431949,"[-0.67, 0.16]",0.18654596773850748,0.878412326765734,False
Lymphatic vessel endothelial hyaluronic acid receptor 1,Leuk,time1,20,17,-0.09085884119054373,"[-0.52, 0.38]",0.7114390704527878,0.9656789320774398,False
Haptoglobin,Leuk,time1,20,17,0.38654832285545976,"[-0.08, 0.72]",0.10208835849360794,0.8265112390333225,False
Tenascin-X,Leuk,time1,20,17,0.11864684385544884,"[-0.35, 0.54]",0.6285460248365293,0.9621706909906743,False
Zinc finger protein 512B,Leuk,time1,20,17,-0.1515930822995062,"[-0.57, 0.32]",0.535576184333641,0.954665480182609,False
Immunoglobulin lambda variable 3-19,Leuk,time1,20,17,-0.02371797077091488,"[-0.47, 0.44]",0.923219929880947,0.9988788261324435,False
Complement C1q subcomponent subunit B,Leuk,time1,20,17,0.09568330650312053,"[-0.37, 0.53]",0.6967915197383964,0.9648380336571762,False
Ubiquitin-ribosomal protein eS31 fusion protein,Leuk,time1,20,17,-0.08687924390738883,"[-0.52, 0.38]",0.7235950552773747,0.9673286249298616,False
Kinesin-like protein KIF21A,Leuk,time1,20,17,-0.2476950354873995,"[-0.63, 0.23]",0.3065797265932895,0.9236478900056884,False
Attractin,Leuk,time1,20,17,-0.22896471834188528,"[-0.62, 0.25]",0.3457385154238466,0.926595760949047,False
Immunoglobulin lambda variable 1-44,Leuk,time1,20,17,-0.17538254880442708,"[-0.58, 0.30]",0.47265157013141057,0.9413399766352809,False
Immunoglobulin heavy variable 1-46,Leuk,time1,20,17,0.035140624925858746,"[-0.43, 0.48]",0.8864331942775516,0.9964590333111646,False
Fibulin-1,Leuk,time1,20,17,0.49178994080400934,"[0.05, 0.77]",0.03246336347359056,0.780717100347183,False
Secreted phosphoprotein 24,Leuk,time1,20,17,-0.23727609389842885,"[-0.62, 0.24]",0.32801930376025956,0.9236478900056884,False
Scavenger receptor class B member 1,Leuk,time1,20,17,0.1188871514121262,"[-0.35, 0.54]",0.6278457364554663,0.9621706909906743,False
Immunoglobulin lambda variable 2-18,Leuk,time1,20,17,-0.15078599728559122,"[-0.57, 0.33]",0.5377759800222486,0.954665480182609,False
Collagen alpha-2(VI) chain,Leuk,time1,20,17,0.09427923107223406,"[-0.38, 0.53]",0.7010441086748462,0.9648380336571762,False
Adiponectin,Leuk,time1,20,17,0.08676967810779695,"[-0.38, 0.52]",0.723930645324365,0.9673286249298616,False
Nidogen-1,Leuk,time1,20,17,0.40286230327055245,"[-0.06, 0.72]",0.08723478323977635,0.8154186244354011,False
Alpha-1-antitrypsin,Leuk,time1,20,17,0.0704524961097732,"[-0.40, 0.51]",0.7744163930884901,0.978188779495859,False
"Sushi, von Willebrand factor type A, EGF and pentraxin domain-containing protein 1",Leuk,time1,20,17,0.15637821608416977,"[-0.32, 0.57]",0.5226191004600931,0.9529295397056773,False
Complement C1s subcomponent,Leuk,time1,20,17,-0.10144109863028238,"[-0.53, 0.37]",0.6794441879477864,0.9648380336571762,False
Alpha-actinin-4,Leuk,time1,20,17,-0.3331957421526793,"[-0.68, 0.14]",0.16332331030604288,0.867816664987516,False
Complement component C1q receptor,Leuk,time1,20,17,0.005499819309197591,"[-0.45, 0.46]",0.9821722273342383,0.9989122224583239,False
Inter-alpha-trypsin inhibitor heavy chain H3,Leuk,time1,20,17,0.2961009822411944,"[-0.18, 0.66]",0.21836532048642976,0.8982115991698657,False
Immunoglobulin kappa variable 1D-8,Leuk,time1,20,17,-0.19656146105536154,"[-0.60, 0.28]",0.4199320900523398,0.9324135167651676,False
Low-density lipoprotein receptor,Leuk,time1,20,17,0.09700233963697727,"[-0.37, 0.53]",0.6928043713964327,0.9648380336571762,False
Prolactin-inducible protein,Leuk,time1,20,17,0.07195181489412393,"[-0.40, 0.51]",0.7697377524175586,0.9750590716290142,False
Hyaluronan-binding protein 2,Leuk,time1,20,17,0.3525686995377753,"[-0.12, 0.70]",0.13873829629423384,0.8552809885063268,False
N-acetylmuramoyl-L-alanine amidase,Leuk,time1,20,17,0.4486561481030683,"[-0.01, 0.75]",0.054011527225752705,0.780717100347183,False
Serpin A11,Leuk,time1,20,17,-0.23413624460640123,"[-0.62, 0.25]",0.33464919509408897,0.9236478900056884,False
C4b-binding protein alpha chain,Leuk,time1,20,17,-0.00960422217580017,"[-0.46, 0.45]",0.9688725487399874,0.9989122224583239,False
Inter-alpha-trypsin inhibitor heavy chain H2,Leuk,time1,20,17,0.13155627702319023,"[-0.34, 0.55]",0.5913691831436267,0.9610066239456336,False
Fibrillin-1,Leuk,time1,20,17,0.15487948317164038,"[-0.32, 0.57]",0.5266615400628758,0.9529295397056773,False
Golgi-associated RAB2 interactor protein 1B,Leuk,time1,20,17,-0.22027787739685317,"[-0.61, 0.26]",0.36483723601146834,0.9285871908420641,False
Neurogenic locus notch homolog protein 3,Leuk,time1,20,17,0.4633640253273589,"[0.01, 0.76]",0.04570968351055588,0.780717100347183,False
Immunoglobulin heavy constant alpha 1,Leuk,time1,20,17,0.2814572454068983,"[-0.20, 0.65]",0.243072174838373,0.8982115991698657,False
Apolipoprotein C-III,Leuk,time1,20,17,-0.24476271264388597,"[-0.63, 0.24]",0.31252638085804463,0.9236478900056884,False
Glutathione peroxidase 3,Leuk,time1,20,17,0.5284889882531734,"[0.10, 0.79]",0.020007646116695355,0.780717100347183,False
Contactin-1,Leuk,time1,20,17,0.41126884739384256,"[-0.05, 0.73]",0.08023083548911746,0.8104760370286881,False
Stomatin,Leuk,time1,20,17,-0.3450841115074542,"[-0.69, 0.13]",0.14790809027349455,0.8564170936386176,False
Immunoglobulin heavy variable 3-13,Leuk,time1,20,17,-0.002956588182070567,"[-0.46, 0.45]",0.990415645858449,0.9989126836088675,False
Immunoglobulin heavy variable 1-69-2,Leuk,time1,20,17,-0.04485139585830482,"[-0.49, 0.42]",0.855330683623438,0.9928150111527771,False
Apolipoprotein E,Leuk,time1,20,17,0.2050626724482536,"[-0.27, 0.60]",0.3996933833084101,0.931256717265325,False
Mucosal addressin cell adhesion molecule 1,Leuk,time1,20,17,-0.04255110628602241,"[-0.49, 0.42]",0.8626815080812567,0.9941217641720209,False
Protein S100-A11,Leuk,time1,20,17,-0.4953154789727379,"[-0.78, -0.05]",0.031055105614018277,0.780717100347183,False
Complement factor H-related protein 4,Leuk,time1,20,17,-0.15166658911620237,"[-0.57, 0.32]",0.5353760386032371,0.954665480182609,False
Immunoglobulin kappa variable 1D-16,Leuk,time1,20,17,-0.04961353056586003,"[-0.49, 0.41]",0.8401496077609045,0.9906439255230137,False
Immunoglobulin lambda variable 1-47,Leuk,time1,20,17,0.16015713536836226,"[-0.32, 0.57]",0.5124912206717165,0.9529295397056773,False
Fructose-bisphosphate aldolase A,Leuk,time1,20,17,0.05576265654294645,"[-0.41, 0.50]",0.8206273394170152,0.9885696786465439,False
Thrombospondin-1,Leuk,time1,20,17,-0.05081322443249689,"[-0.49, 0.41]",0.8363334306351489,0.9906439255230137,False
Aminopeptidase N,Leuk,time1,20,17,0.09850259729449426,"[-0.37, 0.53]",0.6882788069265521,0.9648380336571762,False
Apolipoprotein M,Leuk,time1,20,17,-0.210203722659254,"[-0.61, 0.27]",0.3877179811208662,0.931256717265325,False
Immunoglobulin heavy variable 3-43,Leuk,time1,20,17,0.06597830819310482,"[-0.40, 0.51]",0.7884218835608279,0.9809480629991617,False
Cysteine-rich secretory protein 3,Leuk,time1,20,17,0.26394085583320076,"[-0.22, 0.64]",0.274879646541246,0.9170614304794888,False
Complement component C8 alpha chain,Leuk,time1,20,17,0.37176381025032573,"[-0.10, 0.71]",0.11705551716477254,0.8291287868992757,False
Immunoglobulin heavy variable 2-70D,Leuk,time1,20,17,0.2576741532385816,"[-0.22, 0.64]",0.2868571833042578,0.9177310147446764,False
Immunoglobulin heavy variable 3-23,Leuk,time1,20,17,-0.07263317137281364,"[-0.51, 0.39]",0.7676140762079896,0.9750590716290142,False
Plasma kallikrein,Leuk,time1,20,17,-0.4142983783737343,"[-0.73, 0.05]",0.07781139170513324,0.8085910456185831,False
Galectin-7,Leuk,time1,20,17,-0.2420824886635561,"[-0.63, 0.24]",0.3180217026050586,0.9236478900056884,False
Extracellular superoxide dismutase [Cu-Zn],Leuk,time1,20,17,0.2347606555182728,"[-0.25, 0.62]",0.3333245258453792,0.9236478900056884,False
Immunoglobulin heavy variable 1-8,Leuk,time1,20,17,0.07710310884396152,"[-0.39, 0.51]",0.7537219375641087,0.9745063647413549,False
Cystatin-C,Leuk,time1,20,17,-0.10513118590473956,"[-0.53, 0.37]",0.668406445218894,0.9648380336571762,False
Immunoglobulin lambda-like polypeptide 1,Leuk,time1,20,17,0.15875215394883133,"[-0.32, 0.57]",0.5162458200531973,0.9529295397056773,False
Inhibin beta C chain,Leuk,time1,20,17,0.010761810004126245,"[-0.45, 0.46]",0.9651228418120815,0.9989122224583239,False
Mannose-binding protein C,Leuk,time1,20,17,0.039740183162227154,"[-0.42, 0.49]",0.871678749289615,0.9952750807277061,False
IgGFc-binding protein,Leuk,time1,20,17,0.02481804890126882,"[-0.43, 0.47]",0.9196694597942565,0.9985551599450393,False
Macrophage mannose receptor 1,Leuk,time1,20,17,-0.051789638672569194,"[-0.49, 0.41]",0.8332300744912158,0.9906439255230137,False
Aromatase,Leuk,time1,20,17,0.3703794498501604,"[-0.10, 0.71]",0.11853289404760056,0.8291287868992757,False
Cadherin-5,Leuk,time1,20,17,0.2738050816418792,"[-0.21, 0.65]",0.2566647259857364,0.905784054510989,False
Immunoglobulin kappa variable 1-8,Leuk,time1,20,17,-0.2619944090659768,"[-0.64, 0.22]",0.27856615181435984,0.9170614304794888,False
Retinol-binding protein 4,Leuk,time1,20,17,0.09850259729449395,"[-0.37, 0.53]",0.6882788069265531,0.9648380336571762,False
Complement component C8 beta chain,Leuk,time1,20,17,0.36723031375534415,"[-0.10, 0.70]",0.12194297761997577,0.8313974029708804,False
Tumor necrosis factor receptor superfamily member 1B,Leuk,time1,20,17,0.021148182775336193,"[-0.44, 0.47]",0.9315191530152489,0.9989122224583239,False
Formin-2,Leuk,time1,20,17,0.0035451086813369902,"[-0.45, 0.46]",0.9885079524241132,0.9989122224583239,False
Scavenger receptor cysteine-rich domain-containing protein DMBT1,Leuk,time1,20,17,0.20036512188030053,"[-0.28, 0.60]",0.41081003834491103,0.9320737190750104,False
Apolipoprotein L1,Leuk,time1,20,17,-0.3266952626832416,"[-0.68, 0.15]",0.17220129220214817,0.867816664987516,False
Leucine-rich alpha-2-glycoprotein,Leuk,time1,20,17,0.4568940245776867,"[0.00, 0.75]",0.04923202006154518,0.780717100347183,False
Immunoglobulin heavy variable 1-2,Leuk,time1,20,17,-0.036612483561496094,"[-0.48, 0.42]",0.8817076494644369,0.995958470840817,False
Ras-related protein Rab-10,Leuk,time1,20,17,-0.5382485049396077,"[-0.80, -0.11]",0.01743716962218696,0.7725125015513618,False
Immunoglobulin heavy variable 1-24,Leuk,time1,20,17,0.08165588018026923,"[-0.39, 0.52]",0.7396464578792914,0.9728363041843875,False
Annexin A3,Leuk,time1,20,17,0.0788661664156933,"[-0.39, 0.51]",0.7482621255881619,0.9738797723547303,False
Hemoglobin subunit beta,Leuk,time1,20,17,-0.09456691733974426,"[-0.53, 0.38]",0.7001720814660918,0.9648380336571762,False
Immunoglobulin lambda variable 4-69,Leuk,time1,20,17,0.08345990054531569,"[-0.39, 0.52]",0.7340906703300965,0.9721798169318988,False
Elongation factor 2,Leuk,time1,20,17,-0.45798772656251746,"[-0.76, -0.00]",0.04862252998641263,0.780717100347183,False
Multiple inositol polyphosphate phosphatase 1,Leuk,time1,20,17,0.24766886060414905,"[-0.23, 0.63]",0.30663250503560535,0.9236478900056884,False
Collagen alpha-1(VI) chain,Leuk,time1,20,17,0.10507101394194554,"[-0.37, 0.53]",0.6685859167529795,0.9648380336571762,False
Hepatocyte growth factor activator,Leuk,time1,20,17,-0.3859990786415499,"[-0.71, 0.08]",0.10261829642587718,0.8271261596889837,False
Fibrinogen beta chain,Leuk,time1,20,17,0.0796395989181604,"[-0.39, 0.52]",0.7458705689846596,0.9738797723547303,False
Hemicentin-1,Leuk,time1,20,17,0.14977964666497887,"[-0.33, 0.57]",0.5405246548867446,0.9550458416046101,False
C-type mannose receptor 2,Leuk,time1,20,17,0.5050928460199908,"[0.07, 0.78]",0.027397545840639567,0.780717100347183,False
Platelet glycoprotein Ib beta chain,Leuk,time1,20,17,-0.33460515553825265,"[-0.68, 0.14]",0.16144057407885076,0.867816664987516,False
Complement C2,Leuk,time1,20,17,0.40960990692943305,"[-0.05, 0.73]",0.08157897697737564,0.8104760370286881,False
Annexin A2,Leuk,time1,20,17,-0.0581384161077028,"[-0.50, 0.41]",0.8131110924746167,0.9858034962512886,False
Protein disulfide-isomerase A3,Leuk,time1,20,17,-0.2203524331132545,"[-0.61, 0.26]",0.3646708197792493,0.9285871908420641,False
Dipeptidyl peptidase 4,Leuk,time1,20,17,0.14421541547598576,"[-0.33, 0.56]",0.5558364579334693,0.9571984418476326,False
Proteasome subunit alpha type-4,Leuk,time1,20,17,-0.035488682006184706,"[-0.48, 0.43]",0.8853153861410676,0.995958470840817,False
Coagulation factor XI,Leuk,time1,20,17,-0.23513571895054097,"[-0.62, 0.25]",0.332530319940175,0.9236478900056884,False
Collectin-11,Leuk,time1,20,17,-0.29379470323488205,"[-0.66, 0.19]",0.22214317428143782,0.8982115991698657,False
High mobility group protein B1,Leuk,time1,20,17,0.15118551915609843,"[-0.33, 0.57]",0.5366865258318635,0.954665480182609,False
Immunoglobulin lambda variable 3-16,Leuk,time1,20,17,-0.18468239491775745,"[-0.59, 0.29]",0.4491052434610723,0.9361498868301301,False
Prothrombin,Leuk,time1,20,17,-0.4733564163080442,"[-0.76, -0.02]",0.040652384708227435,0.780717100347183,False
Immunoglobulin kappa joining 1,Leuk,time1,20,17,-0.19163592230257723,"[-0.59, 0.29]",0.4319035608807782,0.9343133512273196,False
Immunoglobulin heavy variable 3-7,Leuk,time1,20,17,-0.020013526465132624,"[-0.47, 0.44]",0.9351857699375342,0.9989122224583239,False
Immunoglobulin heavy variable 3-74,Leuk,time1,20,17,-0.047742262374461934,"[-0.49, 0.42]",0.8461088272530328,0.991249088174675,False
Ezrin,Leuk,time1,20,17,-0.16418256244263668,"[-0.58, 0.31]",0.5018060255116422,0.9510728330412043,False
Intercellular adhesion molecule 2,Leuk,time1,20,17,-0.08886345203122951,"[-0.52, 0.38]",0.7175260147534557,0.9656789320774398,False
Lysozyme C,Leuk,time1,20,17,0.24855181344090868,"[-0.23, 0.63]",0.3048551581947996,0.9236478900056884,False
Protein AMBP,Leuk,time1,20,17,0.1468334332945521,"[-0.33, 0.56]",0.5486082141779903,0.9553472237586209,False
Prolyl endopeptidase FAP,Leuk,time1,20,17,-0.40251117999828284,"[-0.72, 0.06]",0.08753675235960019,0.8154186244354011,False
"Actin, cytoplasmic 2",Leuk,time1,20,17,-0.21433240484954635,"[-0.61, 0.27]",0.3782464657991863,0.9300516392509022,False
Kallistatin,Leuk,time1,20,17,0.16249517742267103,"[-0.31, 0.57]",0.5062719762136443,0.9521029330766132,False
Hemopexin,Leuk,time1,20,17,0.24972617050825704,"[-0.23, 0.63]",0.30250087340929355,0.9236478900056884,False
C4b-binding protein beta chain,Leuk,time1,20,17,-0.0685871489093165,"[-0.51, 0.40]",0.7802476211277531,0.9792734583116876,False
Peptidyl-prolyl cis-trans isomerase A,Leuk,time1,20,17,-0.041934849780250916,"[-0.49, 0.42]",0.8646526838068795,0.9941217641720209,False
Complement C1r subcomponent-like protein,Leuk,time1,20,17,0.16293214703498124,"[-0.31, 0.57]",0.5051136428615114,0.9520708301626678,False
Immunoglobulin heavy variable 3-30;Immunoglobulin heavy variable 3-30-5,Leuk,time1,20,17,0.31738118010965605,"[-0.16, 0.67]",0.18548453152861094,0.878412326765734,False
Immunoglobulin lambda variable 3-9,Leuk,time1,20,17,-0.06938184473858294,"[-0.51, 0.40]",0.7777619442269439,0.9792734583116876,False
Immunoglobulin heavy variable 1-45,Leuk,time1,20,17,0.18330806319633092,"[-0.30, 0.59]",0.4525463067951877,0.9362868049217405,False
Hemoglobin subunit gamma-1,Leuk,time1,20,17,-0.136711602828163,"[-0.56, 0.34]",0.5767845668908067,0.9585981157899655,False
Apolipoprotein F,Leuk,time1,20,17,-0.23562076495528417,"[-0.62, 0.24]",0.3315048712755767,0.9236478900056884,False
Immunoglobulin gamma-1 heavy chain,Leuk,time1,20,17,-0.1850449504274905,"[-0.59, 0.29]",0.44819972826732735,0.9361498868301301,False
Low affinity immunoglobulin gamma Fc region receptor III-B,Leuk,time1,20,17,0.2515545248564653,"[-0.23, 0.63]",0.2988574276276219,0.9209697518126684,False
Multiple epidermal growth factor-like domains protein 8,Leuk,time1,20,17,0.06414460315590134,"[-0.40, 0.50]",0.7941801679925147,0.9831638563490928,False
Complement C4-B,Leuk,time1,20,17,0.2763936662703382,"[-0.20, 0.65]",0.2520140850894058,0.9010501812845132,False
Glyceraldehyde-3-phosphate dehydrogenase,Leuk,time1,20,17,-0.007195181489412179,"[-0.46, 0.45]",0.9766779322615944,0.9989122224583239,False
Complement C1r subcomponent,Leuk,time1,20,17,-0.17088556037354452,"[-0.58, 0.31]",0.48425457568215935,0.9447457823105017,False
Sex hormone-binding globulin,Leuk,time1,20,17,-0.14806766178091357,"[-0.56, 0.33]",0.5452152564255897,0.9550458416046101,False
Biotinidase,Leuk,time1,20,17,0.2633937185346784,"[-0.22, 0.64]",0.2759128339668187,0.9170614304794888,False
Cholinesterase,Leuk,time1,20,17,-0.06989229876222466,"[-0.51, 0.40]",0.7761664163498811,0.9788700135585963,False
Immunoglobulin heavy variable 2-5,Leuk,time1,20,17,0.07160053607842143,"[-0.40, 0.51]",0.770833245174716,0.9760795549090894,False
Immunoglobulin lambda variable 1-36,Leuk,time1,20,17,0.002591701137612477,"[-0.45, 0.46]",0.9915984554758737,0.998994958440865,False
Immunoglobulin kappa variable 3-11,Leuk,time1,20,17,-0.15766931405271745,"[-0.57, 0.32]",0.5191483573310098,0.9529295397056773,False
Immunoglobulin kappa variable 6-21,Leuk,time1,20,17,-0.01815083202916391,"[-0.47, 0.44]",0.9412077030087233,0.9989122224583239,False
Immunoglobulin kappa light chain,Leuk,time1,20,17,-0.15178927661907946,"[-0.57, 0.32]",0.5350420590899523,0.954665480182609,False
Neuropilin-1,Leuk,time1,20,17,0.2632212520039481,"[-0.22, 0.64]",0.27623900942643814,0.9170614304794888,False
Ficolin-2,Leuk,time1,20,17,-0.22072188553353206,"[-0.61, 0.26]",0.363846798979089,0.9285871908420641,False
Gamma-glutamyl hydrolase,Leuk,time1,20,17,0.22699628600377297,"[-0.25, 0.62]",0.3500146338966238,0.92660625506674,False
Keratinocyte proline-rich protein,Leuk,time1,20,17,-0.08762473476564564,"[-0.52, 0.38]",0.7213129693791398,0.9673286249298616,False
Kyphoscoliosis peptidase,Leuk,time1,20,17,0.14117464189047182,"[-0.33, 0.56]",0.5642845049394509,0.9574313225752206,False
Laminin subunit alpha-2,Leuk,time1,20,17,0.2509630601587772,"[-0.23, 0.63]",0.3000331422119229,0.9224730930504981,False
Desmoglein-1,Leuk,time1,20,17,-0.060169445929214645,"[-0.50, 0.41]",0.8066978278096822,0.9840896993583559,False
Immunoglobulin lambda variable 3-27,Leuk,time1,20,17,-0.455702926656531,"[-0.75, -0.00]",0.049902386465710935,0.780717100347183,False
Myosin-9,Leuk,time1,20,17,-0.14788838634359983,"[-0.56, 0.33]",0.5457075056864579,0.9550458416046101,False
Versican core protein,Leuk,time1,20,17,0.20105201000576078,"[-0.28, 0.60]",0.409174208181863,0.9318821411825824,False
Proteasome subunit beta type-3,Leuk,time1,20,17,-0.1786743849896409,"[-0.59, 0.30]",0.46424717796468973,0.9399490057022261,False
Alpha-N-acetylglucosaminidase,Leuk,time1,20,17,-0.14163506989944075,"[-0.56, 0.33]",0.5630017187463074,0.9574313225752206,False
Caspase-14,Leuk,time1,20,17,-0.16188687729269005,"[-0.57, 0.32]",0.5078865886349506,0.9521459598740973,False
Histidine-rich glycoprotein,Leuk,time1,20,17,0.018183747938006603,"[-0.44, 0.47]",0.9411012612267045,0.9989122224583239,False
"ATP synthase subunit alpha, mitochondrial",Leuk,time1,20,17,-0.15908110690334534,"[-0.57, 0.32]",0.5153655831233794,0.9529295397056773,False
Immunoglobulin kappa constant,Leuk,time1,20,17,0.17040066997904235,"[-0.31, 0.58]",0.48551399345909385,0.9447457823105017,False
Interleukin-1 receptor accessory protein,Leuk,time1,20,17,0.4715169099223602,"[0.02, 0.76]",0.04154944216313743,0.780717100347183,False
Immunoglobulin lambda variable 9-49,Leuk,time1,20,17,-0.23447409263376345,"[-0.62, 0.25]",0.333932078355918,0.9236478900056884,False
Plexin domain-containing protein 2,Leuk,time1,20,17,-0.057388469728096594,"[-0.50, 0.41]",0.8154820586001473,0.9866265618169168,False
Immunoglobulin heavy variable 4-28,Leuk,time1,20,17,-0.023525798704651886,"[-0.47, 0.44]",0.9238403041095651,0.9988788261324435,False
Desmoplakin,Leuk,time1,20,17,-0.024417169173825953,"[-0.47, 0.43]",0.9209631223387262,0.9985551599450393,False
Endoplasmin,Leuk,time1,20,17,-0.02358737047676338,"[-0.47, 0.44]",0.9236415321171534,0.9988788261324435,False
Heparin cofactor 2,Leuk,time1,20,17,0.4220447164170748,"[-0.04, 0.74]",0.07187065209785036,0.7963212415647299,False
Laminin subunit gamma-1,Leuk,time1,20,17,0.324233403485963,"[-0.15, 0.68]",0.1756475117626862,0.8679180027342512,False
Polymeric immunoglobulin receptor,Leuk,time1,20,17,0.006446089879516373,"[-0.45, 0.46]",0.9791054630956382,0.9989122224583239,False
Serum amyloid A-4 protein,Leuk,time1,20,17,-0.2430186634194298,"[-0.63, 0.24]",0.31609574711770516,0.9236478900056884,False
Catalase,Leuk,time1,20,17,0.2982930455403413,"[-0.18, 0.66]",0.21481365948611889,0.8982115991698657,False
Complement receptor type 1,Leuk,time1,20,17,0.1572417475990728,"[-0.32, 0.57]",0.5202965471601062,0.9529295397056773,False
Immunoglobulin kappa variable 1-27,Leuk,time1,20,17,0.056216187471642996,"[-0.41, 0.50]",0.8191913158190622,0.9880927433269808,False
Immunoglobulin kappa variable 2-30,Leuk,time1,20,17,0.12246822677813057,"[-0.35, 0.55]",0.6174463371820247,0.9621706909906743,False
Protein-glutamine gamma-glutamyltransferase E,Leuk,time1,20,17,0.06989141630041837,"[-0.40, 0.51]",0.7761691739252387,0.9788700135585963,False
Periostin,Leuk,time1,20,17,0.28698094116984524,"[-0.19, 0.66]",0.23355174009492158,0.8982115991698657,False
Albumin,Leuk,time1,20,17,0.4096970828476067,"[-0.05, 0.73]",0.08150772067077401,0.8104760370286881,False
Complement factor B,Leuk,time1,20,17,0.19767305756863482,"[-0.28, 0.60]",0.41725511314529695,0.9324135167651676,False
Probable non-functional immunoglobulinn kappa variable 1-37;Probable non-functional immunoglobulinn kappa variable 1D-37,Leuk,time1,20,17,-0.3680800735052232,"[-0.70, 0.10]",0.12101602569859286,0.8313974029708804,False
Immunoglobulin lambda variable 8-61,Leuk,time1,20,17,0.0024718484979430965,"[-0.45, 0.46]",0.9919869708667716,0.998994958440865,False
Annexin A1,Leuk,time1,20,17,0.032464305571977284,"[-0.43, 0.48]",0.8950350803814762,0.997559861248858,False
CD5 antigen-like,Leuk,time1,20,17,-0.1082264563981941,"[-0.54, 0.36]",0.6591977712684457,0.9630236411946936,False
RB-associated KRAB zinc finger protein,Leuk,time1,20,17,0.07866362344122209,"[-0.39, 0.51]",0.7488887803039466,0.9738797723547303,False
Immunoglobulin lambda variable 7-46,Leuk,time1,20,17,-0.00819870974246887,"[-0.46, 0.45]",0.973426176899225,0.9989122224583239,False
Basement membrane-specific heparan sulfate proteoglycan core protein,Leuk,time1,20,17,0.2825958063122926,"[-0.20, 0.65]",0.24108983367449355,0.8982115991698657,False
Vitamin K-dependent protein C,Leuk,time1,20,17,0.2974859790199058,"[-0.18, 0.66]",0.21611687057206352,0.8982115991698657,False
Immunoglobulin lambda variable 1-40,Leuk,time1,20,17,0.3187897728079457,"[-0.16, 0.68]",0.18343280922667876,0.8782530552193797,False
Pantetheinase,Leuk,time1,20,17,-0.4442796141633442,"[-0.75, 0.01]",0.056689545176260174,0.780717100347183,False
Neutrophil defensin 1;Neutrophil defensin 3,Leuk,time1,20,17,0.14243974261146558,"[-0.33, 0.56]",0.5607629163253409,0.9574313225752206,False
Immunoglobulin lambda variable 2-8,Leuk,time1,20,17,-0.13212488875641362,"[-0.55, 0.34]",0.5897530288434254,0.9610066239456336,False
Immunoglobulin heavy variable 1-18,Leuk,time1,20,17,-0.15167847636523063,"[-0.57, 0.32]",0.5353436749974665,0.954665480182609,False
Immunoglobulin kappa variable 3D-15,Leuk,time1,20,17,-0.1718912497356942,"[-0.58, 0.31]",0.481647614021114,0.9447457823105017,False
Extracellular matrix protein 1,Leuk,time1,20,17,0.24791175363434662,"[-0.23, 0.63]",0.306142951089995,0.9236478900056884,False
Tubulin alpha-1B chain,Leuk,time1,20,17,-0.1873855395862145,"[-0.59, 0.29]",0.44237663485635526,0.9361498868301301,False
Immunoglobulin lambda variable 5-45,Leuk,time1,20,17,0.10817474538630631,"[-0.36, 0.54]",0.6593512351637385,0.9630236411946936,False
Alpha-2-HS-glycoprotein,Leuk,time1,20,17,-0.01424924196329788,"[-0.47, 0.44]",0.9538307467378109,0.9989122224583239,False
Cartilage acidic protein 1,Leuk,time1,20,17,0.18386240403027473,"[-0.29, 0.59]",0.4511567181682974,0.9361498868301301,False
Coagulation factor IX,Leuk,time1,20,17,-0.26356954011860073,"[-0.64, 0.22]",0.2755805590476771,0.9170614304794888,False
Integrin alpha-2,Leuk,time1,20,17,-0.03357355640667507,"[-0.48, 0.43]",0.8914684522313268,0.997559861248858,False
"Mannosyl-oligosaccharide 1,2-alpha-mannosidase IA",Leuk,time1,20,17,0.40695627321323746,"[-0.06, 0.73]",0.08377004440633397,0.8154186244354011,False
Endophilin-A3,Leuk,time1,20,17,0.37488212938649834,"[-0.10, 0.71]",0.11377585650170217,0.8290414311110669,False
Collagen alpha-1(I) chain,Leuk,time1,20,17,0.11757946798265397,"[-0.36, 0.54]",0.6316601659824161,0.9621706909906743,False
Carboxypeptidase N subunit 2,Leuk,time1,20,17,0.08387413606779134,"[-0.39, 0.52]",0.7328167343340904,0.9719346028497398,False
Scavenger receptor cysteine-rich type 1 protein M130,Leuk,time1,20,17,0.4489990490200723,"[-0.01, 0.75]",0.053805828526562974,0.780717100347183,False
Annexin A5,Leuk,time1,20,17,-0.09386872009403181,"[-0.53, 0.38]",0.7022890586986226,0.9652202959832364,False
Platelet factor 4,Leuk,time1,20,17,-0.07507813815069074,"[-0.51, 0.39]",0.7600066567615196,0.9745063647413549,False
Immunoglobulin heavy variable 3-72,Leuk,time1,20,17,-0.08175565958178543,"[-0.52, 0.39]",0.7393388447183318,0.9728363041843875,False
Protein HEG homolog 1,Leuk,time1,20,17,-0.024413659875795794,"[-0.47, 0.43]",0.9209744478943578,0.9985551599450393,False
Sulfhydryl oxidase 1,Leuk,time1,20,17,0.4392254290294264,"[-0.02, 0.74]",0.05990566605768931,0.780717100347183,False
Corticosteroid-binding globulin,Leuk,time1,20,17,0.031074666831286343,"[-0.43, 0.48]",0.89950596786379,0.997559861248858,False
Angiopoietin-related protein 6,Leuk,time1,20,17,0.014077976813501968,"[-0.44, 0.47]",0.9543851132788077,0.9989122224583239,False
72 kDa type IV collagenase,Leuk,time1,20,17,0.1544602606232589,"[-0.32, 0.57]",0.5277948728988816,0.9529295397056773,False
Trypsin-3,Leuk,time1,20,17,0.0014773877568039402,"[-0.45, 0.46]",0.9952106824589892,0.9992384161394755,False
Complement component C9,Leuk,time1,20,17,0.6111708542314799,"[0.22, 0.83]",0.005434400225731926,0.7385516510769441,False
Pyruvate kinase PKM,Leuk,time1,20,17,-0.08150069646433052,"[-0.52, 0.39]",0.7401249539957153,0.9728363041843875,False
Immunoglobulin heavy variable 4-34,Leuk,time1,20,17,-0.11969378363148248,"[-0.54, 0.35]",0.6254973303975632,0.9621706909906743,False
Immunoglobulin kappa variable 6D-21,Leuk,time1,20,17,0.14848747048358865,"[-0.33, 0.56]",0.5440633421549651,0.9550458416046101,False
Immunoglobulin lambda-1 light chain,Leuk,time1,20,17,0.28552552176805596,"[-0.19, 0.65]",0.23603658634029234,0.8982115991698657,False
Transforming growth factor-beta-induced protein ig-h3,Leuk,time1,20,17,0.33887645057951427,"[-0.14, 0.69]",0.15582591461587988,0.8664842517941643,False
Complement C1q subcomponent subunit A,Leuk,time1,20,17,0.0898876904679088,"[-0.38, 0.52]",0.7143995086143332,0.9656789320774398,False
Prolow-density lipoprotein receptor-related protein 1,Leuk,time1,20,17,0.015331631277774812,"[-0.44, 0.47]",0.950327650483779,0.9989122224583239,False
Immunoglobulin heavy constant mu,Leuk,time1,20,17,-0.094438535523683,"[-0.53, 0.38]",0.7005611848234544,0.9648380336571762,False
UV-stimulated scaffold protein A,Leuk,time1,20,17,0.07853626127649525,"[-0.39, 0.51]",0.7492829077175316,0.9738797723547303,False
Complement component C6,Leuk,time1,20,17,0.44124260348090627,"[-0.02, 0.75]",0.058606021377193035,0.780717100347183,False
Angiotensinogen,Leuk,time1,20,17,-0.08692362058328673,"[-0.52, 0.38]",0.7234591473018286,0.9673286249298616,False
Pregnancy zone protein,Leuk,time1,20,17,-0.41300516137576043,"[-0.73, 0.05]",0.07883749074635889,0.8092860711676536,False
Histone H2A type 1-B/E;Histone H2A type 3;Histone H2A type 1-C,Leuk,time1,20,17,-0.2158554446823721,"[-0.61, 0.26]",0.37478548591559024,0.9300516392509022,False
Desmocollin-1,Leuk,time1,20,17,0.10964330868491995,"[-0.36, 0.54]",0.6549980373780906,0.9627206746105794,False
Protein Z-dependent protease inhibitor,Leuk,time1,20,17,0.07459047623549782,"[-0.39, 0.51]",0.761522338734523,0.9745063647413549,False
Immunoglobulin kappa variable 1-17,Leuk,time1,20,17,0.11333311494412963,"[-0.36, 0.54]",0.6441076744336295,0.9623162852441542,False
Fibronectin,Leuk,time1,20,17,-0.18894049816920314,"[-0.59, 0.29]",0.4385299514967249,0.9361498868301301,False
Probable non-functional immunoglobulin heavy variable 3-38,Leuk,time1,20,17,0.09735677033223591,"[-0.37, 0.53]",0.6917343166663401,0.9648380336571762,False
Nucleoside diphosphate kinase 3,Leuk,time1,20,17,0.18309299947361396,"[-0.30, 0.59]",0.453086006496893,0.9362868049217405,False
Plasma protease C1 inhibitor,Leuk,time1,20,17,0.4699489832675387,"[0.02, 0.76]",0.04232600155594895,0.780717100347183,False
Immunoglobulin kappa variable 1-16,Leuk,time1,20,17,0.07586299765146023,"[-0.39, 0.51]",0.7575690266642876,0.9745063647413549,False
F-actin-capping protein subunit alpha-1,Leuk,time1,20,17,-0.15155038651206007,"[-0.57, 0.33]",0.5356924529416413,0.954665480182609,False
Cathepsin D,Leuk,time1,20,17,0.08130687016811566,"[-0.39, 0.52]",0.740722729648111,0.9728363041843875,False
Anthrax toxin receptor 2,Leuk,time1,20,17,0.26487085556383255,"[-0.22, 0.64]",0.27312899368150534,0.9170614304794888,False
Talin-1,Leuk,time1,20,17,-0.5879615396272684,"[-0.82, -0.18]",0.008106641658087964,0.7385516510769441,False
Protein disulfide-isomerase,Leuk,time1,20,17,0.01276422884823649,"[-0.44, 0.46]",0.9586382205329412,0.9989122224583239,False
Junction plakoglobin,Leuk,time1,20,17,0.020481030411529353,"[-0.44, 0.47]",0.9336748858229658,0.9989122224583239,False
Tenascin,Leuk,time1,20,17,0.013982657038561606,"[-0.44, 0.47]",0.9546936616573818,0.9989122224583239,False
Cadherin-related family member 5,Leuk,time1,20,17,-0.1631751417625907,"[-0.57, 0.31]",0.5044700538582845,0.9520263061157588,False
Kininogen-1,Leuk,time1,20,17,0.03294550959477266,"[-0.43, 0.48]",0.8934876009569258,0.997559861248858,False
Alpha-1-antichymotrypsin,Leuk,time1,20,17,0.3470830213728031,"[-0.13, 0.69]",0.14541904543421305,0.8558309360858758,False
Integrin alpha-IIb,Leuk,time1,20,17,-0.4546558751540037,"[-0.75, -0.00]",0.05049739868456548,0.780717100347183,False
Serum amyloid P-component,Leuk,time1,20,17,-0.00035738440116302395,"[-0.45, 0.45]",0.9988414441863518,0.9997463194271461,False
Inter-alpha-trypsin inhibitor heavy chain H1,Leuk,time1,20,17,-0.14933342189045795,"[-0.57, 0.33]",0.5417454801825077,0.9550458416046101,False
Probable non-functional immunoglobulin heavy variable 3-35,Leuk,time1,20,17,0.008701773587452135,"[-0.45, 0.46]",0.9717962356544803,0.9989122224583239,False
Immunoglobulin kappa variable 1-5,Leuk,time1,20,17,-0.007195181489412204,"[-0.46, 0.45]",0.9766779322615944,0.9989122224583239,False
Band 3 anion transport protein,Leuk,time1,20,17,-0.13043617509856,"[-0.55, 0.34]",0.5945582227971705,0.961962834437533,False
Immunoglobulin lambda variable 7-43,Leuk,time1,20,17,-0.04217828146939854,"[-0.49, 0.42]",0.8638739441357849,0.9941217641720209,False
Peroxiredoxin-1,Leuk,time1,20,17,0.010686938484461072,"[-0.45, 0.46]",0.965365348384283,0.9989122224583239,False
Matrix metalloproteinase-9,Leuk,time1,20,17,0.31763253198570285,"[-0.16, 0.67]",0.1851172936474751,0.878412326765734,False
Multimerin-2,Leuk,time1,20,17,0.4362078777956259,"[-0.02, 0.74]",0.06189019050769094,0.7842048818024371,False
Immunoglobulin heavy variable 1-3,Leuk,time1,20,17,-0.05727252707088292,"[-0.50, 0.41]",0.815848750547139,0.9866265618169168,False
Podocalyxin,Leuk,time1,20,17,0.3287223401895501,"[-0.15, 0.68]",0.16939841213585186,0.867816664987516,False
Immunoglobulin lambda variable 1-51,Leuk,time1,20,17,0.3415942971682943,"[-0.13, 0.69]",0.15232417531078296,0.8644305987562886,False
Cadherin-13,Leuk,time1,20,17,0.4544449952794115,"[0.00, 0.75]",0.050617886202782965,0.780717100347183,False
Plastin-2,Leuk,time1,20,17,0.4095283443456106,"[-0.05, 0.73]",0.0816456865670621,0.8104760370286881,False
Inter-alpha-trypsin inhibitor heavy chain H4,Leuk,time1,20,17,-0.18816288721236304,"[-0.59, 0.29]",0.440451431153728,0.9361498868301301,False
Fructose-bisphosphate aldolase B,Leuk,time1,20,17,0.06400143829423019,"[-0.40, 0.50]",0.7946301741204704,0.9834097432618503,False
Mannan-binding lectin serine protease 2,Leuk,time1,20,17,-0.47531471081865206,"[-0.76, -0.03]",0.03971385014388696,0.780717100347183,False
Platelet glycoprotein 4,Leuk,time1,20,17,-0.22833179438685614,"[-0.62, 0.25]",0.34711013370326305,0.926595760949047,False
Hemoglobin subunit alpha,Leuk,time1,20,17,-0.2246160961309963,"[-0.62, 0.26]",0.35522572786882234,0.9283317003155915,False
Immunoglobulin lambda variable 3-10,Leuk,time1,20,17,-0.43585155065707165,"[-0.74, 0.02]",0.06212775299415968,0.7842048818024371,False
Serum paraoxonase/lactonase 3,Leuk,time1,20,17,0.19457013399487239,"[-0.28, 0.60]",0.4247504987568145,0.9324335195406078,False
Dopamine beta-hydroxylase,Leuk,time1,20,17,-0.02311360359004977,"[-0.47, 0.44]",0.9251711032804413,0.9988788261324435,False
Triosephosphate isomerase,Leuk,time1,20,17,-0.17104209614230134,"[-0.58, 0.31]",0.4838483454057927,0.9447457823105017,False
Endoplasmic reticulum chaperone BiP,Leuk,time1,20,17,-0.17019773988608144,"[-0.58, 0.31]",0.48604154643325304,0.9447457823105017,False
Suprabasin,Leuk,time1,20,17,-0.39515516026814784,"[-0.72, 0.07]",0.09404039788970778,0.8154186244354011,False
Immunoglobulin kappa variable 3-20,Leuk,time1,20,17,-0.13861181065353648,"[-0.56, 0.34]",0.5714479877854095,0.95768595905392,False
Ficolin-1,Leuk,time1,20,17,0.051045197963490836,"[-0.41, 0.49]",0.8355959333048231,0.9906439255230137,False
Autotaxin,Leuk,time1,20,17,0.04100345598515993,"[-0.42, 0.49]",0.867633316106842,0.9950004684372401,False
Histidine ammonia-lyase,Leuk,time1,20,17,-0.4466508147848498,"[-0.75, 0.01]",0.05522643401598628,0.780717100347183,False
Noelin,Leuk,time1,20,17,0.20697678417001208,"[-0.27, 0.60]",0.3952113066862838,0.931256717265325,False
Prenylcysteine oxidase 1,Leuk,time1,20,17,-0.37106137508688636,"[-0.71, 0.10]",0.11780349975378535,0.8291287868992757,False
Immunoglobulin delta heavy chain,Leuk,time1,20,17,-0.14903871242819083,"[-0.56, 0.33]",0.5425524599727793,0.9550458416046101,False
Antithrombin-III,Leuk,time1,20,17,0.031451137335188555,"[-0.43, 0.48]",0.8982944568340133,0.997559861248858,False
Complement component C7,Leuk,time1,20,17,0.2921787501477958,"[-0.19, 0.66]",0.22481539717308113,0.8982115991698657,False
BOS complex subunit NOMO3;BOS complex subunit NOMO1;BOS complex subunit NOMO2,Leuk,time1,20,17,0.06917735587498798,"[-0.40, 0.51]",0.7784013550975787,0.9792734583116876,False
Cofilin-1,Leuk,time1,20,17,-0.34473275957893723,"[-0.69, 0.13]",0.14834862922334566,0.8571142081765397,False
Histone H4,Leuk,time1,20,17,-0.11653851966388602,"[-0.54, 0.36]",0.634702934439284,0.9621706909906743,False
Serum amyloid A-1 protein,Leuk,time1,20,17,-0.0034472380992096184,"[-0.46, 0.45]",0.988825196748914,0.9989122224583239,False
Transferrin receptor protein 1,Leuk,time1,20,17,-0.11652668701328092,"[-0.54, 0.36]",0.6347375545194497,0.9621706909906743,False
Serpin B12,Leuk,time1,20,17,0.05208912111241339,"[-0.41, 0.49]",0.8322786945226099,0.9906439255230137,False
Immunoglobulin kappa variable 3D-20,Leuk,time1,20,17,0.194684256613164,"[-0.28, 0.60]",0.4244735665833178,0.9324335195406078,False
Probable non-functional immunoglobulin heavy variable 3-16,Leuk,time1,20,17,0.03131383081538889,"[-0.43, 0.48]",0.8987362949567639,0.997559861248858,False
Immunoglobulin lambda variable 6-57,Leuk,time1,20,17,0.21998885603918744,"[-0.26, 0.61]",0.3654827694738042,0.9285871908420641,False
Fibrinogen alpha chain,Leuk,time1,20,17,-0.01671265521201733,"[-0.47, 0.44]",0.9458593133440159,0.9989122224583239,False
Galectin-3-binding protein,Leuk,time1,20,17,-0.31674972895072345,"[-0.67, 0.16]",0.18640927149570785,0.878412326765734,False
Macrophage colony-stimulating factor 1 receptor,Leuk,time1,20,17,0.254751233486566,"[-0.23, 0.64]",0.29255144906917024,0.9177310147446764,False
Phosphatidylinositol-glycan-specific phospholipase D,Leuk,time1,20,17,-0.25525020864138387,"[-0.64, 0.23]",0.2915745287797246,0.9177310147446764,False
Serotransferrin,Leuk,time1,20,17,0.38143750324961423,"[-0.09, 0.71]",0.10709653067702485,0.828669719073285,False
Integrin alpha-11,Leuk,time1,20,17,0.32511549948420365,"[-0.15, 0.68]",0.17440738797963362,0.867816664987516,False
Proprotein convertase subtilisin/kexin type 9,Leuk,time1,20,17,-0.300738973578733,"[-0.66, 0.18]",0.21089556824794625,0.8982115991698657,False
Gelsolin,Leuk,time1,20,17,0.446800663619598,"[-0.01, 0.75]",0.05513494162966284,0.780717100347183,False
Proteoglycan 4,Leuk,time1,20,17,-0.42811407694622033,"[-0.74, 0.03]",0.06745698847497635,0.7864905583204208,False
Vascular cell adhesion protein 1,Leuk,time1,20,17,0.007050841037186415,"[-0.45, 0.46]",0.9771456720302764,0.9989122224583239,False
Adhesion G protein-coupled receptor F5,Leuk,time1,20,17,0.1764481308057893,"[-0.30, 0.58]",0.46992273472728985,0.9403548857392404,False
Insulin-like growth factor-binding protein 3,Leuk,time1,20,17,0.041114127566397235,"[-0.42, 0.49]",0.8672790562824078,0.9948150501067204,False
Transthyretin,Leuk,time1,20,17,0.014617436016701938,"[-0.44, 0.47]",0.9526390119320821,0.9989122224583239,False
Coiled-coil domain-containing protein 126,Leuk,time1,20,17,-0.17358375343207372,"[-0.58, 0.30]",0.477276000306169,0.94364957807714,False
Guanine nucleotide-binding protein G(i) subunit alpha-2,Leuk,time1,20,17,-0.4135716923544704,"[-0.73, 0.05]",0.07838675575191627,0.8085910456185831,False
Apolipoprotein C-I,Leuk,time1,20,17,-0.12402000732272979,"[-0.55, 0.35]",0.6129613873599865,0.9621706909906743,False
Syntenin-1,Leuk,time1,20,17,-0.04245853891442784,"[-0.49, 0.42]",0.8629775474341317,0.9941217641720209,False
Phospholipid transfer protein,Leuk,time1,20,17,0.13364089358126238,"[-0.34, 0.55]",0.5854531877715914,0.9599322538236903,False
Laminin subunit beta-1,Leuk,time1,20,17,0.34250105297834965,"[-0.13, 0.69]",0.15116809019273506,0.8641476395228166,False
Proline-rich protein 4,Leuk,time1,20,17,0.09751852838598947,"[-0.37, 0.53]",0.6912461417854874,0.9648380336571762,False
Immunoglobulin kappa variable 2-28;Immunoglobulin kappa variable 2D-28,Leuk,time1,20,17,0.03251113747918121,"[-0.43, 0.48]",0.8948844600123369,0.997559861248858,False
Complement C3,Leuk,time1,20,17,-0.1580105583681631,"[-0.57, 0.32]",0.5182328313559464,0.9529295397056773,False
Thyroxine-binding globulin,Leuk,time1,20,17,-0.04196204953708254,"[-0.49, 0.42]",0.8645656656542902,0.9941217641720209,False
Immunoglobulin kappa variable 1D-13;Immunoglobulin kappa variable 1-13,Leuk,time1,20,17,0.19445477386766521,"[-0.28, 0.60]",0.4250305313432423,0.9324335195406078,False
Complement factor H-related protein 5,Leuk,time1,20,17,0.14736887210585922,"[-0.33, 0.56]",0.5471351026602269,0.9551466476013153,False
Immunoglobulin lambda variable 2-23,Leuk,time1,20,17,-0.2746435044026171,"[-0.65, 0.21]",0.2551525341501095,0.9052412167881767,False
Coagulation factor VII,Leuk,time1,20,17,-0.03654774227816064,"[-0.48, 0.42]",0.8819154283463041,0.995958470840817,False
Immunoglobulin heavy constant gamma 4,Leuk,time1,20,17,0.12226361717620593,"[-0.35, 0.55]",0.618038671826237,0.9621706909906743,False
L-lactate dehydrogenase B chain,Leuk,time1,20,17,0.0884500335772475,"[-0.38, 0.52]",0.7187892041151625,0.9657037285349999,False
Zinc-alpha-2-glycoprotein,Leuk,time1,20,17,0.23608858868835836,"[-0.24, 0.62]",0.33051759436934447,0.9236478900056884,False
"Dihydrolipoyllysine-residue succinyltransferase component of 2-oxoglutarate dehydrogenase complex, mitochondrial",Leuk,time1,20,17,0.4100961725483554,"[-0.05, 0.73]",0.08118209594604797,0.8104760370286881,False
Serpin B3,Leuk,time1,20,17,-0.007683764625006062,"[-0.46, 0.45]",0.9750947182067248,0.9989122224583239,False
Immunoglobulin heavy variable 3-33,Leuk,time1,20,17,0.2217184263553556,"[-0.26, 0.61]",0.3616294119395863,0.9285871908420641,False
Follistatin-related protein 1,Leuk,time1,20,17,0.013993794057077366,"[-0.44, 0.47]",0.9546576110117846,0.9989122224583239,False
Cholesteryl ester transfer protein,Leuk,time1,20,17,0.15400890958409846,"[-0.32, 0.57]",0.5290163236295404,0.9529295397056773,False
Complement C1q subcomponent subunit C,Leuk,time1,20,17,-0.037882746523286735,"[-0.48, 0.42]",0.8776324152703407,0.995958470840817,False
Immunoglobulin heavy variable 4-30-2,Leuk,time1,20,17,0.22893465333933993,"[-0.25, 0.62]",0.3458035986258785,0.926595760949047,False
Thrombospondin-4,Leuk,time1,20,17,0.2426640083897319,"[-0.24, 0.63]",0.31682454485218636,0.9236478900056884,False
Transketolase,Leuk,time1,20,17,0.05090032298449504,"[-0.41, 0.49]",0.8360565088996826,0.9906439255230137,False
Complement receptor type 2,Leuk,time1,20,17,0.06090086976094682,"[-0.40, 0.50]",0.8043911204948817,0.9840896993583559,False
Immunoglobulin kappa variable 2-40;Immunoglobulin kappa variable 2D-40,Leuk,time1,20,17,-0.17786333041466204,"[-0.58, 0.30]",0.4663108352306502,0.9399490057022261,False
Immunoglobulin kappa variable 3D-7,Leuk,time1,20,17,0.02012790919753782,"[-0.44, 0.47]",0.93481608684187,0.9989122224583239,False
Immunoglobulin heavy variable 3-64,Leuk,time1,20,17,-0.01910634251149256,"[-0.47, 0.44]",0.9381182173106373,0.9989122224583239,False
Vitronectin,Leuk,time1,20,17,-0.23015303202730159,"[-0.62, 0.25]",0.3431717960694063,0.926595760949047,False
Complement component C8 gamma chain,Leuk,time1,20,17,0.3836168237632151,"[-0.09, 0.71]",0.10493982468968412,0.828669719073285,False
Immunoglobulin heavy variable 5-51,Leuk,time1,20,17,-0.19272247296748823,"[-0.59, 0.29]",0.42924739243761223,0.9341945835044614,False
Coagulation factor V,Leuk,time1,20,17,0.07882060656289853,"[-0.39, 0.51]",0.7484030716364856,0.9738797723547303,False
Protein S100-A7,Leuk,time1,20,17,0.13034901659570983,"[-0.34, 0.55]",0.5948066706594907,0.961962834437533,False
Arginase-1,Leuk,time1,20,17,-0.002268218893896294,"[-0.46, 0.45]",0.9926470623300778,0.998994958440865,False
Protein-glutamine gamma-glutamyltransferase K,Leuk,time1,20,17,-0.05278181118324808,"[-0.50, 0.41]",0.8300790505897306,0.9906439255230137,False
Immunoglobulin kappa variable 4-1,Leuk,time1,20,17,0.44668369384846135,"[-0.01, 0.75]",0.05520634939583051,0.780717100347183,False
Coagulation factor XIII B chain,Leuk,time1,20,17,0.1183799100453919,"[-0.35, 0.54]",0.6293242618637296,0.9621706909906743,False
Apolipoprotein C-II,Leuk,time1,20,17,-0.10913648291287883,"[-0.54, 0.36]",0.6564992037195965,0.9630236411946936,False
Bone marrow proteoglycan,Leuk,time1,20,17,0.119532204625021,"[-0.35, 0.54]",0.625967471358055,0.9621706909906743,False
Apolipoprotein A-I,Leuk,time1,20,17,0.046883025042598496,"[-0.42, 0.49]",0.8488478463484066,0.991249088174675,False
Coagulation factor X,Leuk,time1,20,17,0.04311968173250171,"[-0.42, 0.49]",0.860863534890202,0.9941217641720209,False
Thioredoxin,Leuk,time1,20,17,-0.2434809062446569,"[-0.63, 0.24]",0.3151473641008415,0.9236478900056884,False
Immunoglobulin heavy variable 3-15,Leuk,time1,20,17,-0.0005268263725795949,"[-0.45, 0.45]",0.9982921539772414,0.9997463194271461,False
Proteasome subunit beta type-2,Leuk,time1,20,17,0.030779935202789724,"[-0.43, 0.48]",0.900454585561708,0.997559861248858,False
Apolipoprotein A-II,Leuk,time1,20,17,0.09483157338161957,"[-0.38, 0.53]",0.6993701799012757,0.9648380336571762,False
Immunoglobulin heavy constant gamma 2,Leuk,time1,20,17,0.32183635544455463,"[-0.16, 0.68]",0.1790476066835214,0.8733740923033797,False
Plakophilin-1,Leuk,time1,20,17,0.01873843160135267,"[-0.44, 0.47]",0.9393076987302911,0.9989122224583239,False
Fetuin-B,Leuk,time1,20,17,-0.13741626132188733,"[-0.56, 0.34]",0.5748031019870214,0.9585981157899655,False
Complement factor H-related protein 3,Leuk,time1,20,17,0.10371656592451038,"[-0.37, 0.53]",0.6726302907425243,0.9648380336571762,False
Plasminogen,Leuk,time1,20,17,0.20999522135198137,"[-0.27, 0.61]",0.3881997528935327,0.931256717265325,False
Fermitin family homolog 3,Leuk,time1,20,17,-0.6200889152484871,"[-0.84, -0.23]",0.004622544026088192,0.7385516510769441,False
Immunoglobulin heavy variable 3-21,Leuk,time1,20,17,-0.2085180768622098,"[-0.61, 0.27]",0.3916223791743525,0.931256717265325,False
Immunoglobulin heavy variable 2-26,Leuk,time1,20,17,0.03778396989713208,"[-0.42, 0.48]",0.8779492042787559,0.995958470840817,False
Immunoglobulin kappa variable 1-12;Immunoglobulin kappa variable 1D-12,Leuk,time1,20,17,0.03895135052646006,"[-0.42, 0.48]",0.8742064162622126,0.9959336928152613,False
Immunoglobulin heavy constant gamma 3,Leuk,time1,20,17,-0.08108502532654661,"[-0.52, 0.39]",0.7414070912961706,0.9728363041843875,False
Immunoglobulin kappa variable 2D-29,Leuk,time1,20,17,-0.061977938408586786,"[-0.50, 0.40]",0.8009971660138879,0.9840896993583559,False
Neogenin,Leuk,time1,20,17,0.2366708827711539,"[-0.24, 0.62]",0.3292911614906596,0.9236478900056884,False
Immunoglobulin heavy variable 6-1,Leuk,time1,20,17,0.23660127567881545,"[-0.24, 0.62]",0.32943762740609506,0.9236478900056884,False
L-selectin,Leuk,time1,20,17,0.22184497999368644,"[-0.26, 0.61]",0.36134837134949416,0.9285871908420641,False
Immunoglobulin lambda constant 3,Leuk,time1,20,17,0.15264314556125666,"[-0.32, 0.57]",0.5327203074983998,0.954665480182609,False
A disintegrin and metalloproteinase with thrombospondin motifs 13,Leuk,time1,20,17,0.15725089222216299,"[-0.32, 0.57]",0.520271977688761,0.9529295397056773,False
von Willebrand factor,Leuk,time1,20,17,-0.18248868973930002,"[-0.59, 0.30]",0.454604279511281,0.9362868049217405,False
Neutral alpha-glucosidase AB,Leuk,time1,20,17,-0.21945303542707761,"[-0.61, 0.26]",0.36668124487780995,0.9285871908420641,False
Carbonic anhydrase 1,Leuk,time1,20,17,-0.06048617583434799,"[-0.50, 0.40]",0.8056987610807785,0.9840896993583559,False
Immunoglobulin lambda variable 4-60,Leuk,time1,20,17,-0.03232478003894389,"[-0.48, 0.43]",0.8954838415409746,0.997559861248858,False
Integrin beta-1,Leuk,time1,20,17,0.13013765222103169,"[-0.34, 0.55]",0.5954093498383682,0.961962834437533,False
Immunoglobulin lambda variable 3-12,Leuk,time1,20,17,0.051336233414717186,"[-0.41, 0.49]",0.8346708503164967,0.9906439255230137,False
Alpha-amylase 1B;Alpha-amylase 1C;Alpha-amylase 1A,Leuk,time1,20,17,-0.003053410995560328,"[-0.46, 0.45]",0.9901017903252106,0.9989126836088675,False
Lumican,Leuk,time1,20,17,0.4039319813547093,"[-0.06, 0.73]",0.08631955471046794,0.8154186244354011,False
Beta-Ala-His dipeptidase,Leuk,time1,20,17,-0.000507361569276776,"[-0.45, 0.45]",0.9983552541655156,0.9997463194271461,False
Immunoglobulin alpha-2 heavy chain,Leuk,time1,20,17,-0.015696551691750275,"[-0.47, 0.44]",0.9491467982179154,0.9989122224583239,False
Complement C5,Leuk,time1,20,17,0.39654572821240985,"[-0.07, 0.72]",0.09278480246817707,0.8154186244354011,False
Protein S100-A8,Leuk,time1,20,17,0.06115498926286561,"[-0.40, 0.50]",0.8035900593554951,0.9840896993583559,False
Immunoglobulin lambda variable 3-25,Leuk,time1,20,17,0.13513347161580705,"[-0.34, 0.56]",0.5812327694067494,0.9599322538236903,False
Leukocyte immunoglobulin-like receptor subfamily B member 3;Leukocyte immunoglobulin-like receptor subfamily A member 6,Leuk,time1,20,17,0.021488053144524778,"[-0.44, 0.47]",0.9304211231205491,0.9989122224583239,False
Collagen alpha-3(VI) chain,Leuk,time1,20,17,-0.04168672892218475,"[-0.49, 0.42]",0.8654465470945201,0.994185780985073,False
Immunoglobulin kappa variable 1-39;Immunoglobulin kappa variable 1D-39,Leuk,time1,20,17,-0.06740084099924076,"[-0.51, 0.40]",0.7839619895840977,0.9803908274000915,False
Bleomycin hydrolase,Leuk,time1,20,17,0.10800865433687167,"[-0.36, 0.54]",0.6598442352943743,0.9630236411946936,False
CD166 antigen,Leuk,time1,20,17,-0.22678740773000566,"[-0.62, 0.25]",0.3504701710209366,0.92660625506674,False
Beta-2-microglobulin,Leuk,time1,20,17,0.2535709158505095,"[-0.23, 0.63]",0.2948702746541488,0.9197855145380048,False
Amino acid transporter heavy chain SLC3A2,Leuk,time1,20,17,0.6311042657304337,"[0.25, 0.84]",0.0037599186949760356,0.7385516510769441,False
Haptoglobin-related protein,Leuk,time1,20,17,0.12031055192353546,"[-0.35, 0.54]",0.6237040138652318,0.9621706909906743,False
Alpha-1-acid glycoprotein 1,Leuk,time1,20,17,0.4918937189806401,"[0.05, 0.77]",0.03242121321434179,0.780717100347183,False
Serum paraoxonase/arylesterase 1,Leuk,time1,20,17,-0.14872574991704213,"[-0.56, 0.33]",0.5434100161514981,0.9550458416046101,False
Target of Nesh-SH3,Leuk,time1,20,17,0.2015647507388746,"[-0.28, 0.60]",0.4079554106938652,0.9318821411825824,False
Intercellular adhesion molecule 1,Leuk,time1,20,17,-0.012694780732378152,"[-0.46, 0.44]",0.9588630815296233,0.9989122224583239,False
Complement C4-A,Leuk,time1,20,17,0.3030639773813153,"[-0.18, 0.67]",0.20721498233801283,0.8943978861972101,False
Coagulation factor XIII A chain,Leuk,time1,20,17,0.20241403675061825,"[-0.28, 0.60]",0.4059409670162517,0.9318821411825824,False
Immunoglobulin mu heavy chain,Leuk,time1,20,17,-0.11693578188360415,"[-0.54, 0.36]",0.6335410426106081,0.9621706909906743,False
Oncoprotein-induced transcript 3 protein,Leuk,time1,20,17,0.3462681091779711,"[-0.13, 0.69]",0.14643023270493627,0.8561338509729858,False
Peroxiredoxin-2,Leuk,time1,20,17,-0.028597205581545618,"[-0.48, 0.43]",0.9074838189495649,0.997559861248858,False
Tissue factor pathway inhibitor,Leuk,time1,20,17,0.049000027267339034,"[-0.41, 0.49]",0.842102462220414,0.9910182692199748,False
Progranulin,Leuk,time1,20,17,-0.12846798602368834,"[-0.55, 0.35]",0.600179062222151,0.9621706909906743,False
Histone H2B type 1-K;Histone H2B type F-S,Leuk,time1,20,17,-0.06900117342163872,"[-0.51, 0.40]",0.7789523647492596,0.9792734583116876,False
Hemoglobin subunit delta,Leuk,time1,20,17,-0.05011812357955159,"[-0.49, 0.41]",0.8385440970436888,0.9906439255230137,False
Glutathione S-transferase P,Leuk,time1,20,17,-0.129338192969292,"[-0.55, 0.35]",0.5976911938352596,0.961962834437533,False
Annexin A6,Leuk,time1,20,17,0.33700113170606955,"[-0.14, 0.69]",0.15827421821521784,0.866957588915021,False
Complement factor H-related protein 1,Leuk,time1,20,17,0.1799984272289213,"[-0.30, 0.59]",0.4608882196330987,0.9396370787191299,False
Protein KPLCE,Leuk,time1,20,17,-0.1349845972869815,"[-0.56, 0.34]",0.5816531456770295,0.9599322538236903,False
Immunoglobulin heavy variable 4-4,Leuk,time1,20,17,0.1718912497356942,"[-0.31, 0.58]",0.481647614021114,0.9447457823105017,False
Alpha-1B-glycoprotein,Leuk,time1,20,17,0.21746840810773468,"[-0.26, 0.61]",0.3711396307691801,0.9300516392509022,False
Properdin,Leuk,time1,20,17,-0.06441438147792375,"[-0.50, 0.40]",0.793332350547163,0.9830382993033819,False
Immunoglobulin heavy variable 3-53,Leuk,time1,20,17,-0.2858254116785102,"[-0.66, 0.19]",0.23552319884423176,0.8982115991698657,False
Calmodulin-like protein 5,Leuk,time1,20,17,-0.0970180652858832,"[-0.53, 0.37]",0.6927568825732406,0.9648380336571762,False
Carboxypeptidase B2,Leuk,time1,20,17,0.29681837334326194,"[-0.18, 0.66]",0.21719878599054424,0.8982115991698657,False
"Sushi, nidogen and EGF-like domain-containing protein 1",Leuk,time1,20,17,0.09141315956876074,"[-0.38, 0.52]",0.7097510639886808,0.9656789320774398,False
Proteasome subunit alpha type-5,Leuk,time1,20,17,-0.06618104682802071,"[-0.51, 0.40]",0.7877858731968008,0.9809449094133241,False
Bifunctional heparan sulfate N-deacetylase/N-sulfotransferase 4,Leuk,time1,20,17,-0.35802961311895437,"[-0.70, 0.11]",0.13230393423669456,0.847666490299985,False
Immunoglobulin heavy variable 3-9,Leuk,time1,20,17,0.10120149615190822,"[-0.37, 0.53]",0.6801630763119981,0.9648380336571762,False
Neural cell adhesion molecule L1-like protein,Leuk,time1,20,17,0.18909680391453562,"[-0.29, 0.59]",0.43814424856009504,0.9361498868301301,False
Proteasome subunit alpha type-2,Leuk,time1,20,17,-0.14991641252615873,"[-0.57, 0.33]",0.5401507279166617,0.9550458416046101,False
Intercellular adhesion molecule 3,Leuk,time1,20,17,0.2480438917439946,"[-0.23, 0.63]",0.30587682284789125,0.9236478900056884,False
Receptor-type tyrosine-protein phosphatase eta,Leuk,time1,20,17,0.036209411383827696,"[-0.42, 0.48]",0.8830013779855166,0.995958470840817,False
ADAMTS-like protein 4,Leuk,time1,20,17,-0.0481624461406261,"[-0.49, 0.42]",0.844770006648275,0.9910606354169061,False
Immunoglobulin lambda variable 3-21,Leuk,time1,20,17,0.17455439888106886,"[-0.30, 0.58]",0.47477782854745587,0.9425571631599551,False
Cartilage oligomeric matrix protein,Leuk,time1,20,17,0.2509096873639135,"[-0.23, 0.63]",0.30013937435011007,0.9224730930504981,False
Neural cell adhesion molecule 1,Leuk,time1,20,17,0.19003121857247013,"[-0.29, 0.59]",0.435842170556378,0.9360268564138758,False
Immunoglobulin lambda variable 2-11,Leuk,time1,20,17,-0.026802163183251914,"[-0.48, 0.43]",0.9132695098145928,0.9985548272347045,False
Immunoglobulin kappa variable 1D-33;Immunoglobulin kappa variable 1-33,Leuk,time1,20,17,-0.3127374845994893,"[-0.67, 0.16]",0.19235735684269617,0.8808484840195031,False
Beta-2-glycoprotein 1,Leuk,time1,20,17,0.326487628081226,"[-0.15, 0.68]",0.17249016051513072,0.867816664987516,False
Vitamin D-binding protein,Leuk,time1,20,17,0.2017070137773751,"[-0.28, 0.60]",0.4076175965582508,0.9318821411825824,False
Filamin-A,Leuk,time1,20,17,-0.4368793831388757,"[-0.74, 0.02]",0.0614443550117751,0.7842048818024371,False
Reelin,Leuk,time1,20,17,0.12450433129026353,"[-0.35, 0.55]",0.6115642785596638,0.9621706909906743,False
Immunoglobulin lambda variable 5-39,Leuk,time1,20,17,0.15715953574991684,"[-0.32, 0.57]",0.5205174556402524,0.9529295397056773,False
Fatty acid-binding protein 5,Leuk,time1,20,17,-0.48634051801508144,"[-0.77, -0.04]",0.034737196519666905,0.780717100347183,False
"HLA class I histocompatibility antigen, A alpha chain",Leuk,time1,20,17,-0.19468558702194685,"[-0.60, 0.28]",0.4244703387529135,0.9324335195406078,False
Low affinity immunoglobulin gamma Fc region receptor III-A,Leuk,time1,20,17,0.5257139091040955,"[0.09, 0.79]",0.020790782694098536,0.780717100347183,False
Heat shock 70 kDa protein 1A;Heat shock 70 kDa protein 1B,Leuk,time1,20,17,-0.43078939559717505,"[-0.74, 0.03]",0.06557712729804697,0.7845863525077257,False
Apolipoprotein D,Leuk,time1,20,17,-0.08757558882046393,"[-0.52, 0.38]",0.7214633450823781,0.9673286249298616,False
Plexin-B1,Leuk,time1,20,17,0.009196745230563637,"[-0.45, 0.46]",0.9701926178059362,0.9989122224583239,False
Immunoglobulin heavy variable 1-58,Leuk,time1,20,17,0.23404636452446742,"[-0.25, 0.62]",0.3348401264069748,0.9236478900056884,False
Apolipoprotein C-IV,Leuk,time1,20,17,-0.34024645431246314,"[-0.69, 0.13]",0.15405390297001653,0.8648835903913135,False
Monocyte differentiation antigen CD14,Leuk,time1,20,17,0.47384380735806303,"[0.03, 0.76]",0.0404172184321091,0.780717100347183,False
Protein MENT,Leuk,time1,20,17,-0.38288199321510413,"[-0.71, 0.09]",0.10566350112417819,0.828669719073285,False
Immunoglobulin epsilon heavy chain,Leuk,time1,20,17,0.06792789319490174,"[-0.40, 0.51]",0.7823112149089215,0.9798483719442739,False
Complement factor H,Leuk,time1,20,17,0.00803085447883449,"[-0.45, 0.46]",0.9739700554983879,0.9989122224583239,False
Stabilin-1,Leuk,time1,20,17,0.15553588071689486,"[-0.32, 0.57]",0.524889295896287,0.9529295397056773,False
Macrophage receptor MARCO,Leuk,time1,20,17,0.11800147467878858,"[-0.36, 0.54]",0.6304282192951557,0.9621706909906743,False
Protein POF1B,Leuk,time1,20,17,0.06734467584652534,"[-0.40, 0.51]",0.7841379560999246,0.9803908274000915,False
Phosphatidylcholine-sterol acyltransferase,Leuk,time1,20,17,-0.19250454222036648,"[-0.59, 0.29]",0.42977945050442845,0.9341945835044614,False
Clusterin,Leuk,time1,20,17,-0.09635208030434836,"[-0.53, 0.37]",0.6947690042036226,0.9648380336571762,False
Platelet-activating factor acetylhydrolase,Leuk,time1,20,17,-0.2116930637915927,"[-0.61, 0.27]",0.38428628937058185,0.931256717265325,False
Vasorin,Leuk,time1,20,17,0.18130698684552093,"[-0.30, 0.59]",0.4575807095380917,0.9384843653688746,False
Myeloperoxidase,Leuk,time1,20,17,-0.007255755585851357,"[-0.46, 0.45]",0.9764816421619296,0.9989122224583239,False
Immunoglobulin lambda variable 5-52,Leuk,time1,20,17,-0.4428528256737345,"[-0.75, 0.01]",0.05758391902618942,0.780717100347183,False
Carboxypeptidase N catalytic chain,Leuk,time1,20,17,-0.1262645106260889,"[-0.55, 0.35]",0.6064975976311684,0.9621706909906743,False
Fibrinogen gamma chain,Leuk,time1,20,17,0.027841451833800875,"[-0.43, 0.48]",0.9099191993956355,0.997559861248858,False
Soluble scavenger receptor cysteine-rich domain-containing protein SSC5D,Leuk,time1,20,17,-0.20407476858103332,"[-0.60, 0.28]",0.402017473204204,0.931256717265325,False
Tetranectin,Leuk,time1,20,17,0.39753381444294483,"[-0.07, 0.72]",0.09190007893121854,0.8154186244354011,False
Apolipoprotein(a),Leuk,time1,20,17,0.2554708646329394,"[-0.22, 0.64]",0.2911431526245237,0.9177310147446764,False
Alpha-2-antiplasmin,Leuk,time1,20,17,0.036371485041164255,"[-0.42, 0.48]",0.8824811408231972,0.995958470840817,False
Retroviral-like aspartic protease 1,Leuk,time1,20,17,-0.17771609635017996,"[-0.58, 0.30]",0.4666859548471979,0.9399490057022261,False
Ficolin-3,Leuk,time1,20,17,-0.28331027114561314,"[-0.65, 0.20]",0.2398511794754141,0.8982115991698657,False
Immunoglobulin kappa variable 2-24,Leuk,time1,20,17,-0.16765747511166257,"[-0.58, 0.31]",0.49266917123388065,0.9488299676442298,False
Immunoglobulin superfamily containing leucine-rich repeat protein,Leuk,time1,20,17,0.2140424624200309,"[-0.27, 0.61]",0.37890735483441695,0.9305478218289437,False
Complement factor D,Leuk,time1,20,17,0.2184960544994515,"[-0.26, 0.61]",0.3688272630139763,0.9288457607854298,False
Vitamin K-dependent protein Z,Leuk,time1,20,17,-0.1276852083546525,"[-0.55, 0.35]",0.6024206034552362,0.9621706909906743,False
EGF-containing fibulin-like extracellular matrix protein 1,Leuk,time1,20,17,0.04912138382356789,"[-0.41, 0.49]",0.8417160993812351,0.9910182692199748,False
Dipeptidase 2,Leuk,time1,20,17,0.24287267164395382,"[-0.24, 0.63]",0.31639563150179584,0.9236478900056884,False
Myeloblastin,Leuk,time1,20,17,-0.024417169173825953,"[-0.47, 0.43]",0.9209631223387262,0.9985551599450393,False
Neurogenic locus notch homolog protein 1,Leuk,time1,20,17,0.030782440712959696,"[-0.43, 0.48]",0.9004465208273172,0.997559861248858,False
Vitamin K-dependent protein S,Leuk,time1,20,17,-0.11569951854181525,"[-0.54, 0.36]",0.6371594873459543,0.9621706909906743,False
Dermcidin,Leuk,time1,20,17,0.1664512933237277,"[-0.31, 0.58]",0.49583146401665756,0.949643311856458,False
Immunoglobulin heavy variable 3-73,Leuk,time1,20,17,-0.1867867293705547,"[-0.59, 0.29]",0.4438626436537576,0.9361498868301301,False
Alpha-2-macroglobulin,Leuk,time1,20,17,0.09331239160408854,"[-0.38, 0.53]",0.7039773855591784,0.9656789320774398,False
Cation-independent mannose-6-phosphate receptor,Leuk,time1,20,17,0.1005495398837126,"[-0.37, 0.53]",0.6821205013848072,0.9648380336571762,False
Chromodomain-helicase-DNA-binding protein 1;Chromodomain-helicase-DNA-binding protein 2;Chromodomain-helicase-DNA-binding protein 9;Chromodomain-helicase-DNA-binding protein 6;Chromodomain-helicase-DNA-binding protein 8;Chromodomain-helicase-DNA-binding protein 7,Leuk,time1,20,17,-0.10297350708217241,"[-0.53, 0.37]",0.6748527297552165,0.9648380336571762,False
Ceruloplasmin,Leuk,time1,20,17,-0.1067179982487971,"[-0.53, 0.37]",0.6636797894502936,0.9640983070453398,False
Prostaglandin-H2 D-isomerase,Leuk,time1,20,17,0.27617349630248206,"[-0.20, 0.65]",0.2524075505770867,0.9010501812845132,False
Protein S100-A9,Leuk,time1,20,17,0.027770822223865763,"[-0.43, 0.48]",0.910146839578805,0.997559861248858,False
Immunoglobulin J chain,Leuk,time1,20,17,-0.0707841994178033,"[-0.51, 0.40]",0.7733806617825304,0.9776507183111619,False
Probable non-functional immunoglobulin kappa variable 3-7,Eryt,time1,20,17,0.4006749322897637,"[-0.07, 0.72]",0.08912842452736555,0.8154186244354011,False
Apolipoprotein A-IV,Eryt,time1,20,17,-0.17679105875598436,"[-0.58, 0.30]",0.469046220637621,0.9402589828665833,False
Coagulation factor XII,Eryt,time1,20,17,0.055244793423568216,"[-0.41, 0.50]",0.8222677273576204,0.9893405922598658,False
Mannan-binding lectin serine protease 1,Eryt,time1,20,17,-0.22458061922751266,"[-0.62, 0.26]",0.35530373425018946,0.9283317003155915,False
Complement factor I,Eryt,time1,20,17,0.035477124653400964,"[-0.43, 0.48]",0.8853525000201706,0.995958470840817,False
Platelet glycoprotein Ib alpha chain,Eryt,time1,20,17,-0.44838174084907123,"[-0.75, 0.01]",0.05417656675837772,0.780717100347183,False
Hepatocyte growth factor-like protein,Eryt,time1,20,17,0.5098364424272516,"[0.07, 0.78]",0.02574918534726822,0.780717100347183,False
Profilin-1,Eryt,time1,20,17,0.436012178095622,"[-0.02, 0.74]",0.062020578422187896,0.7842048818024371,False
Peptidase inhibitor 16,Eryt,time1,20,17,-0.33473800374771345,"[-0.68, 0.14]",0.16126388249012868,0.867816664987516,False
Cell surface glycoprotein MUC18,Eryt,time1,20,17,-0.08384051933252318,"[-0.52, 0.39]",0.7329200940408344,0.9719346028497398,False
Adhesion G-protein coupled receptor G6,Eryt,time1,20,17,0.15187978378892256,"[-0.32, 0.57]",0.5347957419682035,0.954665480182609,False
Immunoglobulin heavy variable 1-69,Eryt,time1,20,17,0.3783783844393045,"[-0.09, 0.71]",0.11017743712444704,0.8290414311110669,False
Insulin-like growth factor-binding protein complex acid labile subunit,Eryt,time1,20,17,-0.05741671644936168,"[-0.50, 0.41]",0.8153927282288286,0.9866265618169168,False
Plasma serine protease inhibitor,Eryt,time1,20,17,0.39892104793621924,"[-0.07, 0.72]",0.09066836880769662,0.8154186244354011,False
Immunoglobulin heavy variable 1-69D,Eryt,time1,20,17,0.12040238544076028,"[-0.35, 0.54]",0.6234371715081755,0.9621706909906743,False
Pancreatic adenocarcinoma up-regulated factor,Eryt,time1,20,17,-0.19438919221125137,"[-0.60, 0.28]",0.4251897721411647,0.9324335195406078,False
Immunoglobulin heavy variable 3-64D,Eryt,time1,20,17,-0.3196538541647155,"[-0.68, 0.16]",0.18218179524150266,0.8781742060801173,False
Neutrophil gelatinase-associated lipocalin,Eryt,time1,20,17,0.3648781298033187,"[-0.11, 0.70]",0.12453509659912562,0.8369454495993133,False
Lysosome-associated membrane glycoprotein 2,Eryt,time1,20,17,0.001818887913215818,"[-0.45, 0.46]",0.9941036418957799,0.9990207946239401,False
Corneodesmosin,Eryt,time1,20,17,0.2693753399153987,"[-0.21, 0.64]",0.26474790574533374,0.9142627678405526,False
Collagen alpha-1(XVIII) chain,Eryt,time1,20,17,0.10961233712002477,"[-0.36, 0.54]",0.6550897357325387,0.9627206746105794,False
Lipopolysaccharide-binding protein,Eryt,time1,20,17,0.11652049587038185,"[-0.36, 0.54]",0.6347556689127012,0.9621706909906743,False
Immunoglobulin heavy variable 3-49,Eryt,time1,20,17,-0.13228796454664965,"[-0.55, 0.34]",0.5892898632052053,0.9610066239456336,False
SPARC-like protein 1,Eryt,time1,20,17,0.13984081570173887,"[-0.34, 0.56]",0.5680078385128556,0.9575202748664524,False
Ras-associated and pleckstrin homology domains-containing protein 1,Eryt,time1,20,17,-0.14482722776170504,"[-0.56, 0.33]",0.5541434939974281,0.9571984418476326,False
Alpha-1-acid glycoprotein 2,Eryt,time1,20,17,0.17017826762987193,"[-0.31, 0.58]",0.48609218284364475,0.9447457823105017,False
Immunoglobulin heavy variable 3-20,Eryt,time1,20,17,-0.1987722264975369,"[-0.60, 0.28]",0.414617077786849,0.9324135167651676,False
Neurogenic locus notch homolog protein 2,Eryt,time1,20,17,0.19196038269549584,"[-0.29, 0.59]",0.43110948449343656,0.9343133512273196,False
Apolipoprotein B-100,Eryt,time1,20,17,-0.09250070565940889,"[-0.52, 0.38]",0.7064430406293043,0.9656789320774398,False
CD44 antigen,Eryt,time1,20,17,0.4554934025845075,"[0.00, 0.75]",0.0500210243979726,0.780717100347183,False
Pigment epithelium-derived factor,Eryt,time1,20,17,0.4564650496992911,"[0.00, 0.75]",0.049472658017890435,0.780717100347183,False
Xaa-Pro dipeptidase,Eryt,time1,20,17,0.3284008702317256,"[-0.15, 0.68]",0.16984082825021474,0.867816664987516,False
Immunoglobulin heavy constant delta,Eryt,time1,20,17,0.11185759583552007,"[-0.36, 0.54]",0.6484544568014461,0.9623162852441542,False
Probable non-functional immunoglobulin heavy variable 3-38-3,Eryt,time1,20,17,-0.2157406524615919,"[-0.61, 0.26]",0.3750457199940146,0.9300516392509022,False
Immunoglobulin lambda constant 7,Eryt,time1,20,17,-0.14058733633208192,"[-0.56, 0.34]",0.5659226339181904,0.9574313225752206,False
Receptor-type tyrosine-protein phosphatase gamma,Eryt,time1,20,17,-0.03978253403950819,"[-0.49, 0.42]",0.8715430772645535,0.9952750807277061,False
Afamin,Eryt,time1,20,17,0.090034264291161,"[-0.38, 0.52]",0.7139524441452709,0.9656789320774398,False
Pyruvate kinase PKLR,Eryt,time1,20,17,-0.1382354814044019,"[-0.56, 0.34]",0.5725031811322081,0.95768595905392,False
Insulin-like growth factor 2,Eryt,time1,20,17,-0.22347893810257857,"[-0.62, 0.26]",0.3577309875326091,0.9285871908420641,False
CD109 antigen,Eryt,time1,20,17,-0.209957158856723,"[-0.61, 0.27]",0.38828773741932177,0.931256717265325,False
ADP-ribosyl cyclase/cyclic ADP-ribose hydrolase 2,Eryt,time1,20,17,-0.006125418253364696,"[-0.46, 0.45]",0.9801446970212879,0.9989122224583239,False
Dedicator of cytokinesis protein 4,Eryt,time1,20,17,0.34764540278303546,"[-0.13, 0.69]",0.14472405034593122,0.8558309360858758,False
Complement factor H-related protein 2,Eryt,time1,20,17,0.28825557282575354,"[-0.19, 0.66]",0.23138944188074145,0.8982115991698657,False
Selenoprotein P,Eryt,time1,20,17,0.2745140551041732,"[-0.21, 0.65]",0.2553856427267073,0.9052412167881767,False
Adipocyte plasma membrane-associated protein,Eryt,time1,20,17,-0.04209426313442304,"[-0.49, 0.42]",0.864142705832573,0.9941217641720209,False
Immunoglobulin heavy constant alpha 2,Eryt,time1,20,17,-0.08709713697281073,"[-0.52, 0.38]",0.7229278122262153,0.9673286249298616,False
Lactotransferrin,Eryt,time1,20,17,0.1785139598874764,"[-0.30, 0.59]",0.46465499873927885,0.9399490057022261,False
Alpha-enolase,Eryt,time1,20,17,0.2142121604744208,"[-0.27, 0.61]",0.37852047013830803,0.9300516392509022,False
Immunoglobulin heavy constant gamma 1,Eryt,time1,20,17,0.47359943482800376,"[0.02, 0.76]",0.04053499701514928,0.780717100347183,False
Collectin-10,Eryt,time1,20,17,-0.061582347918878184,"[-0.50, 0.40]",0.8022433192628632,0.9840896993583559,False
Lysosome-associated membrane glycoprotein 1,Eryt,time1,20,17,0.05611538653576329,"[-0.41, 0.50]",0.8195104362803733,0.9882849709727854,False
Cathelicidin antimicrobial peptide,Eryt,time1,20,17,-0.2363390542756566,"[-0.62, 0.24]",0.32998973286378896,0.9236478900056884,False
Fibroblast growth factor-binding protein 2,Eryt,time1,20,17,-0.31682992149802036,"[-0.67, 0.16]",0.1862916609070745,0.878412326765734,False
Lymphatic vessel endothelial hyaluronic acid receptor 1,Eryt,time1,20,17,0.025853866045068598,"[-0.43, 0.47]",0.916327718664788,0.9985551599450393,False
Haptoglobin,Eryt,time1,20,17,0.18552769808514258,"[-0.29, 0.59]",0.4469954863319331,0.9361498868301301,False
Tenascin-X,Eryt,time1,20,17,0.03795824261156148,"[-0.42, 0.48]",0.8773903018651739,0.995958470840817,False
Zinc finger protein 512B,Eryt,time1,20,17,0.08154088497624817,"[-0.39, 0.52]",0.7400010272767954,0.9728363041843875,False
Immunoglobulin lambda variable 3-19,Eryt,time1,20,17,0.13554618432346885,"[-0.34, 0.56]",0.5800680688742379,0.9591963163346238,False
Complement C1q subcomponent subunit B,Eryt,time1,20,17,-0.4823697947322262,"[-0.77, -0.04]",0.036470328362537434,0.780717100347183,False
Ubiquitin-ribosomal protein eS31 fusion protein,Eryt,time1,20,17,0.2986935546680015,"[-0.18, 0.66]",0.2141688514218387,0.8982115991698657,False
Kinesin-like protein KIF21A,Eryt,time1,20,17,-0.37492664225803407,"[-0.71, 0.10]",0.11372952149422298,0.8290414311110669,False
Attractin,Eryt,time1,20,17,-0.18678807646887344,"[-0.59, 0.29]",0.443859297788165,0.9361498868301301,False
Immunoglobulin lambda variable 1-44,Eryt,time1,20,17,0.023954434095006447,"[-0.43, 0.47]",0.9224566318788531,0.9988788261324435,False
Immunoglobulin heavy variable 1-46,Eryt,time1,20,17,-0.09963658711146997,"[-0.53, 0.37]",0.6848648059782398,0.9648380336571762,False
Fibulin-1,Eryt,time1,20,17,-0.031497031544658764,"[-0.48, 0.43]",0.8981467804155839,0.997559861248858,False
Secreted phosphoprotein 24,Eryt,time1,20,17,0.16090477432268332,"[-0.32, 0.57]",0.5104985572857385,0.9529295397056773,False
Scavenger receptor class B member 1,Eryt,time1,20,17,0.07613345122460485,"[-0.39, 0.51]",0.7567295533112721,0.9745063647413549,False
Immunoglobulin lambda variable 2-18,Eryt,time1,20,17,-0.23752277617434348,"[-0.62, 0.24]",0.32750173003643435,0.9236478900056884,False
Collagen alpha-2(VI) chain,Eryt,time1,20,17,-0.125060005030701,"[-0.55, 0.35]",0.6099629307748622,0.9621706909906743,False
Adiponectin,Eryt,time1,20,17,-0.37733381470387456,"[-0.71, 0.09]",0.11124386055518141,0.8290414311110669,False
Nidogen-1,Eryt,time1,20,17,-0.07169117436770367,"[-0.51, 0.40]",0.7705505421374155,0.9759050875970201,False
Alpha-1-antitrypsin,Eryt,time1,20,17,0.11855919574977622,"[-0.35, 0.54]",0.6288015187928727,0.9621706909906743,False
"Sushi, von Willebrand factor type A, EGF and pentraxin domain-containing protein 1",Eryt,time1,20,17,-0.29212890842115163,"[-0.66, 0.19]",0.22489814810249179,0.8982115991698657,False
Complement C1s subcomponent,Eryt,time1,20,17,-0.393317618548686,"[-0.72, 0.07]",0.09571849536490165,0.8179364288014818,False
Alpha-actinin-4,Eryt,time1,20,17,0.191376423174262,"[-0.29, 0.59]",0.4325392063248076,0.9343955399375984,False
Complement component C1q receptor,Eryt,time1,20,17,0.050352991549806415,"[-0.41, 0.49]",0.8377970035244986,0.9906439255230137,False
Inter-alpha-trypsin inhibitor heavy chain H3,Eryt,time1,20,17,-0.3057407462207299,"[-0.67, 0.17]",0.20303026969476448,0.8937375538491094,False
Immunoglobulin kappa variable 1D-8,Eryt,time1,20,17,0.07133907908217846,"[-0.40, 0.51]",0.771648890807063,0.976641439674382,False
Low-density lipoprotein receptor,Eryt,time1,20,17,-0.04540246913335004,"[-0.49, 0.42]",0.8535713390612714,0.9928150111527771,False
Prolactin-inducible protein,Eryt,time1,20,17,-0.1982894822308875,"[-0.60, 0.28]",0.4157745719248638,0.9324135167651676,False
Hyaluronan-binding protein 2,Eryt,time1,20,17,0.1584951973058128,"[-0.32, 0.57]",0.5169338961778618,0.9529295397056773,False
N-acetylmuramoyl-L-alanine amidase,Eryt,time1,20,17,0.4837543411722216,"[0.04, 0.77]",0.03585857832719642,0.780717100347183,False
Serpin A11,Eryt,time1,20,17,0.02843925264957566,"[-0.43, 0.48]",0.9079927501316285,0.997559861248858,False
C4b-binding protein alpha chain,Eryt,time1,20,17,-0.055363585903564765,"[-0.50, 0.41]",0.8218913765613092,0.9892076013876419,False
Inter-alpha-trypsin inhibitor heavy chain H2,Eryt,time1,20,17,0.07515115052226895,"[-0.39, 0.51]",0.7597798019135853,0.9745063647413549,False
Fibrillin-1,Eryt,time1,20,17,-0.1326191601636921,"[-0.55, 0.34]",0.5883496755114557,0.9610066239456336,False
Golgi-associated RAB2 interactor protein 1B,Eryt,time1,20,17,-0.505276592695749,"[-0.78, -0.07]",0.027332195505883675,0.780717100347183,False
Neurogenic locus notch homolog protein 3,Eryt,time1,20,17,0.29892116056604845,"[-0.18, 0.66]",0.2138029781346993,0.8982115991698657,False
Immunoglobulin heavy constant alpha 1,Eryt,time1,20,17,0.08974154225819445,"[-0.38, 0.52]",0.7148453636139513,0.9656789320774398,False
Apolipoprotein C-III,Eryt,time1,20,17,-0.43541514751001026,"[-0.74, 0.02]",0.06241963419158098,0.7842048818024371,False
Glutathione peroxidase 3,Eryt,time1,20,17,0.12308999468527736,"[-0.35, 0.55]",0.6156477380034481,0.9621706909906743,False
Contactin-1,Eryt,time1,20,17,0.41092711833383955,"[-0.05, 0.73]",0.0805071890585462,0.8104760370286881,False
Stomatin,Eryt,time1,20,17,-0.22037691290131092,"[-0.61, 0.26]",0.36461618770533133,0.9285871908420641,False
Immunoglobulin heavy variable 3-13,Eryt,time1,20,17,-0.021359036210693995,"[-0.47, 0.44]",0.9308379281204542,0.9989122224583239,False
Immunoglobulin heavy variable 1-69-2,Eryt,time1,20,17,0.2201055572338843,"[-0.26, 0.61]",0.36522203770376116,0.9285871908420641,False
Apolipoprotein E,Eryt,time1,20,17,-0.2714835864100736,"[-0.65, 0.21]",0.2608812388672648,0.9086514925450402,False
Mucosal addressin cell adhesion molecule 1,Eryt,time1,20,17,0.11390477929048246,"[-0.36, 0.54]",0.6424265471161221,0.9621706909906743,False
Protein S100-A11,Eryt,time1,20,17,0.16932826297152542,"[-0.31, 0.58]",0.48830509159587177,0.9465780583573915,False
Complement factor H-related protein 4,Eryt,time1,20,17,0.26484994136986845,"[-0.22, 0.64]",0.27316828673172633,0.9170614304794888,False
Immunoglobulin kappa variable 1D-16,Eryt,time1,20,17,-0.006269987850852697,"[-0.46, 0.45]",0.9796761713882476,0.9989122224583239,False
Immunoglobulin lambda variable 1-47,Eryt,time1,20,17,0.07832534115552067,"[-0.39, 0.51]",0.7499357394636026,0.9741110734656547,False
Fructose-bisphosphate aldolase A,Eryt,time1,20,17,0.3925865587792738,"[-0.07, 0.72]",0.09639213594008321,0.8179364288014818,False
Thrombospondin-1,Eryt,time1,20,17,-0.6254696311574414,"[-0.84, -0.24]",0.004182873897590653,0.7385516510769441,False
Aminopeptidase N,Eryt,time1,20,17,0.24080477088152097,"[-0.24, 0.63]",0.32066154400174024,0.9236478900056884,False
Apolipoprotein M,Eryt,time1,20,17,-0.1294008829687819,"[-0.55, 0.35]",0.597512131505243,0.961962834437533,False
Immunoglobulin heavy variable 3-43,Eryt,time1,20,17,0.14835985755345646,"[-0.33, 0.56]",0.5444133832747936,0.9550458416046101,False
Cysteine-rich secretory protein 3,Eryt,time1,20,17,0.5878240421701857,"[0.18, 0.82]",0.008125168936813454,0.7385516510769441,False
Complement component C8 alpha chain,Eryt,time1,20,17,0.33857299298860116,"[-0.14, 0.69]",0.15622030953306676,0.8664842517941643,False
Immunoglobulin heavy variable 2-70D,Eryt,time1,20,17,-0.16313697520274414,"[-0.57, 0.31]",0.5045711147203955,0.9520263061157588,False
Immunoglobulin heavy variable 3-23,Eryt,time1,20,17,-0.3852186578804431,"[-0.71, 0.08]",0.10337469815410867,0.828669719073285,False
Plasma kallikrein,Eryt,time1,20,17,-0.4497805484548885,"[-0.75, 0.01]",0.05333924268809638,0.780717100347183,False
Galectin-7,Eryt,time1,20,17,0.17166353586410657,"[-0.31, 0.58]",0.48223728866447846,0.9447457823105017,False
Extracellular superoxide dismutase [Cu-Zn],Eryt,time1,20,17,0.0036358730781814405,"[-0.45, 0.46]",0.9882137440435796,0.9989122224583239,False
Immunoglobulin heavy variable 1-8,Eryt,time1,20,17,-0.1955765315377696,"[-0.60, 0.28]",0.42231166346656024,0.9324135167651676,False
Cystatin-C,Eryt,time1,20,17,0.09209267824754805,"[-0.38, 0.52]",0.7076835636590232,0.9656789320774398,False
Immunoglobulin lambda-like polypeptide 1,Eryt,time1,20,17,0.142347821760212,"[-0.33, 0.56]",0.561018465028069,0.9574313225752206,False
Inhibin beta C chain,Eryt,time1,20,17,0.12272315011576787,"[-0.35, 0.55]",0.616708662982822,0.9621706909906743,False
Mannose-binding protein C,Eryt,time1,20,17,-0.030217653468232568,"[-0.48, 0.43]",0.9022646923995913,0.997559861248858,False
IgGFc-binding protein,Eryt,time1,20,17,0.14688899913783002,"[-0.33, 0.56]",0.5484552574607644,0.9553346594055773,False
Macrophage mannose receptor 1,Eryt,time1,20,17,0.25938587137175584,"[-0.22, 0.64]",0.2835543066817493,0.917472121603545,False
Aromatase,Eryt,time1,20,17,0.20382716414715327,"[-0.28, 0.60]",0.4026011259862142,0.931256717265325,False
Cadherin-5,Eryt,time1,20,17,0.44384382507701003,"[-0.01, 0.75]",0.056961596290527224,0.780717100347183,False
Immunoglobulin kappa variable 1-8,Eryt,time1,20,17,0.0980137910320565,"[-0.37, 0.53]",0.6897521983476749,0.9648380336571762,False
Retinol-binding protein 4,Eryt,time1,20,17,0.09505451482165315,"[-0.38, 0.53]",0.6986949089106628,0.9648380336571762,False
Complement component C8 beta chain,Eryt,time1,20,17,0.3754370937791472,"[-0.09, 0.71]",0.11319913883808495,0.8290414311110669,False
Tumor necrosis factor receptor superfamily member 1B,Eryt,time1,20,17,0.17604985941124882,"[-0.30, 0.58]",0.47094173609417733,0.9408984762056689,False
Formin-2,Eryt,time1,20,17,0.16086359523378277,"[-0.32, 0.57]",0.5106082150150664,0.9529295397056773,False
Scavenger receptor cysteine-rich domain-containing protein DMBT1,Eryt,time1,20,17,0.08349213123742887,"[-0.39, 0.52]",0.7339915244525582,0.9721798169318988,False
Apolipoprotein L1,Eryt,time1,20,17,-0.3754370937791472,"[-0.71, 0.09]",0.11319913883808495,0.8290414311110669,False
Leucine-rich alpha-2-glycoprotein,Eryt,time1,20,17,-0.030608443565841338,"[-0.48, 0.43]",0.9010066048764067,0.997559861248858,False
Immunoglobulin heavy variable 1-2,Eryt,time1,20,17,0.4094355929389375,"[-0.06, 0.73]",0.08172159624925442,0.8104760370286881,False
Ras-related protein Rab-10,Eryt,time1,20,17,0.20155331697166223,"[-0.28, 0.60]",0.4079825675996922,0.9318821411825824,False
Immunoglobulin heavy variable 1-24,Eryt,time1,20,17,0.18403111426487279,"[-0.29, 0.59]",0.4507342413015496,0.9361498868301301,False
Annexin A3,Eryt,time1,20,17,-0.18837194080989186,"[-0.59, 0.29]",0.43993442834007,0.9361498868301301,False
Hemoglobin subunit beta,Eryt,time1,20,17,-0.11869276497431985,"[-0.54, 0.35]",0.6284121810518716,0.9621706909906743,False
Immunoglobulin lambda variable 4-69,Eryt,time1,20,17,-0.24397238368176302,"[-0.63, 0.24]",0.3141408656393554,0.9236478900056884,False
Elongation factor 2,Eryt,time1,20,17,0.22424289558646382,"[-0.26, 0.62]",0.3560468103108877,0.9283317003155915,False
Multiple inositol polyphosphate phosphatase 1,Eryt,time1,20,17,0.29972175255591915,"[-0.18, 0.66]",0.21251929298644773,0.8982115991698657,False
Collagen alpha-1(VI) chain,Eryt,time1,20,17,0.05869758264993382,"[-0.41, 0.50]",0.8113442906536836,0.9853512016964315,False
Hepatocyte growth factor activator,Eryt,time1,20,17,0.236760808945412,"[-0.24, 0.62]",0.32910199730610423,0.9236478900056884,False
Fibrinogen beta chain,Eryt,time1,20,17,0.09877718642147781,"[-0.37, 0.53]",0.6874515935324526,0.9648380336571762,False
Hemicentin-1,Eryt,time1,20,17,0.4390901812353523,"[-0.02, 0.74]",0.059993574369986195,0.780717100347183,False
C-type mannose receptor 2,Eryt,time1,20,17,0.022254050110650975,"[-0.44, 0.47]",0.9279468367520505,0.9989122224583239,False
Platelet glycoprotein Ib beta chain,Eryt,time1,20,17,0.18097706231548108,"[-0.30, 0.59]",0.4584134820556548,0.9384843653688746,False
Complement C2,Eryt,time1,20,17,0.19593847324208533,"[-0.28, 0.60]",0.4214363852685915,0.9324135167651676,False
Annexin A2,Eryt,time1,20,17,0.07513578700209209,"[-0.39, 0.51]",0.7598275359498049,0.9745063647413549,False
Protein disulfide-isomerase A3,Eryt,time1,20,17,0.38194014362593776,"[-0.09, 0.71]",0.10659630147976139,0.828669719073285,False
Dipeptidyl peptidase 4,Eryt,time1,20,17,-0.3259307508504443,"[-0.68, 0.15]",0.17326653167258585,0.867816664987516,False
Proteasome subunit alpha type-4,Eryt,time1,20,17,0.16354218310972923,"[-0.31, 0.58]",0.5034986639807523,0.9520263061157588,False
Coagulation factor XI,Eryt,time1,20,17,0.22311186017676632,"[-0.26, 0.61]",0.35854184386753807,0.9285871908420641,False
Collectin-11,Eryt,time1,20,17,-0.3029070538983341,"[-0.67, 0.18]",0.2074620579507042,0.8943978861972101,False
High mobility group protein B1,Eryt,time1,20,17,-0.39795239845776326,"[-0.72, 0.07]",0.09152714425396233,0.8154186244354011,False
Immunoglobulin lambda variable 3-16,Eryt,time1,20,17,-0.14734471449502778,"[-0.56, 0.33]",0.5472015272979225,0.9551466476013153,False
Prothrombin,Eryt,time1,20,17,-0.21881445562856192,"[-0.61, 0.26]",0.36811246587663515,0.9285871908420641,False
Immunoglobulin kappa joining 1,Eryt,time1,20,17,0.16870422772808735,"[-0.31, 0.58]",0.48993284516987223,0.9474363328117412,False
Immunoglobulin heavy variable 3-7,Eryt,time1,20,17,-0.09069040922940208,"[-0.52, 0.38]",0.7119522334223334,0.9656789320774398,False
Immunoglobulin heavy variable 3-74,Eryt,time1,20,17,-0.2077713791334474,"[-0.60, 0.27]",0.39335882840027525,0.931256717265325,False
Ezrin,Eryt,time1,20,17,-0.04419255387280746,"[-0.49, 0.42]",0.857434945525284,0.9928150111527771,False
Intercellular adhesion molecule 2,Eryt,time1,20,17,0.03649656036127129,"[-0.42, 0.48]",0.8820796954002047,0.995958470840817,False
Lysozyme C,Eryt,time1,20,17,0.3288225618671607,"[-0.15, 0.68]",0.16926064485443953,0.867816664987516,False
Protein AMBP,Eryt,time1,20,17,0.1113324949041737,"[-0.36, 0.54]",0.6500040083884846,0.9627206746105794,False
Prolyl endopeptidase FAP,Eryt,time1,20,17,0.03553391389936783,"[-0.43, 0.48]",0.8851701361316382,0.995958470840817,False
"Actin, cytoplasmic 2",Eryt,time1,20,17,0.4064206359796866,"[-0.06, 0.73]",0.08421750812817037,0.8154186244354011,False
Kallistatin,Eryt,time1,20,17,0.15404974994080362,"[-0.32, 0.57]",0.5289057472974492,0.9529295397056773,False
Hemopexin,Eryt,time1,20,17,0.2789759178289783,"[-0.20, 0.65]",0.24742835112267608,0.8982115991698657,False
C4b-binding protein beta chain,Eryt,time1,20,17,-0.2856631511660972,"[-0.65, 0.19]",0.2358008866493924,0.8982115991698657,False
Peptidyl-prolyl cis-trans isomerase A,Eryt,time1,20,17,0.589468145827567,"[0.18, 0.82]",0.007905869152599465,0.7385516510769441,False
Complement C1r subcomponent-like protein,Eryt,time1,20,17,-0.48776281713398345,"[-0.77, -0.04]",0.03413217302086188,0.780717100347183,False
Immunoglobulin heavy variable 3-30;Immunoglobulin heavy variable 3-30-5,Eryt,time1,20,17,-0.3811608700255375,"[-0.71, 0.09]",0.10737255617195926,0.828669719073285,False
Immunoglobulin lambda variable 3-9,Eryt,time1,20,17,0.2634888433439536,"[-0.22, 0.64]",0.2757330323522771,0.9170614304794888,False
Immunoglobulin heavy variable 1-45,Eryt,time1,20,17,-0.09856158960773219,"[-0.53, 0.37]",0.6881010610330673,0.9648380336571762,False
Hemoglobin subunit gamma-1,Eryt,time1,20,17,-0.1522799629003877,"[-0.57, 0.32]",0.5337072696368419,0.954665480182609,False
Apolipoprotein F,Eryt,time1,20,17,0.25292872871185273,"[-0.23, 0.63]",0.2961365859900732,0.9197855145380048,False
Immunoglobulin gamma-1 heavy chain,Eryt,time1,20,17,0.11437358427750098,"[-0.36, 0.54]",0.6410491450314758,0.9621706909906743,False
Low affinity immunoglobulin gamma Fc region receptor III-B,Eryt,time1,20,17,0.31896993849987815,"[-0.16, 0.68]",0.18317149033711255,0.8782530552193797,False
Multiple epidermal growth factor-like domains protein 8,Eryt,time1,20,17,0.10162309972060571,"[-0.37, 0.53]",0.6788983001184214,0.9648380336571762,False
Complement C4-B,Eryt,time1,20,17,0.20148808460652845,"[-0.28, 0.60]",0.40813752293129446,0.9318821411825824,False
Glyceraldehyde-3-phosphate dehydrogenase,Eryt,time1,20,17,0.006654009470835024,"[-0.45, 0.46]",0.9784316535482762,0.9989122224583239,False
Complement C1r subcomponent,Eryt,time1,20,17,-0.3686321246842678,"[-0.70, 0.10]",0.12041651526930208,0.8313974029708804,False
Sex hormone-binding globulin,Eryt,time1,20,17,0.13260689374925236,"[-0.34, 0.55]",0.5883844857900475,0.9610066239456336,False
Biotinidase,Eryt,time1,20,17,0.4532790811952749,"[-0.00, 0.75]",0.051287988139102535,0.780717100347183,False
Cholinesterase,Eryt,time1,20,17,-0.10575534009697675,"[-0.53, 0.37]",0.6665458327903275,0.9648380336571762,False
Immunoglobulin heavy variable 2-5,Eryt,time1,20,17,-0.3957922070956923,"[-0.72, 0.07]",0.09346365863136467,0.8154186244354011,False
Immunoglobulin lambda variable 1-36,Eryt,time1,20,17,0.08085108248211767,"[-0.39, 0.52]",0.7421289750432627,0.9728363041843875,False
Immunoglobulin kappa variable 3-11,Eryt,time1,20,17,0.036415620674537026,"[-0.42, 0.48]",0.8823394786605694,0.995958470840817,False
Immunoglobulin kappa variable 6-21,Eryt,time1,20,17,-0.15135323802479742,"[-0.57, 0.33]",0.5362294748859333,0.954665480182609,False
Immunoglobulin kappa light chain,Eryt,time1,20,17,0.30155596731100387,"[-0.18, 0.66]",0.20959737075912885,0.8980339270305654,False
Neuropilin-1,Eryt,time1,20,17,0.3501291563662317,"[-0.12, 0.69]",0.1416822525877542,0.8558309360858758,False
Ficolin-2,Eryt,time1,20,17,-0.056755513041098646,"[-0.50, 0.41]",0.817484356347764,0.9875992555224574,False
Gamma-glutamyl hydrolase,Eryt,time1,20,17,-0.35884741934295095,"[-0.70, 0.11]",0.13135874420395538,0.847666490299985,False
Keratinocyte proline-rich protein,Eryt,time1,20,17,0.215493333683,"[-0.26, 0.61]",0.3756067364945824,0.9300516392509022,False
Kyphoscoliosis peptidase,Eryt,time1,20,17,0.028270871935406464,"[-0.43, 0.48]",0.9085353178693312,0.997559861248858,False
Laminin subunit alpha-2,Eryt,time1,20,17,-0.23232702357509524,"[-0.62, 0.25]",0.3385047707046034,0.9258696693439477,False
Desmoglein-1,Eryt,time1,20,17,0.13429988837447557,"[-0.34, 0.55]",0.5835882179270413,0.9599322538236903,False
Immunoglobulin lambda variable 3-27,Eryt,time1,20,17,0.1152110267594104,"[-0.36, 0.54]",0.6385914391653128,0.9621706909906743,False
Myosin-9,Eryt,time1,20,17,0.5865210948874979,"[0.18, 0.82]",0.008302448095164899,0.7385516510769441,False
Versican core protein,Eryt,time1,20,17,-0.3333612688722738,"[-0.68, 0.14]",0.16310141933674036,0.867816664987516,False
Proteasome subunit beta type-3,Eryt,time1,20,17,0.5329555551207893,"[0.10, 0.79]",0.018796396040824878,0.780717100347183,False
Alpha-N-acetylglucosaminidase,Eryt,time1,20,17,-0.009182261174242486,"[-0.46, 0.45]",0.970239541980151,0.9989122224583239,False
Caspase-14,Eryt,time1,20,17,0.14575025605986774,"[-0.33, 0.56]",0.5515937036468587,0.9568680316140749,False
Histidine-rich glycoprotein,Eryt,time1,20,17,0.40962626392108703,"[-0.05, 0.73]",0.08156560351838167,0.8104760370286881,False
"ATP synthase subunit alpha, mitochondrial",Eryt,time1,20,17,0.023773703934481437,"[-0.44, 0.47]",0.9230400187398549,0.9988788261324435,False
Immunoglobulin kappa constant,Eryt,time1,20,17,0.08481366640793467,"[-0.38, 0.52]",0.7299297937298206,0.9699742787661942,False
Interleukin-1 receptor accessory protein,Eryt,time1,20,17,0.07599283801251001,"[-0.39, 0.51]",0.7571659766752146,0.9745063647413549,False
Immunoglobulin lambda variable 9-49,Eryt,time1,20,17,0.021523709904128312,"[-0.44, 0.47]",0.9303059326473502,0.9989122224583239,False
Plexin domain-containing protein 2,Eryt,time1,20,17,-0.0329522318048396,"[-0.48, 0.43]",0.8934659859415597,0.997559861248858,False
Immunoglobulin heavy variable 4-28,Eryt,time1,20,17,0.08582504998003719,"[-0.38, 0.52]",0.7268259494292173,0.9682573349536114,False
Desmoplakin,Eryt,time1,20,17,0.09250070565940889,"[-0.38, 0.52]",0.7064430406293043,0.9656789320774398,False
Endoplasmin,Eryt,time1,20,17,0.3125249670820799,"[-0.17, 0.67]",0.19267590142600224,0.8808484840195031,False
Heparin cofactor 2,Eryt,time1,20,17,0.0597174298812149,"[-0.41, 0.50]",0.8081241261489317,0.9844261695888036,False
Laminin subunit gamma-1,Eryt,time1,20,17,0.0849498122434637,"[-0.38, 0.52]",0.7295117391173088,0.9698977396280272,False
Polymeric immunoglobulin receptor,Eryt,time1,20,17,-0.08107312749918663,"[-0.52, 0.39]",0.7414437997580234,0.9728363041843875,False
Serum amyloid A-4 protein,Eryt,time1,20,17,-0.299445145301304,"[-0.66, 0.18]",0.2129622375413595,0.8982115991698657,False
Catalase,Eryt,time1,20,17,0.3823369442621621,"[-0.09, 0.71]",0.10620259365869421,0.828669719073285,False
Complement receptor type 1,Eryt,time1,20,17,-0.056717066187736816,"[-0.50, 0.41]",0.8176060142769411,0.9875992555224574,False
Immunoglobulin kappa variable 1-27,Eryt,time1,20,17,-0.08173667765286062,"[-0.52, 0.39]",0.7393973618068944,0.9728363041843875,False
Immunoglobulin kappa variable 2-30,Eryt,time1,20,17,0.09806129946758431,"[-0.37, 0.53]",0.6896089483540879,0.9648380336571762,False
Protein-glutamine gamma-glutamyltransferase E,Eryt,time1,20,17,0.27405098007772855,"[-0.21, 0.65]",0.2562206354615778,0.9052412167881767,False
Periostin,Eryt,time1,20,17,0.33476710105026297,"[-0.14, 0.68]",0.16122520003202498,0.867816664987516,False
Albumin,Eryt,time1,20,17,0.21147510243089218,"[-0.27, 0.61]",0.3847874513109396,0.931256717265325,False
Complement factor B,Eryt,time1,20,17,0.20902989789607182,"[-0.27, 0.61]",0.3904345825859452,0.931256717265325,False
Probable non-functional immunoglobulinn kappa variable 1-37;Probable non-functional immunoglobulinn kappa variable 1D-37,Eryt,time1,20,17,0.3480635282328011,"[-0.13, 0.69]",0.14420882810593277,0.8558309360858758,False
Immunoglobulin lambda variable 8-61,Eryt,time1,20,17,-0.12252601258540478,"[-0.55, 0.35]",0.6172790910488666,0.9621706909906743,False
Annexin A1,Eryt,time1,20,17,0.014838377179951297,"[-0.44, 0.47]",0.9519239370421517,0.9989122224583239,False
CD5 antigen-like,Eryt,time1,20,17,-0.3167624981547173,"[-0.67, 0.16]",0.18639054081480266,0.878412326765734,False
RB-associated KRAB zinc finger protein,Eryt,time1,20,17,0.3847111471152298,"[-0.08, 0.71]",0.10386874357247271,0.828669719073285,False
Immunoglobulin lambda variable 7-46,Eryt,time1,20,17,-0.19637533424307466,"[-0.60, 0.28]",0.4203812198780337,0.9324135167651676,False
Basement membrane-specific heparan sulfate proteoglycan core protein,Eryt,time1,20,17,0.1494982325270479,"[-0.33, 0.57]",0.5412944295817053,0.9550458416046101,False
Vitamin K-dependent protein C,Eryt,time1,20,17,0.20273646183457414,"[-0.28, 0.60]",0.4051776145571542,0.9318821411825824,False
Immunoglobulin lambda variable 1-40,Eryt,time1,20,17,0.0030880534280521266,"[-0.45, 0.46]",0.9899894956477611,0.9989126836088675,False
Pantetheinase,Eryt,time1,20,17,-0.06706450935999875,"[-0.51, 0.40]",0.7850158727902125,0.9809449094133241,False
Neutrophil defensin 1;Neutrophil defensin 3,Eryt,time1,20,17,-0.28280564538643344,"[-0.65, 0.20]",0.2407256161328464,0.8982115991698657,False
Immunoglobulin lambda variable 2-8,Eryt,time1,20,17,-0.09485943758174638,"[-0.53, 0.38]",0.6992857697404231,0.9648380336571762,False
Immunoglobulin heavy variable 1-18,Eryt,time1,20,17,0.2827265612280904,"[-0.20, 0.65]",0.24086284109375655,0.8982115991698657,False
Immunoglobulin kappa variable 3D-15,Eryt,time1,20,17,-0.3270091335717168,"[-0.68, 0.15]",0.17176524860703368,0.867816664987516,False
Extracellular matrix protein 1,Eryt,time1,20,17,-0.23544059854084412,"[-0.62, 0.24]",0.3318855488544443,0.9236478900056884,False
Tubulin alpha-1B chain,Eryt,time1,20,17,0.2572474463510391,"[-0.22, 0.64]",0.28768420130776323,0.9177310147446764,False
Immunoglobulin lambda variable 5-45,Eryt,time1,20,17,-0.392055164128226,"[-0.72, 0.08]",0.09688395034154733,0.8179364288014818,False
Alpha-2-HS-glycoprotein,Eryt,time1,20,17,0.052854459400966086,"[-0.41, 0.50]",0.8298484252859741,0.9906439255230137,False
Cartilage acidic protein 1,Eryt,time1,20,17,0.31388808559495746,"[-0.16, 0.67]",0.1906388157539612,0.8786430972185097,False
Coagulation factor IX,Eryt,time1,20,17,-0.3290722373127703,"[-0.68, 0.15]",0.16891776654193424,0.867816664987516,False
Integrin alpha-2,Eryt,time1,20,17,0.07422730090736791,"[-0.39, 0.51]",0.7626516497663546,0.9745063647413549,False
"Mannosyl-oligosaccharide 1,2-alpha-mannosidase IA",Eryt,time1,20,17,0.11243238287914763,"[-0.36, 0.54]",0.6467598679404539,0.9623162852441542,False
Endophilin-A3,Eryt,time1,20,17,-0.27222434406455076,"[-0.65, 0.21]",0.2595311085508827,0.908120932246165,False
Collagen alpha-1(I) chain,Eryt,time1,20,17,-0.1277069027924232,"[-0.55, 0.35]",0.6023584337027128,0.9621706909906743,False
Carboxypeptidase N subunit 2,Eryt,time1,20,17,-0.37606800326710854,"[-0.71, 0.09]",0.11254604289152856,0.8290414311110669,False
Scavenger receptor cysteine-rich type 1 protein M130,Eryt,time1,20,17,0.5292935467906681,"[0.10, 0.79]",0.019785021440400216,0.780717100347183,False
Annexin A5,Eryt,time1,20,17,0.31156553645820173,"[-0.17, 0.67]",0.19411838322623212,0.8856322443397338,False
Platelet factor 4,Eryt,time1,20,17,-0.2835058134501998,"[-0.65, 0.20]",0.23951288306942142,0.8982115991698657,False
Immunoglobulin heavy variable 3-72,Eryt,time1,20,17,0.2089947701108413,"[-0.27, 0.61]",0.3905160409338251,0.931256717265325,False
Protein HEG homolog 1,Eryt,time1,20,17,-0.29527355132535715,"[-0.66, 0.18]",0.2197158568486403,0.8982115991698657,False
Sulfhydryl oxidase 1,Eryt,time1,20,17,0.3125249670820799,"[-0.17, 0.67]",0.19267590142600224,0.8808484840195031,False
Corticosteroid-binding globulin,Eryt,time1,20,17,0.09640106320685293,"[-0.37, 0.53]",0.6946209467624926,0.9648380336571762,False
Angiopoietin-related protein 6,Eryt,time1,20,17,0.399036282798801,"[-0.07, 0.72]",0.09056659811007761,0.8154186244354011,False
72 kDa type IV collagenase,Eryt,time1,20,17,-0.029087993078682806,"[-0.48, 0.43]",0.905902701442531,0.997559861248858,False
Trypsin-3,Eryt,time1,20,17,-0.01129448891504011,"[-0.46, 0.45]",0.9633975968540991,0.9989122224583239,False
Complement component C9,Eryt,time1,20,17,0.00574253524900889,"[-0.45, 0.46]",0.9813855858102061,0.9989122224583239,False
Pyruvate kinase PKM,Eryt,time1,20,17,0.14306403033400375,"[-0.33, 0.56]",0.559028693654686,0.9574313225752206,False
Immunoglobulin heavy variable 4-34,Eryt,time1,20,17,0.028641769242134154,"[-0.43, 0.48]",0.9073402391401726,0.997559861248858,False
Immunoglobulin kappa variable 6D-21,Eryt,time1,20,17,-0.2797982078442816,"[-0.65, 0.20]",0.24597929029858207,0.8982115991698657,False
Immunoglobulin lambda-1 light chain,Eryt,time1,20,17,0.11783265876801391,"[-0.36, 0.54]",0.630920924805408,0.9621706909906743,False
Transforming growth factor-beta-induced protein ig-h3,Eryt,time1,20,17,0.2257782319916798,"[-0.25, 0.62]",0.35267586294122266,0.9275759271483885,False
Complement C1q subcomponent subunit A,Eryt,time1,20,17,-0.3259307508504443,"[-0.68, 0.15]",0.17326653167258585,0.867816664987516,False
Prolow-density lipoprotein receptor-related protein 1,Eryt,time1,20,17,-0.05239290199420647,"[-0.49, 0.41]",0.8313138875246379,0.9906439255230137,False
Immunoglobulin heavy constant mu,Eryt,time1,20,17,-0.41896051483212793,"[-0.73, 0.04]",0.07419409106301258,0.7963212415647299,False
UV-stimulated scaffold protein A,Eryt,time1,20,17,-0.020418129816435593,"[-0.47, 0.44]",0.933878156090211,0.9989122224583239,False
Complement component C6,Eryt,time1,20,17,0.20849177427423302,"[-0.27, 0.61]",0.39168347405190873,0.931256717265325,False
Angiotensinogen,Eryt,time1,20,17,-0.29238231328066494,"[-0.66, 0.19]",0.2244776317279316,0.8982115991698657,False
Pregnancy zone protein,Eryt,time1,20,17,-0.561648748265777,"[-0.81, -0.14]",0.012334071327982483,0.7677137594604839,False
Histone H2A type 1-B/E;Histone H2A type 3;Histone H2A type 1-C,Eryt,time1,20,17,-0.03593165114250963,"[-0.48, 0.43]",0.8838930618503307,0.995958470840817,False
Desmocollin-1,Eryt,time1,20,17,0.2164795977593214,"[-0.26, 0.61]",0.37337230585315195,0.9300516392509022,False
Protein Z-dependent protease inhibitor,Eryt,time1,20,17,-0.18998751651031637,"[-0.59, 0.29]",0.4359496960041228,0.9360268564138758,False
Immunoglobulin kappa variable 1-17,Eryt,time1,20,17,0.13584332505088423,"[-0.34, 0.56]",0.579230135602817,0.9585981157899655,False
Fibronectin,Eryt,time1,20,17,-0.37009141442714155,"[-0.71, 0.10]",0.11884194355495038,0.82930740714926,False
Probable non-functional immunoglobulin heavy variable 3-38,Eryt,time1,20,17,-0.05125027351958354,"[-0.49, 0.41]",0.8349440601833406,0.9906439255230137,False
Nucleoside diphosphate kinase 3,Eryt,time1,20,17,0.4107051435419337,"[-0.05, 0.73]",0.08068707394468513,0.8104760370286881,False
Plasma protease C1 inhibitor,Eryt,time1,20,17,-0.17290138096895366,"[-0.58, 0.31]",0.4790361407344714,0.9441315029090682,False
Immunoglobulin kappa variable 1-16,Eryt,time1,20,17,-0.02910220661145291,"[-0.48, 0.43]",0.9058569162477563,0.997559861248858,False
F-actin-capping protein subunit alpha-1,Eryt,time1,20,17,0.6192014138847548,"[0.23, 0.84]",0.0046985800073364005,0.7385516510769441,False
Cathepsin D,Eryt,time1,20,17,0.1837076792347972,"[-0.30, 0.59]",0.45154435220306455,0.9361498868301301,False
Anthrax toxin receptor 2,Eryt,time1,20,17,-0.041108175898841776,"[-0.49, 0.42]",0.8672981069596122,0.9948150501067204,False
Talin-1,Eryt,time1,20,17,0.3761737509557504,"[-0.09, 0.71]",0.11243684099824171,0.8290414311110669,False
Protein disulfide-isomerase,Eryt,time1,20,17,0.6931931656724444,"[0.35, 0.87]",0.0009992888602901066,0.5177587784035962,False
Junction plakoglobin,Eryt,time1,20,17,0.014107472664417605,"[-0.44, 0.47]",0.9542896370021706,0.9989122224583239,False
Tenascin,Eryt,time1,20,17,-0.4058965884786934,"[-0.73, 0.06]",0.08465698710300255,0.8154186244354011,False
Cadherin-related family member 5,Eryt,time1,20,17,0.04747199146357681,"[-0.42, 0.49]",0.8469701980647408,0.991249088174675,False
Kininogen-1,Eryt,time1,20,17,0.13629055613736551,"[-0.34, 0.56]",0.5779699237434803,0.9585981157899655,False
Alpha-1-antichymotrypsin,Eryt,time1,20,17,0.34945367970817104,"[-0.12, 0.69]",0.14250503910576068,0.8558309360858758,False
Integrin alpha-IIb,Eryt,time1,20,17,0.29329222456550597,"[-0.19, 0.66]",0.22297187497948548,0.8982115991698657,False
Serum amyloid P-component,Eryt,time1,20,17,0.17900118672975288,"[-0.30, 0.59]",0.46341696714642955,0.9399490057022261,False
Inter-alpha-trypsin inhibitor heavy chain H1,Eryt,time1,20,17,-0.1506449053534293,"[-0.57, 0.33]",0.5381609638093056,0.954665480182609,False
Probable non-functional immunoglobulin heavy variable 3-35,Eryt,time1,20,17,-0.07199857589307064,"[-0.51, 0.40]",0.7695919557185565,0.9750590716290142,False
Immunoglobulin kappa variable 1-5,Eryt,time1,20,17,-0.06520929281418451,"[-0.50, 0.40]",0.7908355199904675,0.9812443166838123,False
Band 3 anion transport protein,Eryt,time1,20,17,-0.5010721586670377,"[-0.78, -0.06]",0.028858394174459994,0.780717100347183,False
Immunoglobulin lambda variable 7-43,Eryt,time1,20,17,-0.09985515904236807,"[-0.53, 0.37]",0.6842074405684209,0.9648380336571762,False
Peroxiredoxin-1,Eryt,time1,20,17,0.36696257710158237,"[-0.10, 0.70]",0.12223607674886951,0.8313974029708804,False
Matrix metalloproteinase-9,Eryt,time1,20,17,0.03030494127911918,"[-0.43, 0.48]",0.9019836635123424,0.997559861248858,False
Multimerin-2,Eryt,time1,20,17,-0.03992405682501098,"[-0.49, 0.42]",0.8710897306463162,0.9952750807277061,False
Immunoglobulin heavy variable 1-3,Eryt,time1,20,17,-0.49979270697770234,"[-0.78, -0.06]",0.029335799731560985,0.780717100347183,False
Podocalyxin,Eryt,time1,20,17,0.061868487902848504,"[-0.40, 0.50]",0.8013419011530265,0.9840896993583559,False
Immunoglobulin lambda variable 1-51,Eryt,time1,20,17,0.08273237134421994,"[-0.39, 0.52]",0.7363297156033678,0.9726254030743583,False
Cadherin-13,Eryt,time1,20,17,0.3890947319345691,"[-0.08, 0.72]",0.09965727470953968,0.8236696927292213,False
Plastin-2,Eryt,time1,20,17,0.4614002234855833,"[0.01, 0.76]",0.04675775720685118,0.780717100347183,False
Inter-alpha-trypsin inhibitor heavy chain H4,Eryt,time1,20,17,-0.06530767078618754,"[-0.50, 0.40]",0.7905266481086325,0.9812443166838123,False
Fructose-bisphosphate aldolase B,Eryt,time1,20,17,0.11374330126658697,"[-0.36, 0.54]",0.6429012469320703,0.9621706909906743,False
Mannan-binding lectin serine protease 2,Eryt,time1,20,17,-0.00365093943539262,"[-0.46, 0.45]",0.9881649073189809,0.9989122224583239,False
Platelet glycoprotein 4,Eryt,time1,20,17,0.11099733360628258,"[-0.36, 0.54]",0.6509937758324204,0.9627206746105794,False
Hemoglobin subunit alpha,Eryt,time1,20,17,-0.2519765597539949,"[-0.63, 0.23]",0.29802021630947917,0.9201596224796115,False
Immunoglobulin lambda variable 3-10,Eryt,time1,20,17,-0.3076001489903891,"[-0.67, 0.17]",0.20015652158371608,0.892789897490977,False
Serum paraoxonase/lactonase 3,Eryt,time1,20,17,-0.024347038289229597,"[-0.47, 0.43]",0.9211894584648204,0.9985978450260947,False
Dopamine beta-hydroxylase,Eryt,time1,20,17,-0.027053930619027517,"[-0.48, 0.43]",0.912457767242236,0.9984547618799509,False
Triosephosphate isomerase,Eryt,time1,20,17,0.26946889844160066,"[-0.21, 0.64]",0.26457555656038784,0.9141363765406115,False
Endoplasmic reticulum chaperone BiP,Eryt,time1,20,17,0.2455700773182245,"[-0.23, 0.63]",0.3108822330709054,0.9236478900056884,False
Suprabasin,Eryt,time1,20,17,0.22597870251088487,"[-0.25, 0.62]",0.3522370734154069,0.9273537283887798,False
Immunoglobulin kappa variable 3-20,Eryt,time1,20,17,-0.01106552478385357,"[-0.46, 0.45]",0.9641391491650306,0.9989122224583239,False
Ficolin-1,Eryt,time1,20,17,-0.7278296051290203,"[-0.89, -0.41]",0.0004118134408924198,0.5177587784035962,False
Autotaxin,Eryt,time1,20,17,-0.15305104815836662,"[-0.57, 0.32]",0.5316128188122542,0.9546563406817988,False
Histidine ammonia-lyase,Eryt,time1,20,17,0.10161790636289648,"[-0.37, 0.53]",0.6789138747778716,0.9648380336571762,False
Noelin,Eryt,time1,20,17,-0.07882395111170352,"[-0.51, 0.39]",0.7483927245271589,0.9738797723547303,False
Prenylcysteine oxidase 1,Eryt,time1,20,17,-0.298037776636934,"[-0.66, 0.18]",0.21522529746303534,0.8982115991698657,False
Immunoglobulin delta heavy chain,Eryt,time1,20,17,0.10012408894547463,"[-0.37, 0.53]",0.683398919443428,0.9648380336571762,False
Antithrombin-III,Eryt,time1,20,17,0.002585386604506935,"[-0.45, 0.46]",0.9916189246785394,0.998994958440865,False
Complement component C7,Eryt,time1,20,17,0.32594130212232286,"[-0.15, 0.68]",0.17325179959583356,0.867816664987516,False
BOS complex subunit NOMO3;BOS complex subunit NOMO1;BOS complex subunit NOMO2,Eryt,time1,20,17,0.4734099043356446,"[0.02, 0.76]",0.0406265254284188,0.780717100347183,False
Cofilin-1,Eryt,time1,20,17,0.13807052142182202,"[-0.34, 0.56]",0.5729659789095845,0.9577130190205156,False
Histone H4,Eryt,time1,20,17,0.12976720407764591,"[-0.34, 0.55]",0.5964662466621073,0.961962834437533,False
Serum amyloid A-1 protein,Eryt,time1,20,17,-0.4630740455166289,"[-0.76, -0.01]",0.045863303492119964,0.780717100347183,False
Transferrin receptor protein 1,Eryt,time1,20,17,-0.31660704999312483,"[-0.67, 0.16]",0.18661864798458622,0.878412326765734,False
Serpin B12,Eryt,time1,20,17,0.2082002678638759,"[-0.27, 0.61]",0.3923609283004912,0.931256717265325,False
Immunoglobulin kappa variable 3D-20,Eryt,time1,20,17,-0.26024875268289427,"[-0.64, 0.22]",0.2818982268396138,0.9170614304794888,False
Probable non-functional immunoglobulin heavy variable 3-16,Eryt,time1,20,17,0.4028779723487058,"[-0.06, 0.72]",0.08722132550660232,0.8154186244354011,False
Immunoglobulin lambda variable 6-57,Eryt,time1,20,17,0.5665232937705332,"[0.15, 0.81]",0.011440304369295684,0.7497716344476072,False
Fibrinogen alpha chain,Eryt,time1,20,17,-0.39116830766475713,"[-0.72, 0.08]",0.09770880420432686,0.8179364288014818,False
Galectin-3-binding protein,Eryt,time1,20,17,-0.18966713248828046,"[-0.59, 0.29]",0.4367383995919807,0.9360268564138758,False
Macrophage colony-stimulating factor 1 receptor,Eryt,time1,20,17,0.5277229427942562,"[0.10, 0.79]",0.020221452972203666,0.780717100347183,False
Phosphatidylinositol-glycan-specific phospholipase D,Eryt,time1,20,17,0.1406806819360466,"[-0.33, 0.56]",0.5656621331745961,0.9574313225752206,False
Serotransferrin,Eryt,time1,20,17,-0.0678083570447059,"[-0.51, 0.40]",0.78268553499974,0.9798483719442739,False
Integrin alpha-11,Eryt,time1,20,17,-0.0028979522869644254,"[-0.46, 0.45]",0.99060571742501,0.9989126836088675,False
Proprotein convertase subtilisin/kexin type 9,Eryt,time1,20,17,-0.291372685046068,"[-0.66, 0.19]",0.22615611115322623,0.8982115991698657,False
Gelsolin,Eryt,time1,20,17,0.4109990060924045,"[-0.05, 0.73]",0.08044899578899975,0.8104760370286881,False
Proteoglycan 4,Eryt,time1,20,17,-0.020982208073971595,"[-0.47, 0.44]",0.9320554158660861,0.9989122224583239,False
Vascular cell adhesion protein 1,Eryt,time1,20,17,-0.06534252735470461,"[-0.50, 0.40]",0.7904172180366529,0.9812443166838123,False
Adhesion G protein-coupled receptor F5,Eryt,time1,20,17,0.1406806819360466,"[-0.33, 0.56]",0.5656621331745961,0.9574313225752206,False
Insulin-like growth factor-binding protein 3,Eryt,time1,20,17,-0.21925908085527973,"[-0.61, 0.26]",0.3671156130842048,0.9285871908420641,False
Transthyretin,Eryt,time1,20,17,0.2839411497655111,"[-0.20, 0.65]",0.2387608310080234,0.8982115991698657,False
Coiled-coil domain-containing protein 126,Eryt,time1,20,17,-0.08250971743835583,"[-0.52, 0.39]",0.7370153634217422,0.9728363041843875,False
Guanine nucleotide-binding protein G(i) subunit alpha-2,Eryt,time1,20,17,0.5568530739826776,"[0.14, 0.81]",0.01326728600990688,0.7677137594604839,False
Apolipoprotein C-I,Eryt,time1,20,17,-0.2669661455424803,"[-0.64, 0.21]",0.26921021422795366,0.916480836706628,False
Syntenin-1,Eryt,time1,20,17,-0.34082106722129035,"[-0.69, 0.13]",0.1533148350020007,0.8644305987562886,False
Phospholipid transfer protein,Eryt,time1,20,17,0.12308999468527736,"[-0.35, 0.55]",0.6156477380034481,0.9621706909906743,False
Laminin subunit beta-1,Eryt,time1,20,17,0.0847438109760738,"[-0.38, 0.52]",0.7301443228126123,0.9699742787661942,False
Proline-rich protein 4,Eryt,time1,20,17,-0.12450699446829809,"[-0.55, 0.35]",0.611556599746194,0.9621706909906743,False
Immunoglobulin kappa variable 2-28;Immunoglobulin kappa variable 2D-28,Eryt,time1,20,17,0.20640571782291242,"[-0.27, 0.60]",0.39654561470133687,0.931256717265325,False
Complement C3,Eryt,time1,20,17,0.2550337433752983,"[-0.23, 0.64]",0.29199809116417136,0.9177310147446764,False
Thyroxine-binding globulin,Eryt,time1,20,17,0.13201016099243182,"[-0.34, 0.55]",0.5900789683946996,0.9610066239456336,False
Immunoglobulin kappa variable 1D-13;Immunoglobulin kappa variable 1-13,Eryt,time1,20,17,-0.11613398769344539,"[-0.54, 0.36]",0.635886929306828,0.9621706909906743,False
Complement factor H-related protein 5,Eryt,time1,20,17,0.2047314787309352,"[-0.28, 0.60]",0.40047171253976355,0.931256717265325,False
Immunoglobulin lambda variable 2-23,Eryt,time1,20,17,-0.16277524088473602,"[-0.57, 0.31]",0.5055294287872223,0.9520708301626678,False
Coagulation factor VII,Eryt,time1,20,17,-0.18415818209486998,"[-0.59, 0.29]",0.4504161779595607,0.9361498868301301,False
Immunoglobulin heavy constant gamma 4,Eryt,time1,20,17,0.4688694454925815,"[0.02, 0.76]",0.042867115722796396,0.780717100347183,False
L-lactate dehydrogenase B chain,Eryt,time1,20,17,0.3733591341982005,"[-0.10, 0.71]",0.11536933817814245,0.8290414311110669,False
Zinc-alpha-2-glycoprotein,Eryt,time1,20,17,0.40013318802207987,"[-0.07, 0.72]",0.08960202955761033,0.8154186244354011,False
"Dihydrolipoyllysine-residue succinyltransferase component of 2-oxoglutarate dehydrogenase complex, mitochondrial",Eryt,time1,20,17,0.17421768089927417,"[-0.30, 0.58]",0.475643707346489,0.9428366763148328,False
Serpin B3,Eryt,time1,20,17,0.09069040922940208,"[-0.38, 0.52]",0.7119522334223334,0.9656789320774398,False
Immunoglobulin heavy variable 3-33,Eryt,time1,20,17,0.00745608337012813,"[-0.45, 0.46]",0.9758324901125868,0.9989122224583239,False
Follistatin-related protein 1,Eryt,time1,20,17,-0.18425377862847167,"[-0.59, 0.29]",0.45017696654202155,0.9361498868301301,False
Cholesteryl ester transfer protein,Eryt,time1,20,17,0.2307389238479491,"[-0.25, 0.62]",0.34191037119645284,0.926595760949047,False
Complement C1q subcomponent subunit C,Eryt,time1,20,17,-0.4806856092683769,"[-0.77, -0.03]",0.03722531515269743,0.780717100347183,False
Immunoglobulin heavy variable 4-30-2,Eryt,time1,20,17,-0.18900796879472953,"[-0.59, 0.29]",0.4383634379942325,0.9361498868301301,False
Thrombospondin-4,Eryt,time1,20,17,-0.15018120245568609,"[-0.57, 0.33]",0.5394271090131908,0.954665480182609,False
Transketolase,Eryt,time1,20,17,0.04220679642032631,"[-0.42, 0.49]",0.863782732456587,0.9941217641720209,False
Complement receptor type 2,Eryt,time1,20,17,-0.25474116498170646,"[-0.64, 0.23]",0.2925711822526452,0.9177310147446764,False
Immunoglobulin kappa variable 2-40;Immunoglobulin kappa variable 2D-40,Eryt,time1,20,17,0.5762192914634271,"[0.17, 0.82]",0.009817465792535991,0.7385516510769441,False
Immunoglobulin kappa variable 3D-7,Eryt,time1,20,17,-0.27143822404314516,"[-0.65, 0.21]",0.260964060971504,0.9086514925450402,False
Immunoglobulin heavy variable 3-64,Eryt,time1,20,17,-0.03612389191746378,"[-0.48, 0.43]",0.8832759037959449,0.995958470840817,False
Vitronectin,Eryt,time1,20,17,0.022598093163518553,"[-0.44, 0.47]",0.9268357301918921,0.9989122224583239,False
Complement component C8 gamma chain,Eryt,time1,20,17,0.3920267682153432,"[-0.08, 0.72]",0.0969102824014945,0.8179364288014818,False
Immunoglobulin heavy variable 5-51,Eryt,time1,20,17,-0.3586723692603706,"[-0.70, 0.11]",0.13156065954182258,0.847666490299985,False
Coagulation factor V,Eryt,time1,20,17,0.4175660389019078,"[-0.05, 0.73]",0.07526269972078987,0.8006619587990506,False
Protein S100-A7,Eryt,time1,20,17,0.07646564082074284,"[-0.39, 0.51]",0.7556988115748399,0.9745063647413549,False
Arginase-1,Eryt,time1,20,17,0.00894984142321578,"[-0.45, 0.46]",0.9709925277901069,0.9989122224583239,False
Protein-glutamine gamma-glutamyltransferase K,Eryt,time1,20,17,0.24654808469793105,"[-0.23, 0.63]",0.30889754064330566,0.9236478900056884,False
Immunoglobulin kappa variable 4-1,Eryt,time1,20,17,-0.16011423065971234,"[-0.57, 0.32]",0.5126056851740894,0.9529295397056773,False
Coagulation factor XIII B chain,Eryt,time1,20,17,0.3574620614110288,"[-0.12, 0.70]",0.1329626947978902,0.847666490299985,False
Apolipoprotein C-II,Eryt,time1,20,17,-0.14723612364923822,"[-0.56, 0.33]",0.5475001573717073,0.9551466476013153,False
Bone marrow proteoglycan,Eryt,time1,20,17,0.12298490407137501,"[-0.35, 0.55]",0.6159515885924729,0.9621706909906743,False
Apolipoprotein A-I,Eryt,time1,20,17,-0.2349150614905298,"[-0.62, 0.25]",0.33299743290300865,0.9236478900056884,False
Coagulation factor X,Eryt,time1,20,17,0.1488723268368875,"[-0.33, 0.56]",0.5430083008626488,0.9550458416046101,False
Thioredoxin,Eryt,time1,20,17,0.0078319286486185,"[-0.45, 0.46]",0.97461462205394,0.9989122224583239,False
Immunoglobulin heavy variable 3-15,Eryt,time1,20,17,-0.1408338927089963,"[-0.56, 0.33]",0.5652346794305514,0.9574313225752206,False
Proteasome subunit beta type-2,Eryt,time1,20,17,0.09083737648387923,"[-0.38, 0.52]",0.7115044605428769,0.9656789320774398,False
Apolipoprotein A-II,Eryt,time1,20,17,-0.23097353361317152,"[-0.62, 0.25]",0.3414060130957678,0.926595760949047,False
Immunoglobulin heavy constant gamma 2,Eryt,time1,20,17,0.4521849567668562,"[-0.00, 0.75]",0.051922939992216754,0.780717100347183,False
Plakophilin-1,Eryt,time1,20,17,-0.08392883229588669,"[-0.52, 0.38]",0.7326485719667055,0.9719346028497398,False
Fetuin-B,Eryt,time1,20,17,-0.026010476636220616,"[-0.47, 0.43]",0.915822578975698,0.9985551599450393,False
Complement factor H-related protein 3,Eryt,time1,20,17,0.1607730161145686,"[-0.32, 0.57]",0.5108494617656549,0.9529295397056773,False
Plasminogen,Eryt,time1,20,17,0.20923572914358876,"[-0.27, 0.61]",0.38995746597343905,0.931256717265325,False
Fermitin family homolog 3,Eryt,time1,20,17,0.28895317713609603,"[-0.19, 0.66]",0.2302115060717081,0.8982115991698657,False
Immunoglobulin heavy variable 3-21,Eryt,time1,20,17,-0.01018873025763514,"[-0.46, 0.45]",0.9669791028130124,0.9989122224583239,False
Immunoglobulin heavy variable 2-26,Eryt,time1,20,17,-0.23225079997531856,"[-0.62, 0.25]",0.3386677748375565,0.9259394217442571,False
Immunoglobulin kappa variable 1-12;Immunoglobulin kappa variable 1D-12,Eryt,time1,20,17,0.13589362180906533,"[-0.34, 0.56]",0.5790883504623499,0.9585981157899655,False
Immunoglobulin heavy constant gamma 3,Eryt,time1,20,17,-0.0908621428938251,"[-0.52, 0.38]",0.7114290123138791,0.9656789320774398,False
Immunoglobulin kappa variable 2D-29,Eryt,time1,20,17,0.07988163164778643,"[-0.39, 0.52]",0.7451226271393474,0.9738797723547303,False
Neogenin,Eryt,time1,20,17,0.1010704775858744,"[-0.37, 0.53]",0.6805562880440283,0.9648380336571762,False
Immunoglobulin heavy variable 6-1,Eryt,time1,20,17,-0.17041667631633947,"[-0.58, 0.31]",0.4854723941153949,0.9447457823105017,False
L-selectin,Eryt,time1,20,17,0.5044226253202384,"[0.07, 0.78]",0.02763695019559823,0.780717100347183,False
Immunoglobulin lambda constant 3,Eryt,time1,20,17,0.07663100573081984,"[-0.39, 0.51]",0.7551858526010855,0.9745063647413549,False
A disintegrin and metalloproteinase with thrombospondin motifs 13,Eryt,time1,20,17,0.31623185025771516,"[-0.16, 0.67]",0.18716999363819142,0.878412326765734,False
von Willebrand factor,Eryt,time1,20,17,-0.5155628269604475,"[-0.79, -0.08]",0.023864118721034902,0.780717100347183,False
Neutral alpha-glucosidase AB,Eryt,time1,20,17,-0.1703426424533802,"[-0.58, 0.31]",0.48566481760803915,0.9447457823105017,False
Carbonic anhydrase 1,Eryt,time1,20,17,0.21126614709290673,"[-0.27, 0.61]",0.3852682462424524,0.931256717265325,False
Immunoglobulin lambda variable 4-60,Eryt,time1,20,17,-0.08919583785548732,"[-0.52, 0.38]",0.7165109270408296,0.9656789320774398,False
Integrin beta-1,Eryt,time1,20,17,0.3452468607444099,"[-0.13, 0.69]",0.14770433678521316,0.8564170936386176,False
Immunoglobulin lambda variable 3-12,Eryt,time1,20,17,0.1467800825737272,"[-0.33, 0.56]",0.548755091307181,0.955355942311933,False
Alpha-amylase 1B;Alpha-amylase 1C;Alpha-amylase 1A,Eryt,time1,20,17,0.23418336828712438,"[-0.25, 0.62]",0.33454911623011285,0.9236478900056884,False
Lumican,Eryt,time1,20,17,0.3770120699529619,"[-0.09, 0.71]",0.1115738215936842,0.8290414311110669,False
Beta-Ala-His dipeptidase,Eryt,time1,20,17,0.028277199842089026,"[-0.43, 0.48]",0.908514926957348,0.997559861248858,False
Immunoglobulin alpha-2 heavy chain,Eryt,time1,20,17,-0.12352926810952228,"[-0.55, 0.35]",0.6143783064808308,0.9621706909906743,False
Complement C5,Eryt,time1,20,17,0.16386105353006444,"[-0.31, 0.58]",0.5026554895410564,0.9517580475604865,False
Protein S100-A8,Eryt,time1,20,17,0.23914826091688596,"[-0.24, 0.63]",0.3241032909512612,0.9236478900056884,False
Immunoglobulin lambda variable 3-25,Eryt,time1,20,17,-0.2617125280274182,"[-0.64, 0.22]",0.27910254553792985,0.9170614304794888,False
Leukocyte immunoglobulin-like receptor subfamily B member 3;Leukocyte immunoglobulin-like receptor subfamily A member 6,Eryt,time1,20,17,0.09433390053143165,"[-0.38, 0.53]",0.7008783684337694,0.9648380336571762,False
Collagen alpha-3(VI) chain,Eryt,time1,20,17,0.13963210674967302,"[-0.34, 0.56]",0.568591407577917,0.9575202748664524,False
Immunoglobulin kappa variable 1-39;Immunoglobulin kappa variable 1D-39,Eryt,time1,20,17,-0.029087993078682806,"[-0.48, 0.43]",0.905902701442531,0.997559861248858,False
Bleomycin hydrolase,Eryt,time1,20,17,0.14015407627084162,"[-0.34, 0.56]",0.5671324227458652,0.9575202748664524,False
CD166 antigen,Eryt,time1,20,17,0.09796894055663917,"[-0.37, 0.53]",0.6898874431878371,0.9648380336571762,False
Beta-2-microglobulin,Eryt,time1,20,17,0.39552817657634404,"[-0.07, 0.72]",0.09370238059135816,0.8154186244354011,False
Amino acid transporter heavy chain SLC3A2,Eryt,time1,20,17,0.12155924222630016,"[-0.35, 0.55]",0.6200795262368657,0.9621706909906743,False
Haptoglobin-related protein,Eryt,time1,20,17,-0.28787578878727155,"[-0.66, 0.19]",0.23203235569392533,0.8982115991698657,False
Alpha-1-acid glycoprotein 1,Eryt,time1,20,17,0.4101931047542503,"[-0.05, 0.73]",0.08110315205182217,0.8104760370286881,False
Serum paraoxonase/arylesterase 1,Eryt,time1,20,17,0.12514388386975944,"[-0.35, 0.55]",0.6097213547307199,0.9621706909906743,False
Target of Nesh-SH3,Eryt,time1,20,17,0.164485524008457,"[-0.31, 0.58]",0.5010061980300451,0.9510272672558543,False
Intercellular adhesion molecule 1,Eryt,time1,20,17,0.2828481257071513,"[-0.20, 0.65]",0.24065192593957915,0.8982115991698657,False
Complement C4-A,Eryt,time1,20,17,0.09959580121372905,"[-0.37, 0.53]",0.6849874955216003,0.9648380336571762,False
Coagulation factor XIII A chain,Eryt,time1,20,17,-0.43318667422013923,"[-0.74, 0.03]",0.06392619078870652,0.7845863525077257,False
Immunoglobulin mu heavy chain,Eryt,time1,20,17,-0.38874466881334097,"[-0.72, 0.08]",0.0999889732614359,0.8236696927292213,False
Oncoprotein-induced transcript 3 protein,Eryt,time1,20,17,0.23821353905589832,"[-0.24, 0.62]",0.32605497764646685,0.9236478900056884,False
Peroxiredoxin-2,Eryt,time1,20,17,0.13516162724675862,"[-0.34, 0.56]",0.5811532809084174,0.9599322538236903,False
Tissue factor pathway inhibitor,Eryt,time1,20,17,-0.16540961185251704,"[-0.58, 0.31]",0.4985703760536532,0.9501333903816576,False
Progranulin,Eryt,time1,20,17,0.06144789507377428,"[-0.40, 0.50]",0.8026669646505964,0.9840896993583559,False
Histone H2B type 1-K;Histone H2B type F-S,Eryt,time1,20,17,0.01701636804656682,"[-0.44, 0.47]",0.9448768460389898,0.9989122224583239,False
Hemoglobin subunit delta,Eryt,time1,20,17,-0.04750729793067614,"[-0.49, 0.42]",0.8468576646234149,0.991249088174675,False
Glutathione S-transferase P,Eryt,time1,20,17,0.06843925067159,"[-0.40, 0.51]",0.7807104484348844,0.9793458448277255,False
Annexin A6,Eryt,time1,20,17,-0.1713545387603663,"[-0.58, 0.31]",0.4830380194738422,0.9447457823105017,False
Complement factor H-related protein 1,Eryt,time1,20,17,0.25426439540560886,"[-0.23, 0.64]",0.29350652860403365,0.9187605568166123,False
Protein KPLCE,Eryt,time1,20,17,0.28847281271854136,"[-0.19, 0.66]",0.23102220661801048,0.8982115991698657,False
Immunoglobulin heavy variable 4-4,Eryt,time1,20,17,-0.03633434817463516,"[-0.48, 0.42]",0.8826003416870101,0.995958470840817,False
Alpha-1B-glycoprotein,Eryt,time1,20,17,0.07482619770239296,"[-0.39, 0.51]",0.7607895983458572,0.9745063647413549,False
Properdin,Eryt,time1,20,17,0.3275243549764787,"[-0.15, 0.68]",0.17105110792517655,0.867816664987516,False
Immunoglobulin heavy variable 3-53,Eryt,time1,20,17,-0.2387387905303011,"[-0.63, 0.24]",0.3249574071534783,0.9236478900056884,False
Calmodulin-like protein 5,Eryt,time1,20,17,0.1031160056257072,"[-0.37, 0.53]",0.6744263257906982,0.9648380336571762,False
Carboxypeptidase B2,Eryt,time1,20,17,0.3567941774968609,"[-0.12, 0.70]",0.1337408607206437,0.847666490299985,False
"Sushi, nidogen and EGF-like domain-containing protein 1",Eryt,time1,20,17,0.2862572672948985,"[-0.19, 0.66]",0.2347851585873573,0.8982115991698657,False
Proteasome subunit alpha type-5,Eryt,time1,20,17,0.20023548370632693,"[-0.28, 0.60]",0.4111191680673172,0.9324135167651676,False
Bifunctional heparan sulfate N-deacetylase/N-sulfotransferase 4,Eryt,time1,20,17,-0.22023496987207414,"[-0.61, 0.26]",0.36493302967439234,0.9285871908420641,False
Immunoglobulin heavy variable 3-9,Eryt,time1,20,17,0.1938565814234406,"[-0.29, 0.60]",0.42648419227011436,0.9325197868425932,False
Neural cell adhesion molecule L1-like protein,Eryt,time1,20,17,0.19253481133032804,"[-0.29, 0.59]",0.4297055304255134,0.9341945835044614,False
Proteasome subunit alpha type-2,Eryt,time1,20,17,0.13433032412026752,"[-0.34, 0.55]",0.583502144892039,0.9599322538236903,False
Intercellular adhesion molecule 3,Eryt,time1,20,17,-0.10370553796791396,"[-0.53, 0.37]",0.6726632556832715,0.9648380336571762,False
Receptor-type tyrosine-protein phosphatase eta,Eryt,time1,20,17,-0.29711204547936204,"[-0.66, 0.18]",0.21672242868203706,0.8982115991698657,False
ADAMTS-like protein 4,Eryt,time1,20,17,0.24063583047049072,"[-0.24, 0.63]",0.3210115557535199,0.9236478900056884,False
Immunoglobulin lambda variable 3-21,Eryt,time1,20,17,0.05895001316020615,"[-0.41, 0.50]",0.8105469698982153,0.9853512016964315,False
Cartilage oligomeric matrix protein,Eryt,time1,20,17,0.051371707645825694,"[-0.41, 0.49]",0.8345581063937535,0.9906439255230137,False
Neural cell adhesion molecule 1,Eryt,time1,20,17,0.180373236858747,"[-0.30, 0.59]",0.45993961367888336,0.9389370304503143,False
Immunoglobulin lambda variable 2-11,Eryt,time1,20,17,-0.2678174211815239,"[-0.64, 0.21]",0.2676281585795281,0.9158755914645343,False
Immunoglobulin kappa variable 1D-33;Immunoglobulin kappa variable 1-33,Eryt,time1,20,17,0.19628907729445588,"[-0.28, 0.60]",0.42058944747676374,0.9324135167651676,False
Beta-2-glycoprotein 1,Eryt,time1,20,17,0.22256127849891413,"[-0.26, 0.61]",0.35976001707702965,0.9285871908420641,False
Vitamin D-binding protein,Eryt,time1,20,17,0.08595780577042637,"[-0.38, 0.52]",0.7264188351146861,0.9682573349536114,False
Filamin-A,Eryt,time1,20,17,0.5730912486893402,"[0.16, 0.82]",0.010319258961142913,0.7385516510769441,False
Reelin,Eryt,time1,20,17,-0.279798790566376,"[-0.65, 0.20]",0.24597826533099656,0.8982115991698657,False
Immunoglobulin lambda variable 5-39,Eryt,time1,20,17,-0.32863447581336497,"[-0.68, 0.15]",0.16951925556412514,0.867816664987516,False
Fatty acid-binding protein 5,Eryt,time1,20,17,0.30295747644432947,"[-0.18, 0.67]",0.20738264662854541,0.8943978861972101,False
"HLA class I histocompatibility antigen, A alpha chain",Eryt,time1,20,17,0.5900514797101816,"[0.19, 0.82]",0.007829226165931775,0.7385516510769441,False
Low affinity immunoglobulin gamma Fc region receptor III-A,Eryt,time1,20,17,-0.10822889357090022,"[-0.54, 0.36]",0.65919053873958,0.9630236411946936,False
Heat shock 70 kDa protein 1A;Heat shock 70 kDa protein 1B,Eryt,time1,20,17,0.22670530461304608,"[-0.25, 0.62]",0.3506493210117382,0.9267160626738794,False
Apolipoprotein D,Eryt,time1,20,17,-0.45299257091116396,"[-0.75, 0.00]",0.05145368504960513,0.780717100347183,False
Plexin-B1,Eryt,time1,20,17,0.373059629580088,"[-0.10, 0.71]",0.11568456954848105,0.8290414311110669,False
Immunoglobulin heavy variable 1-58,Eryt,time1,20,17,-0.19170666441149584,"[-0.59, 0.29]",0.4317303627867145,0.9343133512273196,False
Apolipoprotein C-IV,Eryt,time1,20,17,-0.3318414592807687,"[-0.68, 0.14]",0.16514651149691062,0.867816664987516,False
Monocyte differentiation antigen CD14,Eryt,time1,20,17,0.37459574016598396,"[-0.10, 0.71]",0.1140742919070451,0.8290414311110669,False
Protein MENT,Eryt,time1,20,17,-0.21498086439956773,"[-0.61, 0.27]",0.3767707162931574,0.9300516392509022,False
Immunoglobulin epsilon heavy chain,Eryt,time1,20,17,0.17329330951136435,"[-0.30, 0.58]",0.47802479031297074,0.9440213373121634,False
Complement factor H,Eryt,time1,20,17,-0.05644389957107816,"[-0.50, 0.41]",0.8184705141144979,0.987962927756981,False
Stabilin-1,Eryt,time1,20,17,0.1686476159790636,"[-0.31, 0.58]",0.49008064417046215,0.9474363328117412,False
Macrophage receptor MARCO,Eryt,time1,20,17,0.207573987017505,"[-0.27, 0.60]",0.39381857163365586,0.931256717265325,False
Protein POF1B,Eryt,time1,20,17,0.5567188755207313,"[0.14, 0.81]",0.013294191884826148,0.7677137594604839,False
Phosphatidylcholine-sterol acyltransferase,Eryt,time1,20,17,0.2966656649024702,"[-0.18, 0.66]",0.21744676016346037,0.8982115991698657,False
Clusterin,Eryt,time1,20,17,-0.10466716460421314,"[-0.53, 0.37]",0.6697909004711495,0.9648380336571762,False
Platelet-activating factor acetylhydrolase,Eryt,time1,20,17,0.06750212612841043,"[-0.40, 0.51]",0.7836446866811811,0.9803908274000915,False
Vasorin,Eryt,time1,20,17,0.2825104444245472,"[-0.20, 0.65]",0.24123809703957874,0.8982115991698657,False
Myeloperoxidase,Eryt,time1,20,17,-0.1041146608189871,"[-0.53, 0.37]",0.6714406824766106,0.9648380336571762,False
Immunoglobulin lambda variable 5-52,Eryt,time1,20,17,0.3245033164562245,"[-0.15, 0.68]",0.17526741331686163,0.867816664987516,False
Carboxypeptidase N catalytic chain,Eryt,time1,20,17,-0.37681006507541337,"[-0.71, 0.09]",0.111781342969302,0.8290414311110669,False
Fibrinogen gamma chain,Eryt,time1,20,17,-0.19915542263004177,"[-0.60, 0.28]",0.4136995078537977,0.9324135167651676,False
Soluble scavenger receptor cysteine-rich domain-containing protein SSC5D,Eryt,time1,20,17,0.04570970340935815,"[-0.42, 0.49]",0.8525907563045447,0.9928150111527771,False
Tetranectin,Eryt,time1,20,17,0.16199422028902394,"[-0.32, 0.57]",0.5076014896060237,0.9521459598740973,False
Apolipoprotein(a),Eryt,time1,20,17,0.21079530799255802,"[-0.27, 0.61]",0.3863528432275751,0.931256717265325,False
Alpha-2-antiplasmin,Eryt,time1,20,17,0.04806990685653368,"[-0.42, 0.49]",0.8450648273101888,0.9911962572654407,False
Retroviral-like aspartic protease 1,Eryt,time1,20,17,0.06677917052806642,"[-0.40, 0.51]",0.7859102528056402,0.9809449094133241,False
Ficolin-3,Eryt,time1,20,17,-0.1457228074112896,"[-0.56, 0.33]",0.5516694526529293,0.9568680316140749,False
Immunoglobulin kappa variable 2-24,Eryt,time1,20,17,0.2004653692393663,"[-0.28, 0.60]",0.4105710787349741,0.9319993199855614,False
Immunoglobulin superfamily containing leucine-rich repeat protein,Eryt,time1,20,17,-0.006463466511267202,"[-0.46, 0.45]",0.9790491497419027,0.9989122224583239,False
Complement factor D,Eryt,time1,20,17,0.49975258291559743,"[0.06, 0.78]",0.029350870413156576,0.780717100347183,False
Vitamin K-dependent protein Z,Eryt,time1,20,17,0.10878616941507763,"[-0.36, 0.54]",0.6575375339830203,0.9630236411946936,False
EGF-containing fibulin-like extracellular matrix protein 1,Eryt,time1,20,17,-0.0035209708562597987,"[-0.46, 0.45]",0.9885861942513527,0.9989122224583239,False
Dipeptidase 2,Eryt,time1,20,17,0.444686495975182,"[-0.01, 0.75]",0.056436427121447884,0.780717100347183,False
Myeloblastin,Eryt,time1,20,17,-0.3520663977175287,"[-0.70, 0.12]",0.13934092862783073,0.855728425641406,False
Neurogenic locus notch homolog protein 1,Eryt,time1,20,17,-0.01884724795693752,"[-0.47, 0.44]",0.9389558750024987,0.9989122224583239,False
Vitamin K-dependent protein S,Eryt,time1,20,17,0.025129663942584327,"[-0.43, 0.47]",0.9186639929379294,0.9985551599450393,False
Dermcidin,Eryt,time1,20,17,-0.20507610510393734,"[-0.60, 0.27]",0.39966183304731595,0.931256717265325,False
Immunoglobulin heavy variable 3-73,Eryt,time1,20,17,-0.19775772005889608,"[-0.60, 0.28]",0.41705160198456814,0.9324135167651676,False
Alpha-2-macroglobulin,Eryt,time1,20,17,-0.37276544029435843,"[-0.71, 0.10]",0.11599480456316831,0.8291287868992757,False
Cation-independent mannose-6-phosphate receptor,Eryt,time1,20,17,-0.10023309140735069,"[-0.53, 0.37]",0.683071304165122,0.9648380336571762,False
Chromodomain-helicase-DNA-binding protein 1;Chromodomain-helicase-DNA-binding protein 2;Chromodomain-helicase-DNA-binding protein 9;Chromodomain-helicase-DNA-binding protein 6;Chromodomain-helicase-DNA-binding protein 8;Chromodomain-helicase-DNA-binding protein 7,Eryt,time1,20,17,0.09003426429116065,"[-0.38, 0.52]",0.7139524441452718,0.9656789320774398,False
Ceruloplasmin,Eryt,time1,20,17,0.0734125539604851,"[-0.39, 0.51]",0.7651868120674399,0.9746109310501495,False
Prostaglandin-H2 D-isomerase,Eryt,time1,20,17,0.5151581108229638,"[0.08, 0.79]",0.023993670438055358,0.780717100347183,False
Protein S100-A9,Eryt,time1,20,17,0.24858989078238578,"[-0.23, 0.63]",0.3047786501072766,0.9236478900056884,False
Immunoglobulin J chain,Eryt,time1,20,17,-0.2941370890219655,"[-0.66, 0.18]",0.22157965203534113,0.8982115991698657,False
Probable non-functional immunoglobulin kappa variable 3-7,Hb,time1,20,17,0.3769818339052052,"[-0.09, 0.71]",0.11160486577115894,0.8290414311110669,False
Apolipoprotein A-IV,Hb,time1,20,17,-0.1914426762784822,"[-0.59, 0.29]",0.43237687199477715,0.9343955399375984,False
Coagulation factor XII,Hb,time1,20,17,-0.037411724949490424,"[-0.48, 0.42]",0.8791431996418141,0.995958470840817,False
Mannan-binding lectin serine protease 1,Hb,time1,20,17,-0.17065512019165524,"[-0.58, 0.31]",0.48485290288808747,0.9447457823105017,False
Complement factor I,Hb,time1,20,17,0.1536008956665005,"[-0.32, 0.57]",0.5301216183316896,0.9537373705171246,False
Platelet glycoprotein Ib alpha chain,Hb,time1,20,17,-0.5049990141039662,"[-0.78, -0.07]",0.027430964729263183,0.780717100347183,False
Hepatocyte growth factor-like protein,Hb,time1,20,17,0.33921079250748903,"[-0.14, 0.69]",0.15539217529389626,0.8664842517941643,False
Profilin-1,Hb,time1,20,17,0.42292751478514734,"[-0.04, 0.74]",0.07121568121624207,0.7963212415647299,False
Peptidase inhibitor 16,Hb,time1,20,17,-0.2360162068432475,"[-0.62, 0.24]",0.3306702330338702,0.9236478900056884,False
Cell surface glycoprotein MUC18,Hb,time1,20,17,-0.23260630276905206,"[-0.62, 0.25]",0.33790792331716835,0.9246127410068312,False
Adhesion G-protein coupled receptor G6,Hb,time1,20,17,0.007762148232718928,"[-0.45, 0.46]",0.9748407306299006,0.9989122224583239,False
Immunoglobulin heavy variable 1-69,Hb,time1,20,17,0.08896533482535483,"[-0.38, 0.52]",0.7172148221387733,0.9656789320774398,False
Insulin-like growth factor-binding protein complex acid labile subunit,Hb,time1,20,17,-0.0,"[-0.45, 0.45]",1.0,1.0,False
Plasma serine protease inhibitor,Hb,time1,20,17,0.3465118020859749,"[-0.13, 0.69]",0.1461273348022716,0.8561338509729858,False
Immunoglobulin heavy variable 1-69D,Hb,time1,20,17,-0.03322850583709146,"[-0.48, 0.43]",0.8925776994768084,0.997559861248858,False
Pancreatic adenocarcinoma up-regulated factor,Hb,time1,20,17,-0.11815178280615417,"[-0.54, 0.36]",0.6299896561583058,0.9621706909906743,False
Immunoglobulin heavy variable 3-64D,Hb,time1,20,17,-0.2041320954782315,"[-0.60, 0.28]",0.4018824081058242,0.931256717265325,False
Neutrophil gelatinase-associated lipocalin,Hb,time1,20,17,0.4638188958446752,"[0.01, 0.76]",0.045469503918431735,0.780717100347183,False
Lysosome-associated membrane glycoprotein 2,Hb,time1,20,17,0.08969806305025857,"[-0.38, 0.52]",0.7149780229030449,0.9656789320774398,False
Corneodesmosin,Hb,time1,20,17,0.29837604602965095,"[-0.18, 0.66]",0.2146799268304642,0.8982115991698657,False
Collagen alpha-1(XVIII) chain,Hb,time1,20,17,0.18292989706840662,"[-0.30, 0.59]",0.4534955299282395,0.9362868049217405,False
Lipopolysaccharide-binding protein,Hb,time1,20,17,-0.03558613393014188,"[-0.48, 0.43]",0.885002449966469,0.995958470840817,False
Immunoglobulin heavy variable 3-49,Hb,time1,20,17,-0.2799104942389869,"[-0.65, 0.20]",0.24578183657773978,0.8982115991698657,False
SPARC-like protein 1,Hb,time1,20,17,-0.0957235879517185,"[-0.53, 0.37]",0.6966696443925273,0.9648380336571762,False
Ras-associated and pleckstrin homology domains-containing protein 1,Hb,time1,20,17,-0.18672806711846798,"[-0.59, 0.29]",0.44400835915505,0.9361498868301301,False
Alpha-1-acid glycoprotein 2,Hb,time1,20,17,0.2602128277465879,"[-0.22, 0.64]",0.2819670564078864,0.9170614304794888,False
Immunoglobulin heavy variable 3-20,Hb,time1,20,17,-0.24995764561255585,"[-0.63, 0.23]",0.3020381250352181,0.9236478900056884,False
Neurogenic locus notch homolog protein 2,Hb,time1,20,17,0.017299245437777937,"[-0.44, 0.47]",0.9439618468875806,0.9989122224583239,False
Apolipoprotein B-100,Hb,time1,20,17,-0.10160908822668498,"[-0.53, 0.37]",0.6789403202796185,0.9648380336571762,False
CD44 antigen,Hb,time1,20,17,0.19546727403550138,"[-0.28, 0.60]",0.422576069270857,0.9324135167651676,False
Pigment epithelium-derived factor,Hb,time1,20,17,0.37362387382278983,"[-0.10, 0.71]",0.1150912083638522,0.8290414311110669,False
Xaa-Pro dipeptidase,Hb,time1,20,17,0.2605070693874239,"[-0.22, 0.64]",0.2814036156707471,0.9170614304794888,False
Immunoglobulin heavy constant delta,Hb,time1,20,17,0.01120804587018728,"[-0.45, 0.46]",0.9636775589274691,0.9989122224583239,False
Probable non-functional immunoglobulin heavy variable 3-38-3,Hb,time1,20,17,-0.3558813762700754,"[-0.70, 0.12]",0.1348095514546003,0.8499184771125022,False
Immunoglobulin lambda constant 7,Hb,time1,20,17,-0.31924831082867383,"[-0.68, 0.16]",0.18276822177131818,0.8781742060801173,False
Receptor-type tyrosine-protein phosphatase gamma,Hb,time1,20,17,-0.1113902633066668,"[-0.54, 0.36]",0.6498334686869713,0.9627206746105794,False
Afamin,Hb,time1,20,17,0.04236825527688794,"[-0.42, 0.49]",0.8632663000293069,0.9941217641720209,False
Pyruvate kinase PKLR,Hb,time1,20,17,-0.09253660934931746,"[-0.52, 0.38]",0.7063339167378355,0.9656789320774398,False
Insulin-like growth factor 2,Hb,time1,20,17,-0.32550931488899654,"[-0.68, 0.15]",0.17385565157751603,0.867816664987516,False
CD109 antigen,Hb,time1,20,17,-0.28835895988264026,"[-0.66, 0.19]",0.23121462330003031,0.8982115991698657,False
ADP-ribosyl cyclase/cyclic ADP-ribose hydrolase 2,Hb,time1,20,17,-0.11626490657350635,"[-0.54, 0.36]",0.635503659750383,0.9621706909906743,False
Dedicator of cytokinesis protein 4,Hb,time1,20,17,0.4366019551384477,"[-0.02, 0.74]",0.061628255424218424,0.7842048818024371,False
Complement factor H-related protein 2,Hb,time1,20,17,0.3320859998984189,"[-0.14, 0.68]",0.164816274417899,0.867816664987516,False
Selenoprotein P,Hb,time1,20,17,-0.037998009169659126,"[-0.48, 0.42]",0.8772627760458929,0.995958470840817,False
Adipocyte plasma membrane-associated protein,Hb,time1,20,17,-0.11666425289131685,"[-0.54, 0.36]",0.6343351078353388,0.9621706909906743,False
Immunoglobulin heavy constant alpha 2,Hb,time1,20,17,-0.02220994630924512,"[-0.47, 0.44]",0.9280892817549713,0.9989122224583239,False
Lactotransferrin,Hb,time1,20,17,0.2074025705315503,"[-0.27, 0.60]",0.3942180550219946,0.931256717265325,False
Alpha-enolase,Hb,time1,20,17,0.47109668177826675,"[0.02, 0.76]",0.04175648922698659,0.780717100347183,False
Immunoglobulin heavy constant gamma 1,Hb,time1,20,17,0.3969222630669682,"[-0.07, 0.72]",0.0924469275712683,0.8154186244354011,False
Collectin-10,Hb,time1,20,17,-0.12943771123708203,"[-0.55, 0.35]",0.5974069487346239,0.961962834437533,False
Lysosome-associated membrane glycoprotein 1,Hb,time1,20,17,0.14191682570503947,"[-0.33, 0.56]",0.5622173574555359,0.9574313225752206,False
Cathelicidin antimicrobial peptide,Hb,time1,20,17,-0.3549285996836298,"[-0.70, 0.12]",0.1359314226091721,0.8499184771125022,False
Fibroblast growth factor-binding protein 2,Hb,time1,20,17,-0.38241945255893417,"[-0.71, 0.09]",0.10612086011392094,0.828669719073285,False
Lymphatic vessel endothelial hyaluronic acid receptor 1,Hb,time1,20,17,-0.08896601407708365,"[-0.52, 0.38]",0.7172127475632912,0.9656789320774398,False
Haptoglobin,Hb,time1,20,17,0.076553283499273,"[-0.39, 0.51]",0.7554269333612373,0.9745063647413549,False
Tenascin-X,Hb,time1,20,17,-0.07552771178681016,"[-0.51, 0.39]",0.7586100966815863,0.9745063647413549,False
Zinc finger protein 512B,Hb,time1,20,17,0.02879242801124605,"[-0.43, 0.48]",0.9068548515379724,0.997559861248858,False
Immunoglobulin lambda variable 3-19,Hb,time1,20,17,0.10945721519788834,"[-0.36, 0.54]",0.6555490805220631,0.962819680584099,False
Complement C1q subcomponent subunit B,Hb,time1,20,17,-0.34217436471290313,"[-0.69, 0.13]",0.15158390557666956,0.864326199569271,False
Ubiquitin-ribosomal protein eS31 fusion protein,Hb,time1,20,17,0.3563901923216393,"[-0.12, 0.70]",0.13421310238366574,0.8489324354008556,False
Kinesin-like protein KIF21A,Hb,time1,20,17,-0.544242440363272,"[-0.80, -0.12]",0.01599357456952157,0.7725125015513618,False
Attractin,Hb,time1,20,17,-0.21836961803929333,"[-0.61, 0.26]",0.3691113249740886,0.9288457607854298,False
Immunoglobulin lambda variable 1-44,Hb,time1,20,17,0.14828651801527093,"[-0.33, 0.56]",0.5446145989730136,0.9550458416046101,False
Immunoglobulin heavy variable 1-46,Hb,time1,20,17,-0.4752286532915503,"[-0.76, -0.03]",0.03975474033968934,0.780717100347183,False
Fibulin-1,Hb,time1,20,17,-0.11005054857404857,"[-0.54, 0.36]",0.6537927513483367,0.9627206746105794,False
Secreted phosphoprotein 24,Hb,time1,20,17,0.15144530273374948,"[-0.33, 0.57]",0.5359786649020852,0.954665480182609,False
Scavenger receptor class B member 1,Hb,time1,20,17,0.08061471489326989,"[-0.39, 0.52]",0.7428585502928827,0.9728363041843875,False
Immunoglobulin lambda variable 2-18,Hb,time1,20,17,-0.25272682228246096,"[-0.63, 0.23]",0.29653540178097765,0.9197855145380048,False
Collagen alpha-2(VI) chain,Hb,time1,20,17,-0.2426302639039487,"[-0.63, 0.24]",0.3168939401486745,0.9236478900056884,False
Adiponectin,Hb,time1,20,17,-0.32965398538958984,"[-0.68, 0.15]",0.1681206909966354,0.867816664987516,False
Nidogen-1,Hb,time1,20,17,-0.010152150799177738,"[-0.46, 0.45]",0.9670975928518597,0.9989122224583239,False
Alpha-1-antitrypsin,Hb,time1,20,17,-0.07906669829652263,"[-0.51, 0.39]",0.7476418418930996,0.9738797723547303,False
"Sushi, von Willebrand factor type A, EGF and pentraxin domain-containing protein 1",Hb,time1,20,17,-0.18888327515754844,"[-0.59, 0.29]",0.4386712003762724,0.9361498868301301,False
Complement C1s subcomponent,Hb,time1,20,17,-0.39100473378991996,"[-0.72, 0.08]",0.09786149696171925,0.8179364288014818,False
Alpha-actinin-4,Hb,time1,20,17,0.3087482000696415,"[-0.17, 0.67]",0.19839571999859024,0.8906645189803378,False
Complement component C1q receptor,Hb,time1,20,17,-0.06695225599667774,"[-0.51, 0.40]",0.7853676945235204,0.9809449094133241,False
Inter-alpha-trypsin inhibitor heavy chain H3,Hb,time1,20,17,-0.3047987361434134,"[-0.67, 0.17]",0.2044965290076374,0.8937375538491094,False
Immunoglobulin kappa variable 1D-8,Hb,time1,20,17,-0.032813455716528814,"[-0.48, 0.43]",0.8939122298274265,0.997559861248858,False
Low-density lipoprotein receptor,Hb,time1,20,17,-0.06079802336679606,"[-0.50, 0.40]",0.8047153763825633,0.9840896993583559,False
Prolactin-inducible protein,Hb,time1,20,17,0.06542052265379623,"[-0.40, 0.50]",0.7901723701525738,0.9812443166838123,False
Hyaluronan-binding protein 2,Hb,time1,20,17,-0.020074516242907535,"[-0.47, 0.44]",0.9349886504014184,0.9989122224583239,False
N-acetylmuramoyl-L-alanine amidase,Hb,time1,20,17,0.5386583407103908,"[0.11, 0.80]",0.01733527745563133,0.7725125015513618,False
Serpin A11,Hb,time1,20,17,-0.11014839838115154,"[-0.54, 0.36]",0.6535032726032372,0.9627206746105794,False
C4b-binding protein alpha chain,Hb,time1,20,17,0.03040174724481607,"[-0.43, 0.48]",0.9016720033495513,0.997559861248858,False
Inter-alpha-trypsin inhibitor heavy chain H2,Hb,time1,20,17,-0.2336350315265754,"[-0.62, 0.25]",0.33571473012763164,0.9236478900056884,False
Fibrillin-1,Hb,time1,20,17,-0.0744276971071942,"[-0.51, 0.39]",0.7620284512832112,0.9745063647413549,False
Golgi-associated RAB2 interactor protein 1B,Hb,time1,20,17,-0.4672227940779103,"[-0.76, -0.02]",0.04370269618586973,0.780717100347183,False
Neurogenic locus notch homolog protein 3,Hb,time1,20,17,0.2391710873248986,"[-0.24, 0.63]",0.32405571636253216,0.9236478900056884,False
Immunoglobulin heavy constant alpha 1,Hb,time1,20,17,0.055161813429175685,"[-0.41, 0.50]",0.822530641360905,0.9893405922598658,False
Apolipoprotein C-III,Hb,time1,20,17,-0.4901527715976598,"[-0.77, -0.05]",0.03313396491843109,0.780717100347183,False
Glutathione peroxidase 3,Hb,time1,20,17,0.2220180704375217,"[-0.26, 0.61]",0.3609641869184683,0.9285871908420641,False
Contactin-1,Hb,time1,20,17,0.340654972278503,"[-0.13, 0.69]",0.15352821445092385,0.8644305987562886,False
Stomatin,Hb,time1,20,17,-0.07732147548941891,"[-0.51, 0.39]",0.7530450897087269,0.9744732876369235,False
Immunoglobulin heavy variable 3-13,Hb,time1,20,17,-0.029236473322998835,"[-0.48, 0.43]",0.9054244250457155,0.997559861248858,False
Immunoglobulin heavy variable 1-69-2,Hb,time1,20,17,0.13911767726904273,"[-0.34, 0.56]",0.5700309094307878,0.9575202748664524,False
Apolipoprotein E,Hb,time1,20,17,-0.3576321905074178,"[-0.70, 0.12]",0.13276498347490856,0.847666490299985,False
Mucosal addressin cell adhesion molecule 1,Hb,time1,20,17,-0.13470556616461773,"[-0.55, 0.34]",0.58244139315999,0.9599322538236903,False
Protein S100-A11,Hb,time1,20,17,0.23585962613457645,"[-0.24, 0.62]",0.3310005717993072,0.9236478900056884,False
Complement factor H-related protein 4,Hb,time1,20,17,0.20539961222557993,"[-0.27, 0.60]",0.39890239935176497,0.931256717265325,False
Immunoglobulin kappa variable 1D-16,Hb,time1,20,17,-0.0390988613655776,"[-0.48, 0.42]",0.873733655898236,0.9957221930646,False
Immunoglobulin lambda variable 1-47,Hb,time1,20,17,-0.12192166970984206,"[-0.55, 0.35]",0.6190290963750973,0.9621706909906743,False
Fructose-bisphosphate aldolase A,Hb,time1,20,17,0.2442366179075047,"[-0.24, 0.63]",0.31360053421163225,0.9236478900056884,False
Thrombospondin-1,Hb,time1,20,17,-0.29524819382916134,"[-0.66, 0.18]",0.21975733124820404,0.8982115991698657,False
Aminopeptidase N,Hb,time1,20,17,0.02076781614818209,"[-0.44, 0.47]",0.9327481558083994,0.9989122224583239,False
Apolipoprotein M,Hb,time1,20,17,-0.11325799733244643,"[-0.54, 0.36]",0.6443287004929892,0.9623162852441542,False
Immunoglobulin heavy variable 3-43,Hb,time1,20,17,-0.044226545288749794,"[-0.49, 0.42]",0.8573263583914987,0.9928150111527771,False
Cysteine-rich secretory protein 3,Hb,time1,20,17,0.4711431080913663,"[0.02, 0.76]",0.04173357604266605,0.780717100347183,False
Complement component C8 alpha chain,Hb,time1,20,17,0.2637009511825637,"[-0.22, 0.64]",0.27533237499746416,0.9170614304794888,False
Immunoglobulin heavy variable 2-70D,Hb,time1,20,17,-0.183701390030646,"[-0.59, 0.30]",0.4515601122466324,0.9361498868301301,False
Immunoglobulin heavy variable 3-23,Hb,time1,20,17,-0.46445104686064775,"[-0.76, -0.01]",0.04513732147766663,0.780717100347183,False
Plasma kallikrein,Hb,time1,20,17,-0.5545960514139515,"[-0.81, -0.13]",0.013725654353307118,0.7677137594604839,False
Galectin-7,Hb,time1,20,17,0.32301079692319173,"[-0.15, 0.68]",0.17737620966845083,0.870591396433927,False
Extracellular superoxide dismutase [Cu-Zn],Hb,time1,20,17,-0.10113033390540663,"[-0.53, 0.37]",0.6803766380040843,0.9648380336571762,False
Immunoglobulin heavy variable 1-8,Hb,time1,20,17,-0.4506917883880018,"[-0.75, 0.00]",0.052799077455862715,0.780717100347183,False
Cystatin-C,Hb,time1,20,17,0.04513882402749262,"[-0.42, 0.49]",0.8544129646408298,0.9928150111527771,False
Immunoglobulin lambda-like polypeptide 1,Hb,time1,20,17,0.14231551205615575,"[-0.33, 0.56]",0.561108301238269,0.9574313225752206,False
Inhibin beta C chain,Hb,time1,20,17,0.15026048368368905,"[-0.33, 0.57]",0.5392105348312966,0.954665480182609,False
Mannose-binding protein C,Hb,time1,20,17,0.028846795600300536,"[-0.43, 0.48]",0.9066796995316293,0.997559861248858,False
IgGFc-binding protein,Hb,time1,20,17,0.09926507995212752,"[-0.37, 0.53]",0.6859826288002977,0.9648380336571762,False
Macrophage mannose receptor 1,Hb,time1,20,17,0.24287768361999593,"[-0.24, 0.63]",0.3163853334994227,0.9236478900056884,False
Aromatase,Hb,time1,20,17,0.3337232357237194,"[-0.14, 0.68]",0.16261691703556352,0.867816664987516,False
Cadherin-5,Hb,time1,20,17,0.312645028978099,"[-0.16, 0.67]",0.1924958962382771,0.8808484840195031,False
Immunoglobulin kappa variable 1-8,Hb,time1,20,17,-0.16315709206372614,"[-0.57, 0.31]",0.5045178462714368,0.9520263061157588,False
Retinol-binding protein 4,Hb,time1,20,17,0.016614252918545746,"[-0.44, 0.47]",0.9461776467146634,0.9989122224583239,False
Complement component C8 beta chain,Hb,time1,20,17,0.18345877344212727,"[-0.30, 0.59]",0.45216829806096237,0.9362868049217405,False
Tumor necrosis factor receptor superfamily member 1B,Hb,time1,20,17,-0.035851504360248726,"[-0.48, 0.43]",0.884150379121684,0.995958470840817,False
Formin-2,Hb,time1,20,17,0.0251042826546052,"[-0.43, 0.47]",0.9187458845960146,0.9985551599450393,False
Scavenger receptor cysteine-rich domain-containing protein DMBT1,Hb,time1,20,17,0.21491260974634288,"[-0.27, 0.61]",0.37692589655693054,0.9300516392509022,False
Apolipoprotein L1,Hb,time1,20,17,-0.3521404724276703,"[-0.70, 0.12]",0.13925194329684612,0.855728425641406,False
Leucine-rich alpha-2-glycoprotein,Hb,time1,20,17,-0.07995841657686145,"[-0.52, 0.39]",0.7448853880267616,0.9738797723547303,False
Immunoglobulin heavy variable 1-2,Hb,time1,20,17,0.15523739487996774,"[-0.32, 0.57]",0.5256948503110586,0.9529295397056773,False
Ras-related protein Rab-10,Hb,time1,20,17,0.07238797315605829,"[-0.39, 0.51]",0.7683781370141982,0.9750590716290142,False
Immunoglobulin heavy variable 1-24,Hb,time1,20,17,0.07302160061447807,"[-0.39, 0.51]",0.7664041141989767,0.9750590716290142,False
Annexin A3,Hb,time1,20,17,0.025550854481124475,"[-0.43, 0.47]",0.9173051544272919,0.9985551599450393,False
Hemoglobin subunit beta,Hb,time1,20,17,0.09129862112672413,"[-0.38, 0.52]",0.7100997498741717,0.9656789320774398,False
Immunoglobulin lambda variable 4-69,Hb,time1,20,17,-0.25801925280246496,"[-0.64, 0.22]",0.28618939940884097,0.9177310147446764,False
Elongation factor 2,Hb,time1,20,17,0.35169588645338656,"[-0.12, 0.69]",0.13978661742511728,0.8558309360858758,False
Multiple inositol polyphosphate phosphatase 1,Hb,time1,20,17,0.2408550467551135,"[-0.24, 0.63]",0.32055742590867936,0.9236478900056884,False
Collagen alpha-1(VI) chain,Hb,time1,20,17,0.08982882437033132,"[-0.38, 0.52]",0.7145790810377513,0.9656789320774398,False
Hepatocyte growth factor activator,Hb,time1,20,17,0.24688489205492084,"[-0.23, 0.63]",0.30821581550951277,0.9236478900056884,False
Fibrinogen beta chain,Hb,time1,20,17,-0.19530316431280137,"[-0.60, 0.28]",0.42297338428187015,0.9324135167651676,False
Hemicentin-1,Hb,time1,20,17,0.3586170178793714,"[-0.11, 0.70]",0.13162455123359243,0.847666490299985,False
C-type mannose receptor 2,Hb,time1,20,17,-0.02836246262493954,"[-0.48, 0.43]",0.908240183324334,0.997559861248858,False
Platelet glycoprotein Ib beta chain,Hb,time1,20,17,0.15816180280370434,"[-0.32, 0.57]",0.5178272996742854,0.9529295397056773,False
Complement C2,Hb,time1,20,17,-0.024876394492366814,"[-0.47, 0.43]",0.919481191157068,0.9985551599450393,False
Annexin A2,Hb,time1,20,17,0.28192538380499926,"[-0.20, 0.65]",0.24225584631402675,0.8982115991698657,False
Protein disulfide-isomerase A3,Hb,time1,20,17,0.42159892376890706,"[-0.04, 0.74]",0.07220309423955933,0.7963212415647299,False
Dipeptidyl peptidase 4,Hb,time1,20,17,-0.37361509698162304,"[-0.71, 0.10]",0.11510042144426252,0.8290414311110669,False
Proteasome subunit alpha type-4,Hb,time1,20,17,0.2106201437065424,"[-0.27, 0.61]",0.3867567729473873,0.931256717265325,False
Coagulation factor XI,Hb,time1,20,17,0.09867309746512067,"[-0.37, 0.53]",0.6877651267420906,0.9648380336571762,False
Collectin-11,Hb,time1,20,17,-0.43889318126491605,"[-0.74, 0.02]",0.0601217940173921,0.780717100347183,False
High mobility group protein B1,Hb,time1,20,17,-0.07505340055106059,"[-0.51, 0.39]",0.7600835225719524,0.9745063647413549,False
Immunoglobulin lambda variable 3-16,Hb,time1,20,17,-0.12614377170500168,"[-0.55, 0.35]",0.6068445996966516,0.9621706909906743,False
Prothrombin,Hb,time1,20,17,-0.230031633454698,"[-0.62, 0.25]",0.3434335045265362,0.926595760949047,False
Immunoglobulin kappa joining 1,Hb,time1,20,17,-0.028438898010785793,"[-0.48, 0.43]",0.9079938928318424,0.997559861248858,False
Immunoglobulin heavy variable 3-7,Hb,time1,20,17,-0.16290500625359183,"[-0.57, 0.31]",0.5051855515627213,0.9520708301626678,False
Immunoglobulin heavy variable 3-74,Hb,time1,20,17,-0.4146036409238313,"[-0.73, 0.05]",0.0775706292934427,0.8085910456185831,False
Ezrin,Hb,time1,20,17,0.23701929141302971,"[-0.24, 0.62]",0.3285586228928138,0.9236478900056884,False
Intercellular adhesion molecule 2,Hb,time1,20,17,0.009011583381994044,"[-0.45, 0.46]",0.9707924959204468,0.9989122224583239,False
Lysozyme C,Hb,time1,20,17,0.35621081080025035,"[-0.12, 0.70]",0.13442316676378088,0.8491609802882745,False
Protein AMBP,Hb,time1,20,17,-0.05638512714964229,"[-0.50, 0.41]",0.8186565394838067,0.987962927756981,False
Prolyl endopeptidase FAP,Hb,time1,20,17,-0.09873227884000023,"[-0.53, 0.37]",0.6875868566340901,0.9648380336571762,False
"Actin, cytoplasmic 2",Hb,time1,20,17,0.5667893848877402,"[0.15, 0.81]",0.011393059087902472,0.7497716344476072,False
Kallistatin,Hb,time1,20,17,-0.06109588179116076,"[-0.50, 0.40]",0.8037763671936776,0.9840896993583559,False
Hemopexin,Hb,time1,20,17,0.18502158711115155,"[-0.29, 0.59]",0.4482580518467858,0.9361498868301301,False
C4b-binding protein beta chain,Hb,time1,20,17,-0.24225945021673526,"[-0.63, 0.24]",0.31765711237597705,0.9236478900056884,False
Peptidyl-prolyl cis-trans isomerase A,Hb,time1,20,17,0.3276208772362443,"[-0.15, 0.68]",0.1709175448018713,0.867816664987516,False
Complement C1r subcomponent-like protein,Hb,time1,20,17,-0.5428411129357199,"[-0.80, -0.12]",0.016322214383167576,0.7725125015513618,False
Immunoglobulin heavy variable 3-30;Immunoglobulin heavy variable 3-30-5,Hb,time1,20,17,-0.22869034643838249,"[-0.62, 0.25]",0.34633272480900923,0.926595760949047,False
Immunoglobulin lambda variable 3-9,Hb,time1,20,17,0.14465176842581406,"[-0.33, 0.56]",0.5546287781498848,0.9571984418476326,False
Immunoglobulin heavy variable 1-45,Hb,time1,20,17,-0.13025073055811529,"[-0.55, 0.34]",0.5950868895590122,0.961962834437533,False
Hemoglobin subunit gamma-1,Hb,time1,20,17,0.1428969875783409,"[-0.33, 0.56]",0.5594924934729337,0.9574313225752206,False
Apolipoprotein F,Hb,time1,20,17,0.16394188265041204,"[-0.31, 0.58]",0.5024418646105935,0.9517421986744689,False
Immunoglobulin gamma-1 heavy chain,Hb,time1,20,17,-0.013251587885521159,"[-0.46, 0.44]",0.9570603212410242,0.9989122224583239,False
Low affinity immunoglobulin gamma Fc region receptor III-B,Hb,time1,20,17,0.2752629105772723,"[-0.20, 0.65]",0.254038985603385,0.9037671439517762,False
Multiple epidermal growth factor-like domains protein 8,Hb,time1,20,17,-0.12602613137728041,"[-0.55, 0.35]",0.6071827739375301,0.9621706909906743,False
Complement C4-B,Hb,time1,20,17,0.22801855882772487,"[-0.25, 0.62]",0.3477901126846147,0.926595760949047,False
Glyceraldehyde-3-phosphate dehydrogenase,Hb,time1,20,17,0.23115251337674575,"[-0.25, 0.62]",0.341021538030876,0.926595760949047,False
Complement C1r subcomponent,Hb,time1,20,17,-0.2733124057536363,"[-0.65, 0.21]",0.2575559542244289,0.905784054510989,False
Sex hormone-binding globulin,Hb,time1,20,17,-0.11277034304404593,"[-0.54, 0.36]",0.6457642686437399,0.9623162852441542,False
Biotinidase,Hb,time1,20,17,0.37704529432877315,"[-0.09, 0.71]",0.11153971635263413,0.8290414311110669,False
Cholinesterase,Hb,time1,20,17,-0.00879949352708237,"[-0.46, 0.45]",0.9714796324775798,0.9989122224583239,False
Immunoglobulin heavy variable 2-5,Hb,time1,20,17,-0.5499768462701479,"[-0.80, -0.13]",0.014703293902295703,0.7677137594604839,False
Immunoglobulin lambda variable 1-36,Hb,time1,20,17,-0.25519418846756753,"[-0.64, 0.23]",0.2916841086974998,0.9177310147446764,False
Immunoglobulin kappa variable 3-11,Hb,time1,20,17,-0.09249893310656779,"[-0.52, 0.38]",0.7064484281804029,0.9656789320774398,False
Immunoglobulin kappa variable 6-21,Hb,time1,20,17,0.00987108724855343,"[-0.45, 0.46]",0.968008050018963,0.9989122224583239,False
Immunoglobulin kappa light chain,Hb,time1,20,17,0.08407190020975856,"[-0.38, 0.52]",0.7322087679277711,0.9719346028497398,False
Neuropilin-1,Hb,time1,20,17,0.19820851956889168,"[-0.28, 0.60]",0.41596886873692485,0.9324135167651676,False
Ficolin-2,Hb,time1,20,17,-0.022842339298148825,"[-0.47, 0.44]",0.9260470020114114,0.9988788261324435,False
Gamma-glutamyl hydrolase,Hb,time1,20,17,-0.02453551985244253,"[-0.47, 0.43]",0.9205811777997828,0.9985551599450393,False
Keratinocyte proline-rich protein,Hb,time1,20,17,0.4403060489823017,"[-0.02, 0.75]",0.05920676360399419,0.780717100347183,False
Kyphoscoliosis peptidase,Hb,time1,20,17,0.2762362435463505,"[-0.20, 0.65]",0.2522953754505594,0.9010501812845132,False
Laminin subunit alpha-2,Hb,time1,20,17,-0.19410118849243158,"[-0.60, 0.29]",0.4258894572751435,0.9324335195406078,False
Desmoglein-1,Hb,time1,20,17,0.28215836077542916,"[-0.20, 0.65]",0.24185024024206528,0.8982115991698657,False
Immunoglobulin lambda variable 3-27,Hb,time1,20,17,-0.074773004947309,"[-0.51, 0.39]",0.7609549310618623,0.9745063647413549,False
Myosin-9,Hb,time1,20,17,0.4694171927166688,"[0.02, 0.76]",0.042591900241589396,0.780717100347183,False
Versican core protein,Hb,time1,20,17,-0.2849533107844774,"[-0.65, 0.19]",0.23701815897919506,0.8982115991698657,False
Proteasome subunit beta type-3,Hb,time1,20,17,0.4828796063454807,"[0.04, 0.77]",0.03624414095815352,0.780717100347183,False
Alpha-N-acetylglucosaminidase,Hb,time1,20,17,-0.06107017368425445,"[-0.50, 0.40]",0.8038574027812717,0.9840896993583559,False
Caspase-14,Hb,time1,20,17,0.27690421530909604,"[-0.20, 0.65]",0.2511031790995535,0.9010501812845132,False
Histidine-rich glycoprotein,Hb,time1,20,17,0.34970803188658955,"[-0.12, 0.69]",0.1421948270516605,0.8558309360858758,False
"ATP synthase subunit alpha, mitochondrial",Hb,time1,20,17,0.09503591850173233,"[-0.38, 0.53]",0.6987512273366561,0.9648380336571762,False
Immunoglobulin kappa constant,Hb,time1,20,17,0.1282009983686548,"[-0.35, 0.55]",0.6009432157334901,0.9621706909906743,False
Interleukin-1 receptor accessory protein,Hb,time1,20,17,0.4565868913543651,"[0.00, 0.75]",0.04940421880258095,0.780717100347183,False
Immunoglobulin lambda variable 9-49,Hb,time1,20,17,-0.2639596975145013,"[-0.64, 0.22]",0.27484410962543043,0.9170614304794888,False
Plexin domain-containing protein 2,Hb,time1,20,17,-0.05261180090872813,"[-0.49, 0.41]",0.8306188084420091,0.9906439255230137,False
Immunoglobulin heavy variable 4-28,Hb,time1,20,17,-0.14161845888747304,"[-0.56, 0.33]",0.5630479760079381,0.9574313225752206,False
Desmoplakin,Hb,time1,20,17,0.19817970926857545,"[-0.28, 0.60]",0.41603802037234217,0.9324135167651676,False
Endoplasmin,Hb,time1,20,17,0.09704979095958652,"[-0.37, 0.53]",0.6926610796971462,0.9648380336571762,False
Heparin cofactor 2,Hb,time1,20,17,-0.08949499832472223,"[-0.52, 0.38]",0.715597696659005,0.9656789320774398,False
Laminin subunit gamma-1,Hb,time1,20,17,-0.020266784844885533,"[-0.47, 0.44]",0.9343672602246421,0.9989122224583239,False
Polymeric immunoglobulin receptor,Hb,time1,20,17,-0.26569676510689505,"[-0.64, 0.21]",0.2715801032583861,0.9170614304794888,False
Serum amyloid A-4 protein,Hb,time1,20,17,-0.33122478504209,"[-0.68, 0.14]",0.1659812998609461,0.867816664987516,False
Catalase,Hb,time1,20,17,0.4544746987281982,"[0.00, 0.75]",0.05060090173998548,0.780717100347183,False
Complement receptor type 1,Hb,time1,20,17,0.15783623147176967,"[-0.32, 0.57]",0.5187004390270108,0.9529295397056773,False
Immunoglobulin kappa variable 1-27,Hb,time1,20,17,-0.3025779233860686,"[-0.67, 0.18]",0.20798090339422678,0.8954881096270608,False
Immunoglobulin kappa variable 2-30,Hb,time1,20,17,-0.012700237293066354,"[-0.46, 0.44]",0.9588454140212812,0.9989122224583239,False
Protein-glutamine gamma-glutamyltransferase E,Hb,time1,20,17,0.28384394967450516,"[-0.20, 0.65]",0.23892861468571294,0.8982115991698657,False
Periostin,Hb,time1,20,17,0.15988827756574828,"[-0.32, 0.57]",0.513208700031909,0.9529295397056773,False
Albumin,Hb,time1,20,17,0.26074849550156104,"[-0.22, 0.64]",0.2809418296697905,0.9170614304794888,False
Complement factor B,Hb,time1,20,17,0.2277899968118811,"[-0.25, 0.62]",0.348286765612124,0.926595760949047,False
Probable non-functional immunoglobulinn kappa variable 1-37;Probable non-functional immunoglobulinn kappa variable 1D-37,Hb,time1,20,17,0.04664946904479469,"[-0.42, 0.49]",0.8495926485187015,0.991249088174675,False
Immunoglobulin lambda variable 8-61,Hb,time1,20,17,-0.1575370180569262,"[-0.57, 0.32]",0.5195034988450484,0.9529295397056773,False
Annexin A1,Hb,time1,20,17,0.3384801367822087,"[-0.14, 0.69]",0.15634112929135688,0.8664842517941643,False
CD5 antigen-like,Hb,time1,20,17,-0.17713117673793005,"[-0.58, 0.30]",0.46817770109549695,0.9399490057022261,False
RB-associated KRAB zinc finger protein,Hb,time1,20,17,0.1501846627025734,"[-0.33, 0.57]",0.539417655758633,0.954665480182609,False
Immunoglobulin lambda variable 7-46,Hb,time1,20,17,-0.20320379668906016,"[-0.60, 0.28]",0.4040725682850711,0.9318821411825824,False
Basement membrane-specific heparan sulfate proteoglycan core protein,Hb,time1,20,17,-0.050345001627985754,"[-0.49, 0.41]",0.8378224165550836,0.9906439255230137,False
Vitamin K-dependent protein C,Hb,time1,20,17,0.06982386490418376,"[-0.40, 0.51]",0.7763802706291153,0.9788700135585963,False
Immunoglobulin lambda variable 1-40,Hb,time1,20,17,-0.2456988238875097,"[-0.63, 0.23]",0.31062052892423064,0.9236478900056884,False
Pantetheinase,Hb,time1,20,17,0.07271561466999547,"[-0.39, 0.51]",0.7673572211631579,0.9750590716290142,False
Neutrophil defensin 1;Neutrophil defensin 3,Hb,time1,20,17,0.0299373818468665,"[-0.43, 0.48]",0.9031671205225578,0.997559861248858,False
Immunoglobulin lambda variable 2-8,Hb,time1,20,17,-0.21902110553441023,"[-0.61, 0.26]",0.36764896512461465,0.9285871908420641,False
Immunoglobulin heavy variable 1-18,Hb,time1,20,17,-0.0823878786159852,"[-0.52, 0.39]",0.7373906385033964,0.9728363041843875,False
Immunoglobulin kappa variable 3D-15,Hb,time1,20,17,-0.22857247562821892,"[-0.62, 0.25]",0.34658817986652324,0.926595760949047,False
Extracellular matrix protein 1,Hb,time1,20,17,-0.23337373368214348,"[-0.62, 0.25]",0.3362710122788919,0.9236478900056884,False
Tubulin alpha-1B chain,Hb,time1,20,17,0.27856094492002026,"[-0.20, 0.65]",0.2481616837581524,0.8999034886523416,False
Immunoglobulin lambda variable 5-45,Hb,time1,20,17,-0.5035675690716847,"[-0.78, -0.06]",0.02794475119612445,0.780717100347183,False
Alpha-2-HS-glycoprotein,Hb,time1,20,17,0.04543401560750158,"[-0.42, 0.49]",0.8534706444177039,0.9928150111527771,False
Cartilage acidic protein 1,Hb,time1,20,17,0.20834929835091626,"[-0.27, 0.61]",0.3920145042415779,0.931256717265325,False
Coagulation factor IX,Hb,time1,20,17,-0.44021764826309545,"[-0.75, 0.02]",0.05926370591048864,0.780717100347183,False
Integrin alpha-2,Hb,time1,20,17,0.07761644332948131,"[-0.39, 0.51]",0.752131083137312,0.9742709497578206,False
"Mannosyl-oligosaccharide 1,2-alpha-mannosidase IA",Hb,time1,20,17,-0.11885105706707928,"[-0.54, 0.35]",0.6279509007967623,0.9621706909906743,False
Endophilin-A3,Hb,time1,20,17,0.08274272014376353,"[-0.39, 0.52]",0.7362978518019283,0.9726254030743583,False
Collagen alpha-1(I) chain,Hb,time1,20,17,-0.12246759335376405,"[-0.55, 0.35]",0.617448170565567,0.9621706909906743,False
Carboxypeptidase N subunit 2,Hb,time1,20,17,-0.3188780886957726,"[-0.68, 0.16]",0.18330468131853647,0.8782530552193797,False
Scavenger receptor cysteine-rich type 1 protein M130,Hb,time1,20,17,0.5421779686996704,"[0.12, 0.80]",0.016479599806481508,0.7725125015513618,False
Annexin A5,Hb,time1,20,17,0.5667145951133233,"[0.15, 0.81]",0.011406322338591006,0.7497716344476072,False
Platelet factor 4,Hb,time1,20,17,-0.0601291506507517,"[-0.50, 0.41]",0.8068249525033387,0.9840896993583559,False
Immunoglobulin heavy variable 3-72,Hb,time1,20,17,-0.08709269753243519,"[-0.52, 0.38]",0.7229414049944289,0.9673286249298616,False
Protein HEG homolog 1,Hb,time1,20,17,-0.03946232050662162,"[-0.48, 0.42]",0.8725689737259731,0.9953590843109901,False
Sulfhydryl oxidase 1,Hb,time1,20,17,0.27179718241955664,"[-0.21, 0.65]",0.26030913048872,0.908120932246165,False
Corticosteroid-binding globulin,Hb,time1,20,17,-0.13641792505654102,"[-0.56, 0.34]",0.5776112369959258,0.9585981157899655,False
Angiopoietin-related protein 6,Hb,time1,20,17,0.02951128319518421,"[-0.43, 0.48]",0.9045393049454913,0.997559861248858,False
72 kDa type IV collagenase,Hb,time1,20,17,-0.13467052570153662,"[-0.55, 0.34]",0.5825404125429542,0.9599322538236903,False
Trypsin-3,Hb,time1,20,17,0.31920327850251246,"[-0.16, 0.68]",0.18283341801668018,0.8781742060801173,False
Complement component C9,Hb,time1,20,17,-0.1543762013115938,"[-0.57, 0.32]",0.5280222560294386,0.9529295397056773,False
Pyruvate kinase PKM,Hb,time1,20,17,0.2220180704375217,"[-0.26, 0.61]",0.3609641869184683,0.9285871908420641,False
Immunoglobulin heavy variable 4-34,Hb,time1,20,17,-0.11711744568550336,"[-0.54, 0.36]",0.6330099950664306,0.9621706909906743,False
Immunoglobulin kappa variable 6D-21,Hb,time1,20,17,-0.370440306952698,"[-0.71, 0.10]",0.1184676703114579,0.8291287868992757,False
Immunoglobulin lambda-1 light chain,Hb,time1,20,17,-0.1588006159277092,"[-0.57, 0.32]",0.5161160973951495,0.9529295397056773,False
Transforming growth factor-beta-induced protein ig-h3,Hb,time1,20,17,0.1770387809784238,"[-0.30, 0.58]",0.46841356126187506,0.9399490057022261,False
Complement C1q subcomponent subunit A,Hb,time1,20,17,-0.20756394276756868,"[-0.60, 0.27]",0.3938419734550379,0.931256717265325,False
Prolow-density lipoprotein receptor-related protein 1,Hb,time1,20,17,-0.11860004744478402,"[-0.54, 0.35]",0.6286824312008821,0.9621706909906743,False
Immunoglobulin heavy constant mu,Hb,time1,20,17,-0.3790326586123562,"[-0.71, 0.09]",0.1095132216181503,0.8290414311110669,False
UV-stimulated scaffold protein A,Hb,time1,20,17,-0.16329531336355738,"[-0.57, 0.31]",0.5041519159967949,0.9520263061157588,False
Complement component C6,Hb,time1,20,17,0.29726908116749184,"[-0.18, 0.66]",0.21646798591685923,0.8982115991698657,False
Angiotensinogen,Hb,time1,20,17,-0.33374885710444563,"[-0.68, 0.14]",0.16258265954198312,0.867816664987516,False
Pregnancy zone protein,Hb,time1,20,17,-0.577944246331021,"[-0.82, -0.17]",0.009549304845987558,0.7385516510769441,False
Histone H2A type 1-B/E;Histone H2A type 3;Histone H2A type 1-C,Hb,time1,20,17,0.15991683315372313,"[-0.32, 0.57]",0.5131324734615031,0.9529295397056773,False
Desmocollin-1,Hb,time1,20,17,0.3544556130250995,"[-0.12, 0.70]",0.13649077730919137,0.8512509075131343,False
Protein Z-dependent protease inhibitor,Hb,time1,20,17,-0.27922656748406105,"[-0.65, 0.20]",0.2469860759069201,0.8982115991698657,False
Immunoglobulin kappa variable 1-17,Hb,time1,20,17,0.11508979275583806,"[-0.36, 0.54]",0.6389470112997774,0.9621706909906743,False
Fibronectin,Hb,time1,20,17,-0.3097714170994085,"[-0.67, 0.17]",0.19683507686801383,0.8894289378530675,False
Probable non-functional immunoglobulin heavy variable 3-38,Hb,time1,20,17,-0.34045919418927756,"[-0.69, 0.13]",0.15377999054776037,0.8648835903913135,False
Nucleoside diphosphate kinase 3,Hb,time1,20,17,0.296898671435131,"[-0.18, 0.66]",0.21706846882813627,0.8982115991698657,False
Plasma protease C1 inhibitor,Hb,time1,20,17,-0.2846890714411352,"[-0.65, 0.19]",0.2374723190571404,0.8982115991698657,False
Immunoglobulin kappa variable 1-16,Hb,time1,20,17,-0.03576568336814112,"[-0.48, 0.43]",0.8844259261820331,0.995958470840817,False
F-actin-capping protein subunit alpha-1,Hb,time1,20,17,0.5773603172285623,"[0.17, 0.82]",0.00963941074176163,0.7385516510769441,False
Cathepsin D,Hb,time1,20,17,0.3125239475263748,"[-0.17, 0.67]",0.19267743049609862,0.8808484840195031,False
Anthrax toxin receptor 2,Hb,time1,20,17,-0.2360162068432475,"[-0.62, 0.24]",0.3306702330338702,0.9236478900056884,False
Talin-1,Hb,time1,20,17,0.21041168408707064,"[-0.27, 0.61]",0.3872377867827589,0.931256717265325,False
Protein disulfide-isomerase,Hb,time1,20,17,0.6574404069552239,"[0.29, 0.86]",0.0022212010372703143,0.7385516510769441,False
Junction plakoglobin,Hb,time1,20,17,0.16752577825981066,"[-0.31, 0.58]",0.49301396744686066,0.9488299676442298,False
Tenascin,Hb,time1,20,17,-0.20609102423719874,"[-0.60, 0.27]",0.3972819568433932,0.931256717265325,False
Cadherin-related family member 5,Hb,time1,20,17,0.08866244673950821,"[-0.38, 0.52]",0.7181400937749455,0.9657037285349999,False
Kininogen-1,Hb,time1,20,17,-0.04544647427213792,"[-0.49, 0.42]",0.8534308776297831,0.9928150111527771,False
Alpha-1-antichymotrypsin,Hb,time1,20,17,0.1860991388091387,"[-0.29, 0.59]",0.4455721586283382,0.9361498868301301,False
Integrin alpha-IIb,Hb,time1,20,17,0.16462394645320774,"[-0.31, 0.58]",0.5006409630841697,0.9508323683401586,False
Serum amyloid P-component,Hb,time1,20,17,0.1432639771308181,"[-0.33, 0.56]",0.5584737578074446,0.9574313225752206,False
Inter-alpha-trypsin inhibitor heavy chain H1,Hb,time1,20,17,-0.23810263299836854,"[-0.62, 0.24]",0.32628700755994167,0.9236478900056884,False
Probable non-functional immunoglobulin heavy variable 3-35,Hb,time1,20,17,0.012343260207050816,"[-0.44, 0.46]",0.9600012895274807,0.9989122224583239,False
Immunoglobulin kappa variable 1-5,Hb,time1,20,17,-0.05088262873073023,"[-0.49, 0.41]",0.836112764638459,0.9906439255230137,False
Band 3 anion transport protein,Hb,time1,20,17,-0.2936427147542375,"[-0.66, 0.19]",0.22239362592642678,0.8982115991698657,False
Immunoglobulin lambda variable 7-43,Hb,time1,20,17,-0.04499689494950674,"[-0.49, 0.42]",0.8548661025533719,0.9928150111527771,False
Peroxiredoxin-1,Hb,time1,20,17,0.4609249351338398,"[0.01, 0.76]",0.04701415308983023,0.780717100347183,False
Matrix metalloproteinase-9,Hb,time1,20,17,0.022260665595000322,"[-0.44, 0.47]",0.9279254704597866,0.9989122224583239,False
Multimerin-2,Hb,time1,20,17,-0.12938725591528505,"[-0.55, 0.35]",0.5975510527658876,0.961962834437533,False
Immunoglobulin heavy variable 1-3,Hb,time1,20,17,-0.2844481597158119,"[-0.65, 0.19]",0.2378868711951536,0.8982115991698657,False
Podocalyxin,Hb,time1,20,17,0.21786911401647072,"[-0.26, 0.61]",0.37023700856605,0.9300516392509022,False
Immunoglobulin lambda variable 1-51,Hb,time1,20,17,0.276783154906483,"[-0.20, 0.65]",0.2513189823542692,0.9010501812845132,False
Cadherin-13,Hb,time1,20,17,0.36573703647328276,"[-0.11, 0.70]",0.12358409487852366,0.8357856243390673,False
Plastin-2,Hb,time1,20,17,0.6229597946920137,"[0.24, 0.84]",0.004383469530116646,0.7385516510769441,False
Inter-alpha-trypsin inhibitor heavy chain H4,Hb,time1,20,17,-0.09993817759528838,"[-0.53, 0.37]",0.6839578152785386,0.9648380336571762,False
Fructose-bisphosphate aldolase B,Hb,time1,20,17,0.1253794913659366,"[-0.35, 0.55]",0.6090429978951928,0.9621706909906743,False
Mannan-binding lectin serine protease 2,Hb,time1,20,17,-0.002900614514050773,"[-0.46, 0.45]",0.990597087654937,0.9989126836088675,False
Platelet glycoprotein 4,Hb,time1,20,17,0.10119357281980279,"[-0.37, 0.53]",0.680186853500844,0.9648380336571762,False
Hemoglobin subunit alpha,Hb,time1,20,17,0.0017330319814212035,"[-0.45, 0.46]",0.9943819600511272,0.9990207946239401,False
Immunoglobulin lambda variable 3-10,Hb,time1,20,17,-0.3139346425965451,"[-0.67, 0.16]",0.19056949492929492,0.8786430972185097,False
Serum paraoxonase/lactonase 3,Hb,time1,20,17,-0.06882341387185843,"[-0.51, 0.40]",0.7795084090879709,0.9792734583116876,False
Dopamine beta-hydroxylase,Hb,time1,20,17,-0.11375559204314294,"[-0.54, 0.36]",0.6428651108565913,0.9621706909906743,False
Triosephosphate isomerase,Hb,time1,20,17,0.3488957201207882,"[-0.13, 0.69]",0.14318718763593313,0.8558309360858758,False
Endoplasmic reticulum chaperone BiP,Hb,time1,20,17,0.09991491449616777,"[-0.37, 0.53]",0.6840277610320982,0.9648380336571762,False
Suprabasin,Hb,time1,20,17,0.12616216734791663,"[-0.35, 0.55]",0.606791725657833,0.9621706909906743,False
Immunoglobulin kappa variable 3-20,Hb,time1,20,17,-0.04048127075492129,"[-0.49, 0.42]",0.8693051562697047,0.9952750807277061,False
Ficolin-1,Hb,time1,20,17,-0.810094516540715,"[-0.92, -0.56]",2.6212840648151702e-05,0.1138188191952018,False
Autotaxin,Hb,time1,20,17,-0.45658261660001415,"[-0.75, -0.00]",0.04940661873774932,0.780717100347183,False
Histidine ammonia-lyase,Hb,time1,20,17,0.1557399486730035,"[-0.32, 0.57]",0.5243388874287183,0.9529295397056773,False
Noelin,Hb,time1,20,17,-0.15030417483942166,"[-0.57, 0.33]",0.5390911997110325,0.954665480182609,False
Prenylcysteine oxidase 1,Hb,time1,20,17,-0.32813595217119806,"[-0.68, 0.15]",0.17020600675650877,0.867816664987516,False
Immunoglobulin delta heavy chain,Hb,time1,20,17,0.056765364138364624,"[-0.41, 0.50]",0.8174531850222985,0.9875992555224574,False
Antithrombin-III,Hb,time1,20,17,-0.025418861164881068,"[-0.47, 0.43]",0.9177309658130157,0.9985551599450393,False
Complement component C7,Hb,time1,20,17,0.19726358620911164,"[-0.28, 0.60]",0.41824014810915033,0.9324135167651676,False
BOS complex subunit NOMO3;BOS complex subunit NOMO1;BOS complex subunit NOMO2,Hb,time1,20,17,0.3440798196860591,"[-0.13, 0.69]",0.14916972659809155,0.8579858418247035,False
Cofilin-1,Hb,time1,20,17,0.2506567650271286,"[-0.23, 0.63]",0.3006430955663134,0.9231785706992953,False
Histone H4,Hb,time1,20,17,0.057855539151243404,"[-0.41, 0.50]",0.8140052303276992,0.9862380750317968,False
Serum amyloid A-1 protein,Hb,time1,20,17,-0.5663669143504689,"[-0.81, -0.15]",0.011468143502836878,0.7497716344476072,False
Transferrin receptor protein 1,Hb,time1,20,17,-0.10546729345403427,"[-0.53, 0.37]",0.6674042730679611,0.9648380336571762,False
Serpin B12,Hb,time1,20,17,0.27637400914047083,"[-0.20, 0.65]",0.25204919852095725,0.9010501812845132,False
Immunoglobulin kappa variable 3D-20,Hb,time1,20,17,0.03511542991659198,"[-0.43, 0.48]",0.8865141176963449,0.9964590333111646,False
Probable non-functional immunoglobulin heavy variable 3-16,Hb,time1,20,17,0.24165948439274615,"[-0.24, 0.63]",0.31889421827573977,0.9236478900056884,False
Immunoglobulin lambda variable 6-57,Hb,time1,20,17,0.39341951328538666,"[-0.07, 0.72]",0.09562487611492365,0.8179364288014818,False
Fibrinogen alpha chain,Hb,time1,20,17,-0.5561144353270158,"[-0.81, -0.14]",0.013415920811300542,0.7677137594604839,False
Galectin-3-binding protein,Hb,time1,20,17,-0.1506875824892335,"[-0.57, 0.33]",0.5380445016185587,0.954665480182609,False
Macrophage colony-stimulating factor 1 receptor,Hb,time1,20,17,0.42722251331081595,"[-0.03, 0.74]",0.06809231612389197,0.7877432426525369,False
Phosphatidylinositol-glycan-specific phospholipase D,Hb,time1,20,17,0.06230344844454629,"[-0.40, 0.50]",0.7999721186902473,0.9840896993583559,False
Serotransferrin,Hb,time1,20,17,-0.10519192193065566,"[-0.53, 0.37]",0.6682253087477439,0.9648380336571762,False
Integrin alpha-11,Hb,time1,20,17,-0.004974780934639631,"[-0.46, 0.45]",0.983873927865371,0.9989122224583239,False
Proprotein convertase subtilisin/kexin type 9,Hb,time1,20,17,-0.3281207218157447,"[-0.68, 0.15]",0.17022701739751023,0.867816664987516,False
Gelsolin,Hb,time1,20,17,0.2192423424606319,"[-0.26, 0.61]",0.367153112967902,0.9285871908420641,False
Proteoglycan 4,Hb,time1,20,17,-0.03738355134435776,"[-0.48, 0.42]",0.8792335781698086,0.995958470840817,False
Vascular cell adhesion protein 1,Hb,time1,20,17,0.04978690676944582,"[-0.41, 0.49]",0.8395978920322265,0.9906439255230137,False
Adhesion G protein-coupled receptor F5,Hb,time1,20,17,0.10245455966436524,"[-0.37, 0.53]",0.6764063974167587,0.9648380336571762,False
Insulin-like growth factor-binding protein 3,Hb,time1,20,17,-0.23121501978309447,"[-0.62, 0.25]",0.3408873243683572,0.926595760949047,False
Transthyretin,Hb,time1,20,17,0.17363591432334077,"[-0.30, 0.58]",0.4771415867371731,0.94364957807714,False
Coiled-coil domain-containing protein 126,Hb,time1,20,17,-0.2994806148151546,"[-0.66, 0.18]",0.21290540468641747,0.8982115991698657,False
Guanine nucleotide-binding protein G(i) subunit alpha-2,Hb,time1,20,17,0.5147995146450843,"[0.08, 0.79]",0.02410892068380829,0.780717100347183,False
Apolipoprotein C-I,Hb,time1,20,17,-0.4120852084307974,"[-0.73, 0.05]",0.07957348378882828,0.8104760370286881,False
Syntenin-1,Hb,time1,20,17,-0.16642804735401223,"[-0.58, 0.31]",0.49589250535801,0.949643311856458,False
Phospholipid transfer protein,Hb,time1,20,17,0.16746817598112854,"[-0.31, 0.58]",0.4931648131866774,0.9488491005711672,False
Laminin subunit beta-1,Hb,time1,20,17,0.013443307226096497,"[-0.44, 0.46]",0.9564396421925262,0.9989122224583239,False
Proline-rich protein 4,Hb,time1,20,17,-0.008978882557603861,"[-0.46, 0.45]",0.9708984399879232,0.9989122224583239,False
Immunoglobulin kappa variable 2-28;Immunoglobulin kappa variable 2D-28,Hb,time1,20,17,0.0012221188387361998,"[-0.45, 0.46]",0.9960381929198737,0.9992571532563216,False
Complement C3,Hb,time1,20,17,0.05675750861041193,"[-0.41, 0.50]",0.817478041848215,0.9875992555224574,False
Thyroxine-binding globulin,Hb,time1,20,17,-0.054689818033437296,"[-0.50, 0.41]",0.8240264562917103,0.9895207784928999,False
Immunoglobulin kappa variable 1D-13;Immunoglobulin kappa variable 1-13,Hb,time1,20,17,-0.25163382397328404,"[-0.63, 0.23]",0.29870000938847996,0.9209697518126684,False
Complement factor H-related protein 5,Hb,time1,20,17,0.055143224189137606,"[-0.41, 0.50]",0.8225895420348959,0.9893405922598658,False
Immunoglobulin lambda variable 2-23,Hb,time1,20,17,-0.3470817502010333,"[-0.69, 0.13]",0.14542061898155806,0.8558309360858758,False
Coagulation factor VII,Hb,time1,20,17,-0.014369811422369998,"[-0.47, 0.44]",0.9534404887575416,0.9989122224583239,False
Immunoglobulin heavy constant gamma 4,Hb,time1,20,17,0.3376250428934762,"[-0.14, 0.69]",0.1574567600726856,0.866957588915021,False
L-lactate dehydrogenase B chain,Hb,time1,20,17,0.45542937609102346,"[0.00, 0.75]",0.050057320625330644,0.780717100347183,False
Zinc-alpha-2-glycoprotein,Hb,time1,20,17,0.2467168529467726,"[-0.23, 0.63]",0.3085558270568791,0.9236478900056884,False
"Dihydrolipoyllysine-residue succinyltransferase component of 2-oxoglutarate dehydrogenase complex, mitochondrial",Hb,time1,20,17,0.1071066955390627,"[-0.36, 0.54]",0.66252381599252,0.9635230036775306,False
Serpin B3,Hb,time1,20,17,0.39108755047404786,"[-0.08, 0.72]",0.09778416771762743,0.8179364288014818,False
Immunoglobulin heavy variable 3-33,Hb,time1,20,17,-0.18289553736609857,"[-0.59, 0.30]",0.45358182570430383,0.9362868049217405,False
Follistatin-related protein 1,Hb,time1,20,17,-0.24979922609318192,"[-0.63, 0.23]",0.302354779700175,0.9236478900056884,False
Cholesteryl ester transfer protein,Hb,time1,20,17,0.012489603715858572,"[-0.44, 0.46]",0.9595274265606084,0.9989122224583239,False
Complement C1q subcomponent subunit C,Hb,time1,20,17,-0.3131011113100947,"[-0.67, 0.16]",0.1918131291087051,0.8808484840195031,False
Immunoglobulin heavy variable 4-30-2,Hb,time1,20,17,-0.36171764458275585,"[-0.70, 0.11]",0.12807907622232909,0.8455730385109451,False
Thrombospondin-4,Hb,time1,20,17,-0.17445855279639977,"[-0.58, 0.30]",0.4750242190873687,0.942574321203526,False
Transketolase,Hb,time1,20,17,0.1424635313743954,"[-0.33, 0.56]",0.5606967896460877,0.9574313225752206,False
Complement receptor type 2,Hb,time1,20,17,-0.2669248416940705,"[-0.64, 0.21]",0.26928712346751044,0.916480836706628,False
Immunoglobulin kappa variable 2-40;Immunoglobulin kappa variable 2D-40,Hb,time1,20,17,0.3389460422151028,"[-0.14, 0.69]",0.15573556522261717,0.8664842517941643,False
Immunoglobulin kappa variable 3D-7,Hb,time1,20,17,-0.2902448321809664,"[-0.66, 0.19]",0.22804073000816796,0.8982115991698657,False
Immunoglobulin heavy variable 3-64,Hb,time1,20,17,-0.029167802113589318,"[-0.48, 0.43]",0.9056456211039581,0.997559861248858,False
Vitronectin,Hb,time1,20,17,0.05396588183547731,"[-0.41, 0.50]",0.8263218318117926,0.9902234995263719,False
Complement component C8 gamma chain,Hb,time1,20,17,0.2573441457250514,"[-0.22, 0.64]",0.2874966564066781,0.9177310147446764,False
Immunoglobulin heavy variable 5-51,Hb,time1,20,17,-0.45273839203037103,"[-0.75, 0.00]",0.0516010239507486,0.780717100347183,False
Coagulation factor V,Hb,time1,20,17,0.27314356045750293,"[-0.21, 0.65]",0.25786183576213667,0.905784054510989,False
Protein S100-A7,Hb,time1,20,17,0.33958318197536935,"[-0.14, 0.69]",0.15491005775190447,0.8664155555658842,False
Arginase-1,Hb,time1,20,17,0.2065380837463901,"[-0.27, 0.60]",0.39623611936505276,0.931256717265325,False
Protein-glutamine gamma-glutamyltransferase K,Hb,time1,20,17,0.17509439167424942,"[-0.30, 0.58]",0.47339086692637766,0.9413399766352809,False
Immunoglobulin kappa variable 4-1,Hb,time1,20,17,-0.12088257843467524,"[-0.55, 0.35]",0.62204259772636,0.9621706909906743,False
Coagulation factor XIII B chain,Hb,time1,20,17,0.1577585118116176,"[-0.32, 0.57]",0.5189089750259203,0.9529295397056773,False
Apolipoprotein C-II,Hb,time1,20,17,-0.09748894749611758,"[-0.53, 0.37]",0.6913354062060573,0.9648380336571762,False
Bone marrow proteoglycan,Hb,time1,20,17,0.22513716635177625,"[-0.26, 0.62]",0.35408113355912074,0.9275759271483885,False
Apolipoprotein A-I,Hb,time1,20,17,-0.38953032792948056,"[-0.72, 0.08]",0.09924564408393571,0.8236593403597053,False
Coagulation factor X,Hb,time1,20,17,0.06522015855872629,"[-0.40, 0.50]",0.7908014039456566,0.9812443166838123,False
Thioredoxin,Hb,time1,20,17,0.1304010471905334,"[-0.34, 0.55]",0.5946583507434271,0.961962834437533,False
Immunoglobulin heavy variable 3-15,Hb,time1,20,17,-0.25575302154519897,"[-0.64, 0.22]",0.29059211220262837,0.9177310147446764,False
Proteasome subunit beta type-2,Hb,time1,20,17,0.24575690822678886,"[-0.23, 0.63]",0.3105025036874155,0.9236478900056884,False
Apolipoprotein A-II,Hb,time1,20,17,-0.29049719371012106,"[-0.66, 0.19]",0.22761815943161134,0.8982115991698657,False
Immunoglobulin heavy constant gamma 2,Hb,time1,20,17,0.3214795595936635,"[-0.16, 0.68]",0.17955747719524373,0.8733740923033797,False
Plakophilin-1,Hb,time1,20,17,0.023739919466854862,"[-0.44, 0.47]",0.923149077296058,0.9988788261324435,False
Fetuin-B,Hb,time1,20,17,-0.1478763794870599,"[-0.56, 0.33]",0.5457404809169201,0.9550458416046101,False
Complement factor H-related protein 3,Hb,time1,20,17,0.1341182399421211,"[-0.34, 0.55]",0.5841020358714337,0.9599322538236903,False
Plasminogen,Hb,time1,20,17,0.19982982899233523,"[-0.28, 0.60]",0.4120872852675661,0.9324135167651676,False
Fermitin family homolog 3,Hb,time1,20,17,0.13733133480102608,"[-0.34, 0.56]",0.5750417560447332,0.9585981157899655,False
Immunoglobulin heavy variable 3-21,Hb,time1,20,17,-0.03767189562230853,"[-0.48, 0.42]",0.8783086620169824,0.995958470840817,False
Immunoglobulin heavy variable 2-26,Hb,time1,20,17,-0.3758627767771214,"[-0.71, 0.09]",0.11275818962200204,0.8290414311110669,False
Immunoglobulin kappa variable 1-12;Immunoglobulin kappa variable 1D-12,Hb,time1,20,17,0.03333234267486171,"[-0.43, 0.48]",0.8922438710487581,0.997559861248858,False
Immunoglobulin heavy constant gamma 3,Hb,time1,20,17,-0.2621322058226952,"[-0.64, 0.22]",0.2783041692757022,0.9170614304794888,False
Immunoglobulin kappa variable 2D-29,Hb,time1,20,17,-0.0812358753161703,"[-0.52, 0.39]",0.7409417190100958,0.9728363041843875,False
Neogenin,Hb,time1,20,17,-0.014856528041635422,"[-0.47, 0.44]",0.951865193431953,0.9989122224583239,False
Immunoglobulin heavy variable 6-1,Hb,time1,20,17,-0.24177778168086944,"[-0.63, 0.24]",0.3186500674693,0.9236478900056884,False
L-selectin,Hb,time1,20,17,0.2644435256201859,"[-0.22, 0.64]",0.27393254725858507,0.9170614304794888,False
Immunoglobulin lambda constant 3,Hb,time1,20,17,0.01156560398190459,"[-0.44, 0.46]",0.9625195664163061,0.9989122224583239,False
A disintegrin and metalloproteinase with thrombospondin motifs 13,Hb,time1,20,17,0.2423109021444492,"[-0.24, 0.63]",0.3175511537524249,0.9236478900056884,False
von Willebrand factor,Hb,time1,20,17,-0.4071259752246851,"[-0.73, 0.06]",0.08362864299300837,0.8154186244354011,False
Neutral alpha-glucosidase AB,Hb,time1,20,17,-0.2718586163613289,"[-0.65, 0.21]",0.2601971460287561,0.908120932246165,False
Carbonic anhydrase 1,Hb,time1,20,17,0.10043046416283094,"[-0.37, 0.53]",0.6824782232150595,0.9648380336571762,False
Immunoglobulin lambda variable 4-60,Hb,time1,20,17,-0.19205361769021262,"[-0.59, 0.29]",0.4308814458302378,0.9343133512273196,False
Integrin beta-1,Hb,time1,20,17,0.20123842529123773,"[-0.28, 0.60]",0.40873086688022064,0.9318821411825824,False
Immunoglobulin lambda variable 3-12,Hb,time1,20,17,0.052096502170797046,"[-0.41, 0.49]",0.8322552495800812,0.9906439255230137,False
Alpha-amylase 1B;Alpha-amylase 1C;Alpha-amylase 1A,Hb,time1,20,17,0.33561696645081524,"[-0.14, 0.69]",0.16009818060220013,0.867816664987516,False
Lumican,Hb,time1,20,17,0.2868923973932839,"[-0.19, 0.66]",0.2337024282589056,0.8982115991698657,False
Beta-Ala-His dipeptidase,Hb,time1,20,17,-0.23536896327393247,"[-0.62, 0.25]",0.33203697986068825,0.9236478900056884,False
Immunoglobulin alpha-2 heavy chain,Hb,time1,20,17,-0.12462928834138433,"[-0.55, 0.35]",0.6112040283076781,0.9621706909906743,False
Complement C5,Hb,time1,20,17,0.07585859323891578,"[-0.39, 0.51]",0.757582699877074,0.9745063647413549,False
Protein S100-A8,Hb,time1,20,17,0.5521541508593614,"[0.13, 0.80]",0.01423576579193372,0.7677137594604839,False
Immunoglobulin lambda variable 3-25,Hb,time1,20,17,-0.10007869714411105,"[-0.53, 0.37]",0.6835353639736181,0.9648380336571762,False
Leukocyte immunoglobulin-like receptor subfamily B member 3;Leukocyte immunoglobulin-like receptor subfamily A member 6,Hb,time1,20,17,-0.21902110553441023,"[-0.61, 0.26]",0.36764896512461465,0.9285871908420641,False
Collagen alpha-3(VI) chain,Hb,time1,20,17,0.10958922886713647,"[-0.36, 0.54]",0.6551581560441546,0.9627206746105794,False
Immunoglobulin kappa variable 1-39;Immunoglobulin kappa variable 1D-39,Hb,time1,20,17,-0.2163807323069627,"[-0.61, 0.26]",0.3735959526784097,0.9300516392509022,False
Bleomycin hydrolase,Hb,time1,20,17,0.16604902859734436,"[-0.31, 0.58]",0.49688828037860844,0.949643311856458,False
CD166 antigen,Hb,time1,20,17,0.013511189896589521,"[-0.44, 0.46]",0.9562198821433124,0.9989122224583239,False
Beta-2-microglobulin,Hb,time1,20,17,0.4402338194597691,"[-0.02, 0.75]",0.059253286338371465,0.780717100347183,False
Amino acid transporter heavy chain SLC3A2,Hb,time1,20,17,0.14418348905508654,"[-0.33, 0.56]",0.5559248654027105,0.9571984418476326,False
Haptoglobin-related protein,Hb,time1,20,17,-0.29702417531506287,"[-0.66, 0.18]",0.21686488875316542,0.8982115991698657,False
Alpha-1-acid glycoprotein 1,Hb,time1,20,17,0.3154019456379678,"[-0.16, 0.67]",0.1883933931531341,0.8786430972185097,False
Serum paraoxonase/arylesterase 1,Hb,time1,20,17,-0.2215725816906466,"[-0.61, 0.26]",0.3619534468829766,0.9285871908420641,False
Target of Nesh-SH3,Hb,time1,20,17,0.006958252257526243,"[-0.45, 0.46]",0.9774457126472722,0.9989122224583239,False
Intercellular adhesion molecule 1,Hb,time1,20,17,0.3976099558515653,"[-0.07, 0.72]",0.09183215890877572,0.8154186244354011,False
Complement C4-A,Hb,time1,20,17,0.2484905779512247,"[-0.23, 0.63]",0.30497822179506756,0.9236478900056884,False
Coagulation factor XIII A chain,Hb,time1,20,17,-0.5404857883553343,"[-0.80, -0.11]",0.0168866925477168,0.7725125015513618,False
Immunoglobulin mu heavy chain,Hb,time1,20,17,-0.3453008319089712,"[-0.69, 0.13]",0.1476368107561126,0.8564170936386176,False
Oncoprotein-induced transcript 3 protein,Hb,time1,20,17,0.08577357414608784,"[-0.38, 0.52]",0.7269838261843569,0.9682573349536114,False
Peroxiredoxin-2,Hb,time1,20,17,0.25174126281875164,"[-0.23, 0.63]",0.29848681065240973,0.9207559243853994,False
Tissue factor pathway inhibitor,Hb,time1,20,17,-0.114228604651148,"[-0.54, 0.36]",0.6414749919081262,0.9621706909906743,False
Progranulin,Hb,time1,20,17,0.09086658830416892,"[-0.38, 0.52]",0.7114154701167421,0.9656789320774398,False
Histone H2B type 1-K;Histone H2B type F-S,Hb,time1,20,17,-0.026243229354584747,"[-0.47, 0.43]",0.9150719037492612,0.9985551599450393,False
Hemoglobin subunit delta,Hb,time1,20,17,0.12278244932666686,"[-0.35, 0.55]",0.6165371186197656,0.9621706909906743,False
Glutathione S-transferase P,Hb,time1,20,17,0.2589054413140042,"[-0.22, 0.64]",0.2844789573692066,0.9175083333564564,False
Annexin A6,Hb,time1,20,17,-0.4483735948682528,"[-0.75, 0.01]",0.05418147190890794,0.780717100347183,False
Complement factor H-related protein 1,Hb,time1,20,17,0.033793065604067994,"[-0.43, 0.48]",0.8907628879265298,0.997559861248858,False
Protein KPLCE,Hb,time1,20,17,0.3732980146419963,"[-0.10, 0.71]",0.1154336172085561,0.8290414311110669,False
Immunoglobulin heavy variable 4-4,Hb,time1,20,17,-0.013686974588516185,"[-0.47, 0.44]",0.9556508194397848,0.9989122224583239,False
Alpha-1B-glycoprotein,Hb,time1,20,17,-0.09560559764173555,"[-0.53, 0.37]",0.6970266553640221,0.9648380336571762,False
Properdin,Hb,time1,20,17,0.4032268885165757,"[-0.06, 0.72]",0.08692204507168809,0.8154186244354011,False
Immunoglobulin heavy variable 3-53,Hb,time1,20,17,-0.4918066644041172,"[-0.77, -0.05]",0.032456568184607314,0.780717100347183,False
Calmodulin-like protein 5,Hb,time1,20,17,0.2730551018009247,"[-0.21, 0.65]",0.25802217951150425,0.905784054510989,False
Carboxypeptidase B2,Hb,time1,20,17,0.20113457818089114,"[-0.28, 0.60]",0.4089778087359828,0.9318821411825824,False
"Sushi, nidogen and EGF-like domain-containing protein 1",Hb,time1,20,17,0.06221496136141266,"[-0.40, 0.50]",0.8002507380120855,0.9840896993583559,False
Proteasome subunit alpha type-5,Hb,time1,20,17,0.31773249700573974,"[-0.16, 0.67]",0.1849713755379438,0.878412326765734,False
Bifunctional heparan sulfate N-deacetylase/N-sulfotransferase 4,Hb,time1,20,17,-0.36935793954199253,"[-0.71, 0.10]",0.11963151932326861,0.8313974029708804,False
Immunoglobulin heavy variable 3-9,Hb,time1,20,17,-0.010490256213887215,"[-0.46, 0.45]",0.9660024100840657,0.9989122224583239,False
Neural cell adhesion molecule L1-like protein,Hb,time1,20,17,0.12861791780483794,"[-0.35, 0.55]",0.5997501130850893,0.9621706909906743,False
Proteasome subunit alpha type-2,Hb,time1,20,17,0.2996738515607372,"[-0.18, 0.66]",0.21259595586064062,0.8982115991698657,False
Intercellular adhesion molecule 3,Hb,time1,20,17,0.0008850749809311023,"[-0.45, 0.45]",0.9971308006711949,0.9995407469472238,False
Receptor-type tyrosine-protein phosphatase eta,Hb,time1,20,17,-0.15397120830261837,"[-0.57, 0.32]",0.5291184103195175,0.9529295397056773,False
ADAMTS-like protein 4,Hb,time1,20,17,0.06772595425815066,"[-0.40, 0.51]",0.7829436008786379,0.9799892580514401,False
Immunoglobulin lambda variable 3-21,Hb,time1,20,17,0.2914279769034603,"[-0.19, 0.66]",0.22606398000686181,0.8982115991698657,False
Cartilage oligomeric matrix protein,Hb,time1,20,17,0.1544275212705424,"[-0.32, 0.57]",0.5278834285043318,0.9529295397056773,False
Neural cell adhesion molecule 1,Hb,time1,20,17,-0.07130664582888913,"[-0.51, 0.40]",0.7717500861376515,0.976641439674382,False
Immunoglobulin lambda variable 2-11,Hb,time1,20,17,-0.15656641163677715,"[-0.57, 0.32]",0.5221125179185397,0.9529295397056773,False
Immunoglobulin kappa variable 1D-33;Immunoglobulin kappa variable 1-33,Hb,time1,20,17,-0.09573316153686758,"[-0.53, 0.37]",0.6966406796482341,0.9648380336571762,False
Beta-2-glycoprotein 1,Hb,time1,20,17,0.08950222511641857,"[-0.38, 0.52]",0.7155756404054929,0.9656789320774398,False
Vitamin D-binding protein,Hb,time1,20,17,-0.04323332917045263,"[-0.49, 0.42]",0.8605002365924465,0.9941182770911122,False
Filamin-A,Hb,time1,20,17,0.43180022138582813,"[-0.03, 0.74]",0.06487715531448945,0.7845863525077257,False
Reelin,Hb,time1,20,17,-0.05598662304445915,"[-0.50, 0.41]",0.8199181214521953,0.9884225975401152,False
Immunoglobulin lambda variable 5-39,Hb,time1,20,17,-0.2972218349910894,"[-0.66, 0.18]",0.2165445176984995,0.8982115991698657,False
Fatty acid-binding protein 5,Hb,time1,20,17,0.20317987919939054,"[-0.28, 0.60]",0.40412908305788275,0.9318821411825824,False
"HLA class I histocompatibility antigen, A alpha chain",Hb,time1,20,17,0.4023380167292682,"[-0.06, 0.72]",0.08768595587040383,0.8154186244354011,False
Low affinity immunoglobulin gamma Fc region receptor III-A,Hb,time1,20,17,0.05396823278771177,"[-0.41, 0.50]",0.8263143754832536,0.9902234995263719,False
Heat shock 70 kDa protein 1A;Heat shock 70 kDa protein 1B,Hb,time1,20,17,0.2083805968234231,"[-0.27, 0.61]",0.3919417718013629,0.931256717265325,False
Apolipoprotein D,Hb,time1,20,17,-0.3366450785519603,"[-0.69, 0.14]",0.1587420302018101,0.8673998077203762,False
Plexin-B1,Hb,time1,20,17,0.04604725541055453,"[-0.42, 0.49]",0.8515136487995605,0.9924009884071029,False
Immunoglobulin heavy variable 1-58,Hb,time1,20,17,-0.1322674379350427,"[-0.55, 0.34]",0.5893481542200292,0.9610066239456336,False
Apolipoprotein C-IV,Hb,time1,20,17,-0.37658964495092173,"[-0.71, 0.09]",0.11200809776306324,0.8290414311110669,False
Monocyte differentiation antigen CD14,Hb,time1,20,17,0.29420099211818174,"[-0.18, 0.66]",0.22147457901106918,0.8982115991698657,False
Protein MENT,Hb,time1,20,17,-0.08173513433110739,"[-0.52, 0.39]",0.7394021195867879,0.9728363041843875,False
Immunoglobulin epsilon heavy chain,Hb,time1,20,17,0.3426482010399063,"[-0.13, 0.69]",0.15098105523648003,0.8641476395228166,False
Complement factor H,Hb,time1,20,17,0.05103932390036737,"[-0.41, 0.49]",0.8356146066874515,0.9906439255230137,False
Stabilin-1,Hb,time1,20,17,0.1868937776805004,"[-0.29, 0.59]",0.44359680240640054,0.9361498868301301,False
Macrophage receptor MARCO,Hb,time1,20,17,0.07244768526953992,"[-0.39, 0.51]",0.7681920495644676,0.9750590716290142,False
Protein POF1B,Hb,time1,20,17,0.5467485548226514,"[0.12, 0.80]",0.015419011309450881,0.7691231270951278,False
Phosphatidylcholine-sterol acyltransferase,Hb,time1,20,17,0.19289932230553522,"[-0.29, 0.59]",0.4288158866725975,0.9341945835044614,False
Clusterin,Hb,time1,20,17,-0.24156744072154263,"[-0.63, 0.24]",0.3190842618315856,0.9236478900056884,False
Platelet-activating factor acetylhydrolase,Hb,time1,20,17,0.1387483996598518,"[-0.34, 0.56]",0.5710652125479374,0.9575202748664524,False
Vasorin,Hb,time1,20,17,0.22389199910982152,"[-0.26, 0.62]",0.3568198119387589,0.9284484596582698,False
Myeloperoxidase,Hb,time1,20,17,-0.12164626463775734,"[-0.55, 0.35]",0.6198272433088383,0.9621706909906743,False
Immunoglobulin lambda variable 5-52,Hb,time1,20,17,0.13960714080286435,"[-0.34, 0.56]",0.5686612320502551,0.9575202748664524,False
Carboxypeptidase N catalytic chain,Hb,time1,20,17,-0.4340234751874543,"[-0.74, 0.03]",0.06335731064560648,0.7845863525077257,False
Fibrinogen gamma chain,Hb,time1,20,17,-0.2095539153355933,"[-0.61, 0.27]",0.38922054482857493,0.931256717265325,False
Soluble scavenger receptor cysteine-rich domain-containing protein SSC5D,Hb,time1,20,17,0.03782879935436359,"[-0.42, 0.48]",0.8778054283921977,0.995958470840817,False
Tetranectin,Hb,time1,20,17,0.2141916571511975,"[-0.27, 0.61]",0.3785672027304311,0.9300516392509022,False
Apolipoprotein(a),Hb,time1,20,17,0.17085007247880224,"[-0.31, 0.58]",0.484346694648498,0.9447457823105017,False
Alpha-2-antiplasmin,Hb,time1,20,17,-0.06221570640653944,"[-0.50, 0.40]",0.8002483919916646,0.9840896993583559,False
Retroviral-like aspartic protease 1,Hb,time1,20,17,0.26143011414331646,"[-0.22, 0.64]",0.27964059261052493,0.9170614304794888,False
Ficolin-3,Hb,time1,20,17,0.13738309757297054,"[-0.34, 0.56]",0.574896291169172,0.9585981157899655,False
Immunoglobulin kappa variable 2-24,Hb,time1,20,17,-0.0013686974588516482,"[-0.46, 0.45]",0.995563025490599,0.9992571532563216,False
Immunoglobulin superfamily containing leucine-rich repeat protein,Hb,time1,20,17,-0.14404021326765928,"[-0.56, 0.33]",0.5563216872138745,0.9572635531094381,False
Complement factor D,Hb,time1,20,17,0.41689204466561575,"[-0.05, 0.73]",0.07578326180373214,0.8023969889722204,False
Vitamin K-dependent protein Z,Hb,time1,20,17,-0.07118903561275701,"[-0.51, 0.40]",0.7721170725808456,0.976641439674382,False
EGF-containing fibulin-like extracellular matrix protein 1,Hb,time1,20,17,-0.10769822533979355,"[-0.54, 0.36]",0.6607660266577251,0.9631943962996202,False
Dipeptidase 2,Hb,time1,20,17,0.2668980422312513,"[-0.21, 0.64]",0.26933703234963124,0.916480836706628,False
Myeloblastin,Hb,time1,20,17,0.030230803108765854,"[-0.43, 0.48]",0.9022223555483599,0.997559861248858,False
Neurogenic locus notch homolog protein 1,Hb,time1,20,17,-0.04460957970313735,"[-0.49, 0.42]",0.856102907450273,0.9928150111527771,False
Vitamin K-dependent protein S,Hb,time1,20,17,0.09608217166829613,"[-0.37, 0.53]",0.6955850291701529,0.9648380336571762,False
Dermcidin,Hb,time1,20,17,-0.0581218717981621,"[-0.50, 0.41]",0.8131633808366583,0.9858034962512886,False
Immunoglobulin heavy variable 3-73,Hb,time1,20,17,-0.34814537809837076,"[-0.69, 0.13]",0.14410812075757956,0.8558309360858758,False
Alpha-2-macroglobulin,Hb,time1,20,17,-0.40748771158926017,"[-0.73, 0.06]",0.08332781788155458,0.8154186244354011,False
Cation-independent mannose-6-phosphate receptor,Hb,time1,20,17,-0.25205972307786695,"[-0.63, 0.23]",0.2978554091806085,0.9200726263404667,False
Chromodomain-helicase-DNA-binding protein 1;Chromodomain-helicase-DNA-binding protein 2;Chromodomain-helicase-DNA-binding protein 9;Chromodomain-helicase-DNA-binding protein 6;Chromodomain-helicase-DNA-binding protein 8;Chromodomain-helicase-DNA-binding protein 7,Hb,time1,20,17,-0.012105215793396556,"[-0.46, 0.44]",0.9607721090719296,0.9989122224583239,False
Ceruloplasmin,Hb,time1,20,17,-0.17855193295259852,"[-0.59, 0.30]",0.46455845008059393,0.9399490057022261,False
Prostaglandin-H2 D-isomerase,Hb,time1,20,17,0.25798687003143045,"[-0.22, 0.64]",0.28625202100041997,0.9177310147446764,False
Protein S100-A9,Hb,time1,20,17,0.4689630044523685,"[0.02, 0.76]",0.042820010684562836,0.780717100347183,False
Immunoglobulin J chain,Hb,time1,20,17,-0.27240521778832477,"[-0.65, 0.21]",0.2592021107974126,0.908120932246165,False
Probable non-functional immunoglobulin kappa variable 3-7,HKR,time1,20,17,0.2904685935434177,"[-0.19, 0.66]",0.22766602392775628,0.8982115991698657,False
Apolipoprotein A-IV,HKR,time1,20,17,0.027384244509143812,"[-0.43, 0.48]",0.9113929030508543,0.9979381803486915,False
Coagulation factor XII,HKR,time1,20,17,-0.014487988642822294,"[-0.47, 0.44]",0.9530579837942276,0.9989122224583239,False
Mannan-binding lectin serine protease 1,HKR,time1,20,17,-0.14007880835590433,"[-0.56, 0.34]",0.5673427075028167,0.9575202748664524,False
Complement factor I,HKR,time1,20,17,0.19667910041364106,"[-0.28, 0.60]",0.41964835478152684,0.9324135167651676,False
Platelet glycoprotein Ib alpha chain,HKR,time1,20,17,-0.46111608742762566,"[-0.76, -0.01]",0.046910906626117806,0.780717100347183,False
Hepatocyte growth factor-like protein,HKR,time1,20,17,0.41945386189253986,"[-0.04, 0.73]",0.07381874060146427,0.7963212415647299,False
Profilin-1,HKR,time1,20,17,0.4785470135302896,"[0.03, 0.77]",0.038201339709650145,0.780717100347183,False
Peptidase inhibitor 16,HKR,time1,20,17,-0.16357274503450994,"[-0.58, 0.31]",0.5034178210949696,0.9520263061157588,False
Cell surface glycoprotein MUC18,HKR,time1,20,17,-0.06069233262212588,"[-0.50, 0.40]",0.8050486317924502,0.9840896993583559,False
Adhesion G-protein coupled receptor G6,HKR,time1,20,17,0.1749653989535557,"[-0.30, 0.58]",0.47372199816931515,0.9413399766352809,False
Immunoglobulin heavy variable 1-69,HKR,time1,20,17,0.2190364440039136,"[-0.26, 0.61]",0.3676145752211164,0.9285871908420641,False
Insulin-like growth factor-binding protein complex acid labile subunit,HKR,time1,20,17,-0.10080420015889174,"[-0.53, 0.37]",0.6813556805302862,0.9648380336571762,False
Plasma serine protease inhibitor,HKR,time1,20,17,0.45535461641383423,"[0.00, 0.75]",0.050099726784829664,0.780717100347183,False
Immunoglobulin heavy variable 1-69D,HKR,time1,20,17,-0.10717183685157307,"[-0.54, 0.36]",0.6623301591509068,0.9635230036775306,False
Pancreatic adenocarcinoma up-regulated factor,HKR,time1,20,17,-0.12081445754889689,"[-0.55, 0.35]",0.6222403591366916,0.9621706909906743,False
Immunoglobulin heavy variable 3-64D,HKR,time1,20,17,-0.32951701318220844,"[-0.68, 0.15]",0.16830813065504543,0.867816664987516,False
Neutrophil gelatinase-associated lipocalin,HKR,time1,20,17,0.30821284279758976,"[-0.17, 0.67]",0.19921552930124017,0.8922868894209619,False
Lysosome-associated membrane glycoprotein 2,HKR,time1,20,17,-0.04863549100876545,"[-0.49, 0.41]",0.8432632436338663,0.9910182692199748,False
Corneodesmosin,HKR,time1,20,17,-0.004761661826171975,"[-0.46, 0.45]",0.9845646870842144,0.9989122224583239,False
Collagen alpha-1(XVIII) chain,HKR,time1,20,17,0.12205920932503557,"[-0.35, 0.55]",0.6186306477648256,0.9621706909906743,False
Lipopolysaccharide-binding protein,HKR,time1,20,17,0.054759111000978446,"[-0.41, 0.50]",0.8238068213416028,0.9895207784928999,False
Immunoglobulin heavy variable 3-49,HKR,time1,20,17,-0.39263332156398556,"[-0.72, 0.07]",0.096348943209982,0.8179364288014818,False
SPARC-like protein 1,HKR,time1,20,17,0.09665557564234088,"[-0.37, 0.53]",0.6938518190282892,0.9648380336571762,False
Ras-associated and pleckstrin homology domains-containing protein 1,HKR,time1,20,17,-0.2761608720528119,"[-0.65, 0.20]",0.25243012314100377,0.9010501812845132,False
Alpha-1-acid glycoprotein 2,HKR,time1,20,17,0.357005894182262,"[-0.12, 0.70]",0.13349383956439817,0.847666490299985,False
Immunoglobulin heavy variable 3-20,HKR,time1,20,17,-0.28480482175841665,"[-0.65, 0.19]",0.23727330508982397,0.8982115991698657,False
Neurogenic locus notch homolog protein 2,HKR,time1,20,17,-0.002568812701508144,"[-0.46, 0.45]",0.9916726506982061,0.998994958440865,False
Apolipoprotein B-100,HKR,time1,20,17,-0.19695433635327836,"[-0.60, 0.28]",0.4189849112821358,0.9324135167651676,False
CD44 antigen,HKR,time1,20,17,0.30594397377175436,"[-0.17, 0.67]",0.2027148559984419,0.8937375538491094,False
Pigment epithelium-derived factor,HKR,time1,20,17,0.41346651598823403,"[-0.05, 0.73]",0.07847029033659514,0.8085910456185831,False
Xaa-Pro dipeptidase,HKR,time1,20,17,0.4782949703503448,"[0.03, 0.77]",0.038317656712885985,0.780717100347183,False
Immunoglobulin heavy constant delta,HKR,time1,20,17,-0.008797086519321514,"[-0.46, 0.45]",0.9714874309016375,0.9989122224583239,False
Probable non-functional immunoglobulin heavy variable 3-38-3,HKR,time1,20,17,-0.2149645410507386,"[-0.61, 0.27]",0.3768078249607507,0.9300516392509022,False
Immunoglobulin lambda constant 7,HKR,time1,20,17,-0.23441348073368118,"[-0.62, 0.25]",0.33406066694551007,0.9236478900056884,False
Receptor-type tyrosine-protein phosphatase gamma,HKR,time1,20,17,0.09100936428201337,"[-0.38, 0.52]",0.7109805710646186,0.9656789320774398,False
Afamin,HKR,time1,20,17,0.24478600766755268,"[-0.24, 0.63]",0.312478869235475,0.9236478900056884,False
Pyruvate kinase PKLR,HKR,time1,20,17,-0.11800895787913608,"[-0.54, 0.36]",0.6304063823075273,0.9621706909906743,False
Insulin-like growth factor 2,HKR,time1,20,17,-0.016863068748203012,"[-0.47, 0.44]",0.9453727377672692,0.9989122224583239,False
CD109 antigen,HKR,time1,20,17,-0.09351800117440558,"[-0.53, 0.38]",0.7033532536659091,0.9656789320774398,False
ADP-ribosyl cyclase/cyclic ADP-ribose hydrolase 2,HKR,time1,20,17,-0.07420362375954358,"[-0.51, 0.39]",0.7627252909583491,0.9745063647413549,False
Dedicator of cytokinesis protein 4,HKR,time1,20,17,0.36059889478516716,"[-0.11, 0.70]",0.12935046719300708,0.847666490299985,False
Complement factor H-related protein 2,HKR,time1,20,17,0.3206316825293146,"[-0.16, 0.68]",0.180773045184062,0.8755912979162778,False
Selenoprotein P,HKR,time1,20,17,0.14693512078218038,"[-0.33, 0.56]",0.5483283124306357,0.9553346594055773,False
Adipocyte plasma membrane-associated protein,HKR,time1,20,17,0.11899648053921297,"[-0.35, 0.54]",0.6275272374443768,0.9621706909906743,False
Immunoglobulin heavy constant alpha 2,HKR,time1,20,17,-0.1652672576274599,"[-0.58, 0.31]",0.4989452372687254,0.9501333903816576,False
Lactotransferrin,HKR,time1,20,17,-0.12598864294099751,"[-0.55, 0.35]",0.6072905559638176,0.9621706909906743,False
Alpha-enolase,HKR,time1,20,17,0.2346897160006921,"[-0.25, 0.62]",0.33347486693500716,0.9236478900056884,False
Immunoglobulin heavy constant gamma 1,HKR,time1,20,17,0.28093804774415004,"[-0.20, 0.65]",0.24397959079965975,0.8982115991698657,False
Collectin-10,HKR,time1,20,17,-0.1612130742574809,"[-0.57, 0.32]",0.5096779264748983,0.9529295397056773,False
Lysosome-associated membrane glycoprotein 1,HKR,time1,20,17,0.16822675700879516,"[-0.31, 0.58]",0.49118008355729115,0.9484876312761863,False
Cathelicidin antimicrobial peptide,HKR,time1,20,17,-0.3647132357331832,"[-0.70, 0.11]",0.12471826251506649,0.837340757503946,False
Fibroblast growth factor-binding protein 2,HKR,time1,20,17,-0.2885478247166941,"[-0.66, 0.19]",0.23089548927975312,0.8982115991698657,False
Lymphatic vessel endothelial hyaluronic acid receptor 1,HKR,time1,20,17,0.12527801168085825,"[-0.35, 0.55]",0.609335138961393,0.9621706909906743,False
Haptoglobin,HKR,time1,20,17,0.16621476267647295,"[-0.31, 0.58]",0.49645273732162,0.949643311856458,False
Tenascin-X,HKR,time1,20,17,0.08307817776279793,"[-0.39, 0.52]",0.7352652061749166,0.972494791298199,False
Zinc finger protein 512B,HKR,time1,20,17,0.03860644997518377,"[-0.42, 0.48]",0.8753119537569329,0.995958470840817,False
Immunoglobulin lambda variable 3-19,HKR,time1,20,17,0.1249193777290757,"[-0.35, 0.55]",0.6103680324034539,0.9621706909906743,False
Complement C1q subcomponent subunit B,HKR,time1,20,17,-0.40831250159425153,"[-0.73, 0.06]",0.08264488749835158,0.8154186244354011,False
Ubiquitin-ribosomal protein eS31 fusion protein,HKR,time1,20,17,0.35512888356484834,"[-0.12, 0.70]",0.13569505169583834,0.8499184771125022,False
Kinesin-like protein KIF21A,HKR,time1,20,17,-0.39308520952359643,"[-0.72, 0.07]",0.09593227829211252,0.8179364288014818,False
Attractin,HKR,time1,20,17,-0.11472171660234945,"[-0.54, 0.36]",0.6400270186572024,0.9621706909906743,False
Immunoglobulin lambda variable 1-44,HKR,time1,20,17,0.011379812366648487,"[-0.45, 0.46]",0.9631212648152823,0.9989122224583239,False
Immunoglobulin heavy variable 1-46,HKR,time1,20,17,-0.3605617998817681,"[-0.70, 0.11]",0.12939277515010336,0.847666490299985,False
Fibulin-1,HKR,time1,20,17,0.008550288379370496,"[-0.45, 0.46]",0.9722870410807111,0.9989122224583239,False
Secreted phosphoprotein 24,HKR,time1,20,17,0.2037595445150948,"[-0.28, 0.60]",0.40276059905678196,0.931256717265325,False
Scavenger receptor class B member 1,HKR,time1,20,17,0.28440652610201816,"[-0.19, 0.65]",0.23795855981387956,0.8982115991698657,False
Immunoglobulin lambda variable 2-18,HKR,time1,20,17,-0.22054096917185406,"[-0.61, 0.26]",0.36425017968743134,0.9285871908420641,False
Collagen alpha-2(VI) chain,HKR,time1,20,17,-0.11443155037396235,"[-0.54, 0.36]",0.6408789119513791,0.9621706909906743,False
Adiponectin,HKR,time1,20,17,-0.3138489554699372,"[-0.67, 0.16]",0.19069709140517263,0.8786430972185097,False
Nidogen-1,HKR,time1,20,17,0.07599905070410388,"[-0.39, 0.51]",0.7571466927632328,0.9745063647413549,False
Alpha-1-antitrypsin,HKR,time1,20,17,0.11700778244622183,"[-0.36, 0.54]",0.6333305468886408,0.9621706909906743,False
"Sushi, von Willebrand factor type A, EGF and pentraxin domain-containing protein 1",HKR,time1,20,17,-0.18817035172745755,"[-0.59, 0.29]",0.44043296548697575,0.9361498868301301,False
Complement C1s subcomponent,HKR,time1,20,17,-0.35724437507349904,"[-0.70, 0.12]",0.1332159753228127,0.847666490299985,False
Alpha-actinin-4,HKR,time1,20,17,0.26853168110000936,"[-0.21, 0.64]",0.26630522862640305,0.9158755914645343,False
Complement component C1q receptor,HKR,time1,20,17,0.1092138466799655,"[-0.36, 0.54]",0.6562699784396279,0.9630236411946936,False
Inter-alpha-trypsin inhibitor heavy chain H3,HKR,time1,20,17,-0.18060748364530557,"[-0.59, 0.30]",0.4593472628832508,0.9384843653688746,False
Immunoglobulin kappa variable 1D-8,HKR,time1,20,17,-0.0019209133156304712,"[-0.46, 0.45]",0.9937729082095784,0.998994958440865,False
Low-density lipoprotein receptor,HKR,time1,20,17,-0.15724447797312285,"[-0.57, 0.32]",0.5202892112243709,0.9529295397056773,False
Prolactin-inducible protein,HKR,time1,20,17,-0.2250674001403843,"[-0.62, 0.26]",0.354234260682714,0.9275759271483885,False
Hyaluronan-binding protein 2,HKR,time1,20,17,0.1452548059868195,"[-0.33, 0.56]",0.5529616926554712,0.9571984418476326,False
N-acetylmuramoyl-L-alanine amidase,HKR,time1,20,17,0.5746622249684487,"[0.16, 0.82]",0.01006472178955438,0.7385516510769441,False
Serpin A11,HKR,time1,20,17,-0.07369294804756366,"[-0.51, 0.39]",0.7643140799135244,0.9745063647413549,False
C4b-binding protein alpha chain,HKR,time1,20,17,0.04135034348259236,"[-0.42, 0.49]",0.8665230100302399,0.9945740496921144,False
Inter-alpha-trypsin inhibitor heavy chain H2,HKR,time1,20,17,-0.06334979031052759,"[-0.50, 0.40]",0.796679263871767,0.9836599029006693,False
Fibrillin-1,HKR,time1,20,17,-0.1180425139935592,"[-0.54, 0.36]",0.6303084646481996,0.9621706909906743,False
Golgi-associated RAB2 interactor protein 1B,HKR,time1,20,17,-0.4843819383182016,"[-0.77, -0.04]",0.03558390954488824,0.780717100347183,False
Neurogenic locus notch homolog protein 3,HKR,time1,20,17,0.3744958168144755,"[-0.10, 0.71]",0.11417854981981662,0.8290414311110669,False
Immunoglobulin heavy constant alpha 1,HKR,time1,20,17,-0.06982735509819267,"[-0.51, 0.40]",0.7763693634778371,0.9788700135585963,False
Apolipoprotein C-III,HKR,time1,20,17,-0.4980857620983766,"[-0.78, -0.06]",0.0299822910163992,0.780717100347183,False
Glutathione peroxidase 3,HKR,time1,20,17,0.15941320314062343,"[-0.32, 0.57]",0.5144776539530427,0.9529295397056773,False
Contactin-1,HKR,time1,20,17,0.44116772373914726,"[-0.02, 0.75]",0.05865388243599184,0.780717100347183,False
Stomatin,HKR,time1,20,17,-0.07694086032143921,"[-0.51, 0.39]",0.7542249534352446,0.9745063647413549,False
Immunoglobulin heavy variable 3-13,HKR,time1,20,17,-0.17408555437955625,"[-0.58, 0.30]",0.4759836888369654,0.9428366763148328,False
Immunoglobulin heavy variable 1-69-2,HKR,time1,20,17,-0.0082774381162068,"[-0.46, 0.45]",0.9731710879030799,0.9989122224583239,False
Apolipoprotein E,HKR,time1,20,17,-0.2882885799550985,"[-0.66, 0.19]",0.23133362041308392,0.8982115991698657,False
Mucosal addressin cell adhesion molecule 1,HKR,time1,20,17,0.11765570238623113,"[-0.36, 0.54]",0.6314375491266789,0.9621706909906743,False
Protein S100-A11,HKR,time1,20,17,0.15819291247692857,"[-0.32, 0.57]",0.5177439038121223,0.9529295397056773,False
Complement factor H-related protein 4,HKR,time1,20,17,0.22172827986129914,"[-0.26, 0.61]",0.36160752556394393,0.9285871908420641,False
Immunoglobulin kappa variable 1D-16,HKR,time1,20,17,-0.04989197506251586,"[-0.49, 0.41]",0.8392635797693537,0.9906439255230137,False
Immunoglobulin lambda variable 1-47,HKR,time1,20,17,-0.05896425558896562,"[-0.50, 0.41]",0.8105019894306162,0.9853512016964315,False
Fructose-bisphosphate aldolase A,HKR,time1,20,17,0.4501348002807683,"[-0.01, 0.75]",0.05312875366051472,0.780717100347183,False
Thrombospondin-1,HKR,time1,20,17,-0.33131149430860357,"[-0.68, 0.14]",0.16586374822715236,0.867816664987516,False
Aminopeptidase N,HKR,time1,20,17,0.12764286186816604,"[-0.35, 0.55]",0.6025419633513559,0.9621706909906743,False
Apolipoprotein M,HKR,time1,20,17,-0.27576570282634943,"[-0.65, 0.20]",0.25313734451381775,0.9028744056970597,False
Immunoglobulin heavy variable 3-43,HKR,time1,20,17,-0.05818552087569035,"[-0.50, 0.41]",0.812962221797603,0.9858034962512886,False
Cysteine-rich secretory protein 3,HKR,time1,20,17,0.5353287974885181,"[0.11, 0.80]",0.018176919185630577,0.780717100347183,False
Complement component C8 alpha chain,HKR,time1,20,17,0.2930473493776874,"[-0.19, 0.66]",0.22337645664686429,0.8982115991698657,False
Immunoglobulin heavy variable 2-70D,HKR,time1,20,17,-0.20675035234323372,"[-0.60, 0.27]",0.3957400739314988,0.931256717265325,False
Immunoglobulin heavy variable 3-23,HKR,time1,20,17,-0.4503903307857994,"[-0.75, 0.00]",0.052977314245313274,0.780717100347183,False
Plasma kallikrein,HKR,time1,20,17,-0.6435660662480901,"[-0.85, -0.27]",0.0029485000036586603,0.7385516510769441,False
Galectin-7,HKR,time1,20,17,0.16860978807526925,"[-0.31, 0.58]",0.4901794154315572,0.9474363328117412,False
Extracellular superoxide dismutase [Cu-Zn],HKR,time1,20,17,0.1905301455865619,"[-0.29, 0.59]",0.4346155856015902,0.9359036782783398,False
Immunoglobulin heavy variable 1-8,HKR,time1,20,17,-0.392593427008136,"[-0.72, 0.07]",0.09638579117772843,0.8179364288014818,False
Cystatin-C,HKR,time1,20,17,0.20502021529502476,"[-0.27, 0.60]",0.39979311447832044,0.931256717265325,False
Immunoglobulin lambda-like polypeptide 1,HKR,time1,20,17,-0.006212793577039456,"[-0.46, 0.45]",0.979861527610325,0.9989122224583239,False
Inhibin beta C chain,HKR,time1,20,17,0.10642859182348025,"[-0.37, 0.53]",0.6645409478000959,0.9642690192775135,False
Mannose-binding protein C,HKR,time1,20,17,0.12182540010352423,"[-0.35, 0.55]",0.6193080474055366,0.9621706909906743,False
IgGFc-binding protein,HKR,time1,20,17,0.18260263929556014,"[-0.30, 0.59]",0.45431779258634064,0.9362868049217405,False
Macrophage mannose receptor 1,HKR,time1,20,17,0.2948276265918415,"[-0.18, 0.66]",0.22044594991757788,0.8982115991698657,False
Aromatase,HKR,time1,20,17,0.2216654267079049,"[-0.26, 0.61]",0.3617471464499922,0.9285871908420641,False
Cadherin-5,HKR,time1,20,17,0.4278795159109384,"[-0.03, 0.74]",0.06762370556393282,0.7864905583204208,False
Immunoglobulin kappa variable 1-8,HKR,time1,20,17,-0.2274650295835169,"[-0.62, 0.25]",0.3489936064385448,0.926595760949047,False
Retinol-binding protein 4,HKR,time1,20,17,0.18062669132287615,"[-0.30, 0.59]",0.45929870875961154,0.9384843653688746,False
Complement component C8 beta chain,HKR,time1,20,17,0.27377742230236957,"[-0.21, 0.65]",0.2567147088739651,0.905784054510989,False
Tumor necrosis factor receptor superfamily member 1B,HKR,time1,20,17,0.2750749430824707,"[-0.20, 0.65]",0.25437658230413246,0.9039683405487355,False
Formin-2,HKR,time1,20,17,0.07855594886543528,"[-0.39, 0.51]",0.749221979780069,0.9738797723547303,False
Scavenger receptor cysteine-rich domain-containing protein DMBT1,HKR,time1,20,17,0.0014250480632284931,"[-0.45, 0.46]",0.9953803527566976,0.9992384161394755,False
Apolipoprotein L1,HKR,time1,20,17,-0.39623765105586534,"[-0.72, 0.07]",0.09306191715404365,0.8154186244354011,False
Leucine-rich alpha-2-glycoprotein,HKR,time1,20,17,0.11506254726278065,"[-0.36, 0.54]",0.6390269310956553,0.9621706909906743,False
Immunoglobulin heavy variable 1-2,HKR,time1,20,17,0.1722626676623083,"[-0.31, 0.58]",0.48068657708914797,0.9447457823105017,False
Ras-related protein Rab-10,HKR,time1,20,17,0.0624819935041768,"[-0.40, 0.50]",0.7994100042246384,0.9840896993583559,False
Immunoglobulin heavy variable 1-24,HKR,time1,20,17,-0.06855896452068769,"[-0.51, 0.40]",0.7803358148649414,0.9792734583116876,False
Annexin A3,HKR,time1,20,17,-0.11613144917081465,"[-0.54, 0.36]",0.6358943617958075,0.9621706909906743,False
Hemoglobin subunit beta,HKR,time1,20,17,0.044229603859241524,"[-0.42, 0.49]",0.8573165877683765,0.9928150111527771,False
Immunoglobulin lambda variable 4-69,HKR,time1,20,17,-0.18434572892644532,"[-0.59, 0.29]",0.4499469408270499,0.9361498868301301,False
Elongation factor 2,HKR,time1,20,17,0.3276106424803633,"[-0.15, 0.68]",0.1709317038295476,0.867816664987516,False
Multiple inositol polyphosphate phosphatase 1,HKR,time1,20,17,0.2044943970732786,"[-0.28, 0.60]",0.4010293793496439,0.931256717265325,False
Collagen alpha-1(VI) chain,HKR,time1,20,17,0.11380061921201065,"[-0.36, 0.54]",0.6427327331709027,0.9621706909906743,False
Hepatocyte growth factor activator,HKR,time1,20,17,0.13049137736138086,"[-0.34, 0.55]",0.5944008894224553,0.961962834437533,False
Fibrinogen beta chain,HKR,time1,20,17,-0.15422189762629965,"[-0.57, 0.32]",0.5284397704463403,0.9529295397056773,False
Hemicentin-1,HKR,time1,20,17,0.35533452725935033,"[-0.12, 0.70]",0.13545265532235187,0.8499184771125022,False
C-type mannose receptor 2,HKR,time1,20,17,0.12422131265636907,"[-0.35, 0.55]",0.6123805348495713,0.9621706909906743,False
Platelet glycoprotein Ib beta chain,HKR,time1,20,17,0.08474689025469818,"[-0.38, 0.52]",0.7301348658090638,0.9699742787661942,False
Complement C2,HKR,time1,20,17,0.3214502965979093,"[-0.16, 0.68]",0.17959933821977156,0.8733740923033797,False
Annexin A2,HKR,time1,20,17,0.019140296406923364,"[-0.44, 0.47]",0.938008448305086,0.9989122224583239,False
Protein disulfide-isomerase A3,HKR,time1,20,17,0.26805780241439076,"[-0.21, 0.64]",0.267182474717674,0.9158755914645343,False
Dipeptidyl peptidase 4,HKR,time1,20,17,-0.13608984873324012,"[-0.56, 0.34]",0.5785353339373007,0.9585981157899655,False
Proteasome subunit alpha type-4,HKR,time1,20,17,0.167299458667341,"[-0.31, 0.58]",0.49360677019556476,0.949265179630428,False
Coagulation factor XI,HKR,time1,20,17,0.08630927064042636,"[-0.38, 0.52]",0.7253413578234973,0.967409131230626,False
Collectin-11,HKR,time1,20,17,-0.40701214444754835,"[-0.73, 0.06]",0.08372347122719229,0.8154186244354011,False
High mobility group protein B1,HKR,time1,20,17,-0.1721804219271394,"[-0.58, 0.31]",0.4808993045356673,0.9447457823105017,False
Immunoglobulin lambda variable 3-16,HKR,time1,20,17,-0.16407261450906918,"[-0.58, 0.31]",0.5020964430721127,0.951355500182219,False
Prothrombin,HKR,time1,20,17,-0.10537414288898271,"[-0.53, 0.37]",0.6676819662820761,0.9648380336571762,False
Immunoglobulin kappa joining 1,HKR,time1,20,17,0.07856854280422293,"[-0.39, 0.51]",0.7491830055799664,0.9738797723547303,False
Immunoglobulin heavy variable 3-7,HKR,time1,20,17,-0.18263366482810595,"[-0.59, 0.30]",0.4542398055847353,0.9362868049217405,False
Immunoglobulin heavy variable 3-74,HKR,time1,20,17,-0.3421739892127079,"[-0.69, 0.13]",0.15158438397554339,0.864326199569271,False
Ezrin,HKR,time1,20,17,0.24006869282486754,"[-0.24, 0.63]",0.3221882121343752,0.9236478900056884,False
Intercellular adhesion molecule 2,HKR,time1,20,17,0.17551841978763416,"[-0.30, 0.58]",0.4723031796160765,0.9413399766352809,False
Lysozyme C,HKR,time1,20,17,0.14067266289046088,"[-0.33, 0.56]",0.5656845099704899,0.9574313225752206,False
Protein AMBP,HKR,time1,20,17,0.13372113562317953,"[-0.34, 0.55]",0.5852259666128126,0.9599322538236903,False
Prolyl endopeptidase FAP,HKR,time1,20,17,-0.028256939716592856,"[-0.48, 0.43]",0.9085802129480784,0.997559861248858,False
"Actin, cytoplasmic 2",HKR,time1,20,17,0.45018858073624435,"[-0.01, 0.75]",0.053096853588580226,0.780717100347183,False
Kallistatin,HKR,time1,20,17,0.12050879046939991,"[-0.35, 0.54]",0.6231280445987406,0.9621706909906743,False
Hemopexin,HKR,time1,20,17,0.44772844667693873,"[-0.01, 0.75]",0.05457102109425775,0.780717100347183,False
C4b-binding protein beta chain,HKR,time1,20,17,-0.2452255840478598,"[-0.63, 0.24]",0.3115831368481357,0.9236478900056884,False
Peptidyl-prolyl cis-trans isomerase A,HKR,time1,20,17,0.44707055148855274,"[-0.01, 0.75]",0.05497044701009406,0.780717100347183,False
Complement C1r subcomponent-like protein,HKR,time1,20,17,-0.3158019858644141,"[-0.67, 0.16]",0.18780300899391095,0.878412326765734,False
Immunoglobulin heavy variable 3-30;Immunoglobulin heavy variable 3-30-5,HKR,time1,20,17,-0.33566287111792,"[-0.69, 0.14]",0.16003746011471967,0.867816664987516,False
Immunoglobulin lambda variable 3-9,HKR,time1,20,17,0.2017033337825431,"[-0.28, 0.60]",0.4076263330698381,0.9318821411825824,False
Immunoglobulin heavy variable 1-45,HKR,time1,20,17,-0.25004065163434824,"[-0.63, 0.23]",0.301872289667365,0.9236478900056884,False
Hemoglobin subunit gamma-1,HKR,time1,20,17,0.003758038408251562,"[-0.45, 0.46]",0.9878177533702517,0.9989122224583239,False
Apolipoprotein F,HKR,time1,20,17,0.30408936011264026,"[-0.17, 0.67]",0.20560529402899616,0.8937375538491094,False
Immunoglobulin gamma-1 heavy chain,HKR,time1,20,17,-0.09878982766097438,"[-0.53, 0.37]",0.6874135193454565,0.9648380336571762,False
Low affinity immunoglobulin gamma Fc region receptor III-B,HKR,time1,20,17,0.48902899369788655,"[0.04, 0.77]",0.03360046756069194,0.780717100347183,False
Multiple epidermal growth factor-like domains protein 8,HKR,time1,20,17,-0.019128682058401337,"[-0.47, 0.44]",0.9380459960263272,0.9989122224583239,False
Complement C4-B,HKR,time1,20,17,0.11220601947249235,"[-0.36, 0.54]",0.6474270351095606,0.9623162852441542,False
Glyceraldehyde-3-phosphate dehydrogenase,HKR,time1,20,17,-0.03666828429253441,"[-0.48, 0.42]",0.8815285700786357,0.995958470840817,False
Complement C1r subcomponent,HKR,time1,20,17,-0.274379920395862,"[-0.65, 0.21]",0.2556273304613066,0.9052412167881767,False
Sex hormone-binding globulin,HKR,time1,20,17,-0.011216738844141263,"[-0.46, 0.45]",0.9636494049103466,0.9989122224583239,False
Biotinidase,HKR,time1,20,17,0.583315933130352,"[0.18, 0.82]",0.00875192578123299,0.7385516510769441,False
Cholinesterase,HKR,time1,20,17,0.08690199408672795,"[-0.38, 0.52]",0.7235253796050054,0.9673286249298616,False
Immunoglobulin heavy variable 2-5,HKR,time1,20,17,-0.5057420892065013,"[-0.78, -0.07]",0.027167185678578072,0.780717100347183,False
Immunoglobulin lambda variable 1-36,HKR,time1,20,17,-0.11932654045954942,"[-0.54, 0.35]",0.6265660852933023,0.9621706909906743,False
Immunoglobulin kappa variable 3-11,HKR,time1,20,17,-0.06694817516229272,"[-0.51, 0.40]",0.7853804853253202,0.9809449094133241,False
Immunoglobulin kappa variable 6-21,HKR,time1,20,17,-0.2592287287749626,"[-0.64, 0.22]",0.28385654451119635,0.917472121603545,False
Immunoglobulin kappa light chain,HKR,time1,20,17,0.0805822964025382,"[-0.39, 0.52]",0.7429586300074073,0.9728363041843875,False
Neuropilin-1,HKR,time1,20,17,0.31639547739035867,"[-0.16, 0.67]",0.1869294139242692,0.878412326765734,False
Ficolin-2,HKR,time1,20,17,-0.02648929568109801,"[-0.47, 0.43]",0.9142783642609134,0.9985551599450393,False
Gamma-glutamyl hydrolase,HKR,time1,20,17,-0.07856854280422293,"[-0.51, 0.39]",0.7491830055799664,0.9738797723547303,False
Keratinocyte proline-rich protein,HKR,time1,20,17,0.038709195896379646,"[-0.42, 0.48]",0.8749825907704464,0.995958470840817,False
Kyphoscoliosis peptidase,HKR,time1,20,17,0.2790535079124925,"[-0.20, 0.65]",0.24729138842670784,0.8982115991698657,False
Laminin subunit alpha-2,HKR,time1,20,17,-0.07985465684697601,"[-0.52, 0.39]",0.745205975243572,0.9738797723547303,False
Desmoglein-1,HKR,time1,20,17,0.09462562525029308,"[-0.38, 0.53]",0.6999941716326852,0.9648380336571762,False
Immunoglobulin lambda variable 3-27,HKR,time1,20,17,-0.12559870339120846,"[-0.55, 0.35]",0.608412120778206,0.9621706909906743,False
Myosin-9,HKR,time1,20,17,0.5967059065536277,"[0.20, 0.83]",0.00699684319697724,0.7385516510769441,False
Versican core protein,HKR,time1,20,17,-0.1580016863946573,"[-0.57, 0.32]",0.5182566244083693,0.9529295397056773,False
Proteasome subunit beta type-3,HKR,time1,20,17,0.5029511369707648,"[0.06, 0.78]",0.028168311310776496,0.780717100347183,False
Alpha-N-acetylglucosaminidase,HKR,time1,20,17,-0.2902100919883264,"[-0.66, 0.19]",0.2280989409705378,0.8982115991698657,False
Caspase-14,HKR,time1,20,17,0.0481671176861006,"[-0.42, 0.49]",0.8447551241073263,0.9910606354169061,False
Histidine-rich glycoprotein,HKR,time1,20,17,0.41814958993391915,"[-0.04, 0.73]",0.07481413646743104,0.7990770804076068,False
"ATP synthase subunit alpha, mitochondrial",HKR,time1,20,17,0.12634335973542543,"[-0.35, 0.55]",0.6062710298478122,0.9621706909906743,False
Immunoglobulin kappa constant,HKR,time1,20,17,-0.013633427485517277,"[-0.46, 0.44]",0.9558241637655799,0.9989122224583239,False
Interleukin-1 receptor accessory protein,HKR,time1,20,17,0.33156118271114665,"[-0.14, 0.68]",0.16552556373375163,0.867816664987516,False
Immunoglobulin lambda variable 9-49,HKR,time1,20,17,-0.13609082079293308,"[-0.56, 0.34]",0.5785325949915749,0.9585981157899655,False
Plexin domain-containing protein 2,HKR,time1,20,17,0.008429245595067688,"[-0.45, 0.46]",0.9726792212523601,0.9989122224583239,False
Immunoglobulin heavy variable 4-28,HKR,time1,20,17,-0.06871384581063138,"[-0.51, 0.40]",0.7798511967621732,0.9792734583116876,False
Desmoplakin,HKR,time1,20,17,0.030188303717931533,"[-0.43, 0.48]",0.9023591883659299,0.997559861248858,False
Endoplasmin,HKR,time1,20,17,0.19293350012102448,"[-0.29, 0.60]",0.42873252051582367,0.9341945835044614,False
Heparin cofactor 2,HKR,time1,20,17,0.1628033442235297,"[-0.31, 0.57]",0.505454945658582,0.9520708301626678,False
Laminin subunit gamma-1,HKR,time1,20,17,0.19296817399074212,"[-0.29, 0.60]",0.4286479531404793,0.9341945835044614,False
Polymeric immunoglobulin receptor,HKR,time1,20,17,-0.19841610150944666,"[-0.60, 0.28]",0.4154708045259601,0.9324135167651676,False
Serum amyloid A-4 protein,HKR,time1,20,17,-0.2559393231567466,"[-0.64, 0.22]",0.29022862270773775,0.9177310147446764,False
Catalase,HKR,time1,20,17,0.3224468115761071,"[-0.15, 0.68]",0.1781775186316393,0.8726162985203338,False
Complement receptor type 1,HKR,time1,20,17,-0.009046908718138567,"[-0.46, 0.45]",0.9706780494911582,0.9989122224583239,False
Immunoglobulin kappa variable 1-27,HKR,time1,20,17,-0.272220858443575,"[-0.65, 0.21]",0.25953745125130856,0.908120932246165,False
Immunoglobulin kappa variable 2-30,HKR,time1,20,17,-0.18321863276477612,"[-0.59, 0.30]",0.45277069124967584,0.9362868049217405,False
Protein-glutamine gamma-glutamyltransferase E,HKR,time1,20,17,0.24809959176013058,"[-0.23, 0.63]",0.30576468389360467,0.9236478900056884,False
Periostin,HKR,time1,20,17,0.16377830210392694,"[-0.31, 0.58]",0.5028742401574415,0.9517580475604865,False
Albumin,HKR,time1,20,17,0.42059465650048455,"[-0.04, 0.73]",0.07295619577910573,0.7963212415647299,False
Complement factor B,HKR,time1,20,17,0.20151376256268294,"[-0.28, 0.60]",0.4080765227798807,0.9318821411825824,False
Probable non-functional immunoglobulinn kappa variable 1-37;Probable non-functional immunoglobulinn kappa variable 1D-37,HKR,time1,20,17,0.16519033020277368,"[-0.31, 0.58]",0.49914786678709533,0.9501333903816576,False
Immunoglobulin lambda variable 8-61,HKR,time1,20,17,-0.15042058153176427,"[-0.57, 0.33]",0.5387733129159933,0.954665480182609,False
Annexin A1,HKR,time1,20,17,0.1579483290162724,"[-0.32, 0.57]",0.5183997302135204,0.9529295397056773,False
CD5 antigen-like,HKR,time1,20,17,-0.2678140408595058,"[-0.64, 0.21]",0.26763442924389186,0.9158755914645343,False
RB-associated KRAB zinc finger protein,HKR,time1,20,17,0.46870284901373654,"[0.02, 0.76]",0.042951092083206834,0.780717100347183,False
Immunoglobulin lambda variable 7-46,HKR,time1,20,17,-0.2636619381071086,"[-0.64, 0.22]",0.27540604095617904,0.9170614304794888,False
Basement membrane-specific heparan sulfate proteoglycan core protein,HKR,time1,20,17,0.13385364096708552,"[-0.34, 0.55]",0.5848508331296759,0.9599322538236903,False
Vitamin K-dependent protein C,HKR,time1,20,17,0.261655897416827,"[-0.22, 0.64]",0.2792103853020634,0.9170614304794888,False
Immunoglobulin lambda variable 1-40,HKR,time1,20,17,-0.16063793430810192,"[-0.57, 0.32]",0.5112093366481014,0.9529295397056773,False
Pantetheinase,HKR,time1,20,17,-0.012363472946073314,"[-0.46, 0.44]",0.9599358395398542,0.9989122224583239,False
Neutrophil defensin 1;Neutrophil defensin 3,HKR,time1,20,17,-0.18629133252333144,"[-0.59, 0.29]",0.4450939760972048,0.9361498868301301,False
Immunoglobulin lambda variable 2-8,HKR,time1,20,17,-0.2706336577449043,"[-0.65, 0.21]",0.26243577339540936,0.9122457279244144,False
Immunoglobulin heavy variable 1-18,HKR,time1,20,17,0.07407946625988743,"[-0.39, 0.51]",0.7631114803100199,0.9745063647413549,False
Immunoglobulin kappa variable 3D-15,HKR,time1,20,17,-0.263081815896005,"[-0.64, 0.22]",0.276502890984778,0.9170614304794888,False
Extracellular matrix protein 1,HKR,time1,20,17,-0.15578911663544268,"[-0.57, 0.32]",0.5242063126562115,0.9529295397056773,False
Tubulin alpha-1B chain,HKR,time1,20,17,0.24536738616053422,"[-0.24, 0.63]",0.31129451266349795,0.9236478900056884,False
Immunoglobulin lambda variable 5-45,HKR,time1,20,17,-0.36832640111459336,"[-0.70, 0.10]",0.12074826015358028,0.8313974029708804,False
Alpha-2-HS-glycoprotein,HKR,time1,20,17,0.2063609733362592,"[-0.27, 0.60]",0.3966502653277728,0.931256717265325,False
Cartilage acidic protein 1,HKR,time1,20,17,0.22021755319704867,"[-0.26, 0.61]",0.36497191753466907,0.9285871908420641,False
Coagulation factor IX,HKR,time1,20,17,-0.31597974193944955,"[-0.67, 0.16]",0.18754107285089838,0.878412326765734,False
Integrin alpha-2,HKR,time1,20,17,0.004939491383049092,"[-0.45, 0.46]",0.9839883072104041,0.9989122224583239,False
"Mannosyl-oligosaccharide 1,2-alpha-mannosidase IA",HKR,time1,20,17,0.20541116114143979,"[-0.27, 0.60]",0.3988753028449029,0.931256717265325,False
Endophilin-A3,HKR,time1,20,17,-0.17718097586140077,"[-0.58, 0.30]",0.4680506028461372,0.9399490057022261,False
Collagen alpha-1(I) chain,HKR,time1,20,17,-0.019343593111092454,"[-0.47, 0.44]",0.9373512360990911,0.9989122224583239,False
Carboxypeptidase N subunit 2,HKR,time1,20,17,-0.28956652842266634,"[-0.66, 0.19]",0.22917904042476717,0.8982115991698657,False
Scavenger receptor cysteine-rich type 1 protein M130,HKR,time1,20,17,0.5969058992780596,"[0.20, 0.83]",0.0069729901964564545,0.7385516510769441,False
Annexin A5,HKR,time1,20,17,0.27997846911930374,"[-0.20, 0.65]",0.24566235297107236,0.8982115991698657,False
Platelet factor 4,HKR,time1,20,17,-0.01779050693945598,"[-0.47, 0.44]",0.9423729658726072,0.9989122224583239,False
Immunoglobulin heavy variable 3-72,HKR,time1,20,17,-0.018160473532884597,"[-0.47, 0.44]",0.941176524708362,0.9989122224583239,False
Protein HEG homolog 1,HKR,time1,20,17,0.02387623597112256,"[-0.44, 0.47]",0.9227090464182913,0.9988788261324435,False
Sulfhydryl oxidase 1,HKR,time1,20,17,0.339894564666336,"[-0.14, 0.69]",0.15450771595496735,0.8648835903913135,False
Corticosteroid-binding globulin,HKR,time1,20,17,0.06974947757495954,"[-0.40, 0.51]",0.7766127468444455,0.9788887796632036,False
Angiopoietin-related protein 6,HKR,time1,20,17,0.27646401850596797,"[-0.20, 0.65]",0.2518884406334496,0.9010501812845132,False
72 kDa type IV collagenase,HKR,time1,20,17,-0.026321076093285226,"[-0.47, 0.43]",0.9148208473887229,0.9985551599450393,False
Trypsin-3,HKR,time1,20,17,-0.023885435382860906,"[-0.47, 0.44]",0.922679351408948,0.9988788261324435,False
Complement component C9,HKR,time1,20,17,0.05977995117773382,"[-0.41, 0.50]",0.8079268108554848,0.9844261695888036,False
Pyruvate kinase PKM,HKR,time1,20,17,0.18550762627376108,"[-0.29, 0.59]",0.44704552328094604,0.9361498868301301,False
Immunoglobulin heavy variable 4-34,HKR,time1,20,17,-0.03969626529653121,"[-0.49, 0.42]",0.8718194448219467,0.9952750807277061,False
Immunoglobulin kappa variable 6D-21,HKR,time1,20,17,-0.40434839490964203,"[-0.73, 0.06]",0.0859651775805764,0.8154186244354011,False
Immunoglobulin lambda-1 light chain,HKR,time1,20,17,-0.11898772308256281,"[-0.54, 0.35]",0.6275527474571155,0.9621706909906743,False
Transforming growth factor-beta-induced protein ig-h3,HKR,time1,20,17,0.2790034065888235,"[-0.20, 0.65]",0.2473798222058892,0.8982115991698657,False
Complement C1q subcomponent subunit A,HKR,time1,20,17,-0.21802149235835394,"[-0.61, 0.26]",0.36989408952564995,0.9300516392509022,False
Prolow-density lipoprotein receptor-related protein 1,HKR,time1,20,17,-0.006671496367547487,"[-0.46, 0.45]",0.9783749840127175,0.9989122224583239,False
Immunoglobulin heavy constant mu,HKR,time1,20,17,-0.3750251486396128,"[-0.71, 0.10]",0.11362703072304134,0.8290414311110669,False
UV-stimulated scaffold protein A,HKR,time1,20,17,0.07807782800076392,"[-0.39, 0.51]",0.7507020401231348,0.9741110734656547,False
Complement component C6,HKR,time1,20,17,0.3013204884864138,"[-0.18, 0.66]",0.20997100458272855,0.8980339270305654,False
Angiotensinogen,HKR,time1,20,17,-0.1974316047730762,"[-0.60, 0.28]",0.417835807880617,0.9324135167651676,False
Pregnancy zone protein,HKR,time1,20,17,-0.5112069905019574,"[-0.78, -0.07]",0.025287728319085077,0.780717100347183,False
Histone H2A type 1-B/E;Histone H2A type 3;Histone H2A type 1-C,HKR,time1,20,17,-0.04678367306288869,"[-0.49, 0.42]",0.8491646615000794,0.991249088174675,False
Desmocollin-1,HKR,time1,20,17,0.1719557996295631,"[-0.31, 0.58]",0.4814805242236633,0.9447457823105017,False
Protein Z-dependent protease inhibitor,HKR,time1,20,17,-0.1429482066648707,"[-0.56, 0.33]",0.5593502639290292,0.9574313225752206,False
Immunoglobulin kappa variable 1-17,HKR,time1,20,17,-0.0475920883631603,"[-0.49, 0.42]",0.8465874209376487,0.991249088174675,False
Fibronectin,HKR,time1,20,17,-0.35380240575390465,"[-0.70, 0.12]",0.13726591041555475,0.8527201482826067,False
Probable non-functional immunoglobulin heavy variable 3-38,HKR,time1,20,17,-0.19740807069963842,"[-0.60, 0.28]",0.41789243052318525,0.9324135167651676,False
Nucleoside diphosphate kinase 3,HKR,time1,20,17,0.3808896688706477,"[-0.09, 0.71]",0.10764365781791393,0.8290414311110669,False
Plasma protease C1 inhibitor,HKR,time1,20,17,-0.06071118828369336,"[-0.50, 0.40]",0.8049891753025519,0.9840896993583559,False
Immunoglobulin kappa variable 1-16,HKR,time1,20,17,-0.23404287043811955,"[-0.62, 0.25]",0.3348475501451875,0.9236478900056884,False
F-actin-capping protein subunit alpha-1,HKR,time1,20,17,0.6078201972770572,"[0.21, 0.83]",0.00576806648094747,0.7385516510769441,False
Cathepsin D,HKR,time1,20,17,0.004443851970344176,"[-0.45, 0.46]",0.9855947881456388,0.9989122224583239,False
Anthrax toxin receptor 2,HKR,time1,20,17,0.021437720623912217,"[-0.44, 0.47]",0.9305837264332781,0.9989122224583239,False
Talin-1,HKR,time1,20,17,0.25669710236567994,"[-0.22, 0.64]",0.2887530004780134,0.9177310147446764,False
Protein disulfide-isomerase,HKR,time1,20,17,0.7139067593075072,"[0.38, 0.88]",0.000597002610674083,0.5177587784035962,False
Junction plakoglobin,HKR,time1,20,17,-0.05808319484889869,"[-0.50, 0.41]",0.813285622454646,0.9858034962512886,False
Tenascin,HKR,time1,20,17,-0.12130809479522899,"[-0.55, 0.35]",0.6208078447244572,0.9621706909906743,False
Cadherin-related family member 5,HKR,time1,20,17,0.10281809305243972,"[-0.37, 0.53]",0.6753178893872662,0.9648380336571762,False
Kininogen-1,HKR,time1,20,17,0.04389168594927294,"[-0.42, 0.49]",0.8583961885497468,0.9929646300905662,False
Alpha-1-antichymotrypsin,HKR,time1,20,17,0.3882704904648095,"[-0.08, 0.72]",0.10043954953444865,0.8238245146954656,False
Integrin alpha-IIb,HKR,time1,20,17,0.1626818729625102,"[-0.31, 0.57]",0.5057769223079189,0.9520708301626678,False
Serum amyloid P-component,HKR,time1,20,17,0.04722851305045918,"[-0.42, 0.49]",0.847746321758453,0.991249088174675,False
Inter-alpha-trypsin inhibitor heavy chain H1,HKR,time1,20,17,-0.11602643841699692,"[-0.54, 0.36]",0.636201849841975,0.9621706909906743,False
Probable non-functional immunoglobulin heavy variable 3-35,HKR,time1,20,17,-0.307333978490753,"[-0.67, 0.17]",0.2005662304490649,0.892789897490977,False
Immunoglobulin kappa variable 1-5,HKR,time1,20,17,-0.14287986638125477,"[-0.56, 0.33]",0.5595400406337905,0.9574313225752206,False
Band 3 anion transport protein,HKR,time1,20,17,-0.24411365306378852,"[-0.63, 0.24]",0.3138519153354477,0.9236478900056884,False
Immunoglobulin lambda variable 7-43,HKR,time1,20,17,0.04506540712985746,"[-0.42, 0.49]",0.8546473578197794,0.9928150111527771,False
Peroxiredoxin-1,HKR,time1,20,17,0.26662163640331915,"[-0.21, 0.64]",0.2698521218280713,0.9170614304794888,False
Matrix metalloproteinase-9,HKR,time1,20,17,0.11765570238623113,"[-0.36, 0.54]",0.6314375491266789,0.9621706909906743,False
Multimerin-2,HKR,time1,20,17,0.11632697085907531,"[-0.36, 0.54]",0.6353219953902793,0.9621706909906743,False
Immunoglobulin heavy variable 1-3,HKR,time1,20,17,-0.4512136502175485,"[-0.75, 0.00]",0.0524916024652033,0.780717100347183,False
Podocalyxin,HKR,time1,20,17,0.22437742957077114,"[-0.26, 0.62]",0.35575069546608395,0.9283317003155915,False
Immunoglobulin lambda variable 1-51,HKR,time1,20,17,0.12773444328244352,"[-0.35, 0.55]",0.6022795147011197,0.9621706909906743,False
Cadherin-13,HKR,time1,20,17,0.4432824579917642,"[-0.01, 0.75]",0.05731349384163431,0.780717100347183,False
Plastin-2,HKR,time1,20,17,0.49982681401382895,"[0.06, 0.78]",0.029322993808078658,0.780717100347183,False
Inter-alpha-trypsin inhibitor heavy chain H4,HKR,time1,20,17,0.031904367858554605,"[-0.43, 0.48]",0.8968362120989968,0.997559861248858,False
Fructose-bisphosphate aldolase B,HKR,time1,20,17,0.2733534407252027,"[-0.21, 0.65]",0.2574816494815341,0.905784054510989,False
Mannan-binding lectin serine protease 2,HKR,time1,20,17,-0.04698696495813904,"[-0.49, 0.42]",0.848516424859469,0.991249088174675,False
Platelet glycoprotein 4,HKR,time1,20,17,0.015139164834050596,"[-0.44, 0.47]",0.9509504960482599,0.9989122224583239,False
Hemoglobin subunit alpha,HKR,time1,20,17,-0.14746349553521035,"[-0.56, 0.33]",0.546874957586378,0.9551466476013153,False
Immunoglobulin lambda variable 3-10,HKR,time1,20,17,-0.2521670162775042,"[-0.63, 0.23]",0.2976428649253464,0.9200359940361522,False
Serum paraoxonase/lactonase 3,HKR,time1,20,17,0.14237309206867754,"[-0.33, 0.56]",0.5609482060648638,0.9574313225752206,False
Dopamine beta-hydroxylase,HKR,time1,20,17,0.09117830893329608,"[-0.38, 0.52]",0.7104660720128516,0.9656789320774398,False
Triosephosphate isomerase,HKR,time1,20,17,0.18824899634540024,"[-0.29, 0.59]",0.44023843947690544,0.9361498868301301,False
Endoplasmic reticulum chaperone BiP,HKR,time1,20,17,0.28093804774415004,"[-0.20, 0.65]",0.24397959079965975,0.8982115991698657,False
Suprabasin,HKR,time1,20,17,0.09999087243652763,"[-0.37, 0.53]",0.6837993854672166,0.9648380336571762,False
Immunoglobulin kappa variable 3-20,HKR,time1,20,17,-0.14963533606782087,"[-0.57, 0.33]",0.5409193371240636,0.9550458416046101,False
Ficolin-1,HKR,time1,20,17,-0.6857276479596071,"[-0.87, -0.34]",0.0011912174298942698,0.5177587784035962,False
Autotaxin,HKR,time1,20,17,-0.02538275704768855,"[-0.47, 0.43]",0.9178474416939247,0.9985551599450393,False
Histidine ammonia-lyase,HKR,time1,20,17,-0.11315490758642462,"[-0.54, 0.36]",0.644632078273371,0.9623162852441542,False
Noelin,HKR,time1,20,17,-0.053954694289898616,"[-0.50, 0.41]",0.8263573146568157,0.9902234995263719,False
Prenylcysteine oxidase 1,HKR,time1,20,17,-0.33032632979557286,"[-0.68, 0.15]",0.1672026851330003,0.867816664987516,False
Immunoglobulin delta heavy chain,HKR,time1,20,17,-0.03973787209103292,"[-0.49, 0.42]",0.8716861529589354,0.9952750807277061,False
Antithrombin-III,HKR,time1,20,17,0.16335270150543243,"[-0.31, 0.57]",0.5040000226831765,0.9520263061157588,False
Complement component C7,HKR,time1,20,17,0.296063509305842,"[-0.18, 0.66]",0.21842636657262188,0.8982115991698657,False
BOS complex subunit NOMO3;BOS complex subunit NOMO1;BOS complex subunit NOMO2,HKR,time1,20,17,0.4347951116221323,"[-0.02, 0.74]",0.06283610417455296,0.7845863525077257,False
Cofilin-1,HKR,time1,20,17,0.19262428712825308,"[-0.29, 0.59]",0.42948706115563184,0.9341945835044614,False
Histone H4,HKR,time1,20,17,0.19507736903212441,"[-0.28, 0.60]",0.4235203667021926,0.9324135167651676,False
Serum amyloid A-1 protein,HKR,time1,20,17,-0.5760197750301516,"[-0.82, -0.16]",0.009848871199961062,0.7385516510769441,False
Transferrin receptor protein 1,HKR,time1,20,17,-0.26201577862833064,"[-0.64, 0.22]",0.2785255135009673,0.9170614304794888,False
Serpin B12,HKR,time1,20,17,0.1195928248437488,"[-0.35, 0.54]",0.6257910705552837,0.9621706909906743,False
Immunoglobulin kappa variable 3D-20,HKR,time1,20,17,-0.27252335258891386,"[-0.65, 0.21]",0.2589873728711121,0.908120932246165,False
Probable non-functional immunoglobulin heavy variable 3-16,HKR,time1,20,17,0.25608347439086293,"[-0.22, 0.64]",0.289947562838562,0.9177310147446764,False
Immunoglobulin lambda variable 6-57,HKR,time1,20,17,0.5724834050289537,"[0.16, 0.81]",0.010419127836695826,0.7385516510769441,False
Fibrinogen alpha chain,HKR,time1,20,17,-0.4411948910599522,"[-0.75, 0.02]",0.058636514432035367,0.780717100347183,False
Galectin-3-binding protein,HKR,time1,20,17,-0.3509813569074487,"[-0.69, 0.12]",0.14064893761176556,0.8558309360858758,False
Macrophage colony-stimulating factor 1 receptor,HKR,time1,20,17,0.5789987222997175,"[0.17, 0.82]",0.009388315011378387,0.7385516510769441,False
Phosphatidylinositol-glycan-specific phospholipase D,HKR,time1,20,17,0.0012041779421527214,"[-0.45, 0.46]",0.9960963524455135,0.9992571532563216,False
Serotransferrin,HKR,time1,20,17,0.10993166580475648,"[-0.36, 0.54]",0.6541445176700462,0.9627206746105794,False
Integrin alpha-11,HKR,time1,20,17,0.28792770355117775,"[-0.19, 0.66]",0.23194440438919528,0.8982115991698657,False
Proprotein convertase subtilisin/kexin type 9,HKR,time1,20,17,-0.3361263322420983,"[-0.69, 0.14]",0.1594253015913559,0.867816664987516,False
Gelsolin,HKR,time1,20,17,0.4403222132304775,"[-0.02, 0.75]",0.05919635604832157,0.780717100347183,False
Proteoglycan 4,HKR,time1,20,17,-0.0951689894109956,"[-0.53, 0.38]",0.6983482590707348,0.9648380336571762,False
Vascular cell adhesion protein 1,HKR,time1,20,17,0.049040625644152756,"[-0.41, 0.49]",0.841973205328252,0.9910182692199748,False
Adhesion G protein-coupled receptor F5,HKR,time1,20,17,0.0036125338264575363,"[-0.45, 0.46]",0.9882893969559343,0.9989122224583239,False
Insulin-like growth factor-binding protein 3,HKR,time1,20,17,-0.12162197215740334,"[-0.55, 0.35]",0.6198976645034533,0.9621706909906743,False
Transthyretin,HKR,time1,20,17,0.3813699441905759,"[-0.09, 0.71]",0.10716389415917524,0.828669719073285,False
Coiled-coil domain-containing protein 126,HKR,time1,20,17,0.027817319118474744,"[-0.43, 0.48]",0.9099969787069495,0.997559861248858,False
Guanine nucleotide-binding protein G(i) subunit alpha-2,HKR,time1,20,17,0.45069617767532394,"[-0.00, 0.75]",0.05279648565421263,0.780717100347183,False
Apolipoprotein C-I,HKR,time1,20,17,-0.4520116166267646,"[-0.75, 0.00]",0.052024079470746144,0.780717100347183,False
Syntenin-1,HKR,time1,20,17,-0.322329185610152,"[-0.68, 0.15]",0.1783449491512424,0.8728015171398739,False
Phospholipid transfer protein,HKR,time1,20,17,0.24244091310969784,"[-0.24, 0.63]",0.3172835066964763,0.9236478900056884,False
Laminin subunit beta-1,HKR,time1,20,17,0.19584479399901836,"[-0.28, 0.60]",0.42166283558992124,0.9324135167651676,False
Proline-rich protein 4,HKR,time1,20,17,-0.12176759234579952,"[-0.55, 0.35]",0.6194755752363739,0.9621706909906743,False
Immunoglobulin kappa variable 2-28;Immunoglobulin kappa variable 2D-28,HKR,time1,20,17,-0.0659016403144594,"[-0.50, 0.40]",0.7886624314044344,0.9809480629991617,False
Complement C3,HKR,time1,20,17,0.24183840451322813,"[-0.24, 0.63]",0.31852499262911343,0.9236478900056884,False
Thyroxine-binding globulin,HKR,time1,20,17,0.16555129804801685,"[-0.31, 0.58]",0.49819740910461685,0.9501333903816576,False
Immunoglobulin kappa variable 1D-13;Immunoglobulin kappa variable 1-13,HKR,time1,20,17,-0.23529066133524312,"[-0.62, 0.25]",0.33220255004373167,0.9236478900056884,False
Complement factor H-related protein 5,HKR,time1,20,17,0.17431310856482968,"[-0.30, 0.58]",0.4753982328284867,0.9426771789950029,False
Immunoglobulin lambda variable 2-23,HKR,time1,20,17,-0.20142517483209804,"[-0.60, 0.28]",0.40828699126187284,0.9318821411825824,False
Coagulation factor VII,HKR,time1,20,17,-0.17497266265702338,"[-0.58, 0.30]",0.47370334877875164,0.9413399766352809,False
Immunoglobulin heavy constant gamma 4,HKR,time1,20,17,0.36015171573186355,"[-0.11, 0.70]",0.12986114000304058,0.847666490299985,False
L-lactate dehydrogenase B chain,HKR,time1,20,17,0.4607771263363523,"[0.01, 0.76]",0.047094107447514404,0.780717100347183,False
Zinc-alpha-2-glycoprotein,HKR,time1,20,17,0.49917406855520885,"[0.06, 0.78]",0.029568834123006087,0.780717100347183,False
"Dihydrolipoyllysine-residue succinyltransferase component of 2-oxoglutarate dehydrogenase complex, mitochondrial",HKR,time1,20,17,0.23912313508877284,"[-0.24, 0.63]",0.3241556627475114,0.9236478900056884,False
Serpin B3,HKR,time1,20,17,0.12862233341401685,"[-0.35, 0.55]",0.5997374821064578,0.9621706909906743,False
Immunoglobulin heavy variable 3-33,HKR,time1,20,17,-0.1648683217618331,"[-0.58, 0.31]",0.4999964791290006,0.9503178917456082,False
Follistatin-related protein 1,HKR,time1,20,17,-0.07726743657544047,"[-0.51, 0.39]",0.7532125723418751,0.9744732876369235,False
Cholesteryl ester transfer protein,HKR,time1,20,17,0.05851071760952987,"[-0.41, 0.50]",0.8119346325338122,0.9856801542243899,False
Complement C1q subcomponent subunit C,HKR,time1,20,17,-0.44766601199956557,"[-0.75, 0.01]",0.05460883222106962,0.780717100347183,False
Immunoglobulin heavy variable 4-30-2,HKR,time1,20,17,-0.22709289238434946,"[-0.62, 0.25]",0.349804063063755,0.92660625506674,False
Thrombospondin-4,HKR,time1,20,17,0.057277132848429425,"[-0.41, 0.50]",0.8158341831508849,0.9866265618169168,False
Transketolase,HKR,time1,20,17,-0.05090740517186423,"[-0.49, 0.41]",0.8360339925556757,0.9906439255230137,False
Complement receptor type 2,HKR,time1,20,17,-0.3918663163885343,"[-0.72, 0.08]",0.09705917001753707,0.8179364288014818,False
Immunoglobulin kappa variable 2-40;Immunoglobulin kappa variable 2D-40,HKR,time1,20,17,0.41324089466457825,"[-0.05, 0.73]",0.0786497081794137,0.8085910456185831,False
Immunoglobulin kappa variable 3D-7,HKR,time1,20,17,-0.34154904321403695,"[-0.69, 0.13]",0.15238203231557637,0.8644305987562886,False
Immunoglobulin heavy variable 3-64,HKR,time1,20,17,-0.17310271079063688,"[-0.58, 0.31]",0.47851648748846476,0.9441315029090682,False
Vitronectin,HKR,time1,20,17,-0.07639658604238048,"[-0.51, 0.39]",0.7559130472348852,0.9745063647413549,False
Complement component C8 gamma chain,HKR,time1,20,17,0.2931770625009425,"[-0.19, 0.66]",0.2231620858472519,0.8982115991698657,False
Immunoglobulin heavy variable 5-51,HKR,time1,20,17,-0.44795419448073365,"[-0.75, 0.01]",0.05443447112501762,0.780717100347183,False
Coagulation factor V,HKR,time1,20,17,0.3406689632384553,"[-0.13, 0.69]",0.15351023258944363,0.8644305987562886,False
Protein S100-A7,HKR,time1,20,17,0.0783938824095019,"[-0.39, 0.51]",0.7497235753680055,0.9741110734656547,False
Arginase-1,HKR,time1,20,17,-0.10018112257480286,"[-0.53, 0.37]",0.6832274937250782,0.9648380336571762,False
Protein-glutamine gamma-glutamyltransferase K,HKR,time1,20,17,0.15980453613574977,"[-0.32, 0.57]",0.5134322711285282,0.9529295397056773,False
Immunoglobulin kappa variable 4-1,HKR,time1,20,17,-0.22759865547417618,"[-0.62, 0.25]",0.34870285473792384,0.926595760949047,False
Coagulation factor XIII B chain,HKR,time1,20,17,0.23685578768558851,"[-0.24, 0.62]",0.32890227428076024,0.9236478900056884,False
Apolipoprotein C-II,HKR,time1,20,17,-0.3244359423950042,"[-0.68, 0.15]",0.17536223897319192,0.867816664987516,False
Bone marrow proteoglycan,HKR,time1,20,17,0.16659889119045243,"[-0.31, 0.58]",0.4954439733970526,0.949643311856458,False
Apolipoprotein A-I,HKR,time1,20,17,-0.12008744407315385,"[-0.54, 0.35]",0.6243524893886114,0.9621706909906743,False
Coagulation factor X,HKR,time1,20,17,0.2115615800877611,"[-0.27, 0.61]",0.3845885684606076,0.931256717265325,False
Thioredoxin,HKR,time1,20,17,-0.04593068653042505,"[-0.49, 0.42]",0.8518855845144505,0.9926541518556998,False
Immunoglobulin heavy variable 3-15,HKR,time1,20,17,-0.31921669986971335,"[-0.68, 0.16]",0.18281398538766677,0.8781742060801173,False
Proteasome subunit beta type-2,HKR,time1,20,17,0.10390072456604013,"[-0.37, 0.53]",0.6720798853738691,0.9648380336571762,False
Apolipoprotein A-II,HKR,time1,20,17,-0.02771248709380464,"[-0.48, 0.43]",0.910334859542879,0.997559861248858,False
Immunoglobulin heavy constant gamma 2,HKR,time1,20,17,0.21113007646371557,"[-0.27, 0.61]",0.3855815166322306,0.931256717265325,False
Plakophilin-1,HKR,time1,20,17,-0.1243604749410514,"[-0.55, 0.35]",0.6119791210998017,0.9621706909906743,False
Fetuin-B,HKR,time1,20,17,-0.028433369006641826,"[-0.48, 0.43]",0.9080117081479707,0.997559861248858,False
Complement factor H-related protein 3,HKR,time1,20,17,-0.08054297169926461,"[-0.52, 0.39]",0.7430800353149214,0.9728363041843875,False
Plasminogen,HKR,time1,20,17,0.1488019320678761,"[-0.33, 0.56]",0.543201211153933,0.9550458416046101,False
Fermitin family homolog 3,HKR,time1,20,17,0.11384013914242005,"[-0.36, 0.54]",0.6426165549920755,0.9621706909906743,False
Immunoglobulin heavy variable 3-21,HKR,time1,20,17,-0.19013558655665197,"[-0.59, 0.29]",0.4355854376540831,0.9360268564138758,False
Immunoglobulin heavy variable 2-26,HKR,time1,20,17,-0.3365846675859269,"[-0.69, 0.14]",0.15882149731500203,0.8673998077203762,False
Immunoglobulin kappa variable 1-12;Immunoglobulin kappa variable 1D-12,HKR,time1,20,17,-0.09019292179803953,"[-0.52, 0.38]",0.7134686238114123,0.9656789320774398,False
Immunoglobulin heavy constant gamma 3,HKR,time1,20,17,-0.18076851555788556,"[-0.59, 0.30]",0.4589402792522941,0.9384843653688746,False
Immunoglobulin kappa variable 2D-29,HKR,time1,20,17,-0.05342767782048823,"[-0.50, 0.41]",0.8280291841153846,0.9902234995263719,False
Neogenin,HKR,time1,20,17,0.041994439030403376,"[-0.42, 0.49]",0.8644620463117372,0.9941217641720209,False
Immunoglobulin heavy variable 6-1,HKR,time1,20,17,-0.34116285082069764,"[-0.69, 0.13]",0.15287639577128487,0.8644305987562886,False
L-selectin,HKR,time1,20,17,0.4455458385964292,"[-0.01, 0.75]",0.05590464388316277,0.780717100347183,False
Immunoglobulin lambda constant 3,HKR,time1,20,17,-0.029698314945075882,"[-0.48, 0.43]",0.9039369661704977,0.997559861248858,False
A disintegrin and metalloproteinase with thrombospondin motifs 13,HKR,time1,20,17,0.1231738291877975,"[-0.35, 0.55]",0.6154053885534787,0.9621706909906743,False
von Willebrand factor,HKR,time1,20,17,-0.432176383335219,"[-0.74, 0.03]",0.06461810621457345,0.7845863525077257,False
Neutral alpha-glucosidase AB,HKR,time1,20,17,-0.17196160909602357,"[-0.58, 0.31]",0.4814654876098997,0.9447457823105017,False
Carbonic anhydrase 1,HKR,time1,20,17,0.3878630435527727,"[-0.08, 0.72]",0.10082788814935205,0.8249999985391698,False
Immunoglobulin lambda variable 4-60,HKR,time1,20,17,-0.04667220043012356,"[-0.49, 0.42]",0.8495201535318532,0.991249088174675,False
Integrin beta-1,HKR,time1,20,17,0.35768690027294964,"[-0.12, 0.70]",0.13270144782128865,0.847666490299985,False
Immunoglobulin lambda variable 3-12,HKR,time1,20,17,0.019263781294882865,"[-0.44, 0.47]",0.9376092450252994,0.9989122224583239,False
Alpha-amylase 1B;Alpha-amylase 1C;Alpha-amylase 1A,HKR,time1,20,17,0.2806920089863206,"[-0.20, 0.65]",0.24441035308466103,0.8982115991698657,False
Lumican,HKR,time1,20,17,0.4469619314875837,"[-0.01, 0.75]",0.05503660536245458,0.780717100347183,False
Beta-Ala-His dipeptidase,HKR,time1,20,17,0.03970576888450496,"[-0.42, 0.49]",0.8717889987591526,0.9952750807277061,False
Immunoglobulin alpha-2 heavy chain,HKR,time1,20,17,-0.2221258802736674,"[-0.61, 0.26]",0.3607250143282248,0.9285871908420641,False
Complement C5,HKR,time1,20,17,0.26082473656529676,"[-0.22, 0.64]",0.2807960972960347,0.9170614304794888,False
Protein S100-A8,HKR,time1,20,17,0.2296763547482397,"[-0.25, 0.62]",0.344200071934871,0.926595760949047,False
Immunoglobulin lambda variable 3-25,HKR,time1,20,17,-0.3381465192513016,"[-0.69, 0.14]",0.15677574640048048,0.8664842517941643,False
Leukocyte immunoglobulin-like receptor subfamily B member 3;Leukocyte immunoglobulin-like receptor subfamily A member 6,HKR,time1,20,17,-0.1308229120464295,"[-0.55, 0.34]",0.5934563379946896,0.961962834437533,False
Collagen alpha-3(VI) chain,HKR,time1,20,17,0.20866146972981972,"[-0.27, 0.61]",0.3912894028521765,0.931256717265325,False
Immunoglobulin kappa variable 1-39;Immunoglobulin kappa variable 1D-39,HKR,time1,20,17,-0.1092324657871338,"[-0.54, 0.36]",0.6562148152710146,0.9630236411946936,False
Bleomycin hydrolase,HKR,time1,20,17,-0.044547472417613844,"[-0.49, 0.42]",0.8563012631764655,0.9928150111527771,False
CD166 antigen,HKR,time1,20,17,0.22543878019110788,"[-0.25, 0.62]",0.35341957044971484,0.9275759271483885,False
Beta-2-microglobulin,HKR,time1,20,17,0.45673007806321886,"[0.00, 0.75]",0.04932388210519623,0.780717100347183,False
Amino acid transporter heavy chain SLC3A2,HKR,time1,20,17,0.2868071593122108,"[-0.19, 0.66]",0.2338475497470252,0.8982115991698657,False
Haptoglobin-related protein,HKR,time1,20,17,-0.1973687276979147,"[-0.60, 0.28]",0.41798709838971704,0.9324135167651676,False
Alpha-1-acid glycoprotein 1,HKR,time1,20,17,0.506342676528716,"[0.07, 0.78]",0.02695544235258342,0.780717100347183,False
Serum paraoxonase/arylesterase 1,HKR,time1,20,17,0.02824216892745256,"[-0.43, 0.48]",0.9086278105193986,0.997559861248858,False
Target of Nesh-SH3,HKR,time1,20,17,-0.019223661202720156,"[-0.47, 0.44]",0.937738944134338,0.9989122224583239,False
Intercellular adhesion molecule 1,HKR,time1,20,17,0.4852323791809159,"[0.04, 0.77]",0.0352143150972079,0.780717100347183,False
Complement C4-A,HKR,time1,20,17,0.21683629474651847,"[-0.26, 0.61]",0.37256603589357273,0.9300516392509022,False
Coagulation factor XIII A chain,HKR,time1,20,17,-0.4313378997633742,"[-0.74, 0.03]",0.0651966038810467,0.7845863525077257,False
Immunoglobulin mu heavy chain,HKR,time1,20,17,-0.344683607385902,"[-0.69, 0.13]",0.1484103306703067,0.8571142081765397,False
Oncoprotein-induced transcript 3 protein,HKR,time1,20,17,0.2073654697922644,"[-0.27, 0.60]",0.3943045470193245,0.931256717265325,False
Peroxiredoxin-2,HKR,time1,20,17,0.24469212143597668,"[-0.24, 0.63]",0.31267038233123656,0.9236478900056884,False
Tissue factor pathway inhibitor,HKR,time1,20,17,-0.2045839465401562,"[-0.60, 0.28]",0.400818690061958,0.931256717265325,False
Progranulin,HKR,time1,20,17,0.1813194710972582,"[-0.30, 0.59]",0.457549212818374,0.9384843653688746,False
Histone H2B type 1-K;Histone H2B type F-S,HKR,time1,20,17,-0.010223641090022214,"[-0.46, 0.45]",0.9668660184902501,0.9989122224583239,False
Hemoglobin subunit delta,HKR,time1,20,17,0.06348637105156513,"[-0.40, 0.50]",0.7962496833922229,0.9836599029006693,False
Glutathione S-transferase P,HKR,time1,20,17,0.13366375157892865,"[-0.34, 0.55]",0.5853884570538797,0.9599322538236903,False
Annexin A6,HKR,time1,20,17,-0.2141953085533162,"[-0.61, 0.27]",0.37855887996607385,0.9300516392509022,False
Complement factor H-related protein 1,HKR,time1,20,17,0.16583379778713042,"[-0.31, 0.58]",0.49745417502526235,0.9500443603573785,False
Protein KPLCE,HKR,time1,20,17,0.1569927949656643,"[-0.32, 0.57]",0.5209656335584821,0.9529295397056773,False
Immunoglobulin heavy variable 4-4,HKR,time1,20,17,-0.009523323652344156,"[-0.46, 0.45]",0.9691346228763377,0.9989122224583239,False
Alpha-1B-glycoprotein,HKR,time1,20,17,0.2404132286664333,"[-0.24, 0.63]",0.3214730895326322,0.9236478900056884,False
Properdin,HKR,time1,20,17,0.43302874458060786,"[-0.03, 0.74]",0.06403398378431918,0.7845863525077257,False
Immunoglobulin heavy variable 3-53,HKR,time1,20,17,-0.4313378997633742,"[-0.74, 0.03]",0.0651966038810467,0.7845863525077257,False
Calmodulin-like protein 5,HKR,time1,20,17,0.1493604057400924,"[-0.33, 0.57]",0.5416716196329749,0.9550458416046101,False
Carboxypeptidase B2,HKR,time1,20,17,0.3073451614533544,"[-0.17, 0.67]",0.20054900564606268,0.892789897490977,False
"Sushi, nidogen and EGF-like domain-containing protein 1",HKR,time1,20,17,0.19081263712329274,"[-0.29, 0.59]",0.43392189945673487,0.9350755875607188,False
Proteasome subunit alpha type-5,HKR,time1,20,17,0.22079883621005275,"[-0.26, 0.61]",0.3636753026356928,0.9285871908420641,False
Bifunctional heparan sulfate N-deacetylase/N-sulfotransferase 4,HKR,time1,20,17,-0.19036835345264075,"[-0.59, 0.29]",0.4350131441953079,0.9359036782783398,False
Immunoglobulin heavy variable 3-9,HKR,time1,20,17,-0.08154423195784498,"[-0.52, 0.39]",0.7399907066823672,0.9728363041843875,False
Neural cell adhesion molecule L1-like protein,HKR,time1,20,17,0.2197809853789317,"[-0.26, 0.61]",0.36594745186470123,0.9285871908420641,False
Proteasome subunit alpha type-2,HKR,time1,20,17,0.1951127421276491,"[-0.28, 0.60]",0.4234346515876981,0.9324135167651676,False
Intercellular adhesion molecule 3,HKR,time1,20,17,0.08057114843884593,"[-0.39, 0.52]",0.7429930460017912,0.9728363041843875,False
Receptor-type tyrosine-protein phosphatase eta,HKR,time1,20,17,-0.05321909024139502,"[-0.50, 0.41]",0.8286910884945419,0.9903438276995221,False
ADAMTS-like protein 4,HKR,time1,20,17,0.2845011918844732,"[-0.19, 0.65]",0.23779557555047517,0.8982115991698657,False
Immunoglobulin lambda variable 3-21,HKR,time1,20,17,0.21691884369488762,"[-0.26, 0.61]",0.372379583840031,0.9300516392509022,False
Cartilage oligomeric matrix protein,HKR,time1,20,17,0.28350973302265364,"[-0.20, 0.65]",0.2395061051702994,0.8982115991698657,False
Neural cell adhesion molecule 1,HKR,time1,20,17,0.17357834397335536,"[-0.30, 0.58]",0.47728994103515576,0.94364957807714,False
Immunoglobulin lambda variable 2-11,HKR,time1,20,17,-0.2606596141223863,"[-0.64, 0.22]",0.28111178247826535,0.9170614304794888,False
Immunoglobulin kappa variable 1D-33;Immunoglobulin kappa variable 1-33,HKR,time1,20,17,-0.06835464943040787,"[-0.51, 0.40]",0.7809752282038738,0.9793458448277255,False
Beta-2-glycoprotein 1,HKR,time1,20,17,0.23471852999370252,"[-0.25, 0.62]",0.33341379706538254,0.9236478900056884,False
Vitamin D-binding protein,HKR,time1,20,17,0.11951176739994257,"[-0.35, 0.54]",0.6260269467079982,0.9621706909906743,False
Filamin-A,HKR,time1,20,17,0.4053846196085739,"[-0.06, 0.73]",0.08508796092745398,0.8154186244354011,False
Reelin,HKR,time1,20,17,-0.1316053804664264,"[-0.55, 0.34]",0.5912295444334579,0.9610066239456336,False
Immunoglobulin lambda variable 5-39,HKR,time1,20,17,-0.26163695489938876,"[-0.64, 0.22]",0.2792464626434503,0.9170614304794888,False
Fatty acid-binding protein 5,HKR,time1,20,17,0.2236950759806024,"[-0.26, 0.62]",0.3572540409187408,0.9285871908420641,False
"HLA class I histocompatibility antigen, A alpha chain",HKR,time1,20,17,0.5392422343954449,"[0.11, 0.80]",0.017190930227633038,0.7725125015513618,False
Low affinity immunoglobulin gamma Fc region receptor III-A,HKR,time1,20,17,0.23577783021483306,"[-0.24, 0.62]",0.33117321396076005,0.9236478900056884,False
Heat shock 70 kDa protein 1A;Heat shock 70 kDa protein 1B,HKR,time1,20,17,0.2768381072397436,"[-0.20, 0.65]",0.2512210093176352,0.9010501812845132,False
Apolipoprotein D,HKR,time1,20,17,-0.24080562101142472,"[-0.63, 0.24]",0.32065978327066635,0.9236478900056884,False
Plexin-B1,HKR,time1,20,17,0.16429670297443189,"[-0.31, 0.58]",0.5015046190662853,0.9510728330412043,False
Immunoglobulin heavy variable 1-58,HKR,time1,20,17,-0.28635982230036555,"[-0.66, 0.19]",0.2346101111499567,0.8982115991698657,False
Apolipoprotein C-IV,HKR,time1,20,17,-0.4999491394708564,"[-0.78, -0.06]",0.029277101038551818,0.780717100347183,False
Monocyte differentiation antigen CD14,HKR,time1,20,17,0.32063445695644766,"[-0.16, 0.68]",0.18076905857075762,0.8755912979162778,False
Protein MENT,HKR,time1,20,17,-0.2814328959510378,"[-0.65, 0.20]",0.24311468282408522,0.8982115991698657,False
Immunoglobulin epsilon heavy chain,HKR,time1,20,17,0.0889108448948773,"[-0.38, 0.52]",0.7173812518476431,0.9656789320774398,False
Complement factor H,HKR,time1,20,17,-0.06440559954824933,"[-0.50, 0.40]",0.7933599455437802,0.9830382993033819,False
Stabilin-1,HKR,time1,20,17,0.13044461792863524,"[-0.34, 0.55]",0.594534158552235,0.961962834437533,False
Macrophage receptor MARCO,HKR,time1,20,17,0.00035599372597647905,"[-0.45, 0.45]",0.9988459524239639,0.9997463194271461,False
Protein POF1B,HKR,time1,20,17,0.4452438239400686,"[-0.01, 0.75]",0.05609110473759852,0.780717100347183,False
Phosphatidylcholine-sterol acyltransferase,HKR,time1,20,17,0.20372422944634808,"[-0.28, 0.60]",0.4028438992268921,0.931256717265325,False
Clusterin,HKR,time1,20,17,0.033864286555698925,"[-0.43, 0.48]",0.8905339806169724,0.997559861248858,False
Platelet-activating factor acetylhydrolase,HKR,time1,20,17,0.12573879956951647,"[-0.35, 0.55]",0.608009072221801,0.9621706909906743,False
Vasorin,HKR,time1,20,17,0.372369437371202,"[-0.10, 0.71]",0.11641334318536464,0.8291287868992757,False
Myeloperoxidase,HKR,time1,20,17,-0.30910030311344056,"[-0.67, 0.17]",0.19785775681744153,0.8900394843748304,False
Immunoglobulin lambda variable 5-52,HKR,time1,20,17,0.08809074378418259,"[-0.38, 0.52]",0.7198875721830702,0.9660667419451564,False
Carboxypeptidase N catalytic chain,HKR,time1,20,17,-0.2761262227544868,"[-0.65, 0.20]",0.2524920837665394,0.9010501812845132,False
Fibrinogen gamma chain,HKR,time1,20,17,-0.18417914984349082,"[-0.59, 0.29]",0.4503637047163672,0.9361498868301301,False
Soluble scavenger receptor cysteine-rich domain-containing protein SSC5D,HKR,time1,20,17,0.017108699460635667,"[-0.44, 0.47]",0.9445781822421455,0.9989122224583239,False
Tetranectin,HKR,time1,20,17,0.3160436094190154,"[-0.16, 0.67]",0.18744701944749126,0.878412326765734,False
Apolipoprotein(a),HKR,time1,20,17,-0.0740041862633689,"[-0.51, 0.39]",0.7633456632888996,0.9745063647413549,False
Alpha-2-antiplasmin,HKR,time1,20,17,0.16531370841609666,"[-0.31, 0.58]",0.49882290350610525,0.9501333903816576,False
Retroviral-like aspartic protease 1,HKR,time1,20,17,0.12171216785442254,"[-0.35, 0.55]",0.61963621318304,0.9621706909906743,False
Ficolin-3,HKR,time1,20,17,0.19725008102190977,"[-0.28, 0.60]",0.41827265771306277,0.9324135167651676,False
Immunoglobulin kappa variable 2-24,HKR,time1,20,17,-0.0011904154565430247,"[-0.46, 0.45]",0.9961409667077051,0.9992571532563216,False
Immunoglobulin superfamily containing leucine-rich repeat protein,HKR,time1,20,17,0.06632365324280753,"[-0.40, 0.51]",0.787338580315061,0.9809449094133241,False
Complement factor D,HKR,time1,20,17,0.49986095488821347,"[0.06, 0.78]",0.029310179550542364,0.780717100347183,False
Vitamin K-dependent protein Z,HKR,time1,20,17,0.14505364866216713,"[-0.33, 0.56]",0.5535175399128776,0.9571984418476326,False
EGF-containing fibulin-like extracellular matrix protein 1,HKR,time1,20,17,0.08100527010062976,"[-0.39, 0.52]",0.7416531709502436,0.9728363041843875,False
Dipeptidase 2,HKR,time1,20,17,0.39180084045288044,"[-0.08, 0.72]",0.09711997460269468,0.8179364288014818,False
Myeloblastin,HKR,time1,20,17,-0.15727132420793274,"[-0.57, 0.32]",0.5202170836675483,0.9529295397056773,False
Neurogenic locus notch homolog protein 1,HKR,time1,20,17,3.7139767820759783e-17,"[-0.45, 0.45]",0.9999999999999999,1.0,False
Vitamin K-dependent protein S,HKR,time1,20,17,-0.05073700143863525,"[-0.49, 0.41]",0.8365757896707434,0.9906439255230137,False
Dermcidin,HKR,time1,20,17,-0.2869309431368916,"[-0.66, 0.19]",0.2336368215206718,0.8982115991698657,False
Immunoglobulin heavy variable 3-73,HKR,time1,20,17,-0.4436462410014226,"[-0.75, 0.01]",0.057085266903392384,0.780717100347183,False
Alpha-2-macroglobulin,HKR,time1,20,17,-0.27327977681249743,"[-0.65, 0.21]",0.2576150472535308,0.905784054510989,False
Cation-independent mannose-6-phosphate receptor,HKR,time1,20,17,-0.24120424748099734,"[-0.63, 0.24]",0.3198348077025815,0.9236478900056884,False
Chromodomain-helicase-DNA-binding protein 1;Chromodomain-helicase-DNA-binding protein 2;Chromodomain-helicase-DNA-binding protein 9;Chromodomain-helicase-DNA-binding protein 6;Chromodomain-helicase-DNA-binding protein 8;Chromodomain-helicase-DNA-binding protein 7,HKR,time1,20,17,0.18556358645766088,"[-0.29, 0.59]",0.4469060275471074,0.9361498868301301,False
Ceruloplasmin,HKR,time1,20,17,-0.021056860874628016,"[-0.47, 0.44]",0.9318142098199099,0.9989122224583239,False
Prostaglandin-H2 D-isomerase,HKR,time1,20,17,0.45202055827147547,"[-0.00, 0.75]",0.05201885859696937,0.780717100347183,False
Protein S100-A9,HKR,time1,20,17,0.2063636726123267,"[-0.27, 0.60]",0.39664395169777666,0.931256717265325,False
Immunoglobulin J chain,HKR,time1,20,17,-0.37457734453578756,"[-0.71, 0.10]",0.11409348040593167,0.8290414311110669,False
Probable non-functional immunoglobulin kappa variable 3-7,MCV,time1,20,17,-0.05051423994070074,"[-0.49, 0.41]",0.8372841640301815,0.9906439255230137,False
Apolipoprotein A-IV,MCV,time1,20,17,0.3323219772304638,"[-0.14, 0.68]",0.16449802989964654,0.867816664987516,False
Coagulation factor XII,MCV,time1,20,17,-0.05727374471811871,"[-0.50, 0.41]",0.8158448993025873,0.9866265618169168,False
Mannan-binding lectin serine protease 1,MCV,time1,20,17,0.10986468207499778,"[-0.36, 0.54]",0.654342748887518,0.9627206746105794,False
Complement factor I,MCV,time1,20,17,0.32931029840654114,"[-0.15, 0.68]",0.1685912792041497,0.867816664987516,False
Platelet glycoprotein Ib alpha chain,MCV,time1,20,17,-0.05048355753641658,"[-0.49, 0.41]",0.8373817424883004,0.9906439255230137,False
Hepatocyte growth factor-like protein,MCV,time1,20,17,-0.09634820699321557,"[-0.53, 0.37]",0.6947807122613154,0.9648380336571762,False
Profilin-1,MCV,time1,20,17,0.026887360291321463,"[-0.43, 0.48]",0.9129948100842797,0.9985548272347045,False
Peptidase inhibitor 16,MCV,time1,20,17,0.21049795646201636,"[-0.27, 0.61]",0.38703867588084817,0.931256717265325,False
Cell surface glycoprotein MUC18,MCV,time1,20,17,0.21167220078510468,"[-0.27, 0.61]",0.3843342442974127,0.931256717265325,False
Adhesion G-protein coupled receptor G6,MCV,time1,20,17,-0.11940797611090329,"[-0.54, 0.35]",0.6263290288363328,0.9621706909906743,False
Immunoglobulin heavy variable 1-69,MCV,time1,20,17,-0.40410120908427627,"[-0.73, 0.06]",0.08617540920378998,0.8154186244354011,False
Insulin-like growth factor-binding protein complex acid labile subunit,MCV,time1,20,17,-0.01102956617051267,"[-0.46, 0.45]",0.9642556118722618,0.9989122224583239,False
Plasma serine protease inhibitor,MCV,time1,20,17,0.10054076327728154,"[-0.37, 0.53]",0.682146865449615,0.9648380336571762,False
Immunoglobulin heavy variable 1-69D,MCV,time1,20,17,-0.26318265157139337,"[-0.64, 0.22]",0.2763120447720692,0.9170614304794888,False
Pancreatic adenocarcinoma up-regulated factor,MCV,time1,20,17,-0.0027675253200493983,"[-0.46, 0.45]",0.9910285055295938,0.998994958440865,False
Immunoglobulin heavy variable 3-64D,MCV,time1,20,17,0.07508365569656877,"[-0.39, 0.51]",0.7599895126822104,0.9745063647413549,False
Neutrophil gelatinase-associated lipocalin,MCV,time1,20,17,0.07811507405442378,"[-0.39, 0.51]",0.7505867120475538,0.9741110734656547,False
Lysosome-associated membrane glycoprotein 2,MCV,time1,20,17,0.1236599643586403,"[-0.35, 0.55]",0.6140008170691512,0.9621706909906743,False
Corneodesmosin,MCV,time1,20,17,-0.28231728305887743,"[-0.65, 0.20]",0.24157381038426518,0.8982115991698657,False
Collagen alpha-1(XVIII) chain,MCV,time1,20,17,0.007261355386410061,"[-0.45, 0.46]",0.9764634960974243,0.9989122224583239,False
Lipopolysaccharide-binding protein,MCV,time1,20,17,-0.03874943100808151,"[-0.48, 0.42]",0.8748536181962641,0.995958470840817,False
Immunoglobulin heavy variable 3-49,MCV,time1,20,17,-0.4059742793303578,"[-0.73, 0.06]",0.08459172755159684,0.8154186244354011,False
SPARC-like protein 1,MCV,time1,20,17,-0.3178263222771044,"[-0.67, 0.16]",0.1848344898984832,0.878412326765734,False
Ras-associated and pleckstrin homology domains-containing protein 1,MCV,time1,20,17,-0.06479590896829779,"[-0.50, 0.40]",0.7921337241547415,0.9823625227362852,False
Alpha-1-acid glycoprotein 2,MCV,time1,20,17,0.2678970221647722,"[-0.21, 0.64]",0.2674805213365327,0.9158755914645343,False
Immunoglobulin heavy variable 3-20,MCV,time1,20,17,-0.16418731345939153,"[-0.58, 0.31]",0.5017934779499726,0.9510728330412043,False
Neurogenic locus notch homolog protein 2,MCV,time1,20,17,-0.39151700826885016,"[-0.72, 0.08]",0.0973838766795331,0.8179364288014818,False
Apolipoprotein B-100,MCV,time1,20,17,-0.26232432736288763,"[-0.64, 0.22]",0.2779391574649887,0.9170614304794888,False
CD44 antigen,MCV,time1,20,17,-0.24290395769791057,"[-0.63, 0.24]",0.31633135197037454,0.9236478900056884,False
Pigment epithelium-derived factor,MCV,time1,20,17,0.08315693602271941,"[-0.39, 0.52]",0.7350228260470901,0.972494791298199,False
Xaa-Pro dipeptidase,MCV,time1,20,17,0.35319158649975746,"[-0.12, 0.70]",0.13799352793834327,0.8528097685297457,False
Immunoglobulin heavy constant delta,MCV,time1,20,17,-0.39739140391509215,"[-0.72, 0.07]",0.09202721099751389,0.8154186244354011,False
Probable non-functional immunoglobulin heavy variable 3-38-3,MCV,time1,20,17,-0.16504288337985745,"[-0.58, 0.31]",0.49953635785155004,0.9502479756419034,False
Immunoglobulin lambda constant 7,MCV,time1,20,17,-0.24572832773422534,"[-0.63, 0.23]",0.3105605748343272,0.9236478900056884,False
Receptor-type tyrosine-protein phosphatase gamma,MCV,time1,20,17,0.1484644196984626,"[-0.33, 0.56]",0.5441265627255103,0.9550458416046101,False
Afamin,MCV,time1,20,17,0.23692649433168073,"[-0.24, 0.62]",0.32875363741082864,0.9236478900056884,False
Pyruvate kinase PKLR,MCV,time1,20,17,0.049365582588793956,"[-0.41, 0.49]",0.8409387488671249,0.9910182692199748,False
Insulin-like growth factor 2,MCV,time1,20,17,0.19990588032467357,"[-0.28, 0.60]",0.4119056911149046,0.9324135167651676,False
CD109 antigen,MCV,time1,20,17,0.2402298407004117,"[-0.24, 0.63]",0.3218536144373055,0.9236478900056884,False
ADP-ribosyl cyclase/cyclic ADP-ribose hydrolase 2,MCV,time1,20,17,-0.24695426763472156,"[-0.63, 0.23]",0.3080755061513612,0.9236478900056884,False
Dedicator of cytokinesis protein 4,MCV,time1,20,17,-0.024537484396701472,"[-0.47, 0.43]",0.9205748379091817,0.9985551599450393,False
Complement factor H-related protein 2,MCV,time1,20,17,0.15340327018172042,"[-0.32, 0.57]",0.5306573613549838,0.9541670055173189,False
Selenoprotein P,MCV,time1,20,17,-0.39976058955051585,"[-0.72, 0.07]",0.08992882954323564,0.8154186244354011,False
Adipocyte plasma membrane-associated protein,MCV,time1,20,17,0.030504977945235014,"[-0.43, 0.48]",0.9013396743675377,0.997559861248858,False
Immunoglobulin heavy constant alpha 2,MCV,time1,20,17,-0.048953388438151654,"[-0.49, 0.41]",0.8422509554439525,0.9910182692199748,False
Lactotransferrin,MCV,time1,20,17,-0.5246736019528241,"[-0.79, -0.09]",0.021090530144207885,0.780717100347183,False
Alpha-enolase,MCV,time1,20,17,0.06905825387420017,"[-0.40, 0.51]",0.7787738348799377,0.9792734583116876,False
Immunoglobulin heavy constant gamma 1,MCV,time1,20,17,-0.18742071732480145,"[-0.59, 0.29]",0.44228941819963286,0.9361498868301301,False
Collectin-10,MCV,time1,20,17,-0.15154085817955368,"[-0.57, 0.33]",0.5357184019482538,0.954665480182609,False
Lysosome-associated membrane glycoprotein 1,MCV,time1,20,17,0.20345499619143784,"[-0.28, 0.60]",0.4034792671710079,0.9318821411825824,False
Cathelicidin antimicrobial peptide,MCV,time1,20,17,-0.141277816513797,"[-0.56, 0.33]",0.5639969417661911,0.9574313225752206,False
Fibroblast growth factor-binding protein 2,MCV,time1,20,17,0.038235522247225553,"[-0.42, 0.48]",0.8765011650268626,0.995958470840817,False
Lymphatic vessel endothelial hyaluronic acid receptor 1,MCV,time1,20,17,0.13870569543556316,"[-0.34, 0.56]",0.5711848743894475,0.9575202748664524,False
Haptoglobin,MCV,time1,20,17,0.03850314296721083,"[-0.42, 0.48]",0.8756431351546525,0.995958470840817,False
Tenascin-X,MCV,time1,20,17,0.014760023178020285,"[-0.44, 0.47]",0.9521775253513215,0.9989122224583239,False
Zinc finger protein 512B,MCV,time1,20,17,-0.26183838267400855,"[-0.64, 0.22]",0.2788629769194365,0.9170614304794888,False
Immunoglobulin lambda variable 3-19,MCV,time1,20,17,-0.07447798909507784,"[-0.51, 0.39]",0.7618720736495819,0.9745063647413549,False
Complement C1q subcomponent subunit B,MCV,time1,20,17,0.13443680145660855,"[-0.34, 0.55]",0.5832010666790118,0.9599322538236903,False
Ubiquitin-ribosomal protein eS31 fusion protein,MCV,time1,20,17,0.028466696402248505,"[-0.43, 0.48]",0.9079043227040683,0.997559861248858,False
Kinesin-like protein KIF21A,MCV,time1,20,17,-0.08908395955773073,"[-0.52, 0.38]",0.7168525463854528,0.9656789320774398,False
Attractin,MCV,time1,20,17,0.07446062358948216,"[-0.39, 0.51]",0.7619260688599028,0.9745063647413549,False
Immunoglobulin lambda variable 1-44,MCV,time1,20,17,0.05375801924701093,"[-0.41, 0.50]",0.8269811492664828,0.9902234995263719,False
Immunoglobulin heavy variable 1-46,MCV,time1,20,17,-0.5742408414292527,"[-0.82, -0.16]",0.010132493260067137,0.7385516510769441,False
Fibulin-1,MCV,time1,20,17,0.1448410403615234,"[-0.33, 0.56]",0.5541052992281033,0.9571984418476326,False
Secreted phosphoprotein 24,MCV,time1,20,17,-0.08118409444052364,"[-0.52, 0.39]",0.7411014533369455,0.9728363041843875,False
Scavenger receptor class B member 1,MCV,time1,20,17,0.457738674436293,"[0.00, 0.75]",0.04876081154681136,0.780717100347183,False
Immunoglobulin lambda variable 2-18,MCV,time1,20,17,-0.22918196963449877,"[-0.62, 0.25]",0.3452684315657679,0.926595760949047,False
Collagen alpha-2(VI) chain,MCV,time1,20,17,-0.09133098582739418,"[-0.52, 0.38]",0.7100012174095113,0.9656789320774398,False
Adiponectin,MCV,time1,20,17,0.013399700104394549,"[-0.44, 0.46]",0.9565808153512964,0.9989122224583239,False
Nidogen-1,MCV,time1,20,17,0.1493658612615879,"[-0.33, 0.57]",0.5416566872624877,0.9550458416046101,False
Alpha-1-antitrypsin,MCV,time1,20,17,-0.019091437108095452,"[-0.47, 0.44]",0.9381664050885312,0.9989122224583239,False
"Sushi, von Willebrand factor type A, EGF and pentraxin domain-containing protein 1",MCV,time1,20,17,0.1751117785610891,"[-0.30, 0.58]",0.47334624270229086,0.9413399766352809,False
Complement C1s subcomponent,MCV,time1,20,17,0.021545827920998968,"[-0.44, 0.47]",0.9302344802470157,0.9989122224583239,False
Alpha-actinin-4,MCV,time1,20,17,0.12239193218973653,"[-0.35, 0.55]",0.6176671798229543,0.9621706909906743,False
Complement component C1q receptor,MCV,time1,20,17,0.1614759849776903,"[-0.32, 0.57]",0.5089786083903005,0.9528668192661338,False
Inter-alpha-trypsin inhibitor heavy chain H3,MCV,time1,20,17,0.16112861472324583,"[-0.32, 0.57]",0.5099026779161424,0.9529295397056773,False
Immunoglobulin kappa variable 1D-8,MCV,time1,20,17,-0.17974521362437254,"[-0.59, 0.30]",0.4615296400154647,0.9398517221839591,False
Low-density lipoprotein receptor,MCV,time1,20,17,-0.11000555425159361,"[-0.54, 0.36]",0.6539258783844774,0.9627206746105794,False
Prolactin-inducible protein,MCV,time1,20,17,-0.0747572455153744,"[-0.51, 0.39]",0.7610039161354399,0.9745063647413549,False
Hyaluronan-binding protein 2,MCV,time1,20,17,0.04623344736540471,"[-0.42, 0.49]",0.8509196293820932,0.9920520748370872,False
N-acetylmuramoyl-L-alanine amidase,MCV,time1,20,17,0.3568002845306314,"[-0.12, 0.70]",0.13373373082402,0.847666490299985,False
Serpin A11,MCV,time1,20,17,-0.24314292493998696,"[-0.63, 0.24]",0.31584063283026664,0.9236478900056884,False
C4b-binding protein alpha chain,MCV,time1,20,17,0.10016068105703321,"[-0.37, 0.53]",0.6832889329954623,0.9648380336571762,False
Inter-alpha-trypsin inhibitor heavy chain H2,MCV,time1,20,17,-0.2448355111653524,"[-0.63, 0.24]",0.31237791818389893,0.9236478900056884,False
Fibrillin-1,MCV,time1,20,17,-0.07772692095764204,"[-0.51, 0.39]",0.7517888311727488,0.9742709497578206,False
Golgi-associated RAB2 interactor protein 1B,MCV,time1,20,17,-0.007472156907893783,"[-0.46, 0.45]",0.9757804052518411,0.9989122224583239,False
Neurogenic locus notch homolog protein 3,MCV,time1,20,17,0.0414991956019698,"[-0.42, 0.49]",0.8660466423214451,0.9944453522962275,False
Immunoglobulin heavy constant alpha 1,MCV,time1,20,17,-0.16440562533410435,"[-0.58, 0.31]",0.5012170732834907,0.9510272672558543,False
Apolipoprotein C-III,MCV,time1,20,17,-0.05348259416485847,"[-0.50, 0.41]",0.8278549382479453,0.9902234995263719,False
Glutathione peroxidase 3,MCV,time1,20,17,0.2042352537632524,"[-0.28, 0.60]",0.4016394242260909,0.931256717265325,False
Contactin-1,MCV,time1,20,17,-0.0030640990782767647,"[-0.46, 0.45]",0.990067144505719,0.9989126836088675,False
Stomatin,MCV,time1,20,17,0.18513675688827913,"[-0.29, 0.59]",0.44797058292188086,0.9361498868301301,False
Immunoglobulin heavy variable 3-13,MCV,time1,20,17,-0.2811580364545127,"[-0.65, 0.20]",0.24359484706126364,0.8982115991698657,False
Immunoglobulin heavy variable 1-69-2,MCV,time1,20,17,-0.21461429248492653,"[-0.61, 0.27]",0.37760455545661376,0.9300516392509022,False
Apolipoprotein E,MCV,time1,20,17,-0.07727715266757806,"[-0.51, 0.39]",0.7531824585102772,0.9744732876369235,False
Mucosal addressin cell adhesion molecule 1,MCV,time1,20,17,-0.1035535460870314,"[-0.53, 0.37]",0.6731176504083788,0.9648380336571762,False
Protein S100-A11,MCV,time1,20,17,-0.1338383720615361,"[-0.55, 0.34]",0.5848940554738026,0.9599322538236903,False
Complement factor H-related protein 4,MCV,time1,20,17,-0.05304853667818698,"[-0.50, 0.41]",0.8292323828927556,0.9906068593932617,False
Immunoglobulin kappa variable 1D-16,MCV,time1,20,17,-0.04666505341183112,"[-0.49, 0.42]",0.849542946694593,0.991249088174675,False
Immunoglobulin lambda variable 1-47,MCV,time1,20,17,-0.31494374380234247,"[-0.67, 0.16]",0.1890711390617481,0.8786430972185097,False
Fructose-bisphosphate aldolase A,MCV,time1,20,17,0.013439504811752467,"[-0.44, 0.46]",0.9564519520325423,0.9989122224583239,False
Thrombospondin-1,MCV,time1,20,17,0.3329781157490168,"[-0.14, 0.68]",0.16361535602703864,0.867816664987516,False
Aminopeptidase N,MCV,time1,20,17,-0.21838560449541222,"[-0.61, 0.26]",0.3690754017372555,0.9288457607854298,False
Apolipoprotein M,MCV,time1,20,17,-0.14858876353969247,"[-0.56, 0.33]",0.5437855686254527,0.9550458416046101,False
Immunoglobulin heavy variable 3-43,MCV,time1,20,17,-0.4394175076726044,"[-0.74, 0.02]",0.05978098554169714,0.780717100347183,False
Cysteine-rich secretory protein 3,MCV,time1,20,17,0.07883961666905673,"[-0.39, 0.51]",0.7483442601719024,0.9738797723547303,False
Complement component C8 alpha chain,MCV,time1,20,17,-0.026896862274292995,"[-0.48, 0.43]",0.912964173571089,0.9985548272347045,False
Immunoglobulin heavy variable 2-70D,MCV,time1,20,17,-0.08828212690917885,"[-0.52, 0.38]",0.719302438209505,0.9657205352207149,False
Immunoglobulin heavy variable 3-23,MCV,time1,20,17,-0.10979465719096235,"[-0.54, 0.36]",0.6545500037592609,0.9627206746105794,False
Plasma kallikrein,MCV,time1,20,17,-0.41720707018432457,"[-0.73, 0.05]",0.0755396196880307,0.8010768487861398,False
Galectin-7,MCV,time1,20,17,-0.012410103931580343,"[-0.46, 0.44]",0.9597848467185451,0.9989122224583239,False
Extracellular superoxide dismutase [Cu-Zn],MCV,time1,20,17,0.2596736658096937,"[-0.22, 0.64]",0.2830012951327629,0.917472121603545,False
Immunoglobulin heavy variable 1-8,MCV,time1,20,17,-0.34975528444543574,"[-0.69, 0.12]",0.14213724897153818,0.8558309360858758,False
Cystatin-C,MCV,time1,20,17,0.2807464010449324,"[-0.20, 0.65]",0.2443150822646794,0.8982115991698657,False
Immunoglobulin lambda-like polypeptide 1,MCV,time1,20,17,-0.2544589853733614,"[-0.64, 0.23]",0.2931245540666309,0.9180933707370663,False
Inhibin beta C chain,MCV,time1,20,17,-0.08768379988950957,"[-0.52, 0.38]",0.7211322561386364,0.9673286249298616,False
Mannose-binding protein C,MCV,time1,20,17,0.4043054158836118,"[-0.06, 0.73]",0.08600170420872948,0.8154186244354011,False
IgGFc-binding protein,MCV,time1,20,17,0.043311034049954296,"[-0.42, 0.49]",0.8602518517924262,0.9941182770911122,False
Macrophage mannose receptor 1,MCV,time1,20,17,-0.003500285724291757,"[-0.46, 0.45]",0.9886532443866911,0.9989122224583239,False
Aromatase,MCV,time1,20,17,0.03184733872220713,"[-0.43, 0.48]",0.8970196829460093,0.997559861248858,False
Cadherin-5,MCV,time1,20,17,0.021755231145064134,"[-0.44, 0.47]",0.9295580271347675,0.9989122224583239,False
Immunoglobulin kappa variable 1-8,MCV,time1,20,17,-0.5070411037089011,"[-0.78, -0.07]",0.026710832720300424,0.780717100347183,False
Retinol-binding protein 4,MCV,time1,20,17,0.17438850468864409,"[-0.30, 0.58]",0.47520433135471807,0.942574321203526,False
Complement component C8 beta chain,MCV,time1,20,17,-0.13982798715390599,"[-0.56, 0.34]",0.568043700778847,0.9575202748664524,False
Tumor necrosis factor receptor superfamily member 1B,MCV,time1,20,17,0.07370418492254896,"[-0.39, 0.51]",0.7642791105782827,0.9745063647413549,False
Formin-2,MCV,time1,20,17,-0.1737414221379815,"[-0.58, 0.30]",0.4768697608691562,0.94364957807714,False
Scavenger receptor cysteine-rich domain-containing protein DMBT1,MCV,time1,20,17,-0.06263822769447164,"[-0.50, 0.40]",0.7989182086541929,0.9840896993583559,False
Apolipoprotein L1,MCV,time1,20,17,-0.11469761158246698,"[-0.54, 0.36]",0.6400977717083505,0.9621706909906743,False
Leucine-rich alpha-2-glycoprotein,MCV,time1,20,17,0.2041124793284938,"[-0.28, 0.60]",0.40192862197278445,0.931256717265325,False
Immunoglobulin heavy variable 1-2,MCV,time1,20,17,-0.4127248656831432,"[-0.73, 0.05]",0.07906120193539745,0.8103472356666156,False
Ras-related protein Rab-10,MCV,time1,20,17,-0.24856914711799327,"[-0.63, 0.23]",0.30482032852720603,0.9236478900056884,False
Immunoglobulin heavy variable 1-24,MCV,time1,20,17,-0.42525755332124526,"[-0.74, 0.04]",0.06950830265772741,0.7919947717379634,False
Annexin A3,MCV,time1,20,17,0.04238337435725974,"[-0.42, 0.49]",0.863217943778277,0.9941217641720209,False
Hemoglobin subunit beta,MCV,time1,20,17,0.3166744077660421,"[-0.16, 0.67]",0.18651978310341646,0.878412326765734,False
Immunoglobulin lambda variable 4-69,MCV,time1,20,17,0.010456063549896567,"[-0.45, 0.46]",0.9661131635055273,0.9989122224583239,False
Elongation factor 2,MCV,time1,20,17,0.16498928931670076,"[-0.31, 0.58]",0.49967760296133146,0.9502482288454126,False
Multiple inositol polyphosphate phosphatase 1,MCV,time1,20,17,-0.054749282141011824,"[-0.50, 0.41]",0.8238379746951421,0.9895207784928999,False
Collagen alpha-1(VI) chain,MCV,time1,20,17,0.08661327762923218,"[-0.38, 0.52]",0.7244097692551541,0.9673286249298616,False
Hepatocyte growth factor activator,MCV,time1,20,17,-0.3318677680324568,"[-0.68, 0.14]",0.16511096144829854,0.867816664987516,False
Fibrinogen beta chain,MCV,time1,20,17,-0.4568372265138713,"[-0.75, -0.00]",0.049263830227604555,0.780717100347183,False
Hemicentin-1,MCV,time1,20,17,-0.20632713159511748,"[-0.60, 0.27]",0.39672942612779505,0.931256717265325,False
C-type mannose receptor 2,MCV,time1,20,17,0.3109673240041279,"[-0.17, 0.67]",0.1950214158878387,0.8870022643261535,False
Platelet glycoprotein Ib beta chain,MCV,time1,20,17,-0.19500388946529196,"[-0.60, 0.28]",0.4236984498517097,0.9324135167651676,False
Complement C2,MCV,time1,20,17,0.1415193552893172,"[-0.33, 0.56]",0.5633239878466703,0.9574313225752206,False
Annexin A2,MCV,time1,20,17,0.02525834939859342,"[-0.43, 0.47]",0.9182488068070493,0.9985551599450393,False
Protein disulfide-isomerase A3,MCV,time1,20,17,-0.17891340780645745,"[-0.59, 0.30]",0.46363988785154264,0.9399490057022261,False
Dipeptidyl peptidase 4,MCV,time1,20,17,0.2979702261253081,"[-0.18, 0.66]",0.21533431344203072,0.8982115991698657,False
Proteasome subunit alpha type-4,MCV,time1,20,17,-0.13900579514548952,"[-0.56, 0.34]",0.5703441923770856,0.9575202748664524,False
Coagulation factor XI,MCV,time1,20,17,-0.3339462293185891,"[-0.68, 0.14]",0.16231892547574714,0.867816664987516,False
Collectin-11,MCV,time1,20,17,-0.2527833370716121,"[-0.63, 0.23]",0.2964237380339678,0.9197855145380048,False
High mobility group protein B1,MCV,time1,20,17,0.45396328380625683,"[-0.00, 0.75]",0.050893934956711566,0.780717100347183,False
Immunoglobulin lambda variable 3-16,MCV,time1,20,17,0.030835211971775647,"[-0.43, 0.48]",0.900276662907096,0.997559861248858,False
Prothrombin,MCV,time1,20,17,0.03831140252225893,"[-0.42, 0.48]",0.8762578686981524,0.995958470840817,False
Immunoglobulin kappa joining 1,MCV,time1,20,17,-0.20184846532700965,"[-0.60, 0.28]",0.4072818596076967,0.9318821411825824,False
Immunoglobulin heavy variable 3-7,MCV,time1,20,17,-0.34311541195703454,"[-0.69, 0.13]",0.15038826075784825,0.8626188653691228,False
Immunoglobulin heavy variable 3-74,MCV,time1,20,17,-0.41789986823078773,"[-0.73, 0.04]",0.07500584893149954,0.7991920675707562,False
Ezrin,MCV,time1,20,17,0.40516113998867337,"[-0.06, 0.73]",0.08527658951700708,0.8154186244354011,False
Intercellular adhesion molecule 2,MCV,time1,20,17,0.2985176997429219,"[-0.18, 0.66]",0.21445181642647854,0.8982115991698657,False
Lysozyme C,MCV,time1,20,17,-0.25229987752697997,"[-0.63, 0.23]",0.29737979884592675,0.9200359940361522,False
Protein AMBP,MCV,time1,20,17,0.024054793164000273,"[-0.43, 0.47]",0.9221326947614212,0.9988788261324435,False
Prolyl endopeptidase FAP,MCV,time1,20,17,-0.2123358120810519,"[-0.61, 0.27]",0.3828105223805164,0.931256717265325,False
"Actin, cytoplasmic 2",MCV,time1,20,17,0.11857820466244597,"[-0.35, 0.54]",0.6287461044401146,0.9621706909906743,False
Kallistatin,MCV,time1,20,17,-0.03561509826427086,"[-0.48, 0.43]",0.884909443265846,0.995958470840817,False
Hemopexin,MCV,time1,20,17,0.29036784972628343,"[-0.19, 0.66]",0.22783467805390023,0.8982115991698657,False
C4b-binding protein beta chain,MCV,time1,20,17,0.002372414143351583,"[-0.45, 0.46]",0.992309299475754,0.998994958440865,False
Peptidyl-prolyl cis-trans isomerase A,MCV,time1,20,17,-0.1183077990479805,"[-0.54, 0.35]",0.6295345634109262,0.9621706909906743,False
Complement C1r subcomponent-like protein,MCV,time1,20,17,0.21332165411068582,"[-0.27, 0.61]",0.38055314557128983,0.9306754732938034,False
Immunoglobulin heavy variable 3-30;Immunoglobulin heavy variable 3-30-5,MCV,time1,20,17,0.028930417275555075,"[-0.43, 0.48]",0.9064103098697807,0.997559861248858,False
Immunoglobulin lambda variable 3-9,MCV,time1,20,17,-0.21976966105816562,"[-0.61, 0.26]",0.36597277631964975,0.9285871908420641,False
Immunoglobulin heavy variable 1-45,MCV,time1,20,17,-0.3105708060826278,"[-0.67, 0.17]",0.19562151976622635,0.887081019599844,False
Hemoglobin subunit gamma-1,MCV,time1,20,17,0.37304871766781966,"[-0.10, 0.71]",0.11569606603233544,0.8290414311110669,False
Apolipoprotein F,MCV,time1,20,17,-0.03431262818408092,"[-0.48, 0.43]",0.8890931817249161,0.997559861248858,False
Immunoglobulin gamma-1 heavy chain,MCV,time1,20,17,-0.4692334481431393,"[-0.76, -0.02]",0.04268407107792354,0.780717100347183,False
Low affinity immunoglobulin gamma Fc region receptor III-B,MCV,time1,20,17,0.30167327796430626,"[-0.18, 0.66]",0.20941139744286796,0.8980339270305654,False
Multiple epidermal growth factor-like domains protein 8,MCV,time1,20,17,-0.3588319786784489,"[-0.70, 0.11]",0.13137654579716668,0.847666490299985,False
Complement C4-B,MCV,time1,20,17,-0.004885256841559248,"[-0.46, 0.45]",0.9841640910218119,0.9989122224583239,False
Glyceraldehyde-3-phosphate dehydrogenase,MCV,time1,20,17,0.057957864500683944,"[-0.41, 0.50]",0.8136817675133725,0.986023577908053,False
Complement C1r subcomponent,MCV,time1,20,17,0.12515538855944647,"[-0.35, 0.55]",0.6096882235531536,0.9621706909906743,False
Sex hormone-binding globulin,MCV,time1,20,17,-0.1861114645876143,"[-0.59, 0.29]",0.4455414838195244,0.9361498868301301,False
Biotinidase,MCV,time1,20,17,0.17757836710508634,"[-0.30, 0.58]",0.46703699595592096,0.9399490057022261,False
Cholinesterase,MCV,time1,20,17,0.33801483626413487,"[-0.14, 0.69]",0.15694752393580236,0.8664842517941643,False
Immunoglobulin heavy variable 2-5,MCV,time1,20,17,-0.22025465139144051,"[-0.61, 0.26]",0.36488908771160755,0.9285871908420641,False
Immunoglobulin lambda variable 1-36,MCV,time1,20,17,-0.34874676286398987,"[-0.69, 0.13]",0.14336968342315567,0.8558309360858758,False
Immunoglobulin kappa variable 3-11,MCV,time1,20,17,-0.18387707119425484,"[-0.59, 0.29]",0.45111998121278607,0.9361498868301301,False
Immunoglobulin kappa variable 6-21,MCV,time1,20,17,-0.043725356663203284,"[-0.49, 0.42]",0.858927676013892,0.9929646300905662,False
Immunoglobulin kappa light chain,MCV,time1,20,17,-0.3449815079895397,"[-0.69, 0.13]",0.14803664467073052,0.8564250560246558,False
Neuropilin-1,MCV,time1,20,17,-0.0029894969599089613,"[-0.46, 0.45]",0.9903089704118582,0.9989126836088675,False
Ficolin-2,MCV,time1,20,17,0.027862075102091682,"[-0.43, 0.48]",0.909852731591194,0.997559861248858,False
Gamma-glutamyl hydrolase,MCV,time1,20,17,0.5345037573463841,"[0.11, 0.80]",0.01839040863322096,0.780717100347183,False
Keratinocyte proline-rich protein,MCV,time1,20,17,-0.1913253263072106,"[-0.59, 0.29]",0.43266442651164205,0.9343955399375984,False
Kyphoscoliosis peptidase,MCV,time1,20,17,0.6195788577398346,"[0.23, 0.84]",0.004666118343236898,0.7385516510769441,False
Laminin subunit alpha-2,MCV,time1,20,17,0.17770150265076656,"[-0.30, 0.58]",0.4667231446285047,0.9399490057022261,False
Desmoglein-1,MCV,time1,20,17,0.02111231756372875,"[-0.44, 0.47]",0.9316350308245837,0.9989122224583239,False
Immunoglobulin lambda variable 3-27,MCV,time1,20,17,-0.5866934983720656,"[-0.82, -0.18]",0.00827881233780809,0.7385516510769441,False
Myosin-9,MCV,time1,20,17,-0.07552741114578806,"[-0.51, 0.39]",0.7586110303573522,0.9745063647413549,False
Versican core protein,MCV,time1,20,17,0.2333748485725315,"[-0.25, 0.62]",0.33626863762286885,0.9236478900056884,False
Proteasome subunit beta type-3,MCV,time1,20,17,-0.044132022104032304,"[-0.49, 0.42]",0.8576283230996712,0.9928260491238071,False
Alpha-N-acetylglucosaminidase,MCV,time1,20,17,-0.3329069345724059,"[-0.68, 0.14]",0.16371095577784894,0.867816664987516,False
Caspase-14,MCV,time1,20,17,-0.044797047075981755,"[-0.49, 0.42]",0.8555042319066747,0.9928150111527771,False
Histidine-rich glycoprotein,MCV,time1,20,17,0.00849111896163232,"[-0.45, 0.46]",0.9724787499967494,0.9989122224583239,False
"ATP synthase subunit alpha, mitochondrial",MCV,time1,20,17,0.15533031913054698,"[-0.32, 0.57]",0.5254440045230272,0.9529295397056773,False
Immunoglobulin kappa constant,MCV,time1,20,17,-0.040108775083844576,"[-0.49, 0.42]",0.8704980718426648,0.9952750807277061,False
Interleukin-1 receptor accessory protein,MCV,time1,20,17,0.5613773655842059,"[0.14, 0.81]",0.012385432026963291,0.7677137594604839,False
Immunoglobulin lambda variable 9-49,MCV,time1,20,17,-0.40060256404307726,"[-0.72, 0.07]",0.08919158429980796,0.8154186244354011,False
Plexin domain-containing protein 2,MCV,time1,20,17,0.027998154422488326,"[-0.43, 0.48]",0.9094141688611768,0.997559861248858,False
Immunoglobulin heavy variable 4-28,MCV,time1,20,17,-0.2638450935232459,"[-0.64, 0.22]",0.2750603059516006,0.9170614304794888,False
Desmoplakin,MCV,time1,20,17,0.01811364036044572,"[-0.44, 0.47]",0.9413279726723933,0.9989122224583239,False
Endoplasmin,MCV,time1,20,17,-0.11364863596436826,"[-0.54, 0.36]",0.6431795978274515,0.9621706909906743,False
Heparin cofactor 2,MCV,time1,20,17,0.22312241218261594,"[-0.26, 0.62]",0.3585185203807657,0.9285871908420641,False
Laminin subunit gamma-1,MCV,time1,20,17,0.06923117315221744,"[-0.40, 0.51]",0.7782330620282238,0.9792734583116876,False
Polymeric immunoglobulin receptor,MCV,time1,20,17,-0.20373481401767993,"[-0.60, 0.28]",0.402818931659626,0.931256717265325,False
Serum amyloid A-4 protein,MCV,time1,20,17,0.032422993292476374,"[-0.43, 0.48]",0.8951679514271731,0.997559861248858,False
Catalase,MCV,time1,20,17,-0.1016398844455148,"[-0.53, 0.37]",0.6788479642925023,0.9648380336571762,False
Complement receptor type 1,MCV,time1,20,17,0.1269928688131858,"[-0.35, 0.55]",0.6044060182259178,0.9621706909906743,False
Immunoglobulin kappa variable 1-27,MCV,time1,20,17,-0.29641553484100364,"[-0.66, 0.18]",0.21785333087292658,0.8982115991698657,False
Immunoglobulin kappa variable 2-30,MCV,time1,20,17,-0.34679700032087524,"[-0.69, 0.13]",0.1457734012014404,0.8558309360858758,False
Protein-glutamine gamma-glutamyltransferase E,MCV,time1,20,17,-0.01550240125456287,"[-0.47, 0.44]",0.949775040485179,0.9989122224583239,False
Periostin,MCV,time1,20,17,-0.2648671715014597,"[-0.64, 0.22]",0.2731359149484532,0.9170614304794888,False
Albumin,MCV,time1,20,17,0.37569201000894514,"[-0.09, 0.71]",0.11293493266974104,0.8290414311110669,False
Complement factor B,MCV,time1,20,17,0.08988942031322573,"[-0.38, 0.52]",0.7143942318975415,0.9656789320774398,False
Probable non-functional immunoglobulinn kappa variable 1-37;Probable non-functional immunoglobulinn kappa variable 1D-37,MCV,time1,20,17,-0.3884666969751399,"[-0.72, 0.08]",0.10025293127881289,0.8236696927292213,False
Immunoglobulin lambda variable 8-61,MCV,time1,20,17,-0.16209098057890434,"[-0.57, 0.32]",0.5073445632897973,0.9521459598740973,False
Annexin A1,MCV,time1,20,17,0.23064810090299107,"[-0.25, 0.62]",0.3421057362504605,0.926595760949047,False
CD5 antigen-like,MCV,time1,20,17,-0.04657701035862957,"[-0.49, 0.42]",0.8498237416390981,0.991249088174675,False
RB-associated KRAB zinc finger protein,MCV,time1,20,17,0.06817921896096892,"[-0.40, 0.51]",0.7815243532223815,0.9794872500650506,False
Immunoglobulin lambda variable 7-46,MCV,time1,20,17,-0.07481499224953608,"[-0.51, 0.39]",0.7608244260975965,0.9745063647413549,False
Basement membrane-specific heparan sulfate proteoglycan core protein,MCV,time1,20,17,-0.1234478525717236,"[-0.55, 0.35]",0.6146135055646995,0.9621706909906743,False
Vitamin K-dependent protein C,MCV,time1,20,17,0.08651632277471082,"[-0.38, 0.52]",0.7247068341802465,0.9673286249298616,False
Immunoglobulin lambda variable 1-40,MCV,time1,20,17,-0.24867299469200382,"[-0.63, 0.23]",0.304611711189896,0.9236478900056884,False
Pantetheinase,MCV,time1,20,17,0.119880793152446,"[-0.35, 0.54]",0.6249533678658443,0.9621706909906743,False
Neutrophil defensin 1;Neutrophil defensin 3,MCV,time1,20,17,0.13338453193858918,"[-0.34, 0.55]",0.5861793756038236,0.9604968661816792,False
Immunoglobulin lambda variable 2-8,MCV,time1,20,17,-0.42823233363604896,"[-0.74, 0.03]",0.06737305260374725,0.7864905583204208,False
Immunoglobulin heavy variable 1-18,MCV,time1,20,17,-0.49510668882190356,"[-0.78, -0.05]",0.03113715662773934,0.780717100347183,False
Immunoglobulin kappa variable 3D-15,MCV,time1,20,17,0.04586667343813721,"[-0.42, 0.49]",0.8520898434901422,0.9926541518556998,False
Extracellular matrix protein 1,MCV,time1,20,17,0.10249712710576203,"[-0.37, 0.53]",0.6762789082543565,0.9648380336571762,False
Tubulin alpha-1B chain,MCV,time1,20,17,0.04833138696264643,"[-0.41, 0.49]",0.8442318295065481,0.9910606354169061,False
Immunoglobulin lambda variable 5-45,MCV,time1,20,17,-0.13273871682878277,"[-0.55, 0.34]",0.5880104365855461,0.9610066239456336,False
Alpha-2-HS-glycoprotein,MCV,time1,20,17,0.2900351266494691,"[-0.19, 0.66]",0.22839226052045486,0.8982115991698657,False
Cartilage acidic protein 1,MCV,time1,20,17,-0.17614164684506606,"[-0.58, 0.30]",0.4707067942316041,0.9408984762056689,False
Coagulation factor IX,MCV,time1,20,17,-0.07895205411681269,"[-0.51, 0.39]",0.7479964402511301,0.9738797723547303,False
Integrin alpha-2,MCV,time1,20,17,-0.11776410547803733,"[-0.54, 0.36]",0.6311210467697494,0.9621706909906743,False
"Mannosyl-oligosaccharide 1,2-alpha-mannosidase IA",MCV,time1,20,17,0.03424656095654708,"[-0.43, 0.48]",0.8893054757747725,0.997559861248858,False
Endophilin-A3,MCV,time1,20,17,0.24487286997939486,"[-0.24, 0.63]",0.31230174635995517,0.9236478900056884,False
Collagen alpha-1(I) chain,MCV,time1,20,17,0.20176387794555214,"[-0.28, 0.60]",0.407482610762513,0.9318821411825824,False
Carboxypeptidase N subunit 2,MCV,time1,20,17,0.09626554052509362,"[-0.37, 0.53]",0.6950306082346904,0.9648380336571762,False
Scavenger receptor cysteine-rich type 1 protein M130,MCV,time1,20,17,0.20223053916628259,"[-0.28, 0.60]",0.4063757519833291,0.9318821411825824,False
Annexin A5,MCV,time1,20,17,0.1872652862496173,"[-0.29, 0.59]",0.44267484812247115,0.9361498868301301,False
Platelet factor 4,MCV,time1,20,17,0.3924663610314698,"[-0.08, 0.72]",0.0965032218582471,0.8179364288014818,False
Immunoglobulin heavy variable 3-72,MCV,time1,20,17,-0.44177127654027726,"[-0.75, 0.02]",0.05826894541965767,0.780717100347183,False
Protein HEG homolog 1,MCV,time1,20,17,0.49368043384710025,"[0.05, 0.77]",0.031702175427284957,0.780717100347183,False
Sulfhydryl oxidase 1,MCV,time1,20,17,0.14085087922749892,"[-0.33, 0.56]",0.5651872962106758,0.9574313225752206,False
Corticosteroid-binding globulin,MCV,time1,20,17,-0.029186270155103246,"[-0.48, 0.43]",0.9055861332491761,0.997559861248858,False
Angiopoietin-related protein 6,MCV,time1,20,17,-0.3015767423960091,"[-0.66, 0.18]",0.20956442797427327,0.8980339270305654,False
72 kDa type IV collagenase,MCV,time1,20,17,-0.07343847056775393,"[-0.51, 0.39]",0.7651061347334903,0.9746109310501495,False
Trypsin-3,MCV,time1,20,17,0.1352172471097445,"[-0.34, 0.56]",0.5809962694411008,0.9599322538236903,False
Complement component C9,MCV,time1,20,17,0.1522309067402019,"[-0.32, 0.57]",0.5338406458563908,0.954665480182609,False
Pyruvate kinase PKM,MCV,time1,20,17,0.061617271775796005,"[-0.40, 0.50]",0.802133286859147,0.9840896993583559,False
Immunoglobulin heavy variable 4-34,MCV,time1,20,17,-0.2068186367328242,"[-0.60, 0.27]",0.3955805742532055,0.931256717265325,False
Immunoglobulin kappa variable 6D-21,MCV,time1,20,17,-0.12482489552210599,"[-0.55, 0.35]",0.6106402659031569,0.9621706909906743,False
Immunoglobulin lambda-1 light chain,MCV,time1,20,17,-0.4697834928682492,"[-0.76, -0.02]",0.04240861085192686,0.780717100347183,False
Transforming growth factor-beta-induced protein ig-h3,MCV,time1,20,17,0.21944114419650168,"[-0.26, 0.61]",0.3667078673341556,0.9285871908420641,False
Complement C1q subcomponent subunit A,MCV,time1,20,17,0.05627301484100278,"[-0.41, 0.50]",0.8190114209850289,0.9880927433269808,False
Prolow-density lipoprotein receptor-related protein 1,MCV,time1,20,17,-0.03289863715948533,"[-0.48, 0.43]",0.8936383195189768,0.997559861248858,False
Immunoglobulin heavy constant mu,MCV,time1,20,17,-0.06894938413723946,"[-0.51, 0.40]",0.7791143546636158,0.9792734583116876,False
UV-stimulated scaffold protein A,MCV,time1,20,17,0.1977661434224932,"[-0.28, 0.60]",0.4170313568649504,0.9324135167651676,False
Complement component C6,MCV,time1,20,17,0.16080283978990317,"[-0.32, 0.57]",0.5107700239653185,0.9529295397056773,False
Angiotensinogen,MCV,time1,20,17,0.18673849833993722,"[-0.29, 0.59]",0.44398244645982765,0.9361498868301301,False
Pregnancy zone protein,MCV,time1,20,17,-0.03854789266128535,"[-0.48, 0.42]",0.8754996742430958,0.995958470840817,False
Histone H2A type 1-B/E;Histone H2A type 3;Histone H2A type 1-C,MCV,time1,20,17,0.1327151100160577,"[-0.34, 0.55]",0.5880774137917308,0.9610066239456336,False
Desmocollin-1,MCV,time1,20,17,0.026349078148556124,"[-0.43, 0.47]",0.9147305424215919,0.9985551599450393,False
Protein Z-dependent protease inhibitor,MCV,time1,20,17,0.022700746611710784,"[-0.44, 0.47]",0.9265042300782924,0.9988920085410217,False
Immunoglobulin kappa variable 1-17,MCV,time1,20,17,-0.25722278265098475,"[-0.64, 0.22]",0.28773204764920024,0.9177310147446764,False
Fibronectin,MCV,time1,20,17,-0.041815940362368596,"[-0.49, 0.42]",0.8650331193352007,0.994185780985073,False
Probable non-functional immunoglobulin heavy variable 3-38,MCV,time1,20,17,-0.2605317170141733,"[-0.64, 0.22]",0.2813564496736277,0.9170614304794888,False
Nucleoside diphosphate kinase 3,MCV,time1,20,17,-0.10226882844145323,"[-0.53, 0.37]",0.676962759595544,0.9648380336571762,False
Plasma protease C1 inhibitor,MCV,time1,20,17,0.07828966673061319,"[-0.39, 0.51]",0.7500461736614517,0.9741110734656547,False
Immunoglobulin kappa variable 1-16,MCV,time1,20,17,-0.222063119020688,"[-0.61, 0.26]",0.36086423712364446,0.9285871908420641,False
F-actin-capping protein subunit alpha-1,MCV,time1,20,17,0.014104452168226901,"[-0.44, 0.47]",0.9542994141373795,0.9989122224583239,False
Cathepsin D,MCV,time1,20,17,-0.1502288161173933,"[-0.57, 0.33]",0.5392970370339576,0.954665480182609,False
Anthrax toxin receptor 2,MCV,time1,20,17,0.01931352890615352,"[-0.44, 0.47]",0.9374484244316506,0.9989122224583239,False
Talin-1,MCV,time1,20,17,-0.27169997988260275,"[-0.65, 0.21]",0.26048637737551744,0.908120932246165,False
Protein disulfide-isomerase,MCV,time1,20,17,0.11953037611543593,"[-0.35, 0.54]",0.6259727925015375,0.9621706909906743,False
Junction plakoglobin,MCV,time1,20,17,0.04584058250349496,"[-0.42, 0.49]",0.852173099476953,0.9926541518556998,False
Tenascin,MCV,time1,20,17,0.38626373774175926,"[-0.08, 0.72]",0.10236269280573075,0.8265112390333225,False
Cadherin-related family member 5,MCV,time1,20,17,0.10422662176103364,"[-0.37, 0.53]",0.6711062494192184,0.9648380336571762,False
Kininogen-1,MCV,time1,20,17,-0.24920955775010722,"[-0.63, 0.23]",0.30353519239432597,0.9236478900056884,False
Alpha-1-antichymotrypsin,MCV,time1,20,17,0.013874088156209033,"[-0.44, 0.47]",0.9550451046692776,0.9989122224583239,False
Integrin alpha-IIb,MCV,time1,20,17,-0.25364337872183323,"[-0.63, 0.23]",0.29472759434805407,0.9197855145380048,False
Serum amyloid P-component,MCV,time1,20,17,-0.29471878283858177,"[-0.66, 0.18]",0.2206243946893383,0.8982115991698657,False
Inter-alpha-trypsin inhibitor heavy chain H1,MCV,time1,20,17,0.06333622932033085,"[-0.40, 0.50]",0.7967219196236308,0.9836599029006693,False
Probable non-functional immunoglobulin heavy variable 3-35,MCV,time1,20,17,-0.2534233175042142,"[-0.63, 0.23]",0.2951610276603938,0.9197855145380048,False
Immunoglobulin kappa variable 1-5,MCV,time1,20,17,-0.1957127888211486,"[-0.60, 0.28]",0.421982040992849,0.9324135167651676,False
Band 3 anion transport protein,MCV,time1,20,17,0.21577447668301936,"[-0.26, 0.61]",0.3749690299112989,0.9300516392509022,False
Immunoglobulin lambda variable 7-43,MCV,time1,20,17,0.2631339357822307,"[-0.22, 0.64]",0.27640423631431366,0.9170614304794888,False
Peroxiredoxin-1,MCV,time1,20,17,-0.06907338951143736,"[-0.51, 0.40]",0.7787264971016835,0.9792734583116876,False
Matrix metalloproteinase-9,MCV,time1,20,17,0.04485121741349093,"[-0.42, 0.49]",0.8553312534287687,0.9928150111527771,False
Multimerin-2,MCV,time1,20,17,0.20243254122702486,"[-0.28, 0.60]",0.4058971359401021,0.9318821411825824,False
Immunoglobulin heavy variable 1-3,MCV,time1,20,17,-0.028950701014812574,"[-0.48, 0.43]",0.9063449666864631,0.997559861248858,False
Podocalyxin,MCV,time1,20,17,0.09635471249010008,"[-0.37, 0.53]",0.6947610477975019,0.9648380336571762,False
Immunoglobulin lambda variable 1-51,MCV,time1,20,17,0.02366155980959622,"[-0.44, 0.47]",0.9234020326424704,0.9988788261324435,False
Cadherin-13,MCV,time1,20,17,0.13546262414966131,"[-0.34, 0.56]",0.5803038005267682,0.9591963163346238,False
Plastin-2,MCV,time1,20,17,0.2215700361042688,"[-0.26, 0.61]",0.3619591040862491,0.9285871908420641,False
Inter-alpha-trypsin inhibitor heavy chain H4,MCV,time1,20,17,0.12282730700407482,"[-0.35, 0.55]",0.6164073642389176,0.9621706909906743,False
Fructose-bisphosphate aldolase B,MCV,time1,20,17,0.11109884282777947,"[-0.36, 0.54]",0.6506939490414791,0.9627206746105794,False
Mannan-binding lectin serine protease 2,MCV,time1,20,17,-0.21724039008172055,"[-0.61, 0.26]",0.3716538129451866,0.9300516392509022,False
Platelet glycoprotein 4,MCV,time1,20,17,-0.15989078578029522,"[-0.57, 0.32]",0.5132020043644279,0.9529295397056773,False
Hemoglobin subunit alpha,MCV,time1,20,17,0.17839998802629906,"[-0.30, 0.59]",0.46494483951035903,0.9399490057022261,False
Immunoglobulin lambda variable 3-10,MCV,time1,20,17,-0.058938259959456826,"[-0.50, 0.41]",0.8105840893089449,0.9853512016964315,False
Serum paraoxonase/lactonase 3,MCV,time1,20,17,0.09996630454522236,"[-0.37, 0.53]",0.683873248551043,0.9648380336571762,False
Dopamine beta-hydroxylase,MCV,time1,20,17,0.05122730404947287,"[-0.41, 0.49]",0.8350170680600936,0.9906439255230137,False
Triosephosphate isomerase,MCV,time1,20,17,-0.029752428656481516,"[-0.48, 0.43]",0.9037627014425338,0.997559861248858,False
Endoplasmic reticulum chaperone BiP,MCV,time1,20,17,-0.09647817516297794,"[-0.53, 0.37]",0.6943878869059986,0.9648380336571762,False
Suprabasin,MCV,time1,20,17,-0.33165127106745385,"[-0.68, 0.14]",0.1654036614713194,0.867816664987516,False
Immunoglobulin kappa variable 3-20,MCV,time1,20,17,-0.1869514153432377,"[-0.59, 0.29]",0.4434537006252035,0.9361498868301301,False
Ficolin-1,MCV,time1,20,17,-0.06886003733144068,"[-0.51, 0.40]",0.7793938399433183,0.9792734583116876,False
Autotaxin,MCV,time1,20,17,0.10148727116013447,"[-0.37, 0.53]",0.6793056851735286,0.9648380336571762,False
Histidine ammonia-lyase,MCV,time1,20,17,-0.29800066733511527,"[-0.66, 0.18]",0.21528518161046756,0.8982115991698657,False
Noelin,MCV,time1,20,17,-0.03976570938810874,"[-0.49, 0.42]",0.8715969750175376,0.9952750807277061,False
Prenylcysteine oxidase 1,MCV,time1,20,17,-0.26798459119631085,"[-0.64, 0.21]",0.26731816438468214,0.9158755914645343,False
Immunoglobulin delta heavy chain,MCV,time1,20,17,-0.4471705234906052,"[-0.75, 0.01]",0.0549096091906173,0.780717100347183,False
Antithrombin-III,MCV,time1,20,17,0.27169997988260275,"[-0.21, 0.65]",0.26048637737551744,0.908120932246165,False
Complement component C7,MCV,time1,20,17,0.0312716282710867,"[-0.43, 0.48]",0.898872104098782,0.997559861248858,False
BOS complex subunit NOMO3;BOS complex subunit NOMO1;BOS complex subunit NOMO2,MCV,time1,20,17,-0.12835365306632357,"[-0.55, 0.35]",0.6005062491786053,0.9621706909906743,False
Cofilin-1,MCV,time1,20,17,0.0521619359534231,"[-0.41, 0.49]",0.8320474138723294,0.9906439255230137,False
Histone H4,MCV,time1,20,17,0.07113291718035615,"[-0.40, 0.51]",0.7722921987327123,0.976641439674382,False
Serum amyloid A-1 protein,MCV,time1,20,17,-0.2994096186001475,"[-0.66, 0.18]",0.21301917199888343,0.8982115991698657,False
Transferrin receptor protein 1,MCV,time1,20,17,0.2279958837686507,"[-0.25, 0.62]",0.34783936607415766,0.926595760949047,False
Serpin B12,MCV,time1,20,17,-0.023060073518125213,"[-0.47, 0.44]",0.9253439426887577,0.9988788261324435,False
Immunoglobulin kappa variable 3D-20,MCV,time1,20,17,0.22551959005569144,"[-0.25, 0.62]",0.3532424418736596,0.9275759271483885,False
Probable non-functional immunoglobulin heavy variable 3-16,MCV,time1,20,17,-0.3215137848733653,"[-0.68, 0.16]",0.17950852592882757,0.8733740923033797,False
Immunoglobulin lambda variable 6-57,MCV,time1,20,17,-0.02797656021628704,"[-0.48, 0.43]",0.9094837619968299,0.997559861248858,False
Fibrinogen alpha chain,MCV,time1,20,17,-0.3101174023098085,"[-0.67, 0.17]",0.1963092217103484,0.8884745784522471,False
Galectin-3-binding protein,MCV,time1,20,17,-0.17676656274728916,"[-0.58, 0.30]",0.4691088044745624,0.9402589828665833,False
Macrophage colony-stimulating factor 1 receptor,MCV,time1,20,17,0.13680301178895574,"[-0.34, 0.56]",0.5765273643426957,0.9585981157899655,False
Phosphatidylinositol-glycan-specific phospholipase D,MCV,time1,20,17,-0.1871876609960673,"[-0.59, 0.29]",0.44286740451878615,0.9361498868301301,False
Serotransferrin,MCV,time1,20,17,0.4028510660866879,"[-0.06, 0.72]",0.08724443547952263,0.8154186244354011,False
Integrin alpha-11,MCV,time1,20,17,0.4144252879376818,"[-0.05, 0.73]",0.07771123036564488,0.8085910456185831,False
Proprotein convertase subtilisin/kexin type 9,MCV,time1,20,17,-0.0190248817913919,"[-0.47, 0.44]",0.9383815747234574,0.9989122224583239,False
Gelsolin,MCV,time1,20,17,0.1150633263372221,"[-0.36, 0.54]",0.6390246457667941,0.9621706909906743,False
Proteoglycan 4,MCV,time1,20,17,-0.3670326957688025,"[-0.70, 0.10]",0.12215926752519467,0.8313974029708804,False
Vascular cell adhesion protein 1,MCV,time1,20,17,0.21643688945058703,"[-0.26, 0.61]",0.3734689084980528,0.9300516392509022,False
Adhesion G protein-coupled receptor F5,MCV,time1,20,17,-0.235184497148905,"[-0.62, 0.25]",0.3324271125789855,0.9236478900056884,False
Insulin-like growth factor-binding protein 3,MCV,time1,20,17,0.10959277588231277,"[-0.36, 0.54]",0.65514765365635,0.9627206746105794,False
Transthyretin,MCV,time1,20,17,0.1250865130843472,"[-0.35, 0.55]",0.6098865818293594,0.9621706909906743,False
Coiled-coil domain-containing protein 126,MCV,time1,20,17,0.09911634798667562,"[-0.37, 0.53]",0.6864303215982197,0.9648380336571762,False
Guanine nucleotide-binding protein G(i) subunit alpha-2,MCV,time1,20,17,-0.06651394440253185,"[-0.51, 0.40]",0.7867418208892862,0.9809449094133241,False
Apolipoprotein C-I,MCV,time1,20,17,-0.22907303886273617,"[-0.62, 0.25]",0.34550408742555294,0.926595760949047,False
Syntenin-1,MCV,time1,20,17,-0.012887240240988735,"[-0.46, 0.44]",0.958239938252495,0.9989122224583239,False
Phospholipid transfer protein,MCV,time1,20,17,0.07973999876867725,"[-0.39, 0.52]",0.745560281809375,0.9738797723547303,False
Laminin subunit beta-1,MCV,time1,20,17,0.0663747779364002,"[-0.40, 0.51]",0.7871782404085905,0.9809449094133241,False
Proline-rich protein 4,MCV,time1,20,17,0.12623671520992374,"[-0.35, 0.55]",0.6065774741484267,0.9621706909906743,False
Immunoglobulin kappa variable 2-28;Immunoglobulin kappa variable 2D-28,MCV,time1,20,17,-0.3043354179849842,"[-0.67, 0.17]",0.2052202535635853,0.8937375538491094,False
Complement C3,MCV,time1,20,17,-0.0335815997417334,"[-0.48, 0.43]",0.8914425973086564,0.997559861248858,False
Thyroxine-binding globulin,MCV,time1,20,17,0.10838860014082365,"[-0.36, 0.54]",0.6587166582945728,0.9630236411946936,False
Immunoglobulin kappa variable 1D-13;Immunoglobulin kappa variable 1-13,MCV,time1,20,17,-0.2601055012532676,"[-0.64, 0.22]",0.28217274783984275,0.9170614304794888,False
Complement factor H-related protein 5,MCV,time1,20,17,-0.07471876648683964,"[-0.51, 0.39]",0.7611235242335943,0.9745063647413549,False
Immunoglobulin lambda variable 2-23,MCV,time1,20,17,0.01165089187181524,"[-0.44, 0.46]",0.9622433624368791,0.9989122224583239,False
Coagulation factor VII,MCV,time1,20,17,0.09132833556162677,"[-0.38, 0.52]",0.710009285825209,0.9656789320774398,False
Immunoglobulin heavy constant gamma 4,MCV,time1,20,17,-0.03995660136788551,"[-0.49, 0.42]",0.8709854846134164,0.9952750807277061,False
L-lactate dehydrogenase B chain,MCV,time1,20,17,0.20517147602770433,"[-0.27, 0.60]",0.3994378675154324,0.931256717265325,False
Zinc-alpha-2-glycoprotein,MCV,time1,20,17,0.16619997360318733,"[-0.31, 0.58]",0.49649159494391304,0.949643311856458,False
"Dihydrolipoyllysine-residue succinyltransferase component of 2-oxoglutarate dehydrogenase complex, mitochondrial",MCV,time1,20,17,0.06886828853651839,"[-0.40, 0.51]",0.7793680283048453,0.9792734583116876,False
Serpin B3,MCV,time1,20,17,0.04689466476650104,"[-0.42, 0.49]",0.8488107308650367,0.991249088174675,False
Immunoglobulin heavy variable 3-33,MCV,time1,20,17,-0.30824917970329163,"[-0.67, 0.17]",0.19915981445766437,0.8922868894209619,False
Follistatin-related protein 1,MCV,time1,20,17,0.04015445788006278,"[-0.42, 0.49]",0.8703517584536729,0.9952750807277061,False
Cholesteryl ester transfer protein,MCV,time1,20,17,-0.2794649592402166,"[-0.65, 0.20]",0.24656589691293546,0.8982115991698657,False
Complement C1q subcomponent subunit C,MCV,time1,20,17,0.05323629203029888,"[-0.41, 0.50]",0.8286364984131893,0.9903438276995221,False
Immunoglobulin heavy variable 4-30-2,MCV,time1,20,17,-0.18598939413362214,"[-0.59, 0.29]",0.4458453252313245,0.9361498868301301,False
Thrombospondin-4,MCV,time1,20,17,0.2551670549038452,"[-0.23, 0.64]",0.29173719314387614,0.9177310147446764,False
Transketolase,MCV,time1,20,17,0.03732773600509895,"[-0.42, 0.48]",0.8794126332501635,0.995958470840817,False
Complement receptor type 2,MCV,time1,20,17,-0.2307884791566491,"[-0.62, 0.25]",0.3418038024008856,0.926595760949047,False
Immunoglobulin kappa variable 2-40;Immunoglobulin kappa variable 2D-40,MCV,time1,20,17,-0.1538710811895788,"[-0.57, 0.32]",0.5293895764833589,0.9529295397056773,False
Immunoglobulin kappa variable 3D-7,MCV,time1,20,17,-0.16786227693725753,"[-0.58, 0.31]",0.4921332119278602,0.9487618233959951,False
Immunoglobulin heavy variable 3-64,MCV,time1,20,17,-0.2567534786473875,"[-0.64, 0.22]",0.28864340294807217,0.9177310147446764,False
Vitronectin,MCV,time1,20,17,-0.10332639188817135,"[-0.53, 0.37]",0.6737969524198625,0.9648380336571762,False
Complement component C8 gamma chain,MCV,time1,20,17,-0.1100259392005968,"[-0.54, 0.36]",0.6538655631384414,0.9627206746105794,False
Immunoglobulin heavy variable 5-51,MCV,time1,20,17,-0.29598048960916623,"[-0.66, 0.18]",0.2185616512492866,0.8982115991698657,False
Coagulation factor V,MCV,time1,20,17,-0.11368446008255748,"[-0.54, 0.36]",0.6430742563558896,0.9621706909906743,False
Protein S100-A7,MCV,time1,20,17,0.05920950546400826,"[-0.41, 0.50]",0.8097275300789795,0.9853512016964315,False
Arginase-1,MCV,time1,20,17,-0.0566657013765547,"[-0.50, 0.41]",0.8177685549143484,0.9875992555224574,False
Protein-glutamine gamma-glutamyltransferase K,MCV,time1,20,17,-0.18976655399458725,"[-0.59, 0.29]",0.4364935693820158,0.9360268564138758,False
Immunoglobulin kappa variable 4-1,MCV,time1,20,17,0.015450689083050988,"[-0.44, 0.47]",0.949942378267781,0.9989122224583239,False
Coagulation factor XIII B chain,MCV,time1,20,17,-0.21331770289325228,"[-0.61, 0.27]",0.3805621781945294,0.9306754732938034,False
Apolipoprotein C-II,MCV,time1,20,17,-0.11880752003510628,"[-0.54, 0.35]",0.6280777592544937,0.9621706909906743,False
Bone marrow proteoglycan,MCV,time1,20,17,-0.010952043785335994,"[-0.46, 0.45]",0.9645066936206237,0.9989122224583239,False
Apolipoprotein A-I,MCV,time1,20,17,0.17198951587164335,"[-0.31, 0.58]",0.48139325987507,0.9447457823105017,False
Coagulation factor X,MCV,time1,20,17,0.09170030432475781,"[-0.38, 0.52]",0.7088771608458706,0.9656789320774398,False
Thioredoxin,MCV,time1,20,17,-0.054887881685772855,"[-0.50, 0.41]",0.8233986957311872,0.9895207784928999,False
Immunoglobulin heavy variable 3-15,MCV,time1,20,17,-0.42706969123328825,"[-0.74, 0.03]",0.06820166389420093,0.7877432426525369,False
Proteasome subunit beta type-2,MCV,time1,20,17,0.0048963169798758215,"[-0.45, 0.46]",0.9841282430860896,0.9989122224583239,False
Apolipoprotein A-II,MCV,time1,20,17,0.30715967540432243,"[-0.17, 0.67]",0.2008348313638846,0.892789897490977,False
Immunoglobulin heavy constant gamma 2,MCV,time1,20,17,-0.241025151977119,"[-0.63, 0.24]",0.32020529782844753,0.9236478900056884,False
Plakophilin-1,MCV,time1,20,17,0.043041205302784984,"[-0.42, 0.49]",0.8611144171722553,0.9941217641720209,False
Fetuin-B,MCV,time1,20,17,0.09338366363924429,"[-0.38, 0.53]",0.7037610173555751,0.9656789320774398,False
Complement factor H-related protein 3,MCV,time1,20,17,-0.26014738008463534,"[-0.64, 0.22]",0.2820924759851,0.9170614304794888,False
Plasminogen,MCV,time1,20,17,-0.02135172729016734,"[-0.47, 0.44]",0.9308615409999019,0.9989122224583239,False
Fermitin family homolog 3,MCV,time1,20,17,-0.3187421412113814,"[-0.68, 0.16]",0.18350193773294732,0.8782530552193797,False
Immunoglobulin heavy variable 3-21,MCV,time1,20,17,-0.3451235222295484,"[-0.69, 0.13]",0.14785873223621085,0.8564170936386176,False
Immunoglobulin heavy variable 2-26,MCV,time1,20,17,-0.2387667750541739,"[-0.63, 0.24]",0.32489899178270154,0.9236478900056884,False
Immunoglobulin kappa variable 1-12;Immunoglobulin kappa variable 1D-12,MCV,time1,20,17,-0.3857095489079802,"[-0.71, 0.08]",0.10289844736923669,0.8271261596889837,False
Immunoglobulin heavy constant gamma 3,MCV,time1,20,17,-0.15985103214917487,"[-0.57, 0.32]",0.5133081313682633,0.9529295397056773,False
Immunoglobulin kappa variable 2D-29,MCV,time1,20,17,-0.35442776800164033,"[-0.70, 0.12]",0.13652375707071354,0.8512509075131343,False
Neogenin,MCV,time1,20,17,-0.07530325411894184,"[-0.51, 0.39]",0.7593072650916524,0.9745063647413549,False
Immunoglobulin heavy variable 6-1,MCV,time1,20,17,-0.21512553365332884,"[-0.61, 0.26]",0.3764419221115922,0.9300516392509022,False
L-selectin,MCV,time1,20,17,-0.020798628999563057,"[-0.47, 0.44]",0.9326485909305205,0.9989122224583239,False
Immunoglobulin lambda constant 3,MCV,time1,20,17,-0.24056509159678993,"[-0.63, 0.24]",0.32115818029005366,0.9236478900056884,False
A disintegrin and metalloproteinase with thrombospondin motifs 13,MCV,time1,20,17,-0.3090926117073618,"[-0.67, 0.17]",0.19786949782185476,0.8900394843748304,False
von Willebrand factor,MCV,time1,20,17,0.09491137579588468,"[-0.38, 0.53]",0.6991284401990174,0.9648380336571762,False
Neutral alpha-glucosidase AB,MCV,time1,20,17,-0.08987668842859625,"[-0.52, 0.38]",0.7144330695040615,0.9656789320774398,False
Carbonic anhydrase 1,MCV,time1,20,17,0.1379573234714232,"[-0.34, 0.56]",0.5732836507849068,0.9577130190205156,False
Immunoglobulin lambda variable 4-60,MCV,time1,20,17,-0.04895495133019838,"[-0.49, 0.41]",0.8422459792742363,0.9910182692199748,False
Integrin beta-1,MCV,time1,20,17,0.07491308181780747,"[-0.39, 0.51]",0.7605195681312278,0.9745063647413549,False
Immunoglobulin lambda variable 3-12,MCV,time1,20,17,-0.0012616878557607859,"[-0.46, 0.45]",0.9959099209559156,0.9992571532563216,False
Alpha-amylase 1B;Alpha-amylase 1C;Alpha-amylase 1A,MCV,time1,20,17,0.0001584252053014341,"[-0.45, 0.45]",0.9994864227730037,1.0,False
Lumican,MCV,time1,20,17,0.1837663399781722,"[-0.30, 0.59]",0.4513973685428029,0.9361498868301301,False
Beta-Ala-His dipeptidase,MCV,time1,20,17,-0.10645540788504458,"[-0.53, 0.37]",0.6644611369376676,0.9642690192775135,False
Immunoglobulin alpha-2 heavy chain,MCV,time1,20,17,-0.10680409617861733,"[-0.54, 0.37]",0.663423674099694,0.9640983070453398,False
Complement C5,MCV,time1,20,17,0.16270521565008791,"[-0.31, 0.57]",0.5057150416218846,0.9520708301626678,False
Protein S100-A8,MCV,time1,20,17,0.06037777330724488,"[-0.40, 0.50]",0.8060406647279781,0.9840896993583559,False
Immunoglobulin lambda variable 3-25,MCV,time1,20,17,-0.10622608656340335,"[-0.53, 0.37]",0.665143762289039,0.9642690192775135,False
Leukocyte immunoglobulin-like receptor subfamily B member 3;Leukocyte immunoglobulin-like receptor subfamily A member 6,MCV,time1,20,17,-0.4133055675526852,"[-0.73, 0.05]",0.07859824826793609,0.8085910456185831,False
Collagen alpha-3(VI) chain,MCV,time1,20,17,0.09497754044986884,"[-0.38, 0.53]",0.698928033393686,0.9648380336571762,False
Immunoglobulin kappa variable 1-39;Immunoglobulin kappa variable 1D-39,MCV,time1,20,17,-0.23168088929112682,"[-0.62, 0.25]",0.3398879784115506,0.926595760949047,False
Bleomycin hydrolase,MCV,time1,20,17,-0.20651685773322306,"[-0.60, 0.27]",0.396285740679317,0.931256717265325,False
CD166 antigen,MCV,time1,20,17,-0.02321401354955651,"[-0.47, 0.44]",0.9248469054289346,0.9988788261324435,False
Beta-2-microglobulin,MCV,time1,20,17,0.15657790129529184,"[-0.32, 0.57]",0.5220815976235301,0.9529295397056773,False
Amino acid transporter heavy chain SLC3A2,MCV,time1,20,17,0.3251991506608352,"[-0.15, 0.68]",0.17429009327387548,0.867816664987516,False
Haptoglobin-related protein,MCV,time1,20,17,0.11094260698250737,"[-0.36, 0.54]",0.6511554426144885,0.9627206746105794,False
Alpha-1-acid glycoprotein 1,MCV,time1,20,17,0.1566756198150389,"[-0.32, 0.57]",0.5218186578524291,0.9529295397056773,False
Serum paraoxonase/arylesterase 1,MCV,time1,20,17,-0.1794171854746121,"[-0.59, 0.30]",0.4623612476141048,0.9399490057022261,False
Target of Nesh-SH3,MCV,time1,20,17,-0.2558823304264462,"[-0.64, 0.22]",0.2903397906054611,0.9177310147446764,False
Intercellular adhesion molecule 1,MCV,time1,20,17,0.3321387033162016,"[-0.14, 0.68]",0.16474516087921073,0.867816664987516,False
Complement C4-A,MCV,time1,20,17,0.2576094514250856,"[-0.22, 0.64]",0.28698249064327175,0.9177310147446764,False
Coagulation factor XIII A chain,MCV,time1,20,17,-0.14199256349145675,"[-0.56, 0.33]",0.5620065978793513,0.9574313225752206,False
Immunoglobulin mu heavy chain,MCV,time1,20,17,-0.08336454416725322,"[-0.52, 0.39]",0.7343840227634375,0.9721798169318988,False
Oncoprotein-induced transcript 3 protein,MCV,time1,20,17,-0.11759566710283573,"[-0.54, 0.36]",0.6316128593769816,0.9621706909906743,False
Peroxiredoxin-2,MCV,time1,20,17,0.06206158145023657,"[-0.40, 0.50]",0.8007337401137594,0.9840896993583559,False
Tissue factor pathway inhibitor,MCV,time1,20,17,-0.12486898840236633,"[-0.55, 0.35]",0.6105132141023226,0.9621706909906743,False
Progranulin,MCV,time1,20,17,0.11619548830825098,"[-0.36, 0.54]",0.6357068730852801,0.9621706909906743,False
Histone H2B type 1-K;Histone H2B type F-S,MCV,time1,20,17,0.07755134313287376,"[-0.39, 0.51]",0.7523327797357688,0.9742709497578206,False
Hemoglobin subunit delta,MCV,time1,20,17,0.2252563609218049,"[-0.26, 0.62]",0.3538196059884505,0.9275759271483885,False
Glutathione S-transferase P,MCV,time1,20,17,0.1679889265349323,"[-0.31, 0.58]",0.4918019165668196,0.948666315142069,False
Annexin A6,MCV,time1,20,17,-0.21551184334567697,"[-0.61, 0.26]",0.3755647329894478,0.9300516392509022,False
Complement factor H-related protein 1,MCV,time1,20,17,-0.17826415506817508,"[-0.59, 0.30]",0.4652903943014034,0.9399490057022261,False
Protein KPLCE,MCV,time1,20,17,-0.20385035310140398,"[-0.60, 0.28]",0.4025464454431301,0.931256717265325,False
Immunoglobulin heavy variable 4-4,MCV,time1,20,17,0.037958626293630636,"[-0.42, 0.48]",0.877389071436338,0.995958470840817,False
Alpha-1B-glycoprotein,MCV,time1,20,17,0.24632215372012867,"[-0.23, 0.63]",0.30935535008152126,0.9236478900056884,False
Properdin,MCV,time1,20,17,0.09625301500372074,"[-0.37, 0.53]",0.6950684747919732,0.9648380336571762,False
Immunoglobulin heavy variable 3-53,MCV,time1,20,17,-0.4769450091825868,"[-0.77, -0.03]",0.0389453166499315,0.780717100347183,False
Calmodulin-like protein 5,MCV,time1,20,17,0.10544287820243717,"[-0.37, 0.53]",0.6674770539153951,0.9648380336571762,False
Carboxypeptidase B2,MCV,time1,20,17,-0.0038523097807802954,"[-0.46, 0.45]",0.9875121809374363,0.9989122224583239,False
"Sushi, nidogen and EGF-like domain-containing protein 1",MCV,time1,20,17,-0.20621940123092483,"[-0.60, 0.27]",0.39698148092447094,0.931256717265325,False
Proteasome subunit alpha type-5,MCV,time1,20,17,-0.02306271100041101,"[-0.47, 0.44]",0.9253354266363935,0.9988788261324435,False
Bifunctional heparan sulfate N-deacetylase/N-sulfotransferase 4,MCV,time1,20,17,-0.018557154660191245,"[-0.47, 0.44]",0.9398938250220032,0.9989122224583239,False
Immunoglobulin heavy variable 3-9,MCV,time1,20,17,-0.5252278853840345,"[-0.79, -0.09]",0.020930400294011955,0.780717100347183,False
Neural cell adhesion molecule L1-like protein,MCV,time1,20,17,-0.000874267506758838,"[-0.45, 0.45]",0.9971658357575661,0.9995407469472238,False
Proteasome subunit alpha type-2,MCV,time1,20,17,0.16226278360373078,"[-0.32, 0.57]",0.5068885299481192,0.9521029330766132,False
Intercellular adhesion molecule 3,MCV,time1,20,17,0.2875647714406803,"[-0.19, 0.66]",0.23255971544810108,0.8982115991698657,False
Receptor-type tyrosine-protein phosphatase eta,MCV,time1,20,17,0.17734625287482353,"[-0.30, 0.58]",0.46762890425163395,0.9399490057022261,False
ADAMTS-like protein 4,MCV,time1,20,17,-0.06434367689624831,"[-0.50, 0.40]",0.7935545285139863,0.9830382993033819,False
Immunoglobulin lambda variable 3-21,MCV,time1,20,17,0.39604215282269406,"[-0.07, 0.72]",0.09323807983297468,0.8154186244354011,False
Cartilage oligomeric matrix protein,MCV,time1,20,17,0.32355555558403026,"[-0.15, 0.68]",0.1766045355554833,0.8680693010442515,False
Neural cell adhesion molecule 1,MCV,time1,20,17,-0.14895198757924577,"[-0.56, 0.33]",0.5427900354383433,0.9550458416046101,False
Immunoglobulin lambda variable 2-11,MCV,time1,20,17,-0.11549197466476582,"[-0.54, 0.36]",0.6377677259278995,0.9621706909906743,False
Immunoglobulin kappa variable 1D-33;Immunoglobulin kappa variable 1-33,MCV,time1,20,17,-0.569757306983012,"[-0.81, -0.16]",0.010876664069987791,0.7497716344476072,False
Beta-2-glycoprotein 1,MCV,time1,20,17,0.02948243733194422,"[-0.43, 0.48]",0.9046322079652243,0.997559861248858,False
Vitamin D-binding protein,MCV,time1,20,17,0.0973715846939388,"[-0.37, 0.53]",0.6916896030772481,0.9648380336571762,False
Filamin-A,MCV,time1,20,17,-0.25273362491231766,"[-0.63, 0.23]",0.29652195957197064,0.9197855145380048,False
Reelin,MCV,time1,20,17,0.28238840468314785,"[-0.20, 0.65]",0.2414501666881003,0.8982115991698657,False
Immunoglobulin lambda variable 5-39,MCV,time1,20,17,0.20292041436880554,"[-0.28, 0.60]",0.40474245010238175,0.9318821411825824,False
Fatty acid-binding protein 5,MCV,time1,20,17,-0.18630804143451915,"[-0.59, 0.29]",0.44505241649338845,0.9361498868301301,False
"HLA class I histocompatibility antigen, A alpha chain",MCV,time1,20,17,-0.08857493063625706,"[-0.52, 0.38]",0.718407510619724,0.9657037285349999,False
Low affinity immunoglobulin gamma Fc region receptor III-A,MCV,time1,20,17,0.6915851860793444,"[0.35, 0.87]",0.0010382687603827472,0.5177587784035962,False
Heat shock 70 kDa protein 1A;Heat shock 70 kDa protein 1B,MCV,time1,20,17,0.1049542276283375,"[-0.37, 0.53]",0.6689342978432631,0.9648380336571762,False
Apolipoprotein D,MCV,time1,20,17,0.14811358626930446,"[-0.33, 0.56]",0.5450891905352382,0.9550458416046101,False
Plexin-B1,MCV,time1,20,17,-0.29160908678279157,"[-0.66, 0.19]",0.2257623724785286,0.8982115991698657,False
Immunoglobulin heavy variable 1-58,MCV,time1,20,17,-0.09100715046419046,"[-0.52, 0.38]",0.7109873137547813,0.9656789320774398,False
Apolipoprotein C-IV,MCV,time1,20,17,-0.24422548642652267,"[-0.63, 0.24]",0.31362328571268455,0.9236478900056884,False
Monocyte differentiation antigen CD14,MCV,time1,20,17,-0.039967713975591554,"[-0.49, 0.42]",0.8709498893956342,0.9952750807277061,False
Protein MENT,MCV,time1,20,17,-0.20992415346302581,"[-0.61, 0.27]",0.38836404097961064,0.931256717265325,False
Immunoglobulin epsilon heavy chain,MCV,time1,20,17,-0.09734679926512656,"[-0.53, 0.37]",0.6917644124850209,0.9648380336571762,False
Complement factor H,MCV,time1,20,17,0.029318992701717585,"[-0.43, 0.48]",0.9051586316261574,0.997559861248858,False
Stabilin-1,MCV,time1,20,17,-0.06667296830721973,"[-0.51, 0.40]",0.7862432038863933,0.9809449094133241,False
Macrophage receptor MARCO,MCV,time1,20,17,-0.4190605263545866,"[-0.73, 0.04]",0.0741178856751525,0.7963212415647299,False
Protein POF1B,MCV,time1,20,17,-0.11311559658524355,"[-0.54, 0.36]",0.6447477788649645,0.9623162852441542,False
Phosphatidylcholine-sterol acyltransferase,MCV,time1,20,17,-0.1595505441355069,"[-0.57, 0.32]",0.5141106552347032,0.9529295397056773,False
Clusterin,MCV,time1,20,17,0.08650016209459814,"[-0.38, 0.52]",0.7247563533754969,0.9673286249298616,False
Platelet-activating factor acetylhydrolase,MCV,time1,20,17,0.10670102403650378,"[-0.37, 0.53]",0.6637302868224229,0.9640983070453398,False
Vasorin,MCV,time1,20,17,0.19226648302837476,"[-0.29, 0.59]",0.43036104781754514,0.9343133512273196,False
Myeloperoxidase,MCV,time1,20,17,-0.43636374820250406,"[-0.74, 0.02]",0.06178648687749545,0.7842048818024371,False
Immunoglobulin lambda variable 5-52,MCV,time1,20,17,-0.5108598455351123,"[-0.78, -0.07]",0.02540399141900108,0.780717100347183,False
Carboxypeptidase N catalytic chain,MCV,time1,20,17,0.13384333588082573,"[-0.34, 0.55]",0.584880004030185,0.9599322538236903,False
Fibrinogen gamma chain,MCV,time1,20,17,-0.14612053923363452,"[-0.56, 0.33]",0.5505723012169703,0.9567880971342136,False
Soluble scavenger receptor cysteine-rich domain-containing protein SSC5D,MCV,time1,20,17,-0.07693554059478948,"[-0.51, 0.39]",0.7542414476835275,0.9745063647413549,False
Tetranectin,MCV,time1,20,17,0.40192432046136733,"[-0.06, 0.72]",0.08804316484967625,0.8154186244354011,False
Apolipoprotein(a),MCV,time1,20,17,-0.32793981910347497,"[-0.68, 0.15]",0.17047671203760778,0.867816664987516,False
Alpha-2-antiplasmin,MCV,time1,20,17,0.26350090230426176,"[-0.22, 0.64]",0.2757102441109096,0.9170614304794888,False
Retroviral-like aspartic protease 1,MCV,time1,20,17,0.09741912311542751,"[-0.37, 0.53]",0.6915461263779841,0.9648380336571762,False
Ficolin-3,MCV,time1,20,17,0.5505997127564942,"[0.13, 0.80]",0.014568311485956963,0.7677137594604839,False
Immunoglobulin kappa variable 2-24,MCV,time1,20,17,-0.4159632798010358,"[-0.73, 0.05]",0.07650496063632133,0.8074990672805452,False
Immunoglobulin superfamily containing leucine-rich repeat protein,MCV,time1,20,17,0.06200960501825166,"[-0.40, 0.50]",0.8008974325819564,0.9840896993583559,False
Complement factor D,MCV,time1,20,17,0.03942892481909302,"[-0.42, 0.48]",0.8726759776911324,0.9953590843109901,False
Vitamin K-dependent protein Z,MCV,time1,20,17,-0.05091685763991721,"[-0.49, 0.41]",0.8360039405866778,0.9906439255230137,False
EGF-containing fibulin-like extracellular matrix protein 1,MCV,time1,20,17,0.11222863547034716,"[-0.36, 0.54]",0.6473603667653318,0.9623162852441542,False
Dipeptidase 2,MCV,time1,20,17,-0.21213812243086136,"[-0.61, 0.27]",0.38326408665521583,0.931256717265325,False
Myeloblastin,MCV,time1,20,17,0.43294835040101654,"[-0.03, 0.74]",0.0640889081748581,0.7845863525077257,False
Neurogenic locus notch homolog protein 1,MCV,time1,20,17,-0.18835197275291024,"[-0.59, 0.29]",0.43998379694207135,0.9361498868301301,False
Vitamin K-dependent protein S,MCV,time1,20,17,-0.1100372051345949,"[-0.54, 0.36]",0.6538322302310797,0.9627206746105794,False
Dermcidin,MCV,time1,20,17,-0.08387516930799108,"[-0.52, 0.39]",0.7328135575514783,0.9719346028497398,False
Immunoglobulin heavy variable 3-73,MCV,time1,20,17,-0.47124665663017623,"[-0.76, -0.02]",0.041682505625637974,0.780717100347183,False
Alpha-2-macroglobulin,MCV,time1,20,17,0.11094260698250737,"[-0.36, 0.54]",0.6511554426144885,0.9627206746105794,False
Cation-independent mannose-6-phosphate receptor,MCV,time1,20,17,-0.14004735198948406,"[-0.56, 0.34]",0.5674306008769192,0.9575202748664524,False
Chromodomain-helicase-DNA-binding protein 1;Chromodomain-helicase-DNA-binding protein 2;Chromodomain-helicase-DNA-binding protein 9;Chromodomain-helicase-DNA-binding protein 6;Chromodomain-helicase-DNA-binding protein 8;Chromodomain-helicase-DNA-binding protein 7,MCV,time1,20,17,0.19408738650049143,"[-0.29, 0.60]",0.42592300357987967,0.9324335195406078,False
Ceruloplasmin,MCV,time1,20,17,-0.22730955175733264,"[-0.62, 0.25]",0.3493320809644723,0.92660625506674,False
Prostaglandin-H2 D-isomerase,MCV,time1,20,17,-0.01838459446966208,"[-0.47, 0.44]",0.9404517947640052,0.9989122224583239,False
Protein S100-A9,MCV,time1,20,17,-0.0099877133681357,"[-0.46, 0.45]",0.967630255045707,0.9989122224583239,False
Immunoglobulin J chain,MCV,time1,20,17,-0.3047096917323319,"[-0.67, 0.17]",0.20463548946153592,0.8937375538491094,False
Probable non-functional immunoglobulin kappa variable 3-7,MCH,time1,20,17,-0.05025615485856539,"[-0.49, 0.41]",0.8381050161153623,0.9906439255230137,False
Apolipoprotein A-IV,MCH,time1,20,17,0.29988376616262385,"[-0.18, 0.66]",0.21226013364313664,0.8982115991698657,False
Coagulation factor XII,MCH,time1,20,17,-0.12156458555768425,"[-0.55, 0.35]",0.6200640344436374,0.9621706909906743,False
Mannan-binding lectin serine protease 1,MCH,time1,20,17,0.37320439428296937,"[-0.10, 0.71]",0.11553212669086062,0.8290414311110669,False
Complement factor I,MCH,time1,20,17,0.34750819405191063,"[-0.13, 0.69]",0.14489340033586254,0.8558309360858758,False
Platelet glycoprotein Ib alpha chain,MCH,time1,20,17,-0.004136697745233621,"[-0.46, 0.45]",0.9865903724026346,0.9989122224583239,False
Hepatocyte growth factor-like protein,MCH,time1,20,17,-0.40107126304322954,"[-0.72, 0.06]",0.08878310473080753,0.8154186244354011,False
Profilin-1,MCH,time1,20,17,-0.2132933736888798,"[-0.61, 0.27]",0.38061779825529174,0.9306754732938034,False
Peptidase inhibitor 16,MCH,time1,20,17,0.43007790502826393,"[-0.03, 0.74]",0.06607319538980146,0.7847211600615925,False
Cell surface glycoprotein MUC18,MCH,time1,20,17,-0.1538856167566009,"[-0.57, 0.32]",0.5293502069987679,0.9529295397056773,False
Adhesion G-protein coupled receptor G6,MCH,time1,20,17,-0.1780207260201155,"[-0.58, 0.30]",0.4659099945187378,0.9399490057022261,False
Immunoglobulin heavy variable 1-69,MCH,time1,20,17,-0.6495386889317953,"[-0.85, -0.28]",0.002614428139023842,0.7385516510769441,False
Insulin-like growth factor-binding protein complex acid labile subunit,MCH,time1,20,17,0.12268290910237324,"[-0.35, 0.55]",0.6168250854629564,0.9621706909906743,False
Plasma serine protease inhibitor,MCH,time1,20,17,-0.21355897080606084,"[-0.61, 0.27]",0.38001085061338236,0.9306754732938034,False
Immunoglobulin heavy variable 1-69D,MCH,time1,20,17,-0.27682322070182724,"[-0.65, 0.20]",0.25124754773475283,0.9010501812845132,False
Pancreatic adenocarcinoma up-regulated factor,MCH,time1,20,17,0.41218967451168087,"[-0.05, 0.73]",0.0794896531879703,0.8104760370286881,False
Immunoglobulin heavy variable 3-64D,MCH,time1,20,17,0.12715142773431215,"[-0.35, 0.55]",0.6039510849601073,0.9621706909906743,False
Neutrophil gelatinase-associated lipocalin,MCH,time1,20,17,-0.033415348577414745,"[-0.48, 0.43]",0.8919770251478116,0.997559861248858,False
Lysosome-associated membrane glycoprotein 2,MCH,time1,20,17,0.24304203114568793,"[-0.24, 0.63]",0.31604776278429875,0.9236478900056884,False
Corneodesmosin,MCH,time1,20,17,-0.09417103668527886,"[-0.53, 0.38]",0.701372157412897,0.9649003662485383,False
Collagen alpha-1(XVIII) chain,MCH,time1,20,17,0.171215659242065,"[-0.31, 0.58]",0.4833981234784879,0.9447457823105017,False
Lipopolysaccharide-binding protein,MCH,time1,20,17,-0.3863427146062729,"[-0.72, 0.08]",0.1022865073704861,0.8265112390333225,False
Immunoglobulin heavy variable 3-49,MCH,time1,20,17,-0.24005733480109442,"[-0.63, 0.24]",0.3222118030232197,0.9236478900056884,False
SPARC-like protein 1,MCH,time1,20,17,-0.3252184895989086,"[-0.68, 0.15]",0.17426298405572052,0.867816664987516,False
Ras-associated and pleckstrin homology domains-containing protein 1,MCH,time1,20,17,0.20381380291165904,"[-0.28, 0.60]",0.40263263418612594,0.931256717265325,False
Alpha-1-acid glycoprotein 2,MCH,time1,20,17,0.2731491947249605,"[-0.21, 0.65]",0.25785162498729225,0.905784054510989,False
Immunoglobulin heavy variable 3-20,MCH,time1,20,17,-0.2814588355166321,"[-0.65, 0.20]",0.24306939907439296,0.8982115991698657,False
Neurogenic locus notch homolog protein 2,MCH,time1,20,17,-0.3706960256625426,"[-0.71, 0.10]",0.11819388249757257,0.8291287868992757,False
Apolipoprotein B-100,MCH,time1,20,17,-0.13053384936891468,"[-0.55, 0.34]",0.5942798506434649,0.961962834437533,False
CD44 antigen,MCH,time1,20,17,-0.5225076313880958,"[-0.79, -0.09]",0.021725576439469287,0.780717100347183,False
Pigment epithelium-derived factor,MCH,time1,20,17,-0.3000769526753713,"[-0.66, 0.18]",0.21195138082241116,0.8982115991698657,False
Xaa-Pro dipeptidase,MCH,time1,20,17,-0.07494912814040733,"[-0.51, 0.39]",0.7604075462699212,0.9745063647413549,False
Immunoglobulin heavy constant delta,MCH,time1,20,17,-0.3237647312574347,"[-0.68, 0.15]",0.17630883391226468,0.8679180027342512,False
Probable non-functional immunoglobulin heavy variable 3-38-3,MCH,time1,20,17,-0.16460507076104836,"[-0.58, 0.31]",0.5006907600436891,0.9508323683401586,False
Immunoglobulin lambda constant 7,MCH,time1,20,17,-0.1126106037240351,"[-0.54, 0.36]",0.6462347741256884,0.9623162852441542,False
Receptor-type tyrosine-protein phosphatase gamma,MCH,time1,20,17,-0.00347372447073348,"[-0.46, 0.45]",0.9887393418723783,0.9989122224583239,False
Afamin,MCH,time1,20,17,0.14059298911398957,"[-0.34, 0.56]",0.565906857140613,0.9574313225752206,False
Pyruvate kinase PKLR,MCH,time1,20,17,0.36957078087675366,"[-0.10, 0.71]",0.11940201530289503,0.8313974029708804,False
Insulin-like growth factor 2,MCH,time1,20,17,0.041431523215168437,"[-0.42, 0.49]",0.8662632070938032,0.9944453522962275,False
CD109 antigen,MCH,time1,20,17,-0.09053489895173958,"[-0.52, 0.38]",0.7124261330755133,0.9656789320774398,False
ADP-ribosyl cyclase/cyclic ADP-ribose hydrolase 2,MCH,time1,20,17,-0.4487571881251737,"[-0.75, 0.01]",0.053950853741305684,0.780717100347183,False
Dedicator of cytokinesis protein 4,MCH,time1,20,17,-0.10259202078998551,"[-0.53, 0.37]",0.6759947327480986,0.9648380336571762,False
Complement factor H-related protein 2,MCH,time1,20,17,-0.1938433701145644,"[-0.60, 0.29]",0.4265163266223919,0.9325197868425932,False
Selenoprotein P,MCH,time1,20,17,-0.6002668850621947,"[-0.83, -0.20]",0.0065819336077887316,0.7385516510769441,False
Adipocyte plasma membrane-associated protein,MCH,time1,20,17,-0.07361369212585779,"[-0.51, 0.39]",0.7645607380133774,0.9745508252474132,False
Immunoglobulin heavy constant alpha 2,MCH,time1,20,17,0.19091419513244015,"[-0.29, 0.59]",0.4336726557973982,0.9350755875607188,False
Lactotransferrin,MCH,time1,20,17,-0.022901122487346885,"[-0.47, 0.44]",0.9258571871089278,0.9988788261324435,False
Alpha-enolase,MCH,time1,20,17,0.10913485766909266,"[-0.36, 0.54]",0.6565040195572862,0.9630236411946936,False
Immunoglobulin heavy constant gamma 1,MCH,time1,20,17,-0.2929765585764233,"[-0.66, 0.19]",0.22349350570271806,0.8982115991698657,False
Collectin-10,MCH,time1,20,17,-0.07027520268704311,"[-0.51, 0.40]",0.7749701350012191,0.9782663179653326,False
Lysosome-associated membrane glycoprotein 1,MCH,time1,20,17,0.2637014207931921,"[-0.22, 0.64]",0.27533148833539656,0.9170614304794888,False
Cathelicidin antimicrobial peptide,MCH,time1,20,17,0.029840631435433453,"[-0.43, 0.48]",0.9034786672459336,0.997559861248858,False
Fibroblast growth factor-binding protein 2,MCH,time1,20,17,0.288254622792299,"[-0.19, 0.66]",0.23139104870051497,0.8982115991698657,False
Lymphatic vessel endothelial hyaluronic acid receptor 1,MCH,time1,20,17,0.11543098800603754,"[-0.36, 0.54]",0.6379464986710004,0.9621706909906743,False
Haptoglobin,MCH,time1,20,17,-0.2529438271799839,"[-0.63, 0.23]",0.2961067758423041,0.9197855145380048,False
Tenascin-X,MCH,time1,20,17,0.08077446649903526,"[-0.39, 0.52]",0.7423654358966774,0.9728363041843875,False
Zinc finger protein 512B,MCH,time1,20,17,-0.39578008543052173,"[-0.72, 0.07]",0.09347460866636198,0.8154186244354011,False
Immunoglobulin lambda variable 3-19,MCH,time1,20,17,-0.29913039595442653,"[-0.66, 0.18]",0.21346699670493774,0.8982115991698657,False
Complement C1q subcomponent subunit B,MCH,time1,20,17,0.4402697185200649,"[-0.02, 0.75]",0.059230160462455196,0.780717100347183,False
Ubiquitin-ribosomal protein eS31 fusion protein,MCH,time1,20,17,0.003990347100067849,"[-0.45, 0.46]",0.987064748019521,0.9989122224583239,False
Kinesin-like protein KIF21A,MCH,time1,20,17,0.036562971484074995,"[-0.42, 0.48]",0.8818665514898762,0.995958470840817,False
Attractin,MCH,time1,20,17,0.23836959898139304,"[-0.24, 0.62]",0.325728645024685,0.9236478900056884,False
Immunoglobulin lambda variable 1-44,MCH,time1,20,17,0.22655382466943952,"[-0.25, 0.62]",0.35097999047640216,0.9272260713488003,False
Immunoglobulin heavy variable 1-46,MCH,time1,20,17,-0.6047485846995334,"[-0.83, -0.21]",0.006088481253920569,0.7385516510769441,False
Fibulin-1,MCH,time1,20,17,0.20587291768157356,"[-0.27, 0.60]",0.39779273705359974,0.931256717265325,False
Secreted phosphoprotein 24,MCH,time1,20,17,-0.15529132591592923,"[-0.57, 0.32]",0.5255492585771817,0.9529295397056773,False
Scavenger receptor class B member 1,MCH,time1,20,17,0.1258610518433029,"[-0.35, 0.55]",0.6076574479390864,0.9621706909906743,False
Immunoglobulin lambda variable 2-18,MCH,time1,20,17,-0.09737130003847058,"[-0.53, 0.37]",0.6916904622321379,0.9648380336571762,False
Collagen alpha-2(VI) chain,MCH,time1,20,17,-0.15845302337198347,"[-0.57, 0.32]",0.5170468703650586,0.9529295397056773,False
Adiponectin,MCH,time1,20,17,-0.04773372897160472,"[-0.49, 0.42]",0.8461360212083143,0.991249088174675,False
Nidogen-1,MCH,time1,20,17,0.07931713109391474,"[-0.39, 0.51]",0.7468674135343947,0.9738797723547303,False
Alpha-1-antitrypsin,MCH,time1,20,17,-0.3232181151055066,"[-0.68, 0.15]",0.17708226620457806,0.8697826262739815,False
"Sushi, von Willebrand factor type A, EGF and pentraxin domain-containing protein 1",MCH,time1,20,17,-0.01488263955268355,"[-0.47, 0.44]",0.9517806863222931,0.9989122224583239,False
Complement C1s subcomponent,MCH,time1,20,17,0.28040522410077107,"[-0.20, 0.65]",0.2449130650164576,0.8982115991698657,False
Alpha-actinin-4,MCH,time1,20,17,0.22145857656146226,"[-0.26, 0.61]",0.3622068563979046,0.9285871908420641,False
Complement component C1q receptor,MCH,time1,20,17,-0.01731721571336373,"[-0.47, 0.44]",0.9439037222417017,0.9989122224583239,False
Inter-alpha-trypsin inhibitor heavy chain H3,MCH,time1,20,17,0.10638920065062624,"[-0.37, 0.53]",0.6646581913974068,0.9642690192775135,False
Immunoglobulin kappa variable 1D-8,MCH,time1,20,17,-0.14546507063657546,"[-0.56, 0.33]",0.5523809455863988,0.956967658239982,False
Low-density lipoprotein receptor,MCH,time1,20,17,-0.08373748223951663,"[-0.52, 0.39]",0.7332369244833761,0.9721633096024915,False
Prolactin-inducible protein,MCH,time1,20,17,0.37445500077439503,"[-0.10, 0.71]",0.1142211559989727,0.8290414311110669,False
Hyaluronan-binding protein 2,MCH,time1,20,17,-0.29791443581419097,"[-0.66, 0.18]",0.21542437753381558,0.8982115991698657,False
N-acetylmuramoyl-L-alanine amidase,MCH,time1,20,17,0.05749746339142163,"[-0.41, 0.50]",0.8151373777234684,0.9866265618169168,False
Serpin A11,MCH,time1,20,17,-0.13702239583450482,"[-0.56, 0.34]",0.5759102717061904,0.9585981157899655,False
C4b-binding protein alpha chain,MCH,time1,20,17,0.185248063187599,"[-0.29, 0.59]",0.44769284786344077,0.9361498868301301,False
Inter-alpha-trypsin inhibitor heavy chain H2,MCH,time1,20,17,-0.5729816227783264,"[-0.82, -0.16]",0.010337213188852546,0.7385516510769441,False
Fibrillin-1,MCH,time1,20,17,-0.22047934321479976,"[-0.61, 0.26]",0.364387642151098,0.9285871908420641,False
Golgi-associated RAB2 interactor protein 1B,MCH,time1,20,17,0.42831600820648874,"[-0.03, 0.74]",0.06731370947115843,0.7864905583204208,False
Neurogenic locus notch homolog protein 3,MCH,time1,20,17,-0.22621205038409004,"[-0.62, 0.25]",0.3517267175985672,0.9273537283887798,False
Immunoglobulin heavy constant alpha 1,MCH,time1,20,17,-0.1369809662889098,"[-0.56, 0.34]",0.576026784764021,0.9585981157899655,False
Apolipoprotein C-III,MCH,time1,20,17,0.2438077963982946,"[-0.24, 0.63]",0.3144777104163798,0.9236478900056884,False
Glutathione peroxidase 3,MCH,time1,20,17,0.25246005687401646,"[-0.23, 0.63]",0.297062830538737,0.9200359940361522,False
Contactin-1,MCH,time1,20,17,-0.1959238811804294,"[-0.60, 0.28]",0.4214716543171274,0.9324135167651676,False
Stomatin,MCH,time1,20,17,0.44695538514248456,"[-0.01, 0.75]",0.05504059453944522,0.780717100347183,False
Immunoglobulin heavy variable 3-13,MCH,time1,20,17,-0.18498893844320588,"[-0.59, 0.29]",0.4483395616977748,0.9361498868301301,False
Immunoglobulin heavy variable 1-69-2,MCH,time1,20,17,-0.18567740490307152,"[-0.59, 0.29]",0.4466223740416758,0.9361498868301301,False
Apolipoprotein E,MCH,time1,20,17,-0.16157989759443028,"[-0.57, 0.32]",0.5087023364945416,0.9528668192661338,False
Mucosal addressin cell adhesion molecule 1,MCH,time1,20,17,-0.19585669770102393,"[-0.60, 0.28]",0.4216340572412872,0.9324135167651676,False
Protein S100-A11,MCH,time1,20,17,0.11555609291492523,"[-0.36, 0.54]",0.6375797940616653,0.9621706909906743,False
Complement factor H-related protein 4,MCH,time1,20,17,-0.2261759197780423,"[-0.62, 0.25]",0.35180571110152226,0.9273537283887798,False
Immunoglobulin kappa variable 1D-16,MCH,time1,20,17,-0.34438555585475683,"[-0.69, 0.13]",0.14878486022019852,0.8571210825256641,False
Immunoglobulin lambda variable 1-47,MCH,time1,20,17,-0.43340105038234517,"[-0.74, 0.03]",0.06378008860407242,0.7845863525077257,False
Fructose-bisphosphate aldolase A,MCH,time1,20,17,-0.16756433824607628,"[-0.58, 0.31]",0.49291300118667536,0.9488299676442298,False
Thrombospondin-1,MCH,time1,20,17,0.6142652490054253,"[0.22, 0.84]",0.005140446923749002,0.7385516510769441,False
Aminopeptidase N,MCH,time1,20,17,-0.5894706229062436,"[-0.82, -0.18]",0.007905542411181141,0.7385516510769441,False
Apolipoprotein M,MCH,time1,20,17,0.27809617025323874,"[-0.20, 0.65]",0.24898466330792182,0.9008095070708867,False
Immunoglobulin heavy variable 3-43,MCH,time1,20,17,-0.23999792229492756,"[-0.63, 0.24]",0.32233522091411326,0.9236478900056884,False
Cysteine-rich secretory protein 3,MCH,time1,20,17,-0.2670746236265565,"[-0.64, 0.21]",0.26900828938442134,0.916480836706628,False
Complement component C8 alpha chain,MCH,time1,20,17,-0.33151200127426905,"[-0.68, 0.14]",0.1655921390601397,0.867816664987516,False
Immunoglobulin heavy variable 2-70D,MCH,time1,20,17,-0.09019321681635509,"[-0.52, 0.38]",0.7134677242611845,0.9656789320774398,False
Immunoglobulin heavy variable 3-23,MCH,time1,20,17,0.12947348009560977,"[-0.35, 0.55]",0.5973047989959022,0.961962834437533,False
Plasma kallikrein,MCH,time1,20,17,-0.11347658089613194,"[-0.54, 0.36]",0.6436856196781984,0.9621706909906743,False
Galectin-7,MCH,time1,20,17,0.11141187778478177,"[-0.36, 0.54]",0.6497696642715561,0.9627206746105794,False
Extracellular superoxide dismutase [Cu-Zn],MCH,time1,20,17,-0.11966074579007023,"[-0.54, 0.35]",0.6255934482381968,0.9621706909906743,False
Immunoglobulin heavy variable 1-8,MCH,time1,20,17,-0.33791483826431584,"[-0.69, 0.14]",0.157078055636886,0.8664842517941643,False
Cystatin-C,MCH,time1,20,17,-0.03244325685707472,"[-0.48, 0.43]",0.8951027781940646,0.997559861248858,False
Immunoglobulin lambda-like polypeptide 1,MCH,time1,20,17,0.011794223919447245,"[-0.44, 0.46]",0.9617791923221146,0.9989122224583239,False
Inhibin beta C chain,MCH,time1,20,17,-0.18148739211586767,"[-0.59, 0.30]",0.45712566966050727,0.9384843653688746,False
Mannose-binding protein C,MCH,time1,20,17,0.26529890196332895,"[-0.21, 0.64]",0.27232556244159367,0.9170614304794888,False
IgGFc-binding protein,MCH,time1,20,17,-0.11123804439894014,"[-0.54, 0.36]",0.6502828742248392,0.9627206746105794,False
Macrophage mannose receptor 1,MCH,time1,20,17,-0.12274738860590757,"[-0.55, 0.35]",0.6166385421067696,0.9621706909906743,False
Aromatase,MCH,time1,20,17,0.047818977064685624,"[-0.42, 0.49]",0.8458643629946366,0.991249088174675,False
Cadherin-5,MCH,time1,20,17,-0.3978383646278406,"[-0.72, 0.07]",0.09162863231082558,0.8154186244354011,False
Immunoglobulin kappa variable 1-8,MCH,time1,20,17,-0.42135411055860833,"[-0.73, 0.04]",0.07238614498571568,0.7963212415647299,False
Retinol-binding protein 4,MCH,time1,20,17,0.009770231318887861,"[-0.45, 0.46]",0.96833476480008,0.9989122224583239,False
Complement component C8 beta chain,MCH,time1,20,17,-0.4487571881251737,"[-0.75, 0.01]",0.053950853741305684,0.780717100347183,False
Tumor necrosis factor receptor superfamily member 1B,MCH,time1,20,17,0.02590424677607066,"[-0.43, 0.47]",0.9161652147589123,0.9985551599450393,False
Formin-2,MCH,time1,20,17,-0.3864030093012183,"[-0.72, 0.08]",0.10222837136853134,0.8265112390333225,False
Scavenger receptor cysteine-rich domain-containing protein DMBT1,MCH,time1,20,17,-0.018949301315464937,"[-0.47, 0.44]",0.9386259271525209,0.9989122224583239,False
Apolipoprotein L1,MCH,time1,20,17,0.17740419347878614,"[-0.30, 0.58]",0.4674811161023368,0.9399490057022261,False
Leucine-rich alpha-2-glycoprotein,MCH,time1,20,17,-0.2701547494171433,"[-0.65, 0.21]",0.263314259185913,0.9122457279244144,False
Immunoglobulin heavy variable 1-2,MCH,time1,20,17,-0.43948328321281865,"[-0.74, 0.02]",0.05973833480004315,0.780717100347183,False
Ras-related protein Rab-10,MCH,time1,20,17,-0.20252384213373703,"[-0.60, 0.28]",0.40568091143126406,0.9318821411825824,False
Immunoglobulin heavy variable 1-24,MCH,time1,20,17,-0.17086692079032595,"[-0.58, 0.31]",0.48430295896787356,0.9447457823105017,False
Annexin A3,MCH,time1,20,17,0.45771282690127807,"[0.00, 0.75]",0.04877518005552351,0.780717100347183,False
Hemoglobin subunit beta,MCH,time1,20,17,0.4943968331248058,"[0.05, 0.77]",0.0314173812405547,0.780717100347183,False
Immunoglobulin lambda variable 4-69,MCH,time1,20,17,0.17720836186701971,"[-0.30, 0.58]",0.4679807151737855,0.9399490057022261,False
Elongation factor 2,MCH,time1,20,17,0.26607760827350696,"[-0.21, 0.64]",0.27086772404887677,0.9170614304794888,False
Multiple inositol polyphosphate phosphatase 1,MCH,time1,20,17,-0.2518008852766833,"[-0.63, 0.23]",0.2983685372957981,0.9207559243853994,False
Collagen alpha-1(VI) chain,MCH,time1,20,17,0.05112647506915785,"[-0.41, 0.49]",0.8353375656866426,0.9906439255230137,False
Hepatocyte growth factor activator,MCH,time1,20,17,-0.04493788256962641,"[-0.49, 0.42]",0.8550545245824409,0.9928150111527771,False
Fibrinogen beta chain,MCH,time1,20,17,-0.573139799995383,"[-0.82, -0.16]",0.01031131540873188,0.7385516510769441,False
Hemicentin-1,MCH,time1,20,17,-0.27406734586777814,"[-0.65, 0.21]",0.256191096198387,0.9052412167881767,False
C-type mannose receptor 2,MCH,time1,20,17,0.198757148168648,"[-0.28, 0.60]",0.41465320545156115,0.9324135167651676,False
Platelet glycoprotein Ib beta chain,MCH,time1,20,17,-0.3736974431850134,"[-0.71, 0.10]",0.11501400305990032,0.8290414311110669,False
Complement C2,MCH,time1,20,17,-0.46314110762297306,"[-0.76, -0.01]",0.04582774157136552,0.780717100347183,False
Annexin A2,MCH,time1,20,17,0.21388303038968448,"[-0.27, 0.61]",0.3792710359484097,0.9306754732938034,False
Protein disulfide-isomerase A3,MCH,time1,20,17,-0.018808242048028914,"[-0.47, 0.44]",0.9390819871948264,0.9989122224583239,False
Dipeptidyl peptidase 4,MCH,time1,20,17,0.1708850131232939,"[-0.31, 0.58]",0.48425599616096093,0.9447457823105017,False
Proteasome subunit alpha type-4,MCH,time1,20,17,-0.022153456809370097,"[-0.47, 0.44]",0.9282717327363552,0.9989122224583239,False
Coagulation factor XI,MCH,time1,20,17,-0.5404189810284541,"[-0.80, -0.11]",0.016902927334018335,0.7725125015513618,False
Collectin-11,MCH,time1,20,17,-0.04885115659444018,"[-0.49, 0.41]",0.8425764689213607,0.9910182692199748,False
High mobility group protein B1,MCH,time1,20,17,0.622170399279687,"[0.23, 0.84]",0.004448170309738101,0.7385516510769441,False
Immunoglobulin lambda variable 3-16,MCH,time1,20,17,0.13392771616573856,"[-0.34, 0.55]",0.5846411644484248,0.9599322538236903,False
Prothrombin,MCH,time1,20,17,-0.00609772190757739,"[-0.46, 0.45]",0.9802344569121741,0.9989122224583239,False
Immunoglobulin kappa joining 1,MCH,time1,20,17,-0.15526965917228336,"[-0.57, 0.32]",0.5256077476692538,0.9529295397056773,False
Immunoglobulin heavy variable 3-7,MCH,time1,20,17,-0.23507987207878556,"[-0.62, 0.25]",0.33264850663559664,0.9236478900056884,False
Immunoglobulin heavy variable 3-74,MCH,time1,20,17,-0.33991469519964645,"[-0.69, 0.14]",0.15448172985556485,0.8648835903913135,False
Ezrin,MCH,time1,20,17,0.31421172262782643,"[-0.16, 0.67]",0.19015728660588804,0.8786430972185097,False
Intercellular adhesion molecule 2,MCH,time1,20,17,0.1803395370954819,"[-0.30, 0.59]",0.4600248637906582,0.9389370304503143,False
Lysozyme C,MCH,time1,20,17,-0.20113399702669452,"[-0.60, 0.28]",0.40897919091081303,0.9318821411825824,False
Protein AMBP,MCH,time1,20,17,-0.2346122713941152,"[-0.62, 0.25]",0.3336390395369323,0.9236478900056884,False
Prolyl endopeptidase FAP,MCH,time1,20,17,0.17393434671314714,"[-0.30, 0.58]",0.4763729174548188,0.9429439230278512,False
"Actin, cytoplasmic 2",MCH,time1,20,17,0.07238099062893485,"[-0.39, 0.51]",0.768399898226424,0.9750590716290142,False
Kallistatin,MCH,time1,20,17,-0.27170732931676267,"[-0.65, 0.21]",0.2604729731790271,0.908120932246165,False
Hemopexin,MCH,time1,20,17,-0.0864227086072591,"[-0.52, 0.38]",0.7249936991418193,0.9673286249298616,False
C4b-binding protein beta chain,MCH,time1,20,17,0.32839130741533173,"[-0.15, 0.68]",0.16985400090652597,0.867816664987516,False
Peptidyl-prolyl cis-trans isomerase A,MCH,time1,20,17,-0.4899588699536838,"[-0.77, -0.05]",0.033214096159448106,0.780717100347183,False
Complement C1r subcomponent-like protein,MCH,time1,20,17,0.1545479817437945,"[-0.32, 0.57]",0.5275576328278397,0.9529295397056773,False
Immunoglobulin heavy variable 3-30;Immunoglobulin heavy variable 3-30-5,MCH,time1,20,17,0.23573511266586455,"[-0.24, 0.62]",0.33126339657233805,0.9236478900056884,False
Immunoglobulin lambda variable 3-9,MCH,time1,20,17,-0.3617819369693072,"[-0.70, 0.11]",0.12800628094949867,0.8455730385109451,False
Immunoglobulin heavy variable 1-45,MCH,time1,20,17,-0.4360932948756058,"[-0.74, 0.02]",0.061966508115521575,0.7842048818024371,False
Hemoglobin subunit gamma-1,MCH,time1,20,17,0.5885902447482141,"[0.18, 0.82]",0.008022362288709247,0.7385516510769441,False
Apolipoprotein F,MCH,time1,20,17,-0.3011936260818207,"[-0.66, 0.18]",0.2101724783190037,0.8980339270305654,False
Immunoglobulin gamma-1 heavy chain,MCH,time1,20,17,-0.2950120692757071,"[-0.66, 0.18]",0.22014377857765746,0.8982115991698657,False
Low affinity immunoglobulin gamma Fc region receptor III-B,MCH,time1,20,17,-0.12156458555768425,"[-0.55, 0.35]",0.6200640344436374,0.9621706909906743,False
Multiple epidermal growth factor-like domains protein 8,MCH,time1,20,17,-0.4518533165369125,"[-0.75, 0.00]",0.0521165740715254,0.780717100347183,False
Complement C4-B,MCH,time1,20,17,-0.15622369466028704,"[-0.57, 0.32]",0.5230352108090471,0.9529295397056773,False
Glyceraldehyde-3-phosphate dehydrogenase,MCH,time1,20,17,0.3445327975161669,"[-0.13, 0.69]",0.14859975552446644,0.8571210825256641,False
Complement C1r subcomponent,MCH,time1,20,17,0.30435155314083223,"[-0.17, 0.67]",0.2051950213184357,0.8937375538491094,False
Sex hormone-binding globulin,MCH,time1,20,17,-0.3194107552204433,"[-0.68, 0.16]",0.18253317046317724,0.8781742060801173,False
Biotinidase,MCH,time1,20,17,-0.2992566685405885,"[-0.66, 0.18]",0.2132644010079859,0.8982115991698657,False
Cholinesterase,MCH,time1,20,17,0.31615494985572273,"[-0.16, 0.67]",0.18728313140302055,0.878412326765734,False
Immunoglobulin heavy variable 2-5,MCH,time1,20,17,-0.128964876844421,"[-0.55, 0.35]",0.5987579603508628,0.9621706909906743,False
Immunoglobulin lambda variable 1-36,MCH,time1,20,17,-0.3912914226803074,"[-0.72, 0.08]",0.09759399300154585,0.8179364288014818,False
Immunoglobulin kappa variable 3-11,MCH,time1,20,17,-0.059150048923350115,"[-0.50, 0.41]",0.8099152686786792,0.9853512016964315,False
Immunoglobulin kappa variable 6-21,MCH,time1,20,17,0.21622967539915708,"[-0.26, 0.61]",0.3739378089512667,0.9300516392509022,False
Immunoglobulin kappa light chain,MCH,time1,20,17,-0.3238797867266366,"[-0.68, 0.15]",0.17614632847505168,0.8679180027342512,False
Neuropilin-1,MCH,time1,20,17,-0.26260915402017626,"[-0.64, 0.22]",0.27739856025025234,0.9170614304794888,False
Ficolin-2,MCH,time1,20,17,0.08891194533914627,"[-0.38, 0.52]",0.7173778906175685,0.9656789320774398,False
Gamma-glutamyl hydrolase,MCH,time1,20,17,0.4315414392201157,"[-0.03, 0.74]",0.06505582024697006,0.7845863525077257,False
Keratinocyte proline-rich protein,MCH,time1,20,17,0.1469946122149316,"[-0.33, 0.56]",0.5481645879258052,0.9553346594055773,False
Kyphoscoliosis peptidase,MCH,time1,20,17,0.5095305055979794,"[0.07, 0.78]",0.02585308919544458,0.780717100347183,False
Laminin subunit alpha-2,MCH,time1,20,17,0.03572125264762542,"[-0.43, 0.48]",0.8845685857178551,0.995958470840817,False
Desmoglein-1,MCH,time1,20,17,0.20631813623470951,"[-0.27, 0.60]",0.39675046905310996,0.931256717265325,False
Immunoglobulin lambda variable 3-27,MCH,time1,20,17,-0.2906802060138589,"[-0.66, 0.19]",0.2273120290039679,0.8982115991698657,False
Myosin-9,MCH,time1,20,17,-0.3379394612287288,"[-0.69, 0.14]",0.1570459072869221,0.8664842517941643,False
Versican core protein,MCH,time1,20,17,0.23983331466646735,"[-0.24, 0.63]",0.32267730747020673,0.9236478900056884,False
Proteasome subunit beta type-3,MCH,time1,20,17,-0.15750059632620544,"[-0.57, 0.32]",0.5196012910224759,0.9529295397056773,False
Alpha-N-acetylglucosaminidase,MCH,time1,20,17,0.15059222968952188,"[-0.33, 0.57]",0.5383047269598719,0.954665480182609,False
Caspase-14,MCH,time1,20,17,0.18074927939942845,"[-0.30, 0.59]",0.45898888605493293,0.9384843653688746,False
Histidine-rich glycoprotein,MCH,time1,20,17,-0.3587418421415692,"[-0.70, 0.11]",0.13148049840321596,0.847666490299985,False
"ATP synthase subunit alpha, mitochondrial",MCH,time1,20,17,0.21784232529214118,"[-0.26, 0.61]",0.37029731364548024,0.9300516392509022,False
Immunoglobulin kappa constant,MCH,time1,20,17,0.14534853593033,"[-0.33, 0.56]",0.5527027786880806,0.9571984418476326,False
Interleukin-1 receptor accessory protein,MCH,time1,20,17,0.3158752176908389,"[-0.16, 0.67]",0.1876950670350748,0.878412326765734,False
Immunoglobulin lambda variable 9-49,MCH,time1,20,17,-0.15851714620714363,"[-0.57, 0.32]",0.5168751047586413,0.9529295397056773,False
Plexin domain-containing protein 2,MCH,time1,20,17,0.25239764240460716,"[-0.23, 0.63]",0.2971863139903259,0.9200359940361522,False
Immunoglobulin heavy variable 4-28,MCH,time1,20,17,-0.3493158880576305,"[-0.69, 0.12]",0.14267328892197312,0.8558309360858758,False
Desmoplakin,MCH,time1,20,17,0.07292117940785531,"[-0.39, 0.51]",0.7667168780386004,0.9750590716290142,False
Endoplasmin,MCH,time1,20,17,-0.24951758098535848,"[-0.63, 0.23]",0.3029182373025809,0.9236478900056884,False
Heparin cofactor 2,MCH,time1,20,17,-0.1104624745347805,"[-0.54, 0.36]",0.6525744303337624,0.9627206746105794,False
Laminin subunit gamma-1,MCH,time1,20,17,-0.4039625938076361,"[-0.73, 0.06]",0.08629346641717851,0.8154186244354011,False
Polymeric immunoglobulin receptor,MCH,time1,20,17,-0.2747616456973628,"[-0.65, 0.21]",0.2549399060183205,0.9049896294820087,False
Serum amyloid A-4 protein,MCH,time1,20,17,0.24629348056149908,"[-0.23, 0.63]",0.3094134803084503,0.9236478900056884,False
Catalase,MCH,time1,20,17,0.015090452808009398,"[-0.44, 0.47]",0.9511081386089185,0.9989122224583239,False
Complement receptor type 1,MCH,time1,20,17,0.21781571323838717,"[-0.26, 0.61]",0.3703572265026931,0.9300516392509022,False
Immunoglobulin kappa variable 1-27,MCH,time1,20,17,-0.42656147626720153,"[-0.74, 0.03]",0.06856624634247768,0.7892736801200764,False
Immunoglobulin kappa variable 2-30,MCH,time1,20,17,-0.27779731384495143,"[-0.65, 0.20]",0.24951476474852924,0.9009574466564348,False
Protein-glutamine gamma-glutamyltransferase E,MCH,time1,20,17,-0.014947897727400735,"[-0.47, 0.44]",0.9515694873835572,0.9989122224583239,False
Periostin,MCH,time1,20,17,-0.32798822923829135,"[-0.68, 0.15]",0.17040986855921111,0.867816664987516,False
Albumin,MCH,time1,20,17,0.13729721009158735,"[-0.34, 0.56]",0.575137662697913,0.9585981157899655,False
Complement factor B,MCH,time1,20,17,-0.281682443989422,"[-0.65, 0.20]",0.2426792600196302,0.8982115991698657,False
Probable non-functional immunoglobulinn kappa variable 1-37;Probable non-functional immunoglobulinn kappa variable 1D-37,MCH,time1,20,17,-0.6736285696711989,"[-0.86, -0.32]",0.0015673827796896488,0.5863753132461164,False
Immunoglobulin lambda variable 8-61,MCH,time1,20,17,0.14651490753469926,"[-0.33, 0.56]",0.549485392636937,0.9558859814045811,False
Annexin A1,MCH,time1,20,17,0.4728999097564565,"[0.02, 0.76]",0.04087360252401732,0.780717100347183,False
CD5 antigen-like,MCH,time1,20,17,0.1489904698499785,"[-0.33, 0.56]",0.5426846106662504,0.9550458416046101,False
RB-associated KRAB zinc finger protein,MCH,time1,20,17,-0.3894530398803203,"[-0.72, 0.08]",0.0993185898978439,0.8236593403597053,False
Immunoglobulin lambda variable 7-46,MCH,time1,20,17,0.22308212111219392,"[-0.26, 0.61]",0.3586075818801536,0.9285871908420641,False
Basement membrane-specific heparan sulfate proteoglycan core protein,MCH,time1,20,17,-0.34853294692784365,"[-0.69, 0.13]",0.1436319242922586,0.8558309360858758,False
Vitamin K-dependent protein C,MCH,time1,20,17,-0.23000490569081325,"[-0.62, 0.25]",0.34349113922209706,0.926595760949047,False
Immunoglobulin lambda variable 1-40,MCH,time1,20,17,-0.27095341385917304,"[-0.65, 0.21]",0.26185025348590985,0.9107952515362174,False
Pantetheinase,MCH,time1,20,17,0.22763200569043096,"[-0.25, 0.62]",0.3486303110259026,0.926595760949047,False
Neutrophil defensin 1;Neutrophil defensin 3,MCH,time1,20,17,0.6029283974879951,"[0.20, 0.83]",0.0062851129511547685,0.7385516510769441,False
Immunoglobulin lambda variable 2-8,MCH,time1,20,17,-0.367657418055069,"[-0.70, 0.10]",0.1214764473239763,0.8313974029708804,False
Immunoglobulin heavy variable 1-18,MCH,time1,20,17,-0.43932030489828006,"[-0.74, 0.02]",0.059844056569171925,0.780717100347183,False
Immunoglobulin kappa variable 3D-15,MCH,time1,20,17,0.3951964018160001,"[-0.07, 0.72]",0.09400298233149641,0.8154186244354011,False
Extracellular matrix protein 1,MCH,time1,20,17,-0.1287982598604303,"[-0.55, 0.35]",0.5992343284362718,0.9621706909906743,False
Tubulin alpha-1B chain,MCH,time1,20,17,-0.04678030625417758,"[-0.49, 0.42]",0.8491753980205892,0.991249088174675,False
Immunoglobulin lambda variable 5-45,MCH,time1,20,17,0.0336871641342378,"[-0.43, 0.48]",0.891103275258023,0.997559861248858,False
Alpha-2-HS-glycoprotein,MCH,time1,20,17,0.2827662852680362,"[-0.20, 0.65]",0.24079390662561753,0.8982115991698657,False
Cartilage acidic protein 1,MCH,time1,20,17,-0.3281735118354552,"[-0.68, 0.15]",0.1701541998413773,0.867816664987516,False
Coagulation factor IX,MCH,time1,20,17,0.15895039158967614,"[-0.32, 0.57]",0.5157152761518276,0.9529295397056773,False
Integrin alpha-2,MCH,time1,20,17,-0.2911156834550844,"[-0.66, 0.19]",0.2265846645362205,0.8982115991698657,False
"Mannosyl-oligosaccharide 1,2-alpha-mannosidase IA",MCH,time1,20,17,-0.3151425647384137,"[-0.67, 0.16]",0.18877685432271576,0.8786430972185097,False
Endophilin-A3,MCH,time1,20,17,0.23333334585906934,"[-0.25, 0.62]",0.33635704275908895,0.9236478900056884,False
Collagen alpha-1(I) chain,MCH,time1,20,17,0.11057586468445751,"[-0.36, 0.54]",0.6522392128003425,0.9627206746105794,False
Carboxypeptidase N subunit 2,MCH,time1,20,17,0.465959981646333,"[0.01, 0.76]",0.04435191404249383,0.780717100347183,False
Scavenger receptor cysteine-rich type 1 protein M130,MCH,time1,20,17,-0.17656997718741863,"[-0.58, 0.30]",0.4696112047033475,0.940339533890081,False
Annexin A5,MCH,time1,20,17,0.34783824633969596,"[-0.13, 0.69]",0.14448626590790592,0.8558309360858758,False
Platelet factor 4,MCH,time1,20,17,0.43973634545887913,"[-0.02, 0.75]",0.05957445561093131,0.780717100347183,False
Immunoglobulin heavy variable 3-72,MCH,time1,20,17,-0.3961566719244389,"[-0.72, 0.07]",0.0931348576785566,0.8154186244354011,False
Protein HEG homolog 1,MCH,time1,20,17,0.4479832564069368,"[-0.01, 0.75]",0.05441691100878259,0.780717100347183,False
Sulfhydryl oxidase 1,MCH,time1,20,17,-0.22913493311725586,"[-0.62, 0.25]",0.34537017679749493,0.926595760949047,False
Corticosteroid-binding globulin,MCH,time1,20,17,-0.32441387888267254,"[-0.68, 0.15]",0.1753932998289292,0.867816664987516,False
Angiopoietin-related protein 6,MCH,time1,20,17,-0.7196890517007685,"[-0.88, -0.39]",0.000513010879532186,0.5177587784035962,False
72 kDa type IV collagenase,MCH,time1,20,17,-0.33368589188447034,"[-0.68, 0.14]",0.1626668570933769,0.867816664987516,False
Trypsin-3,MCH,time1,20,17,0.5317718341656325,"[0.10, 0.79]",0.01911157600378402,0.780717100347183,False
Complement component C9,MCH,time1,20,17,-0.30490887428049945,"[-0.67, 0.17]",0.20432473647565294,0.8937375538491094,False
Pyruvate kinase PKM,MCH,time1,20,17,0.10890748323853719,"[-0.36, 0.54]",0.6571778913544926,0.9630236411946936,False
Immunoglobulin heavy variable 4-34,MCH,time1,20,17,-0.14567876573991012,"[-0.56, 0.33]",0.5517910025041285,0.9568680316140749,False
Immunoglobulin kappa variable 6D-21,MCH,time1,20,17,-0.0298736008489995,"[-0.48, 0.43]",0.9033725006717493,0.997559861248858,False
Immunoglobulin lambda-1 light chain,MCH,time1,20,17,-0.5336817918936371,"[-0.80, -0.10]",0.01860507755329383,0.780717100347183,False
Transforming growth factor-beta-induced protein ig-h3,MCH,time1,20,17,-0.2811859782279799,"[-0.65, 0.20]",0.2435460067255559,0.8982115991698657,False
Complement C1q subcomponent subunit A,MCH,time1,20,17,0.18215215684570873,"[-0.30, 0.59]",0.45545091520531167,0.936490523051166,False
Prolow-density lipoprotein receptor-related protein 1,MCH,time1,20,17,-0.0003469867043538235,"[-0.45, 0.45]",0.9988751510428545,0.9997463194271461,False
Immunoglobulin heavy constant mu,MCH,time1,20,17,0.13039688701828217,"[-0.34, 0.55]",0.5946702092858496,0.961962834437533,False
UV-stimulated scaffold protein A,MCH,time1,20,17,-0.21505083386364848,"[-0.61, 0.27]",0.37661167449081967,0.9300516392509022,False
Complement component C6,MCH,time1,20,17,-0.18709193559889875,"[-0.59, 0.29]",0.44310491983631306,0.9361498868301301,False
Angiotensinogen,MCH,time1,20,17,0.25407813271649515,"[-0.23, 0.64]",0.2938724409475624,0.9191532825549861,False
Pregnancy zone protein,MCH,time1,20,17,0.08978093177077723,"[-0.38, 0.52]",0.7147251891401818,0.9656789320774398,False
Histone H2A type 1-B/E;Histone H2A type 3;Histone H2A type 1-C,MCH,time1,20,17,0.3411131171437981,"[-0.13, 0.69]",0.15294014010386786,0.8644305987562886,False
Desmocollin-1,MCH,time1,20,17,0.2084423144701119,"[-0.27, 0.61]",0.39179837205890056,0.931256717265325,False
Protein Z-dependent protease inhibitor,MCH,time1,20,17,0.132984930666049,"[-0.34, 0.55]",0.5873120702211144,0.9610066239456336,False
Immunoglobulin kappa variable 1-17,MCH,time1,20,17,-0.2637249467110749,"[-0.64, 0.22]",0.27528707180431955,0.9170614304794888,False
Fibronectin,MCH,time1,20,17,0.2434372568599527,"[-0.24, 0.63]",0.3152368467925065,0.9236478900056884,False
Probable non-functional immunoglobulin heavy variable 3-38,MCH,time1,20,17,-0.4707195648183591,"[-0.76, -0.02]",0.04194296933248462,0.780717100347183,False
Nucleoside diphosphate kinase 3,MCH,time1,20,17,-0.28740483981639653,"[-0.66, 0.19]",0.23283119534436653,0.8982115991698657,False
Plasma protease C1 inhibitor,MCH,time1,20,17,-0.0442684360486354,"[-0.49, 0.42]",0.8571925398170512,0.9928150111527771,False
Immunoglobulin kappa variable 1-16,MCH,time1,20,17,-0.023536350543641473,"[-0.47, 0.44]",0.923806239327951,0.9988788261324435,False
F-actin-capping protein subunit alpha-1,MCH,time1,20,17,-0.26140372305916704,"[-0.64, 0.22]",0.27969090486619397,0.9170614304794888,False
Cathepsin D,MCH,time1,20,17,0.13704499146333057,"[-0.34, 0.56]",0.5758467298727549,0.9585981157899655,False
Anthrax toxin receptor 2,MCH,time1,20,17,-0.21920868289529216,"[-0.61, 0.26]",0.36722852878270273,0.9285871908420641,False
Talin-1,MCH,time1,20,17,-0.4285064015188152,"[-0.74, 0.03]",0.0671788254881793,0.7864905583204208,False
Protein disulfide-isomerase,MCH,time1,20,17,-0.16264783727445065,"[-0.57, 0.31]",0.505867156269977,0.9520708301626678,False
Junction plakoglobin,MCH,time1,20,17,0.12704671821737368,"[-0.35, 0.55]",0.6042514992002292,0.9621706909906743,False
Tenascin,MCH,time1,20,17,0.44105723846507294,"[-0.02, 0.75]",0.058724555365180106,0.780717100347183,False
Cadherin-related family member 5,MCH,time1,20,17,-0.13231532729887283,"[-0.55, 0.34]",0.5892121628281568,0.9610066239456336,False
Kininogen-1,MCH,time1,20,17,-0.4817130503148556,"[-0.77, -0.04]",0.03676331217864384,0.780717100347183,False
Alpha-1-antichymotrypsin,MCH,time1,20,17,-0.4433685692272699,"[-0.75, 0.01]",0.057259408026918056,0.780717100347183,False
Integrin alpha-IIb,MCH,time1,20,17,-0.48092357223428056,"[-0.77, -0.03]",0.03711791487427057,0.780717100347183,False
Serum amyloid P-component,MCH,time1,20,17,-0.352280097320377,"[-0.70, 0.12]",0.13908432111505675,0.855728425641406,False
Inter-alpha-trypsin inhibitor heavy chain H1,MCH,time1,20,17,0.12040704255800316,"[-0.35, 0.54]",0.6234236404321989,0.9621706909906743,False
Probable non-functional immunoglobulin heavy variable 3-35,MCH,time1,20,17,-0.0020256607055376546,"[-0.46, 0.45]",0.9934333517235066,0.998994958440865,False
Immunoglobulin kappa variable 1-5,MCH,time1,20,17,-0.28383347090661887,"[-0.65, 0.20]",0.23894670730916745,0.8982115991698657,False
Band 3 anion transport protein,MCH,time1,20,17,0.3856465639738476,"[-0.08, 0.71]",0.10295946508545614,0.8271261596889837,False
Immunoglobulin lambda variable 7-43,MCH,time1,20,17,0.2630064979449567,"[-0.22, 0.64]",0.27664549442686753,0.9170614304794888,False
Peroxiredoxin-1,MCH,time1,20,17,-0.06594924477125681,"[-0.51, 0.40]",0.7885130687906774,0.9809480629991617,False
Matrix metalloproteinase-9,MCH,time1,20,17,-0.26970155373225835,"[-0.64, 0.21]",0.26414727437789975,0.9140635897537394,False
Multimerin-2,MCH,time1,20,17,-0.11712405275363487,"[-0.54, 0.36]",0.6329906842334864,0.9621706909906743,False
Immunoglobulin heavy variable 1-3,MCH,time1,20,17,0.3753322792123981,"[-0.10, 0.71]",0.11330790135391487,0.8290414311110669,False
Podocalyxin,MCH,time1,20,17,0.12650516888941102,"[-0.35, 0.55]",0.6058061895340163,0.9621706909906743,False
Immunoglobulin lambda variable 1-51,MCH,time1,20,17,0.10712660037970385,"[-0.36, 0.54]",0.6624646392556393,0.9635230036775306,False
Cadherin-13,MCH,time1,20,17,-0.21143954626350342,"[-0.61, 0.27]",0.3848692405871047,0.931256717265325,False
Plastin-2,MCH,time1,20,17,0.025502635986638465,"[-0.43, 0.47]",0.9174607051436665,0.9985551599450393,False
Inter-alpha-trypsin inhibitor heavy chain H4,MCH,time1,20,17,0.22828565612275137,"[-0.25, 0.62]",0.34721024341424367,0.926595760949047,False
Fructose-bisphosphate aldolase B,MCH,time1,20,17,-0.19077500890389607,"[-0.59, 0.29]",0.43401426572380786,0.9350755875607188,False
Mannan-binding lectin serine protease 2,MCH,time1,20,17,0.096374578640993,"[-0.37, 0.53]",0.6947009986272084,0.9648380336571762,False
Platelet glycoprotein 4,MCH,time1,20,17,-0.33432168964482595,"[-0.68, 0.14]",0.16181803488180962,0.867816664987516,False
Hemoglobin subunit alpha,MCH,time1,20,17,0.5105853290959752,"[0.07, 0.78]",0.02549622713760227,0.780717100347183,False
Immunoglobulin lambda variable 3-10,MCH,time1,20,17,-0.061912059690832376,"[-0.50, 0.40]",0.8012046593229993,0.9840896993583559,False
Serum paraoxonase/lactonase 3,MCH,time1,20,17,0.036118901781812825,"[-0.43, 0.48]",0.8832919230106804,0.995958470840817,False
Dopamine beta-hydroxylase,MCH,time1,20,17,-0.04476094715315062,"[-0.49, 0.42]",0.8556195108543178,0.9928150111527771,False
Triosephosphate isomerase,MCH,time1,20,17,0.0691466160088688,"[-0.40, 0.51]",0.778497486577387,0.9792734583116876,False
Endoplasmic reticulum chaperone BiP,MCH,time1,20,17,-0.05392700391379216,"[-0.50, 0.41]",0.8264451398923278,0.9902234995263719,False
Suprabasin,MCH,time1,20,17,0.0019270475914032199,"[-0.45, 0.46]",0.9937530228821825,0.998994958440865,False
Immunoglobulin kappa variable 3-20,MCH,time1,20,17,0.05885260240016197,"[-0.41, 0.50]",0.8108546279924574,0.9853512016964315,False
Ficolin-1,MCH,time1,20,17,0.1403347952620709,"[-0.34, 0.56]",0.5666276656070758,0.9575202748664524,False
Autotaxin,MCH,time1,20,17,-0.4208736907480431,"[-0.73, 0.04]",0.07274636481508297,0.7963212415647299,False
Histidine ammonia-lyase,MCH,time1,20,17,0.11644599827861252,"[-0.36, 0.54]",0.6349736537254838,0.9621706909906743,False
Noelin,MCH,time1,20,17,-0.08566592523008221,"[-0.52, 0.38]",0.7273140202303804,0.968314079128387,False
Prenylcysteine oxidase 1,MCH,time1,20,17,0.0315487251967961,"[-0.43, 0.48]",0.8979804466379022,0.997559861248858,False
Immunoglobulin delta heavy chain,MCH,time1,20,17,-0.35498507125293144,"[-0.70, 0.12]",0.13586474682281008,0.8499184771125022,False
Antithrombin-III,MCH,time1,20,17,0.2316924147747083,"[-0.25, 0.62]",0.3398632765170678,0.926595760949047,False
Complement component C7,MCH,time1,20,17,-0.42119920216436024,"[-0.73, 0.04]",0.07250215050451551,0.7963212415647299,False
BOS complex subunit NOMO3;BOS complex subunit NOMO1;BOS complex subunit NOMO2,MCH,time1,20,17,-0.44647863988950515,"[-0.75, 0.01]",0.05533169966035957,0.780717100347183,False
Cofilin-1,MCH,time1,20,17,0.16985717930723201,"[-0.31, 0.58]",0.48692752700842146,0.945493698500386,False
Histone H4,MCH,time1,20,17,-0.003869882333765741,"[-0.46, 0.45]",0.9874552212222476,0.9989122224583239,False
Serum amyloid A-1 protein,MCH,time1,20,17,-0.23124585042061838,"[-0.62, 0.25]",0.34082113618802057,0.926595760949047,False
Transferrin receptor protein 1,MCH,time1,20,17,0.4901798750792641,"[0.05, 0.77]",0.0331227761814213,0.780717100347183,False
Serpin B12,MCH,time1,20,17,0.078127934156461,"[-0.39, 0.51]",0.7505468934124491,0.9741110734656547,False
Immunoglobulin kappa variable 3D-20,MCH,time1,20,17,0.5418663909612802,"[0.12, 0.80]",0.016553963523212933,0.7725125015513618,False
Probable non-functional immunoglobulin heavy variable 3-16,MCH,time1,20,17,-0.23812223284294123,"[-0.62, 0.24]",0.3262459950433786,0.9236478900056884,False
Immunoglobulin lambda variable 6-57,MCH,time1,20,17,-0.35682144705512653,"[-0.70, 0.12]",0.13370902586886688,0.847666490299985,False
Fibrinogen alpha chain,MCH,time1,20,17,-0.25883224834006047,"[-0.64, 0.22]",0.28461998933787924,0.9175083333564564,False
Galectin-3-binding protein,MCH,time1,20,17,0.15306024704655843,"[-0.32, 0.57]",0.5315878553151798,0.9546563406817988,False
Macrophage colony-stimulating factor 1 receptor,MCH,time1,20,17,-0.26334150883380725,"[-0.64, 0.22]",0.27601154980219855,0.9170614304794888,False
Phosphatidylinositol-glycan-specific phospholipase D,MCH,time1,20,17,-0.3093906584314538,"[-0.67, 0.17]",0.19741486522173007,0.8900394843748304,False
Serotransferrin,MCH,time1,20,17,0.16242167647984895,"[-0.32, 0.57]",0.5064669395470685,0.9521029330766132,False
Integrin alpha-11,MCH,time1,20,17,0.14999763402497043,"[-0.33, 0.57]",0.5399287185970773,0.9550458416046101,False
Proprotein convertase subtilisin/kexin type 9,MCH,time1,20,17,0.27754372180399967,"[-0.20, 0.65]",0.24996513919118998,0.9010501812845132,False
Gelsolin,MCH,time1,20,17,-0.319939872981714,"[-0.68, 0.16]",0.1817689673415912,0.8781742060801173,False
Proteoglycan 4,MCH,time1,20,17,-0.19528756740846492,"[-0.60, 0.28]",0.4230111552355851,0.9324135167651676,False
Vascular cell adhesion protein 1,MCH,time1,20,17,0.3643857649284567,"[-0.11, 0.70]",0.12508258567411182,0.8374502565437322,False
Adhesion G protein-coupled receptor F5,MCH,time1,20,17,-0.20436067175340739,"[-0.60, 0.28]",0.40134411670762415,0.931256717265325,False
Insulin-like growth factor-binding protein 3,MCH,time1,20,17,-0.021168834524257673,"[-0.47, 0.44]",0.9314524293613176,0.9989122224583239,False
Transthyretin,MCH,time1,20,17,-0.0021003412459289915,"[-0.46, 0.45]",0.9931912627023659,0.998994958440865,False
Coiled-coil domain-containing protein 126,MCH,time1,20,17,0.0076942808378297955,"[-0.45, 0.46]",0.9750606422311763,0.9989122224583239,False
Guanine nucleotide-binding protein G(i) subunit alpha-2,MCH,time1,20,17,-0.21271284824079767,"[-0.61, 0.27]",0.3819463078941717,0.931256717265325,False
Apolipoprotein C-I,MCH,time1,20,17,0.013444680097283024,"[-0.44, 0.46]",0.9564351976963928,0.9989122224583239,False
Syntenin-1,MCH,time1,20,17,0.0918163881374575,"[-0.38, 0.52]",0.7085239673563469,0.9656789320774398,False
Phospholipid transfer protein,MCH,time1,20,17,0.1706591489923466,"[-0.31, 0.58]",0.4848424391705265,0.9447457823105017,False
Laminin subunit beta-1,MCH,time1,20,17,-0.18524058394829235,"[-0.59, 0.29]",0.4477115075149247,0.9361498868301301,False
Proline-rich protein 4,MCH,time1,20,17,0.11987897754359483,"[-0.35, 0.54]",0.6249586481127309,0.9621706909906743,False
Immunoglobulin kappa variable 2-28;Immunoglobulin kappa variable 2D-28,MCH,time1,20,17,-0.5877031523713518,"[-0.82, -0.18]",0.008141486772276696,0.7385516510769441,False
Complement C3,MCH,time1,20,17,-0.18806658093896508,"[-0.59, 0.29]",0.44068970912587635,0.9361498868301301,False
Thyroxine-binding globulin,MCH,time1,20,17,-0.10313103315840912,"[-0.53, 0.37]",0.6743813638514125,0.9648380336571762,False
Immunoglobulin kappa variable 1D-13;Immunoglobulin kappa variable 1-13,MCH,time1,20,17,-0.3754972379151427,"[-0.71, 0.09]",0.11313676304577805,0.8290414311110669,False
Complement factor H-related protein 5,MCH,time1,20,17,-0.4441113815855382,"[-0.75, 0.01]",0.056794451575490824,0.780717100347183,False
Immunoglobulin lambda variable 2-23,MCH,time1,20,17,-0.023536873421169995,"[-0.47, 0.44]",0.9238045513118618,0.9988788261324435,False
Coagulation factor VII,MCH,time1,20,17,0.1361446533125145,"[-0.34, 0.56]",0.5783809212350238,0.9585981157899655,False
Immunoglobulin heavy constant gamma 4,MCH,time1,20,17,-0.08993206658901183,"[-0.52, 0.38]",0.7142641477048796,0.9656789320774398,False
L-lactate dehydrogenase B chain,MCH,time1,20,17,0.053210588900799924,"[-0.41, 0.50]",0.8287180678774587,0.9903438276995221,False
Zinc-alpha-2-glycoprotein,MCH,time1,20,17,-0.10049325038213758,"[-0.53, 0.37]",0.6822895956452175,0.9648380336571762,False
"Dihydrolipoyllysine-residue succinyltransferase component of 2-oxoglutarate dehydrogenase complex, mitochondrial",MCH,time1,20,17,-0.29905718466823916,"[-0.66, 0.18]",0.21358451694026043,0.8982115991698657,False
Serpin B3,MCH,time1,20,17,0.3149119095621881,"[-0.16, 0.67]",0.18911828701251487,0.8786430972185097,False
Immunoglobulin heavy variable 3-33,MCH,time1,20,17,-0.3982115882122248,"[-0.72, 0.07]",0.09129677516627233,0.8154186244354011,False
Follistatin-related protein 1,MCH,time1,20,17,-0.13822267755922774,"[-0.56, 0.34]",0.5725390967433314,0.95768595905392,False
Cholesteryl ester transfer protein,MCH,time1,20,17,-0.5727178632286093,"[-0.81, -0.16]",0.010380514311636899,0.7385516510769441,False
Complement C1q subcomponent subunit C,MCH,time1,20,17,0.2405152448436135,"[-0.24, 0.63]",0.3212615243885024,0.9236478900056884,False
Immunoglobulin heavy variable 4-30-2,MCH,time1,20,17,-0.247197013057992,"[-0.63, 0.23]",0.3075848653772519,0.9236478900056884,False
Thrombospondin-4,MCH,time1,20,17,0.17936730123930508,"[-0.30, 0.59]",0.4624877792031967,0.9399490057022261,False
Transketolase,MCH,time1,20,17,0.011527533187019752,"[-0.45, 0.46]",0.9626428596264525,0.9989122224583239,False
Complement receptor type 2,MCH,time1,20,17,0.05009638912228954,"[-0.41, 0.49]",0.8386132390580636,0.9906439255230137,False
Immunoglobulin kappa variable 2-40;Immunoglobulin kappa variable 2D-40,MCH,time1,20,17,-0.32478760143421737,"[-0.68, 0.15]",0.1748676789143307,0.867816664987516,False
Immunoglobulin kappa variable 3D-7,MCH,time1,20,17,-0.17571719151068715,"[-0.58, 0.30]",0.4717937352206296,0.9413399766352809,False
Immunoglobulin heavy variable 3-64,MCH,time1,20,17,-0.14024701045172114,"[-0.56, 0.34]",0.5668728285040134,0.9575202748664524,False
Vitronectin,MCH,time1,20,17,-0.05941938069576874,"[-0.50, 0.41]",0.8090649124952543,0.9853512016964315,False
Complement component C8 gamma chain,MCH,time1,20,17,-0.3864525730402023,"[-0.72, 0.08]",0.10218060001056835,0.8265112390333225,False
Immunoglobulin heavy variable 5-51,MCH,time1,20,17,0.04966534253768083,"[-0.41, 0.49]",0.8399847248218905,0.9906439255230137,False
Coagulation factor V,MCH,time1,20,17,-0.4637303076338914,"[-0.76, -0.01]",0.04551620418423823,0.780717100347183,False
Protein S100-A7,MCH,time1,20,17,0.3161718751226556,"[-0.16, 0.67]",0.1872582265985219,0.878412326765734,False
Arginase-1,MCH,time1,20,17,0.22027638789583587,"[-0.26, 0.61]",0.36484056117410235,0.9285871908420641,False
Protein-glutamine gamma-glutamyltransferase K,MCH,time1,20,17,-0.1798635861795087,"[-0.59, 0.30]",0.4612297317902837,0.9397643007188413,False
Immunoglobulin kappa variable 4-1,MCH,time1,20,17,0.16720595336041086,"[-0.31, 0.58]",0.4938517913952002,0.9493571119769564,False
Coagulation factor XIII B chain,MCH,time1,20,17,-0.4151810700104489,"[-0.73, 0.05]",0.07711671470308654,0.807626682442589,False
Apolipoprotein C-II,MCH,time1,20,17,0.25822437724802716,"[-0.22, 0.64]",0.28579292639888915,0.9177310147446764,False
Bone marrow proteoglycan,MCH,time1,20,17,-0.0690330816849737,"[-0.51, 0.40]",0.7788525643373236,0.9792734583116876,False
Apolipoprotein A-I,MCH,time1,20,17,0.055368059284693794,"[-0.41, 0.50]",0.8218772050062038,0.9892076013876419,False
Coagulation factor X,MCH,time1,20,17,0.11983435351900369,"[-0.35, 0.54]",0.6250884314895149,0.9621706909906743,False
Thioredoxin,MCH,time1,20,17,0.28747848455707137,"[-0.19, 0.66]",0.23270615990247864,0.8982115991698657,False
Immunoglobulin heavy variable 3-15,MCH,time1,20,17,-0.24137278642628057,"[-0.63, 0.24]",0.3194863883745974,0.9236478900056884,False
Proteasome subunit beta type-2,MCH,time1,20,17,0.08262913200909677,"[-0.39, 0.52]",0.7366476105470263,0.9728363041843875,False
Apolipoprotein A-II,MCH,time1,20,17,0.056212084578667665,"[-0.41, 0.50]",0.8192043044244928,0.9880927433269808,False
Immunoglobulin heavy constant gamma 2,MCH,time1,20,17,-0.1332676078512479,"[-0.55, 0.34]",0.58651070890096,0.9604968661816792,False
Plakophilin-1,MCH,time1,20,17,0.18646191727907666,"[-0.29, 0.59]",0.44466977996079515,0.9361498868301301,False
Fetuin-B,MCH,time1,20,17,-0.055518273947645295,"[-0.50, 0.41]",0.8214013595477343,0.989081883511806,False
Complement factor H-related protein 3,MCH,time1,20,17,-0.2873121649215818,"[-0.66, 0.19]",0.23298860204345914,0.8982115991698657,False
Plasminogen,MCH,time1,20,17,-0.2583666903929448,"[-0.64, 0.22]",0.2855180558930138,0.9177310147446764,False
Fermitin family homolog 3,MCH,time1,20,17,-0.35058925448334605,"[-0.69, 0.12]",0.14112371615995425,0.8558309360858758,False
Immunoglobulin heavy variable 3-21,MCH,time1,20,17,-0.028866625539482445,"[-0.48, 0.43]",0.9066158159216531,0.997559861248858,False
Immunoglobulin heavy variable 2-26,MCH,time1,20,17,-0.09515916674934079,"[-0.53, 0.38]",0.6983780016324617,0.9648380336571762,False
Immunoglobulin kappa variable 1-12;Immunoglobulin kappa variable 1D-12,MCH,time1,20,17,-0.2971083042407729,"[-0.66, 0.18]",0.21672849294230292,0.8982115991698657,False
Immunoglobulin heavy constant gamma 3,MCH,time1,20,17,0.04418115664382497,"[-0.42, 0.49]",0.8574713550437411,0.9928150111527771,False
Immunoglobulin kappa variable 2D-29,MCH,time1,20,17,-0.20054040984821964,"[-0.60, 0.28]",0.4103922535568246,0.9319993199855614,False
Neogenin,MCH,time1,20,17,-0.3284159071637806,"[-0.68, 0.15]",0.16982011647681106,0.867816664987516,False
Immunoglobulin heavy variable 6-1,MCH,time1,20,17,-0.10895268023938974,"[-0.54, 0.36]",0.657043920376665,0.9630236411946936,False
L-selectin,MCH,time1,20,17,-0.5300350490496755,"[-0.79, -0.10]",0.019581586566206097,0.780717100347183,False
Immunoglobulin lambda constant 3,MCH,time1,20,17,-0.31949946928688067,"[-0.68, 0.16]",0.18240489031143306,0.8781742060801173,False
A disintegrin and metalloproteinase with thrombospondin motifs 13,MCH,time1,20,17,-0.28234057095743115,"[-0.65, 0.20]",0.2415333203248902,0.8982115991698657,False
von Willebrand factor,MCH,time1,20,17,0.5211947567318758,"[0.09, 0.79]",0.022117789222163297,0.780717100347183,False
Neutral alpha-glucosidase AB,MCH,time1,20,17,0.19834146159739602,"[-0.28, 0.60]",0.41564985582969394,0.9324135167651676,False
Carbonic anhydrase 1,MCH,time1,20,17,-0.24503810581096877,"[-0.63, 0.24]",0.31196497621766794,0.9236478900056884,False
Immunoglobulin lambda variable 4-60,MCH,time1,20,17,0.14781809974873877,"[-0.33, 0.56]",0.5459005512021766,0.9550777635218127,False
Integrin beta-1,MCH,time1,20,17,-0.22020147584318836,"[-0.61, 0.26]",0.3650078170528177,0.9285871908420641,False
Immunoglobulin lambda variable 3-12,MCH,time1,20,17,-0.20968258070152693,"[-0.61, 0.27]",0.388922773811086,0.931256717265325,False
Alpha-amylase 1B;Alpha-amylase 1C;Alpha-amylase 1A,MCH,time1,20,17,0.014350813654380849,"[-0.44, 0.47]",0.9535019798657295,0.9989122224583239,False
Lumican,MCH,time1,20,17,-0.1528998418428677,"[-0.57, 0.32]",0.5320232325354584,0.9546563406817988,False
Beta-Ala-His dipeptidase,MCH,time1,20,17,-0.1440383312843401,"[-0.56, 0.33]",0.5563269004580793,0.9572635531094381,False
Immunoglobulin alpha-2 heavy chain,MCH,time1,20,17,0.09886758656904586,"[-0.37, 0.53]",0.6871793329022531,0.9648380336571762,False
Complement C5,MCH,time1,20,17,-0.39747518855445113,"[-0.72, 0.07]",0.09195239963899936,0.8154186244354011,False
Protein S100-A8,MCH,time1,20,17,0.23750548611314154,"[-0.24, 0.62]",0.32753799128746186,0.9236478900056884,False
Immunoglobulin lambda variable 3-25,MCH,time1,20,17,0.08993206658901183,"[-0.38, 0.52]",0.7142641477048796,0.9656789320774398,False
Leukocyte immunoglobulin-like receptor subfamily B member 3;Leukocyte immunoglobulin-like receptor subfamily A member 6,MCH,time1,20,17,-0.4621882509801554,"[-0.76, -0.01]",0.04633500796661931,0.780717100347183,False
Collagen alpha-3(VI) chain,MCH,time1,20,17,-0.19681972429953623,"[-0.60, 0.28]",0.41930931734152765,0.9324135167651676,False
Immunoglobulin kappa variable 1-39;Immunoglobulin kappa variable 1D-39,MCH,time1,20,17,-0.37461802795563165,"[-0.71, 0.10]",0.11405104658383451,0.8290414311110669,False
Bleomycin hydrolase,MCH,time1,20,17,0.051495606301686626,"[-0.41, 0.49]",0.834164356915156,0.9906439255230137,False
CD166 antigen,MCH,time1,20,17,-0.1666450244641228,"[-0.58, 0.31]",0.4953228892522503,0.949643311856458,False
Beta-2-microglobulin,MCH,time1,20,17,-0.2502888764995655,"[-0.63, 0.23]",0.3013766968203699,0.9236478900056884,False
Amino acid transporter heavy chain SLC3A2,MCH,time1,20,17,-0.09410109670658094,"[-0.53, 0.38]",0.7015842445222378,0.9649649310892052,False
Haptoglobin-related protein,MCH,time1,20,17,0.2126823604923419,"[-0.27, 0.61]",0.38201614923258553,0.931256717265325,False
Alpha-1-acid glycoprotein 1,MCH,time1,20,17,-0.1602721935354987,"[-0.57, 0.32]",0.5121843193677504,0.9529295397056773,False
Serum paraoxonase/arylesterase 1,MCH,time1,20,17,-0.46727805775961273,"[-0.76, -0.02]",0.04367445216720901,0.780717100347183,False
Target of Nesh-SH3,MCH,time1,20,17,-0.31483501007017883,"[-0.67, 0.16]",0.18923221111329236,0.8786430972185097,False
Intercellular adhesion molecule 1,MCH,time1,20,17,-0.12818991110027686,"[-0.55, 0.35]",0.6009749575755741,0.9621706909906743,False
Complement C4-A,MCH,time1,20,17,0.1702417330693264,"[-0.31, 0.58]",0.4859271543974899,0.9447457823105017,False
Coagulation factor XIII A chain,MCH,time1,20,17,0.2026402353425827,"[-0.28, 0.60]",0.40540535243329723,0.9318821411825824,False
Immunoglobulin mu heavy chain,MCH,time1,20,17,0.16664930056677443,"[-0.31, 0.58]",0.4953116666651195,0.949643311856458,False
Oncoprotein-induced transcript 3 protein,MCH,time1,20,17,-0.38214928161222467,"[-0.71, 0.09]",0.10638866290318384,0.828669719073285,False
Peroxiredoxin-2,MCH,time1,20,17,0.05808165796157857,"[-0.41, 0.50]",0.8132904799963931,0.9858034962512886,False
Tissue factor pathway inhibitor,MCH,time1,20,17,-0.06132228017226945,"[-0.50, 0.40]",0.8030628103218462,0.9840896993583559,False
Progranulin,MCH,time1,20,17,-0.09981007964508201,"[-0.53, 0.37]",0.6843430012090874,0.9648380336571762,False
Histone H2B type 1-K;Histone H2B type F-S,MCH,time1,20,17,0.03038308550529046,"[-0.43, 0.48]",0.9017320824690737,0.997559861248858,False
Hemoglobin subunit delta,MCH,time1,20,17,0.3265301002489327,"[-0.15, 0.68]",0.17243104503267695,0.867816664987516,False
Glutathione S-transferase P,MCH,time1,20,17,0.12782719308878485,"[-0.35, 0.55]",0.6020137654530797,0.9621706909906743,False
Annexin A6,MCH,time1,20,17,-0.4617507659702176,"[-0.76, -0.01]",0.046569341196623544,0.780717100347183,False
Complement factor H-related protein 1,MCH,time1,20,17,-0.47451555686870994,"[-0.76, -0.03]",0.04009481646127173,0.780717100347183,False
Protein KPLCE,MCH,time1,20,17,0.031635697958869134,"[-0.43, 0.48]",0.8977006050678835,0.997559861248858,False
Immunoglobulin heavy variable 4-4,MCH,time1,20,17,0.07807342357668424,"[-0.39, 0.51]",0.7507156782450302,0.9741110734656547,False
Alpha-1B-glycoprotein,MCH,time1,20,17,-0.20484561107443297,"[-0.60, 0.27]",0.40020339987767994,0.931256717265325,False
Properdin,MCH,time1,20,17,-0.2026120626723723,"[-0.60, 0.28]",0.40547204144132765,0.9318821411825824,False
Immunoglobulin heavy variable 3-53,MCH,time1,20,17,-0.3308518226012887,"[-0.68, 0.15]",0.1664875733278844,0.867816664987516,False
Calmodulin-like protein 5,MCH,time1,20,17,0.20603436076519213,"[-0.27, 0.60]",0.397414621546865,0.931256717265325,False
Carboxypeptidase B2,MCH,time1,20,17,-0.4755699522792658,"[-0.76, -0.03]",0.03959276276156698,0.780717100347183,False
"Sushi, nidogen and EGF-like domain-containing protein 1",MCH,time1,20,17,-0.4736967123991685,"[-0.76, -0.02]",0.04048808120552573,0.780717100347183,False
Proteasome subunit alpha type-5,MCH,time1,20,17,0.007511429148276823,"[-0.45, 0.46]",0.9756531474664014,0.9989122224583239,False
Bifunctional heparan sulfate N-deacetylase/N-sulfotransferase 4,MCH,time1,20,17,0.1316875894386201,"[-0.34, 0.55]",0.5909957921756716,0.9610066239456336,False
Immunoglobulin heavy variable 3-9,MCH,time1,20,17,-0.3637743271328633,"[-0.70, 0.11]",0.1257648477279845,0.8393463672945961,False
Neural cell adhesion molecule L1-like protein,MCH,time1,20,17,-0.011567777585328419,"[-0.46, 0.44]",0.9625125271724488,0.9989122224583239,False
Proteasome subunit alpha type-2,MCH,time1,20,17,0.1621752891981992,"[-0.32, 0.57]",0.5071207503295909,0.9521029330766132,False
Intercellular adhesion molecule 3,MCH,time1,20,17,-0.03331072361795864,"[-0.48, 0.43]",0.8923133734298125,0.997559861248858,False
Receptor-type tyrosine-protein phosphatase eta,MCH,time1,20,17,0.28395477225660526,"[-0.20, 0.65]",0.23873732233600162,0.8982115991698657,False
ADAMTS-like protein 4,MCH,time1,20,17,-0.07411133451604966,"[-0.51, 0.39]",0.7630123496395624,0.9745063647413549,False
Immunoglobulin lambda variable 3-21,MCH,time1,20,17,0.2652509029796159,"[-0.21, 0.64]",0.2724155819868868,0.9170614304794888,False
Cartilage oligomeric matrix protein,MCH,time1,20,17,0.09432396530314634,"[-0.38, 0.53]",0.7009084878932188,0.9648380336571762,False
Neural cell adhesion molecule 1,MCH,time1,20,17,-0.35828986683849445,"[-0.70, 0.11]",0.13200262528923662,0.847666490299985,False
Immunoglobulin lambda variable 2-11,MCH,time1,20,17,0.012738362681978855,"[-0.44, 0.46]",0.9587219703603204,0.9989122224583239,False
Immunoglobulin kappa variable 1D-33;Immunoglobulin kappa variable 1-33,MCH,time1,20,17,-0.523221172309122,"[-0.79, -0.09]",0.021514726228565897,0.780717100347183,False
Beta-2-glycoprotein 1,MCH,time1,20,17,-0.27552075040290364,"[-0.65, 0.20]",0.2535763565175659,0.9034831665551791,False
Vitamin D-binding protein,MCH,time1,20,17,-0.2812826042327991,"[-0.65, 0.20]",0.24337715915997968,0.8982115991698657,False
Filamin-A,MCH,time1,20,17,-0.38336849709543735,"[-0.71, 0.09]",0.1051839811515283,0.828669719073285,False
Reelin,MCH,time1,20,17,0.04093213607116169,"[-0.42, 0.49]",0.8678616240143882,0.995092827534972,False
Immunoglobulin lambda variable 5-39,MCH,time1,20,17,0.3587418421415692,"[-0.11, 0.70]",0.13148049840321596,0.847666490299985,False
Fatty acid-binding protein 5,MCH,time1,20,17,-0.04821228407483059,"[-0.49, 0.42]",0.8446112362869409,0.9910606354169061,False
"HLA class I histocompatibility antigen, A alpha chain",MCH,time1,20,17,-0.42146787271429015,"[-0.73, 0.04]",0.0723010403551855,0.7963212415647299,False
Low affinity immunoglobulin gamma Fc region receptor III-A,MCH,time1,20,17,0.24545519945638053,"[-0.23, 0.63]",0.3111158577190088,0.9236478900056884,False
Heat shock 70 kDa protein 1A;Heat shock 70 kDa protein 1B,MCH,time1,20,17,-0.009784030158395853,"[-0.46, 0.45]",0.9682900642681498,0.9989122224583239,False
Apolipoprotein D,MCH,time1,20,17,0.30394824760202055,"[-0.17, 0.67]",0.2058263270846709,0.8937375538491094,False
Plexin-B1,MCH,time1,20,17,-0.6168399469212242,"[-0.84, -0.23]",0.004905908981735532,0.7385516510769441,False
Immunoglobulin heavy variable 1-58,MCH,time1,20,17,0.036172633917557616,"[-0.43, 0.48]",0.8831194356686829,0.995958470840817,False
Apolipoprotein C-IV,MCH,time1,20,17,0.08215396891031321,"[-0.39, 0.52]",0.7381112618928083,0.9728363041843875,False
Monocyte differentiation antigen CD14,MCH,time1,20,17,-0.34405713483343664,"[-0.69, 0.13]",0.14919831018365426,0.8579858418247035,False
Protein MENT,MCH,time1,20,17,0.24658222743333447,"[-0.23, 0.63]",0.30882839179486743,0.9236478900056884,False
Immunoglobulin epsilon heavy chain,MCH,time1,20,17,0.048983136030683216,"[-0.41, 0.49]",0.8421562415872983,0.9910182692199748,False
Complement factor H,MCH,time1,20,17,-0.132201934358774,"[-0.55, 0.34]",0.5895341859747687,0.9610066239456336,False
Stabilin-1,MCH,time1,20,17,-0.38681993080135374,"[-0.72, 0.08]",0.10182702978287377,0.8265112390333225,False
Macrophage receptor MARCO,MCH,time1,20,17,-0.18606075136410416,"[-0.59, 0.29]",0.44566769935849837,0.9361498868301301,False
Protein POF1B,MCH,time1,20,17,-0.12028884254121633,"[-0.54, 0.35]",0.6237671017801294,0.9621706909906743,False
Phosphatidylcholine-sterol acyltransferase,MCH,time1,20,17,-0.4199869862814565,"[-0.73, 0.04]",0.07341471295147985,0.7963212415647299,False
Clusterin,MCH,time1,20,17,-0.006611048986849529,"[-0.46, 0.45]",0.978570875392493,0.9989122224583239,False
Platelet-activating factor acetylhydrolase,MCH,time1,20,17,0.1586210315179236,"[-0.32, 0.57]",0.5165968845675639,0.9529295397056773,False
Vasorin,MCH,time1,20,17,-0.0945949227504434,"[-0.53, 0.38]",0.7000872113452656,0.9648380336571762,False
Myeloperoxidase,MCH,time1,20,17,-0.04266478724808682,"[-0.49, 0.42]",0.8623179694129256,0.9941217641720209,False
Immunoglobulin lambda variable 5-52,MCH,time1,20,17,-0.3139034556175958,"[-0.67, 0.16]",0.19061592876830535,0.8786430972185097,False
Carboxypeptidase N catalytic chain,MCH,time1,20,17,0.37778572158275653,"[-0.09, 0.71]",0.11078159521457558,0.8290414311110669,False
Fibrinogen gamma chain,MCH,time1,20,17,-0.06884047987741647,"[-0.51, 0.40]",0.7794550209722889,0.9792734583116876,False
Soluble scavenger receptor cysteine-rich domain-containing protein SSC5D,MCH,time1,20,17,-0.17796580900505066,"[-0.58, 0.30]",0.466049832389298,0.9399490057022261,False
Tetranectin,MCH,time1,20,17,0.36366152998064044,"[-0.11, 0.70]",0.1258909974851307,0.839356412935515,False
Apolipoprotein(a),MCH,time1,20,17,-0.10404470093943258,"[-0.53, 0.37]",0.671649686230351,0.9648380336571762,False
Alpha-2-antiplasmin,MCH,time1,20,17,0.09264172847554848,"[-0.38, 0.52]",0.7060144544339053,0.9656789320774398,False
Retroviral-like aspartic protease 1,MCH,time1,20,17,0.2889462609293857,"[-0.19, 0.66]",0.23022316534912024,0.8982115991698657,False
Ficolin-3,MCH,time1,20,17,0.552705840184123,"[0.13, 0.80]",0.014119212609696716,0.7677137594604839,False
Immunoglobulin kappa variable 2-24,MCH,time1,20,17,-0.5392700391379212,"[-0.80, -0.11]",0.01718408041355334,0.7725125015513618,False
Immunoglobulin superfamily containing leucine-rich repeat protein,MCH,time1,20,17,-0.020760969065834096,"[-0.47, 0.44]",0.9327702807624186,0.9989122224583239,False
Complement factor D,MCH,time1,20,17,-0.42812463063170964,"[-0.74, 0.03]",0.0674494945397636,0.7864905583204208,False
Vitamin K-dependent protein Z,MCH,time1,20,17,-0.0950372481014708,"[-0.53, 0.38]",0.6987472006316502,0.9648380336571762,False
EGF-containing fibulin-like extracellular matrix protein 1,MCH,time1,20,17,0.22748311340522387,"[-0.25, 0.62]",0.348954250328925,0.926595760949047,False
Dipeptidase 2,MCH,time1,20,17,-0.4550804419230826,"[-0.75, -0.00]",0.0502554815825329,0.780717100347183,False
Myeloblastin,MCH,time1,20,17,0.7519276468060558,"[0.45, 0.90]",0.00020500000816122386,0.3451175137394204,False
Neurogenic locus notch homolog protein 1,MCH,time1,20,17,-0.15941746511778354,"[-0.57, 0.32]",0.5144662633583552,0.9529295397056773,False
Vitamin K-dependent protein S,MCH,time1,20,17,0.09686124462852655,"[-0.37, 0.53]",0.6932305037220228,0.9648380336571762,False
Dermcidin,MCH,time1,20,17,0.29317205066168034,"[-0.19, 0.66]",0.22317036619511293,0.8982115991698657,False
Immunoglobulin heavy variable 3-73,MCH,time1,20,17,-0.205695393243649,"[-0.60, 0.27]",0.39820874396593164,0.931256717265325,False
Alpha-2-macroglobulin,MCH,time1,20,17,0.2816517534121812,"[-0.20, 0.65]",0.24273278346004581,0.8982115991698657,False
Cation-independent mannose-6-phosphate receptor,MCH,time1,20,17,-0.315165943696608,"[-0.67, 0.16]",0.1887422701346341,0.8786430972185097,False
Chromodomain-helicase-DNA-binding protein 1;Chromodomain-helicase-DNA-binding protein 2;Chromodomain-helicase-DNA-binding protein 9;Chromodomain-helicase-DNA-binding protein 6;Chromodomain-helicase-DNA-binding protein 8;Chromodomain-helicase-DNA-binding protein 7,MCH,time1,20,17,-0.10855914349308067,"[-0.54, 0.36]",0.6582107604628986,0.9630236411946936,False
Ceruloplasmin,MCH,time1,20,17,-0.389745121721061,"[-0.72, 0.08]",0.09904312178858186,0.8236593403597053,False
Prostaglandin-H2 D-isomerase,MCH,time1,20,17,-0.5224636831478116,"[-0.79, -0.09]",0.021738616218440764,0.780717100347183,False
Protein S100-A9,MCH,time1,20,17,0.11018079299236969,"[-0.36, 0.54]",0.6534074468622391,0.9627206746105794,False
Immunoglobulin J chain,MCH,time1,20,17,-0.12216874486999937,"[-0.55, 0.35]",0.618313399046424,0.9621706909906743,False
Probable non-functional immunoglobulin kappa variable 3-7,Trom,time1,20,17,-0.2546569346835683,"[-0.64, 0.23]",0.29273629635752374,0.9177310147446764,False
Apolipoprotein A-IV,Trom,time1,20,17,-0.28719994246571184,"[-0.66, 0.19]",0.23317930168534057,0.8982115991698657,False
Coagulation factor XII,Trom,time1,20,17,0.09805886191926538,"[-0.37, 0.53]",0.6896162979351133,0.9648380336571762,False
Mannan-binding lectin serine protease 1,Trom,time1,20,17,-0.23966547580679484,"[-0.63, 0.24]",0.32302633052930396,0.9236478900056884,False
Complement factor I,Trom,time1,20,17,-0.3454648130041965,"[-0.69, 0.13]",0.14743177723819464,0.8564170936386176,False
Platelet glycoprotein Ib alpha chain,Trom,time1,20,17,0.48330823431847153,"[0.04, 0.77]",0.036054813144114545,0.780717100347183,False
Hepatocyte growth factor-like protein,Trom,time1,20,17,-0.07702329285773948,"[-0.51, 0.39]",0.7539693776269215,0.9745063647413549,False
Profilin-1,Trom,time1,20,17,-0.29611950529122627,"[-0.66, 0.18]",0.21833514922858085,0.8982115991698657,False
Peptidase inhibitor 16,Trom,time1,20,17,-0.12560920435953432,"[-0.55, 0.35]",0.6083819063542721,0.9621706909906743,False
Cell surface glycoprotein MUC18,Trom,time1,20,17,0.20587369590078144,"[-0.27, 0.60]",0.3977909139156852,0.931256717265325,False
Adhesion G-protein coupled receptor G6,Trom,time1,20,17,-0.3331439878664145,"[-0.68, 0.14]",0.16339273006925173,0.867816664987516,False
Immunoglobulin heavy variable 1-69,Trom,time1,20,17,-0.05076334376421019,"[-0.49, 0.41]",0.8364920298776178,0.9906439255230137,False
Insulin-like growth factor-binding protein complex acid labile subunit,Trom,time1,20,17,0.32795269171771385,"[-0.15, 0.68]",0.17045893611950655,0.867816664987516,False
Plasma serine protease inhibitor,Trom,time1,20,17,-0.032312084070954775,"[-0.48, 0.43]",0.8955246775653865,0.997559861248858,False
Immunoglobulin heavy variable 1-69D,Trom,time1,20,17,0.2256297665263256,"[-0.25, 0.62]",0.3530010262941049,0.9275759271483885,False
Pancreatic adenocarcinoma up-regulated factor,Trom,time1,20,17,-0.26378780526861034,"[-0.64, 0.22]",0.275168417713475,0.9170614304794888,False
Immunoglobulin heavy variable 3-64D,Trom,time1,20,17,-0.08553248097141043,"[-0.52, 0.38]",0.7277234008072136,0.9686005945352543,False
Neutrophil gelatinase-associated lipocalin,Trom,time1,20,17,-0.19882538310104877,"[-0.60, 0.28]",0.4144897280936277,0.9324135167651676,False
Lysosome-associated membrane glycoprotein 2,Trom,time1,20,17,0.11772024813849372,"[-0.36, 0.54]",0.6312490887748089,0.9621706909906743,False
Corneodesmosin,Trom,time1,20,17,-0.17690256160255038,"[-0.58, 0.30]",0.46876139966880737,0.9402589828665833,False
Collagen alpha-1(XVIII) chain,Trom,time1,20,17,-0.33899708665106315,"[-0.69, 0.14]",0.15566931823468244,0.8664842517941643,False
Lipopolysaccharide-binding protein,Trom,time1,20,17,0.2868898064250065,"[-0.19, 0.66]",0.23370683863884514,0.8982115991698657,False
Immunoglobulin heavy variable 3-49,Trom,time1,20,17,-0.25747989473699123,"[-0.64, 0.22]",0.2872335026320192,0.9177310147446764,False
SPARC-like protein 1,Trom,time1,20,17,-0.12913767404958798,"[-0.55, 0.35]",0.5982640875451342,0.9619652257709965,False
Ras-associated and pleckstrin homology domains-containing protein 1,Trom,time1,20,17,-0.19846191495502574,"[-0.60, 0.28]",0.41536092461703034,0.9324135167651676,False
Alpha-1-acid glycoprotein 2,Trom,time1,20,17,-0.28783141081986624,"[-0.66, 0.19]",0.23210755559347124,0.8982115991698657,False
Immunoglobulin heavy variable 3-20,Trom,time1,20,17,0.20049480472071024,"[-0.28, 0.60]",0.4105009276343403,0.9319993199855614,False
Neurogenic locus notch homolog protein 2,Trom,time1,20,17,-0.08109017439815813,"[-0.52, 0.39]",0.7413912049901485,0.9728363041843875,False
Apolipoprotein B-100,Trom,time1,20,17,-0.1697251490237589,"[-0.58, 0.31]",0.4872712216162205,0.9456151026984521,False
CD44 antigen,Trom,time1,20,17,-0.06385721371265307,"[-0.50, 0.40]",0.7950835740356279,0.9834850822108594,False
Pigment epithelium-derived factor,Trom,time1,20,17,0.0163391822143477,"[-0.44, 0.47]",0.9470675471745442,0.9989122224583239,False
Xaa-Pro dipeptidase,Trom,time1,20,17,-0.18833713767089477,"[-0.59, 0.29]",0.44002047675490064,0.9361498868301301,False
Immunoglobulin heavy constant delta,Trom,time1,20,17,-0.14086860158569028,"[-0.56, 0.33]",0.5651378622444246,0.9574313225752206,False
Probable non-functional immunoglobulin heavy variable 3-38-3,Trom,time1,20,17,-0.05445595415587041,"[-0.50, 0.41]",0.8247678169681638,0.9898389733494234,False
Immunoglobulin lambda constant 7,Trom,time1,20,17,-0.5474696345209769,"[-0.80, -0.12]",0.015256783713541488,0.7677137594604839,False
Receptor-type tyrosine-protein phosphatase gamma,Trom,time1,20,17,-0.07634805893627698,"[-0.51, 0.39]",0.7560636080137344,0.9745063647413549,False
Afamin,Trom,time1,20,17,-0.0807802101773875,"[-0.52, 0.39]",0.7423477083449751,0.9728363041843875,False
Pyruvate kinase PKLR,Trom,time1,20,17,-0.335454853435301,"[-0.69, 0.14]",0.16031274246624191,0.867816664987516,False
Insulin-like growth factor 2,Trom,time1,20,17,-0.2602626444680333,"[-0.64, 0.22]",0.28187161396421806,0.9170614304794888,False
CD109 antigen,Trom,time1,20,17,0.07199764513943284,"[-0.40, 0.51]",0.7695948576547,0.9750590716290142,False
ADP-ribosyl cyclase/cyclic ADP-ribose hydrolase 2,Trom,time1,20,17,0.3703896896232277,"[-0.10, 0.71]",0.11852191775918856,0.8291287868992757,False
Dedicator of cytokinesis protein 4,Trom,time1,20,17,-0.4503504102437493,"[-0.75, 0.00]",0.053000951435804945,0.780717100347183,False
Complement factor H-related protein 2,Trom,time1,20,17,0.18646288025344862,"[-0.29, 0.59]",0.44466738591028554,0.9361498868301301,False
Selenoprotein P,Trom,time1,20,17,-0.1416366964689275,"[-0.56, 0.33]",0.5629971892713403,0.9574313225752206,False
Adipocyte plasma membrane-associated protein,Trom,time1,20,17,-0.11772024813849372,"[-0.54, 0.36]",0.6312490887748089,0.9621706909906743,False
Immunoglobulin heavy constant alpha 2,Trom,time1,20,17,-0.280897570623456,"[-0.65, 0.20]",0.24405042444530142,0.8982115991698657,False
Lactotransferrin,Trom,time1,20,17,-0.035810582514888153,"[-0.48, 0.43]",0.8842817660675923,0.995958470840817,False
Alpha-enolase,Trom,time1,20,17,-0.11105278518143989,"[-0.54, 0.36]",0.6508299826979738,0.9627206746105794,False
Immunoglobulin heavy constant gamma 1,Trom,time1,20,17,0.16228887173103557,"[-0.32, 0.57]",0.5068192988360967,0.9521029330766132,False
Collectin-10,Trom,time1,20,17,0.12952417545861386,"[-0.34, 0.55]",0.5971600340776625,0.961962834437533,False
Lysosome-associated membrane glycoprotein 1,Trom,time1,20,17,0.23138618555509646,"[-0.25, 0.62]",0.34051995480480435,0.926595760949047,False
Cathelicidin antimicrobial peptide,Trom,time1,20,17,-0.1667066961755982,"[-0.58, 0.31]",0.49516104442761577,0.949643311856458,False
Fibroblast growth factor-binding protein 2,Trom,time1,20,17,-0.04080818732076776,"[-0.49, 0.42]",0.8682584301349173,0.9952750807277061,False
Lymphatic vessel endothelial hyaluronic acid receptor 1,Trom,time1,20,17,-0.29441254962476066,"[-0.66, 0.18]",0.22112695581201028,0.8982115991698657,False
Haptoglobin,Trom,time1,20,17,0.38748257431326677,"[-0.08, 0.72]",0.1011914939431053,0.8259679032883286,False
Tenascin-X,Trom,time1,20,17,0.07032207628051806,"[-0.40, 0.51]",0.7748237242212191,0.9782663179653326,False
Zinc finger protein 512B,Trom,time1,20,17,0.136181226759417,"[-0.34, 0.56]",0.5782778848097757,0.9585981157899655,False
Immunoglobulin lambda variable 3-19,Trom,time1,20,17,-0.16126767288679633,"[-0.57, 0.32]",0.5095326616117881,0.9529295397056773,False
Complement C1q subcomponent subunit B,Trom,time1,20,17,-0.07306844935757485,"[-0.51, 0.39]",0.7662582146875743,0.9750590716290142,False
Ubiquitin-ribosomal protein eS31 fusion protein,Trom,time1,20,17,-0.2853241319820518,"[-0.65, 0.19]",0.23638175273039747,0.8982115991698657,False
Kinesin-like protein KIF21A,Trom,time1,20,17,-0.02835893985693903,"[-0.48, 0.43]",0.90825153459885,0.997559861248858,False
Attractin,Trom,time1,20,17,-0.23583204602772329,"[-0.62, 0.24]",0.3310587777075823,0.9236478900056884,False
Immunoglobulin lambda variable 1-44,Trom,time1,20,17,-0.16420878125419472,"[-0.58, 0.31]",0.5017367828139205,0.9510728330412043,False
Immunoglobulin heavy variable 1-46,Trom,time1,20,17,-0.02907862829429715,"[-0.48, 0.43]",0.9059328678122556,0.997559861248858,False
Fibulin-1,Trom,time1,20,17,0.0883910868004644,"[-0.38, 0.52]",0.7189693714300073,0.9657037285349999,False
Secreted phosphoprotein 24,Trom,time1,20,17,0.15623049925043325,"[-0.32, 0.57]",0.523016883493405,0.9529295397056773,False
Scavenger receptor class B member 1,Trom,time1,20,17,0.08964604262037075,"[-0.38, 0.52]",0.7151367525702271,0.9656789320774398,False
Immunoglobulin lambda variable 2-18,Trom,time1,20,17,-0.053237833119331425,"[-0.50, 0.41]",0.8286316077855442,0.9903438276995221,False
Collagen alpha-2(VI) chain,Trom,time1,20,17,-0.2547852156072378,"[-0.64, 0.23]",0.2924848537725703,0.9177310147446764,False
Adiponectin,Trom,time1,20,17,0.2130214643211417,"[-0.27, 0.61]",0.38123973077282347,0.931181845130284,False
Nidogen-1,Trom,time1,20,17,-0.17909675973612932,"[-0.59, 0.30]",0.4631743145382702,0.9399490057022261,False
Alpha-1-antitrypsin,Trom,time1,20,17,-0.15650550876877206,"[-0.57, 0.32]",0.5222764304261007,0.9529295397056773,False
"Sushi, von Willebrand factor type A, EGF and pentraxin domain-containing protein 1",Trom,time1,20,17,0.35884045432231226,"[-0.11, 0.70]",0.1313667739890634,0.847666490299985,False
Complement C1s subcomponent,Trom,time1,20,17,-0.1198783927290452,"[-0.54, 0.35]",0.6249603489041567,0.9621706909906743,False
Alpha-actinin-4,Trom,time1,20,17,-0.32677414462433313,"[-0.68, 0.15]",0.1720916351706819,0.867816664987516,False
Complement component C1q receptor,Trom,time1,20,17,-0.1120911801865632,"[-0.54, 0.36]",0.6477656026059992,0.9623162852441542,False
Inter-alpha-trypsin inhibitor heavy chain H3,Trom,time1,20,17,-0.030821578068209825,"[-0.48, 0.43]",0.9003205467482366,0.997559861248858,False
Immunoglobulin kappa variable 1D-8,Trom,time1,20,17,-0.2175514680237164,"[-0.61, 0.26]",0.3709524298039961,0.9300516392509022,False
Low-density lipoprotein receptor,Trom,time1,20,17,-0.07372563815872728,"[-0.51, 0.39]",0.764212348976165,0.9745063647413549,False
Prolactin-inducible protein,Trom,time1,20,17,-0.0964011750646517,"[-0.53, 0.37]",0.6946206086692938,0.9648380336571762,False
Hyaluronan-binding protein 2,Trom,time1,20,17,0.19725914519274287,"[-0.28, 0.60]",0.41825083834739196,0.9324135167651676,False
N-acetylmuramoyl-L-alanine amidase,Trom,time1,20,17,-0.14359703613740418,"[-0.56, 0.33]",0.557549920489501,0.9574313225752206,False
Serpin A11,Trom,time1,20,17,-0.07697578790728242,"[-0.51, 0.39]",0.7541166601244197,0.9745063647413549,False
C4b-binding protein alpha chain,Trom,time1,20,17,-0.118681409752738,"[-0.54, 0.35]",0.6284452764651317,0.9621706909906743,False
Inter-alpha-trypsin inhibitor heavy chain H2,Trom,time1,20,17,0.075271511443153,"[-0.39, 0.51]",0.7594058726123697,0.9745063647413549,False
Fibrillin-1,Trom,time1,20,17,0.2860634316641792,"[-0.19, 0.66]",0.2351162390101315,0.8982115991698657,False
Golgi-associated RAB2 interactor protein 1B,Trom,time1,20,17,0.1563278361902885,"[-0.32, 0.57]",0.522754751370223,0.9529295397056773,False
Neurogenic locus notch homolog protein 3,Trom,time1,20,17,0.08904688949130683,"[-0.38, 0.52]",0.7169657508479172,0.9656789320774398,False
Immunoglobulin heavy constant alpha 1,Trom,time1,20,17,0.032379373810586684,"[-0.43, 0.48]",0.8953082459368482,0.997559861248858,False
Apolipoprotein C-III,Trom,time1,20,17,-0.2246780096953082,"[-0.62, 0.26]",0.355089616252695,0.9283317003155915,False
Glutathione peroxidase 3,Trom,time1,20,17,-0.03264692993235666,"[-0.48, 0.43]",0.8944477450012357,0.997559861248858,False
Contactin-1,Trom,time1,20,17,0.09571578410424034,"[-0.37, 0.53]",0.6966932551182136,0.9648380336571762,False
Stomatin,Trom,time1,20,17,-0.2005572945740601,"[-0.60, 0.28]",0.41035202228385936,0.9319993199855614,False
Immunoglobulin heavy variable 3-13,Trom,time1,20,17,-0.046918802482022154,"[-0.49, 0.42]",0.8487337641184375,0.991249088174675,False
Immunoglobulin heavy variable 1-69-2,Trom,time1,20,17,0.25498096994208824,"[-0.23, 0.64]",0.29210141101570053,0.9177310147446764,False
Apolipoprotein E,Trom,time1,20,17,0.07597719729671708,"[-0.39, 0.51]",0.7572145253534328,0.9745063647413549,False
Mucosal addressin cell adhesion molecule 1,Trom,time1,20,17,0.015075447799602917,"[-0.44, 0.47]",0.951156698383882,0.9989122224583239,False
Protein S100-A11,Trom,time1,20,17,-0.36065867362443266,"[-0.70, 0.11]",0.12928230799095922,0.847666490299985,False
Complement factor H-related protein 4,Trom,time1,20,17,-0.1421974550570665,"[-0.56, 0.33]",0.5614366091222667,0.9574313225752206,False
Immunoglobulin kappa variable 1D-16,Trom,time1,20,17,-0.04666973733706799,"[-0.49, 0.42]",0.8495280087780999,0.991249088174675,False
Immunoglobulin lambda variable 1-47,Trom,time1,20,17,0.0003072379532951589,"[-0.45, 0.45]",0.9990040070426591,0.9997463194271461,False
Fructose-bisphosphate aldolase A,Trom,time1,20,17,-0.24100293766162917,"[-0.63, 0.24]",0.3202512697558442,0.9236478900056884,False
Thrombospondin-1,Trom,time1,20,17,0.20685725778116942,"[-0.27, 0.60]",0.3954903782680612,0.931256717265325,False
Aminopeptidase N,Trom,time1,20,17,0.10659061384174678,"[-0.37, 0.53]",0.6640587850977155,0.9642690192775135,False
Apolipoprotein M,Trom,time1,20,17,-0.20289993988098096,"[-0.60, 0.28]",0.4047908726938827,0.9318821411825824,False
Immunoglobulin heavy variable 3-43,Trom,time1,20,17,-0.2869125781458167,"[-0.66, 0.19]",0.23366807815327856,0.8982115991698657,False
Cysteine-rich secretory protein 3,Trom,time1,20,17,-0.10004587859285073,"[-0.53, 0.37]",0.6836340200573819,0.9648380336571762,False
Complement component C8 alpha chain,Trom,time1,20,17,0.0792777280824274,"[-0.39, 0.51]",0.7469892464561445,0.9738797723547303,False
Immunoglobulin heavy variable 2-70D,Trom,time1,20,17,-0.006979472608710578,"[-0.46, 0.45]",0.9773769463115477,0.9989122224583239,False
Immunoglobulin heavy variable 3-23,Trom,time1,20,17,-0.06274944007352574,"[-0.50, 0.40]",0.7985681773427142,0.9840896993583559,False
Plasma kallikrein,Trom,time1,20,17,-0.10728604085943817,"[-0.54, 0.36]",0.6619906946680076,0.9635230036775306,False
Galectin-7,Trom,time1,20,17,-0.21447717571812622,"[-0.61, 0.27]",0.3779167195065184,0.9300516392509022,False
Extracellular superoxide dismutase [Cu-Zn],Trom,time1,20,17,0.12825457737403012,"[-0.35, 0.55]",0.6007898336063363,0.9621706909906743,False
Immunoglobulin heavy variable 1-8,Trom,time1,20,17,0.22501716341942712,"[-0.26, 0.62]",0.3543445468233335,0.9275759271483885,False
Cystatin-C,Trom,time1,20,17,-0.04990270989343277,"[-0.49, 0.41]",0.8392294245574133,0.9906439255230137,False
Immunoglobulin lambda-like polypeptide 1,Trom,time1,20,17,-0.29735660352154614,"[-0.66, 0.18]",0.21632625943708209,0.8982115991698657,False
Inhibin beta C chain,Trom,time1,20,17,0.44208336360142325,"[-0.02, 0.75]",0.05807064970092483,0.780717100347183,False
Mannose-binding protein C,Trom,time1,20,17,-0.10678875563250312,"[-0.54, 0.37]",0.6634693049780801,0.9640983070453398,False
IgGFc-binding protein,Trom,time1,20,17,-0.011189341684726399,"[-0.46, 0.45]",0.9637381364896556,0.9989122224583239,False
Macrophage mannose receptor 1,Trom,time1,20,17,-0.17702877995781868,"[-0.58, 0.30]",0.4684390946148902,0.9399490057022261,False
Aromatase,Trom,time1,20,17,0.18845631565089474,"[-0.29, 0.59]",0.43972585365061356,0.9361498868301301,False
Cadherin-5,Trom,time1,20,17,0.053591928654226705,"[-0.41, 0.50]",0.8275080501946657,0.9902234995263719,False
Immunoglobulin kappa variable 1-8,Trom,time1,20,17,0.023258674867325906,"[-0.44, 0.47]",0.9247027091985072,0.9988788261324435,False
Retinol-binding protein 4,Trom,time1,20,17,-0.15093853346933483,"[-0.57, 0.33]",0.537359910825494,0.954665480182609,False
Complement component C8 beta chain,Trom,time1,20,17,0.03666293882057317,"[-0.42, 0.48]",0.8815457248815317,0.995958470840817,False
Tumor necrosis factor receptor superfamily member 1B,Trom,time1,20,17,-0.06200218647508963,"[-0.50, 0.40]",0.8009207968891316,0.9840896993583559,False
Formin-2,Trom,time1,20,17,-0.0282147779330876,"[-0.48, 0.43]",0.9087160763829352,0.997559861248858,False
Scavenger receptor cysteine-rich domain-containing protein DMBT1,Trom,time1,20,17,-0.01058851560630543,"[-0.46, 0.45]",0.965684141514674,0.9989122224583239,False
Apolipoprotein L1,Trom,time1,20,17,-0.2904832845014653,"[-0.66, 0.19]",0.22764143670824566,0.8982115991698657,False
Leucine-rich alpha-2-glycoprotein,Trom,time1,20,17,0.19280235012930363,"[-0.29, 0.59]",0.42905246676729936,0.9341945835044614,False
Immunoglobulin heavy variable 1-2,Trom,time1,20,17,-0.024900664458909285,"[-0.47, 0.43]",0.9194028784174306,0.9985551599450393,False
Ras-related protein Rab-10,Trom,time1,20,17,-0.09984729882830501,"[-0.53, 0.37]",0.6842310767686393,0.9648380336571762,False
Immunoglobulin heavy variable 1-24,Trom,time1,20,17,-0.010816651103834172,"[-0.46, 0.45]",0.9649452150189011,0.9989122224583239,False
Annexin A3,Trom,time1,20,17,0.23837933324884067,"[-0.24, 0.62]",0.3257082963600889,0.9236478900056884,False
Hemoglobin subunit beta,Trom,time1,20,17,-0.15608872889007452,"[-0.57, 0.32]",0.5233987861756636,0.9529295397056773,False
Immunoglobulin lambda variable 4-69,Trom,time1,20,17,-0.2477692230183862,"[-0.63, 0.23]",0.30643016624647135,0.9236478900056884,False
Elongation factor 2,Trom,time1,20,17,-0.041951795745831764,"[-0.49, 0.42]",0.8645984696683717,0.9941217641720209,False
Multiple inositol polyphosphate phosphatase 1,Trom,time1,20,17,-0.04204714892938772,"[-0.49, 0.42]",0.8642934231611964,0.9941217641720209,False
Collagen alpha-1(VI) chain,Trom,time1,20,17,-0.40448478467224563,"[-0.73, 0.06]",0.08584933923065419,0.8154186244354011,False
Hepatocyte growth factor activator,Trom,time1,20,17,-0.2570258512556272,"[-0.64, 0.22]",0.2881142595778297,0.9177310147446764,False
Fibrinogen beta chain,Trom,time1,20,17,0.12375788482522775,"[-0.35, 0.55]",0.6137180546951697,0.9621706909906743,False
Hemicentin-1,Trom,time1,20,17,-0.17261455437904896,"[-0.58, 0.31]",0.47977695321574576,0.9441315029090682,False
C-type mannose receptor 2,Trom,time1,20,17,0.09449151627046577,"[-0.38, 0.53]",0.7004006005703466,0.9648380336571762,False
Platelet glycoprotein Ib beta chain,Trom,time1,20,17,0.2587021325543719,"[-0.22, 0.64]",0.28487080916412655,0.9175083333564564,False
Complement C2,Trom,time1,20,17,0.11091290113944242,"[-0.36, 0.54]",0.6512432022707033,0.9627206746105794,False
Annexin A2,Trom,time1,20,17,-0.17480600687260986,"[-0.58, 0.30]",0.47413132595676066,0.9418290115023086,False
Protein disulfide-isomerase A3,Trom,time1,20,17,-0.3145292576261941,"[-0.67, 0.16]",0.18968562787249188,0.8786430972185097,False
Dipeptidyl peptidase 4,Trom,time1,20,17,0.17496129941285374,"[-0.30, 0.58]",0.47373252380710673,0.9413399766352809,False
Proteasome subunit alpha type-4,Trom,time1,20,17,0.07601874741501863,"[-0.39, 0.51]",0.7570855559770899,0.9745063647413549,False
Coagulation factor XI,Trom,time1,20,17,0.03601847463266338,"[-0.43, 0.48]",0.8836143210658098,0.995958470840817,False
Collectin-11,Trom,time1,20,17,-0.1851720152871221,"[-0.59, 0.29]",0.44788259540832875,0.9361498868301301,False
High mobility group protein B1,Trom,time1,20,17,0.323759671468383,"[-0.15, 0.68]",0.1763159827354404,0.8679180027342512,False
Immunoglobulin lambda variable 3-16,Trom,time1,20,17,0.23960339375113313,"[-0.24, 0.63]",0.3231554875854806,0.9236478900056884,False
Prothrombin,Trom,time1,20,17,-0.1838560801183259,"[-0.59, 0.29]",0.4511725581924836,0.9361498868301301,False
Immunoglobulin kappa joining 1,Trom,time1,20,17,-0.43572492675219854,"[-0.74, 0.02]",0.062212337568611234,0.7842048818024371,False
Immunoglobulin heavy variable 3-7,Trom,time1,20,17,-0.04820705499504717,"[-0.49, 0.42]",0.8446278944707568,0.9910606354169061,False
Immunoglobulin heavy variable 3-74,Trom,time1,20,17,-0.12074515626514803,"[-0.55, 0.35]",0.6224415727790334,0.9621706909906743,False
Ezrin,Trom,time1,20,17,-0.1131147149768974,"[-0.54, 0.36]",0.6447503737144408,0.9623162852441542,False
Intercellular adhesion molecule 2,Trom,time1,20,17,-0.34773299078099285,"[-0.69, 0.13]",0.14461601683398115,0.8558309360858758,False
Lysozyme C,Trom,time1,20,17,0.3683125475467273,"[-0.10, 0.70]",0.12076330821703565,0.8313974029708804,False
Protein AMBP,Trom,time1,20,17,-0.22401057295905596,"[-0.62, 0.26]",0.3565584942562756,0.9284484596582698,False
Prolyl endopeptidase FAP,Trom,time1,20,17,-0.3347933516087699,"[-0.68, 0.14]",0.16119030754600117,0.867816664987516,False
"Actin, cytoplasmic 2",Trom,time1,20,17,0.10019960315964878,"[-0.37, 0.53]",0.6831719498989814,0.9648380336571762,False
Kallistatin,Trom,time1,20,17,-0.02099826009733733,"[-0.47, 0.44]",0.9320035506871798,0.9989122224583239,False
Hemopexin,Trom,time1,20,17,-0.21497152523244734,"[-0.61, 0.27]",0.3767919472280782,0.9300516392509022,False
C4b-binding protein beta chain,Trom,time1,20,17,-0.21459049863961596,"[-0.61, 0.27]",0.37765871486761926,0.9300516392509022,False
Peptidyl-prolyl cis-trans isomerase A,Trom,time1,20,17,-0.10236986226844821,"[-0.53, 0.37]",0.676660090539297,0.9648380336571762,False
Complement C1r subcomponent-like protein,Trom,time1,20,17,-0.03543829791413636,"[-0.48, 0.43]",0.8854771851683949,0.995958470840817,False
Immunoglobulin heavy variable 3-30;Immunoglobulin heavy variable 3-30-5,Trom,time1,20,17,-0.08688194719905422,"[-0.52, 0.38]",0.7235867759517081,0.9673286249298616,False
Immunoglobulin lambda variable 3-9,Trom,time1,20,17,-0.16257455271338167,"[-0.57, 0.31]",0.5060614712936597,0.9521029330766132,False
Immunoglobulin heavy variable 1-45,Trom,time1,20,17,0.4373106050356599,"[-0.02, 0.74]",0.061159327456889304,0.7842048818024371,False
Hemoglobin subunit gamma-1,Trom,time1,20,17,-0.20222714825510743,"[-0.60, 0.28]",0.4063837888908557,0.9318821411825824,False
Apolipoprotein F,Trom,time1,20,17,-0.6166894324691308,"[-0.84, -0.23]",0.004919373855072925,0.7385516510769441,False
Immunoglobulin gamma-1 heavy chain,Trom,time1,20,17,0.08191424468374701,"[-0.39, 0.52]",0.7388500155380289,0.9728363041843875,False
Low affinity immunoglobulin gamma Fc region receptor III-B,Trom,time1,20,17,-0.30323053388492643,"[-0.67, 0.18]",0.20695295179402676,0.8943978861972101,False
Multiple epidermal growth factor-like domains protein 8,Trom,time1,20,17,0.2397305786386572,"[-0.24, 0.63]",0.3228909218218826,0.9236478900056884,False
Complement C4-B,Trom,time1,20,17,0.31083555822919784,"[-0.17, 0.67]",0.19522069854189208,0.8870022643261535,False
Glyceraldehyde-3-phosphate dehydrogenase,Trom,time1,20,17,0.03267836442869543,"[-0.43, 0.48]",0.8943466542999075,0.997559861248858,False
Complement C1r subcomponent,Trom,time1,20,17,-0.09640117506465162,"[-0.53, 0.37]",0.6946206086692941,0.9648380336571762,False
Sex hormone-binding globulin,Trom,time1,20,17,-0.030000319756406102,"[-0.48, 0.43]",0.9029644609596346,0.997559861248858,False
Biotinidase,Trom,time1,20,17,-0.09028937492088743,"[-0.52, 0.38]",0.7131745446567475,0.9656789320774398,False
Cholinesterase,Trom,time1,20,17,-0.043546921059361234,"[-0.49, 0.42]",0.8594979125092483,0.9934533029243526,False
Immunoglobulin heavy variable 2-5,Trom,time1,20,17,-0.1698692212399432,"[-0.58, 0.31]",0.48689618597592155,0.945493698500386,False
Immunoglobulin lambda variable 1-36,Trom,time1,20,17,0.12496593992866142,"[-0.35, 0.55]",0.6102338897992676,0.9621706909906743,False
Immunoglobulin kappa variable 3-11,Trom,time1,20,17,-0.38039845423044477,"[-0.71, 0.09]",0.10813594458889125,0.8290414311110669,False
Immunoglobulin kappa variable 6-21,Trom,time1,20,17,0.4419167485178677,"[-0.02, 0.75]",0.05817645114281753,0.780717100347183,False
Immunoglobulin kappa light chain,Trom,time1,20,17,0.06652772906146368,"[-0.40, 0.51]",0.7866985961553227,0.9809449094133241,False
Neuropilin-1,Trom,time1,20,17,-0.08745176057911914,"[-0.52, 0.38]",0.7218422754341578,0.9673286249298616,False
Ficolin-2,Trom,time1,20,17,-0.3940536215354635,"[-0.72, 0.07]",0.09504376309542378,0.8179364288014818,False
Gamma-glutamyl hydrolase,Trom,time1,20,17,0.19365552300097716,"[-0.29, 0.60]",0.4269733728150874,0.9327612280852763,False
Keratinocyte proline-rich protein,Trom,time1,20,17,-0.15981533958122254,"[-0.57, 0.32]",0.5134034257304834,0.9529295397056773,False
Kyphoscoliosis peptidase,Trom,time1,20,17,0.08677529877582227,"[-0.38, 0.52]",0.7239134285571232,0.9673286249298616,False
Laminin subunit alpha-2,Trom,time1,20,17,0.019029350350204453,"[-0.44, 0.47]",0.9383671279933155,0.9989122224583239,False
Desmoglein-1,Trom,time1,20,17,-0.2183085344649357,"[-0.61, 0.26]",0.36924860433955975,0.9288457607854298,False
Immunoglobulin lambda variable 3-27,Trom,time1,20,17,-0.26638637016106637,"[-0.64, 0.21]",0.2702910298143561,0.9170614304794888,False
Myosin-9,Trom,time1,20,17,-0.27983414282971925,"[-0.65, 0.20]",0.24591608824892564,0.8982115991698657,False
Versican core protein,Trom,time1,20,17,0.036335967955966865,"[-0.42, 0.48]",0.8825951425082998,0.995958470840817,False
Proteasome subunit beta type-3,Trom,time1,20,17,-0.15032288448568207,"[-0.57, 0.33]",0.5390401011036213,0.954665480182609,False
Alpha-N-acetylglucosaminidase,Trom,time1,20,17,0.01972897832996154,"[-0.44, 0.47]",0.9361054797317797,0.9989122224583239,False
Caspase-14,Trom,time1,20,17,-0.36567582850818253,"[-0.70, 0.11]",0.12365169491261596,0.8357856243390673,False
Histidine-rich glycoprotein,Trom,time1,20,17,0.1125854696476365,"[-0.36, 0.54]",0.6463088172090843,0.9623162852441542,False
"ATP synthase subunit alpha, mitochondrial",Trom,time1,20,17,-0.06350933328343275,"[-0.50, 0.40]",0.7961774669537596,0.9836599029006693,False
Immunoglobulin kappa constant,Trom,time1,20,17,-0.005662748252878137,"[-0.46, 0.45]",0.9816441734089004,0.9989122224583239,False
Interleukin-1 receptor accessory protein,Trom,time1,20,17,0.12061700386313343,"[-0.35, 0.54]",0.6228137259186941,0.9621706909906743,False
Immunoglobulin lambda variable 9-49,Trom,time1,20,17,-0.006921136753517981,"[-0.46, 0.45]",0.9775659889307158,0.9989122224583239,False
Plexin domain-containing protein 2,Trom,time1,20,17,-0.4045775123920315,"[-0.73, 0.06]",0.0857706492804686,0.8154186244354011,False
Immunoglobulin heavy variable 4-28,Trom,time1,20,17,0.22272103841077207,"[-0.26, 0.61]",0.35940630208100033,0.9285871908420641,False
Desmoplakin,Trom,time1,20,17,-0.03554947514306721,"[-0.48, 0.43]",0.8851201662104363,0.995958470840817,False
Endoplasmin,Trom,time1,20,17,-0.15046444437847986,"[-0.57, 0.33]",0.5386535531267306,0.954665480182609,False
Heparin cofactor 2,Trom,time1,20,17,-0.3000931113078143,"[-0.66, 0.18]",0.21192556928311945,0.8982115991698657,False
Laminin subunit gamma-1,Trom,time1,20,17,-0.16903599294479474,"[-0.58, 0.31]",0.4890671280702943,0.947189542831568,False
Polymeric immunoglobulin receptor,Trom,time1,20,17,-0.1058566269985266,"[-0.53, 0.37]",0.6662440704752689,0.96483603668397,False
Serum amyloid A-4 protein,Trom,time1,20,17,-0.19536195933499068,"[-0.60, 0.28]",0.422831016769316,0.9324135167651676,False
Catalase,Trom,time1,20,17,-0.08671209424819834,"[-0.52, 0.38]",0.7241070387679203,0.9673286249298616,False
Complement receptor type 1,Trom,time1,20,17,0.2533817078942117,"[-0.23, 0.63]",0.2952430256659382,0.9197855145380048,False
Immunoglobulin kappa variable 1-27,Trom,time1,20,17,-0.09255245827903827,"[-0.52, 0.38]",0.7062857480331461,0.9656789320774398,False
Immunoglobulin kappa variable 2-30,Trom,time1,20,17,-0.11993123956317767,"[-0.54, 0.35]",0.6248066640189773,0.9621706909906743,False
Protein-glutamine gamma-glutamyltransferase E,Trom,time1,20,17,-0.33012296669514946,"[-0.68, 0.15]",0.1674799914787459,0.867816664987516,False
Periostin,Trom,time1,20,17,0.02839049216694217,"[-0.43, 0.48]",0.9081498654583918,0.997559861248858,False
Albumin,Trom,time1,20,17,0.22347053446655377,"[-0.26, 0.62]",0.3577495389975026,0.9285871908420641,False
Complement factor B,Trom,time1,20,17,0.1505687359255169,"[-0.33, 0.57]",0.5383688521102974,0.954665480182609,False
Probable non-functional immunoglobulinn kappa variable 1-37;Probable non-functional immunoglobulinn kappa variable 1D-37,Trom,time1,20,17,-0.053469744390808746,"[-0.50, 0.41]",0.8278957090271848,0.9902234995263719,False
Immunoglobulin lambda variable 8-61,Trom,time1,20,17,-0.13648091571768023,"[-0.56, 0.34]",0.5774338826403294,0.9585981157899655,False
Annexin A1,Trom,time1,20,17,-0.18665842869031637,"[-0.59, 0.29]",0.44418137139720304,0.9361498868301301,False
CD5 antigen-like,Trom,time1,20,17,-0.2315902625600958,"[-0.62, 0.25]",0.34008224981264634,0.926595760949047,False
RB-associated KRAB zinc finger protein,Trom,time1,20,17,-0.18740986283705646,"[-0.59, 0.29]",0.44231632892860206,0.9361498868301301,False
Immunoglobulin lambda variable 7-46,Trom,time1,20,17,-0.30300868158717376,"[-0.67, 0.18]",0.20730202328266636,0.8943978861972101,False
Basement membrane-specific heparan sulfate proteoglycan core protein,Trom,time1,20,17,0.023231189439471556,"[-0.44, 0.47]",0.9247914500466821,0.9988788261324435,False
Vitamin K-dependent protein C,Trom,time1,20,17,0.06330132423503887,"[-0.40, 0.50]",0.7968317152247031,0.9836599029006693,False
Immunoglobulin lambda variable 1-40,Trom,time1,20,17,0.1323836918516316,"[-0.34, 0.55]",0.5890180508525811,0.9610066239456336,False
Pantetheinase,Trom,time1,20,17,0.1010812866340068,"[-0.37, 0.53]",0.6805238450387878,0.9648380336571762,False
Neutrophil defensin 1;Neutrophil defensin 3,Trom,time1,20,17,0.070415284898433,"[-0.40, 0.51]",0.7745326065149867,0.978188779495859,False
Immunoglobulin lambda variable 2-8,Trom,time1,20,17,-0.20147570861654093,"[-0.60, 0.28]",0.40816692490203765,0.9318821411825824,False
Immunoglobulin heavy variable 1-18,Trom,time1,20,17,-0.22164883563659188,"[-0.61, 0.26]",0.36178400668295785,0.9285871908420641,False
Immunoglobulin kappa variable 3D-15,Trom,time1,20,17,-0.10844896167808543,"[-0.54, 0.36]",0.6585375862867395,0.9630236411946936,False
Extracellular matrix protein 1,Trom,time1,20,17,-0.006291074968811487,"[-0.46, 0.45]",0.9796078321315793,0.9989122224583239,False
Tubulin alpha-1B chain,Trom,time1,20,17,-0.1809631544906693,"[-0.59, 0.30]",0.4584486041697604,0.9384843653688746,False
Immunoglobulin lambda variable 5-45,Trom,time1,20,17,-0.15286679785989005,"[-0.57, 0.32]",0.5321129420102868,0.9546563406817988,False
Alpha-2-HS-glycoprotein,Trom,time1,20,17,-0.0466308362593622,"[-0.49, 0.42]",0.8496520731031423,0.991249088174675,False
Cartilage acidic protein 1,Trom,time1,20,17,-0.024405417297004493,"[-0.47, 0.43]",0.9210010492216965,0.9985551599450393,False
Coagulation factor IX,Trom,time1,20,17,-0.09303608670864065,"[-0.53, 0.38]",0.7048163998375198,0.9656789320774398,False
Integrin alpha-2,Trom,time1,20,17,0.2132961825856003,"[-0.27, 0.61]",0.3806113764817327,0.9306754732938034,False
"Mannosyl-oligosaccharide 1,2-alpha-mannosidase IA",Trom,time1,20,17,0.04172136854335905,"[-0.42, 0.49]",0.8653357101153445,0.994185780985073,False
Endophilin-A3,Trom,time1,20,17,0.25918844723261153,"[-0.22, 0.64]",0.2839340512951868,0.917472121603545,False
Collagen alpha-1(I) chain,Trom,time1,20,17,-0.17724614159794996,"[-0.58, 0.30]",0.46788431187175394,0.9399490057022261,False
Carboxypeptidase N subunit 2,Trom,time1,20,17,0.02764425592697184,"[-0.43, 0.48]",0.9105547812130947,0.997559861248858,False
Scavenger receptor cysteine-rich type 1 protein M130,Trom,time1,20,17,-0.28443014598741784,"[-0.65, 0.19]",0.23791788720347737,0.8982115991698657,False
Annexin A5,Trom,time1,20,17,-0.2578058980854244,"[-0.64, 0.22]",0.2866021381512142,0.9177310147446764,False
Platelet factor 4,Trom,time1,20,17,-0.062796319206341,"[-0.50, 0.40]",0.7984206403575809,0.9840896993583559,False
Immunoglobulin heavy variable 3-72,Trom,time1,20,17,-0.3097078643116409,"[-0.67, 0.17]",0.19693177106310125,0.8894289378530675,False
Protein HEG homolog 1,Trom,time1,20,17,0.26514674625945756,"[-0.21, 0.64]",0.2726109859952175,0.9170614304794888,False
Sulfhydryl oxidase 1,Trom,time1,20,17,0.19282821998018765,"[-0.29, 0.59]",0.42898934613076467,0.9341945835044614,False
Corticosteroid-binding globulin,Trom,time1,20,17,-0.1810657506994841,"[-0.59, 0.30]",0.45818954516424315,0.9384843653688746,False
Angiopoietin-related protein 6,Trom,time1,20,17,-0.26194584722296216,"[-0.64, 0.22]",0.2786585150804136,0.9170614304794888,False
72 kDa type IV collagenase,Trom,time1,20,17,0.4302609089448215,"[-0.03, 0.74]",0.06594533345996031,0.7845863525077257,False
Trypsin-3,Trom,time1,20,17,-0.11831708784233849,"[-0.54, 0.35]",0.6295074724212134,0.9621706909906743,False
Complement component C9,Trom,time1,20,17,0.23481266035854595,"[-0.25, 0.62]",0.333214337988194,0.9236478900056884,False
Pyruvate kinase PKM,Trom,time1,20,17,-0.15679722685821965,"[-0.57, 0.32]",0.5214915255876931,0.9529295397056773,False
Immunoglobulin heavy variable 4-34,Trom,time1,20,17,-0.35794603476389386,"[-0.70, 0.11]",0.13240079968290366,0.847666490299985,False
Immunoglobulin kappa variable 6D-21,Trom,time1,20,17,-0.054367838341120966,"[-0.50, 0.41]",0.8250471855691486,0.9899978167538572,False
Immunoglobulin lambda-1 light chain,Trom,time1,20,17,0.012177112486115802,"[-0.44, 0.46]",0.9605392944542304,0.9989122224583239,False
Transforming growth factor-beta-induced protein ig-h3,Trom,time1,20,17,0.06972607615311355,"[-0.40, 0.51]",0.7766858850223488,0.9788887796632036,False
Complement C1q subcomponent subunit A,Trom,time1,20,17,-0.2054673721309916,"[-0.60, 0.27]",0.3987434328513979,0.931256717265325,False
Prolow-density lipoprotein receptor-related protein 1,Trom,time1,20,17,-0.4262454057674926,"[-0.74, 0.03]",0.06879372067333003,0.790026811486121,False
Immunoglobulin heavy constant mu,Trom,time1,20,17,-0.12568107654441024,"[-0.55, 0.35]",0.6081751249073823,0.9621706909906743,False
UV-stimulated scaffold protein A,Trom,time1,20,17,0.19358654171960765,"[-0.29, 0.60]",0.4271412745455888,0.9327612280852763,False
Complement component C6,Trom,time1,20,17,0.1360182594509252,"[-0.34, 0.56]",0.5787370642983549,0.9585981157899655,False
Angiotensinogen,Trom,time1,20,17,-0.2342605038169019,"[-0.62, 0.25]",0.33438533755927224,0.9236478900056884,False
Pregnancy zone protein,Trom,time1,20,17,-0.2187411995736385,"[-0.61, 0.26]",0.36827685320030057,0.9285871908420641,False
Histone H2A type 1-B/E;Histone H2A type 3;Histone H2A type 1-C,Trom,time1,20,17,-0.004084795553587113,"[-0.46, 0.45]",0.9867586057791029,0.9989122224583239,False
Desmocollin-1,Trom,time1,20,17,-0.3216453436350224,"[-0.68, 0.16]",0.17932044573831862,0.8733740923033797,False
Protein Z-dependent protease inhibitor,Trom,time1,20,17,-0.15050722214871193,"[-0.57, 0.33]",0.5385367676314472,0.954665480182609,False
Immunoglobulin kappa variable 1-17,Trom,time1,20,17,-0.02907862829429715,"[-0.48, 0.43]",0.9059328678122556,0.997559861248858,False
Fibronectin,Trom,time1,20,17,-0.302223464827309,"[-0.67, 0.18]",0.2085406312574403,0.8973243520048582,False
Probable non-functional immunoglobulin heavy variable 3-38,Trom,time1,20,17,-0.12499674627448391,"[-0.55, 0.35]",0.6101451453004298,0.9621706909906743,False
Nucleoside diphosphate kinase 3,Trom,time1,20,17,-0.281380749595467,"[-0.65, 0.20]",0.2432057331237302,0.8982115991698657,False
Plasma protease C1 inhibitor,Trom,time1,20,17,-0.0969118380953101,"[-0.53, 0.37]",0.6930776921963553,0.9648380336571762,False
Immunoglobulin kappa variable 1-16,Trom,time1,20,17,-0.22698633211528005,"[-0.62, 0.25]",0.35003633432228143,0.92660625506674,False
F-actin-capping protein subunit alpha-1,Trom,time1,20,17,-0.22299851883145547,"[-0.61, 0.26]",0.35879242106965736,0.9285871908420641,False
Cathepsin D,Trom,time1,20,17,-0.1303217381153786,"[-0.55, 0.34]",0.5948844376171615,0.961962834437533,False
Anthrax toxin receptor 2,Trom,time1,20,17,-0.00037948400108650786,"[-0.45, 0.45]",0.998769802553453,0.9997463194271461,False
Talin-1,Trom,time1,20,17,-0.14125453863398232,"[-0.56, 0.33]",0.5640618151113682,0.9574313225752206,False
Protein disulfide-isomerase,Trom,time1,20,17,-0.49604642865784243,"[-0.78, -0.05]",0.030769180625321597,0.780717100347183,False
Junction plakoglobin,Trom,time1,20,17,0.061905562240922085,"[-0.40, 0.50]",0.8012251245495038,0.9840896993583559,False
Tenascin,Trom,time1,20,17,0.39874486844937673,"[-0.07, 0.72]",0.09082412470747833,0.8154186244354011,False
Cadherin-related family member 5,Trom,time1,20,17,0.19647574906409798,"[-0.28, 0.60]",0.4201388839395831,0.9324135167651676,False
Kininogen-1,Trom,time1,20,17,-0.0335293543059943,"[-0.48, 0.43]",0.8916105396780134,0.997559861248858,False
Alpha-1-antichymotrypsin,Trom,time1,20,17,-0.03434842530984574,"[-0.48, 0.43]",0.8889781577153403,0.997559861248858,False
Integrin alpha-IIb,Trom,time1,20,17,0.006465799620743734,"[-0.45, 0.46]",0.9790415887199682,0.9989122224583239,False
Serum amyloid P-component,Trom,time1,20,17,0.13764169237643,"[-0.34, 0.56]",0.5741698193247671,0.9585981157899655,False
Inter-alpha-trypsin inhibitor heavy chain H1,Trom,time1,20,17,-0.4544049329230889,"[-0.75, -0.00]",0.05064080076549029,0.780717100347183,False
Probable non-functional immunoglobulin heavy variable 3-35,Trom,time1,20,17,0.0950113629905061,"[-0.38, 0.53]",0.6988255953121586,0.9648380336571762,False
Immunoglobulin kappa variable 1-5,Trom,time1,20,17,0.11927603016473833,"[-0.35, 0.54]",0.6267131366876657,0.9621706909906743,False
Band 3 anion transport protein,Trom,time1,20,17,-0.2782608128196684,"[-0.65, 0.20]",0.24869293164693207,0.9008095070708867,False
Immunoglobulin lambda variable 7-43,Trom,time1,20,17,-0.39078474947671576,"[-0.72, 0.08]",0.09806712050827716,0.8182479982398189,False
Peroxiredoxin-1,Trom,time1,20,17,-0.24145172417276795,"[-0.63, 0.24]",0.3193232785538803,0.9236478900056884,False
Matrix metalloproteinase-9,Trom,time1,20,17,-0.34817869332912293,"[-0.69, 0.13]",0.14406714401661158,0.8558309360858758,False
Multimerin-2,Trom,time1,20,17,-0.07924503373958622,"[-0.51, 0.39]",0.74709034073814,0.9738797723547303,False
Immunoglobulin heavy variable 1-3,Trom,time1,20,17,0.26045809086533284,"[-0.22, 0.64]",0.28149735602880743,0.9170614304794888,False
Podocalyxin,Trom,time1,20,17,-0.11208769167011548,"[-0.54, 0.36]",0.6477758884354623,0.9623162852441542,False
Immunoglobulin lambda variable 1-51,Trom,time1,20,17,-0.018251990947087637,"[-0.47, 0.44]",0.9408805835227276,0.9989122224583239,False
Cadherin-13,Trom,time1,20,17,-0.02164267993278454,"[-0.47, 0.44]",0.9299216052047413,0.9989122224583239,False
Plastin-2,Trom,time1,20,17,0.11142872329024979,"[-0.36, 0.54]",0.6497199391452393,0.9627206746105794,False
Inter-alpha-trypsin inhibitor heavy chain H4,Trom,time1,20,17,-0.5004119547128946,"[-0.78, -0.06]",0.029103974138756778,0.780717100347183,False
Fructose-bisphosphate aldolase B,Trom,time1,20,17,-0.09115201694318793,"[-0.52, 0.38]",0.710546132992709,0.9656789320774398,False
Mannan-binding lectin serine protease 2,Trom,time1,20,17,-0.2656907561955766,"[-0.64, 0.21]",0.2715913524478997,0.9170614304794888,False
Platelet glycoprotein 4,Trom,time1,20,17,0.26509778445049403,"[-0.22, 0.64]",0.2727028712607862,0.9170614304794888,False
Hemoglobin subunit alpha,Trom,time1,20,17,-0.04739548841263866,"[-0.49, 0.42]",0.8472140484327338,0.991249088174675,False
Immunoglobulin lambda variable 3-10,Trom,time1,20,17,-0.05103956651396613,"[-0.49, 0.41]",0.8356138354280597,0.9906439255230137,False
Serum paraoxonase/lactonase 3,Trom,time1,20,17,-0.24391708957593577,"[-0.63, 0.24]",0.3142540066505385,0.9236478900056884,False
Dopamine beta-hydroxylase,Trom,time1,20,17,-0.36020553995084653,"[-0.70, 0.11]",0.12979959831346724,0.847666490299985,False
Triosephosphate isomerase,Trom,time1,20,17,0.011760653213980687,"[-0.44, 0.46]",0.9618879074902155,0.9989122224583239,False
Endoplasmic reticulum chaperone BiP,Trom,time1,20,17,-0.44764039501167163,"[-0.75, 0.01]",0.054624351887573426,0.780717100347183,False
Suprabasin,Trom,time1,20,17,-0.20547858546149583,"[-0.60, 0.27]",0.39871712942850734,0.931256717265325,False
Immunoglobulin kappa variable 3-20,Trom,time1,20,17,-0.30915857393036156,"[-0.67, 0.17]",0.19776882090048511,0.8900394843748304,False
Ficolin-1,Trom,time1,20,17,0.359378686336306,"[-0.11, 0.70]",0.13074727864943697,0.847666490299985,False
Autotaxin,Trom,time1,20,17,0.039544168650459954,"[-0.42, 0.49]",0.8723067309852869,0.9952750807277061,False
Histidine ammonia-lyase,Trom,time1,20,17,-0.11296144300538426,"[-0.54, 0.36]",0.6452015608701354,0.9623162852441542,False
Noelin,Trom,time1,20,17,0.18887252525712855,"[-0.29, 0.59]",0.43869773800484535,0.9361498868301301,False
Prenylcysteine oxidase 1,Trom,time1,20,17,-0.0036687882211186244,"[-0.46, 0.45]",0.9881070515656049,0.9989122224583239,False
Immunoglobulin delta heavy chain,Trom,time1,20,17,-0.10192241177568478,"[-0.53, 0.37]",0.6780008866374714,0.9648380336571762,False
Antithrombin-III,Trom,time1,20,17,-0.3817046802412668,"[-0.71, 0.09]",0.10683042555270861,0.828669719073285,False
Complement component C7,Trom,time1,20,17,0.24223910224574519,"[-0.24, 0.63]",0.3176990222116791,0.9236478900056884,False
BOS complex subunit NOMO3;BOS complex subunit NOMO1;BOS complex subunit NOMO2,Trom,time1,20,17,0.021056937730352648,"[-0.44, 0.47]",0.9318139614990608,0.9989122224583239,False
Cofilin-1,Trom,time1,20,17,-0.09778751782555638,"[-0.53, 0.37]",0.6904346080824221,0.9648380336571762,False
Histone H4,Trom,time1,20,17,-0.3839806615434188,"[-0.71, 0.09]",0.10458283498536618,0.828669719073285,False
Serum amyloid A-1 protein,Trom,time1,20,17,0.2350685431423391,"[-0.25, 0.62]",0.3326724846561183,0.9236478900056884,False
Transferrin receptor protein 1,Trom,time1,20,17,-0.17702877995781868,"[-0.58, 0.30]",0.4684390946148902,0.9399490057022261,False
Serpin B12,Trom,time1,20,17,0.013518469944973783,"[-0.44, 0.46]",0.9561963142487349,0.9989122224583239,False
Immunoglobulin kappa variable 3D-20,Trom,time1,20,17,0.12466049435681888,"[-0.35, 0.55]",0.61111407493181,0.9621706909906743,False
Probable non-functional immunoglobulin heavy variable 3-16,Trom,time1,20,17,-0.365257610827835,"[-0.70, 0.11]",0.12411428932864084,0.8357856243390673,False
Immunoglobulin lambda variable 6-57,Trom,time1,20,17,-0.3724392848178495,"[-0.71, 0.10]",0.11633944273386163,0.8291287868992757,False
Fibrinogen alpha chain,Trom,time1,20,17,-0.10641878198675436,"[-0.53, 0.37]",0.6645701450287991,0.9642690192775135,False
Galectin-3-binding protein,Trom,time1,20,17,0.08275458579356412,"[-0.39, 0.52]",0.7362613181479962,0.9726254030743583,False
Macrophage colony-stimulating factor 1 receptor,Trom,time1,20,17,-0.1552313678100822,"[-0.57, 0.32]",0.5257111220980961,0.9529295397056773,False
Phosphatidylinositol-glycan-specific phospholipase D,Trom,time1,20,17,0.09647617603194616,"[-0.37, 0.53]",0.6943939286621873,0.9648380336571762,False
Serotransferrin,Trom,time1,20,17,0.11358315077713135,"[-0.36, 0.54]",0.6433721750573531,0.9621706909906743,False
Integrin alpha-11,Trom,time1,20,17,0.05387855774681322,"[-0.41, 0.50]",0.8265988007670007,0.9902234995263719,False
Proprotein convertase subtilisin/kexin type 9,Trom,time1,20,17,-0.1254681936403075,"[-0.55, 0.35]",0.6087876869996753,0.9621706909906743,False
Gelsolin,Trom,time1,20,17,-0.008764138355803811,"[-0.46, 0.45]",0.9715941793525256,0.9989122224583239,False
Proteoglycan 4,Trom,time1,20,17,0.16622184391014688,"[-0.31, 0.58]",0.49643413222153454,0.949643311856458,False
Vascular cell adhesion protein 1,Trom,time1,20,17,-0.3020256910307854,"[-0.67, 0.18]",0.2088533677492647,0.8980339270305654,False
Adhesion G protein-coupled receptor F5,Trom,time1,20,17,-0.2575291473110817,"[-0.64, 0.22]",0.2871380614729294,0.9177310147446764,False
Insulin-like growth factor-binding protein 3,Trom,time1,20,17,-0.2131812276834933,"[-0.61, 0.27]",0.38087423879523097,0.9308813380470944,False
Transthyretin,Trom,time1,20,17,-0.21213290406988802,"[-0.61, 0.27]",0.383276063319525,0.931256717265325,False
Coiled-coil domain-containing protein 126,Trom,time1,20,17,0.02287485510008679,"[-0.44, 0.47]",0.9259420058095362,0.9988788261324435,False
Guanine nucleotide-binding protein G(i) subunit alpha-2,Trom,time1,20,17,-0.38173409374741857,"[-0.71, 0.09]",0.10680115914596498,0.828669719073285,False
Apolipoprotein C-I,Trom,time1,20,17,-0.2630644199989002,"[-0.64, 0.22]",0.2765358235091778,0.9170614304794888,False
Syntenin-1,Trom,time1,20,17,0.22368743684434228,"[-0.26, 0.62]",0.3572708918253855,0.9285871908420641,False
Phospholipid transfer protein,Trom,time1,20,17,-0.006590694775076745,"[-0.46, 0.45]",0.978636837400932,0.9989122224583239,False
Laminin subunit beta-1,Trom,time1,20,17,-0.009099722357193321,"[-0.46, 0.45]",0.9705069457765544,0.9989122224583239,False
Proline-rich protein 4,Trom,time1,20,17,0.23154140166794485,"[-0.25, 0.62]",0.34018701696506837,0.926595760949047,False
Immunoglobulin kappa variable 2-28;Immunoglobulin kappa variable 2D-28,Trom,time1,20,17,-0.13872784272853586,"[-0.56, 0.34]",0.5711228139328617,0.9575202748664524,False
Complement C3,Trom,time1,20,17,-0.3106692396328016,"[-0.67, 0.17]",0.19547243247104423,0.8870022643261535,False
Thyroxine-binding globulin,Trom,time1,20,17,-0.4046801055831182,"[-0.73, 0.06]",0.08568364903908361,0.8154186244354011,False
Immunoglobulin kappa variable 1D-13;Immunoglobulin kappa variable 1-13,Trom,time1,20,17,0.15472075020438733,"[-0.32, 0.57]",0.5270905284077199,0.9529295397056773,False
Complement factor H-related protein 5,Trom,time1,20,17,0.11891771331043703,"[-0.35, 0.54]",0.627756696797108,0.9621706909906743,False
Immunoglobulin lambda variable 2-23,Trom,time1,20,17,-0.07949380096944521,"[-0.52, 0.39]",0.7463212263084583,0.9738797723547303,False
Coagulation factor VII,Trom,time1,20,17,0.05024529624163991,"[-0.41, 0.49]",0.838139555987379,0.9906439255230137,False
Immunoglobulin heavy constant gamma 4,Trom,time1,20,17,0.011532230913089582,"[-0.45, 0.46]",0.9626276458805154,0.9989122224583239,False
L-lactate dehydrogenase B chain,Trom,time1,20,17,0.015822754594685146,"[-0.44, 0.47]",0.9487384395630569,0.9989122224583239,False
Zinc-alpha-2-glycoprotein,Trom,time1,20,17,-0.24872351416054536,"[-0.63, 0.23]",0.3045102547664493,0.9236478900056884,False
"Dihydrolipoyllysine-residue succinyltransferase component of 2-oxoglutarate dehydrogenase complex, mitochondrial",Trom,time1,20,17,0.11105696345071252,"[-0.36, 0.54]",0.6508176415262259,0.9627206746105794,False
Serpin B3,Trom,time1,20,17,-0.08570143110230544,"[-0.52, 0.38]",0.7272051071470882,0.968314079128387,False
Immunoglobulin heavy variable 3-33,Trom,time1,20,17,-0.10548311442077737,"[-0.53, 0.37]",0.6673571129433197,0.9648380336571762,False
Follistatin-related protein 1,Trom,time1,20,17,-0.14848069227384797,"[-0.56, 0.33]",0.544081932165871,0.9550458416046101,False
Cholesteryl ester transfer protein,Trom,time1,20,17,0.1997096892539214,"[-0.28, 0.60]",0.41237424087505503,0.9324135167651676,False
Complement C1q subcomponent subunit C,Trom,time1,20,17,0.16523495617830877,"[-0.31, 0.58]",0.499030315574542,0.9501333903816576,False
Immunoglobulin heavy variable 4-30-2,Trom,time1,20,17,-0.18314911540085155,"[-0.59, 0.30]",0.4529451524634466,0.9362868049217405,False
Thrombospondin-4,Trom,time1,20,17,-0.02710632385243303,"[-0.48, 0.43]",0.912288852633488,0.998432168638698,False
Transketolase,Trom,time1,20,17,0.16492484819619382,"[-0.31, 0.58]",0.4998474605781752,0.9503028795972422,False
Complement receptor type 2,Trom,time1,20,17,0.18723255927713503,"[-0.29, 0.59]",0.4427560250057264,0.9361498868301301,False
Immunoglobulin kappa variable 2-40;Immunoglobulin kappa variable 2D-40,Trom,time1,20,17,-0.0850318001867235,"[-0.52, 0.38]",0.7292600190342398,0.9698628980155062,False
Immunoglobulin kappa variable 3D-7,Trom,time1,20,17,0.47696150804275117,"[0.03, 0.77]",0.03893759802675091,0.780717100347183,False
Immunoglobulin heavy variable 3-64,Trom,time1,20,17,-0.2448991765450992,"[-0.63, 0.24]",0.31224811591367263,0.9236478900056884,False
Vitronectin,Trom,time1,20,17,0.1716334299183339,"[-0.31, 0.58]",0.4823152759546797,0.9447457823105017,False
Complement component C8 gamma chain,Trom,time1,20,17,0.09385085621163877,"[-0.38, 0.53]",0.7023432507154528,0.9652202959832364,False
Immunoglobulin heavy variable 5-51,Trom,time1,20,17,-0.22874190123703309,"[-0.62, 0.25]",0.34622102712330083,0.926595760949047,False
Coagulation factor V,Trom,time1,20,17,0.08962368057462355,"[-0.38, 0.52]",0.7152049892046176,0.9656789320774398,False
Protein S100-A7,Trom,time1,20,17,-0.062265511229771225,"[-0.50, 0.40]",0.8000915687862956,0.9840896993583559,False
Arginase-1,Trom,time1,20,17,0.006524329237232905,"[-0.45, 0.46]",0.9788519094920695,0.9989122224583239,False
Protein-glutamine gamma-glutamyltransferase K,Trom,time1,20,17,-0.10356496820683316,"[-0.53, 0.37]",0.6730834990836194,0.9648380336571762,False
Immunoglobulin kappa variable 4-1,Trom,time1,20,17,-0.13172007741588182,"[-0.55, 0.34]",0.5909034267983255,0.9610066239456336,False
Coagulation factor XIII B chain,Trom,time1,20,17,0.022415969256191094,"[-0.44, 0.47]",0.927423893660079,0.9989122224583239,False
Apolipoprotein C-II,Trom,time1,20,17,-0.11371145020684739,"[-0.54, 0.36]",0.6429948957101932,0.9621706909906743,False
Bone marrow proteoglycan,Trom,time1,20,17,-0.09512072110491071,"[-0.53, 0.38]",0.6984944172986761,0.9648380336571762,False
Apolipoprotein A-I,Trom,time1,20,17,-0.1413072223763728,"[-0.56, 0.33]",0.5639149949553002,0.9574313225752206,False
Coagulation factor X,Trom,time1,20,17,-0.15273690426512482,"[-0.57, 0.32]",0.5324656511507543,0.954665480182609,False
Thioredoxin,Trom,time1,20,17,-0.24934775973329776,"[-0.63, 0.23]",0.3032582870077179,0.9236478900056884,False
Immunoglobulin heavy variable 3-15,Trom,time1,20,17,-0.1895008872473322,"[-0.59, 0.29]",0.43714794694078374,0.9361498868301301,False
Proteasome subunit beta type-2,Trom,time1,20,17,-0.2339617014340315,"[-0.62, 0.25]",0.33502003362567234,0.9236478900056884,False
Apolipoprotein A-II,Trom,time1,20,17,-0.13404828972005187,"[-0.55, 0.34]",0.5842999508507019,0.9599322538236903,False
Immunoglobulin heavy constant gamma 2,Trom,time1,20,17,0.02964846249295335,"[-0.43, 0.48]",0.9040975119018777,0.997559861248858,False
Plakophilin-1,Trom,time1,20,17,0.017787577392598803,"[-0.44, 0.47]",0.9423824402580423,0.9989122224583239,False
Fetuin-B,Trom,time1,20,17,-0.2535903758787715,"[-0.63, 0.23]",0.2948319534850382,0.9197855145380048,False
Complement factor H-related protein 3,Trom,time1,20,17,0.05293700854029962,"[-0.41, 0.50]",0.8295863851923353,0.9906439255230137,False
Plasminogen,Trom,time1,20,17,0.2607389929707157,"[-0.22, 0.64]",0.2809599967243805,0.9170614304794888,False
Fermitin family homolog 3,Trom,time1,20,17,-0.17244750125872935,"[-0.58, 0.31]",0.4802086775793101,0.944705005789972,False
Immunoglobulin heavy variable 3-21,Trom,time1,20,17,-0.2166694678432269,"[-0.61, 0.26]",0.3729430056523704,0.9300516392509022,False
Immunoglobulin heavy variable 2-26,Trom,time1,20,17,-0.2904429357987298,"[-0.66, 0.19]",0.2277089696065082,0.8982115991698657,False
Immunoglobulin kappa variable 1-12;Immunoglobulin kappa variable 1D-12,Trom,time1,20,17,-0.01664991958189575,"[-0.47, 0.44]",0.9460622634468185,0.9989122224583239,False
Immunoglobulin heavy constant gamma 3,Trom,time1,20,17,0.0904480932287266,"[-0.38, 0.52]",0.7126907074134894,0.9656789320774398,False
Immunoglobulin kappa variable 2D-29,Trom,time1,20,17,-0.2595471698671046,"[-0.64, 0.22]",0.28324428164968457,0.917472121603545,False
Neogenin,Trom,time1,20,17,0.1675421864795599,"[-0.31, 0.58]",0.49297100259673476,0.9488299676442298,False
Immunoglobulin heavy variable 6-1,Trom,time1,20,17,-0.1443904301509891,"[-0.56, 0.33]",0.5553519355054372,0.9571984418476326,False
L-selectin,Trom,time1,20,17,-0.19839858780763062,"[-0.60, 0.28]",0.4155128138692641,0.9324135167651676,False
Immunoglobulin lambda constant 3,Trom,time1,20,17,0.21370344853299592,"[-0.27, 0.61]",0.3796809144333497,0.9306754732938034,False
A disintegrin and metalloproteinase with thrombospondin motifs 13,Trom,time1,20,17,-0.002070105989655922,"[-0.46, 0.45]",0.9932892750964564,0.998994958440865,False
von Willebrand factor,Trom,time1,20,17,-0.026221342535641158,"[-0.47, 0.43]",0.9151424903045209,0.9985551599450393,False
Neutral alpha-glucosidase AB,Trom,time1,20,17,-0.21567720522939,"[-0.61, 0.26]",0.3751895984492877,0.9300516392509022,False
Carbonic anhydrase 1,Trom,time1,20,17,-0.22873823699884113,"[-0.62, 0.25]",0.34622896530669856,0.926595760949047,False
Immunoglobulin lambda variable 4-60,Trom,time1,20,17,-0.3340907908140818,"[-0.68, 0.14]",0.1621259446098791,0.867816664987516,False
Integrin beta-1,Trom,time1,20,17,-0.2062495545903538,"[-0.60, 0.27]",0.3969109228082838,0.931256717265325,False
Immunoglobulin lambda variable 3-12,Trom,time1,20,17,-0.07432874076959363,"[-0.51, 0.39]",0.7623361713540088,0.9745063647413549,False
Alpha-amylase 1B;Alpha-amylase 1C;Alpha-amylase 1A,Trom,time1,20,17,0.09738193342513664,"[-0.37, 0.53]",0.6916583684996629,0.9648380336571762,False
Lumican,Trom,time1,20,17,-0.14988787958169802,"[-0.57, 0.33]",0.540228729178766,0.9550458416046101,False
Beta-Ala-His dipeptidase,Trom,time1,20,17,-0.3053945255750853,"[-0.67, 0.17]",0.20356835910593385,0.8937375538491094,False
Immunoglobulin alpha-2 heavy chain,Trom,time1,20,17,-0.3338834300283833,"[-0.68, 0.14]",0.16240280775711816,0.867816664987516,False
Complement C5,Trom,time1,20,17,0.1869229038067051,"[-0.29, 0.59]",0.44352448557445934,0.9361498868301301,False
Protein S100-A8,Trom,time1,20,17,-0.19680407629903138,"[-0.60, 0.28]",0.41934703668184703,0.9324135167651676,False
Immunoglobulin lambda variable 3-25,Trom,time1,20,17,0.05639734843798589,"[-0.41, 0.50]",0.8186178561262163,0.987962927756981,False
Leukocyte immunoglobulin-like receptor subfamily B member 3;Leukocyte immunoglobulin-like receptor subfamily A member 6,Trom,time1,20,17,-0.5289342262238884,"[-0.79, -0.10]",0.019884203162954753,0.780717100347183,False
Collagen alpha-3(VI) chain,Trom,time1,20,17,-0.3645096971700228,"[-0.70, 0.11]",0.12494461806329654,0.8374502565437322,False
Immunoglobulin kappa variable 1-39;Immunoglobulin kappa variable 1D-39,Trom,time1,20,17,0.007652862016805243,"[-0.45, 0.46]",0.9751948530224139,0.9989122224583239,False
Bleomycin hydrolase,Trom,time1,20,17,-0.1943602689047377,"[-0.60, 0.29]",0.4252600117516303,0.9324335195406078,False
CD166 antigen,Trom,time1,20,17,-0.48672775273465685,"[-0.77, -0.04]",0.03457165595509155,0.780717100347183,False
Beta-2-microglobulin,Trom,time1,20,17,0.13159381302196813,"[-0.34, 0.55]",0.5912624383005338,0.9610066239456336,False
Amino acid transporter heavy chain SLC3A2,Trom,time1,20,17,0.11193506433672085,"[-0.36, 0.54]",0.648225967236752,0.9623162852441542,False
Haptoglobin-related protein,Trom,time1,20,17,-0.14974671616860274,"[-0.57, 0.33]",0.540614706618795,0.9550458416046101,False
Alpha-1-acid glycoprotein 1,Trom,time1,20,17,-0.2942687883240217,"[-0.66, 0.18]",0.2213631401773957,0.8982115991698657,False
Serum paraoxonase/arylesterase 1,Trom,time1,20,17,-0.006286988561176907,"[-0.46, 0.45]",0.9796210753750144,0.9989122224583239,False
Target of Nesh-SH3,Trom,time1,20,17,-0.018170930353645965,"[-0.47, 0.44]",0.9411427099617026,0.9989122224583239,False
Intercellular adhesion molecule 1,Trom,time1,20,17,0.21491445969232995,"[-0.27, 0.61]",0.37692169014297305,0.9300516392509022,False
Complement C4-A,Trom,time1,20,17,0.211533330843507,"[-0.27, 0.61]",0.38465353029157623,0.931256717265325,False
Coagulation factor XIII A chain,Trom,time1,20,17,-0.10627121940760938,"[-0.53, 0.37]",0.6650093944938297,0.9642690192775135,False
Immunoglobulin mu heavy chain,Trom,time1,20,17,-0.17518986343982895,"[-0.58, 0.30]",0.4731458602870613,0.9413399766352809,False
Oncoprotein-induced transcript 3 protein,Trom,time1,20,17,0.06045497419308677,"[-0.40, 0.50]",0.8057971681985845,0.9840896993583559,False
Peroxiredoxin-2,Trom,time1,20,17,-0.2932110243882207,"[-0.66, 0.19]",0.22310598072076104,0.8982115991698657,False
Tissue factor pathway inhibitor,Trom,time1,20,17,0.11608046992471382,"[-0.36, 0.54]",0.6360436299494803,0.9621706909906743,False
Progranulin,Trom,time1,20,17,-0.10059181697883407,"[-0.53, 0.37]",0.6819935100779138,0.9648380336571762,False
Histone H2B type 1-K;Histone H2B type F-S,Trom,time1,20,17,-0.04193798062474763,"[-0.49, 0.42]",0.8646426674537065,0.9941217641720209,False
Hemoglobin subunit delta,Trom,time1,20,17,-0.20557070527252377,"[-0.60, 0.27]",0.3985010773414558,0.931256717265325,False
Glutathione S-transferase P,Trom,time1,20,17,0.17038937541125965,"[-0.31, 0.58]",0.4855433483003898,0.9447457823105017,False
Annexin A6,Trom,time1,20,17,0.12536150267405854,"[-0.35, 0.55]",0.6090947798512218,0.9621706909906743,False
Complement factor H-related protein 1,Trom,time1,20,17,0.06546168218750552,"[-0.40, 0.50]",0.7900431670690149,0.9812443166838123,False
Protein KPLCE,Trom,time1,20,17,-0.27299955454518365,"[-0.65, 0.21]",0.2581228988129771,0.905784054510989,False
Immunoglobulin heavy variable 4-4,Trom,time1,20,17,-0.1592123054422959,"[-0.57, 0.32]",0.5150147098679008,0.9529295397056773,False
Alpha-1B-glycoprotein,Trom,time1,20,17,0.19997000590537967,"[-0.28, 0.60]",0.4117526065963969,0.9324135167651676,False
Properdin,Trom,time1,20,17,0.05425488933598821,"[-0.41, 0.50]",0.8254053165134889,0.9902234995263719,False
Immunoglobulin heavy variable 3-53,Trom,time1,20,17,-0.1145607061008702,"[-0.54, 0.36]",0.6404996730456639,0.9621706909906743,False
Calmodulin-like protein 5,Trom,time1,20,17,-0.10364045023053368,"[-0.53, 0.37]",0.6728578286102851,0.9648380336571762,False
Carboxypeptidase B2,Trom,time1,20,17,0.23682774421032898,"[-0.24, 0.62]",0.3289612371844849,0.9236478900056884,False
"Sushi, nidogen and EGF-like domain-containing protein 1",Trom,time1,20,17,0.005980306192339248,"[-0.45, 0.46]",0.980614986945678,0.9989122224583239,False
Proteasome subunit alpha type-5,Trom,time1,20,17,-0.05832043313761797,"[-0.50, 0.41]",0.8125358768828737,0.9858034962512886,False
Bifunctional heparan sulfate N-deacetylase/N-sulfotransferase 4,Trom,time1,20,17,-0.1539161876956729,"[-0.57, 0.32]",0.5292674102330066,0.9529295397056773,False
Immunoglobulin heavy variable 3-9,Trom,time1,20,17,-0.19821988199337523,"[-0.60, 0.28]",0.4159415978863106,0.9324135167651676,False
Neural cell adhesion molecule L1-like protein,Trom,time1,20,17,-0.36308578679731046,"[-0.70, 0.11]",0.12653629008791806,0.8414087989643758,False
Proteasome subunit alpha type-2,Trom,time1,20,17,-0.19857553777744746,"[-0.60, 0.28]",0.4150884766283247,0.9324135167651676,False
Intercellular adhesion molecule 3,Trom,time1,20,17,0.41928223694515326,"[-0.04, 0.73]",0.07394915682006953,0.7963212415647299,False
Receptor-type tyrosine-protein phosphatase eta,Trom,time1,20,17,-0.05867958040656597,"[-0.50, 0.41]",0.8114011588958887,0.9853512016964315,False
ADAMTS-like protein 4,Trom,time1,20,17,-0.13693285097363564,"[-0.56, 0.34]",0.5761621130191645,0.9585981157899655,False
Immunoglobulin lambda variable 3-21,Trom,time1,20,17,0.03894866084241449,"[-0.42, 0.48]",0.8742150368623418,0.9959336928152613,False
Cartilage oligomeric matrix protein,Trom,time1,20,17,-0.018116605132759415,"[-0.47, 0.44]",0.9413183852072141,0.9989122224583239,False
Neural cell adhesion molecule 1,Trom,time1,20,17,-0.08227570326362775,"[-0.52, 0.39]",0.7377361994923202,0.9728363041843875,False
Immunoglobulin lambda variable 2-11,Trom,time1,20,17,0.0496154787387564,"[-0.41, 0.49]",0.8401434079109753,0.9906439255230137,False
Immunoglobulin kappa variable 1D-33;Immunoglobulin kappa variable 1-33,Trom,time1,20,17,-0.09959787525957194,"[-0.53, 0.37]",0.6849812563265708,0.9648380336571762,False
Beta-2-glycoprotein 1,Trom,time1,20,17,0.13478690110426084,"[-0.34, 0.56]",0.5822115796707468,0.9599322538236903,False
Vitamin D-binding protein,Trom,time1,20,17,-0.06360037461771248,"[-0.50, 0.40]",0.7958911567043995,0.9836599029006693,False
Filamin-A,Trom,time1,20,17,-0.15829171746459997,"[-0.57, 0.32]",0.517479078645904,0.9529295397056773,False
Reelin,Trom,time1,20,17,0.3443787907562309,"[-0.13, 0.69]",0.14879336879603525,0.8571210825256641,False
Immunoglobulin lambda variable 5-39,Trom,time1,20,17,-0.1909570914831923,"[-0.59, 0.29]",0.43356740217043077,0.9350755875607188,False
Fatty acid-binding protein 5,Trom,time1,20,17,-0.20755294987920772,"[-0.60, 0.27]",0.39386758635951624,0.931256717265325,False
"HLA class I histocompatibility antigen, A alpha chain",Trom,time1,20,17,-0.16593587611676813,"[-0.58, 0.31]",0.4971857471670096,0.9498010840915299,False
Low affinity immunoglobulin gamma Fc region receptor III-A,Trom,time1,20,17,0.16548663039267933,"[-0.31, 0.58]",0.4983676199541782,0.9501333903816576,False
Heat shock 70 kDa protein 1A;Heat shock 70 kDa protein 1B,Trom,time1,20,17,-0.16216174586118923,"[-0.57, 0.32]",0.5071567004671534,0.9521029330766132,False
Apolipoprotein D,Trom,time1,20,17,-0.04946709181098679,"[-0.49, 0.41]",0.8406156590604749,0.9908464638741883,False
Plexin-B1,Trom,time1,20,17,-0.04054636540101188,"[-0.49, 0.42]",0.8690967186521336,0.9952750807277061,False
Immunoglobulin heavy variable 1-58,Trom,time1,20,17,0.20859760831485252,"[-0.27, 0.61]",0.3914376778211234,0.931256717265325,False
Apolipoprotein C-IV,Trom,time1,20,17,-0.060043194968887215,"[-0.50, 0.41]",0.8070961434318165,0.9842422002661811,False
Monocyte differentiation antigen CD14,Trom,time1,20,17,-0.005932402293996125,"[-0.46, 0.45]",0.9807702388018709,0.9989122224583239,False
Protein MENT,Trom,time1,20,17,-0.3273383087288622,"[-0.68, 0.15]",0.1713087505097352,0.867816664987516,False
Immunoglobulin epsilon heavy chain,Trom,time1,20,17,0.1499988116936138,"[-0.33, 0.57]",0.5399254998849198,0.9550458416046101,False
Complement factor H,Trom,time1,20,17,0.2999136285621914,"[-0.18, 0.66]",0.21221238795402325,0.8982115991698657,False
Stabilin-1,Trom,time1,20,17,0.12072295841605507,"[-0.35, 0.55]",0.6225060288101936,0.9621706909906743,False
Macrophage receptor MARCO,Trom,time1,20,17,-0.12512640648586695,"[-0.55, 0.35]",0.6097716874495211,0.9621706909906743,False
Protein POF1B,Trom,time1,20,17,-0.23775367606801603,"[-0.62, 0.24]",0.32701770655003615,0.9236478900056884,False
Phosphatidylcholine-sterol acyltransferase,Trom,time1,20,17,0.0638786073756206,"[-0.40, 0.50]",0.7950163146382945,0.9834850822108594,False
Clusterin,Trom,time1,20,17,-0.40185456071638764,"[-0.72, 0.06]",0.088103504202903,0.8154186244354011,False
Platelet-activating factor acetylhydrolase,Trom,time1,20,17,-0.09868913552180171,"[-0.53, 0.37]",0.6877168142736758,0.9648380336571762,False
Vasorin,Trom,time1,20,17,-0.09637493440731243,"[-0.53, 0.37]",0.6946999232725888,0.9648380336571762,False
Myeloperoxidase,Trom,time1,20,17,-0.06253496437747141,"[-0.50, 0.40]",0.7992432538622921,0.9840896993583559,False
Immunoglobulin lambda variable 5-52,Trom,time1,20,17,-0.1822865526078458,"[-0.59, 0.30]",0.45511271117805796,0.9362868049217405,False
Carboxypeptidase N catalytic chain,Trom,time1,20,17,0.11114232444899666,"[-0.36, 0.54]",0.6505655335101357,0.9627206746105794,False
Fibrinogen gamma chain,Trom,time1,20,17,0.08734966089788977,"[-0.38, 0.52]",0.7221547602583922,0.9673286249298616,False
Soluble scavenger receptor cysteine-rich domain-containing protein SSC5D,Trom,time1,20,17,0.0901337081979268,"[-0.38, 0.52]",0.7136491813090227,0.9656789320774398,False
Tetranectin,Trom,time1,20,17,-0.19233472700535567,"[-0.59, 0.29]",0.43019427999892046,0.9343133512273196,False
Apolipoprotein(a),Trom,time1,20,17,-0.061096924174879184,"[-0.50, 0.40]",0.8037730814932448,0.9840896993583559,False
Alpha-2-antiplasmin,Trom,time1,20,17,-0.4184238649911022,"[-0.73, 0.04]",0.0746039932140487,0.7987015744092273,False
Retroviral-like aspartic protease 1,Trom,time1,20,17,-0.12872661280184886,"[-0.55, 0.35]",0.5994392196910618,0.9621706909906743,False
Ficolin-3,Trom,time1,20,17,0.17401229058280357,"[-0.30, 0.58]",0.47617225979823996,0.9428366763148328,False
Immunoglobulin kappa variable 2-24,Trom,time1,20,17,-0.23304989637205642,"[-0.62, 0.25]",0.33696118303392686,0.923899269768104,False
Immunoglobulin superfamily containing leucine-rich repeat protein,Trom,time1,20,17,-0.06031092660776734,"[-0.50, 0.40]",0.8062515172961073,0.9840896993583559,False
Complement factor D,Trom,time1,20,17,0.034895605930361145,"[-0.43, 0.48]",0.8872202121278571,0.9965873075010825,False
Vitamin K-dependent protein Z,Trom,time1,20,17,-0.04742502668796031,"[-0.49, 0.42]",0.8471198948031945,0.991249088174675,False
EGF-containing fibulin-like extracellular matrix protein 1,Trom,time1,20,17,-0.11517550686763922,"[-0.54, 0.36]",0.6386956090830929,0.9621706909906743,False
Dipeptidase 2,Trom,time1,20,17,-0.125383242158254,"[-0.55, 0.35]",0.6090322011496314,0.9621706909906743,False
Myeloblastin,Trom,time1,20,17,-0.01195469075607601,"[-0.46, 0.44]",0.9612595464482536,0.9989122224583239,False
Neurogenic locus notch homolog protein 1,Trom,time1,20,17,-0.11280788840856927,"[-0.54, 0.36]",0.645653699025982,0.9623162852441542,False
Vitamin K-dependent protein S,Trom,time1,20,17,-0.008677529877582723,"[-0.46, 0.45]",0.971874783562579,0.9989122224583239,False
Dermcidin,Trom,time1,20,17,-0.033581719387751,"[-0.48, 0.43]",0.8914422127129453,0.997559861248858,False
Immunoglobulin heavy variable 3-73,Trom,time1,20,17,0.14166458109006072,"[-0.33, 0.56]",0.5629195420181934,0.9574313225752206,False
Alpha-2-macroglobulin,Trom,time1,20,17,0.09089027910745266,"[-0.38, 0.52]",0.7113433014528324,0.9656789320774398,False
Cation-independent mannose-6-phosphate receptor,Trom,time1,20,17,0.29643844490892046,"[-0.18, 0.66]",0.2178160713623843,0.8982115991698657,False
Chromodomain-helicase-DNA-binding protein 1;Chromodomain-helicase-DNA-binding protein 2;Chromodomain-helicase-DNA-binding protein 9;Chromodomain-helicase-DNA-binding protein 6;Chromodomain-helicase-DNA-binding protein 8;Chromodomain-helicase-DNA-binding protein 7,Trom,time1,20,17,-0.2312864965078882,"[-0.62, 0.25]",0.34073388731985277,0.926595760949047,False
Ceruloplasmin,Trom,time1,20,17,0.07652862016805151,"[-0.39, 0.51]",0.7555034392231577,0.9745063647413549,False
Prostaglandin-H2 D-isomerase,Trom,time1,20,17,-0.11640161290332553,"[-0.54, 0.36]",0.6351035419002607,0.9621706909906743,False
Protein S100-A9,Trom,time1,20,17,-0.2332953671104001,"[-0.62, 0.25]",0.3364379533816353,0.9236478900056884,False
Immunoglobulin J chain,Trom,time1,20,17,-0.1022103205584792,"[-0.53, 0.37]",0.6771380545101124,0.9648380336571762,False
Probable non-functional immunoglobulin kappa variable 3-7,Neutr,time1,20,17,0.14973432965701267,"[-0.33, 0.57]",0.5406485805357426,0.9550458416046101,False
Apolipoprotein A-IV,Neutr,time1,20,17,-0.16926489439488396,"[-0.58, 0.31]",0.48847026325986564,0.9465780583573915,False
Coagulation factor XII,Neutr,time1,20,17,0.13912710493564756,"[-0.34, 0.56]",0.5700045142750779,0.9575202748664524,False
Mannan-binding lectin serine protease 1,Neutr,time1,20,17,-0.3846118824753609,"[-0.71, 0.08]",0.10396557332672939,0.828669719073285,False
Complement factor I,Neutr,time1,20,17,0.19041170611573185,"[-0.29, 0.59]",0.4349065985384486,0.9359036782783398,False
Platelet glycoprotein Ib alpha chain,Neutr,time1,20,17,0.1918408568815435,"[-0.29, 0.59]",0.4314019194997225,0.9343133512273196,False
Hepatocyte growth factor-like protein,Neutr,time1,20,17,0.12328417000338882,"[-0.35, 0.55]",0.6150864725395874,0.9621706909906743,False
Profilin-1,Neutr,time1,20,17,-0.14421842862314482,"[-0.56, 0.33]",0.5558281145480435,0.9571984418476326,False
Peptidase inhibitor 16,Neutr,time1,20,17,-0.11240209491688515,"[-0.54, 0.36]",0.6468491215584864,0.9623162852441542,False
Cell surface glycoprotein MUC18,Neutr,time1,20,17,0.3097356713625142,"[-0.17, 0.67]",0.19688945934926047,0.8894289378530675,False
Adhesion G-protein coupled receptor G6,Neutr,time1,20,17,-0.18818225245358622,"[-0.59, 0.29]",0.4404035263856064,0.9361498868301301,False
Immunoglobulin heavy variable 1-69,Neutr,time1,20,17,0.19810223711970443,"[-0.28, 0.60]",0.41622400269982296,0.9324135167651676,False
Insulin-like growth factor-binding protein complex acid labile subunit,Neutr,time1,20,17,0.32208513346608664,"[-0.15, 0.68]",0.17869267562359734,0.8733740923033797,False
Plasma serine protease inhibitor,Neutr,time1,20,17,0.4607975945134611,"[0.01, 0.76]",0.047083029388598895,0.780717100347183,False
Immunoglobulin heavy variable 1-69D,Neutr,time1,20,17,-0.23726473477526053,"[-0.62, 0.24]",0.32804314838387705,0.9236478900056884,False
Pancreatic adenocarcinoma up-regulated factor,Neutr,time1,20,17,0.006470658946398132,"[-0.45, 0.46]",0.9790258408712658,0.9989122224583239,False
Immunoglobulin heavy variable 3-64D,Neutr,time1,20,17,0.264836980794595,"[-0.22, 0.64]",0.2731926384896646,0.9170614304794888,False
Neutrophil gelatinase-associated lipocalin,Neutr,time1,20,17,0.2835997791407086,"[-0.20, 0.65]",0.23935042724547412,0.8982115991698657,False
Lysosome-associated membrane glycoprotein 2,Neutr,time1,20,17,0.15201261337826263,"[-0.32, 0.57]",0.534434337646255,0.954665480182609,False
Corneodesmosin,Neutr,time1,20,17,-0.13550193018987772,"[-0.56, 0.34]",0.5801929091546407,0.9591963163346238,False
Collagen alpha-1(XVIII) chain,Neutr,time1,20,17,0.003031702433995792,"[-0.45, 0.46]",0.9901721594908195,0.9989126836088675,False
Lipopolysaccharide-binding protein,Neutr,time1,20,17,0.13946397493227178,"[-0.34, 0.56]",0.5690617085837976,0.9575202748664524,False
Immunoglobulin heavy variable 3-49,Neutr,time1,20,17,0.02932228563049153,"[-0.43, 0.48]",0.9051480253625344,0.997559861248858,False
SPARC-like protein 1,Neutr,time1,20,17,-0.059784497233519036,"[-0.50, 0.41]",0.807912464075732,0.9844261695888036,False
Ras-associated and pleckstrin homology domains-containing protein 1,Neutr,time1,20,17,-0.27621906345470565,"[-0.65, 0.20]",0.2523260856761729,0.9010501812845132,False
Alpha-1-acid glycoprotein 2,Neutr,time1,20,17,0.13890326466831476,"[-0.34, 0.56]",0.5706313550763782,0.9575202748664524,False
Immunoglobulin heavy variable 3-20,Neutr,time1,20,17,0.007073972345989926,"[-0.45, 0.46]",0.9770707138133369,0.9989122224583239,False
Neurogenic locus notch homolog protein 2,Neutr,time1,20,17,-0.09893278554660516,"[-0.53, 0.37]",0.6869829942104801,0.9648380336571762,False
Apolipoprotein B-100,Neutr,time1,20,17,-0.3249243183869264,"[-0.68, 0.15]",0.1746756608247527,0.867816664987516,False
CD44 antigen,Neutr,time1,20,17,0.010104107172348761,"[-0.45, 0.46]",0.9672532192093619,0.9989122224583239,False
Pigment epithelium-derived factor,Neutr,time1,20,17,0.30636897928248696,"[-0.17, 0.67]",0.20205628638375114,0.8937375538491094,False
Xaa-Pro dipeptidase,Neutr,time1,20,17,0.4415310676484812,"[-0.02, 0.75]",0.058421918183926384,0.780717100347183,False
Immunoglobulin heavy constant delta,Neutr,time1,20,17,0.09891632450525953,"[-0.37, 0.53]",0.687032562799514,0.9648380336571762,False
Probable non-functional immunoglobulin heavy variable 3-38-3,Neutr,time1,20,17,-0.3909638084065568,"[-0.72, 0.08]",0.09789972699940515,0.8179364288014818,False
Immunoglobulin lambda constant 7,Neutr,time1,20,17,-0.3833376118408257,"[-0.71, 0.09]",0.10521437633910483,0.828669719073285,False
Receptor-type tyrosine-protein phosphatase gamma,Neutr,time1,20,17,0.23328595110372247,"[-0.25, 0.62]",0.33645801517433227,0.9236478900056884,False
Afamin,Neutr,time1,20,17,0.0008760410542082007,"[-0.45, 0.45]",0.9971600863668407,0.9995407469472238,False
Pyruvate kinase PKLR,Neutr,time1,20,17,-0.35003985567102697,"[-0.69, 0.12]",0.14179083767323633,0.8558309360858758,False
Insulin-like growth factor 2,Neutr,time1,20,17,0.06086810840934588,"[-0.40, 0.50]",0.8044944077336871,0.9840896993583559,False
CD109 antigen,Neutr,time1,20,17,0.2475890321096418,"[-0.23, 0.63]",0.3067935031725415,0.9236478900056884,False
ADP-ribosyl cyclase/cyclic ADP-ribose hydrolase 2,Neutr,time1,20,17,0.24454970043526228,"[-0.24, 0.63]",0.31296103273132164,0.9236478900056884,False
Dedicator of cytokinesis protein 4,Neutr,time1,20,17,0.0035377354493356774,"[-0.45, 0.46]",0.9885318524601028,0.9989122224583239,False
Complement factor H-related protein 2,Neutr,time1,20,17,0.3981094071199517,"[-0.07, 0.72]",0.09138754361926339,0.8154186244354011,False
Selenoprotein P,Neutr,time1,20,17,0.003956652980210385,"[-0.45, 0.46]",0.9871739634986312,0.9989122224583239,False
Adipocyte plasma membrane-associated protein,Neutr,time1,20,17,0.22596469556228246,"[-0.25, 0.62]",0.3522677215946687,0.9273537283887798,False
Immunoglobulin heavy constant alpha 2,Neutr,time1,20,17,0.09127928821060677,"[-0.38, 0.52]",0.7101586099235134,0.9656789320774398,False
Lactotransferrin,Neutr,time1,20,17,0.18959361125331328,"[-0.29, 0.59]",0.4369194953564005,0.9361170479573659,False
Alpha-enolase,Neutr,time1,20,17,-0.046996534829031565,"[-0.49, 0.42]",0.8484859117136737,0.991249088174675,False
Immunoglobulin heavy constant gamma 1,Neutr,time1,20,17,0.3359813941550183,"[-0.14, 0.69]",0.1596165686378684,0.867816664987516,False
Collectin-10,Neutr,time1,20,17,-0.27937453269518564,"[-0.65, 0.20]",0.24672522523814316,0.8982115991698657,False
Lysosome-associated membrane glycoprotein 1,Neutr,time1,20,17,-0.1012856354073958,"[-0.53, 0.37]",0.6799105999965485,0.9648380336571762,False
Cathelicidin antimicrobial peptide,Neutr,time1,20,17,-0.3284875514097421,"[-0.68, 0.15]",0.1697214577683972,0.867816664987516,False
Fibroblast growth factor-binding protein 2,Neutr,time1,20,17,-0.40008356539248285,"[-0.72, 0.07]",0.08964550256342949,0.8154186244354011,False
Lymphatic vessel endothelial hyaluronic acid receptor 1,Neutr,time1,20,17,-0.17986562665127467,"[-0.59, 0.30]",0.4612245629268682,0.9397643007188413,False
Haptoglobin,Neutr,time1,20,17,0.37066697577942503,"[-0.10, 0.71]",0.11822496233721354,0.8291287868992757,False
Tenascin-X,Neutr,time1,20,17,0.03643904544118724,"[-0.42, 0.48]",0.8822642935652363,0.995958470840817,False
Zinc finger protein 512B,Neutr,time1,20,17,0.08508344126994473,"[-0.38, 0.52]",0.7291014837476562,0.9698628980155062,False
Immunoglobulin lambda variable 3-19,Neutr,time1,20,17,0.21471943161747556,"[-0.27, 0.61]",0.3773652904445638,0.9300516392509022,False
Complement C1q subcomponent subunit B,Neutr,time1,20,17,0.022979859505885658,"[-0.44, 0.47]",0.9256029459491578,0.9988788261324435,False
Ubiquitin-ribosomal protein eS31 fusion protein,Neutr,time1,20,17,-0.05465761765861304,"[-0.50, 0.41]",0.8241285247027629,0.9895207784928999,False
Kinesin-like protein KIF21A,Neutr,time1,20,17,-0.35350748775790436,"[-0.70, 0.12]",0.1376168851337006,0.8528097685297457,False
Attractin,Neutr,time1,20,17,-0.38421824156060863,"[-0.71, 0.08]",0.10435019969670785,0.828669719073285,False
Immunoglobulin lambda variable 1-44,Neutr,time1,20,17,-0.1405593943411415,"[-0.56, 0.34]",0.5660006221571027,0.9574313225752206,False
Immunoglobulin heavy variable 1-46,Neutr,time1,20,17,0.042182647880718904,"[-0.42, 0.49]",0.8638599770502995,0.9941217641720209,False
Fibulin-1,Neutr,time1,20,17,0.3739040945145529,"[-0.10, 0.71]",0.11479733651191751,0.8290414311110669,False
Secreted phosphoprotein 24,Neutr,time1,20,17,-0.0712197536437869,"[-0.51, 0.40]",0.7720212167329901,0.976641439674382,False
Scavenger receptor class B member 1,Neutr,time1,20,17,-0.13475712753532476,"[-0.55, 0.34]",0.5822957010170382,0.9599322538236903,False
Immunoglobulin lambda variable 2-18,Neutr,time1,20,17,0.14485168847254548,"[-0.33, 0.56]",0.5540758557408958,0.9571984418476326,False
Collagen alpha-2(VI) chain,Neutr,time1,20,17,0.048406804583658765,"[-0.41, 0.49]",0.8439916007794543,0.9910606354169061,False
Adiponectin,Neutr,time1,20,17,0.23656888856570407,"[-0.24, 0.62]",0.32950578881891024,0.9236478900056884,False
Nidogen-1,Neutr,time1,20,17,0.4544643695607383,"[0.00, 0.75]",0.0506068074771009,0.780717100347183,False
Alpha-1-antitrypsin,Neutr,time1,20,17,-0.042701263795791616,"[-0.49, 0.42]",0.8622013272115971,0.9941217641720209,False
"Sushi, von Willebrand factor type A, EGF and pentraxin domain-containing protein 1",Neutr,time1,20,17,0.1956582262057238,"[-0.28, 0.60]",0.4221140179562771,0.9324135167651676,False
Complement C1s subcomponent,Neutr,time1,20,17,-0.18414604230313725,"[-0.59, 0.29]",0.45044656006726125,0.9361498868301301,False
Alpha-actinin-4,Neutr,time1,20,17,-0.32463587021615015,"[-0.68, 0.15]",0.17508095190042688,0.867816664987516,False
Complement component C1q receptor,Neutr,time1,20,17,-0.2846841902344061,"[-0.65, 0.19]",0.237480713856258,0.8982115991698657,False
Inter-alpha-trypsin inhibitor heavy chain H3,Neutr,time1,20,17,0.12322434029903212,"[-0.35, 0.55]",0.6152593890279316,0.9621706909906743,False
Immunoglobulin kappa variable 1D-8,Neutr,time1,20,17,-0.2274206479496396,"[-0.62, 0.25]",0.34909020575107397,0.926595760949047,False
Low-density lipoprotein receptor,Neutr,time1,20,17,0.11578646278780338,"[-0.36, 0.54]",0.636904750106924,0.9621706909906743,False
Prolactin-inducible protein,Neutr,time1,20,17,0.1212009148809835,"[-0.35, 0.55]",0.6211187655080486,0.9621706909906743,False
Hyaluronan-binding protein 2,Neutr,time1,20,17,0.3599642455251714,"[-0.11, 0.70]",0.13007565079907793,0.847666490299985,False
N-acetylmuramoyl-L-alanine amidase,Neutr,time1,20,17,0.42368080958911136,"[-0.04, 0.74]",0.07066031322425317,0.7956965706557205,False
Serpin A11,Neutr,time1,20,17,-0.3049539942769336,"[-0.67, 0.17]",0.20425438622953573,0.8937375538491094,False
C4b-binding protein alpha chain,Neutr,time1,20,17,0.12919975541589462,"[-0.35, 0.55]",0.5980866934247029,0.9619652257709965,False
Inter-alpha-trypsin inhibitor heavy chain H2,Neutr,time1,20,17,0.20101872555382538,"[-0.28, 0.60]",0.4092533941174453,0.9318821411825824,False
Fibrillin-1,Neutr,time1,20,17,0.23503636244277715,"[-0.25, 0.62]",0.3327406015646426,0.9236478900056884,False
Golgi-associated RAB2 interactor protein 1B,Neutr,time1,20,17,-0.3257778546593702,"[-0.68, 0.15]",0.17348010644240922,0.867816664987516,False
Neurogenic locus notch homolog protein 3,Neutr,time1,20,17,0.4394120185554912,"[-0.02, 0.74]",0.05978454587839649,0.780717100347183,False
Immunoglobulin heavy constant alpha 1,Neutr,time1,20,17,0.3912949826315087,"[-0.08, 0.72]",0.09759067461737818,0.8179364288014818,False
Apolipoprotein C-III,Neutr,time1,20,17,-0.35673586664153745,"[-0.70, 0.12]",0.13380895146850075,0.847666490299985,False
Glutathione peroxidase 3,Neutr,time1,20,17,0.5495219864237603,"[0.13, 0.80]",0.014802497568907263,0.7677137594604839,False
Contactin-1,Neutr,time1,20,17,0.4894443226374853,"[0.05, 0.77]",0.03342746613827624,0.780717100347183,False
Stomatin,Neutr,time1,20,17,-0.40464754170078643,"[-0.73, 0.06]",0.0857112565796601,0.8154186244354011,False
Immunoglobulin heavy variable 3-13,Neutr,time1,20,17,0.13834150022658795,"[-0.34, 0.56]",0.572205828856686,0.95768595905392,False
Immunoglobulin heavy variable 1-69-2,Neutr,time1,20,17,-0.1361278939875404,"[-0.56, 0.34]",0.578428139009181,0.9585981157899655,False
Apolipoprotein E,Neutr,time1,20,17,0.2701770394221933,"[-0.21, 0.65]",0.2632733306522929,0.9122457279244144,False
Mucosal addressin cell adhesion molecule 1,Neutr,time1,20,17,-0.1726639785269977,"[-0.58, 0.31]",0.47964926061470803,0.9441315029090682,False
Protein S100-A11,Neutr,time1,20,17,-0.4239760095179549,"[-0.74, 0.04]",0.07044355827718704,0.7945844580210679,False
Complement factor H-related protein 4,Neutr,time1,20,17,-0.04384012490595475,"[-0.49, 0.42]",0.8585609401290297,0.9929646300905662,False
Immunoglobulin kappa variable 1D-16,Neutr,time1,20,17,-0.02561044657577498,"[-0.47, 0.43]",0.9171129169580052,0.9985551599450393,False
Immunoglobulin lambda variable 1-47,Neutr,time1,20,17,0.2888356675553577,"[-0.19, 0.66]",0.2304096544419696,0.8982115991698657,False
Fructose-bisphosphate aldolase A,Neutr,time1,20,17,0.0252501906002049,"[-0.43, 0.47]",0.9182751294606669,0.9985551599450393,False
Thrombospondin-1,Neutr,time1,20,17,0.038705081247772985,"[-0.42, 0.48]",0.8749957803366089,0.995958470840817,False
Aminopeptidase N,Neutr,time1,20,17,0.11061666688846582,"[-0.36, 0.54]",0.6521186040521555,0.9627206746105794,False
Apolipoprotein M,Neutr,time1,20,17,-0.2884131205176769,"[-0.66, 0.19]",0.23112307637171073,0.8982115991698657,False
Immunoglobulin heavy variable 3-43,Neutr,time1,20,17,-0.052668530411845764,"[-0.50, 0.41]",0.8304386924499432,0.9906439255230137,False
Cysteine-rich secretory protein 3,Neutr,time1,20,17,0.2271660922143758,"[-0.25, 0.62]",0.34964455962635455,0.92660625506674,False
Complement component C8 alpha chain,Neutr,time1,20,17,0.4700065667695481,"[0.02, 0.76]",0.04229728608427151,0.780717100347183,False
Immunoglobulin heavy variable 2-70D,Neutr,time1,20,17,0.28846048982126854,"[-0.19, 0.66]",0.23104302790887515,0.8982115991698657,False
Immunoglobulin heavy variable 3-23,Neutr,time1,20,17,-0.20690581218809503,"[-0.60, 0.27]",0.3953769998381642,0.931256717265325,False
Plasma kallikrein,Neutr,time1,20,17,-0.4899328406713033,"[-0.77, -0.05]",0.03322486439278902,0.780717100347183,False
Galectin-7,Neutr,time1,20,17,-0.2686339157799275,"[-0.64, 0.21]",0.26611620779925865,0.9158755914645343,False
Extracellular superoxide dismutase [Cu-Zn],Neutr,time1,20,17,0.008844338623339318,"[-0.45, 0.46]",0.9713343400565189,0.9989122224583239,False
Immunoglobulin heavy variable 1-8,Neutr,time1,20,17,-0.04042269911994163,"[-0.49, 0.42]",0.8694927138025591,0.9952750807277061,False
Cystatin-C,Neutr,time1,20,17,-0.2681639366375686,"[-0.64, 0.21]",0.2669858419597327,0.9158755914645343,False
Immunoglobulin lambda-like polypeptide 1,Neutr,time1,20,17,0.18132982468819128,"[-0.30, 0.59]",0.45752309241591627,0.9384843653688746,False
Inhibin beta C chain,Neutr,time1,20,17,0.1475937246519445,"[-0.33, 0.56]",0.546517013981664,0.9551466476013153,False
Mannose-binding protein C,Neutr,time1,20,17,-0.1962784432000791,"[-0.60, 0.28]",0.4206151223996797,0.9324135167651676,False
IgGFc-binding protein,Neutr,time1,20,17,0.005085808034650155,"[-0.45, 0.46]",0.9835140724201494,0.9989122224583239,False
Macrophage mannose receptor 1,Neutr,time1,20,17,0.09964166015575934,"[-0.37, 0.53]",0.6848495460972188,0.9648380336571762,False
Aromatase,Neutr,time1,20,17,0.6090126049394489,"[0.21, 0.83]",0.005647456643421383,0.7385516510769441,False
Cadherin-5,Neutr,time1,20,17,0.3412851251624944,"[-0.13, 0.69]",0.15271975312486533,0.8644305987562886,False
Immunoglobulin kappa variable 1-8,Neutr,time1,20,17,-0.2561185221901388,"[-0.64, 0.22]",0.28987925331055064,0.9177310147446764,False
Retinol-binding protein 4,Neutr,time1,20,17,-0.006412560399331297,"[-0.46, 0.45]",0.9792141240921158,0.9989122224583239,False
Complement component C8 beta chain,Neutr,time1,20,17,0.45035885426691874,"[-0.00, 0.75]",0.052995951012593995,0.780717100347183,False
Tumor necrosis factor receptor superfamily member 1B,Neutr,time1,20,17,-0.08447318849227999,"[-0.52, 0.38]",0.730975597310557,0.9705881655944733,False
Formin-2,Neutr,time1,20,17,-0.017377791580632868,"[-0.47, 0.44]",0.943707792309632,0.9989122224583239,False
Scavenger receptor cysteine-rich domain-containing protein DMBT1,Neutr,time1,20,17,0.15335601339497537,"[-0.32, 0.57]",0.5307855067816865,0.9541670055173189,False
Apolipoprotein L1,Neutr,time1,20,17,-0.34624363526972785,"[-0.69, 0.13]",0.14646067661432724,0.8561338509729858,False
Leucine-rich alpha-2-glycoprotein,Neutr,time1,20,17,0.4132614528233546,"[-0.05, 0.73]",0.07863334745213697,0.8085910456185831,False
Immunoglobulin heavy variable 1-2,Neutr,time1,20,17,-0.09469574014038933,"[-0.53, 0.38]",0.6997817134211402,0.9648380336571762,False
Ras-related protein Rab-10,Neutr,time1,20,17,-0.40639126577244084,"[-0.73, 0.06]",0.084242094263708,0.8154186244354011,False
Immunoglobulin heavy variable 1-24,Neutr,time1,20,17,0.2087263915107995,"[-0.27, 0.61]",0.3911386976591833,0.931256717265325,False
Annexin A3,Neutr,time1,20,17,0.21155146213622325,"[-0.27, 0.61]",0.38461183495431017,0.931256717265325,False
Hemoglobin subunit beta,Neutr,time1,20,17,-0.1454870916702342,"[-0.56, 0.33]",0.5523201396373211,0.956967658239982,False
Immunoglobulin lambda variable 4-69,Neutr,time1,20,17,-0.010318528232503543,"[-0.46, 0.45]",0.9665586599857464,0.9989122224583239,False
Elongation factor 2,Neutr,time1,20,17,-0.38948096616917144,"[-0.72, 0.08]",0.09929222809718978,0.8236593403597053,False
Multiple inositol polyphosphate phosphatase 1,Neutr,time1,20,17,0.373113599600146,"[-0.10, 0.71]",0.11562772024363861,0.8290414311110669,False
Collagen alpha-1(VI) chain,Neutr,time1,20,17,0.09113679243628428,"[-0.38, 0.52]",0.7105924940259439,0.9656789320774398,False
Hepatocyte growth factor activator,Neutr,time1,20,17,-0.1782627183170168,"[-0.59, 0.30]",0.4652940500443963,0.9399490057022261,False
Fibrinogen beta chain,Neutr,time1,20,17,0.11964700755583463,"[-0.35, 0.54]",0.6256334189383161,0.9621706909906743,False
Hemicentin-1,Neutr,time1,20,17,0.23828316674460356,"[-0.24, 0.62]",0.3259093572556696,0.9236478900056884,False
C-type mannose receptor 2,Neutr,time1,20,17,0.31668068480931105,"[-0.16, 0.67]",0.18651057171622445,0.878412326765734,False
Platelet glycoprotein Ib beta chain,Neutr,time1,20,17,-0.14307493029078705,"[-0.56, 0.33]",0.5589984354551858,0.9574313225752206,False
Complement C2,Neutr,time1,20,17,0.42019654649834276,"[-0.04, 0.73]",0.07325634838923843,0.7963212415647299,False
Annexin A2,Neutr,time1,20,17,-0.06628701809827234,"[-0.51, 0.40]",0.7874534823872398,0.9809449094133241,False
Protein disulfide-isomerase A3,Neutr,time1,20,17,-0.0976340703207926,"[-0.53, 0.37]",0.6908975154115666,0.9648380336571762,False
Dipeptidyl peptidase 4,Neutr,time1,20,17,0.04991651187221383,"[-0.41, 0.49]",0.8391855109481452,0.9906439255230137,False
Proteasome subunit alpha type-4,Neutr,time1,20,17,0.09500649536174512,"[-0.38, 0.53]",0.6988403375568888,0.9648380336571762,False
Coagulation factor XI,Neutr,time1,20,17,-0.06103301480584806,"[-0.50, 0.40]",0.8039745362047429,0.9840896993583559,False
Collectin-11,Neutr,time1,20,17,-0.41120543560712275,"[-0.73, 0.05]",0.08028206314953029,0.8104760370286881,False
High mobility group protein B1,Neutr,time1,20,17,0.10075884405965613,"[-0.37, 0.53]",0.6814918766872731,0.9648380336571762,False
Immunoglobulin lambda variable 3-16,Neutr,time1,20,17,-0.36763382987805676,"[-0.70, 0.10]",0.12150217980724268,0.8313974029708804,False
Prothrombin,Neutr,time1,20,17,-0.3957397082680467,"[-0.72, 0.07]",0.0935110898790358,0.8154186244354011,False
Immunoglobulin kappa joining 1,Neutr,time1,20,17,-0.1606118494607832,"[-0.57, 0.32]",0.5112788438098546,0.9529295397056773,False
Immunoglobulin heavy variable 3-7,Neutr,time1,20,17,0.1170564306521089,"[-0.36, 0.54]",0.6331883377206832,0.9621706909906743,False
Immunoglobulin heavy variable 3-74,Neutr,time1,20,17,0.02978539584307539,"[-0.43, 0.48]",0.9036565378483443,0.997559861248858,False
Ezrin,Neutr,time1,20,17,-0.05368892970806875,"[-0.50, 0.41]",0.8272003183105995,0.9902234995263719,False
Intercellular adhesion molecule 2,Neutr,time1,20,17,-0.30355004713232203,"[-0.67, 0.17]",0.20645089780479525,0.89404523846784,False
Lysozyme C,Neutr,time1,20,17,0.3671375340331153,"[-0.10, 0.70]",0.12204448974669599,0.8313974029708804,False
Protein AMBP,Neutr,time1,20,17,0.09964082872253181,"[-0.37, 0.53]",0.6848520470672057,0.9648380336571762,False
Prolyl endopeptidase FAP,Neutr,time1,20,17,-0.3090122807813705,"[-0.67, 0.17]",0.19799215140978557,0.8900394843748304,False
"Actin, cytoplasmic 2",Neutr,time1,20,17,-0.0747587873714471,"[-0.51, 0.39]",0.7609991235427258,0.9745063647413549,False
Kallistatin,Neutr,time1,20,17,0.15238181520084176,"[-0.32, 0.57]",0.5334303976243222,0.954665480182609,False
Hemopexin,Neutr,time1,20,17,0.1479714435116687,"[-0.33, 0.56]",0.5454794248414431,0.9550458416046101,False
C4b-binding protein beta chain,Neutr,time1,20,17,-0.17036792392294609,"[-0.58, 0.31]",0.48559910361447367,0.9447457823105017,False
Peptidyl-prolyl cis-trans isomerase A,Neutr,time1,20,17,-0.07603410581167526,"[-0.51, 0.39]",0.7570378858792249,0.9745063647413549,False
Complement C1r subcomponent-like protein,Neutr,time1,20,17,-0.05548929131687572,"[-0.50, 0.41]",0.8214931652036725,0.989081883511806,False
Immunoglobulin heavy variable 3-30;Immunoglobulin heavy variable 3-30-5,Neutr,time1,20,17,0.36872108251213975,"[-0.10, 0.70]",0.12032010769918673,0.8313974029708804,False
Immunoglobulin lambda variable 3-9,Neutr,time1,20,17,-0.02627667484569203,"[-0.47, 0.43]",0.9149640408259151,0.9985551599450393,False
Immunoglobulin heavy variable 1-45,Neutr,time1,20,17,0.25269125015500643,"[-0.23, 0.63]",0.29660569944659365,0.9197855145380048,False
Hemoglobin subunit gamma-1,Neutr,time1,20,17,-0.1760030619293494,"[-0.58, 0.30]",0.4710615429529882,0.9408984762056689,False
Apolipoprotein F,Neutr,time1,20,17,-0.12671387118262786,"[-0.55, 0.35]",0.6052068502463335,0.9621706909906743,False
Immunoglobulin gamma-1 heavy chain,Neutr,time1,20,17,-0.09096825917985531,"[-0.52, 0.38]",0.7111057694359344,0.9656789320774398,False
Low affinity immunoglobulin gamma Fc region receptor III-B,Neutr,time1,20,17,0.13438413544920508,"[-0.34, 0.55]",0.583349978289118,0.9599322538236903,False
Multiple epidermal growth factor-like domains protein 8,Neutr,time1,20,17,0.17078590378175262,"[-0.31, 0.58]",0.48451328473878463,0.9447457823105017,False
Complement C4-B,Neutr,time1,20,17,0.21001846032862134,"[-0.27, 0.61]",0.38814603955115845,0.931256717265325,False
Glyceraldehyde-3-phosphate dehydrogenase,Neutr,time1,20,17,-0.05134205422041656,"[-0.49, 0.41]",0.8346523504657013,0.9906439255230137,False
Complement C1r subcomponent,Neutr,time1,20,17,-0.1439260864211684,"[-0.56, 0.33]",0.5566378668389997,0.9572635531094381,False
Sex hormone-binding globulin,Neutr,time1,20,17,-0.281296275219,"[-0.65, 0.20]",0.24335327604891063,0.8982115991698657,False
Biotinidase,Neutr,time1,20,17,0.3095289018050019,"[-0.17, 0.67]",0.19720422834806398,0.8900394843748304,False
Cholinesterase,Neutr,time1,20,17,-0.1503692337741734,"[-0.57, 0.33]",0.5389135243460945,0.954665480182609,False
Immunoglobulin heavy variable 2-5,Neutr,time1,20,17,-0.004515169028021452,"[-0.46, 0.45]",0.9853636298079618,0.9989122224583239,False
Immunoglobulin lambda variable 1-36,Neutr,time1,20,17,-0.14451114935379075,"[-0.56, 0.33]",0.5550178376045951,0.9571984418476326,False
Immunoglobulin kappa variable 3-11,Neutr,time1,20,17,-0.24810097960298663,"[-0.63, 0.23]",0.30576189011286514,0.9236478900056884,False
Immunoglobulin kappa variable 6-21,Neutr,time1,20,17,0.0722296976275237,"[-0.39, 0.51]",0.7688714471725455,0.9750590716290142,False
Immunoglobulin kappa light chain,Neutr,time1,20,17,-0.09436703268564091,"[-0.53, 0.38]",0.7007779286789453,0.9648380336571762,False
Neuropilin-1,Neutr,time1,20,17,0.2569270040428399,"[-0.22, 0.64]",0.2883062231725479,0.9177310147446764,False
Ficolin-2,Neutr,time1,20,17,-0.09341184501363918,"[-0.53, 0.38]",0.703675470128553,0.9656789320774398,False
Gamma-glutamyl hydrolase,Neutr,time1,20,17,0.2267936165752761,"[-0.25, 0.62]",0.3504566253906909,0.92660625506674,False
Keratinocyte proline-rich protein,Neutr,time1,20,17,-0.03322168841362595,"[-0.48, 0.43]",0.8925996176389859,0.997559861248858,False
Kyphoscoliosis peptidase,Neutr,time1,20,17,0.048673522122067346,"[-0.41, 0.49]",0.8431421278508496,0.9910182692199748,False
Laminin subunit alpha-2,Neutr,time1,20,17,0.18998668586372494,"[-0.29, 0.59]",0.43595173987854474,0.9360268564138758,False
Desmoglein-1,Neutr,time1,20,17,-0.20121248090400196,"[-0.60, 0.28]",0.4087925534329697,0.9318821411825824,False
Immunoglobulin lambda variable 3-27,Neutr,time1,20,17,-0.198274425102772,"[-0.60, 0.28]",0.41581070282152865,0.9324135167651676,False
Myosin-9,Neutr,time1,20,17,-0.0534788154951051,"[-0.50, 0.41]",0.8278669274664039,0.9902234995263719,False
Versican core protein,Neutr,time1,20,17,0.031601118247107464,"[-0.43, 0.48]",0.89781186657481,0.997559861248858,False
Proteasome subunit beta type-3,Neutr,time1,20,17,-0.09015122598705225,"[-0.52, 0.38]",0.7135957635456757,0.9656789320774398,False
Alpha-N-acetylglucosaminidase,Neutr,time1,20,17,-0.21521436953078765,"[-0.61, 0.26]",0.3762401018644963,0.9300516392509022,False
Caspase-14,Neutr,time1,20,17,-0.12504492778696125,"[-0.55, 0.35]",0.6100063582287009,0.9621706909906743,False
Histidine-rich glycoprotein,Neutr,time1,20,17,0.14064813760950004,"[-0.33, 0.56]",0.5657529490913068,0.9574313225752206,False
"ATP synthase subunit alpha, mitochondrial",Neutr,time1,20,17,-0.08922349129624743,"[-0.52, 0.38]",0.7164264954580872,0.9656789320774398,False
Immunoglobulin kappa constant,Neutr,time1,20,17,0.17745243323375803,"[-0.30, 0.58]",0.4673580896961349,0.9399490057022261,False
Interleukin-1 receptor accessory protein,Neutr,time1,20,17,0.5280506028239352,"[0.10, 0.79]",0.020129781294250085,0.780717100347183,False
Immunoglobulin lambda variable 9-49,Neutr,time1,20,17,-0.31925232280411203,"[-0.68, 0.16]",0.182762414131355,0.8781742060801173,False
Plexin domain-containing protein 2,Neutr,time1,20,17,-0.14829045923453746,"[-0.56, 0.33]",0.5446037849182392,0.9550458416046101,False
Immunoglobulin heavy variable 4-28,Neutr,time1,20,17,-0.03131568902708151,"[-0.48, 0.43]",0.898730315233811,0.997559861248858,False
Desmoplakin,Neutr,time1,20,17,-0.1442307448201317,"[-0.56, 0.33]",0.5557940116539654,0.9571984418476326,False
Endoplasmin,Neutr,time1,20,17,-0.014213995150613293,"[-0.47, 0.44]",0.9539448351611512,0.9989122224583239,False
Heparin cofactor 2,Neutr,time1,20,17,0.24672967112245994,"[-0.23, 0.63]",0.3085298827323061,0.9236478900056884,False
Laminin subunit gamma-1,Neutr,time1,20,17,0.35715060552518285,"[-0.12, 0.70]",0.13332518167991864,0.847666490299985,False
Polymeric immunoglobulin receptor,Neutr,time1,20,17,-0.06667356704079103,"[-0.51, 0.40]",0.7862413267168963,0.9809449094133241,False
Serum amyloid A-4 protein,Neutr,time1,20,17,-0.33994343889741296,"[-0.69, 0.14]",0.15444463042268466,0.8648835903913135,False
Catalase,Neutr,time1,20,17,0.3479577894818359,"[-0.13, 0.69]",0.1443390006375049,0.8558309360858758,False
Complement receptor type 1,Neutr,time1,20,17,0.2867063458898788,"[-0.19, 0.66]",0.23401926378473858,0.8982115991698657,False
Immunoglobulin kappa variable 1-27,Neutr,time1,20,17,0.015526710904192382,"[-0.44, 0.47]",0.9496963764723825,0.9989122224583239,False
Immunoglobulin kappa variable 2-30,Neutr,time1,20,17,0.11348912897408799,"[-0.36, 0.54]",0.6436487101268786,0.9621706909906743,False
Protein-glutamine gamma-glutamyltransferase E,Neutr,time1,20,17,0.02616227296745813,"[-0.43, 0.47]",0.9153329969170498,0.9985551599450393,False
Periostin,Neutr,time1,20,17,0.32988597364929284,"[-0.15, 0.68]",0.16780355135644417,0.867816664987516,False
Albumin,Neutr,time1,20,17,0.4113519467338779,"[-0.05, 0.73]",0.08016373960425825,0.8104760370286881,False
Complement factor B,Neutr,time1,20,17,0.2437426057143533,"[-0.24, 0.63]",0.31461118946662175,0.9236478900056884,False
Probable non-functional immunoglobulinn kappa variable 1-37;Probable non-functional immunoglobulinn kappa variable 1D-37,Neutr,time1,20,17,-0.25828852798017926,"[-0.64, 0.22]",0.285669002463127,0.9177310147446764,False
Immunoglobulin lambda variable 8-61,Neutr,time1,20,17,0.014870581882707798,"[-0.44, 0.47]",0.9518197096189377,0.9989122224583239,False
Annexin A1,Neutr,time1,20,17,0.1391785935106732,"[-0.34, 0.56]",0.5698603682296521,0.9575202748664524,False
CD5 antigen-like,Neutr,time1,20,17,-0.003968664704809119,"[-0.46, 0.45]",0.9871350288978793,0.9989122224583239,False
RB-associated KRAB zinc finger protein,Neutr,time1,20,17,0.041100117099332686,"[-0.42, 0.49]",0.8673239024616209,0.9948150501067204,False
Immunoglobulin lambda variable 7-46,Neutr,time1,20,17,-0.12547741724599848,"[-0.55, 0.35]",0.6087611412698277,0.9621706909906743,False
Basement membrane-specific heparan sulfate proteoglycan core protein,Neutr,time1,20,17,0.38863061171233254,"[-0.08, 0.72]",0.10009721928261263,0.8236696927292213,False
Vitamin K-dependent protein C,Neutr,time1,20,17,0.2873936825549551,"[-0.19, 0.66]",0.23285014213016667,0.8982115991698657,False
Immunoglobulin lambda variable 1-40,Neutr,time1,20,17,0.2457596062848801,"[-0.23, 0.63]",0.31049702198640683,0.9236478900056884,False
Pantetheinase,Neutr,time1,20,17,-0.4273185218627219,"[-0.74, 0.03]",0.06802368672539824,0.7877432426525369,False
Neutrophil defensin 1;Neutrophil defensin 3,Neutr,time1,20,17,0.2349685547584717,"[-0.25, 0.62]",0.33288415691425755,0.9236478900056884,False
Immunoglobulin lambda variable 2-8,Neutr,time1,20,17,0.06481386887819832,"[-0.40, 0.50]",0.7920773113565314,0.9823625227362852,False
Immunoglobulin heavy variable 1-18,Neutr,time1,20,17,-0.16360374248467807,"[-0.58, 0.31]",0.5033358325128752,0.9520263061157588,False
Immunoglobulin kappa variable 3D-15,Neutr,time1,20,17,-0.17591478656229773,"[-0.58, 0.30]",0.4712875794834751,0.9408984762056689,False
Extracellular matrix protein 1,Neutr,time1,20,17,0.1886249773762954,"[-0.29, 0.59]",0.43930907629903293,0.9361498868301301,False
Tubulin alpha-1B chain,Neutr,time1,20,17,-0.30545361007224175,"[-0.67, 0.17]",0.20347646447351325,0.8937375538491094,False
Immunoglobulin lambda variable 5-45,Neutr,time1,20,17,0.09637002021391687,"[-0.37, 0.53]",0.6947147771748705,0.9648380336571762,False
Alpha-2-HS-glycoprotein,Neutr,time1,20,17,-0.16805381213949258,"[-0.58, 0.31]",0.4916322282032476,0.948666315142069,False
Cartilage acidic protein 1,Neutr,time1,20,17,0.4083798316161982,"[-0.06, 0.73]",0.08258932029938337,0.8154186244354011,False
Coagulation factor IX,Neutr,time1,20,17,-0.45872453177040945,"[-0.76, -0.01]",0.0482151822245546,0.780717100347183,False
Integrin alpha-2,Neutr,time1,20,17,0.07398021077879853,"[-0.39, 0.51]",0.7634202509848365,0.9745063647413549,False
"Mannosyl-oligosaccharide 1,2-alpha-mannosidase IA",Neutr,time1,20,17,0.3051296825051932,"[-0.17, 0.67]",0.203980608963298,0.8937375538491094,False
Endophilin-A3,Neutr,time1,20,17,0.4798304130451031,"[0.03, 0.77]",0.037613275383913874,0.780717100347183,False
Collagen alpha-1(I) chain,Neutr,time1,20,17,-0.033444694472031515,"[-0.48, 0.43]",0.8918826871449875,0.997559861248858,False
Carboxypeptidase N subunit 2,Neutr,time1,20,17,-0.011866885414183794,"[-0.46, 0.44]",0.9615438879940501,0.9989122224583239,False
Scavenger receptor cysteine-rich type 1 protein M130,Neutr,time1,20,17,0.374488119184068,"[-0.10, 0.71]",0.11418658418911101,0.8290414311110669,False
Annexin A5,Neutr,time1,20,17,-0.13790405765557082,"[-0.56, 0.34]",0.5734331589977308,0.9577130190205156,False
Platelet factor 4,Neutr,time1,20,17,-0.06636503757404218,"[-0.51, 0.40]",0.787208788004529,0.9809449094133241,False
Immunoglobulin heavy variable 3-72,Neutr,time1,20,17,-0.06839633738238794,"[-0.51, 0.40]",0.7808447529263216,0.9793458448277255,False
Protein HEG homolog 1,Neutr,time1,20,17,-0.1847607166266227,"[-0.59, 0.29]",0.44890954809712447,0.9361498868301301,False
Sulfhydryl oxidase 1,Neutr,time1,20,17,0.42307538507119336,"[-0.04, 0.74]",0.07110640820374359,0.7963212415647299,False
Corticosteroid-binding globulin,Neutr,time1,20,17,-0.13053066319265813,"[-0.55, 0.34]",0.5942889304072554,0.961962834437533,False
Angiopoietin-related protein 6,Neutr,time1,20,17,0.030877573964713124,"[-0.43, 0.48]",0.9001403128987928,0.997559861248858,False
72 kDa type IV collagenase,Neutr,time1,20,17,0.2628123162624302,"[-0.22, 0.64]",0.2770133588317945,0.9170614304794888,False
Trypsin-3,Neutr,time1,20,17,0.004608556126328882,"[-0.45, 0.46]",0.9850609380465892,0.9989122224583239,False
Complement component C9,Neutr,time1,20,17,0.5574174172631826,"[0.14, 0.81]",0.01315461650867294,0.7677137594604839,False
Pyruvate kinase PKM,Neutr,time1,20,17,-0.09948242857671526,"[-0.53, 0.37]",0.6853285755347152,0.9648380336571762,False
Immunoglobulin heavy variable 4-34,Neutr,time1,20,17,-0.10553027368629775,"[-0.53, 0.37]",0.6672165447461785,0.9648380336571762,False
Immunoglobulin kappa variable 6D-21,Neutr,time1,20,17,0.09252806504796082,"[-0.38, 0.52]",0.7063598853656315,0.9656789320774398,False
Immunoglobulin lambda-1 light chain,Neutr,time1,20,17,0.2527821301615335,"[-0.23, 0.63]",0.29642612241882704,0.9197855145380048,False
Transforming growth factor-beta-induced protein ig-h3,Neutr,time1,20,17,0.3372758058701188,"[-0.14, 0.69]",0.15791397705966856,0.866957588915021,False
Complement C1q subcomponent subunit A,Neutr,time1,20,17,0.15067391546612682,"[-0.33, 0.57]",0.5380817964845712,0.954665480182609,False
Prolow-density lipoprotein receptor-related protein 1,Neutr,time1,20,17,0.035869061588464875,"[-0.43, 0.48]",0.8840940093694747,0.995958470840817,False
Immunoglobulin heavy constant mu,Neutr,time1,20,17,-0.08616394567037267,"[-0.52, 0.38]",0.7257868172663373,0.9677992122749876,False
UV-stimulated scaffold protein A,Neutr,time1,20,17,-0.14906392359301587,"[-0.57, 0.33]",0.5424834049326125,0.9550458416046101,False
Complement component C6,Neutr,time1,20,17,0.5845500927448275,"[0.18, 0.82]",0.008576575307205318,0.7385516510769441,False
Angiotensinogen,Neutr,time1,20,17,-0.30656949595305893,"[-0.67, 0.17]",0.20174606703743114,0.8937375538491094,False
Pregnancy zone protein,Neutr,time1,20,17,-0.4846034152144643,"[-0.77, -0.04]",0.035487369670897294,0.780717100347183,False
Histone H2A type 1-B/E;Histone H2A type 3;Histone H2A type 1-C,Neutr,time1,20,17,-0.2045265438616602,"[-0.60, 0.28]",0.40095373840353443,0.931256717265325,False
Desmocollin-1,Neutr,time1,20,17,0.050591674522053647,"[-0.41, 0.49]",0.8370379109463361,0.9906439255230137,False
Protein Z-dependent protease inhibitor,Neutr,time1,20,17,-0.10157921049575024,"[-0.53, 0.37]",0.6790299259636996,0.9648380336571762,False
Immunoglobulin kappa variable 1-17,Neutr,time1,20,17,0.23501760962114757,"[-0.25, 0.62]",0.33278029944740484,0.9236478900056884,False
Fibronectin,Neutr,time1,20,17,-0.15441878075832075,"[-0.57, 0.32]",0.527907071593902,0.9529295397056773,False
Probable non-functional immunoglobulin heavy variable 3-38,Neutr,time1,20,17,0.0613228737945676,"[-0.40, 0.50]",0.8030609395534399,0.9840896993583559,False
Nucleoside diphosphate kinase 3,Neutr,time1,20,17,0.19271388239909196,"[-0.29, 0.59]",0.4292683589403168,0.9341945835044614,False
Plasma protease C1 inhibitor,Neutr,time1,20,17,0.4580123722207565,"[0.00, 0.76]",0.048608862211391955,0.780717100347183,False
Immunoglobulin kappa variable 1-16,Neutr,time1,20,17,0.04437124931041191,"[-0.42, 0.49]",0.8568641222476896,0.9928150111527771,False
F-actin-capping protein subunit alpha-1,Neutr,time1,20,17,-0.07230870257993051,"[-0.51, 0.39]",0.768625195397382,0.9750590716290142,False
Cathepsin D,Neutr,time1,20,17,0.11010643347398515,"[-0.36, 0.54]",0.6536274157318482,0.9627206746105794,False
Anthrax toxin receptor 2,Neutr,time1,20,17,0.17495630426193431,"[-0.30, 0.58]",0.47374534909666866,0.9413399766352809,False
Talin-1,Neutr,time1,20,17,-0.47827905268634385,"[-0.77, -0.03]",0.03832501181854537,0.780717100347183,False
Protein disulfide-isomerase,Neutr,time1,20,17,0.10250102955537436,"[-0.37, 0.53]",0.6762672208694177,0.9648380336571762,False
Junction plakoglobin,Neutr,time1,20,17,-0.09335420848588837,"[-0.53, 0.38]",0.7038504349003024,0.9656789320774398,False
Tenascin,Neutr,time1,20,17,-0.12224359181759349,"[-0.55, 0.35]",0.6180966563755772,0.9621706909906743,False
Cadherin-related family member 5,Neutr,time1,20,17,-0.09685136650901455,"[-0.53, 0.37]",0.6932603407258935,0.9648380336571762,False
Kininogen-1,Neutr,time1,20,17,0.07344561960266907,"[-0.39, 0.51]",0.7650838804888986,0.9746109310501495,False
Alpha-1-antichymotrypsin,Neutr,time1,20,17,0.4383942876023273,"[-0.02, 0.74]",0.060447427022213666,0.7812916959070765,False
Integrin alpha-IIb,Neutr,time1,20,17,-0.28182834105222265,"[-0.65, 0.20]",0.24242492303924082,0.8982115991698657,False
Serum amyloid P-component,Neutr,time1,20,17,0.2416379175604249,"[-0.24, 0.63]",0.3189387415064229,0.9236478900056884,False
Inter-alpha-trypsin inhibitor heavy chain H1,Neutr,time1,20,17,-0.2943749817276526,"[-0.66, 0.18]",0.22118865998791382,0.8982115991698657,False
Probable non-functional immunoglobulin heavy variable 3-35,Neutr,time1,20,17,0.1321205788670966,"[-0.34, 0.55]",0.5897652717997897,0.9610066239456336,False
Immunoglobulin kappa variable 1-5,Neutr,time1,20,17,0.14645110548118861,"[-0.33, 0.56]",0.5496611706776691,0.9559448149130744,False
Band 3 anion transport protein,Neutr,time1,20,17,-0.060647232982722975,"[-0.50, 0.40]",0.8051908460863529,0.9840896993583559,False
Immunoglobulin lambda variable 7-43,Neutr,time1,20,17,-0.14051753371804743,"[-0.56, 0.34]",0.5661174671362357,0.9574313225752206,False
Peroxiredoxin-1,Neutr,time1,20,17,0.02143078940596849,"[-0.44, 0.47]",0.9306061185045211,0.9989122224583239,False
Matrix metalloproteinase-9,Neutr,time1,20,17,0.4535527474225911,"[-0.00, 0.75]",0.05113009819301119,0.780717100347183,False
Multimerin-2,Neutr,time1,20,17,0.2676520203621724,"[-0.21, 0.64]",0.26793509284008504,0.9158755914645343,False
Immunoglobulin heavy variable 1-3,Neutr,time1,20,17,0.00972877248567299,"[-0.45, 0.46]",0.9684690688040082,0.9989122224583239,False
Podocalyxin,Neutr,time1,20,17,0.5606909052858544,"[0.14, 0.81]",0.012516115744272667,0.7677137594604839,False
Immunoglobulin lambda variable 1-51,Neutr,time1,20,17,0.4079679440863001,"[-0.06, 0.73]",0.08292968013993382,0.8154186244354011,False
Cadherin-13,Neutr,time1,20,17,0.5012844949386958,"[0.06, 0.78]",0.028779755216048315,0.780717100347183,False
Plastin-2,Neutr,time1,20,17,0.4737258503653104,"[0.02, 0.76]",0.04047403644761228,0.780717100347183,False
Inter-alpha-trypsin inhibitor heavy chain H4,Neutr,time1,20,17,-0.35116929195632607,"[-0.69, 0.12]",0.14042177169133063,0.8558309360858758,False
Fructose-bisphosphate aldolase B,Neutr,time1,20,17,0.15217565024924692,"[-0.32, 0.57]",0.5339908981476706,0.954665480182609,False
Mannan-binding lectin serine protease 2,Neutr,time1,20,17,-0.477554937991077,"[-0.77, -0.03]",0.03866075823609165,0.780717100347183,False
Platelet glycoprotein 4,Neutr,time1,20,17,-0.02476673300155857,"[-0.47, 0.43]",0.9198350485160032,0.9985551599450393,False
Hemoglobin subunit alpha,Neutr,time1,20,17,-0.2290961571334128,"[-0.62, 0.25]",0.3454540666302247,0.926595760949047,False
Immunoglobulin lambda variable 3-10,Neutr,time1,20,17,-0.3805597664601332,"[-0.71, 0.09]",0.10797410220496363,0.8290414311110669,False
Serum paraoxonase/lactonase 3,Neutr,time1,20,17,0.19605203641756414,"[-0.28, 0.60]",0.4211619565570808,0.9324135167651676,False
Dopamine beta-hydroxylase,Neutr,time1,20,17,-0.10734359788082487,"[-0.54, 0.36]",0.6618196338293835,0.9635230036775306,False
Triosephosphate isomerase,Neutr,time1,20,17,-0.12594705843687987,"[-0.55, 0.35]",0.6074101235654112,0.9621706909906743,False
Endoplasmic reticulum chaperone BiP,Neutr,time1,20,17,-0.17036792392294609,"[-0.58, 0.31]",0.48559910361447367,0.9447457823105017,False
Suprabasin,Neutr,time1,20,17,-0.37706607417218146,"[-0.71, 0.09]",0.11151838937815597,0.8290414311110669,False
Immunoglobulin kappa variable 3-20,Neutr,time1,20,17,-0.2115811179936053,"[-0.61, 0.27]",0.38454364274918806,0.931256717265325,False
Ficolin-1,Neutr,time1,20,17,0.008041926277808089,"[-0.45, 0.46]",0.9739341807115232,0.9989122224583239,False
Autotaxin,Neutr,time1,20,17,-0.09079745465335119,"[-0.52, 0.38]",0.711626083550049,0.9656789320774398,False
Histidine ammonia-lyase,Neutr,time1,20,17,-0.4255637222448375,"[-0.74, 0.04]",0.06928624052879997,0.790888614810437,False
Noelin,Neutr,time1,20,17,0.19655164276374082,"[-0.28, 0.60]",0.41995577549490715,0.9324135167651676,False
Prenylcysteine oxidase 1,Neutr,time1,20,17,-0.229251454770461,"[-0.62, 0.25]",0.34511815923861777,0.926595760949047,False
Immunoglobulin delta heavy chain,Neutr,time1,20,17,0.09859311613971969,"[-0.37, 0.53]",0.6880060769122689,0.9648380336571762,False
Antithrombin-III,Neutr,time1,20,17,-0.14798035647218477,"[-0.56, 0.33]",0.5454549517763981,0.9550458416046101,False
Complement component C7,Neutr,time1,20,17,0.35152536189552874,"[-0.12, 0.69]",0.1399920761547171,0.8558309360858758,False
BOS complex subunit NOMO3;BOS complex subunit NOMO1;BOS complex subunit NOMO2,Neutr,time1,20,17,0.1601218878737493,"[-0.32, 0.57]",0.5125852557783062,0.9529295397056773,False
Cofilin-1,Neutr,time1,20,17,-0.24791652835784592,"[-0.63, 0.23]",0.3061333322942766,0.9236478900056884,False
Histone H4,Neutr,time1,20,17,-0.09921661762022478,"[-0.53, 0.37]",0.6861284925511817,0.9648380336571762,False
Serum amyloid A-1 protein,Neutr,time1,20,17,-0.009217112252657809,"[-0.46, 0.45]",0.9701266346742969,0.9989122224583239,False
Transferrin receptor protein 1,Neutr,time1,20,17,-0.25906831640497463,"[-0.64, 0.22]",0.2841652754815843,0.9175083333564564,False
Serpin B12,Neutr,time1,20,17,-0.06805443125961849,"[-0.51, 0.40]",0.7819150186582451,0.9796122298873716,False
Immunoglobulin kappa variable 3D-20,Neutr,time1,20,17,0.14074697102636086,"[-0.33, 0.56]",0.5654771711649706,0.9574313225752206,False
Probable non-functional immunoglobulin heavy variable 3-16,Neutr,time1,20,17,0.08219432333756478,"[-0.39, 0.52]",0.7379869240001246,0.9728363041843875,False
Immunoglobulin lambda variable 6-57,Neutr,time1,20,17,0.20849777090152774,"[-0.27, 0.61]",0.3916695448000457,0.931256717265325,False
Fibrinogen alpha chain,Neutr,time1,20,17,-0.09952735177998769,"[-0.53, 0.37]",0.6851934177227821,0.9648380336571762,False
Galectin-3-binding protein,Neutr,time1,20,17,-0.36598154300220037,"[-0.70, 0.11]",0.12331431537422803,0.8354110661268124,False
Macrophage colony-stimulating factor 1 receptor,Neutr,time1,20,17,0.18476071662662272,"[-0.29, 0.59]",0.44890954809712447,0.9361498868301301,False
Phosphatidylinositol-glycan-specific phospholipase D,Neutr,time1,20,17,-0.09538683594005407,"[-0.53, 0.38]",0.6976887381730177,0.9648380336571762,False
Serotransferrin,Neutr,time1,20,17,0.1681951223429223,"[-0.31, 0.58]",0.4912627736171834,0.9484876312761863,False
Integrin alpha-11,Neutr,time1,20,17,0.33121783337963207,"[-0.14, 0.68]",0.16599072668368212,0.867816664987516,False
Proprotein convertase subtilisin/kexin type 9,Neutr,time1,20,17,-0.5058510038894706,"[-0.78, -0.07]",0.0271286903085652,0.780717100347183,False
Gelsolin,Neutr,time1,20,17,0.41326242902544436,"[-0.05, 0.73]",0.07863257062718722,0.8085910456185831,False
Proteoglycan 4,Neutr,time1,20,17,-0.3183295457725006,"[-0.67, 0.16]",0.18410147769966162,0.878412326765734,False
Vascular cell adhesion protein 1,Neutr,time1,20,17,-0.1701668825398887,"[-0.58, 0.31]",0.4861217902741146,0.9447457823105017,False
Adhesion G protein-coupled receptor F5,Neutr,time1,20,17,0.20119408252902088,"[-0.28, 0.60]",0.4088363012954026,0.9318821411825824,False
Insulin-like growth factor-binding protein 3,Neutr,time1,20,17,-0.06412560399331342,"[-0.50, 0.40]",0.794239883952935,0.9831638563490928,False
Transthyretin,Neutr,time1,20,17,-0.01590612497264817,"[-0.47, 0.44]",0.9484686821449283,0.9989122224583239,False
Coiled-coil domain-containing protein 126,Neutr,time1,20,17,-0.31310236344254166,"[-0.67, 0.16]",0.19181125686348546,0.8808484840195031,False
Guanine nucleotide-binding protein G(i) subunit alpha-2,Neutr,time1,20,17,-0.32699046023422285,"[-0.68, 0.15]",0.17179116943327985,0.867816664987516,False
Apolipoprotein C-I,Neutr,time1,20,17,-0.21872266936619167,"[-0.61, 0.26]",0.368318441749206,0.9285871908420641,False
Syntenin-1,Neutr,time1,20,17,0.18078736788196414,"[-0.30, 0.59]",0.45889264488282255,0.9384843653688746,False
Phospholipid transfer protein,Neutr,time1,20,17,0.18238445239064466,"[-0.30, 0.59]",0.45486642940439115,0.9362868049217405,False
Laminin subunit beta-1,Neutr,time1,20,17,0.384728730115244,"[-0.08, 0.71]",0.10385159865542047,0.828669719073285,False
Proline-rich protein 4,Neutr,time1,20,17,0.007701235934313899,"[-0.45, 0.46]",0.9750381054622105,0.9989122224583239,False
Immunoglobulin kappa variable 2-28;Immunoglobulin kappa variable 2D-28,Neutr,time1,20,17,0.06544810581270853,"[-0.40, 0.50]",0.7900857838209334,0.9812443166838123,False
Complement C3,Neutr,time1,20,17,-0.3159598469205961,"[-0.67, 0.16]",0.1875703773881557,0.878412326765734,False
Thyroxine-binding globulin,Neutr,time1,20,17,-0.2476414814534899,"[-0.63, 0.23]",0.30668771758648194,0.9236478900056884,False
Immunoglobulin kappa variable 1D-13;Immunoglobulin kappa variable 1-13,Neutr,time1,20,17,0.18839904852630515,"[-0.29, 0.59]",0.43986741241630045,0.9361498868301301,False
Complement factor H-related protein 5,Neutr,time1,20,17,0.29008205980678176,"[-0.19, 0.66]",0.22831355578763027,0.8982115991698657,False
Immunoglobulin lambda variable 2-23,Neutr,time1,20,17,-0.49086079359531143,"[-0.77, -0.05]",0.03284264408559532,0.780717100347183,False
Coagulation factor VII,Neutr,time1,20,17,-0.053614031270155564,"[-0.50, 0.41]",0.8274379284291845,0.9902234995263719,False
Immunoglobulin heavy constant gamma 4,Neutr,time1,20,17,0.09521150309712256,"[-0.38, 0.53]",0.6982195344636232,0.9648380336571762,False
L-lactate dehydrogenase B chain,Neutr,time1,20,17,0.14797882145986818,"[-0.33, 0.56]",0.5454591665534873,0.9550458416046101,False
Zinc-alpha-2-glycoprotein,Neutr,time1,20,17,0.1471316559969975,"[-0.33, 0.56]",0.5477875175628767,0.9553346594055773,False
"Dihydrolipoyllysine-residue succinyltransferase component of 2-oxoglutarate dehydrogenase complex, mitochondrial",Neutr,time1,20,17,0.5216288332073121,"[0.09, 0.79]",0.021987498406767475,0.780717100347183,False
Serpin B3,Neutr,time1,20,17,0.08612008826548019,"[-0.38, 0.52]",0.7259212683696112,0.9677992122749876,False
Immunoglobulin heavy variable 3-33,Neutr,time1,20,17,0.2229212191696149,"[-0.26, 0.61]",0.3589633739854713,0.9285871908420641,False
Follistatin-related protein 1,Neutr,time1,20,17,0.06547825887480682,"[-0.40, 0.50]",0.7899911329967679,0.9812443166838123,False
Cholesteryl ester transfer protein,Neutr,time1,20,17,0.21939117714592596,"[-0.26, 0.61]",0.3668197470840141,0.9285871908420641,False
Complement C1q subcomponent subunit C,Neutr,time1,20,17,0.12625372163191784,"[-0.35, 0.55]",0.6065286017784611,0.9621706909906743,False
Immunoglobulin heavy variable 4-30-2,Neutr,time1,20,17,0.224247556062268,"[-0.26, 0.62]",0.35603655005162393,0.9283317003155915,False
Thrombospondin-4,Neutr,time1,20,17,0.09949796605429213,"[-0.37, 0.53]",0.6852818278000814,0.9648380336571762,False
Transketolase,Neutr,time1,20,17,0.03916174168824188,"[-0.42, 0.48]",0.8735321419692362,0.9957221930646,False
Complement receptor type 2,Neutr,time1,20,17,0.06576018735893122,"[-0.40, 0.50]",0.7891062924757907,0.9812443166838123,False
Immunoglobulin kappa variable 2-40;Immunoglobulin kappa variable 2D-40,Neutr,time1,20,17,-0.2812091784008005,"[-0.65, 0.20]",0.2435054591369058,0.8982115991698657,False
Immunoglobulin kappa variable 3D-7,Neutr,time1,20,17,0.1040940731789553,"[-0.37, 0.53]",0.6715021852467569,0.9648380336571762,False
Immunoglobulin heavy variable 3-64,Neutr,time1,20,17,0.016886732164799058,"[-0.44, 0.47]",0.94529619021748,0.9989122224583239,False
Vitronectin,Neutr,time1,20,17,-0.11217784998149749,"[-0.54, 0.36]",0.6475100778575028,0.9623162852441542,False
Complement component C8 gamma chain,Neutr,time1,20,17,0.4560085173132776,"[0.00, 0.75]",0.04972973721868912,0.780717100347183,False
Immunoglobulin heavy variable 5-51,Neutr,time1,20,17,-0.2765416672211643,"[-0.65, 0.20]",0.25174981121677276,0.9010501812845132,False
Coagulation factor V,Neutr,time1,20,17,0.24056601055481958,"[-0.24, 0.63]",0.32115627525810697,0.9236478900056884,False
Protein S100-A7,Neutr,time1,20,17,0.1828083481179961,"[-0.30, 0.59]",0.45380084278614663,0.9362868049217405,False
Arginase-1,Neutr,time1,20,17,0.010613206348006818,"[-0.45, 0.46]",0.9656041673739155,0.9989122224583239,False
Protein-glutamine gamma-glutamyltransferase K,Neutr,time1,20,17,-0.11137907148536715,"[-0.54, 0.36]",0.6498665070712253,0.9627206746105794,False
Immunoglobulin kappa variable 4-1,Neutr,time1,20,17,0.3001618545745668,"[-0.18, 0.66]",0.21181578295435485,0.8982115991698657,False
Coagulation factor XIII B chain,Neutr,time1,20,17,0.24917293514769442,"[-0.23, 0.63]",0.3036085960443916,0.9236478900056884,False
Apolipoprotein C-II,Neutr,time1,20,17,-0.1312221557915769,"[-0.55, 0.34]",0.5923197112096421,0.9615913537333003,False
Bone marrow proteoglycan,Neutr,time1,20,17,0.2281491145540541,"[-0.25, 0.62]",0.3475066058339471,0.926595760949047,False
Apolipoprotein A-I,Neutr,time1,20,17,-0.20607486515119572,"[-0.60, 0.27]",0.39731978721506844,0.931256717265325,False
Coagulation factor X,Neutr,time1,20,17,-0.07373594257658413,"[-0.51, 0.39]",0.764180282611274,0.9745063647413549,False
Thioredoxin,Neutr,time1,20,17,-0.3134272762611078,"[-0.67, 0.16]",0.19132584496917485,0.8805507879862348,False
Immunoglobulin heavy variable 3-15,Neutr,time1,20,17,0.09778108644331503,"[-0.37, 0.53]",0.6904540076162919,0.9648380336571762,False
Proteasome subunit beta type-2,Neutr,time1,20,17,0.1131602752340167,"[-0.36, 0.54]",0.644616280757852,0.9623162852441542,False
Apolipoprotein A-II,Neutr,time1,20,17,0.04985682221399913,"[-0.41, 0.49]",0.8393754281687381,0.9906439255230137,False
Immunoglobulin heavy constant gamma 2,Neutr,time1,20,17,0.3038709488801571,"[-0.17, 0.67]",0.20594747118736656,0.8937375538491094,False
Plakophilin-1,Neutr,time1,20,17,-0.1579799234602982,"[-0.57, 0.32]",0.5183149908943262,0.9529295397056773,False
Fetuin-B,Neutr,time1,20,17,-0.2874410052585155,"[-0.66, 0.19]",0.23276978756061323,0.8982115991698657,False
Complement factor H-related protein 3,Neutr,time1,20,17,0.09613550434648584,"[-0.37, 0.53]",0.6954237610418936,0.9648380336571762,False
Plasminogen,Neutr,time1,20,17,0.21553523398623814,"[-0.26, 0.61]",0.37551165697558675,0.9300516392509022,False
Fermitin family homolog 3,Neutr,time1,20,17,-0.5289240356036218,"[-0.79, -0.10]",0.019887021767540723,0.780717100347183,False
Immunoglobulin heavy variable 3-21,Neutr,time1,20,17,-0.23627702324746946,"[-0.62, 0.24]",0.3301204183411284,0.9236478900056884,False
Immunoglobulin heavy variable 2-26,Neutr,time1,20,17,-0.01900129907234882,"[-0.47, 0.44]",0.9384578173233644,0.9989122224583239,False
Immunoglobulin kappa variable 1-12;Immunoglobulin kappa variable 1D-12,Neutr,time1,20,17,0.09470215514980229,"[-0.38, 0.53]",0.6997622760848692,0.9648380336571762,False
Immunoglobulin heavy constant gamma 3,Neutr,time1,20,17,-0.3238430399124136,"[-0.68, 0.15]",0.17619821899725707,0.8679180027342512,False
Immunoglobulin kappa variable 2D-29,Neutr,time1,20,17,0.011633258516599876,"[-0.44, 0.46]",0.9623004675449371,0.9989122224583239,False
Neogenin,Neutr,time1,20,17,0.28344876109475403,"[-0.20, 0.65]",0.23961155444998938,0.8982115991698657,False
Immunoglobulin heavy variable 6-1,Neutr,time1,20,17,0.15323492495444818,"[-0.32, 0.57]",0.5311139253564126,0.9545025816253222,False
L-selectin,Neutr,time1,20,17,0.16191715008311677,"[-0.32, 0.57]",0.5078061774943227,0.9521459598740973,False
Immunoglobulin lambda constant 3,Neutr,time1,20,17,0.33001317843587524,"[-0.15, 0.68]",0.1676298293143614,0.867816664987516,False
A disintegrin and metalloproteinase with thrombospondin motifs 13,Neutr,time1,20,17,0.15640012422569535,"[-0.32, 0.57]",0.5225601165905728,0.9529295397056773,False
von Willebrand factor,Neutr,time1,20,17,-0.22433149131362357,"[-0.62, 0.26]",0.3558517915945594,0.9283317003155915,False
Neutral alpha-glucosidase AB,Neutr,time1,20,17,-0.37201947484301967,"[-0.71, 0.10]",0.11678411707695069,0.8291287868992757,False
Carbonic anhydrase 1,Neutr,time1,20,17,-0.014439817376839031,"[-0.47, 0.44]",0.9532138988563936,0.9989122224583239,False
Immunoglobulin lambda variable 4-60,Neutr,time1,20,17,-0.07930438993260736,"[-0.51, 0.39]",0.7469068081917934,0.9738797723547303,False
Integrin beta-1,Neutr,time1,20,17,0.07819276168131126,"[-0.39, 0.51]",0.7503461776407565,0.9741110734656547,False
Immunoglobulin lambda variable 3-12,Neutr,time1,20,17,-0.019866743723292647,"[-0.47, 0.44]",0.9356601879216455,0.9989122224583239,False
Alpha-amylase 1B;Alpha-amylase 1C;Alpha-amylase 1A,Neutr,time1,20,17,0.02460572116981561,"[-0.43, 0.47]",0.9203546300532646,0.9985551599450393,False
Lumican,Neutr,time1,20,17,0.3378537354115475,"[-0.14, 0.69]",0.15715785259786744,0.8664842517941643,False
Beta-Ala-His dipeptidase,Neutr,time1,20,17,-0.14085684609548976,"[-0.56, 0.33]",0.5651706522807295,0.9574313225752206,False
Immunoglobulin alpha-2 heavy chain,Neutr,time1,20,17,-0.019370273301802916,"[-0.47, 0.44]",0.9372649879545041,0.9989122224583239,False
Complement C5,Neutr,time1,20,17,0.489737762726924,"[0.05, 0.77]",0.03330565385207206,0.780717100347183,False
Protein S100-A8,Neutr,time1,20,17,0.24690645113038603,"[-0.23, 0.63]",0.308172209022869,0.9236478900056884,False
Immunoglobulin lambda variable 3-25,Neutr,time1,20,17,0.16519602674116113,"[-0.31, 0.58]",0.499132860544793,0.9501333903816576,False
Leukocyte immunoglobulin-like receptor subfamily B member 3;Leukocyte immunoglobulin-like receptor subfamily A member 6,Neutr,time1,20,17,0.02492841110699956,"[-0.43, 0.47]",0.9193133482196272,0.9985551599450393,False
Collagen alpha-3(VI) chain,Neutr,time1,20,17,-0.027865152396201624,"[-0.48, 0.43]",0.9098428136690372,0.997559861248858,False
Immunoglobulin kappa variable 1-39;Immunoglobulin kappa variable 1D-39,Neutr,time1,20,17,-0.12264574758913437,"[-0.55, 0.35]",0.6169326063234393,0.9621706909906743,False
Bleomycin hydrolase,Neutr,time1,20,17,0.1426868573430476,"[-0.33, 0.56]",0.5600761679065873,0.9574313225752206,False
CD166 antigen,Neutr,time1,20,17,-0.11424702366943926,"[-0.54, 0.36]",0.6414208840050952,0.9621706909906743,False
Beta-2-microglobulin,Neutr,time1,20,17,0.39956280359561647,"[-0.07, 0.72]",0.0901026578335515,0.8154186244354011,False
Amino acid transporter heavy chain SLC3A2,Neutr,time1,20,17,0.6948224304026175,"[0.35, 0.87]",0.000961052037903006,0.5177587784035962,False
Haptoglobin-related protein,Neutr,time1,20,17,-0.011843146259132813,"[-0.46, 0.44]",0.9616207636719971,0.9989122224583239,False
Alpha-1-acid glycoprotein 1,Neutr,time1,20,17,0.49308987415209915,"[0.05, 0.77]",0.031938450972064,0.780717100347183,False
Serum paraoxonase/arylesterase 1,Neutr,time1,20,17,-0.13191323608934877,"[-0.55, 0.34]",0.5903543890675167,0.9610066239456336,False
Target of Nesh-SH3,Neutr,time1,20,17,0.19668500470807057,"[-0.28, 0.60]",0.41963411686737584,0.9324135167651676,False
Intercellular adhesion molecule 1,Neutr,time1,20,17,0.15495666568427355,"[-0.32, 0.57]",0.5264530067930804,0.9529295397056773,False
Complement C4-A,Neutr,time1,20,17,0.3402721562980934,"[-0.13, 0.69]",0.15402079260505233,0.8648835903913135,False
Coagulation factor XIII A chain,Neutr,time1,20,17,0.21777644535853508,"[-0.26, 0.61]",0.37044564195232965,0.9300516392509022,False
Immunoglobulin mu heavy chain,Neutr,time1,20,17,-0.12395826417892286,"[-0.55, 0.35]",0.6131395871910215,0.9621706909906743,False
Oncoprotein-induced transcript 3 protein,Neutr,time1,20,17,0.39979468450324546,"[-0.07, 0.72]",0.0898988892690221,0.8154186244354011,False
Peroxiredoxin-2,Neutr,time1,20,17,0.02310370780294241,"[-0.44, 0.47]",0.9252030548357904,0.9988788261324435,False
Tissue factor pathway inhibitor,Neutr,time1,20,17,0.07488903705284562,"[-0.39, 0.51]",0.7605942950545446,0.9745063647413549,False
Progranulin,Neutr,time1,20,17,-0.11927484221252532,"[-0.54, 0.35]",0.6267165953534075,0.9621706909906743,False
Histone H2B type 1-K;Histone H2B type F-S,Neutr,time1,20,17,-0.1297782177509006,"[-0.55, 0.34]",0.596434813213361,0.961962834437533,False
Hemoglobin subunit delta,Neutr,time1,20,17,-0.08671886140504864,"[-0.52, 0.38]",0.7240863086212012,0.9673286249298616,False
Glutathione S-transferase P,Neutr,time1,20,17,-0.1362669084857916,"[-0.56, 0.34]",0.5780365289549144,0.9585981157899655,False
Annexin A6,Neutr,time1,20,17,0.33407363317724437,"[-0.14, 0.68]",0.16214884079084166,0.867816664987516,False
Complement factor H-related protein 1,Neutr,time1,20,17,0.2815384120158753,"[-0.20, 0.65]",0.24293051276107877,0.8982115991698657,False
Protein KPLCE,Neutr,time1,20,17,-0.09248790498562948,"[-0.52, 0.38]",0.7064819476873307,0.9656789320774398,False
Immunoglobulin heavy variable 4-4,Neutr,time1,20,17,0.3502447552276374,"[-0.12, 0.69]",0.14154177644819615,0.8558309360858758,False
Alpha-1B-glycoprotein,Neutr,time1,20,17,0.11454807856670679,"[-0.36, 0.54]",0.6405367474110755,0.9621706909906743,False
Properdin,Neutr,time1,20,17,0.09206426230250439,"[-0.38, 0.52]",0.7077699827733324,0.9656789320774398,False
Immunoglobulin heavy variable 3-53,Neutr,time1,20,17,-0.2895145685354643,"[-0.66, 0.19]",0.22926638922584217,0.8982115991698657,False
Calmodulin-like protein 5,Neutr,time1,20,17,-0.20539933905873656,"[-0.60, 0.27]",0.39890304027841805,0.931256717265325,False
Carboxypeptidase B2,Neutr,time1,20,17,0.33213155527347377,"[-0.14, 0.68]",0.16475480461399034,0.867816664987516,False
"Sushi, nidogen and EGF-like domain-containing protein 1",Neutr,time1,20,17,0.04976367588999381,"[-0.41, 0.49]",0.8396718129159931,0.9906439255230137,False
Proteasome subunit alpha type-5,Neutr,time1,20,17,0.10722806254031046,"[-0.36, 0.54]",0.6621630238198941,0.9635230036775306,False
Bifunctional heparan sulfate N-deacetylase/N-sulfotransferase 4,Neutr,time1,20,17,-0.5302961447861797,"[-0.79, -0.10]",0.019510349545209422,0.780717100347183,False
Immunoglobulin heavy variable 3-9,Neutr,time1,20,17,0.12431379583477802,"[-0.35, 0.55]",0.6121137552379845,0.9621706909906743,False
Neural cell adhesion molecule L1-like protein,Neutr,time1,20,17,0.13841448656488,"[-0.34, 0.56]",0.572001161944018,0.95768595905392,False
Proteasome subunit alpha type-2,Neutr,time1,20,17,-0.15705829143371455,"[-0.57, 0.32]",0.5207895658947744,0.9529295397056773,False
Intercellular adhesion molecule 3,Neutr,time1,20,17,0.4458011940280602,"[-0.01, 0.75]",0.0557473558958925,0.780717100347183,False
Receptor-type tyrosine-protein phosphatase eta,Neutr,time1,20,17,0.24066362294731455,"[-0.24, 0.63]",0.3209539595586643,0.9236478900056884,False
ADAMTS-like protein 4,Neutr,time1,20,17,0.05153894137792511,"[-0.41, 0.49]",0.8340266471139485,0.9906439255230137,False
Immunoglobulin lambda variable 3-21,Neutr,time1,20,17,0.027646486605552176,"[-0.43, 0.48]",0.9105475912249151,0.997559861248858,False
Cartilage oligomeric matrix protein,Neutr,time1,20,17,0.33872887528517925,"[-0.14, 0.69]",0.15601762809308467,0.8664842517941643,False
Neural cell adhesion molecule 1,Neutr,time1,20,17,0.18076607729503152,"[-0.30, 0.59]",0.45894644022104825,0.9384843653688746,False
Immunoglobulin lambda variable 2-11,Neutr,time1,20,17,0.10794767997080465,"[-0.36, 0.54]",0.6600252562906167,0.963079106362083,False
Immunoglobulin kappa variable 1D-33;Immunoglobulin kappa variable 1-33,Neutr,time1,20,17,-0.3370428402153789,"[-0.69, 0.14]",0.15821948023863697,0.866957588915021,False
Beta-2-glycoprotein 1,Neutr,time1,20,17,0.43128519104661356,"[-0.03, 0.74]",0.0652330984589761,0.7845863525077257,False
Vitamin D-binding protein,Neutr,time1,20,17,0.11558432578068104,"[-0.36, 0.54]",0.6374970496826333,0.9621706909906743,False
Filamin-A,Neutr,time1,20,17,-0.36212922118136304,"[-0.70, 0.11]",0.12761357224959383,0.8443701987100314,False
Reelin,Neutr,time1,20,17,0.1865967445463255,"[-0.29, 0.59]",0.44433465092096347,0.9361498868301301,False
Immunoglobulin lambda variable 5-39,Neutr,time1,20,17,0.012154777324277735,"[-0.44, 0.46]",0.9606116194595715,0.9989122224583239,False
Fatty acid-binding protein 5,Neutr,time1,20,17,-0.5262449398576724,"[-0.79, -0.09]",0.020639079182696564,0.780717100347183,False
"HLA class I histocompatibility antigen, A alpha chain",Neutr,time1,20,17,-0.10860269295828945,"[-0.54, 0.36]",0.6580815986083632,0.9630236411946936,False
Low affinity immunoglobulin gamma Fc region receptor III-A,Neutr,time1,20,17,0.41539555057793975,"[-0.05, 0.73]",0.07694861393305717,0.807626682442589,False
Heat shock 70 kDa protein 1A;Heat shock 70 kDa protein 1B,Neutr,time1,20,17,-0.4610931610222353,"[-0.76, -0.01]",0.04692328064476484,0.780717100347183,False
Apolipoprotein D,Neutr,time1,20,17,-0.09297399941056332,"[-0.53, 0.38]",0.7050049761121402,0.9656789320774398,False
Plexin-B1,Neutr,time1,20,17,0.05247856461440395,"[-0.41, 0.49]",0.8310418650360546,0.9906439255230137,False
Immunoglobulin heavy variable 1-58,Neutr,time1,20,17,0.24084507692476326,"[-0.24, 0.63]",0.3205780711889238,0.9236478900056884,False
Apolipoprotein C-IV,Neutr,time1,20,17,-0.33247519474099013,"[-0.68, 0.14]",0.1642916223894535,0.867816664987516,False
Monocyte differentiation antigen CD14,Neutr,time1,20,17,0.4945784660851966,"[0.05, 0.77]",0.03134549314759275,0.780717100347183,False
Protein MENT,Neutr,time1,20,17,-0.3046671913054473,"[-0.67, 0.17]",0.20470183653602106,0.8937375538491094,False
Immunoglobulin epsilon heavy chain,Neutr,time1,20,17,0.15563244341613872,"[-0.32, 0.57]",0.5246288152041645,0.9529295397056773,False
Complement factor H,Neutr,time1,20,17,0.17507518156274388,"[-0.30, 0.58]",0.4734401729827582,0.9413399766352809,False
Stabilin-1,Neutr,time1,20,17,0.2628046762584674,"[-0.22, 0.64]",0.2770278385034527,0.9170614304794888,False
Macrophage receptor MARCO,Neutr,time1,20,17,0.13625768398450738,"[-0.34, 0.56]",0.5780625112766307,0.9585981157899655,False
Protein POF1B,Neutr,time1,20,17,0.03492424940231913,"[-0.43, 0.48]",0.8871282020973956,0.9965873075010825,False
Phosphatidylcholine-sterol acyltransferase,Neutr,time1,20,17,-0.08060186257929813,"[-0.52, 0.39]",0.7428982264336079,0.9728363041843875,False
Clusterin,Neutr,time1,20,17,-0.19446457053564065,"[-0.60, 0.28]",0.4250067464756577,0.9324335195406078,False
Platelet-activating factor acetylhydrolase,Neutr,time1,20,17,-0.26869804206059344,"[-0.64, 0.21]",0.2659976880869341,0.9158755914645343,False
Vasorin,Neutr,time1,20,17,0.10426674948379648,"[-0.37, 0.53]",0.6709864002626668,0.9648380336571762,False
Myeloperoxidase,Neutr,time1,20,17,0.2029125725731418,"[-0.28, 0.60]",0.40476099574112023,0.9318821411825824,False
Immunoglobulin lambda variable 5-52,Neutr,time1,20,17,-0.39382724739397273,"[-0.72, 0.07]",0.09525092256576063,0.8179364288014818,False
Carboxypeptidase N catalytic chain,Neutr,time1,20,17,-0.35315249068249244,"[-0.70, 0.12]",0.1380401912232585,0.8528097685297457,False
Fibrinogen gamma chain,Neutr,time1,20,17,0.17263135111551395,"[-0.31, 0.58]",0.4797335551512485,0.9441315029090682,False
Soluble scavenger receptor cysteine-rich domain-containing protein SSC5D,Neutr,time1,20,17,-0.16031551292008225,"[-0.57, 0.32]",0.512068793639938,0.9529295397056773,False
Tetranectin,Neutr,time1,20,17,0.22517393577862585,"[-0.26, 0.62]",0.35400044507563677,0.9275759271483885,False
Apolipoprotein(a),Neutr,time1,20,17,0.24630719929613115,"[-0.23, 0.63]",0.30938566695795616,0.9236478900056884,False
Alpha-2-antiplasmin,Neutr,time1,20,17,-0.1148339378720224,"[-0.54, 0.36]",0.6396976659607928,0.9621706909906743,False
Retroviral-like aspartic protease 1,Neutr,time1,20,17,-0.20377907090707673,"[-0.60, 0.28]",0.4027145447910727,0.931256717265325,False
Ficolin-3,Neutr,time1,20,17,-0.30173977767244925,"[-0.66, 0.18]",0.2093060232567387,0.8980339270305654,False
Immunoglobulin kappa variable 2-24,Neutr,time1,20,17,-1.5500114616931754e-16,"[-0.45, 0.45]",0.9999999999999996,1.0,False
Immunoglobulin superfamily containing leucine-rich repeat protein,Neutr,time1,20,17,0.07766924787214166,"[-0.39, 0.51]",0.7519674928284019,0.9742709497578206,False
Complement factor D,Neutr,time1,20,17,0.32112692831631867,"[-0.16, 0.68]",0.18006235864645975,0.8743304737684425,False
Vitamin K-dependent protein Z,Neutr,time1,20,17,-0.19693444774529567,"[-0.60, 0.28]",0.41903283305163297,0.9324135167651676,False
EGF-containing fibulin-like extracellular matrix protein 1,Neutr,time1,20,17,-0.11372879355443577,"[-0.54, 0.36]",0.6429439020011846,0.9621706909906743,False
Dipeptidase 2,Neutr,time1,20,17,0.32866355415369286,"[-0.15, 0.68]",0.16947925644984885,0.867816664987516,False
Myeloblastin,Neutr,time1,20,17,0.006482280666073664,"[-0.45, 0.46]",0.9789881778394605,0.9989122224583239,False
Neurogenic locus notch homolog protein 1,Neutr,time1,20,17,-0.0009933371861648506,"[-0.45, 0.45]",0.9967798423859684,0.9995407469472238,False
Vitamin K-dependent protein S,Neutr,time1,20,17,-0.009933371861646091,"[-0.46, 0.45]",0.9678062863911463,0.9989122224583239,False
Dermcidin,Neutr,time1,20,17,0.10268695024919373,"[-0.37, 0.53]",0.6757104920676802,0.9648380336571762,False
Immunoglobulin heavy variable 3-73,Neutr,time1,20,17,-0.10723251091091524,"[-0.54, 0.36]",0.6621498013371281,0.9635230036775306,False
Alpha-2-macroglobulin,Neutr,time1,20,17,-0.0481621281204733,"[-0.49, 0.42]",0.8447710197940365,0.9910606354169061,False
Cation-independent mannose-6-phosphate receptor,Neutr,time1,20,17,0.00993337186164654,"[-0.45, 0.46]",0.9678062863911449,0.9989122224583239,False
Chromodomain-helicase-DNA-binding protein 1;Chromodomain-helicase-DNA-binding protein 2;Chromodomain-helicase-DNA-binding protein 9;Chromodomain-helicase-DNA-binding protein 6;Chromodomain-helicase-DNA-binding protein 8;Chromodomain-helicase-DNA-binding protein 7,Neutr,time1,20,17,-0.28646542472604886,"[-0.66, 0.19]",0.23442994994001357,0.8982115991698657,False
Ceruloplasmin,Neutr,time1,20,17,-0.13053011707700746,"[-0.55, 0.34]",0.5942904866989178,0.961962834437533,False
Prostaglandin-H2 D-isomerase,Neutr,time1,20,17,0.12461866517338124,"[-0.35, 0.55]",0.6112346514989262,0.9621706909906743,False
Protein S100-A9,Neutr,time1,20,17,0.13882029199625465,"[-0.34, 0.56]",0.5708637869635285,0.9575202748664524,False
Immunoglobulin J chain,Neutr,time1,20,17,0.07974980601297452,"[-0.39, 0.52]",0.7455299743901185,0.9738797723547303,False
Probable non-functional immunoglobulin kappa variable 3-7,Lymfos,time1,20,17,0.15996194699305724,"[-0.32, 0.57]",0.5130120570500807,0.9529295397056773,False
Apolipoprotein A-IV,Lymfos,time1,20,17,0.3802436735204896,"[-0.09, 0.71]",0.10829139780848056,0.8290414311110669,False
Coagulation factor XII,Lymfos,time1,20,17,-0.04654166384109342,"[-0.49, 0.42]",0.849936476851882,0.991249088174675,False
Mannan-binding lectin serine protease 1,Lymfos,time1,20,17,0.2877598751757768,"[-0.19, 0.66]",0.23222880812951338,0.8982115991698657,False
Complement factor I,Lymfos,time1,20,17,0.2646071489366434,"[-0.22, 0.64]",0.2736246958934383,0.9170614304794888,False
Platelet glycoprotein Ib alpha chain,Lymfos,time1,20,17,-0.08094929105238802,"[-0.52, 0.39]",0.741825905066353,0.9728363041843875,False
Hepatocyte growth factor-like protein,Lymfos,time1,20,17,0.0016292137306484745,"[-0.45, 0.46]",0.9947185072696048,0.9990207946239401,False
Profilin-1,Lymfos,time1,20,17,-0.008364326716625537,"[-0.46, 0.45]",0.9728895617285869,0.9989122224583239,False
Peptidase inhibitor 16,Lymfos,time1,20,17,0.26778639656723496,"[-0.21, 0.64]",0.26768571421455695,0.9158755914645343,False
Cell surface glycoprotein MUC18,Lymfos,time1,20,17,0.2527100297844547,"[-0.23, 0.63]",0.2965685858666878,0.9197855145380048,False
Adhesion G-protein coupled receptor G6,Lymfos,time1,20,17,-0.046776886534260424,"[-0.49, 0.42]",0.8491863032973049,0.991249088174675,False
Immunoglobulin heavy variable 1-69,Lymfos,time1,20,17,-0.43029814108862663,"[-0.74, 0.03]",0.06591934262864355,0.7845863525077257,False
Insulin-like growth factor-binding protein complex acid labile subunit,Lymfos,time1,20,17,-0.13332516078803444,"[-0.55, 0.34]",0.5863476085738664,0.9604968661816792,False
Plasma serine protease inhibitor,Lymfos,time1,20,17,-0.32775871616350244,"[-0.68, 0.15]",0.17072693255747362,0.867816664987516,False
Immunoglobulin heavy variable 1-69D,Lymfos,time1,20,17,0.3516026920107843,"[-0.12, 0.69]",0.13989887783188176,0.8558309360858758,False
Pancreatic adenocarcinoma up-regulated factor,Lymfos,time1,20,17,0.07155393348198524,"[-0.40, 0.51]",0.7709786105811183,0.9760800834091465,False
Immunoglobulin heavy variable 3-64D,Lymfos,time1,20,17,-0.020334336020014585,"[-0.47, 0.44]",0.9341489511443398,0.9989122224583239,False
Neutrophil gelatinase-associated lipocalin,Lymfos,time1,20,17,0.14939274019604948,"[-0.33, 0.57]",0.5415831193483351,0.9550458416046101,False
Lysosome-associated membrane glycoprotein 2,Lymfos,time1,20,17,0.08056627456415644,"[-0.39, 0.52]",0.743008092774748,0.9728363041843875,False
Corneodesmosin,Lymfos,time1,20,17,0.23605988733587732,"[-0.24, 0.62]",0.3305781147571428,0.9236478900056884,False
Collagen alpha-1(XVIII) chain,Lymfos,time1,20,17,0.1604808033315407,"[-0.32, 0.57]",0.5116281045862481,0.9529295397056773,False
Lipopolysaccharide-binding protein,Lymfos,time1,20,17,0.01858739270361238,"[-0.44, 0.47]",0.9397960536989567,0.9989122224583239,False
Immunoglobulin heavy variable 3-49,Lymfos,time1,20,17,-0.013068342983161157,"[-0.46, 0.44]",0.9576535869573644,0.9989122224583239,False
SPARC-like protein 1,Lymfos,time1,20,17,-0.18163824368103895,"[-0.59, 0.30]",0.4567453510492848,0.9382475717606091,False
Ras-associated and pleckstrin homology domains-containing protein 1,Lymfos,time1,20,17,0.3867051930967564,"[-0.08, 0.72]",0.10193736608851355,0.8265112390333225,False
Alpha-1-acid glycoprotein 2,Lymfos,time1,20,17,0.28430372164600237,"[-0.20, 0.65]",0.2381356374079527,0.8982115991698657,False
Immunoglobulin heavy variable 3-20,Lymfos,time1,20,17,0.004029798606552618,"[-0.45, 0.46]",0.9869368709369972,0.9989122224583239,False
Neurogenic locus notch homolog protein 2,Lymfos,time1,20,17,-0.04211547045415952,"[-0.49, 0.42]",0.8640748655384418,0.9941217641720209,False
Apolipoprotein B-100,Lymfos,time1,20,17,-0.35713607993432167,"[-0.70, 0.12]",0.13334210417170267,0.847666490299985,False
CD44 antigen,Lymfos,time1,20,17,-0.024491054596087213,"[-0.47, 0.43]",0.9207246753403338,0.9985551599450393,False
Pigment epithelium-derived factor,Lymfos,time1,20,17,0.01974297107691051,"[-0.44, 0.47]",0.9360602508835268,0.9989122224583239,False
Xaa-Pro dipeptidase,Lymfos,time1,20,17,0.2401922612315944,"[-0.24, 0.63]",0.3219316237432613,0.9236478900056884,False
Immunoglobulin heavy constant delta,Lymfos,time1,20,17,-0.2045543198108751,"[-0.60, 0.28]",0.40088838825060136,0.931256717265325,False
Probable non-functional immunoglobulin heavy variable 3-38-3,Lymfos,time1,20,17,0.21276179453287142,"[-0.27, 0.61]",0.3818341966034259,0.931256717265325,False
Immunoglobulin lambda constant 7,Lymfos,time1,20,17,0.3300132148569323,"[-0.15, 0.68]",0.16762977959213768,0.867816664987516,False
Receptor-type tyrosine-protein phosphatase gamma,Lymfos,time1,20,17,0.04240197025316771,"[-0.42, 0.49]",0.8631584680605866,0.9941217641720209,False
Afamin,Lymfos,time1,20,17,0.177750024753247,"[-0.30, 0.58]",0.4665994993441509,0.9399490057022261,False
Pyruvate kinase PKLR,Lymfos,time1,20,17,0.4157451058250856,"[-0.05, 0.73]",0.07667522860018668,0.807626682442589,False
Insulin-like growth factor 2,Lymfos,time1,20,17,0.14444604036737754,"[-0.33, 0.56]",0.5551980196860151,0.9571984418476326,False
CD109 antigen,Lymfos,time1,20,17,0.3773787871548198,"[-0.09, 0.71]",0.11119779542565891,0.8290414311110669,False
ADP-ribosyl cyclase/cyclic ADP-ribose hydrolase 2,Lymfos,time1,20,17,-0.47348617370988966,"[-0.76, -0.02]",0.04058967418530752,0.780717100347183,False
Dedicator of cytokinesis protein 4,Lymfos,time1,20,17,-0.2257165277049274,"[-0.62, 0.25]",0.35281098438366365,0.9275759271483885,False
Complement factor H-related protein 2,Lymfos,time1,20,17,-0.29349194336661005,"[-0.66, 0.19]",0.22264225336095414,0.8982115991698657,False
Selenoprotein P,Lymfos,time1,20,17,-0.32056743222629897,"[-0.68, 0.16]",0.18086538393251297,0.8755912979162778,False
Adipocyte plasma membrane-associated protein,Lymfos,time1,20,17,-0.27427226962869616,"[-0.65, 0.21]",0.2558214030757518,0.9052412167881767,False
Immunoglobulin heavy constant alpha 2,Lymfos,time1,20,17,0.06926063159941909,"[-0.40, 0.51]",0.778140945938675,0.9792734583116876,False
Lactotransferrin,Lymfos,time1,20,17,-0.1554538738246186,"[-0.57, 0.32]",0.525110559104593,0.9529295397056773,False
Alpha-enolase,Lymfos,time1,20,17,-0.06861422291447072,"[-0.51, 0.40]",0.7801629043884651,0.9792734583116876,False
Immunoglobulin heavy constant gamma 1,Lymfos,time1,20,17,-0.22769556061925142,"[-0.62, 0.25]",0.34849208985190205,0.926595760949047,False
Collectin-10,Lymfos,time1,20,17,0.16325271424842255,"[-0.31, 0.57]",0.5042646803184603,0.9520263061157588,False
Lysosome-associated membrane glycoprotein 1,Lymfos,time1,20,17,0.42499003445084765,"[-0.04, 0.74]",0.06970276607332021,0.7928689640840173,False
Cathelicidin antimicrobial peptide,Lymfos,time1,20,17,0.39965186433489724,"[-0.07, 0.72]",0.09002435459633662,0.8154186244354011,False
Fibroblast growth factor-binding protein 2,Lymfos,time1,20,17,0.40600703073319855,"[-0.06, 0.73]",0.08456422776963896,0.8154186244354011,False
Lymphatic vessel endothelial hyaluronic acid receptor 1,Lymfos,time1,20,17,0.4362907431321462,"[-0.02, 0.74]",0.06183504231245956,0.7842048818024371,False
Haptoglobin,Lymfos,time1,20,17,-0.048802329454074866,"[-0.49, 0.41]",0.8427319466451306,0.9910182692199748,False
Tenascin-X,Lymfos,time1,20,17,0.29614367968855243,"[-0.18, 0.66]",0.21829577687004223,0.8982115991698657,False
Zinc finger protein 512B,Lymfos,time1,20,17,-0.44436804503435606,"[-0.75, 0.01]",0.05663446021645773,0.780717100347183,False
Immunoglobulin lambda variable 3-19,Lymfos,time1,20,17,-0.2910684390549448,"[-0.66, 0.19]",0.22666350237771835,0.8982115991698657,False
Complement C1q subcomponent subunit B,Lymfos,time1,20,17,0.15427535943998272,"[-0.32, 0.57]",0.5282950963499525,0.9529295397056773,False
Ubiquitin-ribosomal protein eS31 fusion protein,Lymfos,time1,20,17,0.007812759122629041,"[-0.45, 0.46]",0.9746767366362323,0.9989122224583239,False
Kinesin-like protein KIF21A,Lymfos,time1,20,17,0.27621604455926846,"[-0.20, 0.65]",0.2523314823388912,0.9010501812845132,False
Attractin,Lymfos,time1,20,17,0.42276653983012563,"[-0.04, 0.74]",0.07133478030615291,0.7963212415647299,False
Immunoglobulin lambda variable 1-44,Lymfos,time1,20,17,0.20532689919986968,"[-0.27, 0.60]",0.3990730245458636,0.931256717265325,False
Immunoglobulin heavy variable 1-46,Lymfos,time1,20,17,-0.029078322779117035,"[-0.48, 0.43]",0.9059338519569999,0.997559861248858,False
Fibulin-1,Lymfos,time1,20,17,0.27646860871342704,"[-0.20, 0.65]",0.2518802442045499,0.9010501812845132,False
Secreted phosphoprotein 24,Lymfos,time1,20,17,-0.5295766555539261,"[-0.79, -0.10]",0.019707152492969136,0.780717100347183,False
Scavenger receptor class B member 1,Lymfos,time1,20,17,0.46296696531843184,"[0.01, 0.76]",0.04592013007546958,0.780717100347183,False
Immunoglobulin lambda variable 2-18,Lymfos,time1,20,17,-0.5921264434038951,"[-0.82, -0.19]",0.007561477398241271,0.7385516510769441,False
Collagen alpha-2(VI) chain,Lymfos,time1,20,17,0.23309263109213063,"[-0.25, 0.62]",0.33687005829922945,0.923899269768104,False
Adiponectin,Lymfos,time1,20,17,-0.3781298130165873,"[-0.71, 0.09]",0.11043054135536497,0.8290414311110669,False
Nidogen-1,Lymfos,time1,20,17,-0.08838437501917958,"[-0.52, 0.38]",0.7189898864901834,0.9657037285349999,False
Alpha-1-antitrypsin,Lymfos,time1,20,17,0.24459945868538524,"[-0.24, 0.63]",0.31285946856343694,0.9236478900056884,False
"Sushi, von Willebrand factor type A, EGF and pentraxin domain-containing protein 1",Lymfos,time1,20,17,-0.12175848419886047,"[-0.55, 0.35]",0.6195019724333302,0.9621706909906743,False
Complement C1s subcomponent,Lymfos,time1,20,17,0.25730697008171277,"[-0.22, 0.64]",0.28756874833905843,0.9177310147446764,False
Alpha-actinin-4,Lymfos,time1,20,17,0.19554374315038286,"[-0.28, 0.60]",0.4223910029073119,0.9324135167651676,False
Complement component C1q receptor,Lymfos,time1,20,17,0.5040407447536049,"[0.06, 0.78]",0.02777408904253081,0.780717100347183,False
Inter-alpha-trypsin inhibitor heavy chain H3,Lymfos,time1,20,17,0.3268433005673605,"[-0.15, 0.68]",0.17199553769023684,0.867816664987516,False
Immunoglobulin kappa variable 1D-8,Lymfos,time1,20,17,0.03492104675369274,"[-0.43, 0.48]",0.8871384897410395,0.9965873075010825,False
Low-density lipoprotein receptor,Lymfos,time1,20,17,0.0597516043579185,"[-0.41, 0.50]",0.8080162711740896,0.9844261695888036,False
Prolactin-inducible protein,Lymfos,time1,20,17,0.006910039876918408,"[-0.45, 0.46]",0.9776019494937065,0.9989122224583239,False
Hyaluronan-binding protein 2,Lymfos,time1,20,17,-0.010601849551281036,"[-0.46, 0.45]",0.9656409523805343,0.9989122224583239,False
N-acetylmuramoyl-L-alanine amidase,Lymfos,time1,20,17,0.18084272410197458,"[-0.30, 0.59]",0.4587527902772256,0.9384843653688746,False
Serpin A11,Lymfos,time1,20,17,0.3078007220778443,"[-0.17, 0.67]",0.1998481519382,0.892789897490977,False
C4b-binding protein alpha chain,Lymfos,time1,20,17,-0.1774447151158784,"[-0.58, 0.30]",0.467377772205705,0.9399490057022261,False
Inter-alpha-trypsin inhibitor heavy chain H2,Lymfos,time1,20,17,-0.12804549715232988,"[-0.55, 0.35]",0.6013884644157785,0.9621706909906743,False
Fibrillin-1,Lymfos,time1,20,17,-0.3556557891237978,"[-0.70, 0.12]",0.13507458562254943,0.8499184771125022,False
Golgi-associated RAB2 interactor protein 1B,Lymfos,time1,20,17,0.1767496207861872,"[-0.30, 0.58]",0.4691520912432017,0.9402589828665833,False
Neurogenic locus notch homolog protein 3,Lymfos,time1,20,17,0.008296045356299984,"[-0.45, 0.46]",0.9731107986660863,0.9989122224583239,False
Immunoglobulin heavy constant alpha 1,Lymfos,time1,20,17,-0.06749468381736255,"[-0.51, 0.40]",0.783668000609657,0.9803908274000915,False
Apolipoprotein C-III,Lymfos,time1,20,17,0.3172982115704825,"[-0.16, 0.67]",0.18560586012298314,0.878412326765734,False
Glutathione peroxidase 3,Lymfos,time1,20,17,-0.10982460003506378,"[-0.54, 0.36]",0.6544613780115419,0.9627206746105794,False
Contactin-1,Lymfos,time1,20,17,-0.227497900645185,"[-0.62, 0.25]",0.34892207052598556,0.926595760949047,False
Stomatin,Lymfos,time1,20,17,0.1783714182613952,"[-0.30, 0.59]",0.4650175093274802,0.9399490057022261,False
Immunoglobulin heavy variable 3-13,Lymfos,time1,20,17,-0.18076845322485133,"[-0.59, 0.30]",0.45894043675401586,0.9384843653688746,False
Immunoglobulin heavy variable 1-69-2,Lymfos,time1,20,17,0.34231084617440816,"[-0.13, 0.69]",0.15141009313139064,0.864326199569271,False
Apolipoprotein E,Lymfos,time1,20,17,-0.1342522033229915,"[-0.55, 0.34]",0.583723083227478,0.9599322538236903,False
Mucosal addressin cell adhesion molecule 1,Lymfos,time1,20,17,0.31664790068275067,"[-0.16, 0.67]",0.1865586848806634,0.878412326765734,False
Protein S100-A11,Lymfos,time1,20,17,-0.06738253853048828,"[-0.51, 0.40]",0.7840193304725573,0.9803908274000915,False
Complement factor H-related protein 4,Lymfos,time1,20,17,-0.20824084321833725,"[-0.61, 0.27]",0.39226659345321435,0.931256717265325,False
Immunoglobulin kappa variable 1D-16,Lymfos,time1,20,17,-0.08836685600448853,"[-0.52, 0.38]",0.7190434355322972,0.9657037285349999,False
Immunoglobulin lambda variable 1-47,Lymfos,time1,20,17,-0.20659615058938666,"[-0.60, 0.27]",0.39610039046644074,0.931256717265325,False
Fructose-bisphosphate aldolase A,Lymfos,time1,20,17,0.1865710766768047,"[-0.29, 0.59]",0.44439844133673634,0.9361498868301301,False
Thrombospondin-1,Lymfos,time1,20,17,-0.25587902385687444,"[-0.64, 0.22]",0.29034624107571133,0.9177310147446764,False
Aminopeptidase N,Lymfos,time1,20,17,-0.0385446801402195,"[-0.48, 0.42]",0.8755099729874699,0.995958470840817,False
Apolipoprotein M,Lymfos,time1,20,17,0.20681247035248812,"[-0.27, 0.60]",0.3955949763251818,0.931256717265325,False
Immunoglobulin heavy variable 3-43,Lymfos,time1,20,17,0.07241556490419156,"[-0.39, 0.51]",0.7682921482961638,0.9750590716290142,False
Cysteine-rich secretory protein 3,Lymfos,time1,20,17,0.020280468724184837,"[-0.44, 0.47]",0.934323036869509,0.9989122224583239,False
Complement component C8 alpha chain,Lymfos,time1,20,17,-0.2887279409021694,"[-0.66, 0.19]",0.23059140325643226,0.8982115991698657,False
Immunoglobulin heavy variable 2-70D,Lymfos,time1,20,17,-0.1241480935658049,"[-0.55, 0.35]",0.6125917778459453,0.9621706909906743,False
Immunoglobulin heavy variable 3-23,Lymfos,time1,20,17,0.2175237298263844,"[-0.26, 0.61]",0.37101494040678873,0.9300516392509022,False
Plasma kallikrein,Lymfos,time1,20,17,0.06819804678819145,"[-0.40, 0.51]",0.7814654144097576,0.9794872500650506,False
Galectin-7,Lymfos,time1,20,17,0.1297655810004896,"[-0.34, 0.55]",0.5964708790449338,0.961962834437533,False
Extracellular superoxide dismutase [Cu-Zn],Lymfos,time1,20,17,0.3053811845419604,"[-0.17, 0.67]",0.20358911232743643,0.8937375538491094,False
Immunoglobulin heavy variable 1-8,Lymfos,time1,20,17,0.19485261497566753,"[-0.28, 0.60]",0.4240652000169468,0.9324335195406078,False
Cystatin-C,Lymfos,time1,20,17,0.36740000592055405,"[-0.10, 0.70]",0.12175746915256667,0.8313974029708804,False
Immunoglobulin lambda-like polypeptide 1,Lymfos,time1,20,17,-0.04869047432315407,"[-0.49, 0.41]",0.8430881421105481,0.9910182692199748,False
Inhibin beta C chain,Lymfos,time1,20,17,-0.3374508939605537,"[-0.69, 0.14]",0.15768463978618483,0.866957588915021,False
Mannose-binding protein C,Lymfos,time1,20,17,0.48786963773851716,"[0.04, 0.77]",0.03408706540798501,0.780717100347183,False
IgGFc-binding protein,Lymfos,time1,20,17,0.11372968735523531,"[-0.36, 0.54]",0.6429412740483396,0.9621706909906743,False
Macrophage mannose receptor 1,Lymfos,time1,20,17,-0.3485346440704795,"[-0.69, 0.13]",0.1436298414671961,0.8558309360858758,False
Aromatase,Lymfos,time1,20,17,-0.4911913774399514,"[-0.77, -0.05]",0.032707306319875715,0.780717100347183,False
Cadherin-5,Lymfos,time1,20,17,-0.16681541036539183,"[-0.58, 0.31]",0.49487580873033754,0.949643311856458,False
Immunoglobulin kappa variable 1-8,Lymfos,time1,20,17,0.09327248607962194,"[-0.38, 0.53]",0.7040985405736604,0.9656789320774398,False
Retinol-binding protein 4,Lymfos,time1,20,17,0.13255609511636526,"[-0.34, 0.55]",0.5885286540358767,0.9610066239456336,False
Complement component C8 beta chain,Lymfos,time1,20,17,-0.18004212362979022,"[-0.59, 0.30]",0.46077757724305357,0.9396370787191299,False
Tumor necrosis factor receptor superfamily member 1B,Lymfos,time1,20,17,0.21192317295391808,"[-0.27, 0.61]",0.3837575897183093,0.931256717265325,False
Formin-2,Lymfos,time1,20,17,0.07059370607492327,"[-0.40, 0.51]",0.7739754254933398,0.9780353753560048,False
Scavenger receptor cysteine-rich domain-containing protein DMBT1,Lymfos,time1,20,17,0.1679950097212376,"[-0.31, 0.58]",0.4917860066489582,0.948666315142069,False
Apolipoprotein L1,Lymfos,time1,20,17,0.12324650103364183,"[-0.35, 0.55]",0.6151953390390602,0.9621706909906743,False
Leucine-rich alpha-2-glycoprotein,Lymfos,time1,20,17,-0.06317750744611374,"[-0.50, 0.40]",0.7972212162600049,0.9837881100425427,False
Immunoglobulin heavy variable 1-2,Lymfos,time1,20,17,0.08703303554027358,"[-0.38, 0.52]",0.7231240869928623,0.9673286249298616,False
Ras-related protein Rab-10,Lymfos,time1,20,17,-0.053621134141485664,"[-0.50, 0.41]",0.8274153944443454,0.9902234995263719,False
Immunoglobulin heavy variable 1-24,Lymfos,time1,20,17,-0.07219609525856141,"[-0.51, 0.39]",0.7689761893474605,0.9750590716290142,False
Annexin A3,Lymfos,time1,20,17,-0.07760627325069751,"[-0.51, 0.39]",0.7521625915572034,0.9742709497578206,False
Hemoglobin subunit beta,Lymfos,time1,20,17,0.1425645547365036,"[-0.33, 0.56]",0.5604160087560317,0.9574313225752206,False
Immunoglobulin lambda variable 4-69,Lymfos,time1,20,17,0.3382972247745816,"[-0.14, 0.69]",0.1565793132962718,0.8664842517941643,False
Elongation factor 2,Lymfos,time1,20,17,0.05724445824295328,"[-0.41, 0.50]",0.8159375293671531,0.9866265618169168,False
Multiple inositol polyphosphate phosphatase 1,Lymfos,time1,20,17,-0.3354337445758484,"[-0.69, 0.14]",0.16034069524733824,0.867816664987516,False
Collagen alpha-1(VI) chain,Lymfos,time1,20,17,0.08296152224065616,"[-0.39, 0.52]",0.7356242599016898,0.972494791298199,False
Hepatocyte growth factor activator,Lymfos,time1,20,17,-0.2782582336476038,"[-0.65, 0.20]",0.24869750003055915,0.9008095070708867,False
Fibrinogen beta chain,Lymfos,time1,20,17,-0.01328285213944122,"[-0.46, 0.44]",0.9569591036040115,0.9989122224583239,False
Hemicentin-1,Lymfos,time1,20,17,-0.0503453827335786,"[-0.49, 0.41]",0.8378212043935378,0.9906439255230137,False
C-type mannose receptor 2,Lymfos,time1,20,17,0.42598212741603,"[-0.03, 0.74]",0.06898363010897522,0.790026811486121,False
Platelet glycoprotein Ib beta chain,Lymfos,time1,20,17,-0.4410851469028294,"[-0.75, 0.02]",0.05870669741890291,0.780717100347183,False
Complement C2,Lymfos,time1,20,17,-0.08223009408005223,"[-0.52, 0.39]",0.7378767143177363,0.9728363041843875,False
Annexin A2,Lymfos,time1,20,17,0.22697246391477366,"[-0.25, 0.62]",0.35006656961397253,0.92660625506674,False
Protein disulfide-isomerase A3,Lymfos,time1,20,17,-0.1095734894768534,"[-0.54, 0.36]",0.655204759688192,0.9627206746105794,False
Dipeptidyl peptidase 4,Lymfos,time1,20,17,0.4282394503846108,"[-0.03, 0.74]",0.06736800378975494,0.7864905583204208,False
Proteasome subunit alpha type-4,Lymfos,time1,20,17,-0.13487572758579827,"[-0.56, 0.34]",0.5819606426495768,0.9599322538236903,False
Coagulation factor XI,Lymfos,time1,20,17,-0.5739923324679277,"[-0.82, -0.16]",0.010172633582246321,0.7385516510769441,False
Collectin-11,Lymfos,time1,20,17,0.24254945063845557,"[-0.24, 0.63]",0.31706016887199484,0.9236478900056884,False
High mobility group protein B1,Lymfos,time1,20,17,0.09453927578653161,"[-0.38, 0.53]",0.7002558522564086,0.9648380336571762,False
Immunoglobulin lambda variable 3-16,Lymfos,time1,20,17,0.1916553083079808,"[-0.29, 0.59]",0.43185609443442474,0.9343133512273196,False
Prothrombin,Lymfos,time1,20,17,-0.18510003246416878,"[-0.59, 0.29]",0.4480622383945324,0.9361498868301301,False
Immunoglobulin kappa joining 1,Lymfos,time1,20,17,0.1380133629086407,"[-0.34, 0.56]",0.5731263756154714,0.9577130190205156,False
Immunoglobulin heavy variable 3-7,Lymfos,time1,20,17,-0.44167694582968764,"[-0.75, 0.02]",0.058328982196505536,0.780717100347183,False
Immunoglobulin heavy variable 3-74,Lymfos,time1,20,17,-0.2599465679917426,"[-0.64, 0.22]",0.28247751347321576,0.9173618316898402,False
Ezrin,Lymfos,time1,20,17,-0.20427746009894648,"[-0.60, 0.28]",0.40154003253139303,0.931256717265325,False
Intercellular adhesion molecule 2,Lymfos,time1,20,17,0.44112596923490516,"[-0.02, 0.75]",0.05868058355129225,0.780717100347183,False
Lysozyme C,Lymfos,time1,20,17,-0.31428726182041017,"[-0.67, 0.16]",0.19004501148947425,0.8786430972185097,False
Protein AMBP,Lymfos,time1,20,17,0.04207062261729933,"[-0.42, 0.49]",0.8642183307772903,0.9941217641720209,False
Prolyl endopeptidase FAP,Lymfos,time1,20,17,-0.05214296341943618,"[-0.49, 0.41]",0.832107674765742,0.9906439255230137,False
"Actin, cytoplasmic 2",Lymfos,time1,20,17,-0.09905993051951996,"[-0.53, 0.37]",0.6866001679739417,0.9648380336571762,False
Kallistatin,Lymfos,time1,20,17,-0.05500490086073177,"[-0.50, 0.41]",0.8230278529730762,0.9895207784928999,False
Hemopexin,Lymfos,time1,20,17,0.32973922972653485,"[-0.15, 0.68]",0.16800411023694806,0.867816664987516,False
C4b-binding protein beta chain,Lymfos,time1,20,17,0.31877378486695274,"[-0.16, 0.68]",0.18345601083002872,0.8782530552193797,False
Peptidyl-prolyl cis-trans isomerase A,Lymfos,time1,20,17,0.2521856383379219,"[-0.23, 0.63]",0.29760598462303656,0.9200359940361522,False
Complement C1r subcomponent-like protein,Lymfos,time1,20,17,0.3306824197429153,"[-0.15, 0.68]",0.1667178750754807,0.867816664987516,False
Immunoglobulin heavy variable 3-30;Immunoglobulin heavy variable 3-30-5,Lymfos,time1,20,17,-0.1447468748157535,"[-0.56, 0.33]",0.5543657101539322,0.9571984418476326,False
Immunoglobulin lambda variable 3-9,Lymfos,time1,20,17,-0.23720195282306863,"[-0.62, 0.24]",0.3281749562079349,0.9236478900056884,False
Immunoglobulin heavy variable 1-45,Lymfos,time1,20,17,-0.2915051019881316,"[-0.66, 0.19]",0.22593550945642416,0.8982115991698657,False
Hemoglobin subunit gamma-1,Lymfos,time1,20,17,-0.025357618912327344,"[-0.47, 0.43]",0.9179285410491234,0.9985551599450393,False
Apolipoprotein F,Lymfos,time1,20,17,-0.18477509217946933,"[-0.59, 0.29]",0.44887363398061175,0.9361498868301301,False
Immunoglobulin gamma-1 heavy chain,Lymfos,time1,20,17,-0.19924278209161891,"[-0.60, 0.28]",0.4134904770456207,0.9324135167651676,False
Low affinity immunoglobulin gamma Fc region receptor III-B,Lymfos,time1,20,17,0.3391422436866926,"[-0.14, 0.69]",0.15548103526948234,0.8664842517941643,False
Multiple epidermal growth factor-like domains protein 8,Lymfos,time1,20,17,-0.3029460364220228,"[-0.67, 0.18]",0.20740066195657905,0.8943978861972101,False
Complement C4-B,Lymfos,time1,20,17,0.09500846512308199,"[-0.38, 0.53]",0.6988343718668942,0.9648380336571762,False
Glyceraldehyde-3-phosphate dehydrogenase,Lymfos,time1,20,17,0.27936304073828394,"[-0.20, 0.65]",0.2467454783445872,0.8982115991698657,False
Complement C1r subcomponent,Lymfos,time1,20,17,0.10463774670762585,"[-0.37, 0.53]",0.6698787062181719,0.9648380336571762,False
Sex hormone-binding globulin,Lymfos,time1,20,17,0.2885744820411009,"[-0.19, 0.66]",0.2308504680206996,0.8982115991698657,False
Biotinidase,Lymfos,time1,20,17,-0.15756562547395034,"[-0.57, 0.32]",0.5194266941150373,0.9529295397056773,False
Cholinesterase,Lymfos,time1,20,17,0.38297891760521424,"[-0.09, 0.71]",0.105567842751804,0.828669719073285,False
Immunoglobulin heavy variable 2-5,Lymfos,time1,20,17,0.20991659174988694,"[-0.27, 0.61]",0.38838152370359824,0.931256717265325,False
Immunoglobulin lambda variable 1-36,Lymfos,time1,20,17,0.2695224126853207,"[-0.21, 0.64]",0.26447700668838525,0.9141363765406115,False
Immunoglobulin kappa variable 3-11,Lymfos,time1,20,17,0.3573051379870476,"[-0.12, 0.70]",0.1331452428945773,0.847666490299985,False
Immunoglobulin kappa variable 6-21,Lymfos,time1,20,17,-0.11301398758292307,"[-0.54, 0.36]",0.6450468718631563,0.9623162852441542,False
Immunoglobulin kappa light chain,Lymfos,time1,20,17,0.040775927257167985,"[-0.42, 0.49]",0.868361711564916,0.9952750807277061,False
Neuropilin-1,Lymfos,time1,20,17,0.021350157553784433,"[-0.44, 0.47]",0.9308666123436892,0.9989122224583239,False
Ficolin-2,Lymfos,time1,20,17,-0.03175928795953754,"[-0.48, 0.43]",0.8973029646025408,0.997559861248858,False
Gamma-glutamyl hydrolase,Lymfos,time1,20,17,0.1582704683012666,"[-0.32, 0.57]",0.5175360270050542,0.9529295397056773,False
Keratinocyte proline-rich protein,Lymfos,time1,20,17,-0.023948454535244704,"[-0.47, 0.43]",0.9224759329589447,0.9988788261324435,False
Kyphoscoliosis peptidase,Lymfos,time1,20,17,0.2947517027446694,"[-0.18, 0.66]",0.22057041396175175,0.8982115991698657,False
Laminin subunit alpha-2,Lymfos,time1,20,17,0.12373852191885462,"[-0.35, 0.55]",0.6137739643152135,0.9621706909906743,False
Desmoglein-1,Lymfos,time1,20,17,0.4189992541371788,"[-0.04, 0.73]",0.07416456613224677,0.7963212415647299,False
Immunoglobulin lambda variable 3-27,Lymfos,time1,20,17,-0.48175439479640036,"[-0.77, -0.04]",0.036744814278544896,0.780717100347183,False
Myosin-9,Lymfos,time1,20,17,-0.09389314714611739,"[-0.53, 0.38]",0.7022149588235074,0.9652202959832364,False
Versican core protein,Lymfos,time1,20,17,0.420238356963696,"[-0.04, 0.73]",0.07322478261929315,0.7963212415647299,False
Proteasome subunit beta type-3,Lymfos,time1,20,17,0.02537593110249762,"[-0.43, 0.47]",0.917869463129301,0.9985551599450393,False
Alpha-N-acetylglucosaminidase,Lymfos,time1,20,17,0.1049714302630155,"[-0.37, 0.53]",0.6688829772075311,0.9648380336571762,False
Caspase-14,Lymfos,time1,20,17,0.032903995241650906,"[-0.43, 0.48]",0.893621090400843,0.997559861248858,False
Histidine-rich glycoprotein,Lymfos,time1,20,17,-0.4016011846048355,"[-0.72, 0.06]",0.08832291894290589,0.8154186244354011,False
"ATP synthase subunit alpha, mitochondrial",Lymfos,time1,20,17,0.06278697663476814,"[-0.40, 0.50]",0.7984500425735269,0.9840896993583559,False
Immunoglobulin kappa constant,Lymfos,time1,20,17,0.03972402379258829,"[-0.42, 0.49]",0.8717305171122793,0.9952750807277061,False
Interleukin-1 receptor accessory protein,Lymfos,time1,20,17,-0.19172940403063982,"[-0.59, 0.29]",0.4316746970837928,0.9343133512273196,False
Immunoglobulin lambda variable 9-49,Lymfos,time1,20,17,0.09427328134508915,"[-0.38, 0.53]",0.7010621471168047,0.9648380336571762,False
Plexin domain-containing protein 2,Lymfos,time1,20,17,0.35066257786102284,"[-0.12, 0.69]",0.1410348473830005,0.8558309360858758,False
Immunoglobulin heavy variable 4-28,Lymfos,time1,20,17,0.11218832697946486,"[-0.36, 0.54]",0.6474791915408507,0.9623162852441542,False
Desmoplakin,Lymfos,time1,20,17,0.4198582227647239,"[-0.04, 0.73]",0.07351214547694404,0.7963212415647299,False
Endoplasmin,Lymfos,time1,20,17,-0.02098553872281383,"[-0.47, 0.44]",0.932044654291659,0.9989122224583239,False
Heparin cofactor 2,Lymfos,time1,20,17,0.3764096446870542,"[-0.09, 0.71]",0.1121935152654746,0.8290414311110669,False
Laminin subunit gamma-1,Lymfos,time1,20,17,-0.19217818481164928,"[-0.59, 0.29]",0.43057687276685697,0.9343133512273196,False
Polymeric immunoglobulin receptor,Lymfos,time1,20,17,0.28076621626861265,"[-0.20, 0.65]",0.2442803806467586,0.8982115991698657,False
Serum amyloid A-4 protein,Lymfos,time1,20,17,0.20353195010455544,"[-0.28, 0.60]",0.4032976067562478,0.9318821411825824,False
Catalase,Lymfos,time1,20,17,0.060297793062656174,"[-0.41, 0.50]",0.806292945553879,0.9840896993583559,False
Complement receptor type 1,Lymfos,time1,20,17,-0.34793026185608816,"[-0.69, 0.13]",0.14437290267395492,0.8558309360858758,False
Immunoglobulin kappa variable 1-27,Lymfos,time1,20,17,0.144183217578129,"[-0.33, 0.56]",0.5559256171764317,0.9571984418476326,False
Immunoglobulin kappa variable 2-30,Lymfos,time1,20,17,0.04536807870600591,"[-0.42, 0.49]",0.8536811139197573,0.9928150111527771,False
Protein-glutamine gamma-glutamyltransferase E,Lymfos,time1,20,17,0.1994471968604104,"[-0.28, 0.60]",0.413001582262267,0.9324135167651676,False
Periostin,Lymfos,time1,20,17,-0.15573607538645234,"[-0.57, 0.32]",0.5243493318861776,0.9529295397056773,False
Albumin,Lymfos,time1,20,17,-0.007778470828790364,"[-0.46, 0.45]",0.9747878405684833,0.9989122224583239,False
Complement factor B,Lymfos,time1,20,17,-0.1380133629086407,"[-0.56, 0.34]",0.5731263756154714,0.9577130190205156,False
Probable non-functional immunoglobulinn kappa variable 1-37;Probable non-functional immunoglobulinn kappa variable 1D-37,Lymfos,time1,20,17,-0.2946353078055885,"[-0.66, 0.18]",0.22076131223413886,0.8982115991698657,False
Immunoglobulin lambda variable 8-61,Lymfos,time1,20,17,0.13158134918212236,"[-0.34, 0.55]",0.5912978820658336,0.9610066239456336,False
Annexin A1,Lymfos,time1,20,17,-0.039922457874156984,"[-0.49, 0.42]",0.8710948524263719,0.9952750807277061,False
CD5 antigen-like,Lymfos,time1,20,17,-0.17929566728559287,"[-0.59, 0.30]",0.46266950974348164,0.9399490057022261,False
RB-associated KRAB zinc finger protein,Lymfos,time1,20,17,0.07348416586819918,"[-0.39, 0.51]",0.7649638927815445,0.9746109310501495,False
Immunoglobulin lambda variable 7-46,Lymfos,time1,20,17,0.3828165980068775,"[-0.09, 0.71]",0.10572807740800239,0.828669719073285,False
Basement membrane-specific heparan sulfate proteoglycan core protein,Lymfos,time1,20,17,-0.27903968857961775,"[-0.65, 0.20]",0.24731577890418582,0.8982115991698657,False
Vitamin K-dependent protein C,Lymfos,time1,20,17,-0.03741074065275359,"[-0.48, 0.42]",0.8791463571578766,0.995958470840817,False
Immunoglobulin lambda variable 1-40,Lymfos,time1,20,17,0.17714163103765795,"[-0.30, 0.58]",0.4681510179972551,0.9399490057022261,False
Pantetheinase,Lymfos,time1,20,17,-0.13958697685823776,"[-0.56, 0.34]",0.5687176290561147,0.9575202748664524,False
Neutrophil defensin 1;Neutrophil defensin 3,Lymfos,time1,20,17,-0.07523458834318608,"[-0.51, 0.39]",0.7595205774126127,0.9745063647413549,False
Immunoglobulin lambda variable 2-8,Lymfos,time1,20,17,-0.5484872542396456,"[-0.80, -0.13]",0.015030163174669313,0.7677137594604839,False
Immunoglobulin heavy variable 1-18,Lymfos,time1,20,17,0.0659422587737134,"[-0.40, 0.51]",0.7885349874485895,0.9809480629991617,False
Immunoglobulin kappa variable 3D-15,Lymfos,time1,20,17,0.1765802306843174,"[-0.30, 0.58]",0.4695849938673644,0.940339533890081,False
Extracellular matrix protein 1,Lymfos,time1,20,17,-0.02611844067807821,"[-0.47, 0.43]",0.9154743642907837,0.9985551599450393,False
Tubulin alpha-1B chain,Lymfos,time1,20,17,0.3270641665215627,"[-0.15, 0.68]",0.17168887175114772,0.867816664987516,False
Immunoglobulin lambda variable 5-45,Lymfos,time1,20,17,-0.0930688343632907,"[-0.53, 0.38]",0.7047169428028437,0.9656789320774398,False
Alpha-2-HS-glycoprotein,Lymfos,time1,20,17,0.3774900882208954,"[-0.09, 0.71]",0.11108384890635646,0.8290414311110669,False
Cartilage acidic protein 1,Lymfos,time1,20,17,-0.4814702245484772,"[-0.77, -0.03]",0.03687209998281139,0.780717100347183,False
Coagulation factor IX,Lymfos,time1,20,17,0.43855759339465605,"[-0.02, 0.74]",0.060340689921721466,0.7812916959070765,False
Integrin alpha-2,Lymfos,time1,20,17,-0.17931850388245707,"[-0.59, 0.30]",0.46261157089888283,0.9399490057022261,False
"Mannosyl-oligosaccharide 1,2-alpha-mannosidase IA",Lymfos,time1,20,17,0.028629486050808544,"[-0.43, 0.48]",0.9073798141215508,0.997559861248858,False
Endophilin-A3,Lymfos,time1,20,17,-0.31077222548873507,"[-0.67, 0.17]",0.1953165312645056,0.8870022643261535,False
Collagen alpha-1(I) chain,Lymfos,time1,20,17,0.45560192946819017,"[0.00, 0.75]",0.049959546916201344,0.780717100347183,False
Carboxypeptidase N subunit 2,Lymfos,time1,20,17,0.2928738277522047,"[-0.19, 0.66]",0.22366343685060072,0.8982115991698657,False
Scavenger receptor cysteine-rich type 1 protein M130,Lymfos,time1,20,17,0.1199977287853794,"[-0.35, 0.54]",0.6246133265029454,0.9621706909906743,False
Annexin A5,Lymfos,time1,20,17,0.23541047043172403,"[-0.24, 0.62]",0.33194923223448136,0.9236478900056884,False
Platelet factor 4,Lymfos,time1,20,17,-0.1145628633263454,"[-0.54, 0.36]",0.6404933395259866,0.9621706909906743,False
Immunoglobulin heavy variable 3-72,Lymfos,time1,20,17,0.14066137026688907,"[-0.33, 0.56]",0.5657160221975448,0.9574313225752206,False
Protein HEG homolog 1,Lymfos,time1,20,17,0.2772763053487401,"[-0.20, 0.65]",0.2504406238941229,0.9010501812845132,False
Sulfhydryl oxidase 1,Lymfos,time1,20,17,-0.061191477397363504,"[-0.50, 0.40]",0.8034750531453012,0.9840896993583559,False
Corticosteroid-binding globulin,Lymfos,time1,20,17,0.349979258649356,"[-0.12, 0.69]",0.14186455361056746,0.8558309360858758,False
Angiopoietin-related protein 6,Lymfos,time1,20,17,-0.07025609520124404,"[-0.51, 0.40]",0.7750298197720596,0.9782663179653326,False
72 kDa type IV collagenase,Lymfos,time1,20,17,-0.3575549630874567,"[-0.70, 0.12]",0.13285470577599257,0.847666490299985,False
Trypsin-3,Lymfos,time1,20,17,0.01513428889888458,"[-0.44, 0.47]",0.9509662755414456,0.9989122224583239,False
Complement component C9,Lymfos,time1,20,17,0.15779183681260417,"[-0.32, 0.57]",0.5188195531627411,0.9529295397056773,False
Pyruvate kinase PKM,Lymfos,time1,20,17,0.2855810004284457,"[-0.19, 0.65]",0.2359415571634583,0.8982115991698657,False
Immunoglobulin heavy variable 4-34,Lymfos,time1,20,17,0.12104143030661671,"[-0.35, 0.55]",0.6215815319514788,0.9621706909906743,False
Immunoglobulin kappa variable 6D-21,Lymfos,time1,20,17,0.3829230426861172,"[-0.09, 0.71]",0.10562298021927925,0.828669719073285,False
Immunoglobulin lambda-1 light chain,Lymfos,time1,20,17,-0.1510915396036193,"[-0.57, 0.33]",0.5369427074514799,0.954665480182609,False
Transforming growth factor-beta-induced protein ig-h3,Lymfos,time1,20,17,0.028768790133473523,"[-0.43, 0.48]",0.9069310052099266,0.997559861248858,False
Complement C1q subcomponent subunit A,Lymfos,time1,20,17,-0.11383580326679522,"[-0.54, 0.36]",0.6426293009356969,0.9621706909906743,False
Prolow-density lipoprotein receptor-related protein 1,Lymfos,time1,20,17,0.03786183267120233,"[-0.42, 0.48]",0.8776994871283285,0.995958470840817,False
Immunoglobulin heavy constant mu,Lymfos,time1,20,17,-0.03133681748663264,"[-0.48, 0.43]",0.8986623242443397,0.997559861248858,False
UV-stimulated scaffold protein A,Lymfos,time1,20,17,0.3227311135545319,"[-0.15, 0.68]",0.1777732778539392,0.8712701987397574,False
Complement component C6,Lymfos,time1,20,17,-0.4596679261772074,"[-0.76, -0.01]",0.04769742503841092,0.780717100347183,False
Angiotensinogen,Lymfos,time1,20,17,0.5320301267576543,"[0.10, 0.79]",0.01904244756424461,0.780717100347183,False
Pregnancy zone protein,Lymfos,time1,20,17,0.0678144263081932,"[-0.40, 0.51]",0.7826665283725139,0.9798483719442739,False
Histone H2A type 1-B/E;Histone H2A type 3;Histone H2A type 1-C,Lymfos,time1,20,17,0.07008754732303255,"[-0.40, 0.51]",0.7755563537481048,0.9787474674174921,False
Desmocollin-1,Lymfos,time1,20,17,0.274243509246921,"[-0.21, 0.65]",0.25587326797785,0.9052412167881767,False
Protein Z-dependent protease inhibitor,Lymfos,time1,20,17,0.3069031365108955,"[-0.17, 0.67]",0.20123059104514227,0.8932675017125827,False
Immunoglobulin kappa variable 1-17,Lymfos,time1,20,17,-0.31481323064335603,"[-0.67, 0.16]",0.18926448497378612,0.8786430972185097,False
Fibronectin,Lymfos,time1,20,17,0.015039432910436147,"[-0.44, 0.47]",0.9512732518007216,0.9989122224583239,False
Probable non-functional immunoglobulin heavy variable 3-38,Lymfos,time1,20,17,0.10171822225763869,"[-0.37, 0.53]",0.6786130537094897,0.9648380336571762,False
Nucleoside diphosphate kinase 3,Lymfos,time1,20,17,-0.04113399372214096,"[-0.49, 0.42]",0.8672154672632916,0.9948150501067204,False
Plasma protease C1 inhibitor,Lymfos,time1,20,17,0.03159856759614117,"[-0.43, 0.48]",0.8978200734613471,0.997559861248858,False
Immunoglobulin kappa variable 1-16,Lymfos,time1,20,17,0.20083745955945295,"[-0.28, 0.60]",0.4096847833899855,0.9319993199855614,False
F-actin-capping protein subunit alpha-1,Lymfos,time1,20,17,0.13145023744678178,"[-0.34, 0.55]",0.5916707818727163,0.9610066239456336,False
Cathepsin D,Lymfos,time1,20,17,0.17500999355084756,"[-0.30, 0.58]",0.47360750835906096,0.9413399766352809,False
Anthrax toxin receptor 2,Lymfos,time1,20,17,0.18983487701855317,"[-0.29, 0.59]",0.4363253623321366,0.9360268564138758,False
Talin-1,Lymfos,time1,20,17,-0.13328442482498531,"[-0.55, 0.34]",0.5864630489935724,0.9604968661816792,False
Protein disulfide-isomerase,Lymfos,time1,20,17,-0.0011359124519228513,"[-0.46, 0.45]",0.9963176508382058,0.9992855318356386,False
Junction plakoglobin,Lymfos,time1,20,17,0.44881061075963896,"[-0.01, 0.75]",0.053918794879431124,0.780717100347183,False
Tenascin,Lymfos,time1,20,17,0.27987885674899976,"[-0.20, 0.65]",0.2458374603497262,0.8982115991698657,False
Cadherin-related family member 5,Lymfos,time1,20,17,-0.07781000295672334,"[-0.51, 0.39]",0.7515314781642931,0.9742709497578206,False
Kininogen-1,Lymfos,time1,20,17,-0.28568198165862624,"[-0.65, 0.19]",0.2357686499191622,0.8982115991698657,False
Alpha-1-antichymotrypsin,Lymfos,time1,20,17,-0.199922857886725,"[-0.60, 0.28]",0.41186515825294534,0.9324135167651676,False
Integrin alpha-IIb,Lymfos,time1,20,17,-0.2776534395888158,"[-0.65, 0.20]",0.24977021931721424,0.9009574466564348,False
Serum amyloid P-component,Lymfos,time1,20,17,-0.5534690679979474,"[-0.81, -0.13]",0.013959229104565101,0.7677137594604839,False
Inter-alpha-trypsin inhibitor heavy chain H1,Lymfos,time1,20,17,0.46627990142007053,"[0.02, 0.76]",0.04418674764931718,0.780717100347183,False
Probable non-functional immunoglobulin heavy variable 3-35,Lymfos,time1,20,17,-0.2428625155588482,"[-0.63, 0.24]",0.31641649961019896,0.9236478900056884,False
Immunoglobulin kappa variable 1-5,Lymfos,time1,20,17,-0.3533991822766983,"[-0.70, 0.12]",0.1377459344370259,0.8528097685297457,False
Band 3 anion transport protein,Lymfos,time1,20,17,-0.2052595763086694,"[-0.60, 0.27]",0.39923103705820595,0.931256717265325,False
Immunoglobulin lambda variable 7-43,Lymfos,time1,20,17,0.18795144194424251,"[-0.29, 0.59]",0.4409746705162606,0.9361498868301301,False
Peroxiredoxin-1,Lymfos,time1,20,17,0.12809493156021584,"[-0.35, 0.55]",0.6012469035574828,0.9621706909906743,False
Matrix metalloproteinase-9,Lymfos,time1,20,17,-0.3364141711048074,"[-0.69, 0.14]",0.1590459229926251,0.867816664987516,False
Multimerin-2,Lymfos,time1,20,17,0.24382569279984515,"[-0.24, 0.63]",0.31444107314360786,0.9236478900056884,False
Immunoglobulin heavy variable 1-3,Lymfos,time1,20,17,-0.24646253208957153,"[-0.63, 0.23]",0.30907085008840013,0.9236478900056884,False
Podocalyxin,Lymfos,time1,20,17,-0.3621004239894315,"[-0.70, 0.11]",0.12764610369569526,0.8443701987100314,False
Immunoglobulin lambda variable 1-51,Lymfos,time1,20,17,-0.1984883161062732,"[-0.60, 0.28]",0.4152976106383435,0.9324135167651676,False
Cadherin-13,Lymfos,time1,20,17,-0.07959920273998186,"[-0.52, 0.39]",0.7459954245207865,0.9738797723547303,False
Plastin-2,Lymfos,time1,20,17,-0.10982460003506378,"[-0.54, 0.36]",0.6544613780115419,0.9627206746105794,False
Inter-alpha-trypsin inhibitor heavy chain H4,Lymfos,time1,20,17,0.37205202763717443,"[-0.10, 0.71]",0.11674959297560888,0.8291287868992757,False
Fructose-bisphosphate aldolase B,Lymfos,time1,20,17,-0.14450023135291704,"[-0.56, 0.33]",0.5550480501796419,0.9571984418476326,False
Mannan-binding lectin serine protease 2,Lymfos,time1,20,17,-0.004677724583187467,"[-0.46, 0.45]",0.9848367464292644,0.9989122224583239,False
Platelet glycoprotein 4,Lymfos,time1,20,17,-0.44893315881568274,"[-0.75, 0.01]",0.05384530846075455,0.780717100347183,False
Hemoglobin subunit alpha,Lymfos,time1,20,17,0.025104195855328953,"[-0.43, 0.47]",0.9187461646515727,0.9985551599450393,False
Immunoglobulin lambda variable 3-10,Lymfos,time1,20,17,-0.19501737577895797,"[-0.60, 0.28]",0.4236657617941274,0.9324135167651676,False
Serum paraoxonase/lactonase 3,Lymfos,time1,20,17,0.04971125977700231,"[-0.41, 0.49]",0.8398386062158639,0.9906439255230137,False
Dopamine beta-hydroxylase,Lymfos,time1,20,17,0.10810100167466893,"[-0.36, 0.54]",0.6595701085201899,0.9630236411946936,False
Triosephosphate isomerase,Lymfos,time1,20,17,0.16192650309282972,"[-0.32, 0.57]",0.5077813350861446,0.9521459598740973,False
Endoplasmic reticulum chaperone BiP,Lymfos,time1,20,17,0.06040902628674017,"[-0.40, 0.50]",0.8059420887728967,0.9840896993583559,False
Suprabasin,Lymfos,time1,20,17,0.13554564250135168,"[-0.34, 0.56]",0.5800695972775272,0.9591963163346238,False
Immunoglobulin kappa variable 3-20,Lymfos,time1,20,17,0.2926272848930274,"[-0.19, 0.66]",0.22407159554093756,0.8982115991698657,False
Ficolin-1,Lymfos,time1,20,17,0.051309536891085375,"[-0.41, 0.49]",0.8347556990347548,0.9906439255230137,False
Autotaxin,Lymfos,time1,20,17,0.2366877552189063,"[-0.24, 0.62]",0.329255664580385,0.9236478900056884,False
Histidine ammonia-lyase,Lymfos,time1,20,17,0.06259817000312214,"[-0.40, 0.50]",0.7990442957599935,0.9840896993583559,False
Noelin,Lymfos,time1,20,17,0.07313891735869607,"[-0.39, 0.51]",0.7660387726777581,0.9750590716290142,False
Prenylcysteine oxidase 1,Lymfos,time1,20,17,-0.3831716598888604,"[-0.71, 0.09]",0.10537780344634516,0.828669719073285,False
Immunoglobulin delta heavy chain,Lymfos,time1,20,17,-0.5180028965185618,"[-0.79, -0.08]",0.023094660547382906,0.780717100347183,False
Antithrombin-III,Lymfos,time1,20,17,0.427660816344917,"[-0.03, 0.74]",0.06777942594371683,0.786942507422395,False
Complement component C7,Lymfos,time1,20,17,-0.22498357101043523,"[-0.62, 0.26]",0.35441830421039555,0.9275759271483885,False
BOS complex subunit NOMO3;BOS complex subunit NOMO1;BOS complex subunit NOMO2,Lymfos,time1,20,17,-0.3632771019418839,"[-0.70, 0.11]",0.12632160534446987,0.8413943525120279,False
Cofilin-1,Lymfos,time1,20,17,-0.013519723107183175,"[-0.46, 0.44]",0.9561922573568397,0.9989122224583239,False
Histone H4,Lymfos,time1,20,17,0.061999436351092806,"[-0.40, 0.50]",0.800929458299525,0.9840896993583559,False
Serum amyloid A-1 protein,Lymfos,time1,20,17,-0.10377798102092566,"[-0.53, 0.37]",0.672446718232544,0.9648380336571762,False
Transferrin receptor protein 1,Lymfos,time1,20,17,0.35919262406619684,"[-0.11, 0.70]",0.13096119978272447,0.847666490299985,False
Serpin B12,Lymfos,time1,20,17,0.44511910971549756,"[-0.01, 0.75]",0.056168239044946534,0.780717100347183,False
Immunoglobulin kappa variable 3D-20,Lymfos,time1,20,17,0.1414590810633428,"[-0.33, 0.56]",0.5634918856074596,0.9574313225752206,False
Probable non-functional immunoglobulin heavy variable 3-16,Lymfos,time1,20,17,-0.26950328860539474,"[-0.64, 0.21]",0.26451222225408166,0.9141363765406115,False
Immunoglobulin lambda variable 6-57,Lymfos,time1,20,17,0.1705578272198795,"[-0.31, 0.58]",0.48510562875481267,0.9447457823105017,False
Fibrinogen alpha chain,Lymfos,time1,20,17,-0.00907898057131563,"[-0.46, 0.45]",0.970574144116355,0.9989122224583239,False
Galectin-3-binding protein,Lymfos,time1,20,17,0.12809318381352405,"[-0.35, 0.55]",0.6012519081890803,0.9621706909906743,False
Macrophage colony-stimulating factor 1 receptor,Lymfos,time1,20,17,0.12232778177150348,"[-0.35, 0.55]",0.6178528942027436,0.9621706909906743,False
Phosphatidylinositol-glycan-specific phospholipase D,Lymfos,time1,20,17,-0.37886600235386636,"[-0.71, 0.09]",0.10968213661684904,0.8290414311110669,False
Serotransferrin,Lymfos,time1,20,17,0.42987185982727033,"[-0.03, 0.74]",0.0662173777242176,0.7850489816811291,False
Integrin alpha-11,Lymfos,time1,20,17,0.18333130302567063,"[-0.30, 0.59]",0.4524880064978246,0.9362868049217405,False
Proprotein convertase subtilisin/kexin type 9,Lymfos,time1,20,17,0.2926207829386744,"[-0.19, 0.66]",0.22408236625192612,0.8982115991698657,False
Gelsolin,Lymfos,time1,20,17,0.1228019849476247,"[-0.35, 0.55]",0.6164806089524818,0.9621706909906743,False
Proteoglycan 4,Lymfos,time1,20,17,-0.4624721531837495,"[-0.76, -0.01]",0.046183422163878766,0.780717100347183,False
Vascular cell adhesion protein 1,Lymfos,time1,20,17,0.4832655228535872,"[0.04, 0.77]",0.03607364468308424,0.780717100347183,False
Adhesion G protein-coupled receptor F5,Lymfos,time1,20,17,0.003760456599045753,"[-0.45, 0.46]",0.9878099149952112,0.9989122224583239,False
Insulin-like growth factor-binding protein 3,Lymfos,time1,20,17,0.11563404042065882,"[-0.36, 0.54]",0.6373513568820409,0.9621706909906743,False
Transthyretin,Lymfos,time1,20,17,0.08879948573877895,"[-0.38, 0.52]",0.7177214163047996,0.9656789320774398,False
Coiled-coil domain-containing protein 126,Lymfos,time1,20,17,0.37610359901514534,"[-0.09, 0.71]",0.11250927595007634,0.8290414311110669,False
Guanine nucleotide-binding protein G(i) subunit alpha-2,Lymfos,time1,20,17,0.025986320207673427,"[-0.43, 0.47]",0.9159004923271519,0.9985551599450393,False
Apolipoprotein C-I,Lymfos,time1,20,17,0.29363336882208707,"[-0.19, 0.66]",0.22240903245280227,0.8982115991698657,False
Syntenin-1,Lymfos,time1,20,17,-0.45203027930803014,"[-0.75, 0.00]",0.05201318310090644,0.780717100347183,False
Phospholipid transfer protein,Lymfos,time1,20,17,-0.29780431173083116,"[-0.66, 0.18]",0.21560222671386797,0.8982115991698657,False
Laminin subunit beta-1,Lymfos,time1,20,17,-0.12717300687786826,"[-0.55, 0.35]",0.6038891814306215,0.9621706909906743,False
Proline-rich protein 4,Lymfos,time1,20,17,0.3712285406506629,"[-0.10, 0.71]",0.11762518687096597,0.8291287868992757,False
Immunoglobulin kappa variable 2-28;Immunoglobulin kappa variable 2D-28,Lymfos,time1,20,17,-0.030704086489273377,"[-0.48, 0.43]",0.9006987317647372,0.997559861248858,False
Complement C3,Lymfos,time1,20,17,0.3574153780013834,"[-0.12, 0.70]",0.13301698293800857,0.847666490299985,False
Thyroxine-binding globulin,Lymfos,time1,20,17,0.4705193794437268,"[0.02, 0.76]",0.04204221828914509,0.780717100347183,False
Immunoglobulin kappa variable 1D-13;Immunoglobulin kappa variable 1-13,Lymfos,time1,20,17,-0.2203511570701989,"[-0.61, 0.26]",0.3646736676796202,0.9285871908420641,False
Complement factor H-related protein 5,Lymfos,time1,20,17,-0.34573205396515777,"[-0.69, 0.13]",0.14709805659510497,0.8564170936386176,False
Immunoglobulin lambda variable 2-23,Lymfos,time1,20,17,0.381104100545911,"[-0.09, 0.71]",0.10742926414478435,0.828669719073285,False
Coagulation factor VII,Lymfos,time1,20,17,-0.13009806087633768,"[-0.55, 0.34]",0.5955222677679737,0.961962834437533,False
Immunoglobulin heavy constant gamma 4,Lymfos,time1,20,17,0.08456222257508846,"[-0.38, 0.52]",0.7307020784593046,0.9705222477997942,False
L-lactate dehydrogenase B chain,Lymfos,time1,20,17,0.031184324617265897,"[-0.43, 0.48]",0.899153058596554,0.997559861248858,False
Zinc-alpha-2-glycoprotein,Lymfos,time1,20,17,0.31229062841747,"[-0.17, 0.67]",0.19302756189533138,0.8818504761215479,False
"Dihydrolipoyllysine-residue succinyltransferase component of 2-oxoglutarate dehydrogenase complex, mitochondrial",Lymfos,time1,20,17,-0.34111217097445484,"[-0.69, 0.13]",0.15294135299999248,0.8644305987562886,False
Serpin B3,Lymfos,time1,20,17,-0.09178721609604557,"[-0.52, 0.38]",0.7086127200713992,0.9656789320774398,False
Immunoglobulin heavy variable 3-33,Lymfos,time1,20,17,0.07868673322794265,"[-0.39, 0.51]",0.7488172725114656,0.9738797723547303,False
Follistatin-related protein 1,Lymfos,time1,20,17,-0.19165505858991924,"[-0.59, 0.29]",0.4318567058492193,0.9343133512273196,False
Cholesteryl ester transfer protein,Lymfos,time1,20,17,-0.21066731602541455,"[-0.61, 0.27]",0.38664797031993126,0.931256717265325,False
Complement C1q subcomponent subunit C,Lymfos,time1,20,17,-0.3681294970347798,"[-0.70, 0.10]",0.1209622670332483,0.8313974029708804,False
Immunoglobulin heavy variable 4-30-2,Lymfos,time1,20,17,0.09199995621910428,"[-0.38, 0.52]",0.7079655642879871,0.9656789320774398,False
Thrombospondin-4,Lymfos,time1,20,17,0.41343472549244303,"[-0.05, 0.73]",0.0784955523500094,0.8085910456185831,False
Transketolase,Lymfos,time1,20,17,0.2142798097560533,"[-0.27, 0.61]",0.3783663021049686,0.9300516392509022,False
Complement receptor type 2,Lymfos,time1,20,17,-0.014139810341986105,"[-0.47, 0.44]",0.9541849625903887,0.9989122224583239,False
Immunoglobulin kappa variable 2-40;Immunoglobulin kappa variable 2D-40,Lymfos,time1,20,17,0.2578916544107806,"[-0.22, 0.64]",0.2864361970507048,0.9177310147446764,False
Immunoglobulin kappa variable 3D-7,Lymfos,time1,20,17,-0.138751466884241,"[-0.56, 0.34]",0.5710566182717971,0.9575202748664524,False
Immunoglobulin heavy variable 3-64,Lymfos,time1,20,17,-0.1118425433339452,"[-0.54, 0.36]",0.6484988569108958,0.9623162852441542,False
Vitronectin,Lymfos,time1,20,17,-0.34811593321677603,"[-0.69, 0.13]",0.1441443438384771,0.8558309360858758,False
Complement component C8 gamma chain,Lymfos,time1,20,17,-0.20654674750799273,"[-0.60, 0.27]",0.39621586655342367,0.931256717265325,False
Immunoglobulin heavy variable 5-51,Lymfos,time1,20,17,0.18990305825181375,"[-0.29, 0.59]",0.43615753820148007,0.9360268564138758,False
Coagulation factor V,Lymfos,time1,20,17,-0.3616028564243462,"[-0.70, 0.11]",0.12820911816942118,0.8456025482398455,False
Protein S100-A7,Lymfos,time1,20,17,0.016372753857899425,"[-0.44, 0.47]",0.946958933968794,0.9989122224583239,False
Arginase-1,Lymfos,time1,20,17,0.15103091192020868,"[-0.33, 0.57]",0.5371080038683358,0.954665480182609,False
Protein-glutamine gamma-glutamyltransferase K,Lymfos,time1,20,17,0.2913615439182408,"[-0.19, 0.66]",0.22617467822234494,0.8982115991698657,False
Immunoglobulin kappa variable 4-1,Lymfos,time1,20,17,0.36705021452604475,"[-0.10, 0.70]",0.12214008251917552,0.8313974029708804,False
Coagulation factor XIII B chain,Lymfos,time1,20,17,-0.3924368573699376,"[-0.72, 0.08]",0.0965305031431799,0.8179364288014818,False
Apolipoprotein C-II,Lymfos,time1,20,17,0.11199667314749166,"[-0.36, 0.54]",0.6480442765383507,0.9623162852441542,False
Bone marrow proteoglycan,Lymfos,time1,20,17,-0.130742898440836,"[-0.55, 0.34]",0.5936842417840156,0.961962834437533,False
Apolipoprotein A-I,Lymfos,time1,20,17,0.5475126855576277,"[0.12, 0.80]",0.015247141439777848,0.7677137594604839,False
Coagulation factor X,Lymfos,time1,20,17,0.1319065670433309,"[-0.34, 0.55]",0.5903733417280101,0.9610066239456336,False
Thioredoxin,Lymfos,time1,20,17,0.2616272670295766,"[-0.22, 0.64]",0.27926491497785266,0.9170614304794888,False
Immunoglobulin heavy variable 3-15,Lymfos,time1,20,17,-0.2925827865750952,"[-0.66, 0.19]",0.22414531525752338,0.8982115991698657,False
Proteasome subunit beta type-2,Lymfos,time1,20,17,-0.06181178629493773,"[-0.50, 0.40]",0.8015205074541286,0.9840896993583559,False
Apolipoprotein A-II,Lymfos,time1,20,17,0.19082054793909492,"[-0.29, 0.59]",0.43390248203220916,0.9350755875607188,False
Immunoglobulin heavy constant gamma 2,Lymfos,time1,20,17,-0.003155556657699412,"[-0.46, 0.45]",0.9897706820466893,0.9989126836088675,False
Plakophilin-1,Lymfos,time1,20,17,0.5819811831531071,"[0.17, 0.82]",0.008944826401112067,0.7385516510769441,False
Fetuin-B,Lymfos,time1,20,17,0.3533044546704884,"[-0.12, 0.70]",0.13785887471637417,0.8528097685297457,False
Complement factor H-related protein 3,Lymfos,time1,20,17,0.031440364711781375,"[-0.43, 0.48]",0.8983291209834567,0.997559861248858,False
Plasminogen,Lymfos,time1,20,17,-0.21375501609154238,"[-0.61, 0.27]",0.3795631910763383,0.9306754732938034,False
Fermitin family homolog 3,Lymfos,time1,20,17,-0.12585820296479633,"[-0.55, 0.35]",0.6076656409988082,0.9621706909906743,False
Immunoglobulin heavy variable 3-21,Lymfos,time1,20,17,-0.020541418281744637,"[-0.47, 0.44]",0.933479739402696,0.9989122224583239,False
Immunoglobulin heavy variable 2-26,Lymfos,time1,20,17,0.12770560988367963,"[-0.35, 0.55]",0.6023621387178355,0.9621706909906743,False
Immunoglobulin kappa variable 1-12;Immunoglobulin kappa variable 1D-12,Lymfos,time1,20,17,-0.15738489093518787,"[-0.57, 0.32]",0.5199120167022834,0.9529295397056773,False
Immunoglobulin heavy constant gamma 3,Lymfos,time1,20,17,0.4313894715479945,"[-0.03, 0.74]",0.06516091129101653,0.7845863525077257,False
Immunoglobulin kappa variable 2D-29,Lymfos,time1,20,17,-0.17132917429873787,"[-0.58, 0.31]",0.4831037777083157,0.9447457823105017,False
Neogenin,Lymfos,time1,20,17,-0.1838738784648305,"[-0.59, 0.29]",0.4511279779351295,0.9361498868301301,False
Immunoglobulin heavy variable 6-1,Lymfos,time1,20,17,0.2637242329828249,"[-0.22, 0.64]",0.2752884192457205,0.9170614304794888,False
L-selectin,Lymfos,time1,20,17,0.20118442804895148,"[-0.28, 0.60]",0.40885925883921403,0.9318821411825824,False
Immunoglobulin lambda constant 3,Lymfos,time1,20,17,-0.4999901492727801,"[-0.78, -0.06]",0.029261727972896695,0.780717100347183,False
A disintegrin and metalloproteinase with thrombospondin motifs 13,Lymfos,time1,20,17,0.03918784471088206,"[-0.42, 0.48]",0.8734484912374104,0.9957221930646,False
von Willebrand factor,Lymfos,time1,20,17,0.13970512960759093,"[-0.34, 0.56]",0.5683871994659575,0.9575202748664524,False
Neutral alpha-glucosidase AB,Lymfos,time1,20,17,0.32872046843056013,"[-0.15, 0.68]",0.16940098582987576,0.867816664987516,False
Carbonic anhydrase 1,Lymfos,time1,20,17,-0.08445223491687792,"[-0.52, 0.38]",0.7310399726604051,0.9705881655944733,False
Immunoglobulin lambda variable 4-60,Lymfos,time1,20,17,0.2215014542055514,"[-0.26, 0.61]",0.362111536535644,0.9285871908420641,False
Integrin beta-1,Lymfos,time1,20,17,0.2242252532900301,"[-0.26, 0.62]",0.3560856522000554,0.9283317003155915,False
Immunoglobulin lambda variable 3-12,Lymfos,time1,20,17,0.3730203007785573,"[-0.10, 0.71]",0.1157260090948029,0.8290414311110669,False
Alpha-amylase 1B;Alpha-amylase 1C;Alpha-amylase 1A,Lymfos,time1,20,17,0.018990818341776263,"[-0.44, 0.47]",0.9384917015428915,0.9989122224583239,False
Lumican,Lymfos,time1,20,17,0.1943900610841149,"[-0.28, 0.60]",0.42518766219786497,0.9324335195406078,False
Beta-Ala-His dipeptidase,Lymfos,time1,20,17,0.12566540336838689,"[-0.35, 0.55]",0.6082202153359855,0.9621706909906743,False
Immunoglobulin alpha-2 heavy chain,Lymfos,time1,20,17,0.14179973774838386,"[-0.33, 0.56]",0.5625432526027112,0.9574313225752206,False
Complement C5,Lymfos,time1,20,17,-0.2521733175012348,"[-0.63, 0.23]",0.29763038527411634,0.9200359940361522,False
Protein S100-A8,Lymfos,time1,20,17,-0.28958198774924876,"[-0.66, 0.19]",0.22915305619098747,0.8982115991698657,False
Immunoglobulin lambda variable 3-25,Lymfos,time1,20,17,-0.21531870669232553,"[-0.61, 0.26]",0.37600314278110625,0.9300516392509022,False
Leukocyte immunoglobulin-like receptor subfamily B member 3;Leukocyte immunoglobulin-like receptor subfamily A member 6,Lymfos,time1,20,17,-0.04658438300045349,"[-0.49, 0.42]",0.8498002274720737,0.991249088174675,False
Collagen alpha-3(VI) chain,Lymfos,time1,20,17,0.03846348301557554,"[-0.42, 0.48]",0.875770282207434,0.995958470840817,False
Immunoglobulin kappa variable 1-39;Immunoglobulin kappa variable 1D-39,Lymfos,time1,20,17,-2.4525428531898484e-16,"[-0.45, 0.45]",0.9999999999999992,1.0,False
Bleomycin hydrolase,Lymfos,time1,20,17,0.21203770728322074,"[-0.27, 0.61]",0.38349458608677744,0.931256717265325,False
CD166 antigen,Lymfos,time1,20,17,-0.2428784596991456,"[-0.63, 0.24]",0.31638373892368776,0.9236478900056884,False
Beta-2-microglobulin,Lymfos,time1,20,17,-0.3239324869298547,"[-0.68, 0.15]",0.17607192808436203,0.8679180027342512,False
Amino acid transporter heavy chain SLC3A2,Lymfos,time1,20,17,-0.06658921515644556,"[-0.51, 0.40]",0.7865058006839418,0.9809449094133241,False
Haptoglobin-related protein,Lymfos,time1,20,17,0.37651502845073287,"[-0.09, 0.71]",0.11208493325126088,0.8290414311110669,False
Alpha-1-acid glycoprotein 1,Lymfos,time1,20,17,0.022199871434694624,"[-0.44, 0.47]",0.9281218215464113,0.9989122224583239,False
Serum paraoxonase/arylesterase 1,Lymfos,time1,20,17,-0.10023935692003524,"[-0.53, 0.37]",0.6830524743328417,0.9648380336571762,False
Target of Nesh-SH3,Lymfos,time1,20,17,0.004446847626767294,"[-0.45, 0.46]",0.9855850783711866,0.9989122224583239,False
Intercellular adhesion molecule 1,Lymfos,time1,20,17,-0.37034474983958604,"[-0.71, 0.10]",0.11857009530501968,0.8291287868992757,False
Complement C4-A,Lymfos,time1,20,17,-0.08687061857666939,"[-0.52, 0.38]",0.7236214721283791,0.9673286249298616,False
Coagulation factor XIII A chain,Lymfos,time1,20,17,0.026843839036725232,"[-0.43, 0.48]",0.9131351338204413,0.9985548272347045,False
Immunoglobulin mu heavy chain,Lymfos,time1,20,17,-0.015371739971180942,"[-0.47, 0.44]",0.9501978571791327,0.9989122224583239,False
Oncoprotein-induced transcript 3 protein,Lymfos,time1,20,17,-0.24481284135369086,"[-0.63, 0.24]",0.3124241456523768,0.9236478900056884,False
Peroxiredoxin-2,Lymfos,time1,20,17,-0.09348455950691875,"[-0.53, 0.38]",0.7034547541497669,0.9656789320774398,False
Tissue factor pathway inhibitor,Lymfos,time1,20,17,-0.17323355686045086,"[-0.58, 0.30]",0.47817891024232095,0.9440213373121634,False
Progranulin,Lymfos,time1,20,17,-0.08912223785311844,"[-0.52, 0.38]",0.7167356581685376,0.9656789320774398,False
Histone H2B type 1-K;Histone H2B type F-S,Lymfos,time1,20,17,0.2815870264547164,"[-0.20, 0.65]",0.24284569003490336,0.8982115991698657,False
Hemoglobin subunit delta,Lymfos,time1,20,17,0.1297844089505746,"[-0.34, 0.55]",0.5964171435913928,0.961962834437533,False
Glutathione S-transferase P,Lymfos,time1,20,17,0.15229849226135547,"[-0.32, 0.57]",0.5336568951102855,0.954665480182609,False
Annexin A6,Lymfos,time1,20,17,-0.15785091847296295,"[-0.57, 0.32]",0.518661035548781,0.9529295397056773,False
Complement factor H-related protein 1,Lymfos,time1,20,17,-0.22964740954713586,"[-0.62, 0.25]",0.34426256924405696,0.926595760949047,False
Protein KPLCE,Lymfos,time1,20,17,0.023363544398317795,"[-0.44, 0.47]",0.9243641299352199,0.9988788261324435,False
Immunoglobulin heavy variable 4-4,Lymfos,time1,20,17,-0.433086249994168,"[-0.74, 0.03]",0.06399471838842098,0.7845863525077257,False
Alpha-1B-glycoprotein,Lymfos,time1,20,17,0.1759254975174203,"[-0.30, 0.58]",0.47126015028157187,0.9408984762056689,False
Properdin,Lymfos,time1,20,17,-0.4319069340824773,"[-0.74, 0.03]",0.06480358726395777,0.7845863525077257,False
Immunoglobulin heavy variable 3-53,Lymfos,time1,20,17,0.005809487552724044,"[-0.45, 0.46]",0.9811685964893185,0.9989122224583239,False
Calmodulin-like protein 5,Lymfos,time1,20,17,0.2778326142243839,"[-0.20, 0.65]",0.24945211284171348,0.9009574466564348,False
Carboxypeptidase B2,Lymfos,time1,20,17,-0.17411287702379386,"[-0.58, 0.30]",0.4759133736222244,0.9428366763148328,False
"Sushi, nidogen and EGF-like domain-containing protein 1",Lymfos,time1,20,17,0.11700767817930147,"[-0.36, 0.54]",0.6333308516964953,0.9621706909906743,False
Proteasome subunit alpha type-5,Lymfos,time1,20,17,-0.2330923590701048,"[-0.62, 0.25]",0.3368706382957585,0.923899269768104,False
Bifunctional heparan sulfate N-deacetylase/N-sulfotransferase 4,Lymfos,time1,20,17,0.29865860687717977,"[-0.18, 0.66]",0.21422506580254308,0.8982115991698657,False
Immunoglobulin heavy variable 3-9,Lymfos,time1,20,17,-0.06811434138038891,"[-0.51, 0.40]",0.7817274553604512,0.9795594872343278,False
Neural cell adhesion molecule L1-like protein,Lymfos,time1,20,17,0.24967200008693122,"[-0.23, 0.63]",0.30260922883903624,0.9236478900056884,False
Proteasome subunit alpha type-2,Lymfos,time1,20,17,0.12942028646932296,"[-0.35, 0.55]",0.5974567135030557,0.961962834437533,False
Intercellular adhesion molecule 3,Lymfos,time1,20,17,-0.5040231269880676,"[-0.78, -0.06]",0.027780428660872297,0.780717100347183,False
Receptor-type tyrosine-protein phosphatase eta,Lymfos,time1,20,17,-0.2560664021276475,"[-0.64, 0.22]",0.28998084091047416,0.9177310147446764,False
ADAMTS-like protein 4,Lymfos,time1,20,17,-0.2685742247778968,"[-0.64, 0.21]",0.26622655979025345,0.9158755914645343,False
Immunoglobulin lambda variable 3-21,Lymfos,time1,20,17,0.039651058005337504,"[-0.42, 0.49]",0.8719642750143438,0.9952750807277061,False
Cartilage oligomeric matrix protein,Lymfos,time1,20,17,-0.0975621123660265,"[-0.53, 0.37]",0.6911146282120406,0.9648380336571762,False
Neural cell adhesion molecule 1,Lymfos,time1,20,17,0.089674437089469,"[-0.38, 0.52]",0.7150501112865066,0.9656789320774398,False
Immunoglobulin lambda variable 2-11,Lymfos,time1,20,17,-0.43716119084794586,"[-0.74, 0.02]",0.06125797395675691,0.7842048818024371,False
Immunoglobulin kappa variable 1D-33;Immunoglobulin kappa variable 1-33,Lymfos,time1,20,17,0.012517758368323155,"[-0.44, 0.46]",0.9594362627649713,0.9989122224583239,False
Beta-2-glycoprotein 1,Lymfos,time1,20,17,-0.21882196030048406,"[-0.61, 0.26]",0.3680956276612636,0.9285871908420641,False
Vitamin D-binding protein,Lymfos,time1,20,17,0.05403782839933917,"[-0.41, 0.50]",0.8260936510569654,0.9902234995263719,False
Filamin-A,Lymfos,time1,20,17,-0.029969004388914137,"[-0.48, 0.43]",0.9030652954739453,0.997559861248858,False
Reelin,Lymfos,time1,20,17,-0.23426014822971336,"[-0.62, 0.25]",0.33438609245505546,0.9236478900056884,False
Immunoglobulin lambda variable 5-39,Lymfos,time1,20,17,0.40771073609476677,"[-0.06, 0.73]",0.0831427445260145,0.8154186244354011,False
Fatty acid-binding protein 5,Lymfos,time1,20,17,0.2547003871720572,"[-0.23, 0.64]",0.29265111066376703,0.9177310147446764,False
"HLA class I histocompatibility antigen, A alpha chain",Lymfos,time1,20,17,-0.003952976326838909,"[-0.46, 0.45]",0.9871858809461748,0.9989122224583239,False
Low affinity immunoglobulin gamma Fc region receptor III-A,Lymfos,time1,20,17,0.21372940572718005,"[-0.27, 0.61]",0.37962165431756834,0.9306754732938034,False
Heat shock 70 kDa protein 1A;Heat shock 70 kDa protein 1B,Lymfos,time1,20,17,0.22076041018852602,"[-0.26, 0.61]",0.36376093515519115,0.9285871908420641,False
Apolipoprotein D,Lymfos,time1,20,17,-0.39800954303916286,"[-0.72, 0.07]",0.09147631746703104,0.8154186244354011,False
Plexin-B1,Lymfos,time1,20,17,0.08149088615974494,"[-0.39, 0.52]",0.7401552063292945,0.9728363041843875,False
Immunoglobulin heavy variable 1-58,Lymfos,time1,20,17,-0.0376630613449971,"[-0.48, 0.42]",0.8783369973158947,0.995958470840817,False
Apolipoprotein C-IV,Lymfos,time1,20,17,0.023058982152226182,"[-0.44, 0.47]",0.9253474665551329,0.9988788261324435,False
Monocyte differentiation antigen CD14,Lymfos,time1,20,17,-0.2165564277609053,"[-0.61, 0.26]",0.3731985581594578,0.9300516392509022,False
Protein MENT,Lymfos,time1,20,17,-0.031551138514687875,"[-0.48, 0.43]",0.8979726814457842,0.997559861248858,False
Immunoglobulin epsilon heavy chain,Lymfos,time1,20,17,-0.38691662844888586,"[-0.72, 0.08]",0.10173410855937105,0.8265112390333225,False
Complement factor H,Lymfos,time1,20,17,-0.3357483151160575,"[-0.69, 0.14]",0.15992448101155438,0.867816664987516,False
Stabilin-1,Lymfos,time1,20,17,-0.357680053765602,"[-0.70, 0.12]",0.13270939765025222,0.847666490299985,False
Macrophage receptor MARCO,Lymfos,time1,20,17,-0.18732345627755198,"[-0.59, 0.29]",0.4425305806733981,0.9361498868301301,False
Protein POF1B,Lymfos,time1,20,17,0.2042443894208675,"[-0.28, 0.60]",0.40161790952974896,0.931256717265325,False
Phosphatidylcholine-sterol acyltransferase,Lymfos,time1,20,17,-0.41886961953127194,"[-0.73, 0.04]",0.07426340060924419,0.7963212415647299,False
Clusterin,Lymfos,time1,20,17,0.010612516132169129,"[-0.45, 0.46]",0.9656064030019029,0.9989122224583239,False
Platelet-activating factor acetylhydrolase,Lymfos,time1,20,17,0.26726512165349514,"[-0.21, 0.64]",0.2686539184082743,0.9164718776906378,False
Vasorin,Lymfos,time1,20,17,0.05864280307798722,"[-0.41, 0.50]",0.8115173395616884,0.9853512016964315,False
Myeloperoxidase,Lymfos,time1,20,17,-0.2820621683868496,"[-0.65, 0.20]",0.2420176557260088,0.8982115991698657,False
Immunoglobulin lambda variable 5-52,Lymfos,time1,20,17,-0.08550200643661696,"[-0.52, 0.38]",0.727816900556636,0.9686005945352543,False
Carboxypeptidase N catalytic chain,Lymfos,time1,20,17,0.5026825261848068,"[0.06, 0.78]",0.028266164177822736,0.780717100347183,False
Fibrinogen gamma chain,Lymfos,time1,20,17,-0.14004113550986158,"[-0.56, 0.34]",0.5674479712691791,0.9575202748664524,False
Soluble scavenger receptor cysteine-rich domain-containing protein SSC5D,Lymfos,time1,20,17,-0.10171822225763846,"[-0.53, 0.37]",0.6786130537094903,0.9648380336571762,False
Tetranectin,Lymfos,time1,20,17,0.5013998127077403,"[0.06, 0.78]",0.028737117368625616,0.780717100347183,False
Apolipoprotein(a),Lymfos,time1,20,17,0.14054200436276898,"[-0.34, 0.56]",0.5660491612863351,0.9574313225752206,False
Alpha-2-antiplasmin,Lymfos,time1,20,17,0.3955191954060548,"[-0.07, 0.72]",0.09371050867545583,0.8154186244354011,False
Retroviral-like aspartic protease 1,Lymfos,time1,20,17,0.08345740881885125,"[-0.39, 0.52]",0.7340983353784848,0.9721798169318988,False
Ficolin-3,Lymfos,time1,20,17,0.060709636061499726,"[-0.40, 0.50]",0.8049940697981973,0.9840896993583559,False
Immunoglobulin kappa variable 2-24,Lymfos,time1,20,17,-0.20724942864527796,"[-0.60, 0.27]",0.3945751380815541,0.931256717265325,False
Immunoglobulin superfamily containing leucine-rich repeat protein,Lymfos,time1,20,17,0.13424330557912215,"[-0.34, 0.55]",0.5837482497417894,0.9599322538236903,False
Complement factor D,Lymfos,time1,20,17,-0.28395546614459294,"[-0.65, 0.20]",0.23873612491593654,0.8982115991698657,False
Vitamin K-dependent protein Z,Lymfos,time1,20,17,0.11811772426056312,"[-0.36, 0.54]",0.6300890204658229,0.9621706909906743,False
EGF-containing fibulin-like extracellular matrix protein 1,Lymfos,time1,20,17,0.3785171356386182,"[-0.09, 0.71]",0.11003633684661444,0.8290414311110669,False
Dipeptidase 2,Lymfos,time1,20,17,-0.3145128873568003,"[-0.67, 0.16]",0.18970992471233114,0.8786430972185097,False
Myeloblastin,Lymfos,time1,20,17,0.13380723803819183,"[-0.34, 0.55]",0.5849821920654706,0.9599322538236903,False
Neurogenic locus notch homolog protein 1,Lymfos,time1,20,17,-0.026795609340424763,"[-0.48, 0.43]",0.9132906416600155,0.9985548272347045,False
Vitamin K-dependent protein S,Lymfos,time1,20,17,-0.10135730489638789,"[-0.53, 0.37]",0.6796955673731044,0.9648380336571762,False
Dermcidin,Lymfos,time1,20,17,0.2271597996006722,"[-0.25, 0.62]",0.349658269670437,0.92660625506674,False
Immunoglobulin heavy variable 3-73,Lymfos,time1,20,17,-0.09816478610703148,"[-0.53, 0.37]",0.689296944858238,0.9648380336571762,False
Alpha-2-macroglobulin,Lymfos,time1,20,17,0.39688721395470816,"[-0.07, 0.72]",0.0924783401673927,0.8154186244354011,False
Cation-independent mannose-6-phosphate receptor,Lymfos,time1,20,17,0.2713452613840611,"[-0.21, 0.65]",0.2611338427618957,0.9087727633894604,False
Chromodomain-helicase-DNA-binding protein 1;Chromodomain-helicase-DNA-binding protein 2;Chromodomain-helicase-DNA-binding protein 9;Chromodomain-helicase-DNA-binding protein 6;Chromodomain-helicase-DNA-binding protein 8;Chromodomain-helicase-DNA-binding protein 7,Lymfos,time1,20,17,0.41612000014488515,"[-0.05, 0.73]",0.07638282534268076,0.8074755821940537,False
Ceruloplasmin,Lymfos,time1,20,17,-0.0472630123621356,"[-0.49, 0.42]",0.847636341890913,0.991249088174675,False
Prostaglandin-H2 D-isomerase,Lymfos,time1,20,17,0.24380827154805226,"[-0.24, 0.63]",0.3144767376632346,0.9236478900056884,False
Protein S100-A9,Lymfos,time1,20,17,-0.13044061322915423,"[-0.55, 0.34]",0.5945455729290114,0.961962834437533,False
Immunoglobulin J chain,Lymfos,time1,20,17,-0.30675280288525425,"[-0.67, 0.17]",0.2014627489772583,0.8937089272811972,False
Probable non-functional immunoglobulin kappa variable 3-7,Monos,time1,20,17,0.19807575752161255,"[-0.28, 0.60]",0.4162875807619749,0.9324135167651676,False
Apolipoprotein A-IV,Monos,time1,20,17,0.07231089810387739,"[-0.39, 0.51]",0.768618352437183,0.9750590716290142,False
Coagulation factor XII,Monos,time1,20,17,-0.09718882322613957,"[-0.53, 0.37]",0.6922412928903487,0.9648380336571762,False
Mannan-binding lectin serine protease 1,Monos,time1,20,17,-0.012303619913967499,"[-0.46, 0.44]",0.9601296477405432,0.9989122224583239,False
Complement factor I,Monos,time1,20,17,0.26747548210269273,"[-0.21, 0.64]",0.26826293715199456,0.9159179485726242,False
Platelet glycoprotein Ib alpha chain,Monos,time1,20,17,0.2875467247588865,"[-0.19, 0.66]",0.2325903390192483,0.8982115991698657,False
Hepatocyte growth factor-like protein,Monos,time1,20,17,0.1514675370489763,"[-0.33, 0.57]",0.5359181004633629,0.954665480182609,False
Profilin-1,Monos,time1,20,17,-0.05235409800817186,"[-0.49, 0.41]",0.8314371160071448,0.9906439255230137,False
Peptidase inhibitor 16,Monos,time1,20,17,-0.04286415462125527,"[-0.49, 0.42]",0.8616804794574053,0.9941217641720209,False
Cell surface glycoprotein MUC18,Monos,time1,20,17,0.2562847387936477,"[-0.22, 0.64]",0.2895554246970701,0.9177310147446764,False
Adhesion G-protein coupled receptor G6,Monos,time1,20,17,0.009681855136006647,"[-0.45, 0.46]",0.9686210564036213,0.9989122224583239,False
Immunoglobulin heavy variable 1-69,Monos,time1,20,17,-0.08194554470844262,"[-0.52, 0.39]",0.7387535463912067,0.9728363041843875,False
Insulin-like growth factor-binding protein complex acid labile subunit,Monos,time1,20,17,0.06122767311922459,"[-0.40, 0.50]",0.803360972404339,0.9840896993583559,False
Plasma serine protease inhibitor,Monos,time1,20,17,0.25920009610219746,"[-0.22, 0.64]",0.2839116360587565,0.917472121603545,False
Immunoglobulin heavy variable 1-69D,Monos,time1,20,17,0.157343049273011,"[-0.32, 0.57]",0.5200244035031798,0.9529295397056773,False
Pancreatic adenocarcinoma up-regulated factor,Monos,time1,20,17,-0.02478339054801737,"[-0.47, 0.43]",0.9197812967621466,0.9985551599450393,False
Immunoglobulin heavy variable 3-64D,Monos,time1,20,17,0.13204917963637572,"[-0.34, 0.55]",0.5899681086563193,0.9610066239456336,False
Neutrophil gelatinase-associated lipocalin,Monos,time1,20,17,0.26876205118270047,"[-0.21, 0.64]",0.2658794178310482,0.9158755914645343,False
Lysosome-associated membrane glycoprotein 2,Monos,time1,20,17,0.22439317204337955,"[-0.26, 0.62]",0.35571605485941216,0.9283317003155915,False
Corneodesmosin,Monos,time1,20,17,0.12140080697547063,"[-0.35, 0.55]",0.6205389433739186,0.9621706909906743,False
Collagen alpha-1(XVIII) chain,Monos,time1,20,17,0.1391478253450737,"[-0.34, 0.56]",0.569946504068385,0.9575202748664524,False
Lipopolysaccharide-binding protein,Monos,time1,20,17,0.10015566575476326,"[-0.37, 0.53]",0.6833040073391756,0.9648380336571762,False
Immunoglobulin heavy variable 3-49,Monos,time1,20,17,-0.0999539675447604,"[-0.53, 0.37]",0.6839103406383333,0.9648380336571762,False
SPARC-like protein 1,Monos,time1,20,17,-0.09668116600609161,"[-0.53, 0.37]",0.6937745016752053,0.9648380336571762,False
Ras-associated and pleckstrin homology domains-containing protein 1,Monos,time1,20,17,0.14729241972972684,"[-0.33, 0.56]",0.5473453312877854,0.9551466476013153,False
Alpha-1-acid glycoprotein 2,Monos,time1,20,17,0.1320919636172676,"[-0.34, 0.55]",0.5898465608681907,0.9610066239456336,False
Immunoglobulin heavy variable 3-20,Monos,time1,20,17,0.11495661787896254,"[-0.36, 0.54]",0.6393376922388461,0.9621706909906743,False
Neurogenic locus notch homolog protein 2,Monos,time1,20,17,-0.08163245557092633,"[-0.52, 0.39]",0.7397186798564024,0.9728363041843875,False
Apolipoprotein B-100,Monos,time1,20,17,-0.16727799721417472,"[-0.58, 0.31]",0.49366300253426776,0.949265179630428,False
CD44 antigen,Monos,time1,20,17,-0.2539145264371539,"[-0.63, 0.23]",0.294194074017462,0.9197320772672187,False
Pigment epithelium-derived factor,Monos,time1,20,17,0.2901336665588464,"[-0.19, 0.66]",0.22822703390840618,0.8982115991698657,False
Xaa-Pro dipeptidase,Monos,time1,20,17,0.23436844042385796,"[-0.25, 0.62]",0.33415623907540193,0.9236478900056884,False
Immunoglobulin heavy constant delta,Monos,time1,20,17,0.09714002311440133,"[-0.37, 0.53]",0.692388627636946,0.9648380336571762,False
Probable non-functional immunoglobulin heavy variable 3-38-3,Monos,time1,20,17,-0.20664640481163982,"[-0.60, 0.27]",0.39598294384577337,0.931256717265325,False
Immunoglobulin lambda constant 7,Monos,time1,20,17,-0.10768024221789775,"[-0.54, 0.36]",0.6608194402887207,0.9631943962996202,False
Receptor-type tyrosine-protein phosphatase gamma,Monos,time1,20,17,0.2364768268831132,"[-0.24, 0.62]",0.32969958571882096,0.9236478900056884,False
Afamin,Monos,time1,20,17,0.18454375774266465,"[-0.29, 0.59]",0.4494517514001234,0.9361498868301301,False
Pyruvate kinase PKLR,Monos,time1,20,17,-0.11266866141869544,"[-0.54, 0.36]",0.6460637527314204,0.9623162852441542,False
Insulin-like growth factor 2,Monos,time1,20,17,-0.03512119468608093,"[-0.48, 0.43]",0.8864956018370513,0.9964590333111646,False
CD109 antigen,Monos,time1,20,17,0.3162274639970116,"[-0.16, 0.67]",0.18717644557997204,0.878412326765734,False
ADP-ribosyl cyclase/cyclic ADP-ribose hydrolase 2,Monos,time1,20,17,0.059970607407742925,"[-0.41, 0.50]",0.807325174234067,0.9843432415883048,False
Dedicator of cytokinesis protein 4,Monos,time1,20,17,0.06842722729089902,"[-0.40, 0.51]",0.7807480770655969,0.9793458448277255,False
Complement factor H-related protein 2,Monos,time1,20,17,0.18258344151558953,"[-0.30, 0.59]",0.4543660523166718,0.9362868049217405,False
Selenoprotein P,Monos,time1,20,17,-0.17715551797306447,"[-0.58, 0.30]",0.4681155747729111,0.9399490057022261,False
Adipocyte plasma membrane-associated protein,Monos,time1,20,17,0.16506903048632918,"[-0.31, 0.58]",0.4994674551409892,0.9502479756419034,False
Immunoglobulin heavy constant alpha 2,Monos,time1,20,17,0.40874026486402,"[-0.06, 0.73]",0.08229232361644755,0.8149360400487615,False
Lactotransferrin,Monos,time1,20,17,0.09780343850207021,"[-0.37, 0.53]",0.6903865859653115,0.9648380336571762,False
Alpha-enolase,Monos,time1,20,17,-0.3075556497945222,"[-0.67, 0.17]",0.2002249792933899,0.892789897490977,False
Immunoglobulin heavy constant gamma 1,Monos,time1,20,17,0.26480551021524484,"[-0.22, 0.64]",0.27325177449647575,0.9170614304794888,False
Collectin-10,Monos,time1,20,17,-0.003304527779039864,"[-0.46, 0.45]",0.9892877904984367,0.9989126836088675,False
Lysosome-associated membrane glycoprotein 1,Monos,time1,20,17,-0.12538091071340757,"[-0.55, 0.35]",0.6090389122603872,0.9621706909906743,False
Cathelicidin antimicrobial peptide,Monos,time1,20,17,0.00881011500577694,"[-0.45, 0.46]",0.9714452201565738,0.9989122224583239,False
Fibroblast growth factor-binding protein 2,Monos,time1,20,17,-0.0261346569940767,"[-0.47, 0.43]",0.9154220633396775,0.9985551599450393,False
Lymphatic vessel endothelial hyaluronic acid receptor 1,Monos,time1,20,17,0.05401654527959716,"[-0.41, 0.50]",0.8261611497409413,0.9902234995263719,False
Haptoglobin,Monos,time1,20,17,0.3248514284164746,"[-0.15, 0.68]",0.17477801652579086,0.867816664987516,False
Tenascin-X,Monos,time1,20,17,0.14182354518800194,"[-0.33, 0.56]",0.5624769817834178,0.9574313225752206,False
Zinc finger protein 512B,Monos,time1,20,17,-0.23676155077688543,"[-0.62, 0.24]",0.32910043709277115,0.9236478900056884,False
Immunoglobulin lambda variable 3-19,Monos,time1,20,17,-0.3813229491372531,"[-0.71, 0.09]",0.10721077113686238,0.828669719073285,False
Complement C1q subcomponent subunit B,Monos,time1,20,17,0.3975876428446655,"[-0.07, 0.72]",0.0918520588692674,0.8154186244354011,False
Ubiquitin-ribosomal protein eS31 fusion protein,Monos,time1,20,17,-0.16960228382382458,"[-0.58, 0.31]",0.4875911650124748,0.9459302114151192,False
Kinesin-like protein KIF21A,Monos,time1,20,17,-0.11004915586163133,"[-0.54, 0.36]",0.6537968718887295,0.9627206746105794,False
Attractin,Monos,time1,20,17,0.14151187694646247,"[-0.33, 0.56]",0.5633448180641357,0.9574313225752206,False
Immunoglobulin lambda variable 1-44,Monos,time1,20,17,-0.1676327851228891,"[-0.58, 0.31]",0.4927338032759556,0.9488299676442298,False
Immunoglobulin heavy variable 1-46,Monos,time1,20,17,0.025058989892068718,"[-0.43, 0.47]",0.9188920217345458,0.9985551599450393,False
Fibulin-1,Monos,time1,20,17,0.5543698919846118,"[0.13, 0.81]",0.013772274472537378,0.7677137594604839,False
Secreted phosphoprotein 24,Monos,time1,20,17,-0.36613150677752343,"[-0.70, 0.11]",0.123149057589899,0.8351316755391539,False
Scavenger receptor class B member 1,Monos,time1,20,17,0.14303884529272962,"[-0.33, 0.56]",0.5590986099066653,0.9574313225752206,False
Immunoglobulin lambda variable 2-18,Monos,time1,20,17,-0.4930855206910954,"[-0.77, -0.05]",0.03194019780865063,0.780717100347183,False
Collagen alpha-2(VI) chain,Monos,time1,20,17,0.1899514381626019,"[-0.29, 0.59]",0.4360384743786315,0.9360268564138758,False
Adiponectin,Monos,time1,20,17,-0.13453553460770434,"[-0.55, 0.34]",0.5829219449557093,0.9599322538236903,False
Nidogen-1,Monos,time1,20,17,0.2657208383136823,"[-0.21, 0.64]",0.27153503908873655,0.9170614304794888,False
Alpha-1-antitrypsin,Monos,time1,20,17,-0.04955592285305583,"[-0.49, 0.41]",0.8403329421592135,0.990686630339661,False
"Sushi, von Willebrand factor type A, EGF and pentraxin domain-containing protein 1",Monos,time1,20,17,-0.14833898735558163,"[-0.56, 0.33]",0.5444706397139449,0.9550458416046101,False
Complement C1s subcomponent,Monos,time1,20,17,0.2734562054631356,"[-0.21, 0.65]",0.2572956258430422,0.905784054510989,False
Alpha-actinin-4,Monos,time1,20,17,-0.36918052048935757,"[-0.71, 0.10]",0.11982306761257543,0.8313974029708804,False
Complement component C1q receptor,Monos,time1,20,17,0.27166950011232427,"[-0.21, 0.65]",0.2605419722452615,0.908120932246165,False
Inter-alpha-trypsin inhibitor heavy chain H3,Monos,time1,20,17,0.3839244196906101,"[-0.09, 0.71]",0.10463796097364006,0.828669719073285,False
Immunoglobulin kappa variable 1D-8,Monos,time1,20,17,0.025536749513572418,"[-0.43, 0.47]",0.9173506561272095,0.9985551599450393,False
Low-density lipoprotein receptor,Monos,time1,20,17,0.2944679799084782,"[-0.18, 0.66]",0.22103593365461294,0.8982115991698657,False
Prolactin-inducible protein,Monos,time1,20,17,-0.08301046570989222,"[-0.52, 0.39]",0.7354736105305274,0.972494791298199,False
Hyaluronan-binding protein 2,Monos,time1,20,17,0.1596640140520576,"[-0.32, 0.57]",0.5138075374963849,0.9529295397056773,False
N-acetylmuramoyl-L-alanine amidase,Monos,time1,20,17,0.4241423567639284,"[-0.04, 0.74]",0.0703216336702038,0.7945844580210679,False
Serpin A11,Monos,time1,20,17,-0.0814162421605522,"[-0.52, 0.39]",0.7403854002497885,0.9728363041843875,False
C4b-binding protein alpha chain,Monos,time1,20,17,0.1728390435390792,"[-0.31, 0.58]",0.47919709686913525,0.9441315029090682,False
Inter-alpha-trypsin inhibitor heavy chain H2,Monos,time1,20,17,0.1681859568287625,"[-0.31, 0.58]",0.49128673268359635,0.9484876312761863,False
Fibrillin-1,Monos,time1,20,17,0.07457681045923169,"[-0.39, 0.51]",0.7615648247781662,0.9745063647413549,False
Golgi-associated RAB2 interactor protein 1B,Monos,time1,20,17,-0.027151915202863662,"[-0.48, 0.43]",0.9121418700726427,0.998432168638698,False
Neurogenic locus notch homolog protein 3,Monos,time1,20,17,0.10590586008250183,"[-0.37, 0.53]",0.6660974089222902,0.96483603668397,False
Immunoglobulin heavy constant alpha 1,Monos,time1,20,17,0.3454593373863696,"[-0.13, 0.69]",0.1474386204771486,0.8564170936386176,False
Apolipoprotein C-III,Monos,time1,20,17,0.10773070454432164,"[-0.36, 0.54]",0.6606695606096142,0.9631943962996202,False
Glutathione peroxidase 3,Monos,time1,20,17,0.26294058872469234,"[-0.22, 0.64]",0.2767703211764762,0.9170614304794888,False
Contactin-1,Monos,time1,20,17,0.2770439915604372,"[-0.20, 0.65]",0.25085415896339247,0.9010501812845132,False
Stomatin,Monos,time1,20,17,-0.07374880751429899,"[-0.51, 0.39]",0.7641402486687399,0.9745063647413549,False
Immunoglobulin heavy variable 3-13,Monos,time1,20,17,-0.19075116223953908,"[-0.59, 0.29]",0.4340728076499565,0.9350755875607188,False
Immunoglobulin heavy variable 1-69-2,Monos,time1,20,17,0.23074432454311536,"[-0.25, 0.62]",0.3418987560526723,0.926595760949047,False
Apolipoprotein E,Monos,time1,20,17,0.3675026443078718,"[-0.10, 0.70]",0.12164536155909295,0.8313974029708804,False
Mucosal addressin cell adhesion molecule 1,Monos,time1,20,17,0.005220974989837488,"[-0.45, 0.46]",0.9830759802126485,0.9989122224583239,False
Protein S100-A11,Monos,time1,20,17,-0.5004101159731693,"[-0.78, -0.06]",0.02910466037699475,0.780717100347183,False
Complement factor H-related protein 4,Monos,time1,20,17,0.17158596762201825,"[-0.31, 0.58]",0.4824382362735202,0.9447457823105017,False
Immunoglobulin kappa variable 1D-16,Monos,time1,20,17,0.044773815821941426,"[-0.42, 0.49]",0.855578416633708,0.9928150111527771,False
Immunoglobulin lambda variable 1-47,Monos,time1,20,17,-0.0024247119654142364,"[-0.46, 0.45]",0.9921397695507382,0.998994958440865,False
Fructose-bisphosphate aldolase A,Monos,time1,20,17,-0.13942534531855663,"[-0.56, 0.34]",0.5691697877987146,0.9575202748664524,False
Thrombospondin-1,Monos,time1,20,17,-0.22342646488693124,"[-0.62, 0.26]",0.35784683389905714,0.9285871908420641,False
Aminopeptidase N,Monos,time1,20,17,0.01228043311399092,"[-0.44, 0.46]",0.9602047287564772,0.9989122224583239,False
Apolipoprotein M,Monos,time1,20,17,0.18977430959629496,"[-0.29, 0.59]",0.43647447386364524,0.9360268564138758,False
Immunoglobulin heavy variable 3-43,Monos,time1,20,17,0.3680736636289635,"[-0.10, 0.70]",0.12102299905397554,0.8313974029708804,False
Cysteine-rich secretory protein 3,Monos,time1,20,17,0.09642227487255554,"[-0.37, 0.53]",0.6945568349209488,0.9648380336571762,False
Complement component C8 alpha chain,Monos,time1,20,17,0.12179545242747275,"[-0.35, 0.55]",0.6193948340203617,0.9621706909906743,False
Immunoglobulin heavy variable 2-70D,Monos,time1,20,17,0.19438741461940418,"[-0.28, 0.60]",0.4251940888061275,0.9324335195406078,False
Immunoglobulin heavy variable 3-23,Monos,time1,20,17,-0.011616583512504618,"[-0.46, 0.44]",0.9623544692224371,0.9989122224583239,False
Plasma kallikrein,Monos,time1,20,17,-0.39510406909057255,"[-0.72, 0.07]",0.09408676435793091,0.8154186244354011,False
Galectin-7,Monos,time1,20,17,-0.31553942788385914,"[-0.67, 0.16]",0.18819035515743338,0.8786430972185097,False
Extracellular superoxide dismutase [Cu-Zn],Monos,time1,20,17,0.08367091653887149,"[-0.39, 0.52]",0.7334416304053897,0.9721798169318988,False
Immunoglobulin heavy variable 1-8,Monos,time1,20,17,0.32396865038616735,"[-0.15, 0.68]",0.17602088603472493,0.8679180027342512,False
Cystatin-C,Monos,time1,20,17,0.1280603550955205,"[-0.35, 0.55]",0.6013459156264223,0.9621706909906743,False
Immunoglobulin lambda-like polypeptide 1,Monos,time1,20,17,0.320299221194115,"[-0.16, 0.68]",0.18125119286272168,0.8768286873114711,False
Inhibin beta C chain,Monos,time1,20,17,0.05586508501477085,"[-0.41, 0.50]",0.8203029702675723,0.9884877794827328,False
Mannose-binding protein C,Monos,time1,20,17,0.02258606325798313,"[-0.44, 0.47]",0.9268745792785971,0.9989122224583239,False
IgGFc-binding protein,Monos,time1,20,17,0.375624821641572,"[-0.09, 0.71]",0.11300452672312204,0.8290414311110669,False
Macrophage mannose receptor 1,Monos,time1,20,17,0.044575477959403205,"[-0.42, 0.49]",0.8562118191926693,0.9928150111527771,False
Aromatase,Monos,time1,20,17,0.06550010785107697,"[-0.40, 0.50]",0.7899225505566925,0.9812443166838123,False
Cadherin-5,Monos,time1,20,17,0.16561953836240267,"[-0.31, 0.58]",0.49801782518153936,0.9501333903816576,False
Immunoglobulin kappa variable 1-8,Monos,time1,20,17,-0.07548437082352977,"[-0.51, 0.39]",0.7587447003989216,0.9745063647413549,False
Retinol-binding protein 4,Monos,time1,20,17,0.04144646175972018,"[-0.42, 0.49]",0.8662154000665601,0.9944453522962275,False
Complement component C8 beta chain,Monos,time1,20,17,0.15116302588858913,"[-0.33, 0.57]",0.536747835804905,0.954665480182609,False
Tumor necrosis factor receptor superfamily member 1B,Monos,time1,20,17,0.14497777386952995,"[-0.33, 0.56]",0.5537272652363692,0.9571984418476326,False
Formin-2,Monos,time1,20,17,0.21208118061711415,"[-0.27, 0.61]",0.38339478511705516,0.931256717265325,False
Scavenger receptor cysteine-rich domain-containing protein DMBT1,Monos,time1,20,17,0.11081342461298105,"[-0.36, 0.54]",0.6515371166838944,0.9627206746105794,False
Apolipoprotein L1,Monos,time1,20,17,-0.1434348548308899,"[-0.56, 0.33]",0.5579996937136771,0.9574313225752206,False
Leucine-rich alpha-2-glycoprotein,Monos,time1,20,17,0.15634980920115576,"[-0.32, 0.57]",0.5226955856898309,0.9529295397056773,False
Immunoglobulin heavy variable 1-2,Monos,time1,20,17,-0.14639725673787568,"[-0.56, 0.33]",0.5498095464143421,0.9559559735487166,False
Ras-related protein Rab-10,Monos,time1,20,17,-0.5686490631670875,"[-0.81, -0.15]",0.011067235102829613,0.7497716344476072,False
Immunoglobulin heavy variable 1-24,Monos,time1,20,17,0.18360176827558028,"[-0.30, 0.59]",0.45180979094118245,0.9361498868301301,False
Annexin A3,Monos,time1,20,17,0.04767173382489674,"[-0.42, 0.49]",0.8463335902115815,0.991249088174675,False
Hemoglobin subunit beta,Monos,time1,20,17,-0.10188457732433238,"[-0.53, 0.37]",0.6781143010372344,0.9648380336571762,False
Immunoglobulin lambda variable 4-69,Monos,time1,20,17,0.11461143908794023,"[-0.36, 0.54]",0.6403507295139053,0.9621706909906743,False
Elongation factor 2,Monos,time1,20,17,-0.5060648255901188,"[-0.78, -0.07]",0.027053240315394196,0.780717100347183,False
Multiple inositol polyphosphate phosphatase 1,Monos,time1,20,17,0.0154412149050874,"[-0.44, 0.47]",0.9499730364114998,0.9989122224583239,False
Collagen alpha-1(VI) chain,Monos,time1,20,17,0.2955841576502638,"[-0.18, 0.66]",0.21920824709664183,0.8982115991698657,False
Hepatocyte growth factor activator,Monos,time1,20,17,-0.19133002835350457,"[-0.59, 0.29]",0.4326529026777567,0.9343955399375984,False
Fibrinogen beta chain,Monos,time1,20,17,-0.02781056967574011,"[-0.48, 0.43]",0.9100187321808635,0.997559861248858,False
Hemicentin-1,Monos,time1,20,17,0.11156508990806618,"[-0.36, 0.54]",0.6493174598066653,0.9627206746105794,False
C-type mannose receptor 2,Monos,time1,20,17,0.5879314832548559,"[0.18, 0.82]",0.008110688712640925,0.7385516510769441,False
Platelet glycoprotein Ib beta chain,Monos,time1,20,17,-0.20197490843675409,"[-0.60, 0.28]",0.40698187222227034,0.9318821411825824,False
Complement C2,Monos,time1,20,17,0.2286806472381136,"[-0.25, 0.62]",0.3463537412491371,0.926595760949047,False
Annexin A2,Monos,time1,20,17,-0.20393401642427064,"[-0.60, 0.28]",0.40234919738601627,0.931256717265325,False
Protein disulfide-isomerase A3,Monos,time1,20,17,-0.3304300091364637,"[-0.68, 0.15]",0.16706142842258132,0.867816664987516,False
Dipeptidyl peptidase 4,Monos,time1,20,17,0.3248394403972289,"[-0.15, 0.68]",0.1747948545878273,0.867816664987516,False
Proteasome subunit alpha type-4,Monos,time1,20,17,-0.2890521608010129,"[-0.66, 0.19]",0.23004468210642154,0.8982115991698657,False
Coagulation factor XI,Monos,time1,20,17,-0.28581505845368793,"[-0.65, 0.19]",0.23554091076372216,0.8982115991698657,False
Collectin-11,Monos,time1,20,17,-0.0391438805508468,"[-0.48, 0.42]",0.8735893811847515,0.9957221930646,False
High mobility group protein B1,Monos,time1,20,17,0.1754722328652382,"[-0.30, 0.58]",0.4724215943503566,0.9413399766352809,False
Immunoglobulin lambda variable 3-16,Monos,time1,20,17,0.1942835541672924,"[-0.29, 0.60]",0.42544634161008943,0.9324335195406078,False
Prothrombin,Monos,time1,20,17,-0.15928779114823155,"[-0.57, 0.32]",0.5148128843715225,0.9529295397056773,False
Immunoglobulin kappa joining 1,Monos,time1,20,17,0.1171590732347137,"[-0.36, 0.54]",0.6328883317873576,0.9621706909906743,False
Immunoglobulin heavy variable 3-7,Monos,time1,20,17,-0.16476495028283894,"[-0.58, 0.31]",0.5002690489270476,0.9505676567366644,False
Immunoglobulin heavy variable 3-74,Monos,time1,20,17,-0.005033011574799912,"[-0.46, 0.45]",0.9836851932709727,0.9989122224583239,False
Ezrin,Monos,time1,20,17,-0.29953151596527616,"[-0.66, 0.18]",0.21282386307719298,0.8982115991698657,False
Intercellular adhesion molecule 2,Monos,time1,20,17,0.11702018746698625,"[-0.36, 0.54]",0.6332942831755811,0.9621706909906743,False
Lysozyme C,Monos,time1,20,17,0.13698917388416984,"[-0.34, 0.56]",0.5760037015929393,0.9585981157899655,False
Protein AMBP,Monos,time1,20,17,0.17864207929321152,"[-0.30, 0.59]",0.4643292885471255,0.9399490057022261,False
Prolyl endopeptidase FAP,Monos,time1,20,17,-0.2009234364911911,"[-0.60, 0.28]",0.40948013896038926,0.9318821411825824,False
"Actin, cytoplasmic 2",Monos,time1,20,17,-0.25693998390607303,"[-0.64, 0.22]",0.288281011508561,0.9177310147446764,False
Kallistatin,Monos,time1,20,17,0.1899099364222042,"[-0.29, 0.59]",0.43614060986341296,0.9360268564138758,False
Hemopexin,Monos,time1,20,17,0.24887636744983888,"[-0.23, 0.63]",0.3042034091547226,0.9236478900056884,False
C4b-binding protein beta chain,Monos,time1,20,17,0.15099225367574132,"[-0.33, 0.57]",0.537213414539496,0.954665480182609,False
Peptidyl-prolyl cis-trans isomerase A,Monos,time1,20,17,-0.051667999832657865,"[-0.49, 0.41]",0.8336165537762132,0.9906439255230137,False
Complement C1r subcomponent-like protein,Monos,time1,20,17,0.21422464549673684,"[-0.27, 0.61]",0.37849201499273266,0.9300516392509022,False
Immunoglobulin heavy variable 3-30;Immunoglobulin heavy variable 3-30-5,Monos,time1,20,17,0.3399128679850696,"[-0.14, 0.69]",0.15448408844557143,0.8648835903913135,False
Immunoglobulin lambda variable 3-9,Monos,time1,20,17,-0.013960127338450968,"[-0.47, 0.44]",0.9547665907901072,0.9989122224583239,False
Immunoglobulin heavy variable 1-45,Monos,time1,20,17,0.12090335117756028,"[-0.35, 0.55]",0.6219822974094931,0.9621706909906743,False
Hemoglobin subunit gamma-1,Monos,time1,20,17,-0.03969393894636112,"[-0.49, 0.42]",0.8718268976338135,0.9952750807277061,False
Apolipoprotein F,Monos,time1,20,17,-0.19351340328477784,"[-0.60, 0.29]",0.42731933303283,0.9327612280852763,False
Immunoglobulin gamma-1 heavy chain,Monos,time1,20,17,-0.05667059481094186,"[-0.50, 0.41]",0.8177530696494204,0.9875992555224574,False
Low affinity immunoglobulin gamma Fc region receptor III-B,Monos,time1,20,17,0.20709394107999698,"[-0.27, 0.60]",0.39493787236942623,0.931256717265325,False
Multiple epidermal growth factor-like domains protein 8,Monos,time1,20,17,0.21462439263934227,"[-0.27, 0.61]",0.3775815668591629,0.9300516392509022,False
Complement C4-B,Monos,time1,20,17,0.38874080138653444,"[-0.08, 0.72]",0.09999264225849679,0.8236696927292213,False
Glyceraldehyde-3-phosphate dehydrogenase,Monos,time1,20,17,-0.017730390734151794,"[-0.47, 0.44]",0.9425673879009759,0.9989122224583239,False
Complement C1r subcomponent,Monos,time1,20,17,0.16602093141978425,"[-0.31, 0.58]",0.49696213706298753,0.949643311856458,False
Sex hormone-binding globulin,Monos,time1,20,17,-0.08163618078051323,"[-0.52, 0.39]",0.7397071942745259,0.9728363041843875,False
Biotinidase,Monos,time1,20,17,0.11358765673541361,"[-0.36, 0.54]",0.6433589233484314,0.9621706909906743,False
Cholinesterase,Monos,time1,20,17,0.18159166938152904,"[-0.30, 0.59]",0.45686275435150536,0.9382475717606091,False
Immunoglobulin heavy variable 2-5,Monos,time1,20,17,0.2009520088596926,"[-0.28, 0.60]",0.40941214252996416,0.9318821411825824,False
Immunoglobulin lambda variable 1-36,Monos,time1,20,17,-0.06212302077297494,"[-0.50, 0.40]",0.8005402558554248,0.9840896993583559,False
Immunoglobulin kappa variable 3-11,Monos,time1,20,17,0.10739687456422022,"[-0.36, 0.54]",0.6616613085496834,0.9635230036775306,False
Immunoglobulin kappa variable 6-21,Monos,time1,20,17,0.03055291678604252,"[-0.43, 0.48]",0.9011853509450648,0.997559861248858,False
Immunoglobulin kappa light chain,Monos,time1,20,17,0.08845692988961491,"[-0.38, 0.52]",0.718768126874592,0.9657037285349999,False
Neuropilin-1,Monos,time1,20,17,0.34596579526649507,"[-0.13, 0.69]",0.14680659941175975,0.8564170936386176,False
Ficolin-2,Monos,time1,20,17,-0.010652953427099193,"[-0.46, 0.45]",0.9654754259119271,0.9989122224583239,False
Gamma-glutamyl hydrolase,Monos,time1,20,17,0.128596766400108,"[-0.35, 0.55]",0.5998106188114736,0.9621706909906743,False
Keratinocyte proline-rich protein,Monos,time1,20,17,-0.15626061520841755,"[-0.57, 0.32]",0.5229357735102358,0.9529295397056773,False
Kyphoscoliosis peptidase,Monos,time1,20,17,0.1968880052381758,"[-0.28, 0.60]",0.41914474807198754,0.9324135167651676,False
Laminin subunit alpha-2,Monos,time1,20,17,0.4536335224045259,"[-0.00, 0.75]",0.051083566274421045,0.780717100347183,False
Desmoglein-1,Monos,time1,20,17,-0.004264564048233567,"[-0.46, 0.45]",0.9861759147757989,0.9989122224583239,False
Immunoglobulin lambda variable 3-27,Monos,time1,20,17,-0.37053101291514634,"[-0.71, 0.10]",0.11837050342880623,0.8291287868992757,False
Myosin-9,Monos,time1,20,17,-0.3969361009961587,"[-0.72, 0.07]",0.09243452753689152,0.8154186244354011,False
Versican core protein,Monos,time1,20,17,0.3463492484063433,"[-0.13, 0.69]",0.14632933236832113,0.8561338509729858,False
Proteasome subunit beta type-3,Monos,time1,20,17,-0.26750879015219386,"[-0.64, 0.21]",0.2682010625461516,0.9159179485726242,False
Alpha-N-acetylglucosaminidase,Monos,time1,20,17,0.15586400818139373,"[-0.32, 0.57]",0.5240044077123273,0.9529295397056773,False
Caspase-14,Monos,time1,20,17,0.0506567865952133,"[-0.41, 0.49]",0.8368308564345541,0.9906439255230137,False
Histidine-rich glycoprotein,Monos,time1,20,17,-0.10707474627831073,"[-0.54, 0.36]",0.6626188045783553,0.9635230036775306,False
"ATP synthase subunit alpha, mitochondrial",Monos,time1,20,17,-0.266111513118393,"[-0.64, 0.21]",0.27080436040571276,0.9170614304794888,False
Immunoglobulin kappa constant,Monos,time1,20,17,0.4473677791915267,"[-0.01, 0.75]",0.0547897189953214,0.780717100347183,False
Interleukin-1 receptor accessory protein,Monos,time1,20,17,0.24933020537920683,"[-0.23, 0.63]",0.3032934509467966,0.9236478900056884,False
Immunoglobulin lambda variable 9-49,Monos,time1,20,17,0.15936410309736343,"[-0.32, 0.57]",0.5146088877163807,0.9529295397056773,False
Plexin domain-containing protein 2,Monos,time1,20,17,0.11743164165254012,"[-0.36, 0.54]",0.6320919293869937,0.9621706909906743,False
Immunoglobulin heavy variable 4-28,Monos,time1,20,17,0.12412262477849799,"[-0.35, 0.55]",0.6126652642154474,0.9621706909906743,False
Desmoplakin,Monos,time1,20,17,-0.12212224843001433,"[-0.55, 0.35]",0.6184480591830265,0.9621706909906743,False
Endoplasmin,Monos,time1,20,17,-0.1407467359558948,"[-0.56, 0.33]",0.5654778270197013,0.9574313225752206,False
Heparin cofactor 2,Monos,time1,20,17,0.5101203627426693,"[0.07, 0.78]",0.02565305228854179,0.780717100347183,False
Laminin subunit gamma-1,Monos,time1,20,17,0.26471597086508264,"[-0.22, 0.64]",0.2734200703567484,0.9170614304794888,False
Polymeric immunoglobulin receptor,Monos,time1,20,17,0.3368421074520893,"[-0.14, 0.69]",0.15848304008826714,0.866957588915021,False
Serum amyloid A-4 protein,Monos,time1,20,17,0.18437747559399587,"[-0.29, 0.59]",0.44986753643714517,0.9361498868301301,False
Catalase,Monos,time1,20,17,0.0020589768595361668,"[-0.45, 0.46]",0.9933253519657911,0.998994958440865,False
Complement receptor type 1,Monos,time1,20,17,0.08749854536296259,"[-0.38, 0.52]",0.7216991006805508,0.9673286249298616,False
Immunoglobulin kappa variable 1-27,Monos,time1,20,17,0.2161878246491488,"[-0.26, 0.61]",0.3740325523064044,0.9300516392509022,False
Immunoglobulin kappa variable 2-30,Monos,time1,20,17,0.026631607533265607,"[-0.43, 0.48]",0.9138194580465873,0.9985551599450393,False
Protein-glutamine gamma-glutamyltransferase E,Monos,time1,20,17,0.06106218162041409,"[-0.40, 0.50]",0.8038825952867694,0.9840896993583559,False
Periostin,Monos,time1,20,17,0.1339885385962833,"[-0.34, 0.55]",0.5844690312689861,0.9599322538236903,False
Albumin,Monos,time1,20,17,0.21259026322421956,"[-0.27, 0.61]",0.3822271688761253,0.931256717265325,False
Complement factor B,Monos,time1,20,17,0.02426645712117457,"[-0.43, 0.47]",0.9214495283567252,0.998718996290711,False
Probable non-functional immunoglobulinn kappa variable 1-37;Probable non-functional immunoglobulinn kappa variable 1D-37,Monos,time1,20,17,-0.24300879522806704,"[-0.63, 0.24]",0.3161160122074905,0.9236478900056884,False
Immunoglobulin lambda variable 8-61,Monos,time1,20,17,0.03211690675566824,"[-0.43, 0.48]",0.8961524884423692,0.997559861248858,False
Annexin A1,Monos,time1,20,17,-0.35380651014452136,"[-0.70, 0.12]",0.13726103030766348,0.8527201482826067,False
CD5 antigen-like,Monos,time1,20,17,-0.24259927955484414,"[-0.63, 0.24]",0.31695766721899155,0.9236478900056884,False
RB-associated KRAB zinc finger protein,Monos,time1,20,17,0.09025316951372207,"[-0.38, 0.52]",0.7132849279961655,0.9656789320774398,False
Immunoglobulin lambda variable 7-46,Monos,time1,20,17,0.2776421612950804,"[-0.20, 0.65]",0.2497902513970246,0.9009574466564348,False
Basement membrane-specific heparan sulfate proteoglycan core protein,Monos,time1,20,17,0.10823401193405503,"[-0.36, 0.54]",0.6591753496315436,0.9630236411946936,False
Vitamin K-dependent protein C,Monos,time1,20,17,0.2488787861074428,"[-0.23, 0.63]",0.30419855531576934,0.9236478900056884,False
Immunoglobulin lambda variable 1-40,Monos,time1,20,17,0.19184205940920984,"[-0.29, 0.59]",0.4313989768436759,0.9343133512273196,False
Pantetheinase,Monos,time1,20,17,-0.3415812981277064,"[-0.69, 0.13]",0.15234079297907804,0.8644305987562886,False
Neutrophil defensin 1;Neutrophil defensin 3,Monos,time1,20,17,0.10043250931687034,"[-0.37, 0.53]",0.6824720787095533,0.9648380336571762,False
Immunoglobulin lambda variable 2-8,Monos,time1,20,17,-0.17154352091068104,"[-0.58, 0.31]",0.4825482158533765,0.9447457823105017,False
Immunoglobulin heavy variable 1-18,Monos,time1,20,17,-0.058911267433771806,"[-0.50, 0.41]",0.8106693396069511,0.9853512016964315,False
Immunoglobulin kappa variable 3D-15,Monos,time1,20,17,0.012898835741143417,"[-0.44, 0.46]",0.9582023952069336,0.9989122224583239,False
Extracellular matrix protein 1,Monos,time1,20,17,0.2159411483077867,"[-0.26, 0.61]",0.37459126184358227,0.9300516392509022,False
Tubulin alpha-1B chain,Monos,time1,20,17,-0.2949055927934853,"[-0.66, 0.18]",0.22031818540959974,0.8982115991698657,False
Immunoglobulin lambda variable 5-45,Monos,time1,20,17,-0.019785550942731548,"[-0.47, 0.44]",0.9359226208563114,0.9989122224583239,False
Alpha-2-HS-glycoprotein,Monos,time1,20,17,-0.07800952248666736,"[-0.51, 0.39]",0.7509135533590598,0.9741190268387419,False
Cartilage acidic protein 1,Monos,time1,20,17,-0.011172451062468414,"[-0.46, 0.45]",0.963792840597423,0.9989122224583239,False
Coagulation factor IX,Monos,time1,20,17,-0.058061636613157906,"[-0.50, 0.41]",0.8133537607918264,0.9858034962512886,False
Integrin alpha-2,Monos,time1,20,17,0.10249681654077743,"[-0.37, 0.53]",0.6762798383635866,0.9648380336571762,False
"Mannosyl-oligosaccharide 1,2-alpha-mannosidase IA",Monos,time1,20,17,0.06453161781641718,"[-0.40, 0.50]",0.7929639874876919,0.9830300978906695,False
Endophilin-A3,Monos,time1,20,17,0.2472108229412536,"[-0.23, 0.63]",0.307556966762587,0.9236478900056884,False
Collagen alpha-1(I) chain,Monos,time1,20,17,0.35002544345800496,"[-0.12, 0.69]",0.14180836762730217,0.8558309360858758,False
Carboxypeptidase N subunit 2,Monos,time1,20,17,0.15437303603333358,"[-0.32, 0.57]",0.5280308190945229,0.9529295397056773,False
Scavenger receptor cysteine-rich type 1 protein M130,Monos,time1,20,17,0.3386093230183116,"[-0.14, 0.69]",0.15617305626248124,0.8664842517941643,False
Annexin A5,Monos,time1,20,17,-0.10945417019483679,"[-0.54, 0.36]",0.6555580985265954,0.962819680584099,False
Platelet factor 4,Monos,time1,20,17,0.051522123876970714,"[-0.41, 0.49]",0.8340800890626349,0.9906439255230137,False
Immunoglobulin heavy variable 3-72,Monos,time1,20,17,-0.022388961253226432,"[-0.47, 0.44]",0.9275111182370844,0.9989122224583239,False
Protein HEG homolog 1,Monos,time1,20,17,0.1255517714562281,"[-0.35, 0.55]",0.6085471654023453,0.9621706909906743,False
Sulfhydryl oxidase 1,Monos,time1,20,17,0.2443453004194488,"[-0.24, 0.63]",0.3133784511684665,0.9236478900056884,False
Corticosteroid-binding globulin,Monos,time1,20,17,0.013764388609572126,"[-0.44, 0.47]",0.9554002157657024,0.9989122224583239,False
Angiopoietin-related protein 6,Monos,time1,20,17,0.10998623361334016,"[-0.36, 0.54]",0.6539830464300178,0.9627206746105794,False
72 kDa type IV collagenase,Monos,time1,20,17,-0.002516505787399975,"[-0.46, 0.45]",0.9918422091907587,0.998994958440865,False
Trypsin-3,Monos,time1,20,17,0.06553051096565625,"[-0.40, 0.50]",0.789827119722633,0.9812443166838123,False
Complement component C9,Monos,time1,20,17,0.3665140811205599,"[-0.11, 0.70]",0.12272817797911766,0.833116482370341,False
Pyruvate kinase PKM,Monos,time1,20,17,-0.17025365319379152,"[-0.58, 0.31]",0.4858961617081352,0.9447457823105017,False
Immunoglobulin heavy variable 4-34,Monos,time1,20,17,-0.08879525479421117,"[-0.52, 0.38]",0.7177343414089079,0.9656789320774398,False
Immunoglobulin kappa variable 6D-21,Monos,time1,20,17,0.3143659789335588,"[-0.16, 0.67]",0.18992806017323774,0.8786430972185097,False
Immunoglobulin lambda-1 light chain,Monos,time1,20,17,0.3530291252369781,"[-0.12, 0.70]",0.1381875079417381,0.8529373771582625,False
Transforming growth factor-beta-induced protein ig-h3,Monos,time1,20,17,0.20048162772953157,"[-0.28, 0.60]",0.41053233044645865,0.9319993199855614,False
Complement C1q subcomponent subunit A,Monos,time1,20,17,0.310677502941219,"[-0.17, 0.67]",0.19545992032062579,0.8870022643261535,False
Prolow-density lipoprotein receptor-related protein 1,Monos,time1,20,17,0.22046661388092148,"[-0.26, 0.61]",0.3644160397914241,0.9285871908420641,False
Immunoglobulin heavy constant mu,Monos,time1,20,17,-0.20103856268584488,"[-0.60, 0.28]",0.4092061992574608,0.9318821411825824,False
UV-stimulated scaffold protein A,Monos,time1,20,17,0.08502925076502635,"[-0.38, 0.52]",0.7292678458912069,0.9698628980155062,False
Complement component C6,Monos,time1,20,17,0.18231011306198613,"[-0.30, 0.59]",0.45505343504461837,0.9362868049217405,False
Angiotensinogen,Monos,time1,20,17,0.027834562214728756,"[-0.43, 0.48]",0.90994140443511,0.997559861248858,False
Pregnancy zone protein,Monos,time1,20,17,-0.1502115637323784,"[-0.57, 0.33]",0.5393441658045435,0.954665480182609,False
Histone H2A type 1-B/E;Histone H2A type 3;Histone H2A type 1-C,Monos,time1,20,17,-0.4198878896587748,"[-0.73, 0.04]",0.07348968868334982,0.7963212415647299,False
Desmocollin-1,Monos,time1,20,17,0.11929095436479357,"[-0.35, 0.54]",0.626669686232221,0.9621706909906743,False
Protein Z-dependent protease inhibitor,Monos,time1,20,17,0.11538800297693715,"[-0.36, 0.54]",0.6380725139804548,0.9621706909906743,False
Immunoglobulin kappa variable 1-17,Monos,time1,20,17,0.23031190052118505,"[-0.25, 0.62]",0.34282948567377647,0.926595760949047,False
Fibronectin,Monos,time1,20,17,-0.09390442410569114,"[-0.53, 0.38]",0.7021807508438564,0.9652202959832364,False
Probable non-functional immunoglobulin heavy variable 3-38,Monos,time1,20,17,0.2969476829131969,"[-0.18, 0.66]",0.21698895236496601,0.8982115991698657,False
Nucleoside diphosphate kinase 3,Monos,time1,20,17,0.10337136275699582,"[-0.37, 0.53]",0.673662448345657,0.9648380336571762,False
Plasma protease C1 inhibitor,Monos,time1,20,17,0.456011781201611,"[0.00, 0.75]",0.04972789568022641,0.780717100347183,False
Immunoglobulin kappa variable 1-16,Monos,time1,20,17,0.22565203976872839,"[-0.25, 0.62]",0.35295223331543835,0.9275759271483885,False
F-actin-capping protein subunit alpha-1,Monos,time1,20,17,-0.24248939559526542,"[-0.63, 0.24]",0.3171837326411108,0.9236478900056884,False
Cathepsin D,Monos,time1,20,17,-0.03996905027981656,"[-0.49, 0.42]",0.8709456090445771,0.9952750807277061,False
Anthrax toxin receptor 2,Monos,time1,20,17,0.15648224132475624,"[-0.32, 0.57]",0.5223390582058436,0.9529295397056773,False
Talin-1,Monos,time1,20,17,-0.2865225445265576,"[-0.66, 0.19]",0.23433253878797483,0.8982115991698657,False
Protein disulfide-isomerase,Monos,time1,20,17,0.03292200870579685,"[-0.43, 0.48]",0.8935631677524036,0.997559861248858,False
Junction plakoglobin,Monos,time1,20,17,-0.12229738385286427,"[-0.55, 0.35]",0.6179409034155839,0.9621706909906743,False
Tenascin,Monos,time1,20,17,0.08111199359801222,"[-0.39, 0.52]",0.7413238878524127,0.9728363041843875,False
Cadherin-related family member 5,Monos,time1,20,17,-0.2507018691117496,"[-0.63, 0.23]",0.3005532286084098,0.9231785706992953,False
Kininogen-1,Monos,time1,20,17,-0.11870470744625362,"[-0.54, 0.35]",0.6283773747975872,0.9621706909906743,False
Alpha-1-antichymotrypsin,Monos,time1,20,17,0.11904984960461397,"[-0.35, 0.54]",0.6273717848952993,0.9621706909906743,False
Integrin alpha-IIb,Monos,time1,20,17,-0.14752291225563138,"[-0.56, 0.33]",0.5467116335998131,0.9551466476013153,False
Serum amyloid P-component,Monos,time1,20,17,-0.043873271503885376,"[-0.49, 0.42]",0.8584550270761725,0.9929646300905662,False
Inter-alpha-trypsin inhibitor heavy chain H1,Monos,time1,20,17,0.07410525944296713,"[-0.39, 0.51]",0.7630312467321604,0.9745063647413549,False
Probable non-functional immunoglobulin heavy variable 3-35,Monos,time1,20,17,-0.051240272479813886,"[-0.49, 0.41]",0.8349758480751351,0.9906439255230137,False
Immunoglobulin kappa variable 1-5,Monos,time1,20,17,-0.05560895275711213,"[-0.50, 0.41]",0.8211141388521671,0.9889791827992298,False
Band 3 anion transport protein,Monos,time1,20,17,-0.22915207045411176,"[-0.62, 0.25]",0.34533310481642976,0.926595760949047,False
Immunoglobulin lambda variable 7-43,Monos,time1,20,17,0.17234456137263146,"[-0.31, 0.58]",0.4804748064371759,0.9447457823105017,False
Peroxiredoxin-1,Monos,time1,20,17,-0.17617328634339816,"[-0.58, 0.30]",0.47062582245003504,0.9408984762056689,False
Matrix metalloproteinase-9,Monos,time1,20,17,0.1547307133351891,"[-0.32, 0.57]",0.5270635974976602,0.9529295397056773,False
Multimerin-2,Monos,time1,20,17,0.22082395732534368,"[-0.26, 0.61]",0.36361932633764327,0.9285871908420641,False
Immunoglobulin heavy variable 1-3,Monos,time1,20,17,-0.18224677367576067,"[-0.59, 0.30]",0.45521280061089675,0.9362868049217405,False
Podocalyxin,Monos,time1,20,17,0.014164444874490232,"[-0.44, 0.47]",0.9541052231095858,0.9989122224583239,False
Immunoglobulin lambda variable 1-51,Monos,time1,20,17,0.16909527217960785,"[-0.31, 0.58]",0.4889125221179651,0.9471625212722603,False
Cadherin-13,Monos,time1,20,17,0.21911448865097344,"[-0.26, 0.61]",0.3674396219514302,0.9285871908420641,False
Plastin-2,Monos,time1,20,17,0.14727092203441636,"[-0.33, 0.56]",0.5474044521570839,0.9551466476013153,False
Inter-alpha-trypsin inhibitor heavy chain H4,Monos,time1,20,17,0.03826902149426505,"[-0.42, 0.48]",0.8763937544631912,0.995958470840817,False
Fructose-bisphosphate aldolase B,Monos,time1,20,17,-0.13153103017170795,"[-0.55, 0.34]",0.5914409846456883,0.9610066239456336,False
Mannan-binding lectin serine protease 2,Monos,time1,20,17,-0.21667705272477247,"[-0.61, 0.26]",0.37292586184912113,0.9300516392509022,False
Platelet glycoprotein 4,Monos,time1,20,17,-0.24074692554355825,"[-0.63, 0.24]",0.32078136280207437,0.9236478900056884,False
Hemoglobin subunit alpha,Monos,time1,20,17,-0.28005237905217306,"[-0.65, 0.20]",0.24553247895156682,0.8982115991698657,False
Immunoglobulin lambda variable 3-10,Monos,time1,20,17,-0.5459910672138376,"[-0.80, -0.12]",0.015590910124574493,0.7719793292565047,False
Serum paraoxonase/lactonase 3,Monos,time1,20,17,0.11233137067107149,"[-0.36, 0.54]",0.6470575521929357,0.9623162852441542,False
Dopamine beta-hydroxylase,Monos,time1,20,17,0.24761060068866972,"[-0.23, 0.63]",0.3067499986403088,0.9236478900056884,False
Triosephosphate isomerase,Monos,time1,20,17,-0.17906519056979506,"[-0.59, 0.30]",0.46325445913793095,0.9399490057022261,False
Endoplasmic reticulum chaperone BiP,Monos,time1,20,17,-0.24583663412532794,"[-0.63, 0.23]",0.3103405473894194,0.9236478900056884,False
Suprabasin,Monos,time1,20,17,-0.35545071173671955,"[-0.70, 0.12]",0.13531584069076572,0.8499184771125022,False
Immunoglobulin kappa variable 3-20,Monos,time1,20,17,0.1528814462066897,"[-0.32, 0.57]",0.5320731730792606,0.9546563406817988,False
Ficolin-1,Monos,time1,20,17,0.1461532628155307,"[-0.33, 0.56]",0.5504820760081846,0.9567880971342136,False
Autotaxin,Monos,time1,20,17,-0.04747748410555119,"[-0.49, 0.42]",0.8469526910035138,0.991249088174675,False
Histidine ammonia-lyase,Monos,time1,20,17,-0.23496818566887404,"[-0.62, 0.25]",0.3328849384116006,0.9236478900056884,False
Noelin,Monos,time1,20,17,0.2562996575071074,"[-0.22, 0.64]",0.2895263703994657,0.9177310147446764,False
Prenylcysteine oxidase 1,Monos,time1,20,17,-0.07411583732989618,"[-0.51, 0.39]",0.762998343291655,0.9745063647413549,False
Immunoglobulin delta heavy chain,Monos,time1,20,17,-0.06677485505732653,"[-0.51, 0.40]",0.7859237814025761,0.9809449094133241,False
Antithrombin-III,Monos,time1,20,17,0.11116448448844582,"[-0.36, 0.54]",0.650500091249233,0.9627206746105794,False
Complement component C7,Monos,time1,20,17,0.2532846432933013,"[-0.23, 0.63]",0.2954343599569651,0.9197855145380048,False
BOS complex subunit NOMO3;BOS complex subunit NOMO1;BOS complex subunit NOMO2,Monos,time1,20,17,-0.12496522590913278,"[-0.55, 0.35]",0.6102359467523197,0.9621706909906743,False
Cofilin-1,Monos,time1,20,17,-0.1876419037420029,"[-0.59, 0.29]",0.4417412324753379,0.9361498868301301,False
Histone H4,Monos,time1,20,17,-0.4307809262270849,"[-0.74, 0.03]",0.0655830159030357,0.7845863525077257,False
Serum amyloid A-1 protein,Monos,time1,20,17,0.23763084279465282,"[-0.24, 0.62]",0.327275143016157,0.9236478900056884,False
Transferrin receptor protein 1,Monos,time1,20,17,0.10258466160520247,"[-0.37, 0.53]",0.6760167695967789,0.9648380336571762,False
Serpin B12,Monos,time1,20,17,0.06304251110076535,"[-0.40, 0.50]",0.7976459380673147,0.9839435330546431,False
Immunoglobulin kappa variable 3D-20,Monos,time1,20,17,0.2010310133765409,"[-0.28, 0.60]",0.4092241596015487,0.9318821411825824,False
Probable non-functional immunoglobulin heavy variable 3-16,Monos,time1,20,17,0.04499787044350435,"[-0.42, 0.49]",0.8548629879385776,0.9928150111527771,False
Immunoglobulin lambda variable 6-57,Monos,time1,20,17,0.2013204629919981,"[-0.28, 0.60]",0.40853584345037586,0.9318821411825824,False
Fibrinogen alpha chain,Monos,time1,20,17,-0.03297695961093502,"[-0.48, 0.43]",0.8933864752235452,0.997559861248858,False
Galectin-3-binding protein,Monos,time1,20,17,-0.041609588555372966,"[-0.49, 0.42]",0.8656933830635689,0.9942997171328796,False
Macrophage colony-stimulating factor 1 receptor,Monos,time1,20,17,0.09416382859217137,"[-0.38, 0.53]",0.7013940143728237,0.9649003662485383,False
Phosphatidylinositol-glycan-specific phospholipase D,Monos,time1,20,17,-0.3676454663501088,"[-0.70, 0.10]",0.12148948502661996,0.8313974029708804,False
Serotransferrin,Monos,time1,20,17,0.3576724139002811,"[-0.12, 0.70]",0.13271826908295448,0.847666490299985,False
Integrin alpha-11,Monos,time1,20,17,0.06744157221385912,"[-0.40, 0.51]",0.7838343841750431,0.9803908274000915,False
Proprotein convertase subtilisin/kexin type 9,Monos,time1,20,17,0.12473459307126493,"[-0.35, 0.55]",0.6109005019147578,0.9621706909906743,False
Gelsolin,Monos,time1,20,17,0.21631093929826423,"[-0.26, 0.61]",0.37375387910712543,0.9300516392509022,False
Proteoglycan 4,Monos,time1,20,17,-0.2620004314043091,"[-0.64, 0.22]",0.27855469881437644,0.9170614304794888,False
Vascular cell adhesion protein 1,Monos,time1,20,17,0.12735909262295955,"[-0.35, 0.55]",0.6033554695856838,0.9621706909906743,False
Adhesion G protein-coupled receptor F5,Monos,time1,20,17,0.15504046806413757,"[-0.32, 0.57]",0.5262266312323773,0.9529295397056773,False
Insulin-like growth factor-binding protein 3,Monos,time1,20,17,0.10822131681704644,"[-0.36, 0.54]",0.6592130235319531,0.9630236411946936,False
Transthyretin,Monos,time1,20,17,-0.016449032757472046,"[-0.47, 0.44]",0.946712154751143,0.9989122224583239,False
Coiled-coil domain-containing protein 126,Monos,time1,20,17,-0.04029634257761766,"[-0.49, 0.42]",0.8698973542313484,0.9952750807277061,False
Guanine nucleotide-binding protein G(i) subunit alpha-2,Monos,time1,20,17,-0.11240912882654826,"[-0.54, 0.36]",0.6468283933778649,0.9623162852441542,False
Apolipoprotein C-I,Monos,time1,20,17,0.23447270989058186,"[-0.25, 0.62]",0.3339350115324178,0.9236478900056884,False
Syntenin-1,Monos,time1,20,17,0.14362361734765441,"[-0.33, 0.56]",0.5574762188018132,0.9574313225752206,False
Phospholipid transfer protein,Monos,time1,20,17,-0.005443278432483545,"[-0.46, 0.45]",0.9823554784083305,0.9989122224583239,False
Laminin subunit beta-1,Monos,time1,20,17,0.23949529551814638,"[-0.24, 0.63]",0.32338045081614697,0.9236478900056884,False
Proline-rich protein 4,Monos,time1,20,17,0.08904300082810579,"[-0.38, 0.52]",0.7169776263639203,0.9656789320774398,False
Immunoglobulin kappa variable 2-28;Immunoglobulin kappa variable 2D-28,Monos,time1,20,17,0.0582647677922508,"[-0.41, 0.50]",0.812711782408764,0.9858034962512886,False
Complement C3,Monos,time1,20,17,0.16609496171012184,"[-0.31, 0.58]",0.4967675513205584,0.949643311856458,False
Thyroxine-binding globulin,Monos,time1,20,17,0.003556860824526556,"[-0.45, 0.46]",0.988469858342407,0.9989122224583239,False
Immunoglobulin kappa variable 1D-13;Immunoglobulin kappa variable 1-13,Monos,time1,20,17,0.2587085484612599,"[-0.22, 0.64]",0.28485843825388896,0.9175083333564564,False
Complement factor H-related protein 5,Monos,time1,20,17,0.09574260137397576,"[-0.37, 0.53]",0.6966121199502114,0.9648380336571762,False
Immunoglobulin lambda variable 2-23,Monos,time1,20,17,-0.016259935197837326,"[-0.47, 0.44]",0.9473239359156962,0.9989122224583239,False
Coagulation factor VII,Monos,time1,20,17,-0.17967958147312682,"[-0.59, 0.30]",0.46169596800184165,0.9398517221839591,False
Immunoglobulin heavy constant gamma 4,Monos,time1,20,17,0.19807575752161255,"[-0.28, 0.60]",0.4162875807619749,0.9324135167651676,False
L-lactate dehydrogenase B chain,Monos,time1,20,17,-0.22792292474892198,"[-0.62, 0.25]",0.34799787057411613,0.926595760949047,False
Zinc-alpha-2-glycoprotein,Monos,time1,20,17,0.03777185299864037,"[-0.42, 0.48]",0.8779880659133243,0.995958470840817,False
"Dihydrolipoyllysine-residue succinyltransferase component of 2-oxoglutarate dehydrogenase complex, mitochondrial",Monos,time1,20,17,0.2674256490220986,"[-0.21, 0.64]",0.2683555260667935,0.9159179485726242,False
Serpin B3,Monos,time1,20,17,-0.20431494320787455,"[-0.60, 0.28]",0.40145177480813543,0.931256717265325,False
Immunoglobulin heavy variable 3-33,Monos,time1,20,17,0.2701009919933577,"[-0.21, 0.65]",0.263412984073993,0.9122457279244144,False
Follistatin-related protein 1,Monos,time1,20,17,-0.06396949329726388,"[-0.50, 0.40]",0.7947305944209963,0.9834097432618503,False
Cholesteryl ester transfer protein,Monos,time1,20,17,0.07301432807021616,"[-0.39, 0.51]",0.7664267635212225,0.9750590716290142,False
Complement C1q subcomponent subunit C,Monos,time1,20,17,0.2819738361983288,"[-0.20, 0.65]",0.24217145634679044,0.8982115991698657,False
Immunoglobulin heavy variable 4-30-2,Monos,time1,20,17,0.14594366345364623,"[-0.33, 0.56]",0.5510600962014645,0.9568680316140749,False
Thrombospondin-4,Monos,time1,20,17,0.35082605060223615,"[-0.12, 0.69]",0.1408368571888544,0.8558309360858758,False
Transketolase,Monos,time1,20,17,0.06060986542053574,"[-0.40, 0.50]",0.8053086829832428,0.9840896993583559,False
Complement receptor type 2,Monos,time1,20,17,0.28755079589255683,"[-0.19, 0.66]",0.23258343045015673,0.8982115991698657,False
Immunoglobulin kappa variable 2-40;Immunoglobulin kappa variable 2D-40,Monos,time1,20,17,-0.03774758681099957,"[-0.48, 0.42]",0.87806589386985,0.995958470840817,False
Immunoglobulin kappa variable 3D-7,Monos,time1,20,17,-0.0778399907575797,"[-0.51, 0.39]",0.7514385947641662,0.9742709497578206,False
Immunoglobulin heavy variable 3-64,Monos,time1,20,17,-0.02758334372902,"[-0.48, 0.43]",0.9107511177543777,0.997559861248858,False
Vitronectin,Monos,time1,20,17,-0.3138068861186112,"[-0.67, 0.16]",0.19075975766757666,0.8786430972185097,False
Complement component C8 gamma chain,Monos,time1,20,17,0.14807175746550946,"[-0.33, 0.56]",0.545204012954664,0.9550458416046101,False
Immunoglobulin heavy variable 5-51,Monos,time1,20,17,-0.13738734546277562,"[-0.56, 0.34]",0.5748843543582841,0.9585981157899655,False
Coagulation factor V,Monos,time1,20,17,0.14549254515564927,"[-0.33, 0.56]",0.5523050815702928,0.956967658239982,False
Protein S100-A7,Monos,time1,20,17,-0.07749693384369359,"[-0.51, 0.39]",0.7525013650339049,0.9743019019685283,False
Arginase-1,Monos,time1,20,17,-0.10060834903661886,"[-0.53, 0.37]",0.6819438535551954,0.9648380336571762,False
Protein-glutamine gamma-glutamyltransferase K,Monos,time1,20,17,-0.059043226880818894,"[-0.50, 0.41]",0.8102525924558786,0.9853512016964315,False
Immunoglobulin kappa variable 4-1,Monos,time1,20,17,0.5494142995730086,"[0.13, 0.80]",0.014826061914331995,0.7677137594604839,False
Coagulation factor XIII B chain,Monos,time1,20,17,0.06417834171339751,"[-0.40, 0.50]",0.7940741275802602,0.9831638563490928,False
Apolipoprotein C-II,Monos,time1,20,17,0.1896847281968099,"[-0.29, 0.59]",0.43669506408588554,0.9360268564138758,False
Bone marrow proteoglycan,Monos,time1,20,17,-0.08074706907393478,"[-0.52, 0.39]",0.7424499982719921,0.9728363041843875,False
Apolipoprotein A-I,Monos,time1,20,17,0.2121219975639497,"[-0.27, 0.61]",0.38330109552218417,0.931256717265325,False
Coagulation factor X,Monos,time1,20,17,0.058655921101074655,"[-0.41, 0.50]",0.8114758989069799,0.9853512016964315,False
Thioredoxin,Monos,time1,20,17,-0.2000227513177794,"[-0.60, 0.28]",0.41162671250111005,0.9324135167651676,False
Immunoglobulin heavy variable 3-15,Monos,time1,20,17,-0.12919130031389528,"[-0.55, 0.35]",0.5981108521413175,0.9619652257709965,False
Proteasome subunit beta type-2,Monos,time1,20,17,-0.14866515237944947,"[-0.56, 0.33]",0.5435761317430929,0.9550458416046101,False
Apolipoprotein A-II,Monos,time1,20,17,0.017186178347266393,"[-0.44, 0.47]",0.9443275672755362,0.9989122224583239,False
Immunoglobulin heavy constant gamma 2,Monos,time1,20,17,0.41235257861822894,"[-0.05, 0.73]",0.07935905809573165,0.8104760370286881,False
Plakophilin-1,Monos,time1,20,17,-0.06928186927434994,"[-0.51, 0.40]",0.778074537828701,0.9792734583116876,False
Fetuin-B,Monos,time1,20,17,-0.09976147741173146,"[-0.53, 0.37]",0.6844891659093324,0.9648380336571762,False
Complement factor H-related protein 3,Monos,time1,20,17,0.2327868469331641,"[-0.25, 0.62]",0.3375224095383502,0.9245385826741866,False
Plasminogen,Monos,time1,20,17,0.10394944097274664,"[-0.37, 0.53]",0.671934310584963,0.9648380336571762,False
Fermitin family homolog 3,Monos,time1,20,17,-0.18196863658608517,"[-0.59, 0.30]",0.4559129474589204,0.9371370274130402,False
Immunoglobulin heavy variable 3-21,Monos,time1,20,17,-0.08891478619056853,"[-0.52, 0.38]",0.7173692134585239,0.9656789320774398,False
Immunoglobulin heavy variable 2-26,Monos,time1,20,17,0.21485103139998643,"[-0.27, 0.61]",0.37706592863387045,0.9300516392509022,False
Immunoglobulin kappa variable 1-12;Immunoglobulin kappa variable 1D-12,Monos,time1,20,17,0.04670881608774358,"[-0.42, 0.49]",0.8494033812229704,0.991249088174675,False
Immunoglobulin heavy constant gamma 3,Monos,time1,20,17,0.0659699795280715,"[-0.40, 0.51]",0.7884480141181516,0.9809480629991617,False
Immunoglobulin kappa variable 2D-29,Monos,time1,20,17,0.19127579975383924,"[-0.29, 0.59]",0.432785816612024,0.9343955399375984,False
Neogenin,Monos,time1,20,17,0.1826874013552175,"[-0.30, 0.59]",0.45410474755527375,0.9362868049217405,False
Immunoglobulin heavy variable 6-1,Monos,time1,20,17,0.4446322088086163,"[-0.01, 0.75]",0.05647014929448895,0.780717100347183,False
L-selectin,Monos,time1,20,17,0.46742398540128643,"[0.02, 0.76]",0.04359993909519014,0.780717100347183,False
Immunoglobulin lambda constant 3,Monos,time1,20,17,-0.07602256172528439,"[-0.51, 0.39]",0.7570737168670882,0.9745063647413549,False
A disintegrin and metalloproteinase with thrombospondin motifs 13,Monos,time1,20,17,0.4190948009270425,"[-0.04, 0.73]",0.0740917829800439,0.7963212415647299,False
von Willebrand factor,Monos,time1,20,17,-0.22947728316416716,"[-0.62, 0.25]",0.34463003221775745,0.926595760949047,False
Neutral alpha-glucosidase AB,Monos,time1,20,17,-0.18052761474772686,"[-0.59, 0.30]",0.45954918746702356,0.9386121408562137,False
Carbonic anhydrase 1,Monos,time1,20,17,-0.14803629330221402,"[-0.56, 0.33]",0.5453013726220084,0.9550458416046101,False
Immunoglobulin lambda variable 4-60,Monos,time1,20,17,-0.010177030270068674,"[-0.46, 0.45]",0.9670170019347587,0.9989122224583239,False
Integrin beta-1,Monos,time1,20,17,0.29686702720222874,"[-0.18, 0.66]",0.21711981870039954,0.8982115991698657,False
Immunoglobulin lambda variable 3-12,Monos,time1,20,17,0.3038491218300173,"[-0.17, 0.67]",0.20598168749239942,0.8937375538491094,False
Alpha-amylase 1B;Alpha-amylase 1C;Alpha-amylase 1A,Monos,time1,20,17,-0.41892457045936726,"[-0.73, 0.04]",0.0742214936513302,0.7963212415647299,False
Lumican,Monos,time1,20,17,0.3013169241349238,"[-0.18, 0.66]",0.20997666349478517,0.8980339270305654,False
Beta-Ala-His dipeptidase,Monos,time1,20,17,-0.10395952551712767,"[-0.53, 0.37]",0.6719041772583452,0.9648380336571762,False
Immunoglobulin alpha-2 heavy chain,Monos,time1,20,17,0.30031672730217596,"[-0.18, 0.66]",0.2115685805165961,0.8982115991698657,False
Complement C5,Monos,time1,20,17,0.3408123394653051,"[-0.13, 0.69]",0.15332604230579538,0.8644305987562886,False
Protein S100-A8,Monos,time1,20,17,-0.20980339325988373,"[-0.61, 0.27]",0.3886432913079667,0.931256717265325,False
Immunoglobulin lambda variable 3-25,Monos,time1,20,17,0.05906428961502039,"[-0.41, 0.50]",0.8101860777941654,0.9853512016964315,False
Leukocyte immunoglobulin-like receptor subfamily B member 3;Leukocyte immunoglobulin-like receptor subfamily A member 6,Monos,time1,20,17,0.2032106458283297,"[-0.28, 0.60]",0.4040563852063036,0.9318821411825824,False
Collagen alpha-3(VI) chain,Monos,time1,20,17,0.11514183625248804,"[-0.36, 0.54]",0.6387943615706873,0.9621706909906743,False
Immunoglobulin kappa variable 1-39;Immunoglobulin kappa variable 1D-39,Monos,time1,20,17,-0.10317673728339934,"[-0.53, 0.37]",0.6742446249363898,0.9648380336571762,False
Bleomycin hydrolase,Monos,time1,20,17,-0.07739646344321068,"[-0.51, 0.39]",0.7528126972788928,0.9744732876369235,False
CD166 antigen,Monos,time1,20,17,-0.33547772331524206,"[-0.69, 0.14]",0.1602824614815573,0.867816664987516,False
Beta-2-microglobulin,Monos,time1,20,17,0.09288210187480832,"[-0.38, 0.52]",0.7052841245429913,0.9656789320774398,False
Amino acid transporter heavy chain SLC3A2,Monos,time1,20,17,0.40950634965910976,"[-0.05, 0.73]",0.0816636827768982,0.8104760370286881,False
Haptoglobin-related protein,Monos,time1,20,17,0.34640419135610667,"[-0.13, 0.69]",0.14626103573863838,0.8561338509729858,False
Alpha-1-acid glycoprotein 1,Monos,time1,20,17,0.41015967792475094,"[-0.05, 0.73]",0.08113036926342755,0.8104760370286881,False
Serum paraoxonase/arylesterase 1,Monos,time1,20,17,-0.11224267904272375,"[-0.54, 0.36]",0.647318969853909,0.9623162852441542,False
Target of Nesh-SH3,Monos,time1,20,17,0.28295138968923866,"[-0.20, 0.65]",0.2404728551213012,0.8982115991698657,False
Intercellular adhesion molecule 1,Monos,time1,20,17,-0.1282624614212473,"[-0.55, 0.35]",0.6007672650788931,0.9621706909906743,False
Complement C4-A,Monos,time1,20,17,0.3749210876521499,"[-0.10, 0.71]",0.11373530274115219,0.8290414311110669,False
Coagulation factor XIII A chain,Monos,time1,20,17,0.13623790012077744,"[-0.34, 0.56]",0.5781182374587543,0.9585981157899655,False
Immunoglobulin mu heavy chain,Monos,time1,20,17,-0.2526588405744451,"[-0.63, 0.23]",0.2966697560998733,0.9197855145380048,False
Oncoprotein-induced transcript 3 protein,Monos,time1,20,17,0.19261651752101175,"[-0.29, 0.59]",0.42950602955180917,0.9341945835044614,False
Peroxiredoxin-2,Monos,time1,20,17,-0.2835365119536796,"[-0.65, 0.20]",0.23945980113787113,0.8982115991698657,False
Tissue factor pathway inhibitor,Monos,time1,20,17,0.14849169656527544,"[-0.33, 0.56]",0.54405175179067,0.9550458416046101,False
Progranulin,Monos,time1,20,17,-0.37696597867178877,"[-0.71, 0.09]",0.11162114724616758,0.8290414311110669,False
Histone H2B type 1-K;Histone H2B type F-S,Monos,time1,20,17,-0.22746829125540657,"[-0.62, 0.25]",0.34898650782069185,0.926595760949047,False
Hemoglobin subunit delta,Monos,time1,20,17,-0.11788755761531994,"[-0.54, 0.36]",0.6307606808582904,0.9621706909906743,False
Glutathione S-transferase P,Monos,time1,20,17,-0.39681149499583757,"[-0.72, 0.07]",0.0925462294791812,0.8154186244354011,False
Annexin A6,Monos,time1,20,17,0.28942741290462903,"[-0.19, 0.66]",0.2294129532509956,0.8982115991698657,False
Complement factor H-related protein 1,Monos,time1,20,17,0.14210136632149775,"[-0.33, 0.56]",0.5617038871685431,0.9574313225752206,False
Protein KPLCE,Monos,time1,20,17,-0.10263866378087554,"[-0.53, 0.37]",0.675855067636476,0.9648380336571762,False
Immunoglobulin heavy variable 4-4,Monos,time1,20,17,-0.03414397696185092,"[-0.48, 0.43]",0.8896351235694105,0.997559861248858,False
Alpha-1B-glycoprotein,Monos,time1,20,17,0.11352609305202445,"[-0.36, 0.54]",0.6435399867601447,0.9621706909906743,False
Properdin,Monos,time1,20,17,0.05037386205417077,"[-0.41, 0.49]",0.8377306227786278,0.9906439255230137,False
Immunoglobulin heavy variable 3-53,Monos,time1,20,17,-0.09028009707883437,"[-0.52, 0.38]",0.7132028304970139,0.9656789320774398,False
Calmodulin-like protein 5,Monos,time1,20,17,-0.17922765759456377,"[-0.59, 0.30]",0.46284207925082166,0.9399490057022261,False
Carboxypeptidase B2,Monos,time1,20,17,0.2385578546904705,"[-0.24, 0.63]",0.32533524552733384,0.9236478900056884,False
"Sushi, nidogen and EGF-like domain-containing protein 1",Monos,time1,20,17,0.19672722923862834,"[-0.28, 0.60]",0.4195323020193211,0.9324135167651676,False
Proteasome subunit alpha type-5,Monos,time1,20,17,-0.2557999952991801,"[-0.64, 0.22]",0.29050043639528095,0.9177310147446764,False
Bifunctional heparan sulfate N-deacetylase/N-sulfotransferase 4,Monos,time1,20,17,-0.07781475808589805,"[-0.51, 0.39]",0.7515167495380685,0.9742709497578206,False
Immunoglobulin heavy variable 3-9,Monos,time1,20,17,0.20953643685154885,"[-0.27, 0.61]",0.38926100510806516,0.931256717265325,False
Neural cell adhesion molecule L1-like protein,Monos,time1,20,17,0.20719230982926448,"[-0.27, 0.60]",0.3947083683124314,0.931256717265325,False
Proteasome subunit alpha type-2,Monos,time1,20,17,-0.08321986980058352,"[-0.52, 0.39]",0.734829163313687,0.972494791298199,False
Intercellular adhesion molecule 3,Monos,time1,20,17,-0.04775686294749936,"[-0.49, 0.42]",0.8460622990344169,0.991249088174675,False
Receptor-type tyrosine-protein phosphatase eta,Monos,time1,20,17,-0.1415839019378584,"[-0.56, 0.33]",0.5631442132820061,0.9574313225752206,False
ADAMTS-like protein 4,Monos,time1,20,17,-0.1550172574428432,"[-0.57, 0.32]",0.5262893256116757,0.9529295397056773,False
Immunoglobulin lambda variable 3-21,Monos,time1,20,17,0.2992129638093092,"[-0.18, 0.66]",0.2133345079801681,0.8982115991698657,False
Cartilage oligomeric matrix protein,Monos,time1,20,17,0.2621220438626249,"[-0.22, 0.64]",0.2783234842367177,0.9170614304794888,False
Neural cell adhesion molecule 1,Monos,time1,20,17,0.2750709677690808,"[-0.20, 0.65]",0.25438372517669344,0.9039683405487355,False
Immunoglobulin lambda variable 2-11,Monos,time1,20,17,-0.09895496929210724,"[-0.53, 0.37]",0.6869161949662272,0.9648380336571762,False
Immunoglobulin kappa variable 1D-33;Immunoglobulin kappa variable 1-33,Monos,time1,20,17,-0.19919520474265226,"[-0.60, 0.28]",0.4136043114949559,0.9324135167651676,False
Beta-2-glycoprotein 1,Monos,time1,20,17,0.14340439317048767,"[-0.33, 0.56]",0.5580841901309521,0.9574313225752206,False
Vitamin D-binding protein,Monos,time1,20,17,0.11189666213781763,"[-0.36, 0.54]",0.6483392288882881,0.9623162852441542,False
Filamin-A,Monos,time1,20,17,-0.1595826716775225,"[-0.57, 0.32]",0.5140248227853017,0.9529295397056773,False
Reelin,Monos,time1,20,17,0.04445826891073291,"[-0.42, 0.49]",0.8565861721425962,0.9928150111527771,False
Immunoglobulin lambda variable 5-39,Monos,time1,20,17,0.024773504961907052,"[-0.43, 0.47]",0.9198131962332732,0.9985551599450393,False
Fatty acid-binding protein 5,Monos,time1,20,17,-0.3669390105547578,"[-0.70, 0.10]",0.12226189965300334,0.8313974029708804,False
"HLA class I histocompatibility antigen, A alpha chain",Monos,time1,20,17,0.013267727408601585,"[-0.44, 0.46]",0.9570080696551753,0.9989122224583239,False
Low affinity immunoglobulin gamma Fc region receptor III-A,Monos,time1,20,17,0.49944010463579386,"[0.06, 0.78]",0.029468444824364535,0.780717100347183,False
Heat shock 70 kDa protein 1A;Heat shock 70 kDa protein 1B,Monos,time1,20,17,-0.33203998438149734,"[-0.68, 0.14]",0.16487838102915225,0.867816664987516,False
Apolipoprotein D,Monos,time1,20,17,-0.053909800623069236,"[-0.50, 0.41]",0.8264997043579456,0.9902234995263719,False
Plexin-B1,Monos,time1,20,17,0.056681752197018875,"[-0.41, 0.50]",0.8177177623615082,0.9875992555224574,False
Immunoglobulin heavy variable 1-58,Monos,time1,20,17,0.10407299524703191,"[-0.37, 0.53]",0.6715651547678491,0.9648380336571762,False
Apolipoprotein C-IV,Monos,time1,20,17,-0.03581492047577087,"[-0.48, 0.43]",0.884267838126744,0.995958470840817,False
Monocyte differentiation antigen CD14,Monos,time1,20,17,0.26627923225295275,"[-0.21, 0.64]",0.27049105139865937,0.9170614304794888,False
Protein MENT,Monos,time1,20,17,-0.39134982279605635,"[-0.72, 0.08]",0.09753956607737284,0.8179364288014818,False
Immunoglobulin epsilon heavy chain,Monos,time1,20,17,0.019939653729776227,"[-0.44, 0.47]",0.9354245321480019,0.9989122224583239,False
Complement factor H,Monos,time1,20,17,0.03647185081264493,"[-0.42, 0.48]",0.8821590017149088,0.995958470840817,False
Stabilin-1,Monos,time1,20,17,0.0003687080779630584,"[-0.45, 0.45]",0.9988047355254104,0.9997463194271461,False
Macrophage receptor MARCO,Monos,time1,20,17,0.15248062058634082,"[-0.32, 0.57]",0.5331618712977761,0.954665480182609,False
Protein POF1B,Monos,time1,20,17,-0.04803344131536984,"[-0.49, 0.42]",0.845181008199905,0.9911962572654407,False
Phosphatidylcholine-sterol acyltransferase,Monos,time1,20,17,0.0035008881818503453,"[-0.45, 0.46]",0.9886512915404515,0.9989122224583239,False
Clusterin,Monos,time1,20,17,0.01960858838507167,"[-0.44, 0.47]",0.9364946246715686,0.9989122224583239,False
Platelet-activating factor acetylhydrolase,Monos,time1,20,17,0.06167700308863398,"[-0.40, 0.50]",0.801945103425655,0.9840896993583559,False
Vasorin,Monos,time1,20,17,0.17857477440692102,"[-0.30, 0.59]",0.4645003792804113,0.9399490057022261,False
Myeloperoxidase,Monos,time1,20,17,-0.02812360523449855,"[-0.48, 0.43]",0.909009882397463,0.997559861248858,False
Immunoglobulin lambda variable 5-52,Monos,time1,20,17,-0.3050195275258697,"[-0.67, 0.17]",0.20415223653306133,0.8937375538491094,False
Carboxypeptidase N catalytic chain,Monos,time1,20,17,0.10391272648856646,"[-0.37, 0.53]",0.67204402008743,0.9648380336571762,False
Fibrinogen gamma chain,Monos,time1,20,17,-0.0916800742093457,"[-0.52, 0.38]",0.708938718273155,0.9656789320774398,False
Soluble scavenger receptor cysteine-rich domain-containing protein SSC5D,Monos,time1,20,17,0.04529710417319947,"[-0.42, 0.49]",0.8539076740334297,0.9928150111527771,False
Tetranectin,Monos,time1,20,17,0.3874832552622491,"[-0.08, 0.72]",0.10119084232976672,0.8259679032883286,False
Apolipoprotein(a),Monos,time1,20,17,0.016097455447283606,"[-0.44, 0.47]",0.9478496239075298,0.9989122224583239,False
Alpha-2-antiplasmin,Monos,time1,20,17,0.1664383542214916,"[-0.31, 0.58]",0.49586544021617474,0.949643311856458,False
Retroviral-like aspartic protease 1,Monos,time1,20,17,-0.2594841098874705,"[-0.64, 0.22]",0.2833654617322146,0.917472121603545,False
Ficolin-3,Monos,time1,20,17,-0.06528007497574008,"[-0.50, 0.40]",0.7906132861349086,0.9812443166838123,False
Immunoglobulin kappa variable 2-24,Monos,time1,20,17,-0.4681518618991585,"[-0.76, -0.02]",0.04322972755490387,0.780717100347183,False
Immunoglobulin superfamily containing leucine-rich repeat protein,Monos,time1,20,17,0.09629036332449889,"[-0.37, 0.53]",0.694955567177014,0.9648380336571762,False
Complement factor D,Monos,time1,20,17,0.043747641725658905,"[-0.42, 0.49]",0.8588564631024584,0.9929646300905662,False
Vitamin K-dependent protein Z,Monos,time1,20,17,-0.025938398801893362,"[-0.47, 0.43]",0.9160550586279479,0.9985551599450393,False
EGF-containing fibulin-like extracellular matrix protein 1,Monos,time1,20,17,0.051479380296533886,"[-0.41, 0.49]",0.8342159209525378,0.9906439255230137,False
Dipeptidase 2,Monos,time1,20,17,0.052450848314970946,"[-0.41, 0.49]",0.8311298764046846,0.9906439255230137,False
Myeloblastin,Monos,time1,20,17,0.0058966269889968535,"[-0.45, 0.46]",0.9808861835035124,0.9989122224583239,False
Neurogenic locus notch homolog protein 1,Monos,time1,20,17,-0.1864253576168233,"[-0.59, 0.29]",0.4447606758752759,0.9361498868301301,False
Vitamin K-dependent protein S,Monos,time1,20,17,0.16930466150915563,"[-0.31, 0.58]",0.48836660615673555,0.9465780583573915,False
Dermcidin,Monos,time1,20,17,0.13871500900563014,"[-0.34, 0.56]",0.571158775837342,0.9575202748664524,False
Immunoglobulin heavy variable 3-73,Monos,time1,20,17,-0.033983793314171465,"[-0.48, 0.43]",0.8901498992104688,0.997559861248858,False
Alpha-2-macroglobulin,Monos,time1,20,17,0.26929108022925624,"[-0.21, 0.64]",0.2649031851751441,0.9143301122344544,False
Cation-independent mannose-6-phosphate receptor,Monos,time1,20,17,0.34275979480198876,"[-0.13, 0.69]",0.15083931897470992,0.8641476395228166,False
Chromodomain-helicase-DNA-binding protein 1;Chromodomain-helicase-DNA-binding protein 2;Chromodomain-helicase-DNA-binding protein 9;Chromodomain-helicase-DNA-binding protein 6;Chromodomain-helicase-DNA-binding protein 8;Chromodomain-helicase-DNA-binding protein 7,Monos,time1,20,17,-0.11743693674533223,"[-0.54, 0.36]",0.6320764617876781,0.9621706909906743,False
Ceruloplasmin,Monos,time1,20,17,-0.20719230982926448,"[-0.60, 0.27]",0.3947083683124314,0.931256717265325,False
Prostaglandin-H2 D-isomerase,Monos,time1,20,17,0.3220074358836039,"[-0.15, 0.68]",0.1788034755066782,0.8733740923033797,False
Protein S100-A9,Monos,time1,20,17,-0.21530684566748873,"[-0.61, 0.26]",0.37603007601855487,0.9300516392509022,False
Immunoglobulin J chain,Monos,time1,20,17,-0.17438770469448045,"[-0.58, 0.30]",0.47520638854855524,0.942574321203526,False
Probable non-functional immunoglobulin kappa variable 3-7,Eosin,time1,20,17,0.2920718218018872,"[-0.19, 0.66]",0.22499295181896,0.8982115991698657,False
Apolipoprotein A-IV,Eosin,time1,20,17,-0.1432504848074651,"[-0.56, 0.33]",0.5585111969834387,0.9574313225752206,False
Coagulation factor XII,Eosin,time1,20,17,0.19713298424189807,"[-0.28, 0.60]",0.41855458902670306,0.9324135167651676,False
Mannan-binding lectin serine protease 1,Eosin,time1,20,17,-0.37019069329108567,"[-0.71, 0.10]",0.11873535693977179,0.82930740714926,False
Complement factor I,Eosin,time1,20,17,0.08052522346023605,"[-0.39, 0.52]",0.7431348305204172,0.9728363041843875,False
Platelet glycoprotein Ib alpha chain,Eosin,time1,20,17,-0.18866034114208902,"[-0.59, 0.29]",0.439221715594013,0.9361498868301301,False
Hepatocyte growth factor-like protein,Eosin,time1,20,17,0.6359468561353746,"[0.26, 0.85]",0.003425174193957819,0.7385516510769441,False
Profilin-1,Eosin,time1,20,17,-0.017048732154242737,"[-0.47, 0.44]",0.9447721572767144,0.9989122224583239,False
Peptidase inhibitor 16,Eosin,time1,20,17,-0.5400637761746198,"[-0.80, -0.11]",0.016989454129977932,0.7725125015513618,False
Cell surface glycoprotein MUC18,Eosin,time1,20,17,0.3432412672120039,"[-0.13, 0.69]",0.1502288522637631,0.8626188653691228,False
Adhesion G-protein coupled receptor G6,Eosin,time1,20,17,-0.0732474698709386,"[-0.51, 0.39]",0.7657007663630753,0.9750590716290142,False
Immunoglobulin heavy variable 1-69,Eosin,time1,20,17,0.3541486633858639,"[-0.12, 0.70]",0.13685463830377204,0.8517367230476903,False
Insulin-like growth factor-binding protein complex acid labile subunit,Eosin,time1,20,17,0.37057130717763703,"[-0.10, 0.71]",0.11832735724528576,0.8291287868992757,False
Plasma serine protease inhibitor,Eosin,time1,20,17,0.522605925775813,"[0.09, 0.79]",0.02169643409689063,0.780717100347183,False
Immunoglobulin heavy variable 1-69D,Eosin,time1,20,17,0.05095360007538061,"[-0.41, 0.49]",0.8358871284490724,0.9906439255230137,False
Pancreatic adenocarcinoma up-regulated factor,Eosin,time1,20,17,-0.5713307296876283,"[-0.81, -0.16]",0.010610654082138083,0.744293172803311,False
Immunoglobulin heavy variable 3-64D,Eosin,time1,20,17,-0.2652215503284792,"[-0.64, 0.21]",0.27247064043867597,0.9170614304794888,False
Neutrophil gelatinase-associated lipocalin,Eosin,time1,20,17,0.22742582372285028,"[-0.25, 0.62]",0.3490789395728915,0.926595760949047,False
Lysosome-associated membrane glycoprotein 2,Eosin,time1,20,17,-0.27482360915994414,"[-0.65, 0.20]",0.25482843028499524,0.9049896294820087,False
Corneodesmosin,Eosin,time1,20,17,-0.07439446758215106,"[-0.51, 0.39]",0.7621317798321806,0.9745063647413549,False
Collagen alpha-1(XVIII) chain,Eosin,time1,20,17,-0.05929753003946199,"[-0.50, 0.41]",0.8094496039818844,0.9853512016964315,False
Lipopolysaccharide-binding protein,Eosin,time1,20,17,0.4610907105352056,"[0.01, 0.76]",0.04692460338818914,0.780717100347183,False
Immunoglobulin heavy variable 3-49,Eosin,time1,20,17,-0.18830542284318574,"[-0.59, 0.29]",0.4400988971671812,0.9361498868301301,False
SPARC-like protein 1,Eosin,time1,20,17,0.17818424297891922,"[-0.30, 0.59]",0.46549374873266536,0.9399490057022261,False
Ras-associated and pleckstrin homology domains-containing protein 1,Eosin,time1,20,17,-0.30816616013730797,"[-0.67, 0.17]",0.19928712231795764,0.8922868894209619,False
Alpha-1-acid glycoprotein 2,Eosin,time1,20,17,0.07374253202278135,"[-0.39, 0.51]",0.7641597770762423,0.9745063647413549,False
Immunoglobulin heavy variable 3-20,Eosin,time1,20,17,-0.21050623164009044,"[-0.61, 0.27]",0.3870195803027344,0.931256717265325,False
Neurogenic locus notch homolog protein 2,Eosin,time1,20,17,-0.02150046036860582,"[-0.47, 0.44]",0.930381040976507,0.9989122224583239,False
Apolipoprotein B-100,Eosin,time1,20,17,-0.257537953693123,"[-0.64, 0.22]",0.28712099860080925,0.9177310147446764,False
CD44 antigen,Eosin,time1,20,17,0.4325852351162968,"[-0.03, 0.74]",0.06433742442194489,0.7845863525077257,False
Pigment epithelium-derived factor,Eosin,time1,20,17,0.6247484935585396,"[0.24, 0.84]",0.004239720858784012,0.7385516510769441,False
Xaa-Pro dipeptidase,Eosin,time1,20,17,0.18457931661815902,"[-0.29, 0.59]",0.4493628628809858,0.9361498868301301,False
Immunoglobulin heavy constant delta,Eosin,time1,20,17,0.089770983368913,"[-0.38, 0.52]",0.7147555403679969,0.9656789320774398,False
Probable non-functional immunoglobulin heavy variable 3-38-3,Eosin,time1,20,17,-0.24470146318708397,"[-0.63, 0.24]",0.31265132348770375,0.9236478900056884,False
Immunoglobulin lambda constant 7,Eosin,time1,20,17,-0.4954431893232878,"[-0.78, -0.05]",0.031005000659343127,0.780717100347183,False
Receptor-type tyrosine-protein phosphatase gamma,Eosin,time1,20,17,-0.1337806422935459,"[-0.55, 0.34]",0.5850574857897783,0.9599322538236903,False
Afamin,Eosin,time1,20,17,0.08310290950861238,"[-0.39, 0.52]",0.7351890911490071,0.972494791298199,False
Pyruvate kinase PKLR,Eosin,time1,20,17,-0.4025924800851812,"[-0.72, 0.06]",0.08746676555303781,0.8154186244354011,False
Insulin-like growth factor 2,Eosin,time1,20,17,-0.24583642740754308,"[-0.63, 0.23]",0.3103409672532828,0.9236478900056884,False
CD109 antigen,Eosin,time1,20,17,-0.21347110814206466,"[-0.61, 0.27]",0.380211576212492,0.9306754732938034,False
ADP-ribosyl cyclase/cyclic ADP-ribose hydrolase 2,Eosin,time1,20,17,0.1910116729614831,"[-0.29, 0.59]",0.4334334964622105,0.9350755875607188,False
Dedicator of cytokinesis protein 4,Eosin,time1,20,17,0.3139727976625149,"[-0.16, 0.67]",0.1905126966950322,0.8786430972185097,False
Complement factor H-related protein 2,Eosin,time1,20,17,0.5693239147586616,"[0.16, 0.81]",0.010950871703954857,0.7497716344476072,False
Selenoprotein P,Eosin,time1,20,17,0.20043693700472817,"[-0.28, 0.60]",0.4106388450248234,0.9319993199855614,False
Adipocyte plasma membrane-associated protein,Eosin,time1,20,17,-0.16955491676242138,"[-0.58, 0.31]",0.48771453727848146,0.9459302114151192,False
Immunoglobulin heavy constant alpha 2,Eosin,time1,20,17,-0.39510472420627146,"[-0.72, 0.07]",0.09408616971942582,0.8154186244354011,False
Lactotransferrin,Eosin,time1,20,17,0.21381133508709785,"[-0.27, 0.61]",0.379434643984518,0.9306754732938034,False
Alpha-enolase,Eosin,time1,20,17,0.1521454987971676,"[-0.32, 0.57]",0.5340728935259932,0.954665480182609,False
Immunoglobulin heavy constant gamma 1,Eosin,time1,20,17,0.4548911715700265,"[0.00, 0.75]",0.050363218215075146,0.780717100347183,False
Collectin-10,Eosin,time1,20,17,-0.020893022918592165,"[-0.47, 0.44]",0.9323435839358241,0.9989122224583239,False
Lysosome-associated membrane glycoprotein 1,Eosin,time1,20,17,0.07686517387148609,"[-0.39, 0.51]",0.7544596350563543,0.9745063647413549,False
Cathelicidin antimicrobial peptide,Eosin,time1,20,17,-0.17522558428698037,"[-0.58, 0.30]",0.4730542071309589,0.9413399766352809,False
Fibroblast growth factor-binding protein 2,Eosin,time1,20,17,-0.15832960056708795,"[-0.57, 0.32]",0.5173775581695474,0.9529295397056773,False
Lymphatic vessel endothelial hyaluronic acid receptor 1,Eosin,time1,20,17,-0.446148799714093,"[-0.75, 0.01]",0.05553378376450561,0.780717100347183,False
Haptoglobin,Eosin,time1,20,17,0.4833287920883705,"[0.04, 0.77]",0.036045751909167624,0.780717100347183,False
Tenascin-X,Eosin,time1,20,17,0.009433017057104713,"[-0.45, 0.46]",0.9694271784296844,0.9989122224583239,False
Zinc finger protein 512B,Eosin,time1,20,17,0.0704720815210092,"[-0.40, 0.51]",0.7743552282130276,0.978188779495859,False
Immunoglobulin lambda variable 3-19,Eosin,time1,20,17,0.03460451762381442,"[-0.43, 0.48]",0.8881553390701938,0.9974256869229473,False
Complement C1q subcomponent subunit B,Eosin,time1,20,17,-0.3541486633858639,"[-0.70, 0.12]",0.13685463830377204,0.8517367230476903,False
Ubiquitin-ribosomal protein eS31 fusion protein,Eosin,time1,20,17,-0.1135872717650209,"[-0.54, 0.36]",0.6433600555154699,0.9621706909906743,False
Kinesin-like protein KIF21A,Eosin,time1,20,17,-0.5272553617283916,"[-0.79, -0.10]",0.020352843222054648,0.780717100347183,False
Attractin,Eosin,time1,20,17,-0.36249659406627777,"[-0.70, 0.11]",0.12719907430614422,0.8433981957637434,False
Immunoglobulin lambda variable 1-44,Eosin,time1,20,17,-0.3778123300966665,"[-0.71, 0.09]",0.11075441979066382,0.8290414311110669,False
Immunoglobulin heavy variable 1-46,Eosin,time1,20,17,-0.23657242043368185,"[-0.62, 0.24]",0.3294983553015416,0.9236478900056884,False
Fibulin-1,Eosin,time1,20,17,0.08581082843470872,"[-0.38, 0.52]",0.7268695659581905,0.9682573349536114,False
Secreted phosphoprotein 24,Eosin,time1,20,17,0.4829059795017389,"[0.04, 0.77]",0.03623246960516629,0.780717100347183,False
Scavenger receptor class B member 1,Eosin,time1,20,17,0.4435749481178048,"[-0.01, 0.75]",0.057129939843335205,0.780717100347183,False
Immunoglobulin lambda variable 2-18,Eosin,time1,20,17,-0.15518802520808717,"[-0.57, 0.32]",0.5258281446544351,0.9529295397056773,False
Collagen alpha-2(VI) chain,Eosin,time1,20,17,-0.3313786243842496,"[-0.68, 0.14]",0.16577277914545985,0.867816664987516,False
Adiponectin,Eosin,time1,20,17,0.1375620445330332,"[-0.34, 0.56]",0.5743935323668345,0.9585981157899655,False
Nidogen-1,Eosin,time1,20,17,0.17962634283705628,"[-0.30, 0.59]",0.46183091011385813,0.9398517221839591,False
Alpha-1-antitrypsin,Eosin,time1,20,17,0.02088001319209911,"[-0.44, 0.47]",0.9323856206165942,0.9989122224583239,False
"Sushi, von Willebrand factor type A, EGF and pentraxin domain-containing protein 1",Eosin,time1,20,17,0.3582266482193539,"[-0.11, 0.70]",0.13207577225858583,0.847666490299985,False
Complement C1s subcomponent,Eosin,time1,20,17,-0.4346928203448177,"[-0.74, 0.02]",0.06290501178986053,0.7845863525077257,False
Alpha-actinin-4,Eosin,time1,20,17,-0.08701307089795716,"[-0.52, 0.38]",0.7231852209186836,0.9673286249298616,False
Complement component C1q receptor,Eosin,time1,20,17,0.07550076572468568,"[-0.39, 0.51]",0.7586937820911365,0.9745063647413549,False
Inter-alpha-trypsin inhibitor heavy chain H3,Eosin,time1,20,17,0.09733353223825147,"[-0.37, 0.53]",0.6918044572334876,0.9648380336571762,False
Immunoglobulin kappa variable 1D-8,Eosin,time1,20,17,0.0660970841089876,"[-0.40, 0.51]",0.788049256651115,0.9809480629991617,False
Low-density lipoprotein receptor,Eosin,time1,20,17,0.15762208124781987,"[-0.32, 0.57]",0.5192751381918599,0.9529295397056773,False
Prolactin-inducible protein,Eosin,time1,20,17,-0.1753246760579301,"[-0.58, 0.30]",0.47280000225619856,0.9413399766352809,False
Hyaluronan-binding protein 2,Eosin,time1,20,17,0.3259827311284815,"[-0.15, 0.68]",0.17319396310594826,0.867816664987516,False
N-acetylmuramoyl-L-alanine amidase,Eosin,time1,20,17,0.6427393459205321,"[0.27, 0.85]",0.002997404097246123,0.7385516510769441,False
Serpin A11,Eosin,time1,20,17,0.0967455282534143,"[-0.37, 0.53]",0.6935800538364549,0.9648380336571762,False
C4b-binding protein alpha chain,Eosin,time1,20,17,-0.22798274997329568,"[-0.62, 0.25]",0.3478678963514322,0.926595760949047,False
Inter-alpha-trypsin inhibitor heavy chain H2,Eosin,time1,20,17,-0.015727023580361786,"[-0.47, 0.44]",0.9490481982658318,0.9989122224583239,False
Fibrillin-1,Eosin,time1,20,17,0.29182647511541326,"[-0.19, 0.66]",0.22540069408138266,0.8982115991698657,False
Golgi-associated RAB2 interactor protein 1B,Eosin,time1,20,17,-0.4743900586441028,"[-0.76, -0.03]",0.04015489765896668,0.780717100347183,False
Neurogenic locus notch homolog protein 3,Eosin,time1,20,17,0.35740653516362375,"[-0.12, 0.70]",0.1330272680295957,0.847666490299985,False
Immunoglobulin heavy constant alpha 1,Eosin,time1,20,17,-0.0834916168553921,"[-0.52, 0.39]",0.733993106728186,0.9721798169318988,False
Apolipoprotein C-III,Eosin,time1,20,17,-0.4964724888131112,"[-0.78, -0.05]",0.030603467754819345,0.780717100347183,False
Glutathione peroxidase 3,Eosin,time1,20,17,0.2578946519780941,"[-0.22, 0.64]",0.2864303977331659,0.9177310147446764,False
Contactin-1,Eosin,time1,20,17,0.5528386243051742,"[0.13, 0.80]",0.014091274208050434,0.7677137594604839,False
Stomatin,Eosin,time1,20,17,-0.2169813755604219,"[-0.61, 0.26]",0.37223837904458323,0.9300516392509022,False
Immunoglobulin heavy variable 3-13,Eosin,time1,20,17,-0.19418399051678598,"[-0.60, 0.29]",0.42568823298729963,0.9324335195406078,False
Immunoglobulin heavy variable 1-69-2,Eosin,time1,20,17,0.13550458486622718,"[-0.34, 0.56]",0.5801854200279165,0.9591963163346238,False
Apolipoprotein E,Eosin,time1,20,17,-0.20742637730797378,"[-0.60, 0.27]",0.3941625603918838,0.931256717265325,False
Mucosal addressin cell adhesion molecule 1,Eosin,time1,20,17,0.0508997961182164,"[-0.41, 0.49]",0.8360581839664817,0.9906439255230137,False
Protein S100-A11,Eosin,time1,20,17,-0.1432504848074651,"[-0.56, 0.33]",0.5585111969834387,0.9574313225752206,False
Complement factor H-related protein 4,Eosin,time1,20,17,0.32512619750907484,"[-0.15, 0.68]",0.17439238434941137,0.867816664987516,False
Immunoglobulin kappa variable 1D-16,Eosin,time1,20,17,-0.12280585730109358,"[-0.55, 0.35]",0.6164694078436487,0.9621706909906743,False
Immunoglobulin lambda variable 1-47,Eosin,time1,20,17,-0.20121082479239102,"[-0.60, 0.28]",0.4087964912500497,0.9318821411825824,False
Fructose-bisphosphate aldolase A,Eosin,time1,20,17,0.0839582955770367,"[-0.38, 0.52]",0.7325579925798025,0.9719346028497398,False
Thrombospondin-1,Eosin,time1,20,17,0.013904790319750275,"[-0.44, 0.47]",0.9549457193912063,0.9989122224583239,False
Aminopeptidase N,Eosin,time1,20,17,0.4139000129200115,"[-0.05, 0.73]",0.07812641526505307,0.8085910456185831,False
Apolipoprotein M,Eosin,time1,20,17,-0.3479491893750164,"[-0.69, 0.13]",0.1443495916253711,0.8558309360858758,False
Immunoglobulin heavy variable 3-43,Eosin,time1,20,17,-0.3977970853967617,"[-0.72, 0.07]",0.091665390316565,0.8154186244354011,False
Cysteine-rich secretory protein 3,Eosin,time1,20,17,0.7004634161214105,"[0.36, 0.88]",0.000838003713944141,0.5177587784035962,False
Complement component C8 alpha chain,Eosin,time1,20,17,0.5978618865935622,"[0.20, 0.83]",0.006859883223397057,0.7385516510769441,False
Immunoglobulin heavy variable 2-70D,Eosin,time1,20,17,-0.02616599509078052,"[-0.47, 0.43]",0.9153209924816081,0.9985551599450393,False
Immunoglobulin heavy variable 3-23,Eosin,time1,20,17,-0.6086606099697721,"[-0.83, -0.21]",0.005682843696499266,0.7385516510769441,False
Plasma kallikrein,Eosin,time1,20,17,-0.3141723487692478,"[-0.67, 0.16]",0.19021582619207453,0.8786430972185097,False
Galectin-7,Eosin,time1,20,17,0.029623377579609665,"[-0.43, 0.48]",0.9041782971546387,0.997559861248858,False
Extracellular superoxide dismutase [Cu-Zn],Eosin,time1,20,17,0.13925515268227284,"[-0.34, 0.56]",0.5696460644223744,0.9575202748664524,False
Immunoglobulin heavy variable 1-8,Eosin,time1,20,17,-0.022730719848460177,"[-0.47, 0.44]",0.9264074392999369,0.9988920085410217,False
Cystatin-C,Eosin,time1,20,17,0.3073537941877028,"[-0.17, 0.67]",0.20053570955865838,0.892789897490977,False
Immunoglobulin lambda-like polypeptide 1,Eosin,time1,20,17,-0.2893326003583412,"[-0.66, 0.19]",0.2295724621699772,0.8982115991698657,False
Inhibin beta C chain,Eosin,time1,20,17,0.4720780400684491,"[0.02, 0.76]",0.04127420355314759,0.780717100347183,False
Mannose-binding protein C,Eosin,time1,20,17,-0.018521684162067575,"[-0.47, 0.44]",0.9400085159497886,0.9989122224583239,False
IgGFc-binding protein,Eosin,time1,20,17,-0.22879041757338378,"[-0.62, 0.25]",0.3461159315550084,0.926595760949047,False
Macrophage mannose receptor 1,Eosin,time1,20,17,0.31104546458590254,"[-0.17, 0.67]",0.1949033000438196,0.8870022643261535,False
Aromatase,Eosin,time1,20,17,0.22170415676490585,"[-0.26, 0.61]",0.36166110855544353,0.9285871908420641,False
Cadherin-5,Eosin,time1,20,17,0.37919601299316913,"[-0.09, 0.71]",0.10934783453311453,0.8290414311110669,False
Immunoglobulin kappa variable 1-8,Eosin,time1,20,17,-0.0016981224462890132,"[-0.46, 0.45]",0.99449512605631,0.9990207946239401,False
Retinol-binding protein 4,Eosin,time1,20,17,0.0893647755168207,"[-0.38, 0.52]",0.715995175153155,0.9656789320774398,False
Complement component C8 beta chain,Eosin,time1,20,17,0.5817173676554258,"[0.17, 0.82]",0.00898335796396444,0.7385516510769441,False
Tumor necrosis factor receptor superfamily member 1B,Eosin,time1,20,17,0.004327253255448736,"[-0.45, 0.46]",0.9859727192356849,0.9989122224583239,False
Formin-2,Eosin,time1,20,17,-0.4642654990094374,"[-0.76, -0.01]",0.04523462993048173,0.780717100347183,False
Scavenger receptor cysteine-rich domain-containing protein DMBT1,Eosin,time1,20,17,0.2095021126649184,"[-0.27, 0.61]",0.38934046763084307,0.931256717265325,False
Apolipoprotein L1,Eosin,time1,20,17,-0.6859055529071436,"[-0.87, -0.34]",0.0011863092394148024,0.5177587784035962,False
Leucine-rich alpha-2-glycoprotein,Eosin,time1,20,17,0.24940552509649258,"[-0.23, 0.63]",0.3031425919142426,0.9236478900056884,False
Immunoglobulin heavy variable 1-2,Eosin,time1,20,17,0.5169233670686139,"[0.08, 0.79]",0.023432633926581327,0.780717100347183,False
Ras-related protein Rab-10,Eosin,time1,20,17,-0.21501769863484677,"[-0.61, 0.27]",0.3766869867484729,0.9300516392509022,False
Immunoglobulin heavy variable 1-24,Eosin,time1,20,17,-0.2136398926243563,"[-0.61, 0.27]",0.37982603399834314,0.9306754732938034,False
Annexin A3,Eosin,time1,20,17,0.0069999822667339935,"[-0.45, 0.46]",0.9773104831820679,0.9989122224583239,False
Hemoglobin subunit beta,Eosin,time1,20,17,-0.14143831541942528,"[-0.56, 0.33]",0.5635497347292978,0.9574313225752206,False
Immunoglobulin lambda variable 4-69,Eosin,time1,20,17,-0.3888948267727743,"[-0.72, 0.08]",0.09984659494680574,0.8236696927292213,False
Elongation factor 2,Eosin,time1,20,17,0.0008035778045612554,"[-0.45, 0.45]",0.9973949939378961,0.9995936885174956,False
Multiple inositol polyphosphate phosphatase 1,Eosin,time1,20,17,0.5218226053461997,"[0.09, 0.79]",0.02192953239046471,0.780717100347183,False
Collagen alpha-1(VI) chain,Eosin,time1,20,17,-0.022895245704432906,"[-0.47, 0.44]",0.9258761634669398,0.9988788261324435,False
Hepatocyte growth factor activator,Eosin,time1,20,17,-0.024565158659959632,"[-0.47, 0.43]",0.9204855292347557,0.9985551599450393,False
Fibrinogen beta chain,Eosin,time1,20,17,0.035728153572425814,"[-0.43, 0.48]",0.8845464277912373,0.995958470840817,False
Hemicentin-1,Eosin,time1,20,17,0.140503888241366,"[-0.34, 0.56]",0.5661555578399953,0.9574313225752206,False
C-type mannose receptor 2,Eosin,time1,20,17,0.09080718360458245,"[-0.38, 0.52]",0.7115964434051594,0.9656789320774398,False
Platelet glycoprotein Ib beta chain,Eosin,time1,20,17,0.3334122750551553,"[-0.14, 0.68]",0.16303308643648445,0.867816664987516,False
Complement C2,Eosin,time1,20,17,0.23990521417554328,"[-0.24, 0.63]",0.32252785990673816,0.9236478900056884,False
Annexin A2,Eosin,time1,20,17,-0.03872715779341436,"[-0.48, 0.42]",0.8749250140169674,0.995958470840817,False
Protein disulfide-isomerase A3,Eosin,time1,20,17,0.18108651987204027,"[-0.30, 0.59]",0.45813711136061963,0.9384843653688746,False
Dipeptidyl peptidase 4,Eosin,time1,20,17,-0.22600107978149772,"[-0.62, 0.25]",0.3521881135702545,0.9273537283887798,False
Proteasome subunit alpha type-4,Eosin,time1,20,17,-0.0056555329020240444,"[-0.46, 0.45]",0.9816675582618899,0.9989122224583239,False
Coagulation factor XI,Eosin,time1,20,17,0.19895900667703503,"[-0.28, 0.60]",0.41416969284548244,0.9324135167651676,False
Collectin-11,Eosin,time1,20,17,-0.2986664865956904,"[-0.66, 0.18]",0.21421239023780178,0.8982115991698657,False
High mobility group protein B1,Eosin,time1,20,17,-0.3715699206115112,"[-0.71, 0.10]",0.11726163980544346,0.8291287868992757,False
Immunoglobulin lambda variable 3-16,Eosin,time1,20,17,-0.134924856376859,"[-0.56, 0.34]",0.5818218723159521,0.9599322538236903,False
Prothrombin,Eosin,time1,20,17,-0.31672022394986593,"[-0.67, 0.16]",0.1864525561397323,0.878412326765734,False
Immunoglobulin kappa joining 1,Eosin,time1,20,17,-0.2983570759481018,"[-0.66, 0.18]",0.21471048713723637,0.8982115991698657,False
Immunoglobulin heavy variable 3-7,Eosin,time1,20,17,-0.336887186793797,"[-0.69, 0.14]",0.1584238251577505,0.866957588915021,False
Immunoglobulin heavy variable 3-74,Eosin,time1,20,17,-0.38295876856030897,"[-0.71, 0.09]",0.10558772347361671,0.828669719073285,False
Ezrin,Eosin,time1,20,17,-0.17759212561365764,"[-0.58, 0.30]",0.4670019226074845,0.9399490057022261,False
Intercellular adhesion molecule 2,Eosin,time1,20,17,-0.15847945791995677,"[-0.57, 0.32]",0.5169760569832593,0.9529295397056773,False
Lysozyme C,Eosin,time1,20,17,0.4231325427664534,"[-0.04, 0.74]",0.07106420333135505,0.7963212415647299,False
Protein AMBP,Eosin,time1,20,17,0.25149963462128766,"[-0.23, 0.63]",0.298966420769601,0.9209697518126684,False
Prolyl endopeptidase FAP,Eosin,time1,20,17,-0.1182525320273295,"[-0.54, 0.36]",0.6296957603545099,0.9621706909906743,False
"Actin, cytoplasmic 2",Eosin,time1,20,17,0.428554469885607,"[-0.03, 0.74]",0.06714480344447848,0.7864905583204208,False
Kallistatin,Eosin,time1,20,17,0.15751649402254828,"[-0.32, 0.57]",0.51955860472049,0.9529295397056773,False
Hemopexin,Eosin,time1,20,17,0.261106814797873,"[-0.22, 0.64]",0.28025731916926866,0.9170614304794888,False
C4b-binding protein beta chain,Eosin,time1,20,17,-0.369647510798812,"[-0.71, 0.10]",0.11931935530323921,0.8313974029708804,False
Peptidyl-prolyl cis-trans isomerase A,Eosin,time1,20,17,0.2798424370966533,"[-0.20, 0.65]",0.24590150185426912,0.8982115991698657,False
Complement C1r subcomponent-like protein,Eosin,time1,20,17,-0.21942410038736868,"[-0.61, 0.26]",0.3667460274525274,0.9285871908420641,False
Immunoglobulin heavy variable 3-30;Immunoglobulin heavy variable 3-30-5,Eosin,time1,20,17,-0.19646133682931863,"[-0.60, 0.28]",0.42017366109823673,0.9324135167651676,False
Immunoglobulin lambda variable 3-9,Eosin,time1,20,17,0.10196094696205131,"[-0.37, 0.53]",0.6778853784943695,0.9648380336571762,False
Immunoglobulin heavy variable 1-45,Eosin,time1,20,17,0.1987884548105391,"[-0.28, 0.60]",0.41457819665040785,0.9324135167651676,False
Hemoglobin subunit gamma-1,Eosin,time1,20,17,0.017474470644847043,"[-0.44, 0.47]",0.9433950946179261,0.9989122224583239,False
Apolipoprotein F,Eosin,time1,20,17,0.027625655180379825,"[-0.43, 0.48]",0.9106147359404402,0.997559861248858,False
Immunoglobulin gamma-1 heavy chain,Eosin,time1,20,17,0.006431067643036969,"[-0.45, 0.46]",0.9791541465145057,0.9989122224583239,False
Low affinity immunoglobulin gamma Fc region receptor III-B,Eosin,time1,20,17,0.0633917831679827,"[-0.40, 0.50]",0.7965471799011161,0.9836599029006693,False
Multiple epidermal growth factor-like domains protein 8,Eosin,time1,20,17,-0.011859506007891669,"[-0.46, 0.44]",0.961567785055042,0.9989122224583239,False
Complement C4-B,Eosin,time1,20,17,0.47254948206764497,"[0.02, 0.76]",0.041044042922600214,0.780717100347183,False
Glyceraldehyde-3-phosphate dehydrogenase,Eosin,time1,20,17,0.06667276413470576,"[-0.40, 0.51]",0.786243844015139,0.9809449094133241,False
Complement C1r subcomponent,Eosin,time1,20,17,-0.312785807051706,"[-0.67, 0.16]",0.19228497494114735,0.8808484840195031,False
Sex hormone-binding globulin,Eosin,time1,20,17,0.14773665282717602,"[-0.33, 0.56]",0.5461242875651304,0.9551466476013153,False
Biotinidase,Eosin,time1,20,17,0.45247437402699425,"[-0.00, 0.75]",0.05175440534570881,0.780717100347183,False
Cholinesterase,Eosin,time1,20,17,-0.19044793968101362,"[-0.59, 0.29]",0.43481755963078816,0.9359036782783398,False
Immunoglobulin heavy variable 2-5,Eosin,time1,20,17,-0.40623924469709277,"[-0.73, 0.06]",0.08436943713824066,0.8154186244354011,False
Immunoglobulin lambda variable 1-36,Eosin,time1,20,17,-0.3953168669297483,"[-0.72, 0.07]",0.09389375486141842,0.8154186244354011,False
Immunoglobulin kappa variable 3-11,Eosin,time1,20,17,-0.2545349578015113,"[-0.64, 0.23]",0.2929755046663423,0.9180535357948577,False
Immunoglobulin kappa variable 6-21,Eosin,time1,20,17,0.15291872429987344,"[-0.32, 0.57]",0.5319719726123986,0.9546563406817988,False
Immunoglobulin kappa light chain,Eosin,time1,20,17,0.07285812540763074,"[-0.39, 0.51]",0.7669132786282772,0.9750590716290142,False
Neuropilin-1,Eosin,time1,20,17,0.39210661521298773,"[-0.08, 0.72]",0.09683625202519927,0.8179364288014818,False
Ficolin-2,Eosin,time1,20,17,-0.409548061668489,"[-0.73, 0.05]",0.08162955619562774,0.8104760370286881,False
Gamma-glutamyl hydrolase,Eosin,time1,20,17,-0.2596811586955703,"[-0.64, 0.22]",0.28298690604734617,0.917472121603545,False
Keratinocyte proline-rich protein,Eosin,time1,20,17,0.03565910128058629,"[-0.43, 0.48]",0.8847681489599433,0.995958470840817,False
Kyphoscoliosis peptidase,Eosin,time1,20,17,0.01360018340942497,"[-0.44, 0.46]",0.9559317834650569,0.9989122224583239,False
Laminin subunit alpha-2,Eosin,time1,20,17,0.0790633733859496,"[-0.39, 0.51]",0.7476521252721182,0.9738797723547303,False
Desmoglein-1,Eosin,time1,20,17,-0.16177736794229808,"[-0.57, 0.32]",0.5081775200704941,0.9524262232548587,False
Immunoglobulin lambda variable 3-27,Eosin,time1,20,17,-0.15027558853949632,"[-0.57, 0.33]",0.5391692770716077,0.954665480182609,False
Myosin-9,Eosin,time1,20,17,0.25991522711182874,"[-0.22, 0.64]",0.2825376357179579,0.9173618316898402,False
Versican core protein,Eosin,time1,20,17,-0.2781409899885725,"[-0.65, 0.20]",0.2489052252925431,0.9008095070708867,False
Proteasome subunit beta type-3,Eosin,time1,20,17,0.13920643982728148,"[-0.34, 0.56]",0.5697824170049812,0.9575202748664524,False
Alpha-N-acetylglucosaminidase,Eosin,time1,20,17,-0.03424322163504339,"[-0.48, 0.43]",0.8893162062196968,0.997559861248858,False
Caspase-14,Eosin,time1,20,17,-0.25868750807500723,"[-0.64, 0.22]",0.2848990087686888,0.9175083333564564,False
Histidine-rich glycoprotein,Eosin,time1,20,17,0.6274562439039275,"[0.24, 0.84]",0.004029503410483518,0.7385516510769441,False
"ATP synthase subunit alpha, mitochondrial",Eosin,time1,20,17,-0.25934658022138746,"[-0.64, 0.22]",0.28362985815054775,0.917472121603545,False
Immunoglobulin kappa constant,Eosin,time1,20,17,-0.12282579329979683,"[-0.55, 0.35]",0.6164117425708184,0.9621706909906743,False
Interleukin-1 receptor accessory protein,Eosin,time1,20,17,0.37261999374350835,"[-0.10, 0.71]",0.11614840320819267,0.8291287868992757,False
Immunoglobulin lambda variable 9-49,Eosin,time1,20,17,-0.4279092153670348,"[-0.74, 0.03]",0.06760257932003326,0.7864905583204208,False
Plexin domain-containing protein 2,Eosin,time1,20,17,-0.37548883747857115,"[-0.71, 0.09]",0.11314547370393829,0.8290414311110669,False
Immunoglobulin heavy variable 4-28,Eosin,time1,20,17,0.15683925553873618,"[-0.32, 0.57]",0.5213784875155267,0.9529295397056773,False
Desmoplakin,Eosin,time1,20,17,-0.048337892847016777,"[-0.49, 0.41]",0.8442111057094525,0.9910606354169061,False
Endoplasmin,Eosin,time1,20,17,0.0662326750735374,"[-0.40, 0.51]",0.787623931006444,0.9809449094133241,False
Heparin cofactor 2,Eosin,time1,20,17,-0.010208472254000667,"[-0.46, 0.45]",0.9669151538112557,0.9989122224583239,False
Laminin subunit gamma-1,Eosin,time1,20,17,0.1036762252050548,"[-0.37, 0.53]",0.6727508806326216,0.9648380336571762,False
Polymeric immunoglobulin receptor,Eosin,time1,20,17,-0.33611069858804704,"[-0.69, 0.14]",0.15944592490968612,0.867816664987516,False
Serum amyloid A-4 protein,Eosin,time1,20,17,-0.37662199213463904,"[-0.71, 0.09]",0.11197480034401353,0.8290414311110669,False
Catalase,Eosin,time1,20,17,-0.0019117301811492028,"[-0.46, 0.45]",0.9938026769520872,0.998994958440865,False
Complement receptor type 1,Eosin,time1,20,17,0.2368563077026171,"[-0.24, 0.62]",0.32890118097597043,0.9236478900056884,False
Immunoglobulin kappa variable 1-27,Eosin,time1,20,17,-0.11968931446762647,"[-0.54, 0.35]",0.6255103323124984,0.9621706909906743,False
Immunoglobulin kappa variable 2-30,Eosin,time1,20,17,-0.30482498504478905,"[-0.67, 0.17]",0.2044555775362109,0.8937375538491094,False
Protein-glutamine gamma-glutamyltransferase E,Eosin,time1,20,17,-0.14391896764970738,"[-0.56, 0.33]",0.5566575914828147,0.9572635531094381,False
Periostin,Eosin,time1,20,17,0.5907827282350127,"[0.19, 0.82]",0.007734002650071097,0.7385516510769441,False
Albumin,Eosin,time1,20,17,0.3829812795842355,"[-0.09, 0.71]",0.10556551240363637,0.828669719073285,False
Complement factor B,Eosin,time1,20,17,0.7064274681839979,"[0.37, 0.88]",0.0007225804400233566,0.5177587784035962,False
Probable non-functional immunoglobulinn kappa variable 1-37;Probable non-functional immunoglobulinn kappa variable 1D-37,Eosin,time1,20,17,0.25678768655451006,"[-0.22, 0.64]",0.2885769139571053,0.9177310147446764,False
Immunoglobulin lambda variable 8-61,Eosin,time1,20,17,-0.16885805378900343,"[-0.58, 0.31]",0.48953135418508686,0.9474363328117412,False
Annexin A1,Eosin,time1,20,17,0.07233315008958523,"[-0.39, 0.51]",0.7685489988675757,0.9750590716290142,False
CD5 antigen-like,Eosin,time1,20,17,-0.45875617289962,"[-0.76, -0.01]",0.048197747670783865,0.780717100347183,False
RB-associated KRAB zinc finger protein,Eosin,time1,20,17,0.45374755036980735,"[-0.00, 0.75]",0.05101793315527871,0.780717100347183,False
Immunoglobulin lambda variable 7-46,Eosin,time1,20,17,-0.46270869524747466,"[-0.76, -0.01]",0.0460574133612991,0.780717100347183,False
Basement membrane-specific heparan sulfate proteoglycan core protein,Eosin,time1,20,17,0.2595560859686702,"[-0.22, 0.64]",0.2832271504733614,0.917472121603545,False
Vitamin K-dependent protein C,Eosin,time1,20,17,0.4100061682645745,"[-0.05, 0.73]",0.08125544826035508,0.8104760370286881,False
Immunoglobulin lambda variable 1-40,Eosin,time1,20,17,-0.15677969726150337,"[-0.57, 0.32]",0.5215386756311453,0.9529295397056773,False
Pantetheinase,Eosin,time1,20,17,0.28324293028467373,"[-0.20, 0.65]",0.23996775278113036,0.8982115991698657,False
Neutrophil defensin 1;Neutrophil defensin 3,Eosin,time1,20,17,-0.30755068334929936,"[-0.67, 0.17]",0.20023262065204556,0.892789897490977,False
Immunoglobulin lambda variable 2-8,Eosin,time1,20,17,-0.3185513472738998,"[-0.68, 0.16]",0.18377901576855582,0.878412326765734,False
Immunoglobulin heavy variable 1-18,Eosin,time1,20,17,-0.023661606090439328,"[-0.47, 0.44]",0.9234018832397026,0.9988788261324435,False
Immunoglobulin kappa variable 3D-15,Eosin,time1,20,17,-0.40374497510729807,"[-0.72, 0.06]",0.08647904923111284,0.8154186244354011,False
Extracellular matrix protein 1,Eosin,time1,20,17,-0.1552125186972317,"[-0.57, 0.32]",0.5257620121421829,0.9529295397056773,False
Tubulin alpha-1B chain,Eosin,time1,20,17,0.11685705593711948,"[-0.36, 0.54]",0.6337712310341246,0.9621706909906743,False
Immunoglobulin lambda variable 5-45,Eosin,time1,20,17,-0.4627383666138575,"[-0.76, -0.01]",0.046041625635827206,0.780717100347183,False
Alpha-2-HS-glycoprotein,Eosin,time1,20,17,-0.025009707500698093,"[-0.47, 0.43]",0.9190510342420498,0.9985551599450393,False
Cartilage acidic protein 1,Eosin,time1,20,17,0.38652092399395616,"[-0.08, 0.72]",0.10211474730566908,0.8265112390333225,False
Coagulation factor IX,Eosin,time1,20,17,-0.2679324677736481,"[-0.64, 0.21]",0.2674147961557717,0.9158755914645343,False
Integrin alpha-2,Eosin,time1,20,17,0.21436892143455516,"[-0.27, 0.61]",0.37816327637237845,0.9300516392509022,False
"Mannosyl-oligosaccharide 1,2-alpha-mannosidase IA",Eosin,time1,20,17,0.021623470913396472,"[-0.44, 0.47]",0.9299836580934546,0.9989122224583239,False
Endophilin-A3,Eosin,time1,20,17,0.265936261094952,"[-0.21, 0.64]",0.2711319825459476,0.9170614304794888,False
Collagen alpha-1(I) chain,Eosin,time1,20,17,-0.2281347696977408,"[-0.62, 0.25]",0.34753774971633,0.926595760949047,False
Carboxypeptidase N subunit 2,Eosin,time1,20,17,-0.4269096559793209,"[-0.74, 0.03]",0.06831631329211191,0.7877432426525369,False
Scavenger receptor cysteine-rich type 1 protein M130,Eosin,time1,20,17,0.4769778610019553,"[0.03, 0.77]",0.0389299488238006,0.780717100347183,False
Annexin A5,Eosin,time1,20,17,0.2112614558966907,"[-0.27, 0.61]",0.3852790442578202,0.931256717265325,False
Platelet factor 4,Eosin,time1,20,17,0.09210670689248203,"[-0.38, 0.52]",0.7076409007377206,0.9656789320774398,False
Immunoglobulin heavy variable 3-72,Eosin,time1,20,17,-0.26599932613589355,"[-0.64, 0.21]",0.271014058197797,0.9170614304794888,False
Protein HEG homolog 1,Eosin,time1,20,17,-0.18457391769933085,"[-0.59, 0.29]",0.4493763582784447,0.9361498868301301,False
Sulfhydryl oxidase 1,Eosin,time1,20,17,0.5895525768891441,"[0.18, 0.82]",0.007894738375299061,0.7385516510769441,False
Corticosteroid-binding globulin,Eosin,time1,20,17,-0.0032317330868706835,"[-0.46, 0.45]",0.9895237548679636,0.9989126836088675,False
Angiopoietin-related protein 6,Eosin,time1,20,17,0.2214443645156509,"[-0.26, 0.61]",0.36223845387416465,0.9285871908420641,False
72 kDa type IV collagenase,Eosin,time1,20,17,0.2792943144310084,"[-0.20, 0.65]",0.24686662176585558,0.8982115991698657,False
Trypsin-3,Eosin,time1,20,17,-0.06309761624117065,"[-0.50, 0.40]",0.7974725612009061,0.9839098987040861,False
Complement component C9,Eosin,time1,20,17,0.41541114600064266,"[-0.05, 0.73]",0.07693640148515309,0.807626682442589,False
Pyruvate kinase PKM,Eosin,time1,20,17,-0.009265676118973469,"[-0.46, 0.45]",0.9699693028521399,0.9989122224583239,False
Immunoglobulin heavy variable 4-34,Eosin,time1,20,17,-0.3469934318519263,"[-0.69, 0.13]",0.14552997474196855,0.8558309360858758,False
Immunoglobulin kappa variable 6D-21,Eosin,time1,20,17,-0.1777453197778981,"[-0.58, 0.30]",0.46661148796168295,0.9399490057022261,False
Immunoglobulin lambda-1 light chain,Eosin,time1,20,17,-0.05310441565643066,"[-0.50, 0.41]",0.8290550288508177,0.9905707175800934,False
Transforming growth factor-beta-induced protein ig-h3,Eosin,time1,20,17,0.43950301626719984,"[-0.02, 0.74]",0.05972554379194814,0.780717100347183,False
Complement C1q subcomponent subunit A,Eosin,time1,20,17,-0.18622488973995474,"[-0.59, 0.29]",0.4452592572490318,0.9361498868301301,False
Prolow-density lipoprotein receptor-related protein 1,Eosin,time1,20,17,-0.23552654880688148,"[-0.62, 0.24]",0.33170391064727267,0.9236478900056884,False
Immunoglobulin heavy constant mu,Eosin,time1,20,17,-0.5635684137738954,"[-0.81, -0.15]",0.01197563015359325,0.7677137594604839,False
UV-stimulated scaffold protein A,Eosin,time1,20,17,0.17306289007035197,"[-0.31, 0.58]",0.47861924671134615,0.9441315029090682,False
Complement component C6,Eosin,time1,20,17,0.5413319619607669,"[0.12, 0.80]",0.016682137083256617,0.7725125015513618,False
Angiotensinogen,Eosin,time1,20,17,-0.37984146651202977,"[-0.71, 0.09]",0.10869610306525318,0.8290414311110669,False
Pregnancy zone protein,Eosin,time1,20,17,-0.5770487982696327,"[-0.82, -0.17]",0.009687761535646763,0.7385516510769441,False
Histone H2A type 1-B/E;Histone H2A type 3;Histone H2A type 1-C,Eosin,time1,20,17,-0.004938723269237126,"[-0.46, 0.45]",0.983990796799203,0.9989122224583239,False
Desmocollin-1,Eosin,time1,20,17,-0.18708306739819272,"[-0.59, 0.29]",0.4431269270986309,0.9361498868301301,False
Protein Z-dependent protease inhibitor,Eosin,time1,20,17,0.146887591604032,"[-0.33, 0.56]",0.5484591317585331,0.9553346594055773,False
Immunoglobulin kappa variable 1-17,Eosin,time1,20,17,0.042094736731971935,"[-0.42, 0.49]",0.864141190826993,0.9941217641720209,False
Fibronectin,Eosin,time1,20,17,-0.28083495611668574,"[-0.65, 0.20]",0.2441600236359695,0.8982115991698657,False
Probable non-functional immunoglobulin heavy variable 3-38,Eosin,time1,20,17,-0.2827212385344563,"[-0.65, 0.20]",0.24087207870279873,0.8982115991698657,False
Nucleoside diphosphate kinase 3,Eosin,time1,20,17,0.12862135286073265,"[-0.35, 0.55]",0.5997402869982287,0.9621706909906743,False
Plasma protease C1 inhibitor,Eosin,time1,20,17,-0.2991277550698982,"[-0.66, 0.18]",0.2134712351691191,0.8982115991698657,False
Immunoglobulin kappa variable 1-16,Eosin,time1,20,17,-0.20169802894487124,"[-0.60, 0.28]",0.40763892722677486,0.9318821411825824,False
F-actin-capping protein subunit alpha-1,Eosin,time1,20,17,0.14705473823470663,"[-0.33, 0.56]",0.5479991392956003,0.9553346594055773,False
Cathepsin D,Eosin,time1,20,17,0.16634060554417662,"[-0.31, 0.58]",0.4961221504897839,0.949643311856458,False
Anthrax toxin receptor 2,Eosin,time1,20,17,0.30492096389328055,"[-0.17, 0.67]",0.20430588500987792,0.8937375538491094,False
Talin-1,Eosin,time1,20,17,0.015191446585246612,"[-0.44, 0.47]",0.9507813030323926,0.9989122224583239,False
Protein disulfide-isomerase,Eosin,time1,20,17,0.3133538601888796,"[-0.16, 0.67]",0.19143545494681433,0.8805507879862348,False
Junction plakoglobin,Eosin,time1,20,17,-0.018582465249507827,"[-0.47, 0.44]",0.9398119860131267,0.9989122224583239,False
Tenascin,Eosin,time1,20,17,0.05809073669012152,"[-0.41, 0.50]",0.813261785532623,0.9858034962512886,False
Cadherin-related family member 5,Eosin,time1,20,17,0.28888542274340023,"[-0.19, 0.66]",0.2303257422325615,0.8982115991698657,False
Kininogen-1,Eosin,time1,20,17,0.2383699389849912,"[-0.24, 0.62]",0.3257279342632007,0.9236478900056884,False
Alpha-1-antichymotrypsin,Eosin,time1,20,17,0.443408313529812,"[-0.01, 0.75]",0.05723445793116635,0.780717100347183,False
Integrin alpha-IIb,Eosin,time1,20,17,0.24220815302835294,"[-0.24, 0.63]",0.31776277328738856,0.9236478900056884,False
Serum amyloid P-component,Eosin,time1,20,17,0.14391297299929182,"[-0.33, 0.56]",0.5566742016597208,0.9572635531094381,False
Inter-alpha-trypsin inhibitor heavy chain H1,Eosin,time1,20,17,-0.42254273206402104,"[-0.74, 0.04]",0.07150061310730889,0.7963212415647299,False
Probable non-functional immunoglobulin heavy variable 3-35,Eosin,time1,20,17,-0.18609249623908947,"[-0.59, 0.29]",0.4455886902538966,0.9361498868301301,False
Immunoglobulin kappa variable 1-5,Eosin,time1,20,17,-0.09054325993602078,"[-0.52, 0.38]",0.7124006513708037,0.9656789320774398,False
Band 3 anion transport protein,Eosin,time1,20,17,-0.37374981302169,"[-0.71, 0.10]",0.1149590675460691,0.8290414311110669,False
Immunoglobulin lambda variable 7-43,Eosin,time1,20,17,-0.39913617877258006,"[-0.72, 0.07]",0.09047844162202168,0.8154186244354011,False
Peroxiredoxin-1,Eosin,time1,20,17,0.12963160892425846,"[-0.34, 0.55]",0.5968532966173503,0.961962834437533,False
Matrix metalloproteinase-9,Eosin,time1,20,17,-0.03958873031416826,"[-0.49, 0.42]",0.8721639600730126,0.9952750807277061,False
Multimerin-2,Eosin,time1,20,17,-0.022224254711568827,"[-0.47, 0.44]",0.9280430687194638,0.9989122224583239,False
Immunoglobulin heavy variable 1-3,Eosin,time1,20,17,-0.294079204422191,"[-0.66, 0.18]",0.2216748571101579,0.8982115991698657,False
Podocalyxin,Eosin,time1,20,17,0.014777740340882955,"[-0.44, 0.47]",0.9521201843668996,0.9989122224583239,False
Immunoglobulin lambda variable 1-51,Eosin,time1,20,17,-0.22867124859897967,"[-0.62, 0.25]",0.34637410713067585,0.926595760949047,False
Cadherin-13,Eosin,time1,20,17,0.3390261473776672,"[-0.14, 0.69]",0.15563161103656786,0.8664842517941643,False
Plastin-2,Eosin,time1,20,17,0.803797403320945,"[0.55, 0.92]",3.3804223105198036e-05,0.1138188191952018,False
Inter-alpha-trypsin inhibitor heavy chain H4,Eosin,time1,20,17,-0.21668714684552418,"[-0.61, 0.26]",0.372903047200993,0.9300516392509022,False
Fructose-bisphosphate aldolase B,Eosin,time1,20,17,0.3278844430037534,"[-0.15, 0.68]",0.1705531958157809,0.867816664987516,False
Mannan-binding lectin serine protease 2,Eosin,time1,20,17,-0.23094815507621505,"[-0.62, 0.25]",0.341460550350415,0.926595760949047,False
Platelet glycoprotein 4,Eosin,time1,20,17,0.2797921767741321,"[-0.20, 0.65]",0.24598989869073232,0.8982115991698657,False
Hemoglobin subunit alpha,Eosin,time1,20,17,-0.19133883910133104,"[-0.59, 0.29]",0.43263130962136864,0.9343955399375984,False
Immunoglobulin lambda variable 3-10,Eosin,time1,20,17,-0.20538915397057783,"[-0.60, 0.27]",0.39892693777705546,0.931256717265325,False
Serum paraoxonase/lactonase 3,Eosin,time1,20,17,-0.07374253202278154,"[-0.51, 0.39]",0.7641597770762416,0.9745063647413549,False
Dopamine beta-hydroxylase,Eosin,time1,20,17,-0.3772875193206156,"[-0.71, 0.09]",0.11129129504343578,0.8290414311110669,False
Triosephosphate isomerase,Eosin,time1,20,17,0.21126145589669068,"[-0.27, 0.61]",0.3852790442578202,0.931256717265325,False
Endoplasmic reticulum chaperone BiP,Eosin,time1,20,17,-0.1627378978359552,"[-0.57, 0.31]",0.5056284083216616,0.9520708301626678,False
Suprabasin,Eosin,time1,20,17,-0.15461410528776295,"[-0.57, 0.32]",0.5273788356495377,0.9529295397056773,False
Immunoglobulin kappa variable 3-20,Eosin,time1,20,17,-0.35016785175158127,"[-0.69, 0.12]",0.1416352189952294,0.8558309360858758,False
Ficolin-1,Eosin,time1,20,17,-0.529291826382434,"[-0.79, -0.10]",0.019785495381859742,0.780717100347183,False
Autotaxin,Eosin,time1,20,17,-0.19612347785160422,"[-0.60, 0.28]",0.4209893650872596,0.9324135167651676,False
Histidine ammonia-lyase,Eosin,time1,20,17,-0.22083194750220014,"[-0.61, 0.26]",0.36360152319741457,0.9285871908420641,False
Noelin,Eosin,time1,20,17,0.12406874157841041,"[-0.35, 0.55]",0.6128207477794204,0.9621706909906743,False
Prenylcysteine oxidase 1,Eosin,time1,20,17,-0.6075048202482973,"[-0.83, -0.21]",0.005800315911992235,0.7385516510769441,False
Immunoglobulin delta heavy chain,Eosin,time1,20,17,-0.09720379091303331,"[-0.53, 0.37]",0.6921961053526501,0.9648380336571762,False
Antithrombin-III,Eosin,time1,20,17,-0.0967455282534143,"[-0.53, 0.37]",0.6935800538364549,0.9648380336571762,False
Complement component C7,Eosin,time1,20,17,0.5366653071162775,"[0.11, 0.80]",0.01783526252140982,0.780717100347183,False
BOS complex subunit NOMO3;BOS complex subunit NOMO1;BOS complex subunit NOMO2,Eosin,time1,20,17,0.39316484107661687,"[-0.07, 0.72]",0.09585898965988712,0.8179364288014818,False
Cofilin-1,Eosin,time1,20,17,-0.21542696976613213,"[-0.61, 0.26]",0.37575735610151306,0.9300516392509022,False
Histone H4,Eosin,time1,20,17,-0.1273028973866966,"[-0.55, 0.35]",0.6035166226245219,0.9621706909906743,False
Serum amyloid A-1 protein,Eosin,time1,20,17,-0.39661358780164285,"[-0.72, 0.07]",0.09272384384138475,0.8154186244354011,False
Transferrin receptor protein 1,Eosin,time1,20,17,-0.3102659020180183,"[-0.67, 0.17]",0.19608380730700356,0.8884745784522471,False
Serpin B12,Eosin,time1,20,17,-0.028633848143532554,"[-0.48, 0.43]",0.9073657599537325,0.997559861248858,False
Immunoglobulin kappa variable 3D-20,Eosin,time1,20,17,-0.09749823923860404,"[-0.53, 0.37]",0.6913073666698303,0.9648380336571762,False
Probable non-functional immunoglobulin heavy variable 3-16,Eosin,time1,20,17,-0.06989788257938594,"[-0.51, 0.40]",0.7761489677259905,0.9788700135585963,False
Immunoglobulin lambda variable 6-57,Eosin,time1,20,17,0.22789045287928883,"[-0.25, 0.62]",0.34806842958194817,0.926595760949047,False
Fibrinogen alpha chain,Eosin,time1,20,17,-0.5623715195987856,"[-0.81, -0.15]",0.012198117079874263,0.7677137594604839,False
Galectin-3-binding protein,Eosin,time1,20,17,-0.39669523641340065,"[-0.72, 0.07]",0.09265053716052073,0.8154186244354011,False
Macrophage colony-stimulating factor 1 receptor,Eosin,time1,20,17,0.41091982729903725,"[-0.05, 0.73]",0.0805130928974932,0.8104760370286881,False
Phosphatidylinositol-glycan-specific phospholipase D,Eosin,time1,20,17,0.34883618513144893,"[-0.13, 0.69]",0.14326010782212872,0.8558309360858758,False
Serotransferrin,Eosin,time1,20,17,0.07873581935633134,"[-0.39, 0.51]",0.7486653935595008,0.9738797723547303,False
Integrin alpha-11,Eosin,time1,20,17,-0.007681826195760528,"[-0.46, 0.45]",0.9751009993571836,0.9989122224583239,False
Proprotein convertase subtilisin/kexin type 9,Eosin,time1,20,17,-0.2902790080383446,"[-0.66, 0.19]",0.2279834740311703,0.8982115991698657,False
Gelsolin,Eosin,time1,20,17,0.5306632644654327,"[0.10, 0.79]",0.019410532671225698,0.780717100347183,False
Proteoglycan 4,Eosin,time1,20,17,-0.013132301968652891,"[-0.46, 0.44]",0.9574465136944159,0.9989122224583239,False
Vascular cell adhesion protein 1,Eosin,time1,20,17,-0.2733977138525908,"[-0.65, 0.21]",0.25740149634715487,0.905784054510989,False
Adhesion G protein-coupled receptor F5,Eosin,time1,20,17,0.13169545865636742,"[-0.34, 0.55]",0.5909734189374796,0.9610066239456336,False
Insulin-like growth factor-binding protein 3,Eosin,time1,20,17,-0.06192822163007756,"[-0.50, 0.40]",0.8011537540819751,0.9840896993583559,False
Transthyretin,Eosin,time1,20,17,0.3157769778104476,"[-0.16, 0.67]",0.18783987979546435,0.878412326765734,False
Coiled-coil domain-containing protein 126,Eosin,time1,20,17,-0.03621730397440825,"[-0.48, 0.42]",0.8829760426446858,0.995958470840817,False
Guanine nucleotide-binding protein G(i) subunit alpha-2,Eosin,time1,20,17,0.21843088306058164,"[-0.26, 0.61]",0.36897366679245436,0.9288457607854298,False
Apolipoprotein C-I,Eosin,time1,20,17,-0.4017559567660949,"[-0.72, 0.06]",0.08818884425293969,0.8154186244354011,False
Syntenin-1,Eosin,time1,20,17,-0.17971670933882242,"[-0.59, 0.30]",0.4616018731383269,0.9398517221839591,False
Phospholipid transfer protein,Eosin,time1,20,17,0.11427667213400593,"[-0.36, 0.54]",0.6413337919965304,0.9621706909906743,False
Laminin subunit beta-1,Eosin,time1,20,17,0.2560218956146127,"[-0.22, 0.64]",0.29006760611413895,0.9177310147446764,False
Proline-rich protein 4,Eosin,time1,20,17,-0.04424745897234119,"[-0.49, 0.42]",0.8572595498911786,0.9928150111527771,False
Immunoglobulin kappa variable 2-28;Immunoglobulin kappa variable 2D-28,Eosin,time1,20,17,0.06227559623058126,"[-0.40, 0.50]",0.8000598144770698,0.9840896993583559,False
Complement C3,Eosin,time1,20,17,-0.048666766119125716,"[-0.49, 0.41]",0.8431636431091196,0.9910182692199748,False
Thyroxine-binding globulin,Eosin,time1,20,17,-0.06919510692286832,"[-0.51, 0.40]",0.7783458444014801,0.9792734583116876,False
Immunoglobulin kappa variable 1D-13;Immunoglobulin kappa variable 1-13,Eosin,time1,20,17,0.2334918363647899,"[-0.25, 0.62]",0.3360195144523668,0.9236478900056884,False
Complement factor H-related protein 5,Eosin,time1,20,17,0.3708546533180968,"[-0.10, 0.71]",0.11802427284872223,0.8291287868992757,False
Immunoglobulin lambda variable 2-23,Eosin,time1,20,17,-0.4021965589891722,"[-0.72, 0.06]",0.08780797893693615,0.8154186244354011,False
Coagulation factor VII,Eosin,time1,20,17,0.22057705386674284,"[-0.26, 0.61]",0.36416970307116014,0.9285871908420641,False
Immunoglobulin heavy constant gamma 4,Eosin,time1,20,17,0.5809602994969413,"[0.17, 0.82]",0.009094678407095559,0.7385516510769441,False
L-lactate dehydrogenase B chain,Eosin,time1,20,17,0.5146353787959236,"[0.08, 0.79]",0.024161817834863403,0.780717100347183,False
Zinc-alpha-2-glycoprotein,Eosin,time1,20,17,0.23333274222446818,"[-0.25, 0.62]",0.33635832866436344,0.9236478900056884,False
"Dihydrolipoyllysine-residue succinyltransferase component of 2-oxoglutarate dehydrogenase complex, mitochondrial",Eosin,time1,20,17,0.14006714070063234,"[-0.34, 0.56]",0.5673753078302513,0.9575202748664524,False
Serpin B3,Eosin,time1,20,17,0.16517284401055088,"[-0.31, 0.58]",0.49919393156672176,0.9501333903816576,False
Immunoglobulin heavy variable 3-33,Eosin,time1,20,17,-0.05869432835531657,"[-0.50, 0.41]",0.8113545707507341,0.9853512016964315,False
Follistatin-related protein 1,Eosin,time1,20,17,-0.1540551267421905,"[-0.57, 0.32]",0.5288911902634857,0.9529295397056773,False
Cholesteryl ester transfer protein,Eosin,time1,20,17,0.38893165740763974,"[-0.08, 0.72]",0.09981169492910241,0.8236696927292213,False
Complement C1q subcomponent subunit C,Eosin,time1,20,17,-0.336887186793797,"[-0.69, 0.14]",0.1584238251577505,0.866957588915021,False
Immunoglobulin heavy variable 4-30-2,Eosin,time1,20,17,-0.4482201720403139,"[-0.75, 0.01]",0.054273919214699116,0.780717100347183,False
Thrombospondin-4,Eosin,time1,20,17,-0.2910966953849312,"[-0.66, 0.19]",0.22661634823977736,0.8982115991698657,False
Transketolase,Eosin,time1,20,17,0.025011280824187947,"[-0.43, 0.47]",0.9190459577766423,0.9985551599450393,False
Complement receptor type 2,Eosin,time1,20,17,-0.0107184460717275,"[-0.46, 0.45]",0.9652632959126776,0.9989122224583239,False
Immunoglobulin kappa variable 2-40;Immunoglobulin kappa variable 2D-40,Eosin,time1,20,17,0.4309357060085801,"[-0.03, 0.74]",0.06547546267495619,0.7845863525077257,False
Immunoglobulin kappa variable 3D-7,Eosin,time1,20,17,0.1268455236596827,"[-0.35, 0.55]",0.6048289024469335,0.9621706909906743,False
Immunoglobulin heavy variable 3-64,Eosin,time1,20,17,-0.30600412671204913,"[-0.67, 0.17]",0.20262155951105998,0.8937375538491094,False
Vitronectin,Eosin,time1,20,17,0.33886712197248936,"[-0.14, 0.69]",0.15583802849993608,0.8664842517941643,False
Complement component C8 gamma chain,Eosin,time1,20,17,0.5177837085236903,"[0.08, 0.79]",0.0231629700949362,0.780717100347183,False
Immunoglobulin heavy variable 5-51,Eosin,time1,20,17,-0.3943024744294808,"[-0.72, 0.07]",0.09481641120116101,0.8179364288014818,False
Coagulation factor V,Eosin,time1,20,17,0.4973398310081164,"[0.06, 0.78]",0.030268271095720136,0.780717100347183,False
Protein S100-A7,Eosin,time1,20,17,0.21859773575683436,"[-0.26, 0.61]",0.3685989076710876,0.9288457607854298,False
Arginase-1,Eosin,time1,20,17,-0.031137798115290622,"[-0.48, 0.43]",0.8993027916164389,0.997559861248858,False
Protein-glutamine gamma-glutamyltransferase K,Eosin,time1,20,17,-0.1120812295889696,"[-0.54, 0.36]",0.6477949419296107,0.9623162852441542,False
Immunoglobulin kappa variable 4-1,Eosin,time1,20,17,-0.2564661325642813,"[-0.64, 0.22]",0.28920228006834503,0.9177310147446764,False
Coagulation factor XIII B chain,Eosin,time1,20,17,0.43556840747322695,"[-0.02, 0.74]",0.062317011689337225,0.7842048818024371,False
Apolipoprotein C-II,Eosin,time1,20,17,-0.19635991371545858,"[-0.60, 0.28]",0.42041844158744945,0.9324135167651676,False
Bone marrow proteoglycan,Eosin,time1,20,17,0.3624525894542827,"[-0.11, 0.70]",0.127248673432724,0.8433981957637434,False
Apolipoprotein A-I,Eosin,time1,20,17,-0.28035769084054946,"[-0.65, 0.20]",0.24499645080117016,0.8982115991698657,False
Coagulation factor X,Eosin,time1,20,17,0.10618487936885651,"[-0.37, 0.53]",0.665266451324194,0.9642690192775135,False
Thioredoxin,Eosin,time1,20,17,-0.32071700263064684,"[-0.68, 0.16]",0.18065047465564038,0.8755912979162778,False
Immunoglobulin heavy variable 3-15,Eosin,time1,20,17,-0.29812736549222046,"[-0.66, 0.18]",0.21508077076416435,0.8982115991698657,False
Proteasome subunit beta type-2,Eosin,time1,20,17,-0.017025531328586866,"[-0.47, 0.44]",0.9448472053176629,0.9989122224583239,False
Apolipoprotein A-II,Eosin,time1,20,17,-0.308799775418576,"[-0.67, 0.17]",0.19831685956858966,0.8906645189803378,False
Immunoglobulin heavy constant gamma 2,Eosin,time1,20,17,0.3923611083451626,"[-0.08, 0.72]",0.09660057199111685,0.8179364288014818,False
Plakophilin-1,Eosin,time1,20,17,-0.16608499548590538,"[-0.58, 0.31]",0.49679374500432516,0.949643311856458,False
Fetuin-B,Eosin,time1,20,17,0.028542981605683148,"[-0.43, 0.48]",0.9076585270658137,0.997559861248858,False
Complement factor H-related protein 3,Eosin,time1,20,17,0.3552736974165156,"[-0.12, 0.70]",0.1355243250282912,0.8499184771125022,False
Plasminogen,Eosin,time1,20,17,0.4657403647590907,"[0.01, 0.76]",0.044465570035639695,0.780717100347183,False
Fermitin family homolog 3,Eosin,time1,20,17,0.05056599808687106,"[-0.41, 0.49]",0.8371195640892448,0.9906439255230137,False
Immunoglobulin heavy variable 3-21,Eosin,time1,20,17,-0.46052196487910085,"[-0.76, -0.01]",0.047232376412920066,0.780717100347183,False
Immunoglobulin heavy variable 2-26,Eosin,time1,20,17,-0.24076411497188033,"[-0.63, 0.24]",0.3207457544493711,0.9236478900056884,False
Immunoglobulin kappa variable 1-12;Immunoglobulin kappa variable 1D-12,Eosin,time1,20,17,0.0017474470644849448,"[-0.45, 0.46]",0.9943352308031779,0.9990207946239401,False
Immunoglobulin heavy constant gamma 3,Eosin,time1,20,17,0.10168707047351948,"[-0.37, 0.53]",0.6787064647646273,0.9648380336571762,False
Immunoglobulin kappa variable 2D-29,Eosin,time1,20,17,-0.34780606283986965,"[-0.69, 0.13]",0.14452593063951993,0.8558309360858758,False
Neogenin,Eosin,time1,20,17,0.3116120195273024,"[-0.17, 0.67]",0.19404833154657314,0.8856322443397338,False
Immunoglobulin heavy variable 6-1,Eosin,time1,20,17,-0.23488863096440293,"[-0.62, 0.25]",0.3330534098578686,0.9236478900056884,False
L-selectin,Eosin,time1,20,17,0.35040398821069163,"[-0.12, 0.69]",0.14134843513941417,0.8558309360858758,False
Immunoglobulin lambda constant 3,Eosin,time1,20,17,0.1660468269593918,"[-0.31, 0.58]",0.4968940674469644,0.949643311856458,False
A disintegrin and metalloproteinase with thrombospondin motifs 13,Eosin,time1,20,17,0.3418260953605256,"[-0.13, 0.69]",0.15202806029739266,0.8644305987562886,False
von Willebrand factor,Eosin,time1,20,17,-0.2495137374044062,"[-0.63, 0.23]",0.30292593113238175,0.9236478900056884,False
Neutral alpha-glucosidase AB,Eosin,time1,20,17,-0.42555332169929516,"[-0.74, 0.04]",0.06929377528039173,0.790888614810437,False
Carbonic anhydrase 1,Eosin,time1,20,17,0.21182294188886627,"[-0.27, 0.61]",0.38398783123397917,0.931256717265325,False
Immunoglobulin lambda variable 4-60,Eosin,time1,20,17,-0.24066449590312164,"[-0.63, 0.24]",0.3209521505737414,0.9236478900056884,False
Integrin beta-1,Eosin,time1,20,17,0.0984541043291784,"[-0.37, 0.53]",0.6884249296360022,0.9648380336571762,False
Immunoglobulin lambda variable 3-12,Eosin,time1,20,17,-0.1395343492655225,"[-0.56, 0.34]",0.5688648358342168,0.9575202748664524,False
Alpha-amylase 1B;Alpha-amylase 1C;Alpha-amylase 1A,Eosin,time1,20,17,0.20958403838053696,"[-0.27, 0.61]",0.38915081959112463,0.931256717265325,False
Lumican,Eosin,time1,20,17,0.6383248613634606,"[0.26, 0.85]",0.003270031801560823,0.7385516510769441,False
Beta-Ala-His dipeptidase,Eosin,time1,20,17,-0.06345879858836946,"[-0.50, 0.40]",0.7963364011472002,0.9836599029006693,False
Immunoglobulin alpha-2 heavy chain,Eosin,time1,20,17,-0.43096022081392493,"[-0.74, 0.03]",0.06545843996781092,0.7845863525077257,False
Complement C5,Eosin,time1,20,17,0.45036070868968714,"[-0.00, 0.75]",0.05299485289930685,0.780717100347183,False
Protein S100-A8,Eosin,time1,20,17,0.4173650061841517,"[-0.05, 0.73]",0.07541768994715371,0.8010453061579387,False
Immunoglobulin lambda variable 3-25,Eosin,time1,20,17,0.0437709814689477,"[-0.42, 0.49]",0.858781881030002,0.9929646300905662,False
Leukocyte immunoglobulin-like receptor subfamily B member 3;Leukocyte immunoglobulin-like receptor subfamily A member 6,Eosin,time1,20,17,-0.46482492510375123,"[-0.76, -0.01]",0.04494173191549187,0.780717100347183,False
Collagen alpha-3(VI) chain,Eosin,time1,20,17,0.048213198291866814,"[-0.42, 0.49]",0.8446083238889358,0.9910606354169061,False
Immunoglobulin kappa variable 1-39;Immunoglobulin kappa variable 1D-39,Eosin,time1,20,17,0.19190774979308586,"[-0.29, 0.59]",0.4312382446676718,0.9343133512273196,False
Bleomycin hydrolase,Eosin,time1,20,17,-0.0054569379751913906,"[-0.46, 0.45]",0.9823112072470173,0.9989122224583239,False
CD166 antigen,Eosin,time1,20,17,-0.03724291585035883,"[-0.48, 0.42]",0.8796847462298173,0.995958470840817,False
Beta-2-microglobulin,Eosin,time1,20,17,0.25466752854660507,"[-0.23, 0.64]",0.29271552640458604,0.9177310147446764,False
Amino acid transporter heavy chain SLC3A2,Eosin,time1,20,17,0.2634662137267687,"[-0.22, 0.64]",0.27577579948595343,0.9170614304794888,False
Haptoglobin-related protein,Eosin,time1,20,17,-0.5072957675137952,"[-0.78, -0.07]",0.0266220760289363,0.780717100347183,False
Alpha-1-acid glycoprotein 1,Eosin,time1,20,17,0.34766578591445807,"[-0.13, 0.69]",0.1446989042037121,0.8558309360858758,False
Serum paraoxonase/arylesterase 1,Eosin,time1,20,17,0.0741588817053343,"[-0.39, 0.51]",0.7628644540185585,0.9745063647413549,False
Target of Nesh-SH3,Eosin,time1,20,17,0.12050818277116822,"[-0.35, 0.54]",0.6231298099068003,0.9621706909906743,False
Intercellular adhesion molecule 1,Eosin,time1,20,17,0.47398673560200283,"[0.03, 0.76]",0.04034845442331599,0.780717100347183,False
Complement C4-A,Eosin,time1,20,17,0.46820211153614094,"[0.02, 0.76]",0.04320425890180277,0.780717100347183,False
Coagulation factor XIII A chain,Eosin,time1,20,17,-0.2956609868001274,"[-0.66, 0.18]",0.21908280680526512,0.8982115991698657,False
Immunoglobulin mu heavy chain,Eosin,time1,20,17,-0.5389534942536213,"[-0.80, -0.11]",0.017262191074725406,0.7725125015513618,False
Oncoprotein-induced transcript 3 protein,Eosin,time1,20,17,0.4354307682377699,"[-0.02, 0.74]",0.06240916878667548,0.7842048818024371,False
Peroxiredoxin-2,Eosin,time1,20,17,-0.293727812752562,"[-0.66, 0.19]",0.22225337601673922,0.8982115991698657,False
Tissue factor pathway inhibitor,Eosin,time1,20,17,0.29407996140974146,"[-0.18, 0.66]",0.22167361189125173,0.8982115991698657,False
Progranulin,Eosin,time1,20,17,-0.25337617915989236,"[-0.63, 0.23]",0.2952539219129364,0.9197855145380048,False
Histone H2B type 1-K;Histone H2B type F-S,Eosin,time1,20,17,-0.04565937947211946,"[-0.49, 0.42]",0.8527513583114245,0.9928150111527771,False
Hemoglobin subunit delta,Eosin,time1,20,17,-0.003583410061434197,"[-0.46, 0.45]",0.9883838001869815,0.9989122224583239,False
Glutathione S-transferase P,Eosin,time1,20,17,0.12855985249788246,"[-0.35, 0.55]",0.599916220764635,0.9621706909906743,False
Annexin A6,Eosin,time1,20,17,-0.15788371020268552,"[-0.57, 0.32]",0.5185730643076566,0.9529295397056773,False
Complement factor H-related protein 1,Eosin,time1,20,17,0.27533263582487305,"[-0.20, 0.65]",0.25391382848640104,0.9037671439517762,False
Protein KPLCE,Eosin,time1,20,17,-0.011596057896582312,"[-0.46, 0.44]",0.962420941247137,0.9989122224583239,False
Immunoglobulin heavy variable 4-4,Eosin,time1,20,17,-0.14026456908718032,"[-0.56, 0.34]",0.5668237875552606,0.9575202748664524,False
Alpha-1B-glycoprotein,Eosin,time1,20,17,0.1847973403286362,"[-0.29, 0.59]",0.4488180548565496,0.9361498868301301,False
Properdin,Eosin,time1,20,17,0.27010484100753884,"[-0.21, 0.65]",0.2634059146329024,0.9122457279244144,False
Immunoglobulin heavy variable 3-53,Eosin,time1,20,17,-0.49944991555501744,"[-0.78, -0.06]",0.029464747745245403,0.780717100347183,False
Calmodulin-like protein 5,Eosin,time1,20,17,0.014850447989361451,"[-0.44, 0.47]",0.9518848709407547,0.9989122224583239,False
Carboxypeptidase B2,Eosin,time1,20,17,0.508057236022366,"[0.07, 0.78]",0.02635806341264172,0.780717100347183,False
"Sushi, nidogen and EGF-like domain-containing protein 1",Eosin,time1,20,17,0.25607988838873336,"[-0.22, 0.64]",0.2899545526516525,0.9177310147446764,False
Proteasome subunit alpha type-5,Eosin,time1,20,17,-0.11661655716725322,"[-0.54, 0.36]",0.6344746297640387,0.9621706909906743,False
Bifunctional heparan sulfate N-deacetylase/N-sulfotransferase 4,Eosin,time1,20,17,-0.5851168405744083,"[-0.82, -0.18]",0.008497011250267337,0.7385516510769441,False
Immunoglobulin heavy variable 3-9,Eosin,time1,20,17,-0.09280429321818698,"[-0.52, 0.38]",0.7055205047093415,0.9656789320774398,False
Neural cell adhesion molecule L1-like protein,Eosin,time1,20,17,-0.10709137823274836,"[-0.54, 0.36]",0.6625693553749561,0.9635230036775306,False
Proteasome subunit alpha type-2,Eosin,time1,20,17,-0.12096707605963697,"[-0.55, 0.35]",0.6217973275290758,0.9621706909906743,False
Intercellular adhesion molecule 3,Eosin,time1,20,17,0.28647378099560356,"[-0.19, 0.66]",0.23441569767105322,0.8982115991698657,False
Receptor-type tyrosine-protein phosphatase eta,Eosin,time1,20,17,-0.06025185902616654,"[-0.50, 0.41]",0.8064378430737607,0.9840896993583559,False
ADAMTS-like protein 4,Eosin,time1,20,17,0.34689055073085373,"[-0.13, 0.69]",0.14565743420607916,0.8558309360858758,False
Immunoglobulin lambda variable 3-21,Eosin,time1,20,17,-0.0973335322382516,"[-0.53, 0.37]",0.6918044572334872,0.9648380336571762,False
Cartilage oligomeric matrix protein,Eosin,time1,20,17,0.1836591329876922,"[-0.30, 0.59]",0.4516660110090356,0.9361498868301301,False
Neural cell adhesion molecule 1,Eosin,time1,20,17,-0.010750230184302895,"[-0.46, 0.45]",0.9651603483047482,0.9989122224583239,False
Immunoglobulin lambda variable 2-11,Eosin,time1,20,17,-0.24529094862314693,"[-0.63, 0.24]",0.31145007380894163,0.9236478900056884,False
Immunoglobulin kappa variable 1D-33;Immunoglobulin kappa variable 1-33,Eosin,time1,20,17,-0.010071527107253612,"[-0.46, 0.45]",0.9673587555351957,0.9989122224583239,False
Beta-2-glycoprotein 1,Eosin,time1,20,17,0.4240961047523814,"[-0.04, 0.74]",0.0703555184046777,0.7945844580210679,False
Vitamin D-binding protein,Eosin,time1,20,17,0.0865314450351754,"[-0.38, 0.52]",0.7246604978349653,0.9673286249298616,False
Filamin-A,Eosin,time1,20,17,0.22601743158511167,"[-0.25, 0.62]",0.3521523394847892,0.9273537283887798,False
Reelin,Eosin,time1,20,17,0.2296039149310126,"[-0.25, 0.62]",0.3443564934325569,0.926595760949047,False
Immunoglobulin lambda variable 5-39,Eosin,time1,20,17,-0.5433991828126027,"[-0.80, -0.12]",0.016190696826405997,0.7725125015513618,False
Fatty acid-binding protein 5,Eosin,time1,20,17,-0.15602367301662196,"[-0.57, 0.32]",0.5235740779647257,0.9529295397056773,False
"HLA class I histocompatibility antigen, A alpha chain",Eosin,time1,20,17,0.23988546382732356,"[-0.24, 0.63]",0.3225689081368974,0.9236478900056884,False
Low affinity immunoglobulin gamma Fc region receptor III-A,Eosin,time1,20,17,0.013246931892296266,"[-0.44, 0.46]",0.957075395015605,0.9989122224583239,False
Heat shock 70 kDa protein 1A;Heat shock 70 kDa protein 1B,Eosin,time1,20,17,-0.1358965830782771,"[-0.56, 0.34]",0.5790800031896771,0.9585981157899655,False
Apolipoprotein D,Eosin,time1,20,17,-0.4529393672360169,"[-0.75, 0.00]",0.05148449894083401,0.780717100347183,False
Plexin-B1,Eosin,time1,20,17,0.22273666511795023,"[-0.26, 0.61]",0.35937171457194983,0.9285871908420641,False
Immunoglobulin heavy variable 1-58,Eosin,time1,20,17,0.3039827185623937,"[-0.17, 0.67]",0.2057723186693599,0.8937375538491094,False
Apolipoprotein C-IV,Eosin,time1,20,17,-0.15944691525419777,"[-0.57, 0.32]",0.5143875579405337,0.9529295397056773,False
Monocyte differentiation antigen CD14,Eosin,time1,20,17,0.5473805515039732,"[0.12, 0.80]",0.015276751376255547,0.7677137594604839,False
Protein MENT,Eosin,time1,20,17,-0.48337892847016867,"[-0.77, -0.04]",0.03602366071665854,0.780717100347183,False
Immunoglobulin epsilon heavy chain,Eosin,time1,20,17,0.3247689159733501,"[-0.15, 0.68]",0.174893933634505,0.867816664987516,False
Complement factor H,Eosin,time1,20,17,0.2305153456407773,"[-0.25, 0.62]",0.3423914166483565,0.926595760949047,False
Stabilin-1,Eosin,time1,20,17,0.46789334275007444,"[0.02, 0.76]",0.0433609380902652,0.780717100347183,False
Macrophage receptor MARCO,Eosin,time1,20,17,-0.15642889109718933,"[-0.57, 0.32]",0.5224826714998683,0.9529295397056773,False
Protein POF1B,Eosin,time1,20,17,0.23597610247290118,"[-0.24, 0.62]",0.33075482287107605,0.9236478900056884,False
Phosphatidylcholine-sterol acyltransferase,Eosin,time1,20,17,0.3583702656831373,"[-0.11, 0.70]",0.13190964115593812,0.847666490299985,False
Clusterin,Eosin,time1,20,17,-0.2088078012013495,"[-0.61, 0.27]",0.3909497637648982,0.931256717265325,False
Platelet-activating factor acetylhydrolase,Eosin,time1,20,17,-0.20600850901201476,"[-0.60, 0.27]",0.397475155640291,0.931256717265325,False
Vasorin,Eosin,time1,20,17,0.5063661141442367,"[0.07, 0.78]",0.026947205464138948,0.780717100347183,False
Myeloperoxidase,Eosin,time1,20,17,-0.23781902038698444,"[-0.62, 0.24]",0.32688080529529007,0.9236478900056884,False
Immunoglobulin lambda variable 5-52,Eosin,time1,20,17,0.04882136935078639,"[-0.41, 0.49]",0.8426713182293268,0.9910182692199748,False
Carboxypeptidase N catalytic chain,Eosin,time1,20,17,-0.29823557257530886,"[-0.66, 0.18]",0.21490629344769585,0.8982115991698657,False
Fibrinogen gamma chain,Eosin,time1,20,17,-0.2985721648387422,"[-0.66, 0.18]",0.21436415146014348,0.8982115991698657,False
Soluble scavenger receptor cysteine-rich domain-containing protein SSC5D,Eosin,time1,20,17,-0.01713462051723987,"[-0.47, 0.44]",0.9444943368476932,0.9989122224583239,False
Tetranectin,Eosin,time1,20,17,0.2335804939607472,"[-0.25, 0.62]",0.33583079176343833,0.9236478900056884,False
Apolipoprotein(a),Eosin,time1,20,17,0.4196247747622269,"[-0.04, 0.73]",0.07368903520602728,0.7963212415647299,False
Alpha-2-antiplasmin,Eosin,time1,20,17,-0.01939039852122525,"[-0.47, 0.44]",0.937199930285029,0.9989122224583239,False
Retroviral-like aspartic protease 1,Eosin,time1,20,17,0.06910769119226676,"[-0.40, 0.51]",0.778619218924594,0.9792734583116876,False
Ficolin-3,Eosin,time1,20,17,-0.03457106288466231,"[-0.48, 0.43]",0.8882628221676441,0.9974256869229473,False
Immunoglobulin kappa variable 2-24,Eosin,time1,20,17,0.010849193189063503,"[-0.45, 0.46]",0.9648398140455363,0.9989122224583239,False
Immunoglobulin superfamily containing leucine-rich repeat protein,Eosin,time1,20,17,0.15751131459440185,"[-0.32, 0.57]",0.5195725116261579,0.9529295397056773,False
Complement factor D,Eosin,time1,20,17,0.6052072198086302,"[0.21, 0.83]",0.006039736514623195,0.7385516510769441,False
Vitamin K-dependent protein Z,Eosin,time1,20,17,0.30554925146680156,"[-0.17, 0.67]",0.20332777072370178,0.8937375538491094,False
EGF-containing fibulin-like extracellular matrix protein 1,Eosin,time1,20,17,0.14466630017917043,"[-0.33, 0.56]",0.5545885791617097,0.9571984418476326,False
Dipeptidase 2,Eosin,time1,20,17,0.27904288727637705,"[-0.20, 0.65]",0.24731013321762893,0.8982115991698657,False
Myeloblastin,Eosin,time1,20,17,-0.36293040858907755,"[-0.70, 0.11]",0.12671083782747058,0.8414899230080739,False
Neurogenic locus notch homolog protein 1,Eosin,time1,20,17,-0.1379447174384475,"[-0.56, 0.34]",0.5733190322883603,0.9577130190205156,False
Vitamin K-dependent protein S,Eosin,time1,20,17,0.08645830881705525,"[-0.38, 0.52]",0.7248846041170101,0.9673286249298616,False
Dermcidin,Eosin,time1,20,17,-0.12205315947336305,"[-0.55, 0.35]",0.6186481718837333,0.9621706909906743,False
Immunoglobulin heavy variable 3-73,Eosin,time1,20,17,-0.29140548070510747,"[-0.66, 0.19]",0.22610146180440954,0.8982115991698657,False
Alpha-2-macroglobulin,Eosin,time1,20,17,-0.5103843262201199,"[-0.78, -0.07]",0.025563929334909568,0.780717100347183,False
Cation-independent mannose-6-phosphate receptor,Eosin,time1,20,17,0.26140612267465085,"[-0.22, 0.64]",0.27968632998164056,0.9170614304794888,False
Chromodomain-helicase-DNA-binding protein 1;Chromodomain-helicase-DNA-binding protein 2;Chromodomain-helicase-DNA-binding protein 9;Chromodomain-helicase-DNA-binding protein 6;Chromodomain-helicase-DNA-binding protein 8;Chromodomain-helicase-DNA-binding protein 7,Eosin,time1,20,17,0.057400978732753426,"[-0.41, 0.50]",0.815442498552935,0.9866265618169168,False
Ceruloplasmin,Eosin,time1,20,17,0.09595387489654279,"[-0.37, 0.53]",0.6959730260549152,0.9648380336571762,False
Prostaglandin-H2 D-isomerase,Eosin,time1,20,17,0.4283174645175864,"[-0.03, 0.74]",0.067312676981548,0.7864905583204208,False
Protein S100-A9,Eosin,time1,20,17,0.3070394247190784,"[-0.17, 0.67]",0.2010202764721597,0.8929225209521923,False
Immunoglobulin J chain,Eosin,time1,20,17,-0.34141365545779256,"[-0.69, 0.13]",0.15255521572749853,0.8644305987562886,False
Probable non-functional immunoglobulin kappa variable 3-7,Basof,time1,20,17,-0.015766220702990427,"[-0.47, 0.44]",0.9489213665262954,0.9989122224583239,False
Apolipoprotein A-IV,Basof,time1,20,17,-0.3012005080133839,"[-0.66, 0.18]",0.21016154567221662,0.8980339270305654,False
Coagulation factor XII,Basof,time1,20,17,0.005105071953589564,"[-0.45, 0.46]",0.9834516354846548,0.9989122224583239,False
Mannan-binding lectin serine protease 1,Basof,time1,20,17,-0.1420995277319325,"[-0.56, 0.33]",0.5617090018886237,0.9574313225752206,False
Complement factor I,Basof,time1,20,17,0.048398360047967985,"[-0.41, 0.49]",0.8440184986134176,0.9910606354169061,False
Platelet glycoprotein Ib alpha chain,Basof,time1,20,17,0.4658934262700869,"[0.01, 0.76]",0.04438633421572984,0.780717100347183,False
Hepatocyte growth factor-like protein,Basof,time1,20,17,0.08042377710105678,"[-0.39, 0.52]",0.7434480546511542,0.9728680917257816,False
Profilin-1,Basof,time1,20,17,-0.08955507611268841,"[-0.52, 0.38]",0.7154143450999043,0.9656789320774398,False
Peptidase inhibitor 16,Basof,time1,20,17,0.13393656250577124,"[-0.34, 0.55]",0.5846161271457445,0.9599322538236903,False
Cell surface glycoprotein MUC18,Basof,time1,20,17,0.20977956119721525,"[-0.27, 0.61]",0.3886984145642398,0.931256717265325,False
Adhesion G-protein coupled receptor G6,Basof,time1,20,17,-0.006424130153372825,"[-0.46, 0.45]",0.97917662925691,0.9989122224583239,False
Immunoglobulin heavy variable 1-69,Basof,time1,20,17,-0.05037473031338724,"[-0.49, 0.41]",0.8377278612152802,0.9906439255230137,False
Insulin-like growth factor-binding protein complex acid labile subunit,Basof,time1,20,17,0.11630173284180968,"[-0.36, 0.54]",0.6353958655545078,0.9621706909906743,False
Plasma serine protease inhibitor,Basof,time1,20,17,-0.09723888217001725,"[-0.53, 0.37]",0.6920901685378613,0.9648380336571762,False
Immunoglobulin heavy variable 1-69D,Basof,time1,20,17,0.15368019257547053,"[-0.32, 0.57]",0.529906722508426,0.9536055236161787,False
Pancreatic adenocarcinoma up-regulated factor,Basof,time1,20,17,0.04477282735851871,"[-0.42, 0.49]",0.8555815731351504,0.9928150111527771,False
Immunoglobulin heavy variable 3-64D,Basof,time1,20,17,0.04221268259281645,"[-0.42, 0.49]",0.8637639043750545,0.9941217641720209,False
Neutrophil gelatinase-associated lipocalin,Basof,time1,20,17,0.1149597942942983,"[-0.36, 0.54]",0.6393283728689352,0.9621706909906743,False
Lysosome-associated membrane glycoprotein 2,Basof,time1,20,17,0.09601504057352979,"[-0.37, 0.53]",0.6957880389367066,0.9648380336571762,False
Corneodesmosin,Basof,time1,20,17,0.1823085478008296,"[-0.30, 0.59]",0.4550573729883637,0.9362868049217405,False
Collagen alpha-1(XVIII) chain,Basof,time1,20,17,0.05221052882304326,"[-0.41, 0.49]",0.8318930764436608,0.9906439255230137,False
Lipopolysaccharide-binding protein,Basof,time1,20,17,-0.07756109270473913,"[-0.51, 0.39]",0.7523025721588907,0.9742709497578206,False
Immunoglobulin heavy variable 3-49,Basof,time1,20,17,-0.1382761860332044,"[-0.56, 0.34]",0.5723890084821708,0.95768595905392,False
SPARC-like protein 1,Basof,time1,20,17,0.1449762027510827,"[-0.33, 0.56]",0.5537316083345454,0.9571984418476326,False
Ras-associated and pleckstrin homology domains-containing protein 1,Basof,time1,20,17,-0.3033941399798981,"[-0.67, 0.17]",0.20669577564685843,0.8943978861972101,False
Alpha-1-acid glycoprotein 2,Basof,time1,20,17,-0.07272488888641697,"[-0.51, 0.39]",0.7673283284622088,0.9750590716290142,False
Immunoglobulin heavy variable 3-20,Basof,time1,20,17,0.30714475159180665,"[-0.17, 0.67]",0.2008578400206163,0.892789897490977,False
Neurogenic locus notch homolog protein 2,Basof,time1,20,17,0.3214294156746934,"[-0.16, 0.68]",0.1796292126284795,0.8733740923033797,False
Apolipoprotein B-100,Basof,time1,20,17,-0.18838361739264817,"[-0.59, 0.29]",0.4399055607417629,0.9361498868301301,False
CD44 antigen,Basof,time1,20,17,-0.04282230573340055,"[-0.49, 0.42]",0.8618142871830405,0.9941217641720209,False
Pigment epithelium-derived factor,Basof,time1,20,17,-0.015287579358501556,"[-0.47, 0.44]",0.9504702056017187,0.9989122224583239,False
Xaa-Pro dipeptidase,Basof,time1,20,17,-0.14443337248213853,"[-0.56, 0.33]",0.555233079706279,0.9571984418476326,False
Immunoglobulin heavy constant delta,Basof,time1,20,17,0.38312546119166296,"[-0.09, 0.71]",0.10542333178712995,0.828669719073285,False
Probable non-functional immunoglobulin heavy variable 3-38-3,Basof,time1,20,17,-0.20928820739119858,"[-0.61, 0.27]",0.3898358729958813,0.931256717265325,False
Immunoglobulin lambda constant 7,Basof,time1,20,17,-0.3455661810735119,"[-0.69, 0.13]",0.14730513072930884,0.8564170936386176,False
Receptor-type tyrosine-protein phosphatase gamma,Basof,time1,20,17,0.15504532397191867,"[-0.32, 0.57]",0.5262135153428606,0.9529295397056773,False
Afamin,Basof,time1,20,17,-0.15735019114784582,"[-0.57, 0.32]",0.5200052196053861,0.9529295397056773,False
Pyruvate kinase PKLR,Basof,time1,20,17,-0.41191944867814817,"[-0.73, 0.05]",0.07970663442784723,0.8104760370286881,False
Insulin-like growth factor 2,Basof,time1,20,17,-0.34826162733393445,"[-0.69, 0.13]",0.14396517289494254,0.8558309360858758,False
CD109 antigen,Basof,time1,20,17,0.1868157984449508,"[-0.29, 0.59]",0.4437904460267552,0.9361498868301301,False
ADP-ribosyl cyclase/cyclic ADP-ribose hydrolase 2,Basof,time1,20,17,0.45395654753302367,"[-0.00, 0.75]",0.05089780333013606,0.780717100347183,False
Dedicator of cytokinesis protein 4,Basof,time1,20,17,-0.0024988846355783953,"[-0.46, 0.45]",0.9918993301269168,0.998994958440865,False
Complement factor H-related protein 2,Basof,time1,20,17,0.058664116052925264,"[-0.41, 0.50]",0.8114500107855217,0.9853512016964315,False
Selenoprotein P,Basof,time1,20,17,-0.16864547187094445,"[-0.58, 0.31]",0.4900862423243183,0.9474363328117412,False
Adipocyte plasma membrane-associated protein,Basof,time1,20,17,-0.1457637662592961,"[-0.56, 0.33]",0.5515564217616171,0.9568680316140749,False
Immunoglobulin heavy constant alpha 2,Basof,time1,20,17,0.014577015173268409,"[-0.44, 0.47]",0.9527698375398377,0.9989122224583239,False
Lactotransferrin,Basof,time1,20,17,0.18304086106924927,"[-0.30, 0.59]",0.4532168968622504,0.9362868049217405,False
Alpha-enolase,Basof,time1,20,17,-0.06181337445696268,"[-0.50, 0.40]",0.8015155047208229,0.9840896993583559,False
Immunoglobulin heavy constant gamma 1,Basof,time1,20,17,0.15112419094016186,"[-0.33, 0.57]",0.5368536958831918,0.954665480182609,False
Collectin-10,Basof,time1,20,17,0.2870501472068735,"[-0.19, 0.66]",0.23343400541927375,0.8982115991698657,False
Lysosome-associated membrane glycoprotein 1,Basof,time1,20,17,-0.07227913097877678,"[-0.51, 0.39]",0.7687173651020622,0.9750590716290142,False
Cathelicidin antimicrobial peptide,Basof,time1,20,17,0.04446721832670058,"[-0.42, 0.49]",0.8565575876467937,0.9928150111527771,False
Fibroblast growth factor-binding protein 2,Basof,time1,20,17,-0.25471599644422255,"[-0.64, 0.23]",0.29262051342266177,0.9177310147446764,False
Lymphatic vessel endothelial hyaluronic acid receptor 1,Basof,time1,20,17,-0.1889225461482144,"[-0.59, 0.29]",0.4385742615822279,0.9361498868301301,False
Haptoglobin,Basof,time1,20,17,0.3276987462881133,"[-0.15, 0.68]",0.17080984485221357,0.867816664987516,False
Tenascin-X,Basof,time1,20,17,0.17714332224475482,"[-0.30, 0.58]",0.468146701505998,0.9399490057022261,False
Zinc finger protein 512B,Basof,time1,20,17,0.25213467374383575,"[-0.23, 0.63]",0.2977069247111339,0.9200359940361522,False
Immunoglobulin lambda variable 3-19,Basof,time1,20,17,-0.05583047709902152,"[-0.50, 0.41]",0.8204125630426186,0.9884877794827328,False
Complement C1q subcomponent subunit B,Basof,time1,20,17,0.15432258651561478,"[-0.32, 0.57]",0.5281673094557581,0.9529295397056773,False
Ubiquitin-ribosomal protein eS31 fusion protein,Basof,time1,20,17,-0.056532394002555275,"[-0.50, 0.41]",0.8181904307152703,0.9879315690221678,False
Kinesin-like protein KIF21A,Basof,time1,20,17,-0.32951348965170657,"[-0.68, 0.15]",0.1683129543101249,0.867816664987516,False
Attractin,Basof,time1,20,17,-0.09925877587617354,"[-0.53, 0.37]",0.6860016024440755,0.9648380336571762,False
Immunoglobulin lambda variable 1-44,Basof,time1,20,17,-0.12739649465417918,"[-0.55, 0.35]",0.6032482202228957,0.9621706909906743,False
Immunoglobulin heavy variable 1-46,Basof,time1,20,17,0.19163113822234568,"[-0.29, 0.59]",0.431915275077316,0.9343133512273196,False
Fibulin-1,Basof,time1,20,17,0.26051820313161456,"[-0.22, 0.64]",0.281382309399462,0.9170614304794888,False
Secreted phosphoprotein 24,Basof,time1,20,17,-0.18429628270745282,"[-0.59, 0.29]",0.45007062949803567,0.9361498868301301,False
Scavenger receptor class B member 1,Basof,time1,20,17,-0.158200947680738,"[-0.57, 0.32]",0.5177223648256424,0.9529295397056773,False
Immunoglobulin lambda variable 2-18,Basof,time1,20,17,-0.16275338246524718,"[-0.57, 0.31]",0.5055873644472217,0.9520708301626678,False
Collagen alpha-2(VI) chain,Basof,time1,20,17,-0.015851917585229025,"[-0.47, 0.44]",0.9486440777049769,0.9989122224583239,False
Adiponectin,Basof,time1,20,17,-0.05016249350607949,"[-0.49, 0.41]",0.8384029502172504,0.9906439255230137,False
Nidogen-1,Basof,time1,20,17,0.10866310673928217,"[-0.36, 0.54]",0.6579024348163214,0.9630236411946936,False
Alpha-1-antitrypsin,Basof,time1,20,17,-0.2614623222618187,"[-0.64, 0.22]",0.279579198268037,0.9170614304794888,False
"Sushi, von Willebrand factor type A, EGF and pentraxin domain-containing protein 1",Basof,time1,20,17,0.07608854110308289,"[-0.39, 0.51]",0.7568689338830275,0.9745063647413549,False
Complement C1s subcomponent,Basof,time1,20,17,0.09066583063813229,"[-0.38, 0.52]",0.7120271271262415,0.9656789320774398,False
Alpha-actinin-4,Basof,time1,20,17,-0.3680236190623119,"[-0.70, 0.10]",0.12107745275129438,0.8313974029708804,False
Complement component C1q receptor,Basof,time1,20,17,0.09510656854658919,"[-0.38, 0.53]",0.6985372736982622,0.9648380336571762,False
Inter-alpha-trypsin inhibitor heavy chain H3,Basof,time1,20,17,0.15973218555715002,"[-0.32, 0.57]",0.5136254682593917,0.9529295397056773,False
Immunoglobulin kappa variable 1D-8,Basof,time1,20,17,-0.11538721405061886,"[-0.54, 0.36]",0.6380748268929668,0.9621706909906743,False
Low-density lipoprotein receptor,Basof,time1,20,17,0.2233924483723322,"[-0.26, 0.62]",0.35792194442474223,0.9285871908420641,False
Prolactin-inducible protein,Basof,time1,20,17,0.12060201493929011,"[-0.35, 0.54]",0.6228572593073118,0.9621706909906743,False
Hyaluronan-binding protein 2,Basof,time1,20,17,-0.04609605416284375,"[-0.49, 0.42]",0.8513579557828762,0.9923912885999461,False
N-acetylmuramoyl-L-alanine amidase,Basof,time1,20,17,-0.05186369939414553,"[-0.49, 0.41]",0.8329947816037392,0.9906439255230137,False
Serpin A11,Basof,time1,20,17,-0.10889858555268292,"[-0.54, 0.36]",0.6572042666661453,0.9630236411946936,False
C4b-binding protein alpha chain,Basof,time1,20,17,0.1466213235005145,"[-0.33, 0.56]",0.5491922670494285,0.9558590953302477,False
Inter-alpha-trypsin inhibitor heavy chain H2,Basof,time1,20,17,-0.054632293730412534,"[-0.50, 0.41]",0.8242087981239494,0.9895207784928999,False
Fibrillin-1,Basof,time1,20,17,0.31785292571387813,"[-0.16, 0.67]",0.18479568941537994,0.878412326765734,False
Golgi-associated RAB2 interactor protein 1B,Basof,time1,20,17,-0.20527778708814415,"[-0.60, 0.27]",0.3991882914462812,0.931256717265325,False
Neurogenic locus notch homolog protein 3,Basof,time1,20,17,0.30908157202412023,"[-0.17, 0.67]",0.19788635081222436,0.8900394843748304,False
Immunoglobulin heavy constant alpha 1,Basof,time1,20,17,0.26131587062436323,"[-0.22, 0.64]",0.2798584279885455,0.9170614304794888,False
Apolipoprotein C-III,Basof,time1,20,17,-0.11760194736951698,"[-0.54, 0.36]",0.631594519360863,0.9621706909906743,False
Glutathione peroxidase 3,Basof,time1,20,17,-0.12970390380387972,"[-0.55, 0.34]",0.5966469213768292,0.961962834437533,False
Contactin-1,Basof,time1,20,17,0.3340560047302939,"[-0.14, 0.68]",0.16217236755713496,0.867816664987516,False
Stomatin,Basof,time1,20,17,-0.486432346302257,"[-0.77, -0.04]",0.03469788501649848,0.780717100347183,False
Immunoglobulin heavy variable 3-13,Basof,time1,20,17,0.017901229756520663,"[-0.44, 0.47]",0.9420148849981916,0.9989122224583239,False
Immunoglobulin heavy variable 1-69-2,Basof,time1,20,17,0.24905229973003784,"[-0.23, 0.63]",0.3038504645678614,0.9236478900056884,False
Apolipoprotein E,Basof,time1,20,17,0.3490663953524514,"[-0.12, 0.69]",0.14297828299468568,0.8558309360858758,False
Mucosal addressin cell adhesion molecule 1,Basof,time1,20,17,-0.024675728435519222,"[-0.47, 0.43]",0.9201287143829178,0.9985551599450393,False
Protein S100-A11,Basof,time1,20,17,-0.3044851373265067,"[-0.67, 0.17]",0.20498620031087375,0.8937375538491094,False
Complement factor H-related protein 4,Basof,time1,20,17,0.0016589216077563926,"[-0.45, 0.46]",0.994622203270699,0.9990207946239401,False
Immunoglobulin kappa variable 1D-16,Basof,time1,20,17,0.06785825319767746,"[-0.40, 0.51]",0.7825292827064168,0.9798483719442739,False
Immunoglobulin lambda variable 1-47,Basof,time1,20,17,0.32595209099299033,"[-0.15, 0.68]",0.17323673665407013,0.867816664987516,False
Fructose-bisphosphate aldolase A,Basof,time1,20,17,-0.09597202597281562,"[-0.53, 0.37]",0.6959181289231632,0.9648380336571762,False
Thrombospondin-1,Basof,time1,20,17,-0.1559062649450021,"[-0.57, 0.32]",0.5238905009680642,0.9529295397056773,False
Aminopeptidase N,Basof,time1,20,17,0.20301962282338484,"[-0.28, 0.60]",0.4045078646077557,0.9318821411825824,False
Apolipoprotein M,Basof,time1,20,17,-0.03581908249375183,"[-0.48, 0.43]",0.8842544751183414,0.995958470840817,False
Immunoglobulin heavy variable 3-43,Basof,time1,20,17,0.24169356467563713,"[-0.24, 0.63]",0.31882386942934854,0.9236478900056884,False
Cysteine-rich secretory protein 3,Basof,time1,20,17,0.06517581910359203,"[-0.40, 0.50]",0.7909406223581428,0.9812443166838123,False
Complement component C8 alpha chain,Basof,time1,20,17,0.03996480963423256,"[-0.42, 0.49]",0.8709591923793423,0.9952750807277061,False
Immunoglobulin heavy variable 2-70D,Basof,time1,20,17,-0.0006749631173845619,"[-0.45, 0.45]",0.997811930794505,0.9997419345291172,False
Immunoglobulin heavy variable 3-23,Basof,time1,20,17,-0.028843941060591842,"[-0.48, 0.43]",0.9066888956867784,0.997559861248858,False
Plasma kallikrein,Basof,time1,20,17,-0.14728708726559778,"[-0.56, 0.33]",0.5473599958439628,0.9551466476013153,False
Galectin-7,Basof,time1,20,17,-0.1315942928147651,"[-0.55, 0.34]",0.5912610739182541,0.9610066239456336,False
Extracellular superoxide dismutase [Cu-Zn],Basof,time1,20,17,0.07871486602072833,"[-0.39, 0.51]",0.748730224858561,0.9738797723547303,False
Immunoglobulin heavy variable 1-8,Basof,time1,20,17,0.29388817200783157,"[-0.19, 0.66]",0.22198924448676582,0.8982115991698657,False
Cystatin-C,Basof,time1,20,17,-0.26766709721331866,"[-0.64, 0.21]",0.2679071056336814,0.9158755914645343,False
Immunoglobulin lambda-like polypeptide 1,Basof,time1,20,17,-0.12968763321291107,"[-0.55, 0.34]",0.596693365344326,0.961962834437533,False
Inhibin beta C chain,Basof,time1,20,17,0.16014669339948986,"[-0.32, 0.57]",0.5125190774497024,0.9529295397056773,False
Mannose-binding protein C,Basof,time1,20,17,-0.20883103186152235,"[-0.61, 0.27]",0.3908958597744141,0.931256717265325,False
IgGFc-binding protein,Basof,time1,20,17,0.28499452657896207,"[-0.19, 0.65]",0.2369473698362294,0.8982115991698657,False
Macrophage mannose receptor 1,Basof,time1,20,17,0.14365978420976203,"[-0.33, 0.56]",0.5573759459101324,0.9574313225752206,False
Aromatase,Basof,time1,20,17,0.2131356607683726,"[-0.27, 0.61]",0.38097846267564484,0.9308813380470944,False
Cadherin-5,Basof,time1,20,17,0.1644377949905492,"[-0.31, 0.58]",0.5011321633029238,0.9510272672558543,False
Immunoglobulin kappa variable 1-8,Basof,time1,20,17,-0.19729231593854,"[-0.60, 0.28]",0.4181709945767482,0.9324135167651676,False
Retinol-binding protein 4,Basof,time1,20,17,-0.42464263737958985,"[-0.74, 0.04]",0.06995589888920462,0.7930690624914206,False
Complement component C8 beta chain,Basof,time1,20,17,0.03778899139851485,"[-0.42, 0.48]",0.8779330992661726,0.995958470840817,False
Tumor necrosis factor receptor superfamily member 1B,Basof,time1,20,17,-0.20717296021967888,"[-0.60, 0.27]",0.394753507081794,0.931256717265325,False
Formin-2,Basof,time1,20,17,0.3041606886657107,"[-0.17, 0.67]",0.20549362743273583,0.8937375538491094,False
Scavenger receptor cysteine-rich domain-containing protein DMBT1,Basof,time1,20,17,0.24376718578389928,"[-0.24, 0.63]",0.3145608573771971,0.9236478900056884,False
Apolipoprotein L1,Basof,time1,20,17,-0.10538567859844523,"[-0.53, 0.37]",0.6676475746790678,0.9648380336571762,False
Leucine-rich alpha-2-glycoprotein,Basof,time1,20,17,0.12060201493929011,"[-0.35, 0.54]",0.6228572593073118,0.9621706909906743,False
Immunoglobulin heavy variable 1-2,Basof,time1,20,17,0.08043990661554468,"[-0.39, 0.52]",0.7433982508433961,0.9728680917257816,False
Ras-related protein Rab-10,Basof,time1,20,17,-0.4147240910284876,"[-0.73, 0.05]",0.07747578129660103,0.8085910456185831,False
Immunoglobulin heavy variable 1-24,Basof,time1,20,17,-0.04265953056452169,"[-0.49, 0.42]",0.8623347790998707,0.9941217641720209,False
Annexin A3,Basof,time1,20,17,-0.03338493528253146,"[-0.48, 0.43]",0.8920747959792563,0.997559861248858,False
Hemoglobin subunit beta,Basof,time1,20,17,-0.6101618834423181,"[-0.83, -0.22]",0.0055331689392920155,0.7385516510769441,False
Immunoglobulin lambda variable 4-69,Basof,time1,20,17,-0.059909930492334416,"[-0.50, 0.41]",0.807516635669826,0.9843984476105374,False
Elongation factor 2,Basof,time1,20,17,-0.28837677989182736,"[-0.66, 0.19]",0.23118449981714537,0.8982115991698657,False
Multiple inositol polyphosphate phosphatase 1,Basof,time1,20,17,-0.07210914134445186,"[-0.51, 0.40]",0.7692472517720381,0.9750590716290142,False
Collagen alpha-1(VI) chain,Basof,time1,20,17,0.0023623709108456514,"[-0.45, 0.46]",0.9923418559051872,0.998994958440865,False
Hepatocyte growth factor activator,Basof,time1,20,17,0.015208052445760564,"[-0.44, 0.47]",0.9507275639452819,0.9989122224583239,False
Fibrinogen beta chain,Basof,time1,20,17,0.23022145423198517,"[-0.25, 0.62]",0.3430243439595029,0.926595760949047,False
Hemicentin-1,Basof,time1,20,17,-0.008839898379092697,"[-0.46, 0.45]",0.9713487258459265,0.9989122224583239,False
C-type mannose receptor 2,Basof,time1,20,17,0.34894518272858577,"[-0.13, 0.69]",0.14312662406642734,0.8558309360858758,False
Platelet glycoprotein Ib beta chain,Basof,time1,20,17,0.1732477497429043,"[-0.30, 0.58]",0.47814230032600835,0.9440213373121634,False
Complement C2,Basof,time1,20,17,0.12552589099485073,"[-0.35, 0.55]",0.6086216405048295,0.9621706909906743,False
Annexin A2,Basof,time1,20,17,0.08200353331001532,"[-0.39, 0.52]",0.7385748308185855,0.9728363041843875,False
Protein disulfide-isomerase A3,Basof,time1,20,17,-0.3269843362790602,"[-0.68, 0.15]",0.17179967079450714,0.867816664987516,False
Dipeptidyl peptidase 4,Basof,time1,20,17,0.10820099944975328,"[-0.36, 0.54]",0.6592733187796516,0.9630236411946936,False
Proteasome subunit alpha type-4,Basof,time1,20,17,0.08786560057782869,"[-0.38, 0.52]",0.7205761150015428,0.9667980789839389,False
Coagulation factor XI,Basof,time1,20,17,-0.06175103108671308,"[-0.50, 0.40]",0.8017118927878409,0.9840896993583559,False
Collectin-11,Basof,time1,20,17,0.007279588069364561,"[-0.45, 0.46]",0.9764044134554914,0.9989122224583239,False
High mobility group protein B1,Basof,time1,20,17,0.20376980250134422,"[-0.28, 0.60]",0.40273640457136917,0.931256717265325,False
Immunoglobulin lambda variable 3-16,Basof,time1,20,17,0.16789499009843126,"[-0.31, 0.58]",0.492047629043432,0.9487618233959951,False
Prothrombin,Basof,time1,20,17,-0.07922843934321697,"[-0.51, 0.39]",0.7471416538369438,0.9738797723547303,False
Immunoglobulin kappa joining 1,Basof,time1,20,17,-0.2700609816324911,"[-0.65, 0.21]",0.2634864776972061,0.9122457279244144,False
Immunoglobulin heavy variable 3-7,Basof,time1,20,17,0.08335794499698554,"[-0.39, 0.52]",0.7344043256211121,0.9721798169318988,False
Immunoglobulin heavy variable 3-74,Basof,time1,20,17,0.04243151221964404,"[-0.42, 0.49]",0.863063984701531,0.9941217641720209,False
Ezrin,Basof,time1,20,17,-0.16316559888841894,"[-0.57, 0.31]",0.5044953214325967,0.9520263061157588,False
Intercellular adhesion molecule 2,Basof,time1,20,17,-0.08822202469796878,"[-0.52, 0.38]",0.7194861783787239,0.9657205352207149,False
Lysozyme C,Basof,time1,20,17,0.34083126564680466,"[-0.13, 0.69]",0.15330173992955393,0.8644305987562886,False
Protein AMBP,Basof,time1,20,17,-0.2313490791589273,"[-0.62, 0.25]",0.34059957592851375,0.926595760949047,False
Prolyl endopeptidase FAP,Basof,time1,20,17,-0.35519922391659037,"[-0.70, 0.12]",0.13561210589834713,0.8499184771125022,False
"Actin, cytoplasmic 2",Basof,time1,20,17,-0.05585556479962044,"[-0.50, 0.41]",0.8203331175843436,0.9884877794827328,False
Kallistatin,Basof,time1,20,17,0.0014340726464801847,"[-0.45, 0.46]",0.9953510976284871,0.9992384161394755,False
Hemopexin,Basof,time1,20,17,-0.10890188992280068,"[-0.54, 0.36]",0.6571944715131093,0.9630236411946936,False
C4b-binding protein beta chain,Basof,time1,20,17,0.008795587832496213,"[-0.45, 0.46]",0.9714922864731879,0.9989122224583239,False
Peptidyl-prolyl cis-trans isomerase A,Basof,time1,20,17,-0.12704834981146312,"[-0.55, 0.35]",0.6042468176482532,0.9621706909906743,False
Complement C1r subcomponent-like protein,Basof,time1,20,17,-0.09348358956115203,"[-0.53, 0.38]",0.7034576981525216,0.9656789320774398,False
Immunoglobulin heavy variable 3-30;Immunoglobulin heavy variable 3-30-5,Basof,time1,20,17,0.4680342285234336,"[0.02, 0.76]",0.04328939417751188,0.780717100347183,False
Immunoglobulin lambda variable 3-9,Basof,time1,20,17,0.10879743031465816,"[-0.36, 0.54]",0.6575041472874643,0.9630236411946936,False
Immunoglobulin heavy variable 1-45,Basof,time1,20,17,0.4935590346646692,"[0.05, 0.77]",0.03175063431047887,0.780717100347183,False
Hemoglobin subunit gamma-1,Basof,time1,20,17,-0.47834810319071003,"[-0.77, -0.03]",0.03829311340300508,0.780717100347183,False
Apolipoprotein F,Basof,time1,20,17,-0.40036784852392227,"[-0.72, 0.07]",0.08939665875334836,0.8154186244354011,False
Immunoglobulin gamma-1 heavy chain,Basof,time1,20,17,0.31630105321223856,"[-0.16, 0.67]",0.18706821974010418,0.878412326765734,False
Low affinity immunoglobulin gamma Fc region receptor III-B,Basof,time1,20,17,0.1486852206482948,"[-0.33, 0.56]",0.5435211162001238,0.9550458416046101,False
Multiple epidermal growth factor-like domains protein 8,Basof,time1,20,17,0.09198026757496937,"[-0.38, 0.52]",0.7080254491349526,0.9656789320774398,False
Complement C4-B,Basof,time1,20,17,0.40695794879006025,"[-0.06, 0.73]",0.08376864740100401,0.8154186244354011,False
Glyceraldehyde-3-phosphate dehydrogenase,Basof,time1,20,17,0.18005371244457324,"[-0.30, 0.59]",0.4607482358048115,0.9396370787191299,False
Complement C1r subcomponent,Basof,time1,20,17,0.016986199287224286,"[-0.44, 0.47]",0.9449744342475227,0.9989122224583239,False
Sex hormone-binding globulin,Basof,time1,20,17,-0.37215708619312504,"[-0.71, 0.10]",0.11663822201345446,0.8291287868992757,False
Biotinidase,Basof,time1,20,17,0.005396405706560499,"[-0.45, 0.46]",0.982507395289639,0.9989122224583239,False
Cholinesterase,Basof,time1,20,17,0.004311556226099731,"[-0.45, 0.46]",0.9860235981933765,0.9989122224583239,False
Immunoglobulin heavy variable 2-5,Basof,time1,20,17,0.37506124262681073,"[-0.10, 0.71]",0.11358949334503529,0.8290414311110669,False
Immunoglobulin lambda variable 1-36,Basof,time1,20,17,0.11441447917862142,"[-0.36, 0.54]",0.640929044339371,0.9621706909906743,False
Immunoglobulin kappa variable 3-11,Basof,time1,20,17,-0.11979113285995652,"[-0.54, 0.35]",0.6252141434230187,0.9621706909906743,False
Immunoglobulin kappa variable 6-21,Basof,time1,20,17,-0.018581689671419297,"[-0.47, 0.44]",0.9398144937510646,0.9989122224583239,False
Immunoglobulin kappa light chain,Basof,time1,20,17,-0.10725147778711382,"[-0.54, 0.36]",0.6620934246459569,0.9635230036775306,False
Neuropilin-1,Basof,time1,20,17,0.003952816193954171,"[-0.45, 0.46]",0.9871863999984971,0.9989122224583239,False
Ficolin-2,Basof,time1,20,17,-0.04172832753925707,"[-0.49, 0.42]",0.865313443589264,0.994185780985073,False
Gamma-glutamyl hydrolase,Basof,time1,20,17,0.007003994095414533,"[-0.45, 0.46]",0.9772974825583749,0.9989122224583239,False
Keratinocyte proline-rich protein,Basof,time1,20,17,0.1728485100555814,"[-0.31, 0.58]",0.4791726524611808,0.9441315029090682,False
Kyphoscoliosis peptidase,Basof,time1,20,17,-0.012028203116311378,"[-0.46, 0.44]",0.9610214935525787,0.9989122224583239,False
Laminin subunit alpha-2,Basof,time1,20,17,0.3520131747991097,"[-0.12, 0.70]",0.1394048894120797,0.855728425641406,False
Desmoglein-1,Basof,time1,20,17,0.09598168893727833,"[-0.37, 0.53]",0.695888904302716,0.9648380336571762,False
Immunoglobulin lambda variable 3-27,Basof,time1,20,17,-0.038013960022286006,"[-0.48, 0.42]",0.8772116246939119,0.995958470840817,False
Myosin-9,Basof,time1,20,17,-0.43040423695959307,"[-0.74, 0.03]",0.06584532177819771,0.7845863525077257,False
Versican core protein,Basof,time1,20,17,0.15175346956629995,"[-0.32, 0.57]",0.5351395230658729,0.954665480182609,False
Proteasome subunit beta type-3,Basof,time1,20,17,-0.2734821896017782,"[-0.65, 0.21]",0.25724860305182357,0.905784054510989,False
Alpha-N-acetylglucosaminidase,Basof,time1,20,17,-0.22285483367470782,"[-0.61, 0.26]",0.35911022667442594,0.9285871908420641,False
Caspase-14,Basof,time1,20,17,-0.011323803663455971,"[-0.46, 0.45]",0.9633026564524609,0.9989122224583239,False
Histidine-rich glycoprotein,Basof,time1,20,17,-0.07201344746957335,"[-0.51, 0.40]",0.769545588996564,0.9750590716290142,False
"ATP synthase subunit alpha, mitochondrial",Basof,time1,20,17,-0.21974736539198847,"[-0.61, 0.26]",0.3660226387778348,0.9285871908420641,False
Immunoglobulin kappa constant,Basof,time1,20,17,0.17203087282731408,"[-0.31, 0.58]",0.48128623051935027,0.9447457823105017,False
Interleukin-1 receptor accessory protein,Basof,time1,20,17,0.18314445633502394,"[-0.30, 0.59]",0.45295684611724574,0.9362868049217405,False
Immunoglobulin lambda variable 9-49,Basof,time1,20,17,0.1493005578815001,"[-0.33, 0.57]",0.5418354421491569,0.9550458416046101,False
Plexin domain-containing protein 2,Basof,time1,20,17,-0.10676729168401118,"[-0.54, 0.37]",0.663533151989756,0.9640983070453398,False
Immunoglobulin heavy variable 4-28,Basof,time1,20,17,0.021449583498178736,"[-0.44, 0.47]",0.9305454022130957,0.9989122224583239,False
Desmoplakin,Basof,time1,20,17,0.1941070779905151,"[-0.29, 0.60]",0.4258751430360711,0.9324335195406078,False
Endoplasmin,Basof,time1,20,17,-0.16975322402220128,"[-0.58, 0.31]",0.487198128227726,0.9456151026984521,False
Heparin cofactor 2,Basof,time1,20,17,0.10494974783037363,"[-0.37, 0.53]",0.6689476626592677,0.9648380336571762,False
Laminin subunit gamma-1,Basof,time1,20,17,0.004569802236288598,"[-0.45, 0.46]",0.9851865492017586,0.9989122224583239,False
Polymeric immunoglobulin receptor,Basof,time1,20,17,0.21048569162280217,"[-0.27, 0.61]",0.3870669788539042,0.931256717265325,False
Serum amyloid A-4 protein,Basof,time1,20,17,-0.08715627943109866,"[-0.52, 0.38]",0.7227467362327485,0.9673286249298616,False
Catalase,Basof,time1,20,17,0.1733876854824348,"[-0.30, 0.58]",0.47778141677269803,0.9440213373121634,False
Complement receptor type 1,Basof,time1,20,17,0.29221407240801933,"[-0.19, 0.66]",0.22475676450275522,0.8982115991698657,False
Immunoglobulin kappa variable 1-27,Basof,time1,20,17,0.1776889366530295,"[-0.30, 0.58]",0.466755168323285,0.9399490057022261,False
Immunoglobulin kappa variable 2-30,Basof,time1,20,17,-0.03612989885968432,"[-0.48, 0.43]",0.8832566205104815,0.995958470840817,False
Protein-glutamine gamma-glutamyltransferase E,Basof,time1,20,17,0.1394231890788136,"[-0.34, 0.56]",0.5691758208602318,0.9575202748664524,False
Periostin,Basof,time1,20,17,0.13717641736955896,"[-0.34, 0.56]",0.5754772028496318,0.9585981157899655,False
Albumin,Basof,time1,20,17,-0.009719825715032791,"[-0.46, 0.45]",0.9684980515671657,0.9989122224583239,False
Complement factor B,Basof,time1,20,17,0.012704919521914456,"[-0.44, 0.46]",0.9588302536955633,0.9989122224583239,False
Probable non-functional immunoglobulinn kappa variable 1-37;Probable non-functional immunoglobulinn kappa variable 1D-37,Basof,time1,20,17,0.07116013799575668,"[-0.40, 0.51]",0.7722072506979266,0.976641439674382,False
Immunoglobulin lambda variable 8-61,Basof,time1,20,17,-0.0796959337309334,"[-0.52, 0.39]",0.745696460824638,0.9738797723547303,False
Annexin A1,Basof,time1,20,17,-0.13032965119911355,"[-0.55, 0.34]",0.5948618781383848,0.961962834437533,False
CD5 antigen-like,Basof,time1,20,17,-0.11277163386792424,"[-0.54, 0.36]",0.6457604671002466,0.9623162852441542,False
RB-associated KRAB zinc finger protein,Basof,time1,20,17,-0.22229549543937072,"[-0.61, 0.26]",0.3603489115454056,0.9285871908420641,False
Immunoglobulin lambda variable 7-46,Basof,time1,20,17,-0.1103252268751067,"[-0.54, 0.36]",0.6529802635894559,0.9627206746105794,False
Basement membrane-specific heparan sulfate proteoglycan core protein,Basof,time1,20,17,0.0664753706360599,"[-0.40, 0.51]",0.7868627803225483,0.9809449094133241,False
Vitamin K-dependent protein C,Basof,time1,20,17,-0.07106626670335423,"[-0.51, 0.40]",0.7725002054326231,0.9767210633464671,False
Immunoglobulin lambda variable 1-40,Basof,time1,20,17,0.33076217183149165,"[-0.15, 0.68]",0.16660942571261564,0.867816664987516,False
Pantetheinase,Basof,time1,20,17,-0.20777249896221478,"[-0.60, 0.27]",0.3933562210654883,0.931256717265325,False
Neutrophil defensin 1;Neutrophil defensin 3,Basof,time1,20,17,0.03299574175797228,"[-0.43, 0.48]",0.8933260830519143,0.997559861248858,False
Immunoglobulin lambda variable 2-8,Basof,time1,20,17,-0.0858610338547849,"[-0.52, 0.38]",0.7267155928836533,0.9682573349536114,False
Immunoglobulin heavy variable 1-18,Basof,time1,20,17,-0.061152391706473935,"[-0.50, 0.40]",0.803598246688092,0.9840896993583559,False
Immunoglobulin kappa variable 3D-15,Basof,time1,20,17,-0.05517232367656694,"[-0.50, 0.41]",0.8224973396670883,0.9893405922598658,False
Extracellular matrix protein 1,Basof,time1,20,17,0.27804217603756554,"[-0.20, 0.65]",0.24908038345203312,0.9008095070708867,False
Tubulin alpha-1B chain,Basof,time1,20,17,-0.29209523489768696,"[-0.66, 0.19]",0.22495406656803252,0.8982115991698657,False
Immunoglobulin lambda variable 5-45,Basof,time1,20,17,0.027859216904287852,"[-0.43, 0.48]",0.9098619433913995,0.997559861248858,False
Alpha-2-HS-glycoprotein,Basof,time1,20,17,-0.3730730371221271,"[-0.71, 0.10]",0.11567044485583365,0.8290414311110669,False
Cartilage acidic protein 1,Basof,time1,20,17,0.13034166129670857,"[-0.34, 0.55]",0.5948276391257206,0.961962834437533,False
Coagulation factor IX,Basof,time1,20,17,-0.18579207842177375,"[-0.59, 0.29]",0.44633668372522084,0.9361498868301301,False
Integrin alpha-2,Basof,time1,20,17,0.31408915773523016,"[-0.16, 0.67]",0.19033955115931211,0.8786430972185097,False
"Mannosyl-oligosaccharide 1,2-alpha-mannosidase IA",Basof,time1,20,17,0.037304777773996003,"[-0.42, 0.48]",0.8794862846653482,0.995958470840817,False
Endophilin-A3,Basof,time1,20,17,0.15347122560478496,"[-0.32, 0.57]",0.5304731128017458,0.9541148348309179,False
Collagen alpha-1(I) chain,Basof,time1,20,17,-0.008605779746652458,"[-0.46, 0.45]",0.9721072503702002,0.9989122224583239,False
Carboxypeptidase N subunit 2,Basof,time1,20,17,0.036607940388894596,"[-0.42, 0.48]",0.8817222299555814,0.995958470840817,False
Scavenger receptor cysteine-rich type 1 protein M130,Basof,time1,20,17,0.17641364570590462,"[-0.30, 0.58]",0.47001092313671256,0.9403548857392404,False
Annexin A5,Basof,time1,20,17,-0.19353048197574885,"[-0.60, 0.29]",0.4272777507514659,0.9327612280852763,False
Platelet factor 4,Basof,time1,20,17,-0.4151966564373966,"[-0.73, 0.05]",0.07710448957690075,0.807626682442589,False
Immunoglobulin heavy variable 3-72,Basof,time1,20,17,-0.17864150466085396,"[-0.59, 0.30]",0.46433074914231653,0.9399490057022261,False
Protein HEG homolog 1,Basof,time1,20,17,0.33779203751641956,"[-0.14, 0.69]",0.15723845495878658,0.8664842517941643,False
Sulfhydryl oxidase 1,Basof,time1,20,17,0.11794980476294108,"[-0.36, 0.54]",0.6305790070808281,0.9621706909906743,False
Corticosteroid-binding globulin,Basof,time1,20,17,-0.1970723716944841,"[-0.60, 0.28]",0.4187005644122379,0.9324135167651676,False
Angiopoietin-related protein 6,Basof,time1,20,17,0.17282161184510417,"[-0.31, 0.58]",0.4792421105501258,0.9441315029090682,False
72 kDa type IV collagenase,Basof,time1,20,17,0.24309720542504265,"[-0.24, 0.63]",0.3159344826914701,0.9236478900056884,False
Trypsin-3,Basof,time1,20,17,0.07859128667980275,"[-0.39, 0.51]",0.7491126220566409,0.9738797723547303,False
Complement component C9,Basof,time1,20,17,0.3236223938890423,"[-0.15, 0.68]",0.1765100129736186,0.8680693010442515,False
Pyruvate kinase PKM,Basof,time1,20,17,0.010516532740855072,"[-0.45, 0.46]",0.965917298218457,0.9989122224583239,False
Immunoglobulin heavy variable 4-34,Basof,time1,20,17,-0.2376271190863879,"[-0.62, 0.24]",0.3272829491056012,0.9236478900056884,False
Immunoglobulin kappa variable 6D-21,Basof,time1,20,17,0.21891372591781563,"[-0.26, 0.61]",0.3678897685859265,0.9285871908420641,False
Immunoglobulin lambda-1 light chain,Basof,time1,20,17,0.305335127289732,"[-0.17, 0.67]",0.20366076942956024,0.8937375538491094,False
Transforming growth factor-beta-induced protein ig-h3,Basof,time1,20,17,0.10607878054910959,"[-0.37, 0.53]",0.6655823841665773,0.9645000591731724,False
Complement C1q subcomponent subunit A,Basof,time1,20,17,0.23972117981540225,"[-0.24, 0.63]",0.32291046854902583,0.9236478900056884,False
Prolow-density lipoprotein receptor-related protein 1,Basof,time1,20,17,0.11754601435897187,"[-0.36, 0.54]",0.6317578655872464,0.9621706909906743,False
Immunoglobulin heavy constant mu,Basof,time1,20,17,-0.17101991044524875,"[-0.58, 0.31]",0.483905909900498,0.9447457823105017,False
UV-stimulated scaffold protein A,Basof,time1,20,17,0.11068077439677065,"[-0.36, 0.54]",0.6519291229883971,0.9627206746105794,False
Complement component C6,Basof,time1,20,17,0.2669189777637022,"[-0.21, 0.64]",0.2692980434253222,0.916480836706628,False
Angiotensinogen,Basof,time1,20,17,-0.25487577899358355,"[-0.64, 0.23]",0.2923074204473601,0.9177310147446764,False
Pregnancy zone protein,Basof,time1,20,17,-0.18244858919177462,"[-0.59, 0.30]",0.4547051205253684,0.9362868049217405,False
Histone H2A type 1-B/E;Histone H2A type 3;Histone H2A type 1-C,Basof,time1,20,17,-0.07304065693506295,"[-0.51, 0.39]",0.7663447668133864,0.9750590716290142,False
Desmocollin-1,Basof,time1,20,17,0.10401584105438641,"[-0.37, 0.53]",0.6717359112874014,0.9648380336571762,False
Protein Z-dependent protease inhibitor,Basof,time1,20,17,-0.1855528974945947,"[-0.59, 0.29]",0.4469326709096204,0.9361498868301301,False
Immunoglobulin kappa variable 1-17,Basof,time1,20,17,0.00660197937665395,"[-0.45, 0.46]",0.9786002673127837,0.9989122224583239,False
Fibronectin,Basof,time1,20,17,-0.24001732582094737,"[-0.63, 0.24]",0.32229491079363715,0.9236478900056884,False
Probable non-functional immunoglobulin heavy variable 3-38,Basof,time1,20,17,0.19536175417794344,"[-0.28, 0.60]",0.42283151349660497,0.9324135167651676,False
Nucleoside diphosphate kinase 3,Basof,time1,20,17,-0.017695163816069514,"[-0.47, 0.44]",0.9426813168446677,0.9989122224583239,False
Plasma protease C1 inhibitor,Basof,time1,20,17,0.28225840953374115,"[-0.20, 0.65]",0.24167619159165388,0.8982115991698657,False
Immunoglobulin kappa variable 1-16,Basof,time1,20,17,0.26549236607637505,"[-0.21, 0.64]",0.27196291827197994,0.9170614304794888,False
F-actin-capping protein subunit alpha-1,Basof,time1,20,17,-0.0935276042892413,"[-0.53, 0.38]",0.7033241076576158,0.9656789320774398,False
Cathepsin D,Basof,time1,20,17,0.2510652356275025,"[-0.23, 0.63]",0.2998298377497445,0.9223636945668248,False
Anthrax toxin receptor 2,Basof,time1,20,17,0.036295033138529505,"[-0.42, 0.48]",0.8827265366104289,0.995958470840817,False
Talin-1,Basof,time1,20,17,-0.08992383200941237,"[-0.52, 0.38]",0.7142892651051428,0.9656789320774398,False
Protein disulfide-isomerase,Basof,time1,20,17,-0.2611023845337052,"[-0.64, 0.22]",0.2802657761759863,0.9170614304794888,False
Junction plakoglobin,Basof,time1,20,17,0.1855681469508976,"[-0.29, 0.59]",0.4468946602888302,0.9361498868301301,False
Tenascin,Basof,time1,20,17,0.2724185174366613,"[-0.21, 0.65]",0.2591779299482645,0.908120932246165,False
Cadherin-related family member 5,Basof,time1,20,17,-0.23748426490963362,"[-0.62, 0.24]",0.3275825002874031,0.9236478900056884,False
Kininogen-1,Basof,time1,20,17,-0.12411729071408815,"[-0.55, 0.35]",0.6126806553073021,0.9621706909906743,False
Alpha-1-antichymotrypsin,Basof,time1,20,17,-0.010680695042244571,"[-0.46, 0.45]",0.9653855708352692,0.9989122224583239,False
Integrin alpha-IIb,Basof,time1,20,17,0.016718421397096932,"[-0.44, 0.47]",0.9458406598641209,0.9989122224583239,False
Serum amyloid P-component,Basof,time1,20,17,0.13144906711063062,"[-0.34, 0.55]",0.5916741109115826,0.9610066239456336,False
Inter-alpha-trypsin inhibitor heavy chain H1,Basof,time1,20,17,-0.2497741647785579,"[-0.63, 0.23]",0.30240489153415706,0.9236478900056884,False
Probable non-functional immunoglobulin heavy variable 3-35,Basof,time1,20,17,0.08669952051352323,"[-0.38, 0.52]",0.724145556963042,0.9673286249298616,False
Immunoglobulin kappa variable 1-5,Basof,time1,20,17,0.25479298930835903,"[-0.23, 0.64]",0.2924696208280043,0.9177310147446764,False
Band 3 anion transport protein,Basof,time1,20,17,-0.3326036500985285,"[-0.68, 0.14]",0.1641187098940592,0.867816664987516,False
Immunoglobulin lambda variable 7-43,Basof,time1,20,17,-0.14657204686913042,"[-0.56, 0.33]",0.5493279921188088,0.9558590953302477,False
Peroxiredoxin-1,Basof,time1,20,17,0.07272488888641697,"[-0.39, 0.51]",0.7673283284622088,0.9750590716290142,False
Matrix metalloproteinase-9,Basof,time1,20,17,0.07369372951688828,"[-0.39, 0.51]",0.7643116479543172,0.9745063647413549,False
Multimerin-2,Basof,time1,20,17,0.1392868341552362,"[-0.34, 0.56]",0.5695573921242376,0.9575202748664524,False
Immunoglobulin heavy variable 1-3,Basof,time1,20,17,0.3473449643454363,"[-0.13, 0.69]",0.1450950462355962,0.8558309360858758,False
Podocalyxin,Basof,time1,20,17,0.2643509058188921,"[-0.22, 0.64]",0.27410690332627,0.9170614304794888,False
Immunoglobulin lambda variable 1-51,Basof,time1,20,17,0.3811450494343898,"[-0.09, 0.71]",0.10738835745813737,0.828669719073285,False
Cadherin-13,Basof,time1,20,17,0.23386560709436105,"[-0.25, 0.62]",0.33522430052753005,0.9236478900056884,False
Plastin-2,Basof,time1,20,17,0.036807864592992845,"[-0.42, 0.48]",0.881080643893251,0.995958470840817,False
Inter-alpha-trypsin inhibitor heavy chain H4,Basof,time1,20,17,-0.352499488054054,"[-0.70, 0.12]",0.13882122370617989,0.8552809885063268,False
Fructose-bisphosphate aldolase B,Basof,time1,20,17,0.23386560709436105,"[-0.25, 0.62]",0.33522430052753005,0.9236478900056884,False
Mannan-binding lectin serine protease 2,Basof,time1,20,17,0.0440583356759666,"[-0.42, 0.49]",0.8578637356313625,0.9929278782642824,False
Platelet glycoprotein 4,Basof,time1,20,17,0.11926956295661083,"[-0.35, 0.54]",0.6267319657433372,0.9621706909906743,False
Hemoglobin subunit alpha,Basof,time1,20,17,-0.549419977550982,"[-0.80, -0.13]",0.014824818694607866,0.7677137594604839,False
Immunoglobulin lambda variable 3-10,Basof,time1,20,17,-0.03011552557608516,"[-0.48, 0.43]",0.9025935140370089,0.997559861248858,False
Serum paraoxonase/lactonase 3,Basof,time1,20,17,0.07544806754515945,"[-0.39, 0.51]",0.7588574523420184,0.9745063647413549,False
Dopamine beta-hydroxylase,Basof,time1,20,17,0.08844578590255896,"[-0.38, 0.52]",0.7188021864053475,0.9657037285349999,False
Triosephosphate isomerase,Basof,time1,20,17,-0.09765004369017413,"[-0.53, 0.37]",0.6908493234142874,0.9648380336571762,False
Endoplasmic reticulum chaperone BiP,Basof,time1,20,17,-0.4333826004739025,"[-0.74, 0.03]",0.06379265277733294,0.7845863525077257,False
Suprabasin,Basof,time1,20,17,-0.16862690796700372,"[-0.58, 0.31]",0.49013471301063294,0.9474363328117412,False
Immunoglobulin kappa variable 3-20,Basof,time1,20,17,0.07291877075133141,"[-0.39, 0.51]",0.7667243802714603,0.9750590716290142,False
Ficolin-1,Basof,time1,20,17,0.12350870079173039,"[-0.35, 0.55]",0.6144377194330122,0.9621706909906743,False
Autotaxin,Basof,time1,20,17,-0.2160669454030235,"[-0.61, 0.26]",0.3743062791893186,0.9300516392509022,False
Histidine ammonia-lyase,Basof,time1,20,17,0.015774799111282645,"[-0.44, 0.47]",0.948893609175012,0.9989122224583239,False
Noelin,Basof,time1,20,17,0.5538957304944812,"[0.13, 0.81]",0.013870429043816282,0.7677137594604839,False
Prenylcysteine oxidase 1,Basof,time1,20,17,-0.11425623999164398,"[-0.54, 0.36]",0.6413938106890148,0.9621706909906743,False
Immunoglobulin delta heavy chain,Basof,time1,20,17,0.29441889524984893,"[-0.18, 0.66]",0.22111653441421802,0.8982115991698657,False
Antithrombin-III,Basof,time1,20,17,-0.30359605669232714,"[-0.67, 0.17]",0.20637866879695796,0.89404523846784,False
Complement component C7,Basof,time1,20,17,0.16002298306098067,"[-0.32, 0.57]",0.5128491628286673,0.9529295397056773,False
BOS complex subunit NOMO3;BOS complex subunit NOMO1;BOS complex subunit NOMO2,Basof,time1,20,17,-0.003822198586483522,"[-0.46, 0.45]",0.9876097835688211,0.9989122224583239,False
Cofilin-1,Basof,time1,20,17,-0.11615988436489982,"[-0.54, 0.36]",0.6358111088708303,0.9621706909906743,False
Histone H4,Basof,time1,20,17,-0.3966229622968467,"[-0.72, 0.07]",0.0927154249783484,0.8154186244354011,False
Serum amyloid A-1 protein,Basof,time1,20,17,0.41806844216060884,"[-0.04, 0.73]",0.07487639408036827,0.7990770804076068,False
Transferrin receptor protein 1,Basof,time1,20,17,-0.0968456775971745,"[-0.53, 0.37]",0.6932775243631191,0.9648380336571762,False
Serpin B12,Basof,time1,20,17,0.31764757912055713,"[-0.16, 0.67]",0.18509532452683108,0.878412326765734,False
Immunoglobulin kappa variable 3D-20,Basof,time1,20,17,0.05049743741012852,"[-0.41, 0.49]",0.8373376004026896,0.9906439255230137,False
Probable non-functional immunoglobulin heavy variable 3-16,Basof,time1,20,17,-0.054632293730412534,"[-0.50, 0.41]",0.8242087981239494,0.9895207784928999,False
Immunoglobulin lambda variable 6-57,Basof,time1,20,17,0.19978170336748963,"[-0.28, 0.60]",0.4122022211422304,0.9324135167651676,False
Fibrinogen alpha chain,Basof,time1,20,17,-0.02343376374940222,"[-0.47, 0.44]",0.9241374283709967,0.9988788261324435,False
Galectin-3-binding protein,Basof,time1,20,17,0.16556079957074743,"[-0.31, 0.58]",0.4981724026444505,0.9501333903816576,False
Macrophage colony-stimulating factor 1 receptor,Basof,time1,20,17,0.1563666405120525,"[-0.32, 0.57]",0.5226502669340243,0.9529295397056773,False
Phosphatidylinositol-glycan-specific phospholipase D,Basof,time1,20,17,-0.2790508759923024,"[-0.65, 0.20]",0.24729603352504798,0.8982115991698657,False
Serotransferrin,Basof,time1,20,17,0.00997413955319748,"[-0.45, 0.46]",0.9676742252956989,0.9989122224583239,False
Integrin alpha-11,Basof,time1,20,17,0.018758769566879944,"[-0.44, 0.47]",0.9392419414457406,0.9989122224583239,False
Proprotein convertase subtilisin/kexin type 9,Basof,time1,20,17,-0.22172538406080794,"[-0.61, 0.26]",0.36161395756961634,0.9285871908420641,False
Gelsolin,Basof,time1,20,17,0.04450466096659729,"[-0.42, 0.49]",0.8564379974532741,0.9928150111527771,False
Proteoglycan 4,Basof,time1,20,17,0.17089112067591303,"[-0.31, 0.58]",0.48424014311141095,0.9447457823105017,False
Vascular cell adhesion protein 1,Basof,time1,20,17,-0.10618041159747361,"[-0.53, 0.37]",0.6652797540189083,0.9642690192775135,False
Adhesion G protein-coupled receptor F5,Basof,time1,20,17,0.236182190694934,"[-0.24, 0.62]",0.33032026810731907,0.9236478900056884,False
Insulin-like growth factor-binding protein 3,Basof,time1,20,17,-0.16985705495183626,"[-0.58, 0.31]",0.4869278506681525,0.945493698500386,False
Transthyretin,Basof,time1,20,17,-0.3486157665079738,"[-0.69, 0.13]",0.1435303081645725,0.8558309360858758,False
Coiled-coil domain-containing protein 126,Basof,time1,20,17,-0.12739649465417918,"[-0.55, 0.35]",0.6032482202228957,0.9621706909906743,False
Guanine nucleotide-binding protein G(i) subunit alpha-2,Basof,time1,20,17,-0.12404956464199318,"[-0.55, 0.35]",0.612876087928424,0.9621706909906743,False
Apolipoprotein C-I,Basof,time1,20,17,0.023292352456842996,"[-0.44, 0.47]",0.9245939771835581,0.9988788261324435,False
Syntenin-1,Basof,time1,20,17,0.37287429660566357,"[-0.10, 0.71]",0.11587994187303537,0.8291287868992757,False
Phospholipid transfer protein,Basof,time1,20,17,0.2176603594546681,"[-0.26, 0.61]",0.3707070902791969,0.9300516392509022,False
Laminin subunit beta-1,Basof,time1,20,17,0.27416334287491756,"[-0.21, 0.65]",0.2560178706617183,0.9052412167881767,False
Proline-rich protein 4,Basof,time1,20,17,-0.0287531192842179,"[-0.48, 0.43]",0.9069814920961035,0.997559861248858,False
Immunoglobulin kappa variable 2-28;Immunoglobulin kappa variable 2D-28,Basof,time1,20,17,0.10013387718283154,"[-0.37, 0.53]",0.6833694979286545,0.9648380336571762,False
Complement C3,Basof,time1,20,17,-0.20054200542005415,"[-0.60, 0.28]",0.41038845169325455,0.9319993199855614,False
Thyroxine-binding globulin,Basof,time1,20,17,-0.3339580823691212,"[-0.68, 0.14]",0.1623030964478701,0.867816664987516,False
Immunoglobulin kappa variable 1D-13;Immunoglobulin kappa variable 1-13,Basof,time1,20,17,0.3046992339406053,"[-0.17, 0.67]",0.20465181371833668,0.8937375538491094,False
Complement factor H-related protein 5,Basof,time1,20,17,0.00621404293482728,"[-0.45, 0.46]",0.9798574786587477,0.9989122224583239,False
Immunoglobulin lambda variable 2-23,Basof,time1,20,17,-0.27559127695239133,"[-0.65, 0.20]",0.25344990712710264,0.9034831665551791,False
Coagulation factor VII,Basof,time1,20,17,-0.2415867142886732,"[-0.63, 0.24]",0.31904446191782654,0.9236478900056884,False
Immunoglobulin heavy constant gamma 4,Basof,time1,20,17,-0.08474343627857478,"[-0.52, 0.38]",0.7301454735767506,0.9699742787661942,False
L-lactate dehydrogenase B chain,Basof,time1,20,17,0.058930093863994774,"[-0.41, 0.50]",0.8106098800136512,0.9853512016964315,False
Zinc-alpha-2-glycoprotein,Basof,time1,20,17,-0.1256750207991451,"[-0.55, 0.35]",0.6081925466242157,0.9621706909906743,False
"Dihydrolipoyllysine-residue succinyltransferase component of 2-oxoglutarate dehydrogenase complex, mitochondrial",Basof,time1,20,17,0.05485330952915555,"[-0.41, 0.50]",0.8235082644136829,0.9895207784928999,False
Serpin B3,Basof,time1,20,17,0.17059692791893158,"[-0.31, 0.58]",0.4850040539368059,0.9447457823105017,False
Immunoglobulin heavy variable 3-33,Basof,time1,20,17,0.22797199224172354,"[-0.25, 0.62]",0.3478912661605551,0.926595760949047,False
Follistatin-related protein 1,Basof,time1,20,17,0.09709766815693384,"[-0.37, 0.53]",0.6925165120843974,0.9648380336571762,False
Cholesteryl ester transfer protein,Basof,time1,20,17,0.21906022210299272,"[-0.26, 0.61]",0.36756126668607436,0.9285871908420641,False
Complement C1q subcomponent subunit C,Basof,time1,20,17,0.23691205420195863,"[-0.24, 0.62]",0.32878398969706024,0.9236478900056884,False
Immunoglobulin heavy variable 4-30-2,Basof,time1,20,17,0.2807342618424183,"[-0.20, 0.65]",0.2443363427229921,0.8982115991698657,False
Thrombospondin-4,Basof,time1,20,17,0.23775575809868982,"[-0.24, 0.62]",0.3270133440178222,0.9236478900056884,False
Transketolase,Basof,time1,20,17,0.24016705090209656,"[-0.24, 0.63]",0.32198396286505193,0.9236478900056884,False
Complement receptor type 2,Basof,time1,20,17,0.5839404059302866,"[0.18, 0.82]",0.008662840667928523,0.7385516510769441,False
Immunoglobulin kappa variable 2-40;Immunoglobulin kappa variable 2D-40,Basof,time1,20,17,-0.2103895814224008,"[-0.61, 0.27]",0.3872888073924534,0.931256717265325,False
Immunoglobulin kappa variable 3D-7,Basof,time1,20,17,0.2112442427554243,"[-0.27, 0.61]",0.3853186662449537,0.931256717265325,False
Immunoglobulin heavy variable 3-64,Basof,time1,20,17,-0.10925617830649834,"[-0.54, 0.36]",0.656144564222932,0.9630236411946936,False
Vitronectin,Basof,time1,20,17,-0.29229644923611436,"[-0.66, 0.19]",0.22462006285073013,0.8982115991698657,False
Complement component C8 gamma chain,Basof,time1,20,17,0.01254203593829989,"[-0.44, 0.46]",0.9593576532159637,0.9989122224583239,False
Immunoglobulin heavy variable 5-51,Basof,time1,20,17,-0.264491699853573,"[-0.64, 0.22]",0.2738418868549086,0.9170614304794888,False
Coagulation factor V,Basof,time1,20,17,0.07960732481914946,"[-0.39, 0.52]",0.7459703205069355,0.9738797723547303,False
Protein S100-A7,Basof,time1,20,17,0.2845823719757228,"[-0.19, 0.65]",0.23765586639135422,0.8982115991698657,False
Arginase-1,Basof,time1,20,17,0.3050424173002829,"[-0.17, 0.67]",0.20411656514276677,0.8937375538491094,False
Protein-glutamine gamma-glutamyltransferase K,Basof,time1,20,17,0.23162045589951907,"[-0.25, 0.62]",0.34001751887694054,0.926595760949047,False
Immunoglobulin kappa variable 4-1,Basof,time1,20,17,0.28024868483978954,"[-0.20, 0.65]",0.2451877441884922,0.8982115991698657,False
Coagulation factor XIII B chain,Basof,time1,20,17,-0.06675699144989673,"[-0.51, 0.40]",0.7859797827650032,0.9809449094133241,False
Apolipoprotein C-II,Basof,time1,20,17,0.057751126474981304,"[-0.41, 0.50]",0.8143353211439752,0.9864605239401922,False
Bone marrow proteoglycan,Basof,time1,20,17,0.25508679473093876,"[-0.23, 0.64]",0.29189424967991906,0.9177310147446764,False
Apolipoprotein A-I,Basof,time1,20,17,-0.10782938431372413,"[-0.54, 0.36]",0.6603765045839456,0.9631943962996202,False
Coagulation factor X,Basof,time1,20,17,-0.47880836087298156,"[-0.77, -0.03]",0.03808101677641585,0.780717100347183,False
Thioredoxin,Basof,time1,20,17,0.05480884540491656,"[-0.41, 0.50]",0.8236491880606458,0.9895207784928999,False
Immunoglobulin heavy variable 3-15,Basof,time1,20,17,-0.0023216071986690277,"[-0.46, 0.45]",0.9924739968376626,0.998994958440865,False
Proteasome subunit beta type-2,Basof,time1,20,17,0.10236907904287437,"[-0.37, 0.53]",0.6766624366813713,0.9648380336571762,False
Apolipoprotein A-II,Basof,time1,20,17,-0.0918981377976996,"[-0.52, 0.38]",0.7082752722031861,0.9656789320774398,False
Immunoglobulin heavy constant gamma 2,Basof,time1,20,17,0.044556900238630286,"[-0.42, 0.49]",0.8562711524532906,0.9928150111527771,False
Plakophilin-1,Basof,time1,20,17,0.06822891758329347,"[-0.40, 0.51]",0.7813687786420332,0.9794872500650506,False
Fetuin-B,Basof,time1,20,17,-0.3553770935312247,"[-0.70, 0.12]",0.13540251956491073,0.8499184771125022,False
Complement factor H-related protein 3,Basof,time1,20,17,0.06436093932787072,"[-0.40, 0.50]",0.7935002826470285,0.9830382993033819,False
Plasminogen,Basof,time1,20,17,0.09275347168814158,"[-0.38, 0.52]",0.7056749128085857,0.9656789320774398,False
Fermitin family homolog 3,Basof,time1,20,17,-0.06568901452960478,"[-0.50, 0.40]",0.7893296471363301,0.9812443166838123,False
Immunoglobulin heavy variable 3-21,Basof,time1,20,17,-0.08719868899849001,"[-0.52, 0.38]",0.7226168998825354,0.9673286249298616,False
Immunoglobulin heavy variable 2-26,Basof,time1,20,17,0.20707604538455923,"[-0.27, 0.60]",0.3949796326826631,0.931256717265325,False
Immunoglobulin kappa variable 1-12;Immunoglobulin kappa variable 1D-12,Basof,time1,20,17,0.1950895769515066,"[-0.28, 0.60]",0.42349078376454563,0.9324135167651676,False
Immunoglobulin heavy constant gamma 3,Basof,time1,20,17,0.14192566421446168,"[-0.33, 0.56]",0.5621927602764017,0.9574313225752206,False
Immunoglobulin kappa variable 2D-29,Basof,time1,20,17,0.2268944898545394,"[-0.25, 0.62]",0.35023659578724253,0.92660625506674,False
Neogenin,Basof,time1,20,17,0.32527450894258797,"[-0.15, 0.68]",0.1741844725847385,0.867816664987516,False
Immunoglobulin heavy variable 6-1,Basof,time1,20,17,0.32714545174313325,"[-0.15, 0.68]",0.1715761032112711,0.867816664987516,False
L-selectin,Basof,time1,20,17,0.3211107181708519,"[-0.16, 0.68]",0.1800855906024398,0.8743304737684425,False
Immunoglobulin lambda constant 3,Basof,time1,20,17,0.009330646678797471,"[-0.45, 0.46]",0.9697588201077472,0.9989122224583239,False
A disintegrin and metalloproteinase with thrombospondin motifs 13,Basof,time1,20,17,0.19320899091343843,"[-0.29, 0.60]",0.4280608591592342,0.9340770659683354,False
von Willebrand factor,Basof,time1,20,17,-0.3416228279929857,"[-0.69, 0.13]",0.1522877065674324,0.8644305987562886,False
Neutral alpha-glucosidase AB,Basof,time1,20,17,-0.3346281259583111,"[-0.68, 0.14]",0.16141001333115637,0.867816664987516,False
Carbonic anhydrase 1,Basof,time1,20,17,-0.46665535486954685,"[-0.76, -0.02]",0.043993512044395174,0.780717100347183,False
Immunoglobulin lambda variable 4-60,Basof,time1,20,17,-0.1823226318722951,"[-0.59, 0.30]",0.45502194037132493,0.9362868049217405,False
Integrin beta-1,Basof,time1,20,17,0.2513036533613446,"[-0.23, 0.63]",0.29935576879571335,0.9213262098127668,False
Immunoglobulin lambda variable 3-12,Basof,time1,20,17,-0.005831856056393894,"[-0.46, 0.45]",0.9810961014845286,0.9989122224583239,False
Alpha-amylase 1B;Alpha-amylase 1C;Alpha-amylase 1A,Basof,time1,20,17,-0.09435013117643073,"[-0.53, 0.38]",0.70082916482128,0.9648380336571762,False
Lumican,Basof,time1,20,17,0.0929942067954638,"[-0.38, 0.53]",0.7049435988937853,0.9656789320774398,False
Beta-Ala-His dipeptidase,Basof,time1,20,17,-0.20585607314549917,"[-0.60, 0.27]",0.3978321999512817,0.931256717265325,False
Immunoglobulin alpha-2 heavy chain,Basof,time1,20,17,-0.007818412013485435,"[-0.46, 0.45]",0.9746584196870864,0.9989122224583239,False
Complement C5,Basof,time1,20,17,0.21472979435676676,"[-0.27, 0.61]",0.37734171256715576,0.9300516392509022,False
Protein S100-A8,Basof,time1,20,17,0.13447325337187344,"[-0.34, 0.55]",0.5830980093754465,0.9599322538236903,False
Immunoglobulin lambda variable 3-25,Basof,time1,20,17,0.09788195353106693,"[-0.37, 0.53]",0.6901497747869614,0.9648380336571762,False
Leukocyte immunoglobulin-like receptor subfamily B member 3;Leukocyte immunoglobulin-like receptor subfamily A member 6,Basof,time1,20,17,-0.03219788769554424,"[-0.48, 0.43]",0.8958919964955208,0.997559861248858,False
Collagen alpha-3(VI) chain,Basof,time1,20,17,0.09819666458988867,"[-0.37, 0.53]",0.689200843588094,0.9648380336571762,False
Immunoglobulin kappa variable 1-39;Immunoglobulin kappa variable 1D-39,Basof,time1,20,17,0.05745933946410117,"[-0.41, 0.50]",0.8152579368983202,0.9866265618169168,False
Bleomycin hydrolase,Basof,time1,20,17,0.18773904610615055,"[-0.29, 0.59]",0.44150058776567114,0.9361498868301301,False
CD166 antigen,Basof,time1,20,17,-0.37140029084020015,"[-0.71, 0.10]",0.11744218403555204,0.8291287868992757,False
Beta-2-microglobulin,Basof,time1,20,17,0.19527121266516506,"[-0.28, 0.60]",0.4230507633715739,0.9324135167651676,False
Amino acid transporter heavy chain SLC3A2,Basof,time1,20,17,0.3052823471606381,"[-0.17, 0.67]",0.20374290666251113,0.8937375538491094,False
Haptoglobin-related protein,Basof,time1,20,17,0.12333024759730092,"[-0.35, 0.55]",0.6149533148779168,0.9621706909906743,False
Alpha-1-acid glycoprotein 1,Basof,time1,20,17,0.1961364947848728,"[-0.28, 0.60]",0.4209579222494285,0.9324135167651676,False
Serum paraoxonase/arylesterase 1,Basof,time1,20,17,-0.2906105531643551,"[-0.66, 0.19]",0.2274285080732268,0.8982115991698657,False
Target of Nesh-SH3,Basof,time1,20,17,0.4813486370157823,"[0.03, 0.77]",0.03692666552385982,0.780717100347183,False
Intercellular adhesion molecule 1,Basof,time1,20,17,0.13342947792816032,"[-0.34, 0.55]",0.5860520310275834,0.9604968661816792,False
Complement C4-A,Basof,time1,20,17,0.19659334836470893,"[-0.28, 0.60]",0.419855170689873,0.9324135167651676,False
Coagulation factor XIII A chain,Basof,time1,20,17,-0.03154093933679139,"[-0.48, 0.43]",0.8980054988057028,0.997559861248858,False
Immunoglobulin mu heavy chain,Basof,time1,20,17,-0.199017415050425,"[-0.60, 0.28]",0.41402984355265304,0.9324135167651676,False
Oncoprotein-induced transcript 3 protein,Basof,time1,20,17,0.12060201493928951,"[-0.35, 0.54]",0.6228572593073136,0.9621706909906743,False
Peroxiredoxin-2,Basof,time1,20,17,-0.1859238861824133,"[-0.59, 0.29]",0.4460084230458343,0.9361498868301301,False
Tissue factor pathway inhibitor,Basof,time1,20,17,0.12486248800903656,"[-0.35, 0.55]",0.6105319440456033,0.9621706909906743,False
Progranulin,Basof,time1,20,17,-0.2236569424517773,"[-0.62, 0.26]",0.35733816288201525,0.9285871908420641,False
Histone H2B type 1-K;Histone H2B type F-S,Basof,time1,20,17,-0.016609023744865902,"[-0.47, 0.44]",0.9461945634141253,0.9989122224583239,False
Hemoglobin subunit delta,Basof,time1,20,17,-0.5758122047669355,"[-0.82, -0.16]",0.009881630449021347,0.7385516510769441,False
Glutathione S-transferase P,Basof,time1,20,17,-0.03720678346563976,"[-0.48, 0.42]",0.87980066707061,0.995958470840817,False
Annexin A6,Basof,time1,20,17,0.21032762550458964,"[-0.27, 0.61]",0.38743184296953515,0.931256717265325,False
Complement factor H-related protein 1,Basof,time1,20,17,0.1327372186473731,"[-0.34, 0.55]",0.5880146871278926,0.9610066239456336,False
Protein KPLCE,Basof,time1,20,17,0.19351413374075235,"[-0.29, 0.60]",0.42731755451393416,0.9327612280852763,False
Immunoglobulin heavy variable 4-4,Basof,time1,20,17,0.019989972346582067,"[-0.44, 0.47]",0.9352618980375622,0.9989122224583239,False
Alpha-1B-glycoprotein,Basof,time1,20,17,-0.030204599502956373,"[-0.48, 0.43]",0.9023067214626317,0.997559861248858,False
Properdin,Basof,time1,20,17,0.10838287837342475,"[-0.36, 0.54]",0.6587336337416869,0.9630236411946936,False
Immunoglobulin heavy variable 3-53,Basof,time1,20,17,-0.032402713635610585,"[-0.48, 0.43]",0.895233177061201,0.997559861248858,False
Calmodulin-like protein 5,Basof,time1,20,17,0.11548664099791887,"[-0.36, 0.54]",0.6377833599648544,0.9621706909906743,False
Carboxypeptidase B2,Basof,time1,20,17,0.24036318774317078,"[-0.24, 0.63]",0.3215768965640251,0.9236478900056884,False
"Sushi, nidogen and EGF-like domain-containing protein 1",Basof,time1,20,17,0.2840746054519372,"[-0.20, 0.65]",0.23853058713455583,0.8982115991698657,False
Proteasome subunit alpha type-5,Basof,time1,20,17,0.04384006012188291,"[-0.42, 0.49]",0.8585611471353092,0.9929646300905662,False
Bifunctional heparan sulfate N-deacetylase/N-sulfotransferase 4,Basof,time1,20,17,-0.3045597328230022,"[-0.67, 0.17]",0.20486965247974193,0.8937375538491094,False
Immunoglobulin heavy variable 3-9,Basof,time1,20,17,0.3317024876682629,"[-0.14, 0.68]",0.1653343855438478,0.867816664987516,False
Neural cell adhesion molecule L1-like protein,Basof,time1,20,17,0.13171448584847786,"[-0.34, 0.55]",0.5909193235488437,0.9610066239456336,False
Proteasome subunit alpha type-2,Basof,time1,20,17,-0.2752519364397117,"[-0.65, 0.20]",0.25405868777854357,0.9037671439517762,False
Intercellular adhesion molecule 3,Basof,time1,20,17,0.2304384475043183,"[-0.25, 0.62]",0.3425569596303649,0.926595760949047,False
Receptor-type tyrosine-protein phosphatase eta,Basof,time1,20,17,-0.009131058151069118,"[-0.46, 0.45]",0.9704054257893365,0.9989122224583239,False
ADAMTS-like protein 4,Basof,time1,20,17,-0.13134211157046743,"[-0.55, 0.34]",0.5919783805561337,0.9612689690535338,False
Immunoglobulin lambda variable 3-21,Basof,time1,20,17,-0.04989638131675425,"[-0.49, 0.41]",0.8392495602746961,0.9906439255230137,False
Cartilage oligomeric matrix protein,Basof,time1,20,17,0.2306584508472321,"[-0.25, 0.62]",0.34208346968805803,0.926595760949047,False
Neural cell adhesion molecule 1,Basof,time1,20,17,0.0737019902505624,"[-0.39, 0.51]",0.7642859403983944,0.9745063647413549,False
Immunoglobulin lambda variable 2-11,Basof,time1,20,17,0.1058835937311048,"[-0.37, 0.53]",0.6661637372260725,0.96483603668397,False
Immunoglobulin kappa variable 1D-33;Immunoglobulin kappa variable 1-33,Basof,time1,20,17,-0.09239410720586554,"[-0.52, 0.38]",0.7067670629734699,0.9656789320774398,False
Beta-2-glycoprotein 1,Basof,time1,20,17,0.2298740634465165,"[-0.25, 0.62]",0.3437733632503883,0.926595760949047,False
Vitamin D-binding protein,Basof,time1,20,17,-0.29568497578672165,"[-0.66, 0.18]",0.2190436491622771,0.8982115991698657,False
Filamin-A,Basof,time1,20,17,-0.10363005482903222,"[-0.53, 0.37]",0.6728889064103167,0.9648380336571762,False
Reelin,Basof,time1,20,17,0.17326200823021295,"[-0.30, 0.58]",0.4781055225865729,0.9440213373121634,False
Immunoglobulin lambda variable 5-39,Basof,time1,20,17,-0.11546681723223622,"[-0.54, 0.36]",0.6378414686429088,0.9621706909906743,False
Fatty acid-binding protein 5,Basof,time1,20,17,-0.0882630259392418,"[-0.52, 0.38]",0.7193608307275423,0.9657205352207149,False
"HLA class I histocompatibility antigen, A alpha chain",Basof,time1,20,17,-0.1878113344839068,"[-0.59, 0.29]",0.4413215565584563,0.9361498868301301,False
Low affinity immunoglobulin gamma Fc region receptor III-A,Basof,time1,20,17,0.09057601437586268,"[-0.38, 0.52]",0.7123008287377199,0.9656789320774398,False
Heat shock 70 kDa protein 1A;Heat shock 70 kDa protein 1B,Basof,time1,20,17,-0.3193201759496007,"[-0.68, 0.16]",0.18266421035498773,0.8781742060801173,False
Apolipoprotein D,Basof,time1,20,17,-0.03353110578142566,"[-0.48, 0.43]",0.8916049095082027,0.997559861248858,False
Plexin-B1,Basof,time1,20,17,-0.2281289784760373,"[-0.62, 0.25]",0.34755032339981606,0.926595760949047,False
Immunoglobulin heavy variable 1-58,Basof,time1,20,17,0.11985344956084744,"[-0.35, 0.54]",0.6250328917546435,0.9621706909906743,False
Apolipoprotein C-IV,Basof,time1,20,17,0.08290521434766808,"[-0.39, 0.52]",0.7357975886047408,0.972494791298199,False
Monocyte differentiation antigen CD14,Basof,time1,20,17,0.07400784173591257,"[-0.39, 0.51]",0.7633342912947381,0.9745063647413549,False
Protein MENT,Basof,time1,20,17,-0.30138108233910693,"[-0.66, 0.18]",0.20987481861330065,0.8980339270305654,False
Immunoglobulin epsilon heavy chain,Basof,time1,20,17,-0.017695163816068844,"[-0.47, 0.44]",0.9426813168446698,0.9989122224583239,False
Complement factor H,Basof,time1,20,17,0.22612957601022107,"[-0.25, 0.62]",0.35190704890816993,0.9273537283887798,False
Stabilin-1,Basof,time1,20,17,0.15697648906519351,"[-0.32, 0.57]",0.5210094714239262,0.9529295397056773,False
Macrophage receptor MARCO,Basof,time1,20,17,0.2577714012434241,"[-0.22, 0.64]",0.28666890721977145,0.9177310147446764,False
Protein POF1B,Basof,time1,20,17,0.11869855212518722,"[-0.35, 0.54]",0.6283953143457712,0.9621706909906743,False
Phosphatidylcholine-sterol acyltransferase,Basof,time1,20,17,0.13298398407586864,"[-0.34, 0.55]",0.587314754482258,0.9610066239456336,False
Clusterin,Basof,time1,20,17,-0.20808288692391108,"[-0.61, 0.27]",0.39263390109797214,0.931256717265325,False
Platelet-activating factor acetylhydrolase,Basof,time1,20,17,-0.16702738398770048,"[-0.58, 0.31]",0.4943198786224886,0.949643311856458,False
Vasorin,Basof,time1,20,17,0.09636537541846037,"[-0.37, 0.53]",0.6947288168785251,0.9648380336571762,False
Myeloperoxidase,Basof,time1,20,17,-0.02533528342115102,"[-0.47, 0.43]",0.9180005993092939,0.9985551599450393,False
Immunoglobulin lambda variable 5-52,Basof,time1,20,17,-0.2326832781142171,"[-0.62, 0.25]",0.3377435273802345,0.9245385826741866,False
Carboxypeptidase N catalytic chain,Basof,time1,20,17,-0.08183629789284241,"[-0.52, 0.39]",0.7390902699308101,0.9728363041843875,False
Fibrinogen gamma chain,Basof,time1,20,17,0.1611328971465376,"[-0.32, 0.57]",0.5098912810196443,0.9529295397056773,False
Soluble scavenger receptor cysteine-rich domain-containing protein SSC5D,Basof,time1,20,17,0.15204625212039077,"[-0.32, 0.57]",0.5343428307336313,0.954665480182609,False
Tetranectin,Basof,time1,20,17,-0.20709211854171897,"[-0.60, 0.27]",0.3949421252236677,0.931256717265325,False
Apolipoprotein(a),Basof,time1,20,17,0.036295033138529505,"[-0.42, 0.48]",0.8827265366104289,0.995958470840817,False
Alpha-2-antiplasmin,Basof,time1,20,17,-0.26126261120580113,"[-0.64, 0.22]",0.27996001689703465,0.9170614304794888,False
Retroviral-like aspartic protease 1,Basof,time1,20,17,0.09767333142972164,"[-0.37, 0.53]",0.690779065845384,0.9648380336571762,False
Ficolin-3,Basof,time1,20,17,-0.05605445764783932,"[-0.50, 0.41]",0.8197033410649545,0.9883406085463569,False
Immunoglobulin kappa variable 2-24,Basof,time1,20,17,-0.2718636239135184,"[-0.65, 0.21]",0.260188019379994,0.908120932246165,False
Immunoglobulin superfamily containing leucine-rich repeat protein,Basof,time1,20,17,-0.009074882129390267,"[-0.46, 0.45]",0.9705874220935231,0.9989122224583239,False
Complement factor D,Basof,time1,20,17,0.03325432079393119,"[-0.43, 0.48]",0.892494704514552,0.997559861248858,False
Vitamin K-dependent protein Z,Basof,time1,20,17,-0.27703599204707985,"[-0.65, 0.20]",0.25086840637151264,0.9010501812845132,False
EGF-containing fibulin-like extracellular matrix protein 1,Basof,time1,20,17,-0.24846096066037948,"[-0.63, 0.23]",0.3050377537478653,0.9236478900056884,False
Dipeptidase 2,Basof,time1,20,17,0.28709627100252744,"[-0.19, 0.66]",0.23335555993675827,0.8982115991698657,False
Myeloblastin,Basof,time1,20,17,-0.25886394646923866,"[-0.64, 0.22]",0.284558906486055,0.9175083333564564,False
Neurogenic locus notch homolog protein 1,Basof,time1,20,17,0.07216921869787037,"[-0.39, 0.51]",0.769059969217254,0.9750590716290142,False
Vitamin K-dependent protein S,Basof,time1,20,17,0.16238074207020803,"[-0.32, 0.57]",0.5065755347768095,0.9521029330766132,False
Dermcidin,Basof,time1,20,17,0.28263988522238187,"[-0.20, 0.65]",0.24101329671469243,0.8982115991698657,False
Immunoglobulin heavy variable 3-73,Basof,time1,20,17,0.16604275797250798,"[-0.31, 0.58]",0.4969047629813085,0.949643311856458,False
Alpha-2-macroglobulin,Basof,time1,20,17,0.13687426703628092,"[-0.34, 0.56]",0.576326903530462,0.9585981157899655,False
Cation-independent mannose-6-phosphate receptor,Basof,time1,20,17,0.4306461206643118,"[-0.03, 0.74]",0.06567679713926432,0.7845863525077257,False
Chromodomain-helicase-DNA-binding protein 1;Chromodomain-helicase-DNA-binding protein 2;Chromodomain-helicase-DNA-binding protein 9;Chromodomain-helicase-DNA-binding protein 6;Chromodomain-helicase-DNA-binding protein 8;Chromodomain-helicase-DNA-binding protein 7,Basof,time1,20,17,-0.12199059763147592,"[-0.55, 0.35]",0.6188294012934172,0.9621706909906743,False
Ceruloplasmin,Basof,time1,20,17,-0.1051947907112002,"[-0.53, 0.37]",0.6682167534559809,0.9648380336571762,False
Prostaglandin-H2 D-isomerase,Basof,time1,20,17,0.12902981524770743,"[-0.35, 0.55]",0.5985723397788354,0.9621706909906743,False
Protein S100-A9,Basof,time1,20,17,0.12916668180613133,"[-0.35, 0.55]",0.5981811967610678,0.9619652257709965,False
Immunoglobulin J chain,Basof,time1,20,17,0.141074828998635,"[-0.33, 0.56]",0.5645627594759085,0.9574313225752206,False
Probable non-functional immunoglobulin kappa variable 3-7,Lactic acid,time1,20,17,-0.26576310263334685,"[-0.64, 0.21]",0.2714559330695331,0.9170614304794888,False
Apolipoprotein A-IV,Lactic acid,time1,20,17,-0.4050255207599444,"[-0.73, 0.06]",0.08539120884629767,0.8154186244354011,False
Coagulation factor XII,Lactic acid,time1,20,17,0.19555753923241248,"[-0.28, 0.60]",0.42235761898016944,0.9324135167651676,False
Mannan-binding lectin serine protease 1,Lactic acid,time1,20,17,-0.4588333615552989,"[-0.76, -0.01]",0.04815523617678746,0.780717100347183,False
Complement factor I,Lactic acid,time1,20,17,-0.26571974042408597,"[-0.64, 0.21]",0.27153709419697886,0.9170614304794888,False
Platelet glycoprotein Ib alpha chain,Lactic acid,time1,20,17,0.13634804019748797,"[-0.34, 0.56]",0.5778080296787311,0.9585981157899655,False
Hepatocyte growth factor-like protein,Lactic acid,time1,20,17,0.04322836566581792,"[-0.42, 0.49]",0.8605161029349708,0.9941182770911122,False
Profilin-1,Lactic acid,time1,20,17,-0.42095414546691745,"[-0.73, 0.04]",0.07268594703745163,0.7963212415647299,False
Peptidase inhibitor 16,Lactic acid,time1,20,17,-0.48685244883976747,"[-0.77, -0.04]",0.034518479478950426,0.780717100347183,False
Cell surface glycoprotein MUC18,Lactic acid,time1,20,17,-0.05032217154885466,"[-0.49, 0.41]",0.8378950315669058,0.9906439255230137,False
Adhesion G-protein coupled receptor G6,Lactic acid,time1,20,17,-0.4026570958844349,"[-0.72, 0.06]",0.08741117057860728,0.8154186244354011,False
Immunoglobulin heavy variable 1-69,Lactic acid,time1,20,17,0.12659691090610253,"[-0.35, 0.55]",0.6055427003307312,0.9621706909906743,False
Insulin-like growth factor-binding protein complex acid labile subunit,Lactic acid,time1,20,17,0.23057536955341312,"[-0.25, 0.62]",0.3422622320655443,0.926595760949047,False
Plasma serine protease inhibitor,Lactic acid,time1,20,17,0.08500525737477667,"[-0.38, 0.52]",0.7293415081007608,0.9698628980155062,False
Immunoglobulin heavy variable 1-69D,Lactic acid,time1,20,17,-0.03299718601558525,"[-0.48, 0.43]",0.8933214392049414,0.997559861248858,False
Pancreatic adenocarcinoma up-regulated factor,Lactic acid,time1,20,17,-0.39321160981377346,"[-0.72, 0.07]",0.09581596518184203,0.8179364288014818,False
Immunoglobulin heavy variable 3-64D,Lactic acid,time1,20,17,0.07685948011246224,"[-0.39, 0.51]",0.7544772905769956,0.9745063647413549,False
Neutrophil gelatinase-associated lipocalin,Lactic acid,time1,20,17,-0.2250732192555831,"[-0.62, 0.26]",0.3542214870823288,0.9275759271483885,False
Lysosome-associated membrane glycoprotein 2,Lactic acid,time1,20,17,0.046550233986609686,"[-0.42, 0.49]",0.8499091427239819,0.991249088174675,False
Corneodesmosin,Lactic acid,time1,20,17,-0.07067680302119826,"[-0.51, 0.40]",0.7737159630081502,0.9778910088019676,False
Collagen alpha-1(XVIII) chain,Lactic acid,time1,20,17,-0.613907617879854,"[-0.84, -0.22]",0.005173739196955941,0.7385516510769441,False
Lipopolysaccharide-binding protein,Lactic acid,time1,20,17,0.295133902725883,"[-0.18, 0.66]",0.21994432766038305,0.8982115991698657,False
Immunoglobulin heavy variable 3-49,Lactic acid,time1,20,17,0.23164290068763418,"[-0.25, 0.62]",0.33996940456465397,0.926595760949047,False
SPARC-like protein 1,Lactic acid,time1,20,17,-0.3679513898474433,"[-0.70, 0.10]",0.12115607634073625,0.8313974029708804,False
Ras-associated and pleckstrin homology domains-containing protein 1,Lactic acid,time1,20,17,-0.30791888625710484,"[-0.67, 0.17]",0.19966662886739028,0.892789897490977,False
Alpha-1-acid glycoprotein 2,Lactic acid,time1,20,17,-0.49852052125708096,"[-0.78, -0.06]",0.029816584911756556,0.780717100347183,False
Immunoglobulin heavy variable 3-20,Lactic acid,time1,20,17,0.06061817717690736,"[-0.40, 0.50]",0.805282471892431,0.9840896993583559,False
Neurogenic locus notch homolog protein 2,Lactic acid,time1,20,17,-0.2743822193240786,"[-0.65, 0.21]",0.25562318697138947,0.9052412167881767,False
Apolipoprotein B-100,Lactic acid,time1,20,17,0.21490759749668603,"[-0.27, 0.61]",0.3769372935607115,0.9300516392509022,False
CD44 antigen,Lactic acid,time1,20,17,-0.04049387950156329,"[-0.49, 0.42]",0.8692647815346959,0.9952750807277061,False
Pigment epithelium-derived factor,Lactic acid,time1,20,17,0.24418627505673773,"[-0.24, 0.63]",0.3137034372222722,0.9236478900056884,False
Xaa-Pro dipeptidase,Lactic acid,time1,20,17,-0.5052497279684425,"[-0.78, -0.07]",0.027341742443167102,0.780717100347183,False
Immunoglobulin heavy constant delta,Lactic acid,time1,20,17,-0.16225787005457934,"[-0.57, 0.32]",0.5069015697362805,0.9521029330766132,False
Probable non-functional immunoglobulin heavy variable 3-38-3,Lactic acid,time1,20,17,-0.17837844544266915,"[-0.59, 0.30]",0.46499963451536364,0.9399490057022261,False
Immunoglobulin lambda constant 7,Lactic acid,time1,20,17,-0.39645772398781337,"[-0.72, 0.07]",0.09286390062242124,0.8154186244354011,False
Receptor-type tyrosine-protein phosphatase gamma,Lactic acid,time1,20,17,-0.4766972065220247,"[-0.77, -0.03]",0.03906138754118818,0.780717100347183,False
Afamin,Lactic acid,time1,20,17,-0.10475395353255323,"[-0.53, 0.37]",0.6695318791063616,0.9648380336571762,False
Pyruvate kinase PKLR,Lactic acid,time1,20,17,-0.4750056748322222,"[-0.76, -0.03]",0.03986083929869452,0.780717100347183,False
Insulin-like growth factor 2,Lactic acid,time1,20,17,-0.3181296577211904,"[-0.67, 0.16]",0.1843924069246862,0.878412326765734,False
CD109 antigen,Lactic acid,time1,20,17,-0.4346283683860598,"[-0.74, 0.02]",0.06294845839411427,0.7845863525077257,False
ADP-ribosyl cyclase/cyclic ADP-ribose hydrolase 2,Lactic acid,time1,20,17,0.47020737906175253,"[0.02, 0.76]",0.042197262962730346,0.780717100347183,False
Dedicator of cytokinesis protein 4,Lactic acid,time1,20,17,0.00710829343317377,"[-0.45, 0.46]",0.9769594948730551,0.9989122224583239,False
Complement factor H-related protein 2,Lactic acid,time1,20,17,0.4355698036062577,"[-0.02, 0.74]",0.06231607742469558,0.7842048818024371,False
Selenoprotein P,Lactic acid,time1,20,17,0.1921964636688565,"[-0.29, 0.59]",0.4305321895662655,0.9343133512273196,False
Adipocyte plasma membrane-associated protein,Lactic acid,time1,20,17,-0.012724804446166312,"[-0.46, 0.44]",0.9587658695673584,0.9989122224583239,False
Immunoglobulin heavy constant alpha 2,Lactic acid,time1,20,17,-0.15932740754283722,"[-0.57, 0.32]",0.5147069772929744,0.9529295397056773,False
Lactotransferrin,Lactic acid,time1,20,17,0.06227730245336648,"[-0.40, 0.50]",0.8000544421793954,0.9840896993583559,False
Alpha-enolase,Lactic acid,time1,20,17,0.09482619046971259,"[-0.38, 0.53]",0.6993864869655617,0.9648380336571762,False
Immunoglobulin heavy constant gamma 1,Lactic acid,time1,20,17,0.17086699631498478,"[-0.31, 0.58]",0.484302762921607,0.9447457823105017,False
Collectin-10,Lactic acid,time1,20,17,-0.18668415636844526,"[-0.59, 0.29]",0.4441174485466389,0.9361498868301301,False
Lysosome-associated membrane glycoprotein 1,Lactic acid,time1,20,17,-0.3108456528462776,"[-0.67, 0.17]",0.19520542664067883,0.8870022643261535,False
Cathelicidin antimicrobial peptide,Lactic acid,time1,20,17,-0.2787703236563955,"[-0.65, 0.20]",0.24779150098418878,0.8990452411786246,False
Fibroblast growth factor-binding protein 2,Lactic acid,time1,20,17,-0.4617568944101559,"[-0.76, -0.01]",0.046566052336866344,0.780717100347183,False
Lymphatic vessel endothelial hyaluronic acid receptor 1,Lactic acid,time1,20,17,-0.6843361747653469,"[-0.87, -0.33]",0.001230196087683032,0.5177587784035962,False
Haptoglobin,Lactic acid,time1,20,17,0.030783166867960645,"[-0.43, 0.48]",0.9004441834818512,0.997559861248858,False
Tenascin-X,Lactic acid,time1,20,17,-0.6294279328685263,"[-0.84, -0.25]",0.003881890547059362,0.7385516510769441,False
Zinc finger protein 512B,Lactic acid,time1,20,17,0.15470308815050665,"[-0.32, 0.57]",0.527138271513353,0.9529295397056773,False
Immunoglobulin lambda variable 3-19,Lactic acid,time1,20,17,0.08292050917589319,"[-0.39, 0.52]",0.7357505063806984,0.972494791298199,False
Complement C1q subcomponent subunit B,Lactic acid,time1,20,17,-0.11650022476021721,"[-0.54, 0.36]",0.634814980654561,0.9621706909906743,False
Ubiquitin-ribosomal protein eS31 fusion protein,Lactic acid,time1,20,17,-0.36797180320564526,"[-0.70, 0.10]",0.12113385213447982,0.8313974029708804,False
Kinesin-like protein KIF21A,Lactic acid,time1,20,17,-0.2346290522034251,"[-0.62, 0.25]",0.3336034623611147,0.9236478900056884,False
Attractin,Lactic acid,time1,20,17,-0.47221690494911833,"[-0.76, -0.02]",0.04120630611729579,0.780717100347183,False
Immunoglobulin lambda variable 1-44,Lactic acid,time1,20,17,-0.1682905409174818,"[-0.58, 0.31]",0.49101337903802333,0.9484876312761863,False
Immunoglobulin heavy variable 1-46,Lactic acid,time1,20,17,-0.06868284802700116,"[-0.51, 0.40]",0.7799481815198116,0.9792734583116876,False
Fibulin-1,Lactic acid,time1,20,17,-0.50315002368276,"[-0.78, -0.06]",0.028096029221169213,0.780717100347183,False
Secreted phosphoprotein 24,Lactic acid,time1,20,17,0.4321705793231909,"[-0.03, 0.74]",0.06462209733243508,0.7845863525077257,False
Scavenger receptor class B member 1,Lactic acid,time1,20,17,-0.12950307309769674,"[-0.55, 0.34]",0.5972202919014602,0.961962834437533,False
Immunoglobulin lambda variable 2-18,Lactic acid,time1,20,17,0.2837890513713823,"[-0.20, 0.65]",0.23902341175442585,0.8982115991698657,False
Collagen alpha-2(VI) chain,Lactic acid,time1,20,17,-0.5569890856455593,"[-0.81, -0.14]",0.013240061169166602,0.7677137594604839,False
Adiponectin,Lactic acid,time1,20,17,0.2732300915301805,"[-0.21, 0.65]",0.25770504677832223,0.905784054510989,False
Nidogen-1,Lactic acid,time1,20,17,-0.2514196849878868,"[-0.63, 0.23]",0.29912521637216094,0.9210375889575363,False
Alpha-1-antitrypsin,Lactic acid,time1,20,17,-0.11417505449783848,"[-0.54, 0.36]",0.6416323112319129,0.9621706909906743,False
"Sushi, von Willebrand factor type A, EGF and pentraxin domain-containing protein 1",Lactic acid,time1,20,17,0.19912720155438052,"[-0.28, 0.60]",0.41376704644445506,0.9324135167651676,False
Complement C1s subcomponent,Lactic acid,time1,20,17,-0.35537480354281364,"[-0.70, 0.12]",0.1354052164465828,0.8499184771125022,False
Alpha-actinin-4,Lactic acid,time1,20,17,-0.24905018968906104,"[-0.63, 0.23]",0.30385469613838373,0.9236478900056884,False
Complement component C1q receptor,Lactic acid,time1,20,17,-0.40735094241541375,"[-0.73, 0.06]",0.08344146336767812,0.8154186244354011,False
Inter-alpha-trypsin inhibitor heavy chain H3,Lactic acid,time1,20,17,-0.2884701543257936,"[-0.66, 0.19]",0.23102669824891642,0.8982115991698657,False
Immunoglobulin kappa variable 1D-8,Lactic acid,time1,20,17,-0.06373774171964625,"[-0.50, 0.40]",0.795459206686355,0.9836599029006693,False
Low-density lipoprotein receptor,Lactic acid,time1,20,17,-0.08080233540171931,"[-0.52, 0.39]",0.7422794212007768,0.9728363041843875,False
Prolactin-inducible protein,Lactic acid,time1,20,17,-0.24913599684842885,"[-0.63, 0.23]",0.3036826433063519,0.9236478900056884,False
Hyaluronan-binding protein 2,Lactic acid,time1,20,17,0.1458718719700325,"[-0.33, 0.56]",0.5512581406623489,0.9568680316140749,False
N-acetylmuramoyl-L-alanine amidase,Lactic acid,time1,20,17,-0.1661058460229866,"[-0.58, 0.31]",0.49673894543854313,0.949643311856458,False
Serpin A11,Lactic acid,time1,20,17,-0.39104924272305525,"[-0.72, 0.08]",0.09781993168185474,0.8179364288014818,False
C4b-binding protein alpha chain,Lactic acid,time1,20,17,-0.24482432356874884,"[-0.63, 0.24]",0.3124007310187835,0.9236478900056884,False
Inter-alpha-trypsin inhibitor heavy chain H2,Lactic acid,time1,20,17,0.11068460103990174,"[-0.36, 0.54]",0.6519178133143386,0.9627206746105794,False
Fibrillin-1,Lactic acid,time1,20,17,0.24437021955420954,"[-0.24, 0.63]",0.3133275443893978,0.9236478900056884,False
Golgi-associated RAB2 interactor protein 1B,Lactic acid,time1,20,17,-0.07604021581477055,"[-0.51, 0.39]",0.7570189216041346,0.9745063647413549,False
Neurogenic locus notch homolog protein 3,Lactic acid,time1,20,17,-0.3857241938406592,"[-0.71, 0.08]",0.10288426358626418,0.8271261596889837,False
Immunoglobulin heavy constant alpha 1,Lactic acid,time1,20,17,0.021384263402593286,"[-0.44, 0.47]",0.930756427229601,0.9989122224583239,False
Apolipoprotein C-III,Lactic acid,time1,20,17,-0.08337795718894447,"[-0.52, 0.39]",0.7343427570848692,0.9721798169318988,False
Glutathione peroxidase 3,Lactic acid,time1,20,17,0.10153033089862383,"[-0.37, 0.53]",0.6791765286383232,0.9648380336571762,False
Contactin-1,Lactic acid,time1,20,17,-0.12426741073985216,"[-0.55, 0.35]",0.6122475531655984,0.9621706909906743,False
Stomatin,Lactic acid,time1,20,17,-0.2224461602136841,"[-0.61, 0.26]",0.36001501675772973,0.9285871908420641,False
Immunoglobulin heavy variable 3-13,Lactic acid,time1,20,17,-0.068753839876934,"[-0.51, 0.40]",0.779726069356717,0.9792734583116876,False
Immunoglobulin heavy variable 1-69-2,Lactic acid,time1,20,17,-0.03923294647574356,"[-0.48, 0.42]",0.8733039594488909,0.9957221930646,False
Apolipoprotein E,Lactic acid,time1,20,17,0.1847896135564505,"[-0.29, 0.59]",0.4488373570591029,0.9361498868301301,False
Mucosal addressin cell adhesion molecule 1,Lactic acid,time1,20,17,-0.6280285555264177,"[-0.84, -0.24]",0.0039861887875557835,0.7385516510769441,False
Protein S100-A11,Lactic acid,time1,20,17,-0.18568322416879693,"[-0.59, 0.29]",0.44660787401608637,0.9361498868301301,False
Complement factor H-related protein 4,Lactic acid,time1,20,17,0.06427485752065466,"[-0.40, 0.50]",0.793770797140617,0.9831253536775639,False
Immunoglobulin kappa variable 1D-16,Lactic acid,time1,20,17,0.0756290189352341,"[-0.39, 0.51]",0.7582954937339326,0.9745063647413549,False
Immunoglobulin lambda variable 1-47,Lactic acid,time1,20,17,-0.02854249339392237,"[-0.48, 0.43]",0.9076601000887459,0.997559861248858,False
Fructose-bisphosphate aldolase A,Lactic acid,time1,20,17,-0.5782924959958561,"[-0.82, -0.17]",0.009495891607606426,0.7385516510769441,False
Thrombospondin-1,Lactic acid,time1,20,17,0.15515141955686845,"[-0.32, 0.57]",0.5259269872516685,0.9529295397056773,False
Aminopeptidase N,Lactic acid,time1,20,17,-0.022783771296475682,"[-0.47, 0.44]",0.9262361258629553,0.9988920085410217,False
Apolipoprotein M,Lactic acid,time1,20,17,-0.029154298794382267,"[-0.48, 0.43]",0.9056891172762376,0.997559861248858,False
Immunoglobulin heavy variable 3-43,Lactic acid,time1,20,17,-0.26795943605093087,"[-0.64, 0.21]",0.2673647968618177,0.9158755914645343,False
Cysteine-rich secretory protein 3,Lactic acid,time1,20,17,0.09820018877164491,"[-0.37, 0.53]",0.6891902198256936,0.9648380336571762,False
Complement component C8 alpha chain,Lactic acid,time1,20,17,0.29895236774791617,"[-0.18, 0.66]",0.21375284497543745,0.8982115991698657,False
Immunoglobulin heavy variable 2-70D,Lactic acid,time1,20,17,-0.06621627338279797,"[-0.51, 0.40]",0.7876753772454217,0.9809449094133241,False
Immunoglobulin heavy variable 3-23,Lactic acid,time1,20,17,-0.051635541318711335,"[-0.49, 0.41]",0.8337196893767926,0.9906439255230137,False
Plasma kallikrein,Lactic acid,time1,20,17,0.14937727530576808,"[-0.33, 0.57]",0.5416254463550638,0.9550458416046101,False
Galectin-7,Lactic acid,time1,20,17,-0.11531968095713088,"[-0.54, 0.36]",0.6382728269999636,0.9621706909906743,False
Extracellular superoxide dismutase [Cu-Zn],Lactic acid,time1,20,17,-0.17840082787161277,"[-0.59, 0.30]",0.46494270337360066,0.9399490057022261,False
Immunoglobulin heavy variable 1-8,Lactic acid,time1,20,17,-0.1751191785110645,"[-0.58, 0.30]",0.4733272510369291,0.9413399766352809,False
Cystatin-C,Lactic acid,time1,20,17,-0.19386321570160917,"[-0.60, 0.29]",0.4264680559552033,0.9325197868425932,False
Immunoglobulin lambda-like polypeptide 1,Lactic acid,time1,20,17,-0.10803979658810617,"[-0.54, 0.36]",0.659751787006167,0.9630236411946936,False
Inhibin beta C chain,Lactic acid,time1,20,17,0.3929696705605288,"[-0.07, 0.72]",0.09603868657798985,0.8179364288014818,False
Mannose-binding protein C,Lactic acid,time1,20,17,-0.3454392872512798,"[-0.69, 0.13]",0.1474636803286859,0.8564170936386176,False
IgGFc-binding protein,Lactic acid,time1,20,17,-0.44015617606783103,"[-0.75, 0.02]",0.05930332682891091,0.780717100347183,False
Macrophage mannose receptor 1,Lactic acid,time1,20,17,0.14188383510714767,"[-0.33, 0.56]",0.562309172995598,0.9574313225752206,False
Aromatase,Lactic acid,time1,20,17,0.20160394038227805,"[-0.28, 0.60]",0.40786233685928486,0.9318821411825824,False
Cadherin-5,Lactic acid,time1,20,17,0.06339845819057655,"[-0.40, 0.50]",0.7965261848304523,0.9836599029006693,False
Immunoglobulin kappa variable 1-8,Lactic acid,time1,20,17,-0.021443992416901942,"[-0.47, 0.44]",0.9305634647507962,0.9989122224583239,False
Retinol-binding protein 4,Lactic acid,time1,20,17,0.08170731775287791,"[-0.39, 0.52]",0.7394878745851007,0.9728363041843875,False
Complement component C8 beta chain,Lactic acid,time1,20,17,0.1197668189602108,"[-0.35, 0.54]",0.6252848673681846,0.9621706909906743,False
Tumor necrosis factor receptor superfamily member 1B,Lactic acid,time1,20,17,-0.4220188267707764,"[-0.74, 0.04]",0.07188992766265244,0.7963212415647299,False
Formin-2,Lactic acid,time1,20,17,-0.20779760982566545,"[-0.60, 0.27]",0.3932977570996211,0.931256717265325,False
Scavenger receptor cysteine-rich domain-containing protein DMBT1,Lactic acid,time1,20,17,-0.03440077156069406,"[-0.48, 0.43]",0.8888099615647169,0.997559861248858,False
Apolipoprotein L1,Lactic acid,time1,20,17,-0.23288871533610353,"[-0.62, 0.25]",0.33730500451905543,0.9244655679411149,False
Leucine-rich alpha-2-glycoprotein,Lactic acid,time1,20,17,0.23098701694556287,"[-0.25, 0.62]",0.34137704012374226,0.926595760949047,False
Immunoglobulin heavy variable 1-2,Lactic acid,time1,20,17,-0.18681059647638867,"[-0.59, 0.29]",0.44380336548777133,0.9361498868301301,False
Ras-related protein Rab-10,Lactic acid,time1,20,17,-0.08853251454284597,"[-0.52, 0.38]",0.7185371297921296,0.9657037285349999,False
Immunoglobulin heavy variable 1-24,Lactic acid,time1,20,17,-0.17840082787161277,"[-0.59, 0.30]",0.46494270337360066,0.9399490057022261,False
Annexin A3,Lactic acid,time1,20,17,-0.26082334731876217,"[-0.64, 0.22]",0.2807987523795536,0.9170614304794888,False
Hemoglobin subunit beta,Lactic acid,time1,20,17,-0.11002755998428605,"[-0.54, 0.36]",0.6538607676312194,0.9627206746105794,False
Immunoglobulin lambda variable 4-69,Lactic acid,time1,20,17,-0.5545340629713597,"[-0.81, -0.13]",0.013738419950100916,0.7677137594604839,False
Elongation factor 2,Lactic acid,time1,20,17,-0.1842680542584138,"[-0.59, 0.29]",0.45014125021477946,0.9361498868301301,False
Multiple inositol polyphosphate phosphatase 1,Lactic acid,time1,20,17,0.4707637117179626,"[0.02, 0.76]",0.041921106189854764,0.780717100347183,False
Collagen alpha-1(VI) chain,Lactic acid,time1,20,17,-0.25421148518990233,"[-0.64, 0.23]",0.2936104422734407,0.9187605568166123,False
Hepatocyte growth factor activator,Lactic acid,time1,20,17,-0.14724267766402627,"[-0.56, 0.33]",0.5474821314378018,0.9551466476013153,False
Fibrinogen beta chain,Lactic acid,time1,20,17,-0.1425147258675237,"[-0.56, 0.33]",0.5605544936810828,0.9574313225752206,False
Hemicentin-1,Lactic acid,time1,20,17,-0.49801059876131704,"[-0.78, -0.06]",0.030011011792684318,0.780717100347183,False
C-type mannose receptor 2,Lactic acid,time1,20,17,-0.583609822576124,"[-0.82, -0.18]",0.008709908525053477,0.7385516510769441,False
Platelet glycoprotein Ib beta chain,Lactic acid,time1,20,17,0.34697606987516966,"[-0.13, 0.69]",0.14555147906093185,0.8558309360858758,False
Complement C2,Lactic acid,time1,20,17,0.00403317841435867,"[-0.45, 0.46]",0.9869259157304053,0.9989122224583239,False
Annexin A2,Lactic acid,time1,20,17,-0.050288670054167664,"[-0.49, 0.41]",0.838001591131047,0.9906439255230137,False
Protein disulfide-isomerase A3,Lactic acid,time1,20,17,-0.14601679285487396,"[-0.56, 0.33]",0.5508583936467779,0.9568680316140749,False
Dipeptidyl peptidase 4,Lactic acid,time1,20,17,-0.5445165380140049,"[-0.80, -0.12]",0.015929914568990556,0.7725125015513618,False
Proteasome subunit alpha type-4,Lactic acid,time1,20,17,-0.23692774026177132,"[-0.62, 0.24]",0.3287510186178727,0.9236478900056884,False
Coagulation factor XI,Lactic acid,time1,20,17,0.5142978648798976,"[0.08, 0.79]",0.024270877541139543,0.780717100347183,False
Collectin-11,Lactic acid,time1,20,17,-0.2239094765343291,"[-0.62, 0.26]",0.35678128762198724,0.9284484596582698,False
High mobility group protein B1,Lactic acid,time1,20,17,0.21027080037448423,"[-0.27, 0.61]",0.38756305898869936,0.931256717265325,False
Immunoglobulin lambda variable 3-16,Lactic acid,time1,20,17,0.04647864761116039,"[-0.42, 0.49]",0.8501374695660195,0.9913118129969828,False
Prothrombin,Lactic acid,time1,20,17,-0.07927896887536594,"[-0.51, 0.39]",0.7469854098742252,0.9738797723547303,False
Immunoglobulin kappa joining 1,Lactic acid,time1,20,17,-0.5993087321285056,"[-0.83, -0.20]",0.006691547101832131,0.7385516510769441,False
Immunoglobulin heavy variable 3-7,Lactic acid,time1,20,17,0.08096742339381799,"[-0.39, 0.52]",0.741769952946179,0.9728363041843875,False
Immunoglobulin heavy variable 3-74,Lactic acid,time1,20,17,0.006010472743671244,"[-0.45, 0.46]",0.9805172204409205,0.9989122224583239,False
Ezrin,Lactic acid,time1,20,17,0.029561422563471135,"[-0.43, 0.48]",0.9043778253891646,0.997559861248858,False
Intercellular adhesion molecule 2,Lactic acid,time1,20,17,-0.47851163324064194,"[-0.77, -0.03]",0.038217651125122556,0.780717100347183,False
Lysozyme C,Lactic acid,time1,20,17,0.27766069151239386,"[-0.20, 0.65]",0.24975733926269672,0.9009574466564348,False
Protein AMBP,Lactic acid,time1,20,17,-0.21913384086971133,"[-0.61, 0.26]",0.3673962472303983,0.9285871908420641,False
Prolyl endopeptidase FAP,Lactic acid,time1,20,17,-0.36536410705806616,"[-0.70, 0.11]",0.12399637669546472,0.8357856243390673,False
"Actin, cytoplasmic 2",Lactic acid,time1,20,17,-0.10803979658810617,"[-0.54, 0.36]",0.659751787006167,0.9630236411946936,False
Kallistatin,Lactic acid,time1,20,17,0.10276850566567967,"[-0.37, 0.53]",0.6754663298947658,0.9648380336571762,False
Hemopexin,Lactic acid,time1,20,17,-0.3217504928288927,"[-0.68, 0.16]",0.17917021713653114,0.8733740923033797,False
C4b-binding protein beta chain,Lactic acid,time1,20,17,-0.514930993440159,"[-0.79, -0.08]",0.024066613888204084,0.780717100347183,False
Peptidyl-prolyl cis-trans isomerase A,Lactic acid,time1,20,17,-0.37181731275306834,"[-0.71, 0.10]",0.1169986845533285,0.8291287868992757,False
Complement C1r subcomponent-like protein,Lactic acid,time1,20,17,-0.2531755470275362,"[-0.63, 0.23]",0.29564950114543387,0.9197855145380048,False
Immunoglobulin heavy variable 3-30;Immunoglobulin heavy variable 3-30-5,Lactic acid,time1,20,17,0.03505962746331182,"[-0.43, 0.48]",0.8866933524674026,0.9964941648056557,False
Immunoglobulin lambda variable 3-9,Lactic acid,time1,20,17,-0.09288308887199599,"[-0.52, 0.38]",0.7052811262436285,0.9656789320774398,False
Immunoglobulin heavy variable 1-45,Lactic acid,time1,20,17,0.3653352494278754,"[-0.11, 0.70]",0.12402832002245781,0.8357856243390673,False
Hemoglobin subunit gamma-1,Lactic acid,time1,20,17,0.18424082324996327,"[-0.29, 0.59]",0.4502093809829192,0.9361498868301301,False
Apolipoprotein F,Lactic acid,time1,20,17,-0.10568591157915559,"[-0.53, 0.37]",0.6667527083031779,0.9648380336571762,False
Immunoglobulin gamma-1 heavy chain,Lactic acid,time1,20,17,-0.06015696971292478,"[-0.50, 0.41]",0.8067371876368616,0.9840896993583559,False
Low affinity immunoglobulin gamma Fc region receptor III-B,Lactic acid,time1,20,17,-0.4498443236067299,"[-0.75, 0.01]",0.053301302241477604,0.780717100347183,False
Multiple epidermal growth factor-like domains protein 8,Lactic acid,time1,20,17,-0.026545214842175063,"[-0.48, 0.43]",0.9140980413153185,0.9985551599450393,False
Complement C4-B,Lactic acid,time1,20,17,0.1584863701832173,"[-0.32, 0.57]",0.5169575410306424,0.9529295397056773,False
Glyceraldehyde-3-phosphate dehydrogenase,Lactic acid,time1,20,17,-0.02722346985429822,"[-0.48, 0.43]",0.9119111895893629,0.9983433507876395,False
Complement C1r subcomponent,Lactic acid,time1,20,17,-0.24171141416089276,"[-0.63, 0.24]",0.31878702803417036,0.9236478900056884,False
Sex hormone-binding globulin,Lactic acid,time1,20,17,-0.019401707424816086,"[-0.47, 0.44]",0.9371633727930371,0.9989122224583239,False
Biotinidase,Lactic acid,time1,20,17,0.0663942171127968,"[-0.40, 0.51]",0.7871172764095294,0.9809449094133241,False
Cholinesterase,Lactic acid,time1,20,17,-0.4862808180123701,"[-0.77, -0.04]",0.03476277247844562,0.780717100347183,False
Immunoglobulin heavy variable 2-5,Lactic acid,time1,20,17,-0.2287086818744859,"[-0.62, 0.25]",0.3462929971992028,0.926595760949047,False
Immunoglobulin lambda variable 1-36,Lactic acid,time1,20,17,-0.22761531234073976,"[-0.62, 0.25]",0.34866662147219674,0.926595760949047,False
Immunoglobulin kappa variable 3-11,Lactic acid,time1,20,17,-0.4246802734168555,"[-0.74, 0.04]",0.06992844214837868,0.7930690624914206,False
Immunoglobulin kappa variable 6-21,Lactic acid,time1,20,17,0.4230578331142333,"[-0.04, 0.74]",0.07111937219797873,0.7963212415647299,False
Immunoglobulin kappa light chain,Lactic acid,time1,20,17,-0.1986154342594217,"[-0.60, 0.28]",0.4149928344907424,0.9324135167651676,False
Neuropilin-1,Lactic acid,time1,20,17,-0.12489531553925906,"[-0.55, 0.35]",0.6104373586340094,0.9621706909906743,False
Ficolin-2,Lactic acid,time1,20,17,-0.35634934075206187,"[-0.70, 0.12]",0.13426092125065509,0.8489324354008556,False
Gamma-glutamyl hydrolase,Lactic acid,time1,20,17,-0.07625839727717514,"[-0.51, 0.39]",0.7563418154862448,0.9745063647413549,False
Keratinocyte proline-rich protein,Lactic acid,time1,20,17,0.1146809204675588,"[-0.36, 0.54]",0.640146765208917,0.9621706909906743,False
Kyphoscoliosis peptidase,Lactic acid,time1,20,17,-0.10514934754910596,"[-0.53, 0.37]",0.6683522788848517,0.9648380336571762,False
Laminin subunit alpha-2,Lactic acid,time1,20,17,-0.27020651525915484,"[-0.65, 0.21]",0.2632192137385312,0.9122457279244144,False
Desmoglein-1,Lactic acid,time1,20,17,-0.2832731751812261,"[-0.65, 0.20]",0.2399153915602892,0.8982115991698657,False
Immunoglobulin lambda variable 3-27,Lactic acid,time1,20,17,0.10396965772252705,"[-0.37, 0.53]",0.6718739019997031,0.9648380336571762,False
Myosin-9,Lactic acid,time1,20,17,-0.32275849084498576,"[-0.68, 0.15]",0.17773438363551128,0.8712701987397574,False
Versican core protein,Lactic acid,time1,20,17,-0.48715565522715093,"[-0.77, -0.04]",0.03438944207936738,0.780717100347183,False
Proteasome subunit beta type-3,Lactic acid,time1,20,17,-0.35865029303633505,"[-0.70, 0.11]",0.13158613934731442,0.847666490299985,False
Alpha-N-acetylglucosaminidase,Lactic acid,time1,20,17,0.0036830662741236856,"[-0.45, 0.46]",0.9880607701660735,0.9989122224583239,False
Caspase-14,Lactic acid,time1,20,17,-0.07856472860853655,"[-0.51, 0.39]",0.7491948092304855,0.9738797723547303,False
Histidine-rich glycoprotein,Lactic acid,time1,20,17,0.42105108920170975,"[-0.04, 0.73]",0.07261319630885434,0.7963212415647299,False
"ATP synthase subunit alpha, mitochondrial",Lactic acid,time1,20,17,-0.3519097604845039,"[-0.70, 0.12]",0.1395292265153347,0.855728425641406,False
Immunoglobulin kappa constant,Lactic acid,time1,20,17,-0.21967273269616847,"[-0.61, 0.26]",0.36618957679608255,0.9285871908420641,False
Interleukin-1 receptor accessory protein,Lactic acid,time1,20,17,0.17169394094256202,"[-0.31, 0.58]",0.48215853281469456,0.9447457823105017,False
Immunoglobulin lambda variable 9-49,Lactic acid,time1,20,17,-0.3084630852465364,"[-0.67, 0.17]",0.19883204586367398,0.8920286454670091,False
Plexin domain-containing protein 2,Lactic acid,time1,20,17,-0.663086309456049,"[-0.86, -0.30]",0.0019714260529737427,0.6987148968802728,False
Immunoglobulin heavy variable 4-28,Lactic acid,time1,20,17,-0.17262835681416994,"[-0.58, 0.31]",0.47974129144512234,0.9441315029090682,False
Desmoplakin,Lactic acid,time1,20,17,-0.12516421790642143,"[-0.55, 0.35]",0.6096627973140973,0.9621706909906743,False
Endoplasmin,Lactic acid,time1,20,17,-0.053431943373248254,"[-0.50, 0.41]",0.8280156495277603,0.9902234995263719,False
Heparin cofactor 2,Lactic acid,time1,20,17,-0.32870076130456716,"[-0.68, 0.15]",0.1694280850119608,0.867816664987516,False
Laminin subunit gamma-1,Lactic acid,time1,20,17,-0.08130983704700577,"[-0.52, 0.39]",0.7407135784856281,0.9728363041843875,False
Polymeric immunoglobulin receptor,Lactic acid,time1,20,17,-0.4389283365999454,"[-0.74, 0.02]",0.06009889766732893,0.780717100347183,False
Serum amyloid A-4 protein,Lactic acid,time1,20,17,-0.21125374089852686,"[-0.61, 0.27]",0.38529680270981825,0.931256717265325,False
Catalase,Lactic acid,time1,20,17,-0.3584812797242049,"[-0.70, 0.11]",0.13178132522223746,0.847666490299985,False
Complement receptor type 1,Lactic acid,time1,20,17,0.2389235727357211,"[-0.24, 0.63]",0.3245718044870599,0.9236478900056884,False
Immunoglobulin kappa variable 1-27,Lactic acid,time1,20,17,-0.1675801299145753,"[-0.58, 0.31]",0.49287165486321116,0.9488299676442298,False
Immunoglobulin kappa variable 2-30,Lactic acid,time1,20,17,0.1341083476776573,"[-0.34, 0.55]",0.5841300230149113,0.9599322538236903,False
Protein-glutamine gamma-glutamyltransferase E,Lactic acid,time1,20,17,-0.3782279560763976,"[-0.71, 0.09]",0.11033055884590116,0.8290414311110669,False
Periostin,Lactic acid,time1,20,17,0.019220800869425528,"[-0.44, 0.47]",0.9377481909969725,0.9989122224583239,False
Albumin,Lactic acid,time1,20,17,-0.07367139863985496,"[-0.51, 0.39]",0.764381143237873,0.9745063647413549,False
Complement factor B,Lactic acid,time1,20,17,0.42606610760878205,"[-0.03, 0.74]",0.06892301062422458,0.790026811486121,False
Probable non-functional immunoglobulinn kappa variable 1-37;Probable non-functional immunoglobulinn kappa variable 1D-37,Lactic acid,time1,20,17,0.27185572267418956,"[-0.21, 0.65]",0.26020242008773176,0.908120932246165,False
Immunoglobulin lambda variable 8-61,Lactic acid,time1,20,17,-0.47660857114859373,"[-0.77, -0.03]",0.039102969071907065,0.780717100347183,False
Annexin A1,Lactic acid,time1,20,17,-0.020579008873925126,"[-0.47, 0.44]",0.9333582653593235,0.9989122224583239,False
CD5 antigen-like,Lactic acid,time1,20,17,-0.05741388025713575,"[-0.50, 0.41]",0.8154016975998678,0.9866265618169168,False
RB-associated KRAB zinc finger protein,Lactic acid,time1,20,17,-0.3457235372489798,"[-0.69, 0.13]",0.1471086838569192,0.8564170936386176,False
Immunoglobulin lambda variable 7-46,Lactic acid,time1,20,17,-0.3280641121927739,"[-0.68, 0.15]",0.17030512720470517,0.867816664987516,False
Basement membrane-specific heparan sulfate proteoglycan core protein,Lactic acid,time1,20,17,-0.11543451425114326,"[-0.54, 0.36]",0.6379361615200088,0.9621706909906743,False
Vitamin K-dependent protein C,Lactic acid,time1,20,17,0.11747183102447424,"[-0.36, 0.54]",0.6319745350839121,0.9621706909906743,False
Immunoglobulin lambda variable 1-40,Lactic acid,time1,20,17,-0.014516471992577695,"[-0.47, 0.44]",0.9529657930208257,0.9989122224583239,False
Pantetheinase,Lactic acid,time1,20,17,0.36050410134497346,"[-0.11, 0.70]",0.12945860162104386,0.847666490299985,False
Neutrophil defensin 1;Neutrophil defensin 3,Lactic acid,time1,20,17,-0.022242000525423397,"[-0.47, 0.44]",0.9279857538968006,0.9989122224583239,False
Immunoglobulin lambda variable 2-8,Lactic acid,time1,20,17,0.33440935749941386,"[-0.14, 0.68]",0.1617012325425726,0.867816664987516,False
Immunoglobulin heavy variable 1-18,Lactic acid,time1,20,17,-0.5212629082542654,"[-0.79, -0.09]",0.022097292892382242,0.780717100347183,False
Immunoglobulin kappa variable 3D-15,Lactic acid,time1,20,17,-0.43881751326348456,"[-0.74, 0.02]",0.06017109817050608,0.780717100347183,False
Extracellular matrix protein 1,Lactic acid,time1,20,17,0.14220134880515756,"[-0.33, 0.56]",0.5614257795474443,0.9574313225752206,False
Tubulin alpha-1B chain,Lactic acid,time1,20,17,-0.2263233579441979,"[-0.62, 0.25]",0.3514834264639223,0.9273537283887798,False
Immunoglobulin lambda variable 5-45,Lactic acid,time1,20,17,-0.15759632522262867,"[-0.57, 0.32]",0.5193442778503827,0.9529295397056773,False
Alpha-2-HS-glycoprotein,Lactic acid,time1,20,17,-0.3256712140113384,"[-0.68, 0.15]",0.17362917435431696,0.867816664987516,False
Cartilage acidic protein 1,Lactic acid,time1,20,17,0.3013684698579482,"[-0.18, 0.66]",0.2098948371296231,0.8980339270305654,False
Coagulation factor IX,Lactic acid,time1,20,17,-0.4814952125390504,"[-0.77, -0.03]",0.03686089370125614,0.780717100347183,False
Integrin alpha-2,Lactic acid,time1,20,17,0.10903450760467549,"[-0.36, 0.54]",0.6568013967507471,0.9630236411946936,False
"Mannosyl-oligosaccharide 1,2-alpha-mannosidase IA",Lactic acid,time1,20,17,-0.29837495118274643,"[-0.66, 0.18]",0.21468169052283595,0.8982115991698657,False
Endophilin-A3,Lactic acid,time1,20,17,0.4892037649419381,"[0.04, 0.77]",0.03352758373416622,0.780717100347183,False
Collagen alpha-1(I) chain,Lactic acid,time1,20,17,-0.45417151867261085,"[-0.75, 0.00]",0.050774464167145685,0.780717100347183,False
Carboxypeptidase N subunit 2,Lactic acid,time1,20,17,-0.4728895723250462,"[-0.76, -0.02]",0.04087862262095452,0.780717100347183,False
Scavenger receptor cysteine-rich type 1 protein M130,Lactic acid,time1,20,17,-0.060363514333745955,"[-0.50, 0.40]",0.8060856403121028,0.9840896993583559,False
Annexin A5,Lactic acid,time1,20,17,-0.0035939737967668416,"[-0.46, 0.45]",0.9883495583488877,0.9989122224583239,False
Platelet factor 4,Lactic acid,time1,20,17,0.03723633241311788,"[-0.42, 0.48]",0.8797058672070527,0.995958470840817,False
Immunoglobulin heavy variable 3-72,Lactic acid,time1,20,17,-0.38008805783810024,"[-0.71, 0.09]",0.10844785144531126,0.8290414311110669,False
Protein HEG homolog 1,Lactic acid,time1,20,17,-0.2278235863563957,"[-0.62, 0.25]",0.34821375168830104,0.926595760949047,False
Sulfhydryl oxidase 1,Lactic acid,time1,20,17,0.19979613181591938,"[-0.28, 0.60]",0.4121677606325097,0.9324135167651676,False
Corticosteroid-binding globulin,Lactic acid,time1,20,17,-0.20761542243034245,"[-0.60, 0.27]",0.39372204049154347,0.931256717265325,False
Angiopoietin-related protein 6,Lactic acid,time1,20,17,-0.3183794611915026,"[-0.67, 0.16]",0.18402887595546333,0.878412326765734,False
72 kDa type IV collagenase,Lactic acid,time1,20,17,0.36492155943717164,"[-0.11, 0.70]",0.1244868862584872,0.8369454495993133,False
Trypsin-3,Lactic acid,time1,20,17,0.20620148840387556,"[-0.27, 0.60]",0.3970233997519136,0.931256717265325,False
Complement component C9,Lactic acid,time1,20,17,-0.1283058602362177,"[-0.55, 0.35]",0.6006430397679932,0.9621706909906743,False
Pyruvate kinase PKM,Lactic acid,time1,20,17,-0.4347541150826723,"[-0.74, 0.02]",0.06286371432557636,0.7845863525077257,False
Immunoglobulin heavy variable 4-34,Lactic acid,time1,20,17,-0.5443721737764451,"[-0.80, -0.12]",0.015963418355783753,0.7725125015513618,False
Immunoglobulin kappa variable 6D-21,Lactic acid,time1,20,17,-0.3655132671024042,"[-0.70, 0.11]",0.12383136015516145,0.8357856243390673,False
Immunoglobulin lambda-1 light chain,Lactic acid,time1,20,17,0.12131100290775351,"[-0.35, 0.55]",0.6207994093683952,0.9621706909906743,False
Transforming growth factor-beta-induced protein ig-h3,Lactic acid,time1,20,17,0.13824087310443478,"[-0.34, 0.56]",0.5724880573568943,0.95768595905392,False
Complement C1q subcomponent subunit A,Lactic acid,time1,20,17,-0.10237998135704232,"[-0.53, 0.37]",0.676629779196738,0.9648380336571762,False
Prolow-density lipoprotein receptor-related protein 1,Lactic acid,time1,20,17,-0.4784637914293599,"[-0.77, -0.03]",0.038239716235805195,0.780717100347183,False
Immunoglobulin heavy constant mu,Lactic acid,time1,20,17,-0.11807832400562468,"[-0.54, 0.36]",0.6302039765615786,0.9621706909906743,False
UV-stimulated scaffold protein A,Lactic acid,time1,20,17,0.04656539962767586,"[-0.42, 0.49]",0.8498607729350454,0.991249088174675,False
Complement component C6,Lactic acid,time1,20,17,0.43933065914182373,"[-0.02, 0.74]",0.059837335728075224,0.780717100347183,False
Angiotensinogen,Lactic acid,time1,20,17,-0.37446229583146495,"[-0.71, 0.10]",0.11421354015620705,0.8290414311110669,False
Pregnancy zone protein,Lactic acid,time1,20,17,0.02136815957968869,"[-0.44, 0.47]",0.9308084533924026,0.9989122224583239,False
Histone H2A type 1-B/E;Histone H2A type 3;Histone H2A type 1-C,Lactic acid,time1,20,17,0.18231475266060546,"[-0.30, 0.59]",0.4550417626678074,0.9362868049217405,False
Desmocollin-1,Lactic acid,time1,20,17,-0.2530471169306892,"[-0.63, 0.23]",0.2959028913215699,0.9197855145380048,False
Protein Z-dependent protease inhibitor,Lactic acid,time1,20,17,-0.2917063730362691,"[-0.66, 0.19]",0.2256004666314238,0.8982115991698657,False
Immunoglobulin kappa variable 1-17,Lactic acid,time1,20,17,0.4401102399371462,"[-0.02, 0.75]",0.059332947249374456,0.780717100347183,False
Fibronectin,Lactic acid,time1,20,17,-0.04283862307556105,"[-0.49, 0.42]",0.8617621136487021,0.9941217641720209,False
Probable non-functional immunoglobulin heavy variable 3-38,Lactic acid,time1,20,17,-0.15026181859177676,"[-0.57, 0.33]",0.5392068885739447,0.954665480182609,False
Nucleoside diphosphate kinase 3,Lactic acid,time1,20,17,-0.07985121574989414,"[-0.52, 0.39]",0.7452166079143729,0.9738797723547303,False
Plasma protease C1 inhibitor,Lactic acid,time1,20,17,-0.39066408702926164,"[-0.72, 0.08]",0.09818003899283838,0.8182479982398189,False
Immunoglobulin kappa variable 1-16,Lactic acid,time1,20,17,-0.14480505312789713,"[-0.56, 0.33]",0.5542048140132595,0.9571984418476326,False
F-actin-capping protein subunit alpha-1,Lactic acid,time1,20,17,-0.3026570576499647,"[-0.67, 0.18]",0.20785607719538246,0.8954881096270608,False
Cathepsin D,Lactic acid,time1,20,17,-0.09761052524527851,"[-0.53, 0.37]",0.6909685534836665,0.9648380336571762,False
Anthrax toxin receptor 2,Lactic acid,time1,20,17,-0.4552386534605622,"[-0.75, -0.00]",0.050165558877454844,0.780717100347183,False
Talin-1,Lactic acid,time1,20,17,-0.10817960608117315,"[-0.54, 0.36]",0.6593368094189046,0.9630236411946936,False
Protein disulfide-isomerase,Lactic acid,time1,20,17,-0.388095121412678,"[-0.72, 0.08]",0.10060656128009571,0.8241904910707597,False
Junction plakoglobin,Lactic acid,time1,20,17,-0.07805821654557317,"[-0.51, 0.39]",0.7507627667488488,0.9741110734656547,False
Tenascin,Lactic acid,time1,20,17,-0.2678124811273964,"[-0.64, 0.21]",0.26763732265494844,0.9158755914645343,False
Cadherin-related family member 5,Lactic acid,time1,20,17,0.01771979355818191,"[-0.44, 0.47]",0.9426016605872627,0.9989122224583239,False
Kininogen-1,Lactic acid,time1,20,17,0.36436325504011335,"[-0.11, 0.70]",0.12510765638298108,0.8374502565437322,False
Alpha-1-antichymotrypsin,Lactic acid,time1,20,17,0.06317542832255697,"[-0.40, 0.50]",0.7972277571283273,0.9837881100425427,False
Integrin alpha-IIb,Lactic acid,time1,20,17,0.13928687000322834,"[-0.34, 0.56]",0.5695572917937874,0.9575202748664524,False
Serum amyloid P-component,Lactic acid,time1,20,17,0.3546832069316241,"[-0.12, 0.70]",0.1362214234417727,0.8509416191622424,False
Inter-alpha-trypsin inhibitor heavy chain H1,Lactic acid,time1,20,17,-0.492358011045157,"[-0.77, -0.05]",0.032233158308112984,0.780717100347183,False
Probable non-functional immunoglobulin heavy variable 3-35,Lactic acid,time1,20,17,0.4604847801514092,"[0.01, 0.76]",0.04725255221694015,0.780717100347183,False
Immunoglobulin kappa variable 1-5,Lactic acid,time1,20,17,0.19303914987593443,"[-0.29, 0.60]",0.42847487493674286,0.9341945835044614,False
Band 3 anion transport protein,Lactic acid,time1,20,17,0.09208871060678936,"[-0.38, 0.52]",0.7076956299183348,0.9656789320774398,False
Immunoglobulin lambda variable 7-43,Lactic acid,time1,20,17,-0.3884189111268906,"[-0.72, 0.08]",0.10029835878199606,0.8236696927292213,False
Peroxiredoxin-1,Lactic acid,time1,20,17,0.04496642654285135,"[-0.42, 0.49]",0.8549633849141066,0.9928150111527771,False
Matrix metalloproteinase-9,Lactic acid,time1,20,17,0.079677681619133,"[-0.39, 0.52]",0.7457528694407332,0.9738797723547303,False
Multimerin-2,Lactic acid,time1,20,17,-0.33740603546691184,"[-0.69, 0.14]",0.15774337535995356,0.866957588915021,False
Immunoglobulin heavy variable 1-3,Lactic acid,time1,20,17,0.22642515179817935,"[-0.25, 0.62]",0.35126101477678895,0.9273537283887798,False
Podocalyxin,Lactic acid,time1,20,17,-0.2218479517242073,"[-0.61, 0.26]",0.36134177345425655,0.9285871908420641,False
Immunoglobulin lambda variable 1-51,Lactic acid,time1,20,17,0.020834590800818616,"[-0.44, 0.47]",0.932532389577013,0.9989122224583239,False
Cadherin-13,Lactic acid,time1,20,17,-0.18839509256301443,"[-0.59, 0.29]",0.43987719205022613,0.9361498868301301,False
Plastin-2,Lactic acid,time1,20,17,0.22225237068662104,"[-0.26, 0.61]",0.3604445146870129,0.9285871908420641,False
Inter-alpha-trypsin inhibitor heavy chain H4,Lactic acid,time1,20,17,-0.4038537069683553,"[-0.73, 0.06]",0.08638628736465631,0.8154186244354011,False
Fructose-bisphosphate aldolase B,Lactic acid,time1,20,17,-0.1836094424555714,"[-0.59, 0.30]",0.45179055487806663,0.9361498868301301,False
Mannan-binding lectin serine protease 2,Lactic acid,time1,20,17,-0.21232824460515454,"[-0.61, 0.27]",0.38282787912590643,0.931256717265325,False
Platelet glycoprotein 4,Lactic acid,time1,20,17,0.5343794339546949,"[0.11, 0.80]",0.018422750745837966,0.780717100347183,False
Hemoglobin subunit alpha,Lactic acid,time1,20,17,0.10637218174612922,"[-0.37, 0.53]",0.6647088486459687,0.9642690192775135,False
Immunoglobulin lambda variable 3-10,Lactic acid,time1,20,17,0.049681762528137115,"[-0.41, 0.49]",0.8399324722781834,0.9906439255230137,False
Serum paraoxonase/lactonase 3,Lactic acid,time1,20,17,-0.6401103072570632,"[-0.85, -0.26]",0.00315740166101369,0.7385516510769441,False
Dopamine beta-hydroxylase,Lactic acid,time1,20,17,-0.33493574073813237,"[-0.68, 0.14]",0.1610011328406544,0.867816664987516,False
Triosephosphate isomerase,Lactic acid,time1,20,17,-0.11203822662095259,"[-0.54, 0.36]",0.6479217418383345,0.9623162852441542,False
Endoplasmic reticulum chaperone BiP,Lactic acid,time1,20,17,-0.5211443387607044,"[-0.79, -0.09]",0.02213296190099414,0.780717100347183,False
Suprabasin,Lactic acid,time1,20,17,-0.49695168646461707,"[-0.78, -0.06]",0.030417919359697954,0.780717100347183,False
Immunoglobulin kappa variable 3-20,Lactic acid,time1,20,17,-0.44921302341866964,"[-0.75, 0.01]",0.05367777112028204,0.780717100347183,False
Ficolin-1,Lactic acid,time1,20,17,0.03956853194515092,"[-0.42, 0.49]",0.8722286730673056,0.9952750807277061,False
Autotaxin,Lactic acid,time1,20,17,-0.1456403069750072,"[-0.56, 0.33]",0.5518971539633304,0.9568680316140749,False
Histidine ammonia-lyase,Lactic acid,time1,20,17,-0.10772120473390547,"[-0.54, 0.36]",0.6606977753386893,0.9631943962996202,False
Noelin,Lactic acid,time1,20,17,-0.38406856025396346,"[-0.71, 0.08]",0.1044967221647857,0.828669719073285,False
Prenylcysteine oxidase 1,Lactic acid,time1,20,17,0.14834866955594356,"[-0.33, 0.56]",0.5444440766992936,0.9550458416046101,False
Immunoglobulin delta heavy chain,Lactic acid,time1,20,17,0.06363743017291411,"[-0.40, 0.50]",0.7957746301327817,0.9836599029006693,False
Antithrombin-III,Lactic acid,time1,20,17,-0.46637430177216804,"[-0.76, -0.02]",0.04413810130555432,0.780717100347183,False
Complement component C7,Lactic acid,time1,20,17,0.26066744573638345,"[-0.22, 0.64]",0.28109680486295124,0.9170614304794888,False
BOS complex subunit NOMO3;BOS complex subunit NOMO1;BOS complex subunit NOMO2,Lactic acid,time1,20,17,0.18191673261205654,"[-0.30, 0.59]",0.4560436648102959,0.9371370274130402,False
Cofilin-1,Lactic acid,time1,20,17,-0.3596897698298794,"[-0.70, 0.11]",0.13039016698633887,0.847666490299985,False
Histone H4,Lactic acid,time1,20,17,-0.3315690483142447,"[-0.68, 0.14]",0.16551491801708124,0.867816664987516,False
Serum amyloid A-1 protein,Lactic acid,time1,20,17,0.16893615917425941,"[-0.31, 0.58]",0.48932755822585794,0.9474214425224057,False
Transferrin receptor protein 1,Lactic acid,time1,20,17,-0.11672601852977896,"[-0.54, 0.36]",0.6341544454295867,0.9621706909906743,False
Serpin B12,Lactic acid,time1,20,17,-0.24757510574293357,"[-0.63, 0.23]",0.30682159508398166,0.9236478900056884,False
Immunoglobulin kappa variable 3D-20,Lactic acid,time1,20,17,0.20999224082187593,"[-0.27, 0.61]",0.38820664223091106,0.931256717265325,False
Probable non-functional immunoglobulin heavy variable 3-16,Lactic acid,time1,20,17,-0.11173540421433159,"[-0.54, 0.36]",0.6488149161558199,0.9625731758962968,False
Immunoglobulin lambda variable 6-57,Lactic acid,time1,20,17,-0.5770053833924235,"[-0.82, -0.17]",0.009694515486317976,0.7385516510769441,False
Fibrinogen alpha chain,Lactic acid,time1,20,17,-0.12418307233992827,"[-0.55, 0.35]",0.6124908576038279,0.9621706909906743,False
Galectin-3-binding protein,Lactic acid,time1,20,17,0.20129950864345972,"[-0.28, 0.60]",0.4085856522107134,0.9318821411825824,False
Macrophage colony-stimulating factor 1 receptor,Lactic acid,time1,20,17,-0.2414540573349834,"[-0.63, 0.24]",0.3193184582717938,0.9236478900056884,False
Phosphatidylinositol-glycan-specific phospholipase D,Lactic acid,time1,20,17,0.4399624802078048,"[-0.02, 0.75]",0.05942830088423469,0.780717100347183,False
Serotransferrin,Lactic acid,time1,20,17,-0.1231326674718416,"[-0.55, 0.35]",0.6155243744096044,0.9621706909906743,False
Integrin alpha-11,Lactic acid,time1,20,17,-0.45013098450961814,"[-0.75, 0.01]",0.05313101755099855,0.780717100347183,False
Proprotein convertase subtilisin/kexin type 9,Lactic acid,time1,20,17,-0.1448890734415691,"[-0.56, 0.33]",0.5539724866848854,0.9571984418476326,False
Gelsolin,Lactic acid,time1,20,17,-0.17461536682334405,"[-0.58, 0.30]",0.47462113206924494,0.9425239467278961,False
Proteoglycan 4,Lactic acid,time1,20,17,0.26818588689869843,"[-0.21, 0.64]",0.2669451864340441,0.9158755914645343,False
Vascular cell adhesion protein 1,Lactic acid,time1,20,17,-0.5481833299590573,"[-0.80, -0.13]",0.015097562545778721,0.7677137594604839,False
Adhesion G protein-coupled receptor F5,Lactic acid,time1,20,17,-0.2498358369751463,"[-0.63, 0.23]",0.30228158272743566,0.9236478900056884,False
Insulin-like growth factor-binding protein 3,Lactic acid,time1,20,17,-0.16577157736401255,"[-0.58, 0.31]",0.49761782587132475,0.950087450926425,False
Transthyretin,Lactic acid,time1,20,17,-0.12971011653867892,"[-0.55, 0.34]",0.5966291876857146,0.961962834437533,False
Coiled-coil domain-containing protein 126,Lactic acid,time1,20,17,-0.5312701389747948,"[-0.79, -0.10]",0.019246416404050087,0.780717100347183,False
Guanine nucleotide-binding protein G(i) subunit alpha-2,Lactic acid,time1,20,17,-0.08634099416561973,"[-0.52, 0.38]",0.7252441280568258,0.967409131230626,False
Apolipoprotein C-I,Lactic acid,time1,20,17,-0.06043715302879838,"[-0.50, 0.40]",0.8058533757719708,0.9840896993583559,False
Syntenin-1,Lactic acid,time1,20,17,0.39625726344894435,"[-0.07, 0.72]",0.09304425789992499,0.8154186244354011,False
Phospholipid transfer protein,Lactic acid,time1,20,17,-0.2869470022653171,"[-0.66, 0.19]",0.23360949159951988,0.8982115991698657,False
Laminin subunit beta-1,Lactic acid,time1,20,17,-0.3127649110596594,"[-0.67, 0.16]",0.19231627268606458,0.8808484840195031,False
Proline-rich protein 4,Lactic acid,time1,20,17,-0.17606304712322635,"[-0.58, 0.30]",0.47090797681580476,0.9408984762056689,False
Immunoglobulin kappa variable 2-28;Immunoglobulin kappa variable 2D-28,Lactic acid,time1,20,17,0.26196661896404977,"[-0.22, 0.64]",0.2786190054942158,0.9170614304794888,False
Complement C3,Lactic acid,time1,20,17,-0.44718293381261054,"[-0.75, 0.01]",0.054902060463816175,0.780717100347183,False
Thyroxine-binding globulin,Lactic acid,time1,20,17,-0.36685729035600884,"[-0.70, 0.10]",0.12235147406357921,0.8313974029708804,False
Immunoglobulin kappa variable 1D-13;Immunoglobulin kappa variable 1-13,Lactic acid,time1,20,17,0.16151070479079324,"[-0.32, 0.57]",0.5088862910715712,0.9528668192661338,False
Complement factor H-related protein 5,Lactic acid,time1,20,17,0.22523205709556549,"[-0.26, 0.62]",0.353872922574189,0.9275759271483885,False
Immunoglobulin lambda variable 2-23,Lactic acid,time1,20,17,-0.20440677945639593,"[-0.60, 0.28]",0.40123558190594677,0.931256717265325,False
Coagulation factor VII,Lactic acid,time1,20,17,0.5146179593876118,"[0.08, 0.79]",0.024167437057355384,0.780717100347183,False
Immunoglobulin heavy constant gamma 4,Lactic acid,time1,20,17,-0.19956160948038207,"[-0.60, 0.28]",0.41272807970573744,0.9324135167651676,False
L-lactate dehydrogenase B chain,Lactic acid,time1,20,17,-0.33134111896422663,"[-0.68, 0.14]",0.1658235991606002,0.867816664987516,False
Zinc-alpha-2-glycoprotein,Lactic acid,time1,20,17,-0.5001322762693293,"[-0.78, -0.06]",0.029208498555320594,0.780717100347183,False
"Dihydrolipoyllysine-residue succinyltransferase component of 2-oxoglutarate dehydrogenase complex, mitochondrial",Lactic acid,time1,20,17,0.1418147648505671,"[-0.33, 0.56]",0.5625014224907731,0.9574313225752206,False
Serpin B3,Lactic acid,time1,20,17,-0.04490905670021495,"[-0.49, 0.42]",0.8551465661163288,0.9928150111527771,False
Immunoglobulin heavy variable 3-33,Lactic acid,time1,20,17,-0.11050704028332604,"[-0.54, 0.36]",0.6524426721245045,0.9627206746105794,False
Follistatin-related protein 1,Lactic acid,time1,20,17,-0.027531246560880476,"[-0.48, 0.43]",0.910919044992099,0.9975815334162945,False
Cholesteryl ester transfer protein,Lactic acid,time1,20,17,0.3053953067080002,"[-0.17, 0.67]",0.20356714402416543,0.8937375538491094,False
Complement C1q subcomponent subunit C,Lactic acid,time1,20,17,0.34321009025638616,"[-0.13, 0.69]",0.1502683301450357,0.8626188653691228,False
Immunoglobulin heavy variable 4-30-2,Lactic acid,time1,20,17,-0.36305249676537404,"[-0.70, 0.11]",0.12657367290628344,0.8414087989643758,False
Thrombospondin-4,Lactic acid,time1,20,17,-0.6983850021883774,"[-0.88, -0.36]",0.0008817013887082748,0.5177587784035962,False
Transketolase,Lactic acid,time1,20,17,0.003760047131149319,"[-0.45, 0.46]",0.9878112422530789,0.9989122224583239,False
Complement receptor type 2,Lactic acid,time1,20,17,-0.03759810607057797,"[-0.48, 0.42]",0.8785453409585824,0.995958470840817,False
Immunoglobulin kappa variable 2-40;Immunoglobulin kappa variable 2D-40,Lactic acid,time1,20,17,-0.3984084790090544,"[-0.72, 0.07]",0.09112206073998211,0.8154186244354011,False
Immunoglobulin kappa variable 3D-7,Lactic acid,time1,20,17,0.1663190630545721,"[-0.31, 0.58]",0.4961787346316239,0.949643311856458,False
Immunoglobulin heavy variable 3-64,Lactic acid,time1,20,17,-0.0369969926561669,"[-0.48, 0.42]",0.8804737694936262,0.995958470840817,False
Vitronectin,Lactic acid,time1,20,17,0.6127851938201628,"[0.22, 0.83]",0.005279375891761895,0.7385516510769441,False
Complement component C8 gamma chain,Lactic acid,time1,20,17,0.18067860931646101,"[-0.30, 0.59]",0.45916748094279114,0.9384843653688746,False
Immunoglobulin heavy variable 5-51,Lactic acid,time1,20,17,-0.2679057245551098,"[-0.64, 0.21]",0.2674643839556697,0.9158755914645343,False
Coagulation factor V,Lactic acid,time1,20,17,0.2637003490697018,"[-0.22, 0.64]",0.2753335118368352,0.9170614304794888,False
Protein S100-A7,Lactic acid,time1,20,17,-0.10229375377965506,"[-0.53, 0.37]",0.6768880858544688,0.9648380336571762,False
Arginase-1,Lactic acid,time1,20,17,-0.002773968169043451,"[-0.46, 0.45]",0.9910076205308516,0.998994958440865,False
Protein-glutamine gamma-glutamyltransferase K,Lactic acid,time1,20,17,-0.5494718127461198,"[-0.80, -0.13]",0.014813472989317714,0.7677137594604839,False
Immunoglobulin kappa variable 4-1,Lactic acid,time1,20,17,-0.2797990171050506,"[-0.65, 0.20]",0.2459778668659773,0.8982115991698657,False
Coagulation factor XIII B chain,Lactic acid,time1,20,17,0.2559663856747664,"[-0.22, 0.64]",0.290175844680714,0.9177310147446764,False
Apolipoprotein C-II,Lactic acid,time1,20,17,0.23274756254127066,"[-0.25, 0.62]",0.3376062711630754,0.9245385826741866,False
Bone marrow proteoglycan,Lactic acid,time1,20,17,-0.22776859365244795,"[-0.62, 0.25]",0.348333294481155,0.926595760949047,False
Apolipoprotein A-I,Lactic acid,time1,20,17,-0.4964830597458423,"[-0.78, -0.05]",0.030599365131080004,0.780717100347183,False
Coagulation factor X,Lactic acid,time1,20,17,-0.04177435191546768,"[-0.49, 0.42]",0.8651661829843766,0.994185780985073,False
Thioredoxin,Lactic acid,time1,20,17,-0.19788110618247176,"[-0.60, 0.28]",0.4167551024349009,0.9324135167651676,False
Immunoglobulin heavy variable 3-15,Lactic acid,time1,20,17,0.08955685154517345,"[-0.38, 0.52]",0.7154089268797073,0.9656789320774398,False
Proteasome subunit beta type-2,Lactic acid,time1,20,17,-0.1301475649864166,"[-0.55, 0.34]",0.5953810791660037,0.961962834437533,False
Apolipoprotein A-II,Lactic acid,time1,20,17,0.03290340487816957,"[-0.43, 0.48]",0.893622988734961,0.997559861248858,False
Immunoglobulin heavy constant gamma 2,Lactic acid,time1,20,17,-0.005584400881419741,"[-0.46, 0.45]",0.9818980969266845,0.9989122224583239,False
Plakophilin-1,Lactic acid,time1,20,17,-0.347155172301895,"[-0.69, 0.13]",0.14532975126031022,0.8558309360858758,False
Fetuin-B,Lactic acid,time1,20,17,-0.04871781596882749,"[-0.49, 0.41]",0.8430010717034986,0.9910182692199748,False
Complement factor H-related protein 3,Lactic acid,time1,20,17,0.1938877523044873,"[-0.29, 0.60]",0.42640837927361386,0.9325197868425932,False
Plasminogen,Lactic acid,time1,20,17,0.491630948488116,"[0.05, 0.77]",0.03252802196121877,0.780717100347183,False
Fermitin family homolog 3,Lactic acid,time1,20,17,-0.05217404276530697,"[-0.49, 0.41]",0.8320089604740295,0.9906439255230137,False
Immunoglobulin heavy variable 3-21,Lactic acid,time1,20,17,-0.13733063823785513,"[-0.56, 0.34]",0.5750437136496311,0.9585981157899655,False
Immunoglobulin heavy variable 2-26,Lactic acid,time1,20,17,-0.3818698643453565,"[-0.71, 0.09]",0.10666614231811306,0.828669719073285,False
Immunoglobulin kappa variable 1-12;Immunoglobulin kappa variable 1D-12,Lactic acid,time1,20,17,0.05026341851020851,"[-0.41, 0.49]",0.8380819115264591,0.9906439255230137,False
Immunoglobulin heavy constant gamma 3,Lactic acid,time1,20,17,-0.47051375039994203,"[-0.76, -0.02]",0.04204501169072492,0.780717100347183,False
Immunoglobulin kappa variable 2D-29,Lactic acid,time1,20,17,-0.24465799072777372,"[-0.63, 0.24]",0.3127400209912775,0.9236478900056884,False
Neogenin,Lactic acid,time1,20,17,0.12530558895757893,"[-0.35, 0.55]",0.6092557435280272,0.9621706909906743,False
Immunoglobulin heavy variable 6-1,Lactic acid,time1,20,17,-0.2214051513794229,"[-0.61, 0.26]",0.3623256441188464,0.9285871908420641,False
L-selectin,Lactic acid,time1,20,17,-0.324472329153256,"[-0.68, 0.15]",0.1753110220957358,0.867816664987516,False
Immunoglobulin lambda constant 3,Lactic acid,time1,20,17,0.3833051184117103,"[-0.09, 0.71]",0.10524636101505536,0.828669719073285,False
A disintegrin and metalloproteinase with thrombospondin motifs 13,Lactic acid,time1,20,17,-0.1340155225813064,"[-0.55, 0.34]",0.5843926709229141,0.9599322538236903,False
von Willebrand factor,Lactic acid,time1,20,17,-0.1638225567776112,"[-0.58, 0.31]",0.502757248727616,0.9517580475604865,False
Neutral alpha-glucosidase AB,Lactic acid,time1,20,17,-0.5015718082246513,"[-0.78, -0.06]",0.028673615084672303,0.780717100347183,False
Carbonic anhydrase 1,Lactic acid,time1,20,17,-0.2192768068137074,"[-0.61, 0.26]",0.36707590307502347,0.9285871908420641,False
Immunoglobulin lambda variable 4-60,Lactic acid,time1,20,17,-0.6795281922728499,"[-0.87, -0.33]",0.0013731930283476484,0.5439459913466509,False
Integrin beta-1,Lactic acid,time1,20,17,-0.6018117047641516,"[-0.83, -0.20]",0.00640829087906891,0.7385516510769441,False
Immunoglobulin lambda variable 3-12,Lactic acid,time1,20,17,-0.27650383985135235,"[-0.65, 0.20]",0.25181733992344624,0.9010501812845132,False
Alpha-amylase 1B;Alpha-amylase 1C;Alpha-amylase 1A,Lactic acid,time1,20,17,-0.06674947054284883,"[-0.51, 0.40]",0.786003360668866,0.9809449094133241,False
Lumican,Lactic acid,time1,20,17,-0.3266347519048771,"[-0.68, 0.15]",0.172285442893891,0.867816664987516,False
Beta-Ala-His dipeptidase,Lactic acid,time1,20,17,-0.285269811692515,"[-0.65, 0.19]",0.23647490895557083,0.8982115991698657,False
Immunoglobulin alpha-2 heavy chain,Lactic acid,time1,20,17,-0.23937542547793775,"[-0.63, 0.24]",0.3236300207416647,0.9236478900056884,False
Complement C5,Lactic acid,time1,20,17,0.21476548794947725,"[-0.27, 0.61]",0.37726050684631773,0.9300516392509022,False
Protein S100-A8,Lactic acid,time1,20,17,0.18029934346862175,"[-0.30, 0.59]",0.4601265518987284,0.9389370304503143,False
Immunoglobulin lambda variable 3-25,Lactic acid,time1,20,17,0.2865009197656006,"[-0.19, 0.66]",0.2343694142293153,0.8982115991698657,False
Leukocyte immunoglobulin-like receptor subfamily B member 3;Leukocyte immunoglobulin-like receptor subfamily A member 6,Lactic acid,time1,20,17,-0.2145236842799455,"[-0.61, 0.27]",0.37781082056955995,0.9300516392509022,False
Collagen alpha-3(VI) chain,Lactic acid,time1,20,17,-0.21555175538154478,"[-0.61, 0.26]",0.3754741705940233,0.9300516392509022,False
Immunoglobulin kappa variable 1-39;Immunoglobulin kappa variable 1D-39,Lactic acid,time1,20,17,0.012879584450723774,"[-0.44, 0.46]",0.9582647256453496,0.9989122224583239,False
Bleomycin hydrolase,Lactic acid,time1,20,17,-0.23876486788956114,"[-0.63, 0.24]",0.3249029726333956,0.9236478900056884,False
CD166 antigen,Lactic acid,time1,20,17,-0.19530501801861455,"[-0.60, 0.28]",0.42296889529005766,0.9324135167651676,False
Beta-2-microglobulin,Lactic acid,time1,20,17,0.2965507849912318,"[-0.18, 0.66]",0.21763342866152433,0.8982115991698657,False
Amino acid transporter heavy chain SLC3A2,Lactic acid,time1,20,17,-0.17640313644073058,"[-0.58, 0.30]",0.47003780002944506,0.9403548857392404,False
Haptoglobin-related protein,Lactic acid,time1,20,17,-0.5333437809095375,"[-0.79, -0.10]",0.018693929325380488,0.780717100347183,False
Alpha-1-acid glycoprotein 1,Lactic acid,time1,20,17,-0.25848482358308883,"[-0.64, 0.22]",0.28529001107553387,0.9177310147446764,False
Serum paraoxonase/arylesterase 1,Lactic acid,time1,20,17,0.2573469653727692,"[-0.22, 0.64]",0.2874911889276712,0.9177310147446764,False
Target of Nesh-SH3,Lactic acid,time1,20,17,-0.07478855852890977,"[-0.51, 0.39]",0.7609065866870058,0.9745063647413549,False
Intercellular adhesion molecule 1,Lactic acid,time1,20,17,0.2190425964104349,"[-0.26, 0.61]",0.3676007816140988,0.9285871908420641,False
Complement C4-A,Lactic acid,time1,20,17,0.13821392181513412,"[-0.34, 0.56]",0.5725636577295934,0.95768595905392,False
Coagulation factor XIII A chain,Lactic acid,time1,20,17,-0.38555007405941816,"[-0.71, 0.08]",0.103052991977882,0.8271261596889837,False
Immunoglobulin mu heavy chain,Lactic acid,time1,20,17,-0.18866688013021587,"[-0.59, 0.29]",0.4392055630298525,0.9361498868301301,False
Oncoprotein-induced transcript 3 protein,Lactic acid,time1,20,17,0.03794786706962856,"[-0.42, 0.48]",0.8774235752604267,0.995958470840817,False
Peroxiredoxin-2,Lactic acid,time1,20,17,-0.16172136268446347,"[-0.57, 0.32]",0.5083263388773214,0.9524400573177191,False
Tissue factor pathway inhibitor,Lactic acid,time1,20,17,0.20936339512638824,"[-0.27, 0.61]",0.38966169826290153,0.931256717265325,False
Progranulin,Lactic acid,time1,20,17,0.054504291101813644,"[-0.41, 0.50]",0.8246145746654059,0.9898314698390095,False
Histone H2B type 1-K;Histone H2B type F-S,Lactic acid,time1,20,17,-0.2108111332735881,"[-0.61, 0.27]",0.38631636157729266,0.931256717265325,False
Hemoglobin subunit delta,Lactic acid,time1,20,17,-0.10319261477197016,"[-0.53, 0.37]",0.6741971244973997,0.9648380336571762,False
Glutathione S-transferase P,Lactic acid,time1,20,17,0.03535412787384117,"[-0.43, 0.48]",0.8857474910844622,0.9960961264132879,False
Annexin A6,Lactic acid,time1,20,17,-0.003290041239755957,"[-0.46, 0.45]",0.9893347486228619,0.9989126836088675,False
Complement factor H-related protein 1,Lactic acid,time1,20,17,0.18583468619483803,"[-0.29, 0.59]",0.4462305575175619,0.9361498868301301,False
Protein KPLCE,Lactic acid,time1,20,17,-0.26373924863198533,"[-0.64, 0.22]",0.27526007219316606,0.9170614304794888,False
Immunoglobulin heavy variable 4-4,Lactic acid,time1,20,17,0.27028052144370324,"[-0.21, 0.65]",0.26308337093518497,0.9122457279244144,False
Alpha-1B-glycoprotein,Lactic acid,time1,20,17,-0.014587248344230858,"[-0.47, 0.44]",0.9527367168743308,0.9989122224583239,False
Properdin,Lactic acid,time1,20,17,0.11494278141576625,"[-0.36, 0.54]",0.6393782880117043,0.9621706909906743,False
Immunoglobulin heavy variable 3-53,Lactic acid,time1,20,17,-0.15033606882560033,"[-0.57, 0.33]",0.5390040941895498,0.954665480182609,False
Calmodulin-like protein 5,Lactic acid,time1,20,17,-0.17296216803286624,"[-0.58, 0.31]",0.47887921349650675,0.9441315029090682,False
Carboxypeptidase B2,Lactic acid,time1,20,17,0.2862806932764671,"[-0.19, 0.66]",0.23474516622417982,0.8982115991698657,False
"Sushi, nidogen and EGF-like domain-containing protein 1",Lactic acid,time1,20,17,-0.39995620430677753,"[-0.72, 0.07]",0.08975715063483404,0.8154186244354011,False
Proteasome subunit alpha type-5,Lactic acid,time1,20,17,-0.15492899833676355,"[-0.57, 0.32]",0.526527754584388,0.9529295397056773,False
Bifunctional heparan sulfate N-deacetylase/N-sulfotransferase 4,Lactic acid,time1,20,17,-0.364170973076825,"[-0.70, 0.11]",0.12532195813791436,0.8380517041715146,False
Immunoglobulin heavy variable 3-9,Lactic acid,time1,20,17,-0.1633272600030617,"[-0.57, 0.31]",0.5040673578260162,0.9520263061157588,False
Neural cell adhesion molecule L1-like protein,Lactic acid,time1,20,17,-0.7890892073476737,"[-0.92, -0.52]",5.921584322247253e-05,0.13291982942004332,False
Proteasome subunit alpha type-2,Lactic acid,time1,20,17,-0.11581273260012606,"[-0.54, 0.36]",0.6368277900657149,0.9621706909906743,False
Intercellular adhesion molecule 3,Lactic acid,time1,20,17,0.4289098088320575,"[-0.03, 0.74]",0.06689369926502371,0.7864905583204208,False
Receptor-type tyrosine-protein phosphatase eta,Lactic acid,time1,20,17,-0.31551705765276955,"[-0.67, 0.16]",0.1882233822083747,0.8786430972185097,False
ADAMTS-like protein 4,Lactic acid,time1,20,17,0.019017467349617914,"[-0.44, 0.47]",0.9384055454544309,0.9989122224583239,False
Immunoglobulin lambda variable 3-21,Lactic acid,time1,20,17,0.2503790872489578,"[-0.23, 0.63]",0.30119670874015547,0.9236478900056884,False
Cartilage oligomeric matrix protein,Lactic acid,time1,20,17,-0.22539877921913248,"[-0.62, 0.25]",0.3535072681617728,0.9275759271483885,False
Neural cell adhesion molecule 1,Lactic acid,time1,20,17,-0.5628905738489604,"[-0.81, -0.15]",0.012101227338694169,0.7677137594604839,False
Immunoglobulin lambda variable 2-11,Lactic acid,time1,20,17,0.3292351507428164,"[-0.15, 0.68]",0.16869429348820336,0.867816664987516,False
Immunoglobulin kappa variable 1D-33;Immunoglobulin kappa variable 1-33,Lactic acid,time1,20,17,-0.3035527969885389,"[-0.67, 0.17]",0.20644658042086564,0.89404523846784,False
Beta-2-glycoprotein 1,Lactic acid,time1,20,17,0.17063559316533783,"[-0.31, 0.58]",0.4849036206199483,0.9447457823105017,False
Vitamin D-binding protein,Lactic acid,time1,20,17,0.24876549062839048,"[-0.23, 0.63]",0.30442597044569436,0.9236478900056884,False
Filamin-A,Lactic acid,time1,20,17,-0.2474181105548139,"[-0.63, 0.23]",0.3071383888391464,0.9236478900056884,False
Reelin,Lactic acid,time1,20,17,0.3314346398652907,"[-0.14, 0.68]",0.16569689772901713,0.867816664987516,False
Immunoglobulin lambda variable 5-39,Lactic acid,time1,20,17,-0.27043257103537444,"[-0.65, 0.21]",0.2628044127126237,0.9122457279244144,False
Fatty acid-binding protein 5,Lactic acid,time1,20,17,-0.3782469997428102,"[-0.71, 0.09]",0.11031116577694784,0.8290414311110669,False
"HLA class I histocompatibility antigen, A alpha chain",Lactic acid,time1,20,17,-0.38246918314638184,"[-0.71, 0.09]",0.10607161837618258,0.828669719073285,False
Low affinity immunoglobulin gamma Fc region receptor III-A,Lactic acid,time1,20,17,-0.17400977885651664,"[-0.58, 0.30]",0.47617872529651717,0.9428366763148328,False
Heat shock 70 kDa protein 1A;Heat shock 70 kDa protein 1B,Lactic acid,time1,20,17,-0.21652581238898544,"[-0.61, 0.26]",0.37326778803468197,0.9300516392509022,False
Apolipoprotein D,Lactic acid,time1,20,17,0.17668536089501236,"[-0.30, 0.58]",0.46931629372791783,0.9403082183766137,False
Plexin-B1,Lactic acid,time1,20,17,-0.22261546575850424,"[-0.61, 0.26]",0.3596400220099659,0.9285871908420641,False
Immunoglobulin heavy variable 1-58,Lactic acid,time1,20,17,0.310107244519227,"[-0.17, 0.67]",0.19632464697608312,0.8884745784522471,False
Apolipoprotein C-IV,Lactic acid,time1,20,17,0.24424639489423808,"[-0.24, 0.63]",0.3135805519590755,0.9236478900056884,False
Monocyte differentiation antigen CD14,Lactic acid,time1,20,17,0.29258643541912077,"[-0.19, 0.66]",0.224139269678007,0.8982115991698657,False
Protein MENT,Lactic acid,time1,20,17,-0.13628286670521536,"[-0.56, 0.34]",0.5779915811897081,0.9585981157899655,False
Immunoglobulin epsilon heavy chain,Lactic acid,time1,20,17,0.4597711256630651,"[0.01, 0.76]",0.047641045148705104,0.780717100347183,False
Complement factor H,Lactic acid,time1,20,17,0.44146571658475264,"[-0.02, 0.75]",0.05846358819311711,0.780717100347183,False
Stabilin-1,Lactic acid,time1,20,17,0.36382588944649513,"[-0.11, 0.70]",0.12570721140857244,0.8393463672945961,False
Macrophage receptor MARCO,Lactic acid,time1,20,17,0.007664665936192452,"[-0.45, 0.46]",0.9751566043224097,0.9989122224583239,False
Protein POF1B,Lactic acid,time1,20,17,-0.22389857368568664,"[-0.62, 0.26]",0.3568053197620009,0.9284484596582698,False
Phosphatidylcholine-sterol acyltransferase,Lactic acid,time1,20,17,0.3425537646474757,"[-0.13, 0.69]",0.1511010717430215,0.8641476395228166,False
Clusterin,Lactic acid,time1,20,17,-0.22467653954282932,"[-0.62, 0.26]",0.355092847909124,0.9283317003155915,False
Platelet-activating factor acetylhydrolase,Lactic acid,time1,20,17,-0.3778810211604605,"[-0.71, 0.09]",0.11068428731956276,0.8290414311110669,False
Vasorin,Lactic acid,time1,20,17,-0.24317894652101946,"[-0.63, 0.24]",0.31576670193111905,0.9236478900056884,False
Myeloperoxidase,Lactic acid,time1,20,17,-0.09889920951862824,"[-0.53, 0.37]",0.6870841018888048,0.9648380336571762,False
Immunoglobulin lambda variable 5-52,Lactic acid,time1,20,17,-0.2190204225492082,"[-0.61, 0.26]",0.36765049646674086,0.9285871908420641,False
Carboxypeptidase N catalytic chain,Lactic acid,time1,20,17,-0.40770902183196955,"[-0.73, 0.06]",0.08314416592585466,0.8154186244354011,False
Fibrinogen gamma chain,Lactic acid,time1,20,17,-0.30722718434098767,"[-0.67, 0.17]",0.20073077187716162,0.892789897490977,False
Soluble scavenger receptor cysteine-rich domain-containing protein SSC5D,Lactic acid,time1,20,17,0.14596862377486908,"[-0.33, 0.56]",0.5509912479439818,0.9568680316140749,False
Tetranectin,Lactic acid,time1,20,17,-0.4825469174665558,"[-0.77, -0.04]",0.03639162117887057,0.780717100347183,False
Apolipoprotein(a),Lactic acid,time1,20,17,0.0007663950394958484,"[-0.45, 0.45]",0.9975155311609105,0.9995936885174956,False
Alpha-2-antiplasmin,Lactic acid,time1,20,17,-0.40033176618393634,"[-0.72, 0.07]",0.0894282149790094,0.8154186244354011,False
Retroviral-like aspartic protease 1,Lactic acid,time1,20,17,-0.09116758628519471,"[-0.52, 0.38]",0.7104987228884526,0.9656789320774398,False
Ficolin-3,Lactic acid,time1,20,17,-0.15220394509448712,"[-0.57, 0.32]",0.5339139569738042,0.954665480182609,False
Immunoglobulin kappa variable 2-24,Lactic acid,time1,20,17,0.13203358806157944,"[-0.34, 0.55]",0.5900124063796436,0.9610066239456336,False
Immunoglobulin superfamily containing leucine-rich repeat protein,Lactic acid,time1,20,17,-0.19792861260777567,"[-0.60, 0.28]",0.4166409735830915,0.9324135167651676,False
Complement factor D,Lactic acid,time1,20,17,0.13599312126270122,"[-0.34, 0.56]",0.5788079079432753,0.9585981157899655,False
Vitamin K-dependent protein Z,Lactic acid,time1,20,17,-0.2845655857532762,"[-0.65, 0.19]",0.2376847507929276,0.8982115991698657,False
EGF-containing fibulin-like extracellular matrix protein 1,Lactic acid,time1,20,17,-0.4673929439699035,"[-0.76, -0.02]",0.043615781198626934,0.780717100347183,False
Dipeptidase 2,Lactic acid,time1,20,17,-0.13061685771282391,"[-0.55, 0.34]",0.5940433190200729,0.961962834437533,False
Myeloblastin,Lactic acid,time1,20,17,-0.006035837919345019,"[-0.46, 0.45]",0.9804350148770657,0.9989122224583239,False
Neurogenic locus notch homolog protein 1,Lactic acid,time1,20,17,-0.3057119919483261,"[-0.67, 0.17]",0.2030749231665256,0.8937375538491094,False
Vitamin K-dependent protein S,Lactic acid,time1,20,17,-0.1119645830384001,"[-0.54, 0.36]",0.6481389111839252,0.9623162852441542,False
Dermcidin,Lactic acid,time1,20,17,-0.28289585182674426,"[-0.65, 0.20]",0.24056915312947522,0.8982115991698657,False
Immunoglobulin heavy variable 3-73,Lactic acid,time1,20,17,-0.03962267241532112,"[-0.49, 0.42]",0.872055215667555,0.9952750807277061,False
Alpha-2-macroglobulin,Lactic acid,time1,20,17,-0.5604288539388955,"[-0.81, -0.14]",0.012566294409663045,0.7677137594604839,False
Cation-independent mannose-6-phosphate receptor,Lactic acid,time1,20,17,-0.13842893902929365,"[-0.56, 0.34]",0.5719606383658875,0.95768595905392,False
Chromodomain-helicase-DNA-binding protein 1;Chromodomain-helicase-DNA-binding protein 2;Chromodomain-helicase-DNA-binding protein 9;Chromodomain-helicase-DNA-binding protein 6;Chromodomain-helicase-DNA-binding protein 8;Chromodomain-helicase-DNA-binding protein 7,Lactic acid,time1,20,17,-0.22410476944259336,"[-0.62, 0.26]",0.35635097847703645,0.9284484596582698,False
Ceruloplasmin,Lactic acid,time1,20,17,0.1528377354819216,"[-0.32, 0.57]",0.5321918477753895,0.9546563406817988,False
Prostaglandin-H2 D-isomerase,Lactic acid,time1,20,17,-0.3110225650568664,"[-0.67, 0.17]",0.19493790960649438,0.8870022643261535,False
Protein S100-A9,Lactic acid,time1,20,17,0.048729432284999964,"[-0.41, 0.49]",0.8429640796745759,0.9910182692199748,False
Immunoglobulin J chain,Lactic acid,time1,20,17,0.040518504243019005,"[-0.42, 0.49]",0.8691859310210741,0.9952750807277061,False
