Variable_A,Variable_B,TimeWindow,n,df,r,CI_95%,p_val,p_adj,is_significant
Probable non-functional immunoglobulin kappa variable 3-7,Mean Value (nm),delta_time2_vs_time1,20,17,-0.21000610491736663,"[-0.61, 0.27]",0.38817459668359566,0.8448505927819434,False
Apolipoprotein A-IV,Mean Value (nm),delta_time2_vs_time1,20,17,0.38927110254369146,"[-0.08, 0.72]",0.0994904588646009,0.6825967906207056,False
Coagulation factor XII,Mean Value (nm),delta_time2_vs_time1,20,17,0.3237504306923487,"[-0.15, 0.68]",0.17632903925534252,0.7456199374225913,False
Mannan-binding lectin serine protease 1,Mean Value (nm),delta_time2_vs_time1,20,17,-0.5825841564995556,"[-0.82, -0.17]",0.008857261571728144,0.4470737252257043,False
Complement factor I,Mean Value (nm),delta_time2_vs_time1,20,17,-0.07867758111152648,"[-0.51, 0.39]",0.748845591345636,0.9769906339019859,False
Platelet glycoprotein Ib alpha chain,Mean Value (nm),delta_time2_vs_time1,20,17,-0.3255895921534495,"[-0.68, 0.15]",0.17374332839063433,0.7387093205308769,False
Hepatocyte growth factor-like protein,Mean Value (nm),delta_time2_vs_time1,20,17,0.216508815086812,"[-0.26, 0.61]",0.37330622678294567,0.8448505927819434,False
Profilin-1,Mean Value (nm),delta_time2_vs_time1,20,17,0.46823019088722156,"[0.02, 0.76]",0.04319003210510247,0.536503542546452,False
Peptidase inhibitor 16,Mean Value (nm),delta_time2_vs_time1,20,17,-0.22362143150914784,"[-0.62, 0.26]",0.35741650964893135,0.8448505927819434,False
Cell surface glycoprotein MUC18,Mean Value (nm),delta_time2_vs_time1,20,17,-0.08091094974909271,"[-0.52, 0.39]",0.7419442213495413,0.9769906339019859,False
Adhesion G-protein coupled receptor G6,Mean Value (nm),delta_time2_vs_time1,20,17,-0.08775612034582546,"[-0.52, 0.38]",0.7209110066908733,0.9720008439065221,False
Immunoglobulin heavy variable 1-69,Mean Value (nm),delta_time2_vs_time1,20,17,0.021350420507345348,"[-0.44, 0.47]",0.9308657628200359,0.9828289159510588,False
Insulin-like growth factor-binding protein complex acid labile subunit,Mean Value (nm),delta_time2_vs_time1,20,17,0.2649010943248815,"[-0.22, 0.64]",0.2730721880825856,0.8049768931977531,False
Plasma serine protease inhibitor,Mean Value (nm),delta_time2_vs_time1,20,17,-0.2490677406933591,"[-0.63, 0.23]",0.3038194996518972,0.8049768931977531,False
Immunoglobulin heavy variable 1-69D,Mean Value (nm),delta_time2_vs_time1,20,17,-0.2785972249298976,"[-0.65, 0.20]",0.24809751533895236,0.8049768931977531,False
Pancreatic adenocarcinoma up-regulated factor,Mean Value (nm),delta_time2_vs_time1,20,17,-0.5535043334240528,"[-0.81, -0.13]",0.013951872198975592,0.4709300614264398,False
Immunoglobulin heavy variable 3-64D,Mean Value (nm),delta_time2_vs_time1,20,17,-0.657327790176967,"[-0.86, -0.29]",0.0022264384256956713,0.33990766434333936,False
Neutrophil gelatinase-associated lipocalin,Mean Value (nm),delta_time2_vs_time1,20,17,0.2548392385559417,"[-0.23, 0.64]",0.2923790031885103,0.8049768931977531,False
Lysosome-associated membrane glycoprotein 2,Mean Value (nm),delta_time2_vs_time1,20,17,-0.2609644891748409,"[-0.64, 0.22]",0.2805290857080465,0.8049768931977531,False
Corneodesmosin,Mean Value (nm),delta_time2_vs_time1,20,17,0.3938407301205895,"[-0.07, 0.72]",0.09523857506751363,0.6759341052508534,False
Collagen alpha-1(XVIII) chain,Mean Value (nm),delta_time2_vs_time1,20,17,-0.266506555502608,"[-0.64, 0.21]",0.27006675893253596,0.8049768931977531,False
Lipopolysaccharide-binding protein,Mean Value (nm),delta_time2_vs_time1,20,17,-0.10654635360810658,"[-0.53, 0.37]",0.6641904869696322,0.9583584185244276,False
Immunoglobulin heavy variable 3-49,Mean Value (nm),delta_time2_vs_time1,20,17,-0.2327918707703504,"[-0.62, 0.25]",0.3375116858724686,0.8374399649820705,False
SPARC-like protein 1,Mean Value (nm),delta_time2_vs_time1,20,17,-0.3632178009290821,"[-0.70, 0.11]",0.12638812255311058,0.7218926089642522,False
Ras-associated and pleckstrin homology domains-containing protein 1,Mean Value (nm),delta_time2_vs_time1,20,17,-0.26698450547634245,"[-0.64, 0.21]",0.269176031773009,0.8049768931977531,False
Alpha-1-acid glycoprotein 2,Mean Value (nm),delta_time2_vs_time1,20,17,0.08830215713766981,"[-0.38, 0.52]",0.7192412065055374,0.9720008439065221,False
Immunoglobulin heavy variable 3-20,Mean Value (nm),delta_time2_vs_time1,20,17,-0.12671537029181576,"[-0.55, 0.35]",0.605202546063947,0.9545053881926984,False
Neurogenic locus notch homolog protein 2,Mean Value (nm),delta_time2_vs_time1,20,17,-0.48163835331796656,"[-0.77, -0.04]",0.03679675054936716,0.5332113903097389,False
Apolipoprotein B-100,Mean Value (nm),delta_time2_vs_time1,20,17,-0.5561529272932475,"[-0.81, -0.14]",0.01340814233001466,0.4709300614264398,False
CD44 antigen,Mean Value (nm),delta_time2_vs_time1,20,17,0.15604114702933597,"[-0.32, 0.57]",0.5235269918889225,0.9255528389026002,False
Pigment epithelium-derived factor,Mean Value (nm),delta_time2_vs_time1,20,17,0.4615384615384611,"[0.01, 0.76]",0.04668338508165615,0.5481585312958559,False
Xaa-Pro dipeptidase,Mean Value (nm),delta_time2_vs_time1,20,17,-0.37517176354737597,"[-0.71, 0.10]",0.11347460786991057,0.6956194896640671,False
Immunoglobulin heavy constant delta,Mean Value (nm),delta_time2_vs_time1,20,17,-0.04026868310434449,"[-0.49, 0.42]",0.8699859342380949,0.979498961893774,False
Probable non-functional immunoglobulin heavy variable 3-38-3,Mean Value (nm),delta_time2_vs_time1,20,17,-0.19024509844808088,"[-0.59, 0.29]",0.4353161365788406,0.883808526203532,False
Immunoglobulin lambda constant 7,Mean Value (nm),delta_time2_vs_time1,20,17,0.17839458364215985,"[-0.30, 0.59]",0.46495858561699366,0.9003786258757829,False
Receptor-type tyrosine-protein phosphatase gamma,Mean Value (nm),delta_time2_vs_time1,20,17,-0.1205664068610488,"[-0.54, 0.35]",0.6229606831629748,0.9545053881926984,False
Afamin,Mean Value (nm),delta_time2_vs_time1,20,17,0.1662110701230303,"[-0.31, 0.58]",0.4964624392010466,0.907116555577221,False
Pyruvate kinase PKLR,Mean Value (nm),delta_time2_vs_time1,20,17,-0.3422838063869308,"[-0.69, 0.13]",0.1514445179986595,0.7278539353623202,False
Insulin-like growth factor 2,Mean Value (nm),delta_time2_vs_time1,20,17,0.11967971408808366,"[-0.35, 0.54]",0.6255382625745293,0.9545053881926984,False
CD109 antigen,Mean Value (nm),delta_time2_vs_time1,20,17,0.211463845043156,"[-0.27, 0.61]",0.3848133454530698,0.8448505927819434,False
ADP-ribosyl cyclase/cyclic ADP-ribose hydrolase 2,Mean Value (nm),delta_time2_vs_time1,20,17,-0.07268547557869778,"[-0.51, 0.39]",0.767451117890135,0.979264391124706,False
Dedicator of cytokinesis protein 4,Mean Value (nm),delta_time2_vs_time1,20,17,-0.029016674467473854,"[-0.48, 0.43]",0.9061324400656137,0.9801335421758791,False
Complement factor H-related protein 2,Mean Value (nm),delta_time2_vs_time1,20,17,0.020134341552172218,"[-0.44, 0.47]",0.9347952979569146,0.9828289159510588,False
Selenoprotein P,Mean Value (nm),delta_time2_vs_time1,20,17,0.027765770957343172,"[-0.43, 0.48]",0.9101631201358007,0.9809260199580644,False
Adipocyte plasma membrane-associated protein,Mean Value (nm),delta_time2_vs_time1,20,17,0.11767873534031038,"[-0.36, 0.54]",0.6313702951283471,0.9545053881926984,False
Immunoglobulin heavy constant alpha 2,Mean Value (nm),delta_time2_vs_time1,20,17,-0.631387931970386,"[-0.84, -0.25]",0.0037395946448628794,0.33990766434333936,False
Lactotransferrin,Mean Value (nm),delta_time2_vs_time1,20,17,0.05159684955941685,"[-0.41, 0.49]",0.83384263425605,0.979498961893774,False
Alpha-enolase,Mean Value (nm),delta_time2_vs_time1,20,17,0.5082419475577012,"[0.07, 0.78]",0.026294331566821063,0.5303551455531277,False
Immunoglobulin heavy constant gamma 1,Mean Value (nm),delta_time2_vs_time1,20,17,-0.4281419896126311,"[-0.74, 0.03]",0.06743716966960452,0.6315439015565582,False
Collectin-10,Mean Value (nm),delta_time2_vs_time1,20,17,-0.26495031970106875,"[-0.64, 0.22]",0.27297973051726004,0.8049768931977531,False
Lysosome-associated membrane glycoprotein 1,Mean Value (nm),delta_time2_vs_time1,20,17,0.24066968580502063,"[-0.24, 0.63]",0.3209413959110744,0.8219420628602696,False
Cathelicidin antimicrobial peptide,Mean Value (nm),delta_time2_vs_time1,20,17,-0.20776702251694668,"[-0.60, 0.27]",0.3933689721467104,0.8507938520751398,False
Fibroblast growth factor-binding protein 2,Mean Value (nm),delta_time2_vs_time1,20,17,0.01776756069701477,"[-0.44, 0.47]",0.9424471760273896,0.9828289159510588,False
Lymphatic vessel endothelial hyaluronic acid receptor 1,Mean Value (nm),delta_time2_vs_time1,20,17,-0.33107463270526943,"[-0.68, 0.14]",0.16618499575316062,0.7378412547139325,False
Haptoglobin,Mean Value (nm),delta_time2_vs_time1,20,17,-0.3270705277658392,"[-0.68, 0.15]",0.17168004485897395,0.7387093205308769,False
Tenascin-X,Mean Value (nm),delta_time2_vs_time1,20,17,-0.061378846044233215,"[-0.50, 0.40]",0.8028845506586603,0.979264391124706,False
Zinc finger protein 512B,Mean Value (nm),delta_time2_vs_time1,20,17,-0.17357310840858806,"[-0.58, 0.30]",0.4773034338144172,0.903015757589255,False
Immunoglobulin lambda variable 3-19,Mean Value (nm),delta_time2_vs_time1,20,17,-0.40703866324070653,"[-0.73, 0.06]",0.08370137233704282,0.6558517850254834,False
Complement C1q subcomponent subunit B,Mean Value (nm),delta_time2_vs_time1,20,17,-0.5216723686039677,"[-0.79, -0.09]",0.021974464478561082,0.5303551455531277,False
Ubiquitin-ribosomal protein eS31 fusion protein,Mean Value (nm),delta_time2_vs_time1,20,17,0.3632178009290821,"[-0.11, 0.70]",0.12638812255311058,0.7218926089642522,False
Kinesin-like protein KIF21A,Mean Value (nm),delta_time2_vs_time1,20,17,0.14608618770722798,"[-0.33, 0.56]",0.5506670220962073,0.9340265511747381,False
Attractin,Mean Value (nm),delta_time2_vs_time1,20,17,-0.23442541944264225,"[-0.62, 0.25]",0.33403533659335916,0.8355963832630372,False
Immunoglobulin lambda variable 1-44,Mean Value (nm),delta_time2_vs_time1,20,17,-0.29223948241354114,"[-0.66, 0.19]",0.224714591672652,0.8049768931977531,False
Immunoglobulin heavy variable 1-46,Mean Value (nm),delta_time2_vs_time1,20,17,-0.5026903684797835,"[-0.78, -0.06]",0.028263303528238554,0.5303551455531277,False
Fibulin-1,Mean Value (nm),delta_time2_vs_time1,20,17,-0.4522815433207922,"[-0.75, 0.00]",0.051866649051675005,0.5716366852929288,False
Secreted phosphoprotein 24,Mean Value (nm),delta_time2_vs_time1,20,17,0.044623954254534116,"[-0.42, 0.49]",0.8560569997684594,0.979498961893774,False
Scavenger receptor class B member 1,Mean Value (nm),delta_time2_vs_time1,20,17,0.1101486135561379,"[-0.36, 0.54]",0.6535026360820175,0.9556244789432,False
Immunoglobulin lambda variable 2-18,Mean Value (nm),delta_time2_vs_time1,20,17,-0.12598815766974236,"[-0.55, 0.35]",0.6072919512054336,0.9545053881926984,False
Collagen alpha-2(VI) chain,Mean Value (nm),delta_time2_vs_time1,20,17,-0.2842809711522388,"[-0.65, 0.20]",0.23817483586774285,0.8049768931977531,False
Adiponectin,Mean Value (nm),delta_time2_vs_time1,20,17,-0.41691729325574534,"[-0.73, 0.05]",0.07576371300369164,0.651605980428528,False
Nidogen-1,Mean Value (nm),delta_time2_vs_time1,20,17,-0.28000813988982204,"[-0.65, 0.20]",0.24561021044361298,0.8049768931977531,False
Alpha-1-antitrypsin,Mean Value (nm),delta_time2_vs_time1,20,17,0.14396255462769447,"[-0.33, 0.56]",0.5565368258339682,0.9340265511747381,False
"Sushi, von Willebrand factor type A, EGF and pentraxin domain-containing protein 1",Mean Value (nm),delta_time2_vs_time1,20,17,-0.2574379420238297,"[-0.64, 0.22]",0.28731481352810845,0.8049768931977531,False
Complement C1s subcomponent,Mean Value (nm),delta_time2_vs_time1,20,17,-0.4932507546539777,"[-0.77, -0.05]",0.03187394938761803,0.5332113903097389,False
Alpha-actinin-4,Mean Value (nm),delta_time2_vs_time1,20,17,0.36443968734392795,"[-0.11, 0.70]",0.1250225432795748,0.7218926089642522,False
Complement component C1q receptor,Mean Value (nm),delta_time2_vs_time1,20,17,0.21693841765136374,"[-0.26, 0.61]",0.37233538014914414,0.8448505927819434,False
Inter-alpha-trypsin inhibitor heavy chain H3,Mean Value (nm),delta_time2_vs_time1,20,17,-0.3443019138259269,"[-0.69, 0.13]",0.14889008187791097,0.7278539353623202,False
Immunoglobulin kappa variable 1D-8,Mean Value (nm),delta_time2_vs_time1,20,17,-0.35050551556838616,"[-0.69, 0.12]",0.14122525648723525,0.7278539353623202,False
Low-density lipoprotein receptor,Mean Value (nm),delta_time2_vs_time1,20,17,-0.5619766937530745,"[-0.81, -0.14]",0.01227223427436026,0.4709300614264398,False
Prolactin-inducible protein,Mean Value (nm),delta_time2_vs_time1,20,17,0.2897908713402541,"[-0.19, 0.66]",0.22880214869220744,0.8049768931977531,False
Hyaluronan-binding protein 2,Mean Value (nm),delta_time2_vs_time1,20,17,0.3413217997052224,"[-0.13, 0.69]",0.15267279190047117,0.7278539353623202,False
N-acetylmuramoyl-L-alanine amidase,Mean Value (nm),delta_time2_vs_time1,20,17,0.20257509576393176,"[-0.28, 0.60]",0.4055595567857845,0.8562882259360183,False
Serpin A11,Mean Value (nm),delta_time2_vs_time1,20,17,-0.21440098356522286,"[-0.61, 0.27]",0.3780902432001578,0.8448505927819434,False
C4b-binding protein alpha chain,Mean Value (nm),delta_time2_vs_time1,20,17,-0.3095111943197201,"[-0.67, 0.17]",0.1972312003128342,0.7707271521237848,False
Inter-alpha-trypsin inhibitor heavy chain H2,Mean Value (nm),delta_time2_vs_time1,20,17,-0.2414022747926338,"[-0.63, 0.24]",0.3194254504880911,0.8211532672597082,False
Fibrillin-1,Mean Value (nm),delta_time2_vs_time1,20,17,0.22801119069903877,"[-0.25, 0.62]",0.34780611684543994,0.8391190988614592,False
Golgi-associated RAB2 interactor protein 1B,Mean Value (nm),delta_time2_vs_time1,20,17,-0.49127112038432597,"[-0.77, -0.05]",0.03267472531569927,0.5332113903097389,False
Neurogenic locus notch homolog protein 3,Mean Value (nm),delta_time2_vs_time1,20,17,0.5021167315686789,"[0.06, 0.78]",0.028473148254040202,0.5303551455531277,False
Immunoglobulin heavy constant alpha 1,Mean Value (nm),delta_time2_vs_time1,20,17,-0.48941553556323036,"[-0.77, -0.05]",0.03343943477702721,0.5332113903097389,False
Apolipoprotein C-III,Mean Value (nm),delta_time2_vs_time1,20,17,-0.379713982265591,"[-0.71, 0.09]",0.10882460560293288,0.6914343607018558,False
Glutathione peroxidase 3,Mean Value (nm),delta_time2_vs_time1,20,17,-0.061132262633771264,"[-0.50, 0.40]",0.8036616929092095,0.979264391124706,False
Contactin-1,Mean Value (nm),delta_time2_vs_time1,20,17,0.06125742387577781,"[-0.40, 0.50]",0.8032672075886337,0.979264391124706,False
Stomatin,Mean Value (nm),delta_time2_vs_time1,20,17,-0.2485627652261661,"[-0.63, 0.23]",0.3048331517921658,0.8049768931977531,False
Immunoglobulin heavy variable 3-13,Mean Value (nm),delta_time2_vs_time1,20,17,-0.5162279955740687,"[-0.79, -0.08]",0.023652391281773558,0.5303551455531277,False
Immunoglobulin heavy variable 1-69-2,Mean Value (nm),delta_time2_vs_time1,20,17,-0.27259976866721836,"[-0.65, 0.21]",0.258848528235432,0.8049768931977531,False
Apolipoprotein E,Mean Value (nm),delta_time2_vs_time1,20,17,-0.28725812759967356,"[-0.66, 0.19]",0.23308041512939923,0.8049768931977531,False
Mucosal addressin cell adhesion molecule 1,Mean Value (nm),delta_time2_vs_time1,20,17,0.14303709859596622,"[-0.33, 0.56]",0.5591034590586692,0.9340265511747381,False
Protein S100-A11,Mean Value (nm),delta_time2_vs_time1,20,17,0.2929014267483956,"[-0.19, 0.66]",0.2236177760090605,0.8049768931977531,False
Complement factor H-related protein 4,Mean Value (nm),delta_time2_vs_time1,20,17,-0.17318102950623263,"[-0.58, 0.31]",0.47831441435160094,0.903015757589255,False
Immunoglobulin kappa variable 1D-16,Mean Value (nm),delta_time2_vs_time1,20,17,-0.13485873892903072,"[-0.56, 0.34]",0.582008632476567,0.9475553740811739,False
Immunoglobulin lambda variable 1-47,Mean Value (nm),delta_time2_vs_time1,20,17,-0.48105841529509136,"[-0.77, -0.03]",0.037057162260908494,0.5332113903097389,False
Fructose-bisphosphate aldolase A,Mean Value (nm),delta_time2_vs_time1,20,17,0.6299407883487117,"[0.25, 0.84]",0.003844233692869431,0.33990766434333936,False
Thrombospondin-1,Mean Value (nm),delta_time2_vs_time1,20,17,0.06151984978172989,"[-0.40, 0.50]",0.8024402371131208,0.979264391124706,False
Aminopeptidase N,Mean Value (nm),delta_time2_vs_time1,20,17,-0.15899994307671253,"[-0.57, 0.32]",0.5155827015525585,0.9204594999259132,False
Apolipoprotein M,Mean Value (nm),delta_time2_vs_time1,20,17,-0.5067148641108296,"[-0.78, -0.07]",0.026824873957033642,0.5303551455531277,False
Immunoglobulin heavy variable 3-43,Mean Value (nm),delta_time2_vs_time1,20,17,-0.39198735469190293,"[-0.72, 0.08]",0.09694683990840647,0.6759341052508534,False
Cysteine-rich secretory protein 3,Mean Value (nm),delta_time2_vs_time1,20,17,0.4928765815620523,"[0.05, 0.77]",0.032024122544594254,0.5332113903097389,False
Complement component C8 alpha chain,Mean Value (nm),delta_time2_vs_time1,20,17,0.27104920362013074,"[-0.21, 0.65]",0.2616750082605666,0.8049768931977531,False
Immunoglobulin heavy variable 2-70D,Mean Value (nm),delta_time2_vs_time1,20,17,0.036912959512316115,"[-0.42, 0.48]",0.8807434073112135,0.979498961893774,False
Immunoglobulin heavy variable 3-23,Mean Value (nm),delta_time2_vs_time1,20,17,-0.3060554087167826,"[-0.67, 0.17]",0.202542044177818,0.7800504006253511,False
Plasma kallikrein,Mean Value (nm),delta_time2_vs_time1,20,17,-0.3944327068095155,"[-0.72, 0.07]",0.09469758877979523,0.6759341052508534,False
Galectin-7,Mean Value (nm),delta_time2_vs_time1,20,17,0.5585354782814954,"[0.14, 0.81]",0.012933665161492818,0.4709300614264398,False
Extracellular superoxide dismutase [Cu-Zn],Mean Value (nm),delta_time2_vs_time1,20,17,-0.04425771611413636,"[-0.49, 0.42]",0.8572267839197472,0.979498961893774,False
Immunoglobulin heavy variable 1-8,Mean Value (nm),delta_time2_vs_time1,20,17,0.08803309566091697,"[-0.38, 0.52]",0.7200638545590876,0.9720008439065221,False
Cystatin-C,Mean Value (nm),delta_time2_vs_time1,20,17,0.30054174043665305,"[-0.18, 0.66]",0.21120976005059716,0.7956847687724314,False
Immunoglobulin lambda-like polypeptide 1,Mean Value (nm),delta_time2_vs_time1,20,17,-0.2649010943248816,"[-0.64, 0.22]",0.27307218808258554,0.8049768931977531,False
Inhibin beta C chain,Mean Value (nm),delta_time2_vs_time1,20,17,-0.2617464401782412,"[-0.64, 0.22]",0.2790379800907054,0.8049768931977531,False
Mannose-binding protein C,Mean Value (nm),delta_time2_vs_time1,20,17,-0.4086165297229384,"[-0.73, 0.06]",0.0823941925059239,0.651605980428528,False
IgGFc-binding protein,Mean Value (nm),delta_time2_vs_time1,20,17,-0.6625202112621769,"[-0.86, -0.30]",0.0019953650779144664,0.33990766434333936,False
Macrophage mannose receptor 1,Mean Value (nm),delta_time2_vs_time1,20,17,-0.1675213675213673,"[-0.58, 0.31]",0.4930255172566186,0.9048707345805562,False
Aromatase,Mean Value (nm),delta_time2_vs_time1,20,17,-0.21994818134853827,"[-0.61, 0.26]",0.3655736689591904,0.8448505927819434,False
Cadherin-5,Mean Value (nm),delta_time2_vs_time1,20,17,-0.03535748504619377,"[-0.48, 0.43]",0.8857367095399755,0.979498961893774,False
Immunoglobulin kappa variable 1-8,Mean Value (nm),delta_time2_vs_time1,20,17,-0.3588847151917152,"[-0.70, 0.11]",0.1313157527009344,0.7276641962142183,False
Retinol-binding protein 4,Mean Value (nm),delta_time2_vs_time1,20,17,0.46909898052654314,"[0.02, 0.76]",0.04275162030707982,0.536503542546452,False
Complement component C8 beta chain,Mean Value (nm),delta_time2_vs_time1,20,17,0.3350219793460795,"[-0.14, 0.68]",0.16088663243047427,0.7278539353623202,False
Tumor necrosis factor receptor superfamily member 1B,Mean Value (nm),delta_time2_vs_time1,20,17,0.17434741848535124,"[-0.30, 0.58]",0.47530999072207225,0.903015757589255,False
Formin-2,Mean Value (nm),delta_time2_vs_time1,20,17,-0.44334057843417846,"[-0.75, 0.01]",0.057276984603631786,0.5993833944380054,False
Scavenger receptor cysteine-rich domain-containing protein DMBT1,Mean Value (nm),delta_time2_vs_time1,20,17,0.2560748950627638,"[-0.22, 0.64]",0.2899642857832664,0.8049768931977531,False
Apolipoprotein L1,Mean Value (nm),delta_time2_vs_time1,20,17,-0.21228938659278151,"[-0.61, 0.27]",0.3829170106742026,0.8448505927819434,False
Leucine-rich alpha-2-glycoprotein,Mean Value (nm),delta_time2_vs_time1,20,17,0.36061842759666757,"[-0.11, 0.70]",0.12932819330059764,0.7276641962142183,False
Immunoglobulin heavy variable 1-2,Mean Value (nm),delta_time2_vs_time1,20,17,-0.0359321741800909,"[-0.48, 0.43]",0.8838913826353704,0.979498961893774,False
Ras-related protein Rab-10,Mean Value (nm),delta_time2_vs_time1,20,17,0.35036053363955716,"[-0.12, 0.69]",0.1414011795537971,0.7278539353623202,False
Immunoglobulin heavy variable 1-24,Mean Value (nm),delta_time2_vs_time1,20,17,-0.3375836532432842,"[-0.69, 0.14]",0.15751089927458786,0.7278539353623202,False
Annexin A3,Mean Value (nm),delta_time2_vs_time1,20,17,-0.10435497655222613,"[-0.53, 0.37]",0.6707229199081359,0.9624223615302337,False
Hemoglobin subunit beta,Mean Value (nm),delta_time2_vs_time1,20,17,-0.3801461108754465,"[-0.71, 0.09]",0.10838946682661345,0.6914343607018558,False
Immunoglobulin lambda variable 4-69,Mean Value (nm),delta_time2_vs_time1,20,17,-0.46078316469751035,"[-0.76, -0.01]",0.047090839078505,0.5481585312958559,False
Elongation factor 2,Mean Value (nm),delta_time2_vs_time1,20,17,0.1367946223824924,"[-0.34, 0.56]",0.5765509680402789,0.9466034911089208,False
Multiple inositol polyphosphate phosphatase 1,Mean Value (nm),delta_time2_vs_time1,20,17,0.3557009035839857,"[-0.12, 0.70]",0.13502155305315516,0.7276641962142183,False
Collagen alpha-1(VI) chain,Mean Value (nm),delta_time2_vs_time1,20,17,-0.3473173917749741,"[-0.69, 0.13]",0.14512912728523736,0.7278539353623202,False
Hepatocyte growth factor activator,Mean Value (nm),delta_time2_vs_time1,20,17,-0.4615384615384615,"[-0.76, -0.01]",0.04668338508165599,0.5481585312958559,False
Fibrinogen beta chain,Mean Value (nm),delta_time2_vs_time1,20,17,0.041843060964056426,"[-0.42, 0.49]",0.8649463479213244,0.979498961893774,False
Hemicentin-1,Mean Value (nm),delta_time2_vs_time1,20,17,-0.2286278814683082,"[-0.62, 0.25]",0.3464680882028026,0.8391190988614592,False
C-type mannose receptor 2,Mean Value (nm),delta_time2_vs_time1,20,17,-0.473040775040173,"[-0.76, -0.02]",0.04080524230710102,0.536503542546452,False
Platelet glycoprotein Ib beta chain,Mean Value (nm),delta_time2_vs_time1,20,17,0.15139975005670608,"[-0.33, 0.57]",0.536102756410789,0.9339693859617983,False
Complement C2,Mean Value (nm),delta_time2_vs_time1,20,17,0.1248831799180006,"[-0.35, 0.55]",0.6104723241073804,0.9545053881926984,False
Annexin A2,Mean Value (nm),delta_time2_vs_time1,20,17,0.17956813289104923,"[-0.30, 0.59]",0.4619784757243153,0.9003786258757829,False
Protein disulfide-isomerase A3,Mean Value (nm),delta_time2_vs_time1,20,17,0.40939827822750535,"[-0.06, 0.73]",0.08175215004385167,0.651605980428528,False
Dipeptidyl peptidase 4,Mean Value (nm),delta_time2_vs_time1,20,17,-0.3557009035839852,"[-0.70, 0.12]",0.13502155305315575,0.7276641962142183,False
Proteasome subunit alpha type-4,Mean Value (nm),delta_time2_vs_time1,20,17,0.033750326635003144,"[-0.43, 0.48]",0.8909002568492054,0.979498961893774,False
Coagulation factor XI,Mean Value (nm),delta_time2_vs_time1,20,17,-0.1947815836096376,"[-0.60, 0.28]",0.4242374667699099,0.8755179593100133,False
Collectin-11,Mean Value (nm),delta_time2_vs_time1,20,17,-0.2181458764257921,"[-0.61, 0.26]",0.3696143030163913,0.8448505927819434,False
High mobility group protein B1,Mean Value (nm),delta_time2_vs_time1,20,17,-0.25105836578433877,"[-0.63, 0.23]",0.29984350445799857,0.8049768931977531,False
Immunoglobulin lambda variable 3-16,Mean Value (nm),delta_time2_vs_time1,20,17,-0.14919545040611681,"[-0.57, 0.33]",0.542123208904755,0.9340265511747381,False
Prothrombin,Mean Value (nm),delta_time2_vs_time1,20,17,-0.173537599878742,"[-0.58, 0.30]",0.4773949492434669,0.903015757589255,False
Immunoglobulin kappa joining 1,Mean Value (nm),delta_time2_vs_time1,20,17,-0.06825739137074098,"[-0.51, 0.40]",0.7812796490179588,0.979264391124706,False
Immunoglobulin heavy variable 3-7,Mean Value (nm),delta_time2_vs_time1,20,17,-0.1653625013058355,"[-0.58, 0.31]",0.49869441713736573,0.9083198276389947,False
Immunoglobulin heavy variable 3-74,Mean Value (nm),delta_time2_vs_time1,20,17,-0.43555116784129094,"[-0.74, 0.02]",0.062328548977227005,0.6315439015565582,False
Ezrin,Mean Value (nm),delta_time2_vs_time1,20,17,0.5828185132224605,"[0.17, 0.82]",0.008823415849766283,0.4470737252257043,False
Intercellular adhesion molecule 2,Mean Value (nm),delta_time2_vs_time1,20,17,-0.06734817814131272,"[-0.51, 0.40]",0.7841269830489525,0.979264391124706,False
Lysozyme C,Mean Value (nm),delta_time2_vs_time1,20,17,0.11073351611310206,"[-0.36, 0.54]",0.6517732508372093,0.9556244789432,False
Protein AMBP,Mean Value (nm),delta_time2_vs_time1,20,17,-0.19892726720815562,"[-0.60, 0.28]",0.41424569845545767,0.8617189877594513,False
Prolyl endopeptidase FAP,Mean Value (nm),delta_time2_vs_time1,20,17,-0.21027089828472115,"[-0.61, 0.27]",0.3875628328810925,0.8448505927819434,False
"Actin, cytoplasmic 2",Mean Value (nm),delta_time2_vs_time1,20,17,0.16351328494617692,"[-0.31, 0.58]",0.5035751115875553,0.9088916648165632,False
Kallistatin,Mean Value (nm),delta_time2_vs_time1,20,17,0.0772386270774176,"[-0.39, 0.51]",0.7533018658400871,0.9769906339019859,False
Hemopexin,Mean Value (nm),delta_time2_vs_time1,20,17,0.017792017089454115,"[-0.44, 0.47]",0.9423680819313813,0.9828289159510588,False
C4b-binding protein beta chain,Mean Value (nm),delta_time2_vs_time1,20,17,-0.3291308319267933,"[-0.68, 0.15]",0.16883736740448593,0.7378412547139325,False
Peptidyl-prolyl cis-trans isomerase A,Mean Value (nm),delta_time2_vs_time1,20,17,0.5435960092834529,"[0.12, 0.80]",0.0161445137588741,0.47787760726267337,False
Complement C1r subcomponent-like protein,Mean Value (nm),delta_time2_vs_time1,20,17,-0.0359321741800909,"[-0.48, 0.43]",0.8838913826353704,0.979498961893774,False
Immunoglobulin heavy variable 3-30;Immunoglobulin heavy variable 3-30-5,Mean Value (nm),delta_time2_vs_time1,20,17,-0.5965124349659123,"[-0.83, -0.20]",0.00701998161170632,0.40962160786545965,False
Immunoglobulin lambda variable 3-9,Mean Value (nm),delta_time2_vs_time1,20,17,-0.0016071584111907336,"[-0.46, 0.45]",0.9947900040244473,0.9968034941158275,False
Immunoglobulin heavy variable 1-45,Mean Value (nm),delta_time2_vs_time1,20,17,-0.3743589743589742,"[-0.71, 0.10]",0.11432143882289364,0.6966882977677518,False
Hemoglobin subunit gamma-1,Mean Value (nm),delta_time2_vs_time1,20,17,-0.20141661958816726,"[-0.60, 0.28]",0.40830732008918247,0.8562882259360183,False
Apolipoprotein F,Mean Value (nm),delta_time2_vs_time1,20,17,-0.11892972242810639,"[-0.54, 0.35]",0.6277217105359469,0.9545053881926984,False
Immunoglobulin gamma-1 heavy chain,Mean Value (nm),delta_time2_vs_time1,20,17,-0.35518200887312884,"[-0.70, 0.12]",0.1356324027015626,0.7276641962142183,False
Low affinity immunoglobulin gamma Fc region receptor III-B,Mean Value (nm),delta_time2_vs_time1,20,17,0.08287385804876735,"[-0.39, 0.52]",0.7358941158351542,0.9769906339019859,False
Multiple epidermal growth factor-like domains protein 8,Mean Value (nm),delta_time2_vs_time1,20,17,-0.17849581701813466,"[-0.59, 0.30]",0.464701131587412,0.9003786258757829,False
Complement C4-B,Mean Value (nm),delta_time2_vs_time1,20,17,-0.2425651909510671,"[-0.63, 0.24]",0.31702778778699814,0.8211019703683252,False
Glyceraldehyde-3-phosphate dehydrogenase,Mean Value (nm),delta_time2_vs_time1,20,17,0.14024725992612294,"[-0.34, 0.56]",0.5668721317136158,0.9381462115899457,False
Complement C1r subcomponent,Mean Value (nm),delta_time2_vs_time1,20,17,-0.48546797709202016,"[-0.77, -0.04]",0.03511245405926879,0.5332113903097389,False
Sex hormone-binding globulin,Mean Value (nm),delta_time2_vs_time1,20,17,0.40982539485361047,"[-0.05, 0.73]",0.08140292375550132,0.651605980428528,False
Biotinidase,Mean Value (nm),delta_time2_vs_time1,20,17,0.29562379666347705,"[-0.18, 0.66]",0.2191435219416581,0.8049768931977531,False
Cholinesterase,Mean Value (nm),delta_time2_vs_time1,20,17,-0.5811796857015502,"[-0.82, -0.17]",0.009062305241061575,0.4470737252257043,False
Immunoglobulin heavy variable 2-5,Mean Value (nm),delta_time2_vs_time1,20,17,-0.4815309653404934,"[-0.77, -0.03]",0.03684486433838274,0.5332113903097389,False
Immunoglobulin lambda variable 1-36,Mean Value (nm),delta_time2_vs_time1,20,17,-0.027458957440841328,"[-0.48, 0.43]",0.9111520638802125,0.9809260199580644,False
Immunoglobulin kappa variable 3-11,Mean Value (nm),delta_time2_vs_time1,20,17,-0.21657404091210516,"[-0.61, 0.26]",0.37315873319651605,0.8448505927819434,False
Immunoglobulin kappa variable 6-21,Mean Value (nm),delta_time2_vs_time1,20,17,-0.4345662051677208,"[-0.74, 0.02]",0.06299038350310705,0.6315439015565582,False
Immunoglobulin kappa light chain,Mean Value (nm),delta_time2_vs_time1,20,17,0.011284262292906504,"[-0.45, 0.46]",0.9634307174817551,0.9889213341404977,False
Neuropilin-1,Mean Value (nm),delta_time2_vs_time1,20,17,-0.07186434836018198,"[-0.51, 0.40]",0.7700104852629517,0.979264391124706,False
Ficolin-2,Mean Value (nm),delta_time2_vs_time1,20,17,-0.4832438144956931,"[-0.77, -0.04]",0.03608321884177997,0.5332113903097389,False
Gamma-glutamyl hydrolase,Mean Value (nm),delta_time2_vs_time1,20,17,-0.36790065837288327,"[-0.70, 0.10]",0.12121132069540601,0.7175710185168036,False
Keratinocyte proline-rich protein,Mean Value (nm),delta_time2_vs_time1,20,17,0.003207056101967252,"[-0.45, 0.46]",0.989603745631523,0.9968034941158275,False
Kyphoscoliosis peptidase,Mean Value (nm),delta_time2_vs_time1,20,17,-0.09875554833382942,"[-0.53, 0.37]",0.6875167670245939,0.9642582977414559,False
Laminin subunit alpha-2,Mean Value (nm),delta_time2_vs_time1,20,17,-0.6261298593133562,"[-0.84, -0.24]",0.004131379443791685,0.33990766434333936,False
Desmoglein-1,Mean Value (nm),delta_time2_vs_time1,20,17,0.26874460694124136,"[-0.21, 0.64]",0.265911646459344,0.8049768931977531,False
Immunoglobulin lambda variable 3-27,Mean Value (nm),delta_time2_vs_time1,20,17,-0.3852247722723951,"[-0.71, 0.08]",0.10336875634962445,0.686523309412449,False
Myosin-9,Mean Value (nm),delta_time2_vs_time1,20,17,0.4683119246925014,"[0.02, 0.76]",0.04314864097670528,0.536503542546452,False
Versican core protein,Mean Value (nm),delta_time2_vs_time1,20,17,0.049821910746909615,"[-0.41, 0.49]",0.8394865114645875,0.979498961893774,False
Proteasome subunit beta type-3,Mean Value (nm),delta_time2_vs_time1,20,17,0.2739745147626949,"[-0.21, 0.65]",0.25635867921303185,0.8049768931977531,False
Alpha-N-acetylglucosaminidase,Mean Value (nm),delta_time2_vs_time1,20,17,-0.2381835777953984,"[-0.62, 0.24]",0.32611765089683864,0.8252631383498412,False
Caspase-14,Mean Value (nm),delta_time2_vs_time1,20,17,0.09585886469492397,"[-0.37, 0.53]",0.6962604038438549,0.9642582977414559,False
Histidine-rich glycoprotein,Mean Value (nm),delta_time2_vs_time1,20,17,0.2298899649738329,"[-0.25, 0.62]",0.34373905680499683,0.8391190988614592,False
"ATP synthase subunit alpha, mitochondrial",Mean Value (nm),delta_time2_vs_time1,20,17,0.09743589743589745,"[-0.37, 0.53]",0.6914955018536981,0.9642582977414559,False
Immunoglobulin kappa constant,Mean Value (nm),delta_time2_vs_time1,20,17,-0.10756589890767913,"[-0.54, 0.36]",0.6611591005325546,0.958304521219078,False
Interleukin-1 receptor accessory protein,Mean Value (nm),delta_time2_vs_time1,20,17,-0.1819483884692279,"[-0.59, 0.30]",0.4559639389679222,0.8945221963193981,False
Immunoglobulin lambda variable 9-49,Mean Value (nm),delta_time2_vs_time1,20,17,-0.4956385459568428,"[-0.78, -0.05]",0.030928477698184326,0.5332113903097389,False
Plexin domain-containing protein 2,Mean Value (nm),delta_time2_vs_time1,20,17,-0.14759119825121253,"[-0.56, 0.33]",0.5465239569631881,0.9340265511747381,False
Immunoglobulin heavy variable 4-28,Mean Value (nm),delta_time2_vs_time1,20,17,-0.14778019281139276,"[-0.56, 0.33]",0.5460046771988125,0.9340265511747381,False
Desmoplakin,Mean Value (nm),delta_time2_vs_time1,20,17,0.28256116727987357,"[-0.20, 0.65]",0.2411499904929226,0.8049768931977531,False
Endoplasmin,Mean Value (nm),delta_time2_vs_time1,20,17,0.6251846219531548,"[0.24, 0.84]",0.004205265667317097,0.33990766434333936,False
Heparin cofactor 2,Mean Value (nm),delta_time2_vs_time1,20,17,0.2825575515070803,"[-0.20, 0.65]",0.2411562704764414,0.8049768931977531,False
Laminin subunit gamma-1,Mean Value (nm),delta_time2_vs_time1,20,17,-0.0634150328160273,"[-0.50, 0.40]",0.7964740529365131,0.979264391124706,False
Polymeric immunoglobulin receptor,Mean Value (nm),delta_time2_vs_time1,20,17,-0.38799542999673153,"[-0.72, 0.08]",0.10070159138457911,0.6863608465422628,False
Serum amyloid A-4 protein,Mean Value (nm),delta_time2_vs_time1,20,17,0.20836502999226603,"[-0.27, 0.61]",0.39197794559604504,0.8495588946391268,False
Catalase,Mean Value (nm),delta_time2_vs_time1,20,17,0.11767873534031008,"[-0.36, 0.54]",0.631370295128348,0.9545053881926984,False
Complement receptor type 1,Mean Value (nm),delta_time2_vs_time1,20,17,-0.33735910272496356,"[-0.69, 0.14]",0.15780484296551867,0.7278539353623202,False
Immunoglobulin kappa variable 1-27,Mean Value (nm),delta_time2_vs_time1,20,17,-0.3540566696958629,"[-0.70, 0.12]",0.1369638207159967,0.7276641962142183,False
Immunoglobulin kappa variable 2-30,Mean Value (nm),delta_time2_vs_time1,20,17,-0.04792943234746205,"[-0.49, 0.42]",0.845512402351865,0.979498961893774,False
Protein-glutamine gamma-glutamyltransferase E,Mean Value (nm),delta_time2_vs_time1,20,17,0.31424423255933626,"[-0.16, 0.67]",0.19010896113469938,0.7663536332122513,False
Periostin,Mean Value (nm),delta_time2_vs_time1,20,17,0.1444915059953899,"[-0.33, 0.56]",0.5550721957401616,0.9340265511747381,False
Albumin,Mean Value (nm),delta_time2_vs_time1,20,17,0.3343916328623646,"[-0.14, 0.68]",0.16172484290981995,0.728464944585102,False
Complement factor B,Mean Value (nm),delta_time2_vs_time1,20,17,0.30700448396508434,"[-0.17, 0.67]",0.20107418177221154,0.777286762373176,False
Probable non-functional immunoglobulinn kappa variable 1-37;Probable non-functional immunoglobulinn kappa variable 1D-37,Mean Value (nm),delta_time2_vs_time1,20,17,0.10906101674093337,"[-0.36, 0.54]",0.6567228348232329,0.9556244789432,False
Immunoglobulin lambda variable 8-61,Mean Value (nm),delta_time2_vs_time1,20,17,0.10319369911883396,"[-0.37, 0.53]",0.6741938805165634,0.9628964182739307,False
Annexin A1,Mean Value (nm),delta_time2_vs_time1,20,17,0.3143473067309657,"[-0.16, 0.67]",0.18995579741591026,0.7663536332122513,False
CD5 antigen-like,Mean Value (nm),delta_time2_vs_time1,20,17,-0.5373493320568176,"[-0.80, -0.11]",0.01766238852887532,0.4933133182336728,False
RB-associated KRAB zinc finger protein,Mean Value (nm),delta_time2_vs_time1,20,17,0.25315849990518796,"[-0.23, 0.63]",0.2956831272001904,0.8049768931977531,False
Immunoglobulin lambda variable 7-46,Mean Value (nm),delta_time2_vs_time1,20,17,-0.42782458910331866,"[-0.74, 0.03]",0.06766278988078551,0.6315439015565582,False
Basement membrane-specific heparan sulfate proteoglycan core protein,Mean Value (nm),delta_time2_vs_time1,20,17,-0.016981184064936355,"[-0.47, 0.44]",0.9449906572797131,0.9828289159510588,False
Vitamin K-dependent protein C,Mean Value (nm),delta_time2_vs_time1,20,17,0.07651385217919547,"[-0.39, 0.51]",0.7555492506923723,0.9769906339019859,False
Immunoglobulin lambda variable 1-40,Mean Value (nm),delta_time2_vs_time1,20,17,-0.25496982566591714,"[-0.64, 0.23]",0.292123232137348,0.8049768931977531,False
Pantetheinase,Mean Value (nm),delta_time2_vs_time1,20,17,0.21968334298475817,"[-0.26, 0.61]",0.3661658411280895,0.8448505927819434,False
Neutrophil defensin 1;Neutrophil defensin 3,Mean Value (nm),delta_time2_vs_time1,20,17,-0.5409276413950008,"[-0.80, -0.11]",0.016779630581069686,0.4828804800552276,False
Immunoglobulin lambda variable 2-8,Mean Value (nm),delta_time2_vs_time1,20,17,-0.42782458910331866,"[-0.74, 0.03]",0.06766278988078551,0.6315439015565582,False
Immunoglobulin heavy variable 1-18,Mean Value (nm),delta_time2_vs_time1,20,17,-0.4934156384340317,"[-0.77, -0.05]",0.03180794797240629,0.5332113903097389,False
Immunoglobulin kappa variable 3D-15,Mean Value (nm),delta_time2_vs_time1,20,17,-0.2135263366376316,"[-0.61, 0.27]",0.38008539770428396,0.8448505927819434,False
Extracellular matrix protein 1,Mean Value (nm),delta_time2_vs_time1,20,17,-0.041691729325574585,"[-0.49, 0.42]",0.8654305470710187,0.979498961893774,False
Tubulin alpha-1B chain,Mean Value (nm),delta_time2_vs_time1,20,17,0.6458320447316439,"[0.27, 0.85]",0.0028178293710753783,0.33990766434333936,False
Immunoglobulin lambda variable 5-45,Mean Value (nm),delta_time2_vs_time1,20,17,-0.4283353253594961,"[-0.74, 0.03]",0.06730001503567332,0.6315439015565582,False
Alpha-2-HS-glycoprotein,Mean Value (nm),delta_time2_vs_time1,20,17,0.5190019790995902,"[0.08, 0.79]",0.022785306223603113,0.5303551455531277,False
Cartilage acidic protein 1,Mean Value (nm),delta_time2_vs_time1,20,17,0.1402472599261233,"[-0.34, 0.56]",0.5668721317136147,0.9381462115899457,False
Coagulation factor IX,Mean Value (nm),delta_time2_vs_time1,20,17,-0.14785857382953801,"[-0.56, 0.33]",0.5457893834340772,0.9340265511747381,False
Integrin alpha-2,Mean Value (nm),delta_time2_vs_time1,20,17,-0.46844162923210864,"[-0.76, -0.02]",0.04308301926050572,0.536503542546452,False
"Mannosyl-oligosaccharide 1,2-alpha-mannosidase IA",Mean Value (nm),delta_time2_vs_time1,20,17,0.4549230997017393,"[0.00, 0.75]",0.05034503174993385,0.5608328268057147,False
Endophilin-A3,Mean Value (nm),delta_time2_vs_time1,20,17,-0.12064995039188751,"[-0.54, 0.35]",0.6227180412024658,0.9545053881926984,False
Collagen alpha-1(I) chain,Mean Value (nm),delta_time2_vs_time1,20,17,-0.09396026057680446,"[-0.53, 0.38]",0.7020113823400739,0.9645298349397277,False
Carboxypeptidase N subunit 2,Mean Value (nm),delta_time2_vs_time1,20,17,-0.3689779956280309,"[-0.71, 0.10]",0.12004198755995675,0.7147327535179034,False
Scavenger receptor cysteine-rich type 1 protein M130,Mean Value (nm),delta_time2_vs_time1,20,17,-0.12342915028539761,"[-0.55, 0.35]",0.614667539166512,0.9545053881926984,False
Annexin A5,Mean Value (nm),delta_time2_vs_time1,20,17,0.09817025841567084,"[-0.37, 0.53]",0.6892804476448003,0.9642582977414559,False
Platelet factor 4,Mean Value (nm),delta_time2_vs_time1,20,17,-0.027272286633376205,"[-0.48, 0.43]",0.9117538161541467,0.9809260199580644,False
Immunoglobulin heavy variable 3-72,Mean Value (nm),delta_time2_vs_time1,20,17,-0.35293547407898596,"[-0.70, 0.12]",0.13829941480851043,0.7278539353623202,False
Protein HEG homolog 1,Mean Value (nm),delta_time2_vs_time1,20,17,-0.06750065327000651,"[-0.51, 0.40]",0.783649300572084,0.979264391124706,False
Sulfhydryl oxidase 1,Mean Value (nm),delta_time2_vs_time1,20,17,0.1327731483424092,"[-0.34, 0.55]",0.5879127533032665,0.9501990833419408,False
Corticosteroid-binding globulin,Mean Value (nm),delta_time2_vs_time1,20,17,0.26235135353033806,"[-0.22, 0.64]",0.2778878342007644,0.8049768931977531,False
Angiopoietin-related protein 6,Mean Value (nm),delta_time2_vs_time1,20,17,-0.07141991399020033,"[-0.51, 0.40]",0.7713966923367871,0.979264391124706,False
72 kDa type IV collagenase,Mean Value (nm),delta_time2_vs_time1,20,17,-0.06655037439995928,"[-0.51, 0.40]",0.7866275881699443,0.979264391124706,False
Trypsin-3,Mean Value (nm),delta_time2_vs_time1,20,17,-0.34301991811171645,"[-0.69, 0.13]",0.15050929155185538,0.7278539353623202,False
Complement component C9,Mean Value (nm),delta_time2_vs_time1,20,17,0.39850838510937486,"[-0.07, 0.72]",0.09103350074996766,0.6704883427555219,False
Pyruvate kinase PKM,Mean Value (nm),delta_time2_vs_time1,20,17,0.39826008016593595,"[-0.07, 0.72]",0.09125372232483456,0.6704883427555219,False
Immunoglobulin heavy variable 4-34,Mean Value (nm),delta_time2_vs_time1,20,17,-0.4048761437108041,"[-0.73, 0.06]",0.0855175864828316,0.6558517850254834,False
Immunoglobulin kappa variable 6D-21,Mean Value (nm),delta_time2_vs_time1,20,17,-0.17279368676156648,"[-0.58, 0.31]",0.479314225571139,0.903015757589255,False
Immunoglobulin lambda-1 light chain,Mean Value (nm),delta_time2_vs_time1,20,17,-0.03207056101967277,"[-0.48, 0.43]",0.8963015736691773,0.979498961893774,False
Transforming growth factor-beta-induced protein ig-h3,Mean Value (nm),delta_time2_vs_time1,20,17,-0.1174503257210054,"[-0.54, 0.36]",0.6320373516411111,0.9545053881926984,False
Complement C1q subcomponent subunit A,Mean Value (nm),delta_time2_vs_time1,20,17,-0.6332204140091077,"[-0.84, -0.25]",0.003610470842827217,0.33990766434333936,False
Prolow-density lipoprotein receptor-related protein 1,Mean Value (nm),delta_time2_vs_time1,20,17,-0.34641615492470396,"[-0.69, 0.13]",0.14624616740622373,0.7278539353623202,False
Immunoglobulin heavy constant mu,Mean Value (nm),delta_time2_vs_time1,20,17,-0.2282164943890694,"[-0.62, 0.25]",0.3473603401588329,0.8391190988614592,False
UV-stimulated scaffold protein A,Mean Value (nm),delta_time2_vs_time1,20,17,0.1770283348479316,"[-0.30, 0.58]",0.4684402310299681,0.9003786258757829,False
Complement component C6,Mean Value (nm),delta_time2_vs_time1,20,17,0.161662242720176,"[-0.32, 0.57]",0.508483456699952,0.9145639950367191,False
Angiotensinogen,Mean Value (nm),delta_time2_vs_time1,20,17,0.028733867269256915,"[-0.43, 0.48]",0.9070435169167068,0.9801335421758791,False
Pregnancy zone protein,Mean Value (nm),delta_time2_vs_time1,20,17,-0.43503832041106716,"[-0.74, 0.02]",0.06267249619666478,0.6315439015565582,False
Histone H2A type 1-B/E;Histone H2A type 3;Histone H2A type 1-C,Mean Value (nm),delta_time2_vs_time1,20,17,0.09630619306809883,"[-0.37, 0.53]",0.6949077141736486,0.9642582977414559,False
Desmocollin-1,Mean Value (nm),delta_time2_vs_time1,20,17,0.21644119394545475,"[-0.26, 0.61]",0.37345917145154395,0.8448505927819434,False
Protein Z-dependent protease inhibitor,Mean Value (nm),delta_time2_vs_time1,20,17,0.27013574915831234,"[-0.21, 0.65]",0.2633491502913686,0.8049768931977531,False
Immunoglobulin kappa variable 1-17,Mean Value (nm),delta_time2_vs_time1,20,17,-0.10460845109121056,"[-0.53, 0.37]",0.6699661510603636,0.9624223615302337,False
Fibronectin,Mean Value (nm),delta_time2_vs_time1,20,17,-0.32864551330766256,"[-0.68, 0.15]",0.16950407202887638,0.7378412547139325,False
Probable non-functional immunoglobulin heavy variable 3-38,Mean Value (nm),delta_time2_vs_time1,20,17,-0.10175966581017672,"[-0.53, 0.37]",0.6784887889381944,0.9628964182739307,False
Nucleoside diphosphate kinase 3,Mean Value (nm),delta_time2_vs_time1,20,17,0.3370716757383452,"[-0.14, 0.69]",0.15818164429804782,0.7278539353623202,False
Plasma protease C1 inhibitor,Mean Value (nm),delta_time2_vs_time1,20,17,-0.3578723184321766,"[-0.70, 0.12]",0.1324862766534722,0.7276641962142183,False
Immunoglobulin kappa variable 1-16,Mean Value (nm),delta_time2_vs_time1,20,17,-0.5247027070606761,"[-0.79, -0.09]",0.02108209780244143,0.5303551455531277,False
F-actin-capping protein subunit alpha-1,Mean Value (nm),delta_time2_vs_time1,20,17,0.6007151373217702,"[0.20, 0.83]",0.006531158249848184,0.40962160786545965,False
Cathepsin D,Mean Value (nm),delta_time2_vs_time1,20,17,0.11767873534031038,"[-0.36, 0.54]",0.6313702951283471,0.9545053881926984,False
Anthrax toxin receptor 2,Mean Value (nm),delta_time2_vs_time1,20,17,0.01639174670893958,"[-0.44, 0.47]",0.9468974874352089,0.9829517003836437,False
Talin-1,Mean Value (nm),delta_time2_vs_time1,20,17,0.34788877728906414,"[-0.13, 0.69]",0.14442400404755384,0.7278539353623202,False
Protein disulfide-isomerase,Mean Value (nm),delta_time2_vs_time1,20,17,0.3630338092757577,"[-0.11, 0.70]",0.12659466131876798,0.7218926089642522,False
Junction plakoglobin,Mean Value (nm),delta_time2_vs_time1,20,17,0.24428807850097592,"[-0.24, 0.63]",0.31349536734332284,0.8180886664173361,False
Tenascin,Mean Value (nm),delta_time2_vs_time1,20,17,-0.3784326200321377,"[-0.71, 0.09]",0.1101222678723998,0.6914343607018558,False
Cadherin-related family member 5,Mean Value (nm),delta_time2_vs_time1,20,17,-0.027255877313819923,"[-0.48, 0.43]",0.9118067154629498,0.9809260199580644,False
Kininogen-1,Mean Value (nm),delta_time2_vs_time1,20,17,0.39518748190012987,"[-0.07, 0.72]",0.09401107382567049,0.6759341052508534,False
Alpha-1-antichymotrypsin,Mean Value (nm),delta_time2_vs_time1,20,17,0.329085451296845,"[-0.15, 0.68]",0.1688996330258264,0.7378412547139325,False
Integrin alpha-IIb,Mean Value (nm),delta_time2_vs_time1,20,17,-0.13634710852674597,"[-0.56, 0.34]",0.5778106534161045,0.9471706280681713,False
Serum amyloid P-component,Mean Value (nm),delta_time2_vs_time1,20,17,0.21855736106667198,"[-0.26, 0.61]",0.3686895714128954,0.8448505927819434,False
Inter-alpha-trypsin inhibitor heavy chain H1,Mean Value (nm),delta_time2_vs_time1,20,17,-0.23261656246114973,"[-0.62, 0.25]",0.3378860090371675,0.8374399649820705,False
Probable non-functional immunoglobulin heavy variable 3-35,Mean Value (nm),delta_time2_vs_time1,20,17,-0.2977294722442487,"[-0.66, 0.18]",0.21572314646477875,0.8049768931977531,False
Immunoglobulin kappa variable 1-5,Mean Value (nm),delta_time2_vs_time1,20,17,-0.33994794680853113,"[-0.69, 0.14]",0.15443881262855233,0.7278539353623202,False
Band 3 anion transport protein,Mean Value (nm),delta_time2_vs_time1,20,17,-0.37120622003686476,"[-0.71, 0.10]",0.11764898478688426,0.7117782568930379,False
Immunoglobulin lambda variable 7-43,Mean Value (nm),delta_time2_vs_time1,20,17,0.07385121417542152,"[-0.39, 0.51]",0.7638215934558468,0.979264391124706,False
Peroxiredoxin-1,Mean Value (nm),delta_time2_vs_time1,20,17,0.4441772701224672,"[-0.01, 0.75]",0.05675334737690642,0.5993833944380054,False
Matrix metalloproteinase-9,Mean Value (nm),delta_time2_vs_time1,20,17,0.08523708288648492,"[-0.38, 0.52]",0.7286298746892775,0.9769906339019859,False
Multimerin-2,Mean Value (nm),delta_time2_vs_time1,20,17,0.213752068688354,"[-0.27, 0.61]",0.3795699191408516,0.8448505927819434,False
Immunoglobulin heavy variable 1-3,Mean Value (nm),delta_time2_vs_time1,20,17,-0.47920725093136984,"[-0.77, -0.03]",0.03789793399608505,0.536503542546452,False
Podocalyxin,Mean Value (nm),delta_time2_vs_time1,20,17,-0.27001883183330916,"[-0.65, 0.21]",0.2635639150783481,0.8049768931977531,False
Immunoglobulin lambda variable 1-51,Mean Value (nm),delta_time2_vs_time1,20,17,-0.47201810627483287,"[-0.76, -0.02]",0.04130353449918295,0.536503542546452,False
Cadherin-13,Mean Value (nm),delta_time2_vs_time1,20,17,-0.32541924734540195,"[-0.68, 0.15]",0.17398173186248453,0.7387093205308769,False
Plastin-2,Mean Value (nm),delta_time2_vs_time1,20,17,0.20854700854700853,"[-0.27, 0.61]",0.39155518357654673,0.8495588946391268,False
Inter-alpha-trypsin inhibitor heavy chain H4,Mean Value (nm),delta_time2_vs_time1,20,17,-0.35897925292577365,"[-0.70, 0.11]",0.1312068219685922,0.7276641962142183,False
Fructose-bisphosphate aldolase B,Mean Value (nm),delta_time2_vs_time1,20,17,0.34986552974443036,"[-0.12, 0.69]",0.14200297634489553,0.7278539353623202,False
Mannan-binding lectin serine protease 2,Mean Value (nm),delta_time2_vs_time1,20,17,-0.417861186909564,"[-0.73, 0.04]",0.07503557729801423,0.651605980428528,False
Platelet glycoprotein 4,Mean Value (nm),delta_time2_vs_time1,20,17,-0.2820300143660149,"[-0.65, 0.20]",0.24207363384736136,0.8049768931977531,False
Hemoglobin subunit alpha,Mean Value (nm),delta_time2_vs_time1,20,17,-0.4032369690399098,"[-0.72, 0.06]",0.08691340977300188,0.6572430111301456,False
Immunoglobulin lambda variable 3-10,Mean Value (nm),delta_time2_vs_time1,20,17,-0.27321692990240687,"[-0.65, 0.21]",0.25772889096455454,0.8049768931977531,False
Serum paraoxonase/lactonase 3,Mean Value (nm),delta_time2_vs_time1,20,17,0.008094717076543287,"[-0.45, 0.46]",0.9737631288933272,0.9948901395793757,False
Dopamine beta-hydroxylase,Mean Value (nm),delta_time2_vs_time1,20,17,-0.2135263366376318,"[-0.61, 0.27]",0.3800853977042836,0.8448505927819434,False
Triosephosphate isomerase,Mean Value (nm),delta_time2_vs_time1,20,17,0.22660933597787886,"[-0.25, 0.62]",0.3508587925771661,0.8423220331521991,False
Endoplasmic reticulum chaperone BiP,Mean Value (nm),delta_time2_vs_time1,20,17,0.5274571937459449,"[0.10, 0.79]",0.020296045817431333,0.5256675866714715,False
Suprabasin,Mean Value (nm),delta_time2_vs_time1,20,17,0.47411173130123546,"[0.03, 0.76]",0.04028839174356632,0.536503542546452,False
Immunoglobulin kappa variable 3-20,Mean Value (nm),delta_time2_vs_time1,20,17,-0.17196594999739748,"[-0.58, 0.31]",0.48145425222756744,0.9044621545166358,False
Ficolin-1,Mean Value (nm),delta_time2_vs_time1,20,17,-0.57371113481288,"[-0.82, -0.16]",0.010218208662756903,0.4602636597659196,False
Autotaxin,Mean Value (nm),delta_time2_vs_time1,20,17,0.12345309136259626,"[-0.35, 0.55]",0.6145983702831788,0.9545053881926984,False
Histidine ammonia-lyase,Mean Value (nm),delta_time2_vs_time1,20,17,0.26158074333851794,"[-0.22, 0.64]",0.27935353841821264,0.8049768931977531,False
Noelin,Mean Value (nm),delta_time2_vs_time1,20,17,-0.08302566938593536,"[-0.52, 0.39]",0.7354268150708129,0.9769906339019859,False
Prenylcysteine oxidase 1,Mean Value (nm),delta_time2_vs_time1,20,17,-0.6558429728523075,"[-0.86, -0.29]",0.002296456210290998,0.33990766434333936,False
Immunoglobulin delta heavy chain,Mean Value (nm),delta_time2_vs_time1,20,17,-0.404271543035929,"[-0.73, 0.06]",0.08603049978052651,0.6558517850254834,False
Antithrombin-III,Mean Value (nm),delta_time2_vs_time1,20,17,0.2566803447847169,"[-0.22, 0.64]",0.28878558273230737,0.8049768931977531,False
Complement component C7,Mean Value (nm),delta_time2_vs_time1,20,17,0.1486014167386706,"[-0.33, 0.56]",0.5437508745644439,0.9340265511747381,False
BOS complex subunit NOMO3;BOS complex subunit NOMO1;BOS complex subunit NOMO2,Mean Value (nm),delta_time2_vs_time1,20,17,0.5507430677806894,"[0.13, 0.80]",0.014537385517470894,0.4709300614264398,False
Cofilin-1,Mean Value (nm),delta_time2_vs_time1,20,17,0.35196769205074824,"[-0.12, 0.70]",0.13945956468718196,0.7278539353623202,False
Histone H4,Mean Value (nm),delta_time2_vs_time1,20,17,0.3936206353364527,"[-0.07, 0.72]",0.09544028378055765,0.6759341052508534,False
Serum amyloid A-1 protein,Mean Value (nm),delta_time2_vs_time1,20,17,-0.25289193182613745,"[-0.63, 0.23]",0.2962092447498498,0.8049768931977531,False
Transferrin receptor protein 1,Mean Value (nm),delta_time2_vs_time1,20,17,-0.3573400782548796,"[-0.70, 0.12]",0.1331045818503225,0.7276641962142183,False
Serpin B12,Mean Value (nm),delta_time2_vs_time1,20,17,0.042787008150483495,"[-0.42, 0.49]",0.8619271505535792,0.979498961893774,False
Immunoglobulin kappa variable 3D-20,Mean Value (nm),delta_time2_vs_time1,20,17,-0.6097729775725468,"[-0.83, -0.22]",0.005571629107256755,0.40962160786545965,False
Probable non-functional immunoglobulin heavy variable 3-16,Mean Value (nm),delta_time2_vs_time1,20,17,-0.11104504640461171,"[-0.54, 0.36]",0.6508528406153343,0.9556244789432,False
Immunoglobulin lambda variable 6-57,Mean Value (nm),delta_time2_vs_time1,20,17,-0.11229765084331356,"[-0.54, 0.36]",0.6471569363778675,0.9556244789432,False
Fibrinogen alpha chain,Mean Value (nm),delta_time2_vs_time1,20,17,0.3042735042735039,"[-0.17, 0.67]",0.205317093575087,0.7826521348131927,False
Galectin-3-binding protein,Mean Value (nm),delta_time2_vs_time1,20,17,-0.5487878380285874,"[-0.80, -0.13]",0.014963741269313048,0.4709300614264398,False
Macrophage colony-stimulating factor 1 receptor,Mean Value (nm),delta_time2_vs_time1,20,17,0.3182008597556313,"[-0.16, 0.67]",0.18428873973769844,0.7636925374730223,False
Phosphatidylinositol-glycan-specific phospholipase D,Mean Value (nm),delta_time2_vs_time1,20,17,0.2496234057545662,"[-0.23, 0.63]",0.3027064505396277,0.8049768931977531,False
Serotransferrin,Mean Value (nm),delta_time2_vs_time1,20,17,0.22924598487664208,"[-0.25, 0.62]",0.3451299873538869,0.8391190988614592,False
Integrin alpha-11,Mean Value (nm),delta_time2_vs_time1,20,17,-0.21064373243314757,"[-0.61, 0.27]",0.3867023635912753,0.8448505927819434,False
Proprotein convertase subtilisin/kexin type 9,Mean Value (nm),delta_time2_vs_time1,20,17,-0.11250108878334396,"[-0.54, 0.36]",0.6465574201167252,0.9556244789432,False
Gelsolin,Mean Value (nm),delta_time2_vs_time1,20,17,0.3835668729891821,"[-0.09, 0.71]",0.1049889037783834,0.686523309412449,False
Proteoglycan 4,Mean Value (nm),delta_time2_vs_time1,20,17,-0.1153411411316856,"[-0.54, 0.36]",0.6382099054264431,0.9556244789432,False
Vascular cell adhesion protein 1,Mean Value (nm),delta_time2_vs_time1,20,17,0.18632478632478638,"[-0.29, 0.59]",0.4450107694166826,0.8877460379216469,False
Adhesion G protein-coupled receptor F5,Mean Value (nm),delta_time2_vs_time1,20,17,0.07734359737982034,"[-0.39, 0.51]",0.7529765304504914,0.9769906339019859,False
Insulin-like growth factor-binding protein 3,Mean Value (nm),delta_time2_vs_time1,20,17,-0.30301993186787984,"[-0.67, 0.18]",0.20728431229731978,0.7853994806823799,False
Transthyretin,Mean Value (nm),delta_time2_vs_time1,20,17,0.36944607392408413,"[-0.10, 0.71]",0.11953644714253867,0.7147327535179034,False
Coiled-coil domain-containing protein 126,Mean Value (nm),delta_time2_vs_time1,20,17,-0.11929077281072539,"[-0.54, 0.35]",0.6266702148033587,0.9545053881926984,False
Guanine nucleotide-binding protein G(i) subunit alpha-2,Mean Value (nm),delta_time2_vs_time1,20,17,-0.038815207076037965,"[-0.48, 0.42]",0.8746427812770634,0.979498961893774,False
Apolipoprotein C-I,Mean Value (nm),delta_time2_vs_time1,20,17,-0.1770283348479316,"[-0.58, 0.30]",0.4684402310299681,0.9003786258757829,False
Syntenin-1,Mean Value (nm),delta_time2_vs_time1,20,17,-0.3895987168975441,"[-0.72, 0.08]",0.09918112975465028,0.6825967906207056,False
Phospholipid transfer protein,Mean Value (nm),delta_time2_vs_time1,20,17,-0.3171462564828768,"[-0.67, 0.16]",0.18582820899363495,0.765224578100695,False
Laminin subunit beta-1,Mean Value (nm),delta_time2_vs_time1,20,17,-0.05396433021558754,"[-0.50, 0.41]",0.826326752969196,0.979498961893774,False
Proline-rich protein 4,Mean Value (nm),delta_time2_vs_time1,20,17,0.3917843065047015,"[-0.08, 0.72]",0.09713533331590075,0.6759341052508534,False
Immunoglobulin kappa variable 2-28;Immunoglobulin kappa variable 2D-28,Mean Value (nm),delta_time2_vs_time1,20,17,-0.2775637566437331,"[-0.65, 0.20]",0.24992953896010273,0.8049768931977531,False
Complement C3,Mean Value (nm),delta_time2_vs_time1,20,17,-0.16496134509950944,"[-0.58, 0.31]",0.4997512565195241,0.9083198276389947,False
Thyroxine-binding globulin,Mean Value (nm),delta_time2_vs_time1,20,17,0.1985891817133477,"[-0.28, 0.60]",0.41505576727023763,0.8617189877594513,False
Immunoglobulin kappa variable 1D-13;Immunoglobulin kappa variable 1-13,Mean Value (nm),delta_time2_vs_time1,20,17,0.032665612890991805,"[-0.43, 0.48]",0.8943876619867931,0.979498961893774,False
Complement factor H-related protein 5,Mean Value (nm),delta_time2_vs_time1,20,17,0.21691020571033442,"[-0.26, 0.61]",0.37239909186288733,0.8448505927819434,False
Immunoglobulin lambda variable 2-23,Mean Value (nm),delta_time2_vs_time1,20,17,-0.4155013081202606,"[-0.73, 0.05]",0.07686582553439159,0.651605980428528,False
Coagulation factor VII,Mean Value (nm),delta_time2_vs_time1,20,17,0.024101133967814912,"[-0.43, 0.47]",0.9219831207435301,0.9816798695686507,False
Immunoglobulin heavy constant gamma 4,Mean Value (nm),delta_time2_vs_time1,20,17,0.065910567178945,"[-0.40, 0.51]",0.7886344221483707,0.979264391124706,False
L-lactate dehydrogenase B chain,Mean Value (nm),delta_time2_vs_time1,20,17,0.36521546926806986,"[-0.11, 0.70]",0.12416097039622705,0.7218926089642522,False
Zinc-alpha-2-glycoprotein,Mean Value (nm),delta_time2_vs_time1,20,17,0.34232474158360393,"[-0.13, 0.69]",0.1513924047276826,0.7278539353623202,False
"Dihydrolipoyllysine-residue succinyltransferase component of 2-oxoglutarate dehydrogenase complex, mitochondrial",Mean Value (nm),delta_time2_vs_time1,20,17,-0.03532014590998417,"[-0.48, 0.43]",0.8858566250959142,0.979498961893774,False
Serpin B3,Mean Value (nm),delta_time2_vs_time1,20,17,0.3027424186627237,"[-0.18, 0.67]",0.2077214842731391,0.7853994806823799,False
Immunoglobulin heavy variable 3-33,Mean Value (nm),delta_time2_vs_time1,20,17,-0.6244272174636126,"[-0.84, -0.24]",0.004265250614346922,0.33990766434333936,False
Follistatin-related protein 1,Mean Value (nm),delta_time2_vs_time1,20,17,-0.24456289400608414,"[-0.63, 0.24]",0.31293410072243744,0.8180886664173361,False
Cholesteryl ester transfer protein,Mean Value (nm),delta_time2_vs_time1,20,17,0.33044584066841404,"[-0.15, 0.68]",0.16703986610591204,0.7378412547139325,False
Complement C1q subcomponent subunit C,Mean Value (nm),delta_time2_vs_time1,20,17,-0.5957070098728078,"[-0.83, -0.19]",0.007116977742836172,0.40962160786545965,False
Immunoglobulin heavy variable 4-30-2,Mean Value (nm),delta_time2_vs_time1,20,17,0.11089393037215332,"[-0.36, 0.54]",0.6512992497044663,0.9556244789432,False
Thrombospondin-4,Mean Value (nm),delta_time2_vs_time1,20,17,-0.4312671551002716,"[-0.74, 0.03]",0.06524558973857732,0.6315439015565582,False
Transketolase,Mean Value (nm),delta_time2_vs_time1,20,17,0.048127564647134434,"[-0.42, 0.49]",0.8448811331888842,0.979498961893774,False
Complement receptor type 2,Mean Value (nm),delta_time2_vs_time1,20,17,-0.4087745186488602,"[-0.73, 0.06]",0.08226413949102819,0.651605980428528,False
Immunoglobulin kappa variable 2-40;Immunoglobulin kappa variable 2D-40,Mean Value (nm),delta_time2_vs_time1,20,17,0.18930175427872864,"[-0.29, 0.59]",0.43763877793669104,0.883808526203532,False
Immunoglobulin kappa variable 3D-7,Mean Value (nm),delta_time2_vs_time1,20,17,0.01770283348479341,"[-0.44, 0.47]",0.9426565119368582,0.9828289159510588,False
Immunoglobulin heavy variable 3-64,Mean Value (nm),delta_time2_vs_time1,20,17,-0.5486205996678499,"[-0.80, -0.13]",0.015000667979799723,0.4709300614264398,False
Vitronectin,Mean Value (nm),delta_time2_vs_time1,20,17,0.05940206357588265,"[-0.41, 0.50]",0.8091195813629286,0.979264391124706,False
Complement component C8 gamma chain,Mean Value (nm),delta_time2_vs_time1,20,17,0.12293810031704572,"[-0.35, 0.55]",0.6160869324765286,0.9545053881926984,False
Immunoglobulin heavy variable 5-51,Mean Value (nm),delta_time2_vs_time1,20,17,-0.7286409366276746,"[-0.89, -0.41]",0.00040272572556919705,0.33990766434333936,False
Coagulation factor V,Mean Value (nm),delta_time2_vs_time1,20,17,-0.07535448433820804,"[-0.51, 0.39]",0.7591481276941107,0.9769906339019859,False
Protein S100-A7,Mean Value (nm),delta_time2_vs_time1,20,17,0.378477241640304,"[-0.09, 0.71]",0.11007689297031382,0.6914343607018558,False
Arginase-1,Mean Value (nm),delta_time2_vs_time1,20,17,0.061007524753609065,"[-0.40, 0.50]",0.8040548890883943,0.979264391124706,False
Protein-glutamine gamma-glutamyltransferase K,Mean Value (nm),delta_time2_vs_time1,20,17,0.26035966261288174,"[-0.22, 0.64]",0.28168579679208816,0.8049768931977531,False
Immunoglobulin kappa variable 4-1,Mean Value (nm),delta_time2_vs_time1,20,17,-0.5015874492935465,"[-0.78, -0.06]",0.02866784570557447,0.5303551455531277,False
Coagulation factor XIII B chain,Mean Value (nm),delta_time2_vs_time1,20,17,0.13427774639211182,"[-0.34, 0.55]",0.5836508393730607,0.9475553740811739,False
Apolipoprotein C-II,Mean Value (nm),delta_time2_vs_time1,20,17,-0.5455839309590264,"[-0.80, -0.12]",0.015683932649865277,0.47787760726267337,False
Bone marrow proteoglycan,Mean Value (nm),delta_time2_vs_time1,20,17,-0.11069339868840922,"[-0.54, 0.36]",0.6518918120704236,0.9556244789432,False
Apolipoprotein A-I,Mean Value (nm),delta_time2_vs_time1,20,17,0.0578577028028627,"[-0.41, 0.50]",0.8139983904646142,0.979264391124706,False
Coagulation factor X,Mean Value (nm),delta_time2_vs_time1,20,17,0.3367852529215849,"[-0.14, 0.69]",0.15855774426547287,0.7278539353623202,False
Thioredoxin,Mean Value (nm),delta_time2_vs_time1,20,17,0.0531085004543792,"[-0.41, 0.50]",0.829042064439075,0.979498961893774,False
Immunoglobulin heavy variable 3-15,Mean Value (nm),delta_time2_vs_time1,20,17,-0.4317174172018221,"[-0.74, 0.03]",0.06493428384794783,0.6315439015565582,False
Proteasome subunit beta type-2,Mean Value (nm),delta_time2_vs_time1,20,17,0.20089351927960022,"[-0.28, 0.60]",0.40955134238359403,0.8571620014331383,False
Apolipoprotein A-II,Mean Value (nm),delta_time2_vs_time1,20,17,-0.3108371357392671,"[-0.67, 0.17]",0.19521831191273376,0.7689968484471186,False
Immunoglobulin heavy constant gamma 2,Mean Value (nm),delta_time2_vs_time1,20,17,0.06589349485881621,"[-0.40, 0.50]",0.7886879891001748,0.979264391124706,False
Plakophilin-1,Mean Value (nm),delta_time2_vs_time1,20,17,0.2539310289681195,"[-0.23, 0.63]",0.29416162202562024,0.8049768931977531,False
Fetuin-B,Mean Value (nm),delta_time2_vs_time1,20,17,0.3354112241337236,"[-0.14, 0.69]",0.1603705209634191,0.7278539353623202,False
Complement factor H-related protein 3,Mean Value (nm),delta_time2_vs_time1,20,17,0.1239486889773342,"[-0.35, 0.55]",0.6131672244980825,0.9545053881926984,False
Plasminogen,Mean Value (nm),delta_time2_vs_time1,20,17,0.2853676476721217,"[-0.19, 0.65]",0.23630714278902068,0.8049768931977531,False
Fermitin family homolog 3,Mean Value (nm),delta_time2_vs_time1,20,17,0.029140981475556348,"[-0.43, 0.48]",0.905732014565787,0.9801335421758791,False
Immunoglobulin heavy variable 3-21,Mean Value (nm),delta_time2_vs_time1,20,17,-0.47361104742933363,"[-0.76, -0.02]",0.040529394198913424,0.536503542546452,False
Immunoglobulin heavy variable 2-26,Mean Value (nm),delta_time2_vs_time1,20,17,-0.2837817814438905,"[-0.65, 0.20]",0.23903596709706312,0.8049768931977531,False
Immunoglobulin kappa variable 1-12;Immunoglobulin kappa variable 1D-12,Mean Value (nm),delta_time2_vs_time1,20,17,-0.4445868034988726,"[-0.75, 0.01]",0.05649836591380364,0.5993833944380054,False
Immunoglobulin heavy constant gamma 3,Mean Value (nm),delta_time2_vs_time1,20,17,-0.2065360085326368,"[-0.60, 0.27]",0.39624097056543006,0.8523341672027778,False
Immunoglobulin kappa variable 2D-29,Mean Value (nm),delta_time2_vs_time1,20,17,-0.6044043840825514,"[-0.83, -0.21]",0.006125274266701395,0.40962160786545965,False
Neogenin,Mean Value (nm),delta_time2_vs_time1,20,17,-0.24301162329125134,"[-0.63, 0.24]",0.31611020448307886,0.8207773730437837,False
Immunoglobulin heavy variable 6-1,Mean Value (nm),delta_time2_vs_time1,20,17,-0.4694935904395182,"[-0.76, -0.02]",0.04255362223904069,0.536503542546452,False
L-selectin,Mean Value (nm),delta_time2_vs_time1,20,17,0.10607245513858153,"[-0.37, 0.53]",0.6656012211882786,0.9590582269138479,False
Immunoglobulin lambda constant 3,Mean Value (nm),delta_time2_vs_time1,20,17,0.06107201962524386,"[-0.40, 0.50]",0.80385158405045,0.979264391124706,False
A disintegrin and metalloproteinase with thrombospondin motifs 13,Mean Value (nm),delta_time2_vs_time1,20,17,-0.2550763947432649,"[-0.64, 0.23]",0.291914604596372,0.8049768931977531,False
von Willebrand factor,Mean Value (nm),delta_time2_vs_time1,20,17,-0.3577864947832191,"[-0.70, 0.12]",0.13258584141685892,0.7276641962142183,False
Neutral alpha-glucosidase AB,Mean Value (nm),delta_time2_vs_time1,20,17,0.2419111614661932,"[-0.24, 0.63]",0.3183749216754981,0.8211532672597082,False
Carbonic anhydrase 1,Mean Value (nm),delta_time2_vs_time1,20,17,-0.05906661946353632,"[-0.50, 0.41]",0.8101787203697642,0.979264391124706,False
Immunoglobulin lambda variable 4-60,Mean Value (nm),delta_time2_vs_time1,20,17,-0.4672228845835991,"[-0.76, -0.02]",0.04370264991901585,0.536503542546452,False
Integrin beta-1,Mean Value (nm),delta_time2_vs_time1,20,17,-0.07602599613735361,"[-0.51, 0.39]",0.7570630569547004,0.9769906339019859,False
Immunoglobulin lambda variable 3-12,Mean Value (nm),delta_time2_vs_time1,20,17,-0.07058709481579688,"[-0.51, 0.40]",0.7739960695207466,0.979264391124706,False
Alpha-amylase 1B;Alpha-amylase 1C;Alpha-amylase 1A,Mean Value (nm),delta_time2_vs_time1,20,17,0.3386144947504826,"[-0.14, 0.69]",0.15616633036185748,0.7278539353623202,False
Lumican,Mean Value (nm),delta_time2_vs_time1,20,17,0.2677891845142674,"[-0.21, 0.64]",0.26768054180970835,0.8049768931977531,False
Beta-Ala-His dipeptidase,Mean Value (nm),delta_time2_vs_time1,20,17,0.20472875874273153,"[-0.28, 0.60]",0.4004781081324902,0.8536502345722878,False
Immunoglobulin alpha-2 heavy chain,Mean Value (nm),delta_time2_vs_time1,20,17,-0.51152544826378,"[-0.78, -0.07]",0.025181440751101476,0.5303551455531277,False
Complement C5,Mean Value (nm),delta_time2_vs_time1,20,17,-0.34383834722360784,"[-0.69, 0.13]",0.14947418392708486,0.7278539353623202,False
Protein S100-A8,Mean Value (nm),delta_time2_vs_time1,20,17,0.06533122578198358,"[-0.40, 0.50]",0.7904526982240286,0.979264391124706,False
Immunoglobulin lambda variable 3-25,Mean Value (nm),delta_time2_vs_time1,20,17,-0.030480790943185183,"[-0.48, 0.43]",0.901417537798118,0.9801335421758791,False
Leukocyte immunoglobulin-like receptor subfamily B member 3;Leukocyte immunoglobulin-like receptor subfamily A member 6,Mean Value (nm),delta_time2_vs_time1,20,17,0.15393869289442905,"[-0.32, 0.57]",0.529206462130181,0.9324113856579379,False
Collagen alpha-3(VI) chain,Mean Value (nm),delta_time2_vs_time1,20,17,-0.4720823052174561,"[-0.76, -0.02]",0.0412721168460687,0.536503542546452,False
Immunoglobulin kappa variable 1-39;Immunoglobulin kappa variable 1D-39,Mean Value (nm),delta_time2_vs_time1,20,17,-0.25847924961397517,"[-0.64, 0.22]",0.2853007685740218,0.8049768931977531,False
Bleomycin hydrolase,Mean Value (nm),delta_time2_vs_time1,20,17,0.16391746708939453,"[-0.31, 0.58]",0.5025063883962231,0.9088916648165632,False
CD166 antigen,Mean Value (nm),delta_time2_vs_time1,20,17,-0.11871654458563174,"[-0.54, 0.35]",0.6283428762751309,0.9545053881926984,False
Beta-2-microglobulin,Mean Value (nm),delta_time2_vs_time1,20,17,0.25903094644938923,"[-0.22, 0.64]",0.2842372276444178,0.8049768931977531,False
Amino acid transporter heavy chain SLC3A2,Mean Value (nm),delta_time2_vs_time1,20,17,-0.09366238493849983,"[-0.53, 0.38]",0.7029150824126394,0.9645298349397277,False
Haptoglobin-related protein,Mean Value (nm),delta_time2_vs_time1,20,17,-0.48187447329876426,"[-0.77, -0.04]",0.036691130845972655,0.5332113903097389,False
Alpha-1-acid glycoprotein 1,Mean Value (nm),delta_time2_vs_time1,20,17,0.17969937260348598,"[-0.30, 0.59]",0.46164580921573783,0.9003786258757829,False
Serum paraoxonase/arylesterase 1,Mean Value (nm),delta_time2_vs_time1,20,17,-0.12011530989260988,"[-0.54, 0.35]",0.6242714813542276,0.9545053881926984,False
Target of Nesh-SH3,Mean Value (nm),delta_time2_vs_time1,20,17,0.17443934092120053,"[-0.30, 0.58]",0.47507361452671637,0.903015757589255,False
Intercellular adhesion molecule 1,Mean Value (nm),delta_time2_vs_time1,20,17,-0.03210922355453122,"[-0.48, 0.43]",0.8961772035771501,0.979498961893774,False
Complement C4-A,Mean Value (nm),delta_time2_vs_time1,20,17,-0.36283422616620165,"[-0.70, 0.11]",0.12681897184507135,0.7218926089642522,False
Coagulation factor XIII A chain,Mean Value (nm),delta_time2_vs_time1,20,17,-0.33589610793884134,"[-0.69, 0.14]",0.15972918992718707,0.7278539353623202,False
Immunoglobulin mu heavy chain,Mean Value (nm),delta_time2_vs_time1,20,17,-0.4181198450046963,"[-0.73, 0.04]",0.07483695270112482,0.651605980428528,False
Oncoprotein-induced transcript 3 protein,Mean Value (nm),delta_time2_vs_time1,20,17,0.0717591160812936,"[-0.40, 0.51]",0.770338648433385,0.979264391124706,False
Peroxiredoxin-2,Mean Value (nm),delta_time2_vs_time1,20,17,0.24849377810472886,"[-0.23, 0.63]",0.3049717897763386,0.8049768931977531,False
Tissue factor pathway inhibitor,Mean Value (nm),delta_time2_vs_time1,20,17,0.006511817206739814,"[-0.45, 0.46]",0.9788924576299334,0.9954828074133414,False
Progranulin,Mean Value (nm),delta_time2_vs_time1,20,17,0.09465087713936421,"[-0.38, 0.53]",0.6999176523141671,0.9645298349397277,False
Histone H2B type 1-K;Histone H2B type F-S,Mean Value (nm),delta_time2_vs_time1,20,17,0.3756779155880137,"[-0.09, 0.71]",0.11294952920014972,0.6956194896640671,False
Hemoglobin subunit delta,Mean Value (nm),delta_time2_vs_time1,20,17,-0.568333256915201,"[-0.81, -0.15]",0.01112203007773132,0.4709300614264398,False
Glutathione S-transferase P,Mean Value (nm),delta_time2_vs_time1,20,17,0.44475128257533847,"[-0.01, 0.75]",0.056396202813237685,0.5993833944380054,False
Annexin A6,Mean Value (nm),delta_time2_vs_time1,20,17,0.15189509994311237,"[-0.32, 0.57]",0.5347540638821214,0.9339693859617983,False
Complement factor H-related protein 1,Mean Value (nm),delta_time2_vs_time1,20,17,0.20438725932442964,"[-0.28, 0.60]",0.4012815291860079,0.8536502345722878,False
Protein KPLCE,Mean Value (nm),delta_time2_vs_time1,20,17,0.17282990859823635,"[-0.31, 0.58]",0.4792206856698097,0.903015757589255,False
Immunoglobulin heavy variable 4-4,Mean Value (nm),delta_time2_vs_time1,20,17,-0.04075484175584755,"[-0.49, 0.42]",0.8684292184473028,0.979498961893774,False
Alpha-1B-glycoprotein,Mean Value (nm),delta_time2_vs_time1,20,17,0.2564158793805405,"[-0.22, 0.64]",0.2893000885654404,0.8049768931977531,False
Properdin,Mean Value (nm),delta_time2_vs_time1,20,17,-0.40926790771293714,"[-0.73, 0.06]",0.0818589652457908,0.651605980428528,False
Immunoglobulin heavy variable 3-53,Mean Value (nm),delta_time2_vs_time1,20,17,-0.2582055079406014,"[-0.64, 0.22]",0.2858293836870335,0.8049768931977531,False
Calmodulin-like protein 5,Mean Value (nm),delta_time2_vs_time1,20,17,0.28371859479307676,"[-0.20, 0.65]",0.2391451097866609,0.8049768931977531,False
Carboxypeptidase B2,Mean Value (nm),delta_time2_vs_time1,20,17,0.05840858285686682,"[-0.41, 0.50]",0.8122573365498981,0.979264391124706,False
"Sushi, nidogen and EGF-like domain-containing protein 1",Mean Value (nm),delta_time2_vs_time1,20,17,0.07545667535314797,"[-0.39, 0.51]",0.7588307175009661,0.9769906339019859,False
Proteasome subunit alpha type-5,Mean Value (nm),delta_time2_vs_time1,20,17,0.12560816753127993,"[-0.35, 0.55]",0.6083848895919771,0.9545053881926984,False
Bifunctional heparan sulfate N-deacetylase/N-sulfotransferase 4,Mean Value (nm),delta_time2_vs_time1,20,17,0.29500285708598323,"[-0.18, 0.66]",0.22015886444592758,0.8049768931977531,False
Immunoglobulin heavy variable 3-9,Mean Value (nm),delta_time2_vs_time1,20,17,-0.5090436263109771,"[-0.78, -0.07]",0.026019123673061063,0.5303551455531277,False
Neural cell adhesion molecule L1-like protein,Mean Value (nm),delta_time2_vs_time1,20,17,0.08765171262433645,"[-0.38, 0.52]",0.7212304272699754,0.9720008439065221,False
Proteasome subunit alpha type-2,Mean Value (nm),delta_time2_vs_time1,20,17,0.29379555527786966,"[-0.19, 0.66]",0.22214177077416844,0.8049768931977531,False
Intercellular adhesion molecule 3,Mean Value (nm),delta_time2_vs_time1,20,17,0.2004410063729544,"[-0.28, 0.60]",0.41062914559340735,0.8576850702313912,False
Receptor-type tyrosine-protein phosphatase eta,Mean Value (nm),delta_time2_vs_time1,20,17,-0.11871465946293168,"[-0.54, 0.35]",0.6283483702852328,0.9545053881926984,False
ADAMTS-like protein 4,Mean Value (nm),delta_time2_vs_time1,20,17,0.14609696717311632,"[-0.33, 0.56]",0.5506372980186605,0.9340265511747381,False
Immunoglobulin lambda variable 3-21,Mean Value (nm),delta_time2_vs_time1,20,17,-0.4169172932557452,"[-0.73, 0.05]",0.07576371300369171,0.651605980428528,False
Cartilage oligomeric matrix protein,Mean Value (nm),delta_time2_vs_time1,20,17,0.1338718627636009,"[-0.34, 0.55]",0.5847992536766238,0.9475553740811739,False
Neural cell adhesion molecule 1,Mean Value (nm),delta_time2_vs_time1,20,17,-0.2545218131554884,"[-0.64, 0.23]",0.2930012896837852,0.8049768931977531,False
Immunoglobulin lambda variable 2-11,Mean Value (nm),delta_time2_vs_time1,20,17,-0.4635718109130261,"[-0.76, -0.01]",0.04559984902335044,0.5481585312958559,False
Immunoglobulin kappa variable 1D-33;Immunoglobulin kappa variable 1-33,Mean Value (nm),delta_time2_vs_time1,20,17,-0.3801461108754469,"[-0.71, 0.09]",0.10838946682661295,0.6914343607018558,False
Beta-2-glycoprotein 1,Mean Value (nm),delta_time2_vs_time1,20,17,0.04544903617558178,"[-0.42, 0.49]",0.8534227003370101,0.979498961893774,False
Vitamin D-binding protein,Mean Value (nm),delta_time2_vs_time1,20,17,0.4057949658534107,"[-0.06, 0.73]",0.0847424049141657,0.6558517850254834,False
Filamin-A,Mean Value (nm),delta_time2_vs_time1,20,17,0.32786031588288805,"[-0.15, 0.68]",0.1705865267593135,0.7387093205308769,False
Reelin,Mean Value (nm),delta_time2_vs_time1,20,17,-0.49407324634020533,"[-0.77, -0.05]",0.03154577083005206,0.5332113903097389,False
Immunoglobulin lambda variable 5-39,Mean Value (nm),delta_time2_vs_time1,20,17,-0.5618485417250612,"[-0.81, -0.14]",0.012296368763416637,0.4709300614264398,False
Fatty acid-binding protein 5,Mean Value (nm),delta_time2_vs_time1,20,17,0.5121421156947709,"[0.08, 0.78]",0.024976621260728457,0.5303551455531277,False
"HLA class I histocompatibility antigen, A alpha chain",Mean Value (nm),delta_time2_vs_time1,20,17,0.18690746514197426,"[-0.29, 0.59]",0.4435628172467644,0.8877460379216469,False
Low affinity immunoglobulin gamma Fc region receptor III-A,Mean Value (nm),delta_time2_vs_time1,20,17,-0.23657851323802545,"[-0.62, 0.24]",0.32948553201711595,0.8278548723042409,False
Heat shock 70 kDa protein 1A;Heat shock 70 kDa protein 1B,Mean Value (nm),delta_time2_vs_time1,20,17,0.49661194905790457,"[0.05, 0.78]",0.030549377107081905,0.5332113903097389,False
Apolipoprotein D,Mean Value (nm),delta_time2_vs_time1,20,17,-0.009799683867297241,"[-0.46, 0.45]",0.9682393551051327,0.9912015532499184,False
Plexin-B1,Mean Value (nm),delta_time2_vs_time1,20,17,0.05949860567271127,"[-0.41, 0.50]",0.8088148159002215,0.979264391124706,False
Immunoglobulin heavy variable 1-58,Mean Value (nm),delta_time2_vs_time1,20,17,-0.3041668662387187,"[-0.67, 0.17]",0.2054839581748923,0.7826521348131927,False
Apolipoprotein C-IV,Mean Value (nm),delta_time2_vs_time1,20,17,-0.5051103455763089,"[-0.78, -0.07]",0.027391316779878765,0.5303551455531277,False
Monocyte differentiation antigen CD14,Mean Value (nm),delta_time2_vs_time1,20,17,0.2736014371871672,"[-0.21, 0.65]",0.2570328734055873,0.8049768931977531,False
Protein MENT,Mean Value (nm),delta_time2_vs_time1,20,17,-0.11767873534031008,"[-0.54, 0.36]",0.631370295128348,0.9545053881926984,False
Immunoglobulin epsilon heavy chain,Mean Value (nm),delta_time2_vs_time1,20,17,-0.001639174670893937,"[-0.46, 0.45]",0.9946862168905798,0.9968034941158275,False
Complement factor H,Mean Value (nm),delta_time2_vs_time1,20,17,-0.3854542321137053,"[-0.71, 0.08]",0.10314595150620362,0.686523309412449,False
Stabilin-1,Mean Value (nm),delta_time2_vs_time1,20,17,0.038854641967407955,"[-0.42, 0.48]",0.8745163815653383,0.979498961893774,False
Macrophage receptor MARCO,Mean Value (nm),delta_time2_vs_time1,20,17,-0.05990090636642096,"[-0.50, 0.41]",0.8075451115146269,0.979264391124706,False
Protein POF1B,Mean Value (nm),delta_time2_vs_time1,20,17,0.5754973769382293,"[0.16, 0.82]",0.009931485328674538,0.4602636597659196,False
Phosphatidylcholine-sterol acyltransferase,Mean Value (nm),delta_time2_vs_time1,20,17,-0.057796602398156004,"[-0.50, 0.41]",0.8141915496216403,0.979264391124706,False
Clusterin,Mean Value (nm),delta_time2_vs_time1,20,17,-0.12249604834121963,"[-0.55, 0.35]",0.6173658125842136,0.9545053881926984,False
Platelet-activating factor acetylhydrolase,Mean Value (nm),delta_time2_vs_time1,20,17,-0.06252818913170462,"[-0.50, 0.40]",0.7992645816231958,0.979264391124706,False
Vasorin,Mean Value (nm),delta_time2_vs_time1,20,17,0.18609324996892004,"[-0.29, 0.59]",0.4455868144008266,0.8877460379216469,False
Myeloperoxidase,Mean Value (nm),delta_time2_vs_time1,20,17,-0.21473188188710657,"[-0.61, 0.27]",0.3773369630025397,0.8448505927819434,False
Immunoglobulin lambda variable 5-52,Mean Value (nm),delta_time2_vs_time1,20,17,-0.265181137846454,"[-0.64, 0.21]",0.2725464557661102,0.8049768931977531,False
Carboxypeptidase N catalytic chain,Mean Value (nm),delta_time2_vs_time1,20,17,-0.4470419882052688,"[-0.75, 0.01]",0.05498783852101624,0.5993833944380054,False
Fibrinogen gamma chain,Mean Value (nm),delta_time2_vs_time1,20,17,-0.12031891161783607,"[-0.54, 0.35]",0.6236797210891405,0.9545053881926984,False
Soluble scavenger receptor cysteine-rich domain-containing protein SSC5D,Mean Value (nm),delta_time2_vs_time1,20,17,-0.4269672778364196,"[-0.74, 0.03]",0.06827501638449278,0.6315439015565582,False
Tetranectin,Mean Value (nm),delta_time2_vs_time1,20,17,0.1678567242826648,"[-0.31, 0.58]",0.49214773928438427,0.9048707345805562,False
Apolipoprotein(a),Mean Value (nm),delta_time2_vs_time1,20,17,0.03934019210145431,"[-0.42, 0.48]",0.8729602987102946,0.979498961893774,False
Alpha-2-antiplasmin,Mean Value (nm),delta_time2_vs_time1,20,17,0.13485873892903072,"[-0.34, 0.56]",0.582008632476567,0.9475553740811739,False
Retroviral-like aspartic protease 1,Mean Value (nm),delta_time2_vs_time1,20,17,0.6655037439995942,"[0.30, 0.86]",0.0018718687275195828,0.33990766434333936,False
Ficolin-3,Mean Value (nm),delta_time2_vs_time1,20,17,-0.4821475233571893,"[-0.77, -0.04]",0.03656928419493814,0.5332113903097389,False
Immunoglobulin kappa variable 2-24,Mean Value (nm),delta_time2_vs_time1,20,17,-0.5016806770082952,"[-0.78, -0.06]",0.028633476458239344,0.5303551455531277,False
Immunoglobulin superfamily containing leucine-rich repeat protein,Mean Value (nm),delta_time2_vs_time1,20,17,0.29518239650242445,"[-0.18, 0.66]",0.21986497232098964,0.8049768931977531,False
Complement factor D,Mean Value (nm),delta_time2_vs_time1,20,17,0.535649354926503,"[0.11, 0.80]",0.018094503950655955,0.4933133182336728,False
Vitamin K-dependent protein Z,Mean Value (nm),delta_time2_vs_time1,20,17,0.254701920325603,"[-0.23, 0.64]",0.29264810529509144,0.8049768931977531,False
EGF-containing fibulin-like extracellular matrix protein 1,Mean Value (nm),delta_time2_vs_time1,20,17,0.20640414458669526,"[-0.27, 0.60]",0.39654929400746997,0.8523341672027778,False
Dipeptidase 2,Mean Value (nm),delta_time2_vs_time1,20,17,0.2687446069412415,"[-0.21, 0.64]",0.26591164645934384,0.8049768931977531,False
Myeloblastin,Mean Value (nm),delta_time2_vs_time1,20,17,-0.4312841763186806,"[-0.74, 0.03]",0.06523380118855779,0.6315439015565582,False
Neurogenic locus notch homolog protein 1,Mean Value (nm),delta_time2_vs_time1,20,17,0.04988980345714402,"[-0.41, 0.49]",0.8392704892401618,0.979498961893774,False
Vitamin K-dependent protein S,Mean Value (nm),delta_time2_vs_time1,20,17,-0.3916991540120176,"[-0.72, 0.08]",0.09721446108337563,0.6759341052508534,False
Dermcidin,Mean Value (nm),delta_time2_vs_time1,20,17,0.206750196313997,"[-0.27, 0.60]",0.3957404384272888,0.8523341672027778,False
Immunoglobulin heavy variable 3-73,Mean Value (nm),delta_time2_vs_time1,20,17,-0.3831855692942925,"[-0.71, 0.09]",0.1053640986453469,0.686523309412449,False
Alpha-2-macroglobulin,Mean Value (nm),delta_time2_vs_time1,20,17,-0.6544872129885747,"[-0.85, -0.29]",0.0023619750213743807,0.33990766434333936,False
Cation-independent mannose-6-phosphate receptor,Mean Value (nm),delta_time2_vs_time1,20,17,-0.26618565646328374,"[-0.64, 0.21]",0.27066582851664156,0.8049768931977531,False
Chromodomain-helicase-DNA-binding protein 1;Chromodomain-helicase-DNA-binding protein 2;Chromodomain-helicase-DNA-binding protein 9;Chromodomain-helicase-DNA-binding protein 6;Chromodomain-helicase-DNA-binding protein 8;Chromodomain-helicase-DNA-binding protein 7,Mean Value (nm),delta_time2_vs_time1,20,17,0.09691396743826342,"[-0.37, 0.53]",0.6930712610189534,0.9642582977414559,False
Ceruloplasmin,Mean Value (nm),delta_time2_vs_time1,20,17,0.22951702045395844,"[-0.25, 0.62]",0.34454418167088297,0.8391190988614592,False
Prostaglandin-H2 D-isomerase,Mean Value (nm),delta_time2_vs_time1,20,17,0.5029491995738815,"[0.06, 0.78]",0.02816901614007251,0.5303551455531277,False
Protein S100-A9,Mean Value (nm),delta_time2_vs_time1,20,17,0.314970394174356,"[-0.16, 0.67]",0.18903167470692192,0.7663536332122513,False
Immunoglobulin J chain,Mean Value (nm),delta_time2_vs_time1,20,17,-0.4099534417819486,"[-0.73, 0.05]",0.08129844233212133,0.651605980428528,False
Probable non-functional immunoglobulin kappa variable 3-7,Median Value (nm),delta_time2_vs_time1,20,17,-0.31159384661845074,"[-0.67, 0.17]",0.1940757167759785,0.7689968484471186,False
Apolipoprotein A-IV,Median Value (nm),delta_time2_vs_time1,20,17,0.1265173438278206,"[-0.35, 0.55]",0.6057712196137146,0.9545053881926984,False
Coagulation factor XII,Median Value (nm),delta_time2_vs_time1,20,17,0.2676533778807753,"[-0.21, 0.64]",0.26793257279925703,0.8049768931977531,False
Mannan-binding lectin serine protease 1,Median Value (nm),delta_time2_vs_time1,20,17,-0.03317274769089837,"[-0.48, 0.43]",0.8927569652962434,0.979498961893774,False
Complement factor I,Median Value (nm),delta_time2_vs_time1,20,17,0.20456286265925183,"[-0.28, 0.60]",0.4008682901441213,0.8536502345722878,False
Platelet glycoprotein Ib alpha chain,Median Value (nm),delta_time2_vs_time1,20,17,-0.015573548230401614,"[-0.47, 0.44]",0.9495448160205967,0.9841070074338116,False
Hepatocyte growth factor-like protein,Median Value (nm),delta_time2_vs_time1,20,17,0.09830802320440757,"[-0.37, 0.53]",0.6888651762922946,0.9642582977414559,False
Profilin-1,Median Value (nm),delta_time2_vs_time1,20,17,-0.002203518235122426,"[-0.46, 0.45]",0.9928567987859387,0.9968034941158275,False
Peptidase inhibitor 16,Median Value (nm),delta_time2_vs_time1,20,17,0.012448994320035607,"[-0.44, 0.46]",0.9596589192333926,0.9882769784550645,False
Cell surface glycoprotein MUC18,Median Value (nm),delta_time2_vs_time1,20,17,-0.07874217550381708,"[-0.51, 0.39]",0.7486457274490608,0.9769906339019859,False
Adhesion G-protein coupled receptor G6,Median Value (nm),delta_time2_vs_time1,20,17,-0.0019877756628784373,"[-0.46, 0.45]",0.9935561624132115,0.9968034941158275,False
Immunoglobulin heavy variable 1-69,Median Value (nm),delta_time2_vs_time1,20,17,0.15542727943920026,"[-0.32, 0.57]",0.5251823228616925,0.9268975919671438,False
Insulin-like growth factor-binding protein complex acid labile subunit,Median Value (nm),delta_time2_vs_time1,20,17,0.033407787975086214,"[-0.43, 0.48]",0.8920013303782051,0.979498961893774,False
Plasma serine protease inhibitor,Median Value (nm),delta_time2_vs_time1,20,17,-0.13690444842842037,"[-0.56, 0.34]",0.5762420038961378,0.9466034911089208,False
Immunoglobulin heavy variable 1-69D,Median Value (nm),delta_time2_vs_time1,20,17,-0.059537445006917336,"[-0.50, 0.41]",0.8086922147690611,0.979264391124706,False
Pancreatic adenocarcinoma up-regulated factor,Median Value (nm),delta_time2_vs_time1,20,17,-0.14593994277452005,"[-0.56, 0.33]",0.5510703593102435,0.9340265511747381,False
Immunoglobulin heavy variable 3-64D,Median Value (nm),delta_time2_vs_time1,20,17,-0.22779171817249666,"[-0.62, 0.25]",0.3482830236587138,0.8391190988614592,False
Neutrophil gelatinase-associated lipocalin,Median Value (nm),delta_time2_vs_time1,20,17,0.030908677836525008,"[-0.43, 0.48]",0.9000402009665541,0.9801335421758791,False
Lysosome-associated membrane glycoprotein 2,Median Value (nm),delta_time2_vs_time1,20,17,-0.4666074178449088,"[-0.76, -0.02]",0.044018147795799635,0.536503542546452,False
Corneodesmosin,Median Value (nm),delta_time2_vs_time1,20,17,0.07797001705706821,"[-0.39, 0.51]",0.7510358927007283,0.9769906339019859,False
Collagen alpha-1(XVIII) chain,Median Value (nm),delta_time2_vs_time1,20,17,-0.10211437079177292,"[-0.53, 0.37]",0.6774255630935535,0.9628964182739307,False
Lipopolysaccharide-binding protein,Median Value (nm),delta_time2_vs_time1,20,17,-0.21044811018651477,"[-0.61, 0.27]",0.3871537108476888,0.8448505927819434,False
Immunoglobulin heavy variable 3-49,Median Value (nm),delta_time2_vs_time1,20,17,-0.09959302830308733,"[-0.53, 0.37]",0.6849958370891782,0.9642582977414559,False
SPARC-like protein 1,Median Value (nm),delta_time2_vs_time1,20,17,0.12399189091660841,"[-0.35, 0.55]",0.6130425328830382,0.9545053881926984,False
Ras-associated and pleckstrin homology domains-containing protein 1,Median Value (nm),delta_time2_vs_time1,20,17,0.3163875981048882,"[-0.16, 0.67]",0.18694099402085745,0.765224578100695,False
Alpha-1-acid glycoprotein 2,Median Value (nm),delta_time2_vs_time1,20,17,0.13434300637803473,"[-0.34, 0.55]",0.5834662807428137,0.9475553740811739,False
Immunoglobulin heavy variable 3-20,Median Value (nm),delta_time2_vs_time1,20,17,-0.047166480926333104,"[-0.49, 0.42]",0.8479440798648077,0.979498961893774,False
Neurogenic locus notch homolog protein 2,Median Value (nm),delta_time2_vs_time1,20,17,-0.05168752101805809,"[-0.49, 0.41]",0.8335545272606111,0.979498961893774,False
Apolipoprotein B-100,Median Value (nm),delta_time2_vs_time1,20,17,-0.0765830300806937,"[-0.51, 0.39]",0.7553346621138346,0.9769906339019859,False
CD44 antigen,Median Value (nm),delta_time2_vs_time1,20,17,0.354413702239789,"[-0.12, 0.70]",0.1365404187403149,0.7276641962142183,False
Pigment epithelium-derived factor,Median Value (nm),delta_time2_vs_time1,20,17,0.10906101674093409,"[-0.36, 0.54]",0.6567228348232307,0.9556244789432,False
Xaa-Pro dipeptidase,Median Value (nm),delta_time2_vs_time1,20,17,-0.2845417041262876,"[-0.65, 0.19]",0.23772584828560162,0.8049768931977531,False
Immunoglobulin heavy constant delta,Median Value (nm),delta_time2_vs_time1,20,17,-0.03326745718050039,"[-0.48, 0.43]",0.8924524715055105,0.979498961893774,False
Probable non-functional immunoglobulin heavy variable 3-38-3,Median Value (nm),delta_time2_vs_time1,20,17,0.012121389206350981,"[-0.44, 0.46]",0.9607197363422539,0.9883869382825969,False
Immunoglobulin lambda constant 7,Median Value (nm),delta_time2_vs_time1,20,17,-0.06688621087613468,"[-0.51, 0.40]",0.7855747101388413,0.979264391124706,False
Receptor-type tyrosine-protein phosphatase gamma,Median Value (nm),delta_time2_vs_time1,20,17,0.30935560773899795,"[-0.17, 0.67]",0.19746829456301934,0.7707271521237848,False
Afamin,Median Value (nm),delta_time2_vs_time1,20,17,-0.03844391253584738,"[-0.48, 0.42]",0.8758330248811919,0.979498961893774,False
Pyruvate kinase PKLR,Median Value (nm),delta_time2_vs_time1,20,17,-0.3208168642951251,"[-0.68, 0.16]",0.1805070849854893,0.754053790503899,False
Insulin-like growth factor 2,Median Value (nm),delta_time2_vs_time1,20,17,0.03030424763092824,"[-0.43, 0.48]",0.9019858967146741,0.9801335421758791,False
CD109 antigen,Median Value (nm),delta_time2_vs_time1,20,17,0.41075458536680826,"[-0.05, 0.73]",0.08064698144010442,0.651605980428528,False
ADP-ribosyl cyclase/cyclic ADP-ribose hydrolase 2,Median Value (nm),delta_time2_vs_time1,20,17,0.0060246354203721975,"[-0.45, 0.46]",0.9804713208410867,0.9954828074133414,False
Dedicator of cytokinesis protein 4,Median Value (nm),delta_time2_vs_time1,20,17,-0.03892443264431952,"[-0.48, 0.42]",0.8742926903147877,0.979498961893774,False
Complement factor H-related protein 2,Median Value (nm),delta_time2_vs_time1,20,17,0.03590250329380776,"[-0.43, 0.48]",0.8839866419239648,0.979498961893774,False
Selenoprotein P,Median Value (nm),delta_time2_vs_time1,20,17,-0.1019600365937073,"[-0.53, 0.37]",0.6778881072186863,0.9628964182739307,False
Adipocyte plasma membrane-associated protein,Median Value (nm),delta_time2_vs_time1,20,17,0.1778498467163222,"[-0.30, 0.58]",0.46634518236485945,0.9003786258757829,False
Immunoglobulin heavy constant alpha 2,Median Value (nm),delta_time2_vs_time1,20,17,-0.35944820725333126,"[-0.70, 0.11]",0.13066741165410808,0.7276641962142183,False
Lactotransferrin,Median Value (nm),delta_time2_vs_time1,20,17,0.2898980717630018,"[-0.19, 0.66]",0.22862219566911487,0.8049768931977531,False
Alpha-enolase,Median Value (nm),delta_time2_vs_time1,20,17,0.1998605217628816,"[-0.28, 0.60]",0.4120139923715417,0.8588460686054672,False
Immunoglobulin heavy constant gamma 1,Median Value (nm),delta_time2_vs_time1,20,17,0.18950256822052014,"[-0.29, 0.59]",0.43714380483608306,0.883808526203532,False
Collectin-10,Median Value (nm),delta_time2_vs_time1,20,17,0.05621210740535588,"[-0.41, 0.50]",0.8192042321614921,0.979498961893774,False
Lysosome-associated membrane glycoprotein 1,Median Value (nm),delta_time2_vs_time1,20,17,0.0044392050465900945,"[-0.45, 0.46]",0.9856098501509787,0.9968034941158275,False
Cathelicidin antimicrobial peptide,Median Value (nm),delta_time2_vs_time1,20,17,0.16983840501925565,"[-0.31, 0.58]",0.4869763920344605,0.9048682235323819,False
Fibroblast growth factor-binding protein 2,Median Value (nm),delta_time2_vs_time1,20,17,0.17312899681701815,"[-0.31, 0.58]",0.4784486611745108,0.903015757589255,False
Lymphatic vessel endothelial hyaluronic acid receptor 1,Median Value (nm),delta_time2_vs_time1,20,17,-0.14765446551901437,"[-0.56, 0.33]",0.5463500996370163,0.9340265511747381,False
Haptoglobin,Median Value (nm),delta_time2_vs_time1,20,17,-0.24864537353177343,"[-0.63, 0.23]",0.3046671903858753,0.8049768931977531,False
Tenascin-X,Median Value (nm),delta_time2_vs_time1,20,17,0.1851782676577627,"[-0.29, 0.59]",0.4478669935169738,0.8888701250643388,False
Zinc finger protein 512B,Median Value (nm),delta_time2_vs_time1,20,17,0.08139925663227732,"[-0.39, 0.52]",0.7404377847103123,0.9769906339019859,False
Immunoglobulin lambda variable 3-19,Median Value (nm),delta_time2_vs_time1,20,17,-0.16837270569567106,"[-0.58, 0.31]",0.4907986753058786,0.9048707345805562,False
Complement C1q subcomponent subunit B,Median Value (nm),delta_time2_vs_time1,20,17,-0.1515142435236321,"[-0.57, 0.33]",0.5357908860810485,0.9339693859617983,False
Ubiquitin-ribosomal protein eS31 fusion protein,Median Value (nm),delta_time2_vs_time1,20,17,-0.12872440583708958,"[-0.55, 0.35]",0.5994455314724523,0.9545053881926984,False
Kinesin-like protein KIF21A,Median Value (nm),delta_time2_vs_time1,20,17,0.18863852865178116,"[-0.29, 0.59]",0.4392755989010184,0.8853881721039982,False
Attractin,Median Value (nm),delta_time2_vs_time1,20,17,0.3707167816178492,"[-0.10, 0.71]",0.11817167971583255,0.7117782568930379,False
Immunoglobulin lambda variable 1-44,Median Value (nm),delta_time2_vs_time1,20,17,-0.11408704035701701,"[-0.54, 0.36]",0.6418909104116834,0.9556244789432,False
Immunoglobulin heavy variable 1-46,Median Value (nm),delta_time2_vs_time1,20,17,-0.020756215749918504,"[-0.47, 0.44]",0.9327856401638066,0.9828289159510588,False
Fibulin-1,Median Value (nm),delta_time2_vs_time1,20,17,-0.2299193850062731,"[-0.62, 0.25]",0.3436755903562274,0.8391190988614592,False
Secreted phosphoprotein 24,Median Value (nm),delta_time2_vs_time1,20,17,-0.024982566952935225,"[-0.47, 0.43]",0.9191386060573976,0.9816779338922308,False
Scavenger receptor class B member 1,Median Value (nm),delta_time2_vs_time1,20,17,0.08100140199258975,"[-0.39, 0.52]",0.7416651063610213,0.9769906339019859,False
Immunoglobulin lambda variable 2-18,Median Value (nm),delta_time2_vs_time1,20,17,0.2565226344779622,"[-0.22, 0.64]",0.2890923337470123,0.8049768931977531,False
Collagen alpha-2(VI) chain,Median Value (nm),delta_time2_vs_time1,20,17,0.15029879943455382,"[-0.33, 0.57]",0.5391058810860573,0.9339693859617983,False
Adiponectin,Median Value (nm),delta_time2_vs_time1,20,17,-0.2508862904846423,"[-0.63, 0.23]",0.3001859502088085,0.8049768931977531,False
Nidogen-1,Median Value (nm),delta_time2_vs_time1,20,17,-0.147008378917423,"[-0.56, 0.33]",0.5481267041430102,0.9340265511747381,False
Alpha-1-antitrypsin,Median Value (nm),delta_time2_vs_time1,20,17,-0.037795185247562244,"[-0.48, 0.42]",0.8779132343509385,0.979498961893774,False
"Sushi, von Willebrand factor type A, EGF and pentraxin domain-containing protein 1",Median Value (nm),delta_time2_vs_time1,20,17,0.14261294966773203,"[-0.33, 0.56]",0.5602815234640675,0.9340265511747381,False
Complement C1s subcomponent,Median Value (nm),delta_time2_vs_time1,20,17,-0.22508159021629645,"[-0.62, 0.26]",0.3542031123629077,0.8448505927819434,False
Alpha-actinin-4,Median Value (nm),delta_time2_vs_time1,20,17,-0.023322418020343363,"[-0.47, 0.44]",0.9244969080961809,0.9823372274745061,False
Complement component C1q receptor,Median Value (nm),delta_time2_vs_time1,20,17,0.2936606043342866,"[-0.19, 0.66]",0.222364137354172,0.8049768931977531,False
Inter-alpha-trypsin inhibitor heavy chain H3,Median Value (nm),delta_time2_vs_time1,20,17,0.17303001655774472,"[-0.31, 0.58]",0.4787040865932656,0.903015757589255,False
Immunoglobulin kappa variable 1D-8,Median Value (nm),delta_time2_vs_time1,20,17,0.07324688326873827,"[-0.39, 0.51]",0.7657025927918377,0.979264391124706,False
Low-density lipoprotein receptor,Median Value (nm),delta_time2_vs_time1,20,17,-0.4277030634626778,"[-0.74, 0.03]",0.06774932393571836,0.6315439015565582,False
Prolactin-inducible protein,Median Value (nm),delta_time2_vs_time1,20,17,0.28317272560806217,"[-0.20, 0.65]",0.24008932223224436,0.8049768931977531,False
Hyaluronan-binding protein 2,Median Value (nm),delta_time2_vs_time1,20,17,0.06600475251327777,"[-0.40, 0.51]",0.7883389179380862,0.979264391124706,False
N-acetylmuramoyl-L-alanine amidase,Median Value (nm),delta_time2_vs_time1,20,17,0.10267833632131523,"[-0.37, 0.53]",0.6757362824209061,0.9628964182739307,False
Serpin A11,Median Value (nm),delta_time2_vs_time1,20,17,0.20348300967721536,"[-0.28, 0.60]",0.40341313228891984,0.8562882259360183,False
C4b-binding protein alpha chain,Median Value (nm),delta_time2_vs_time1,20,17,0.04050672665425129,"[-0.42, 0.49]",0.8692236437131947,0.979498961893774,False
Inter-alpha-trypsin inhibitor heavy chain H2,Median Value (nm),delta_time2_vs_time1,20,17,-0.08056238724932416,"[-0.52, 0.39]",0.7430200938743032,0.9769906339019859,False
Fibrillin-1,Median Value (nm),delta_time2_vs_time1,20,17,0.35047736243815264,"[-0.12, 0.69]",0.141259405925203,0.7278539353623202,False
Golgi-associated RAB2 interactor protein 1B,Median Value (nm),delta_time2_vs_time1,20,17,-0.036559466085943446,"[-0.48, 0.42]",0.8818778017343536,0.979498961893774,False
Neurogenic locus notch homolog protein 3,Median Value (nm),delta_time2_vs_time1,20,17,0.08372169655321937,"[-0.39, 0.52]",0.7332854677975698,0.9769906339019859,False
Immunoglobulin heavy constant alpha 1,Median Value (nm),delta_time2_vs_time1,20,17,-0.32628157092438004,"[-0.68, 0.15]",0.1727771594628938,0.7387093205308769,False
Apolipoprotein C-III,Median Value (nm),delta_time2_vs_time1,20,17,-0.1427885517834346,"[-0.56, 0.33]",0.5597936598648492,0.9340265511747381,False
Glutathione peroxidase 3,Median Value (nm),delta_time2_vs_time1,20,17,-0.33902441063638045,"[-0.69, 0.14]",0.15563386433560825,0.7278539353623202,False
Contactin-1,Median Value (nm),delta_time2_vs_time1,20,17,0.0765830300806937,"[-0.39, 0.51]",0.7553346621138346,0.9769906339019859,False
Stomatin,Median Value (nm),delta_time2_vs_time1,20,17,0.07537783614444103,"[-0.39, 0.51]",0.7590755926119843,0.9769906339019859,False
Immunoglobulin heavy variable 3-13,Median Value (nm),delta_time2_vs_time1,20,17,-0.1673453826346734,"[-0.58, 0.31]",0.49348645273939595,0.9048707345805562,False
Immunoglobulin heavy variable 1-69-2,Median Value (nm),delta_time2_vs_time1,20,17,-0.24490531241788138,"[-0.63, 0.24]",0.31223560767749,0.8180886664173361,False
Apolipoprotein E,Median Value (nm),delta_time2_vs_time1,20,17,-0.26403000768338186,"[-0.64, 0.22]",0.2747115241880908,0.8049768931977531,False
Mucosal addressin cell adhesion molecule 1,Median Value (nm),delta_time2_vs_time1,20,17,-0.006941021883372346,"[-0.46, 0.45]",0.9775015492383632,0.9954828074133414,False
Protein S100-A11,Median Value (nm),delta_time2_vs_time1,20,17,-0.001579654651947475,"[-0.46, 0.45]",0.9948791630461058,0.9968034941158275,False
Complement factor H-related protein 4,Median Value (nm),delta_time2_vs_time1,20,17,0.2414426409055469,"[-0.24, 0.63]",0.3193420448750585,0.8211532672597082,False
Immunoglobulin kappa variable 1D-16,Median Value (nm),delta_time2_vs_time1,20,17,-0.1311098094116593,"[-0.55, 0.34]",0.5926394639180645,0.9518984257660695,False
Immunoglobulin lambda variable 1-47,Median Value (nm),delta_time2_vs_time1,20,17,-0.05760626243248389,"[-0.50, 0.41]",0.8147933447388963,0.979264391124706,False
Fructose-bisphosphate aldolase A,Median Value (nm),delta_time2_vs_time1,20,17,0.21371601438584265,"[-0.27, 0.61]",0.3796522260228069,0.8448505927819434,False
Thrombospondin-1,Median Value (nm),delta_time2_vs_time1,20,17,-0.2142069776204647,"[-0.61, 0.27]",0.37853228295271224,0.8448505927819434,False
Aminopeptidase N,Median Value (nm),delta_time2_vs_time1,20,17,-0.33015253983389053,"[-0.68, 0.15]",0.16743964600287475,0.7378412547139325,False
Apolipoprotein M,Median Value (nm),delta_time2_vs_time1,20,17,-0.05760626243248389,"[-0.50, 0.41]",0.8147933447388963,0.979264391124706,False
Immunoglobulin heavy variable 3-43,Median Value (nm),delta_time2_vs_time1,20,17,-0.2189896383443452,"[-0.61, 0.26]",0.3677195224266656,0.8448505927819434,False
Cysteine-rich secretory protein 3,Median Value (nm),delta_time2_vs_time1,20,17,0.26348029006766105,"[-0.22, 0.64]",0.2757491964868034,0.8049768931977531,False
Complement component C8 alpha chain,Median Value (nm),delta_time2_vs_time1,20,17,-0.03958276841893629,"[-0.49, 0.42]",0.8721830611429432,0.979498961893774,False
Immunoglobulin heavy variable 2-70D,Median Value (nm),delta_time2_vs_time1,20,17,0.2845849802371543,"[-0.19, 0.65]",0.23765137850389068,0.8049768931977531,False
Immunoglobulin heavy variable 3-23,Median Value (nm),delta_time2_vs_time1,20,17,0.014381254459312896,"[-0.44, 0.47]",0.95340345057945,0.9847716598208476,False
Plasma kallikrein,Median Value (nm),delta_time2_vs_time1,20,17,0.08189206395862805,"[-0.39, 0.52]",0.7389183805451496,0.9769906339019859,False
Galectin-7,Median Value (nm),delta_time2_vs_time1,20,17,0.2545694199910861,"[-0.23, 0.64]",0.29290790894663415,0.8049768931977531,False
Extracellular superoxide dismutase [Cu-Zn],Median Value (nm),delta_time2_vs_time1,20,17,0.0254211019950072,"[-0.43, 0.47]",0.917723736699694,0.9816779338922308,False
Immunoglobulin heavy variable 1-8,Median Value (nm),delta_time2_vs_time1,20,17,0.178578207905145,"[-0.30, 0.59]",0.4644916504692208,0.9003786258757829,False
Cystatin-C,Median Value (nm),delta_time2_vs_time1,20,17,0.2020970429181446,"[-0.28, 0.60]",0.4066922208231766,0.8562882259360183,False
Immunoglobulin lambda-like polypeptide 1,Median Value (nm),delta_time2_vs_time1,20,17,-0.2754566668889191,"[-0.65, 0.20]",0.2536912885665295,0.8049768931977531,False
Inhibin beta C chain,Median Value (nm),delta_time2_vs_time1,20,17,-0.15777338603425606,"[-0.57, 0.32]",0.5188690617342986,0.9204594999259132,False
Mannose-binding protein C,Median Value (nm),delta_time2_vs_time1,20,17,0.031958343242918255,"[-0.43, 0.48]",0.8966625702234694,0.979498961893774,False
IgGFc-binding protein,Median Value (nm),delta_time2_vs_time1,20,17,-0.2332548409438334,"[-0.62, 0.25]",0.3365243036129266,0.8374399649820705,False
Macrophage mannose receptor 1,Median Value (nm),delta_time2_vs_time1,20,17,-0.033557235920287386,"[-0.48, 0.43]",0.8915209139902669,0.979498961893774,False
Aromatase,Median Value (nm),delta_time2_vs_time1,20,17,-0.29594257460949075,"[-0.66, 0.18]",0.2186234537874843,0.8049768931977531,False
Cadherin-5,Median Value (nm),delta_time2_vs_time1,20,17,-0.06057619098215974,"[-0.50, 0.40]",0.8054148772253222,0.979264391124706,False
Immunoglobulin kappa variable 1-8,Median Value (nm),delta_time2_vs_time1,20,17,-0.033172747690897966,"[-0.48, 0.43]",0.8927569652962446,0.979498961893774,False
Retinol-binding protein 4,Median Value (nm),delta_time2_vs_time1,20,17,0.10770240318294266,"[-0.36, 0.54]",0.6607536178150089,0.958304521219078,False
Complement component C8 beta chain,Median Value (nm),delta_time2_vs_time1,20,17,0.021807319973464058,"[-0.44, 0.47]",0.9293897673106185,0.9828289159510588,False
Tumor necrosis factor receptor superfamily member 1B,Median Value (nm),delta_time2_vs_time1,20,17,-0.11571685521925984,"[-0.54, 0.36]",0.6371086896450275,0.9556244789432,False
Formin-2,Median Value (nm),delta_time2_vs_time1,20,17,-0.40419408583628913,"[-0.73, 0.06]",0.08609637332380862,0.6558517850254834,False
Scavenger receptor cysteine-rich domain-containing protein DMBT1,Median Value (nm),delta_time2_vs_time1,20,17,0.5327063269751011,"[0.10, 0.79]",0.01886241081818258,0.5010630155804399,False
Apolipoprotein L1,Median Value (nm),delta_time2_vs_time1,20,17,0.046520364749260426,"[-0.42, 0.49]",0.8500044101421558,0.979498961893774,False
Leucine-rich alpha-2-glycoprotein,Median Value (nm),delta_time2_vs_time1,20,17,0.06725329515134815,"[-0.40, 0.51]",0.7844242750253081,0.979264391124706,False
Immunoglobulin heavy variable 1-2,Median Value (nm),delta_time2_vs_time1,20,17,0.28279481847688515,"[-0.20, 0.65]",0.24074439977439432,0.8049768931977531,False
Ras-related protein Rab-10,Median Value (nm),delta_time2_vs_time1,20,17,-0.03533611140625991,"[-0.48, 0.43]",0.8858053512204345,0.979498961893774,False
Immunoglobulin heavy variable 1-24,Median Value (nm),delta_time2_vs_time1,20,17,-0.16361641457432466,"[-0.58, 0.31]",0.5033023165476124,0.9088916648165632,False
Annexin A3,Median Value (nm),delta_time2_vs_time1,20,17,-0.2666319681785185,"[-0.64, 0.21]",0.2698328572606525,0.8049768931977531,False
Hemoglobin subunit beta,Median Value (nm),delta_time2_vs_time1,20,17,-0.32661172751043105,"[-0.68, 0.15]",0.17231746962841507,0.7387093205308769,False
Immunoglobulin lambda variable 4-69,Median Value (nm),delta_time2_vs_time1,20,17,-0.18931203988240633,"[-0.59, 0.29]",0.4376134185112025,0.883808526203532,False
Elongation factor 2,Median Value (nm),delta_time2_vs_time1,20,17,-0.17060270241033398,"[-0.58, 0.31]",0.4849890539945092,0.9047755394112348,False
Multiple inositol polyphosphate phosphatase 1,Median Value (nm),delta_time2_vs_time1,20,17,0.04955505958520351,"[-0.41, 0.49]",0.8403356895368446,0.979498961893774,False
Collagen alpha-1(VI) chain,Median Value (nm),delta_time2_vs_time1,20,17,-0.11824769433465074,"[-0.54, 0.36]",0.6297098711828247,0.9545053881926984,False
Hepatocyte growth factor activator,Median Value (nm),delta_time2_vs_time1,20,17,0.14261825266122158,"[-0.33, 0.56]",0.560266787771646,0.9340265511747381,False
Fibrinogen beta chain,Median Value (nm),delta_time2_vs_time1,20,17,-0.05370825816621627,"[-0.50, 0.41]",0.8271390024451969,0.979498961893774,False
Hemicentin-1,Median Value (nm),delta_time2_vs_time1,20,17,-0.4593023693865935,"[-0.76, -0.01]",0.047897545416535466,0.5513539672392305,False
C-type mannose receptor 2,Median Value (nm),delta_time2_vs_time1,20,17,-0.18950256822052014,"[-0.59, 0.29]",0.43714380483608306,0.883808526203532,False
Platelet glycoprotein Ib beta chain,Median Value (nm),delta_time2_vs_time1,20,17,0.33716052121278484,"[-0.14, 0.69]",0.15806510665190227,0.7278539353623202,False
Complement C2,Median Value (nm),delta_time2_vs_time1,20,17,0.1511807409902485,"[-0.33, 0.57]",0.5366995494264842,0.9339693859617983,False
Annexin A2,Median Value (nm),delta_time2_vs_time1,20,17,-0.16366530916015473,"[-0.58, 0.31]",0.5031730070123213,0.9088916648165632,False
Protein disulfide-isomerase A3,Median Value (nm),delta_time2_vs_time1,20,17,-0.000329380764162944,"[-0.45, 0.45]",0.9989322253116516,0.9989322253116516,False
Dipeptidyl peptidase 4,Median Value (nm),delta_time2_vs_time1,20,17,-0.27705783313545745,"[-0.65, 0.20]",0.25082950785450053,0.8049768931977531,False
Proteasome subunit alpha type-4,Median Value (nm),delta_time2_vs_time1,20,17,-0.289314412138752,"[-0.66, 0.19]",0.22960306950958512,0.8049768931977531,False
Coagulation factor XI,Median Value (nm),delta_time2_vs_time1,20,17,-0.03600701644873568,"[-0.48, 0.43]",0.8836511060202353,0.979498961893774,False
Collectin-11,Median Value (nm),delta_time2_vs_time1,20,17,0.28922300634840836,"[-0.19, 0.66]",0.22975692811957948,0.8049768931977531,False
High mobility group protein B1,Median Value (nm),delta_time2_vs_time1,20,17,-0.26696163617913354,"[-0.64, 0.21]",0.269218610157408,0.8049768931977531,False
Immunoglobulin lambda variable 3-16,Median Value (nm),delta_time2_vs_time1,20,17,-0.08849546151387039,"[-0.52, 0.38]",0.718650366019399,0.9720008439065221,False
Prothrombin,Median Value (nm),delta_time2_vs_time1,20,17,0.27188819618908683,"[-0.21, 0.65]",0.260143237435693,0.8049768931977531,False
Immunoglobulin kappa joining 1,Median Value (nm),delta_time2_vs_time1,20,17,0.03067802449384676,"[-0.43, 0.48]",0.9007826235867724,0.9801335421758791,False
Immunoglobulin heavy variable 3-7,Median Value (nm),delta_time2_vs_time1,20,17,-0.052317856640229365,"[-0.49, 0.41]",0.8315522098723984,0.979498961893774,False
Immunoglobulin heavy variable 3-74,Median Value (nm),delta_time2_vs_time1,20,17,-0.049753886764723344,"[-0.49, 0.41]",0.8397029623924334,0.979498961893774,False
Ezrin,Median Value (nm),delta_time2_vs_time1,20,17,0.23632315502524925,"[-0.24, 0.62]",0.3300232261212852,0.8278548723042409,False
Intercellular adhesion molecule 2,Median Value (nm),delta_time2_vs_time1,20,17,-0.26977358964283366,"[-0.64, 0.21]",0.2640147555720643,0.8049768931977531,False
Lysozyme C,Median Value (nm),delta_time2_vs_time1,20,17,-0.005840080586400096,"[-0.46, 0.45]",0.9810694463021443,0.9954828074133414,False
Protein AMBP,Median Value (nm),delta_time2_vs_time1,20,17,-0.1152645512956461,"[-0.54, 0.36]",0.6384344788964396,0.9556244789432,False
Prolyl endopeptidase FAP,Median Value (nm),delta_time2_vs_time1,20,17,0.16118171593309855,"[-0.32, 0.57]",0.5097613671924932,0.9152734426541125,False
"Actin, cytoplasmic 2",Median Value (nm),delta_time2_vs_time1,20,17,-0.31654324882786755,"[-0.67, 0.16]",0.18671232504789562,0.765224578100695,False
Kallistatin,Median Value (nm),delta_time2_vs_time1,20,17,0.27574959947342725,"[-0.20, 0.65]",0.25316619070973884,0.8049768931977531,False
Hemopexin,Median Value (nm),delta_time2_vs_time1,20,17,0.04016660030451245,"[-0.42, 0.49]",0.8703128692341174,0.979498961893774,False
C4b-binding protein beta chain,Median Value (nm),delta_time2_vs_time1,20,17,0.21031081563728093,"[-0.27, 0.61]",0.3874706563996575,0.8448505927819434,False
Peptidyl-prolyl cis-trans isomerase A,Median Value (nm),delta_time2_vs_time1,20,17,0.10325056873144615,"[-0.37, 0.53]",0.6740237545407357,0.9628964182739307,False
Complement C1r subcomponent-like protein,Median Value (nm),delta_time2_vs_time1,20,17,0.2860011089358069,"[-0.19, 0.66]",0.2352227529216042,0.8049768931977531,False
Immunoglobulin heavy variable 3-30;Immunoglobulin heavy variable 3-30-5,Median Value (nm),delta_time2_vs_time1,20,17,-0.2889756771203279,"[-0.66, 0.19]",0.23017357844429848,0.8049768931977531,False
Immunoglobulin lambda variable 3-9,Median Value (nm),delta_time2_vs_time1,20,17,0.1489164694978094,"[-0.33, 0.56]",0.5428873478411824,0.9340265511747381,False
Immunoglobulin heavy variable 1-45,Median Value (nm),delta_time2_vs_time1,20,17,-0.22483348066592482,"[-0.62, 0.26]",0.35474795861950414,0.8448505927819434,False
Hemoglobin subunit gamma-1,Median Value (nm),delta_time2_vs_time1,20,17,-0.2321711354983801,"[-0.62, 0.25]",0.3388381861890457,0.8377956107204089,False
Apolipoprotein F,Median Value (nm),delta_time2_vs_time1,20,17,0.21548717937924516,"[-0.26, 0.61]",0.3756207028828684,0.8448505927819434,False
Immunoglobulin gamma-1 heavy chain,Median Value (nm),delta_time2_vs_time1,20,17,-0.03407410742746483,"[-0.48, 0.43]",0.8898596552488054,0.979498961893774,False
Low affinity immunoglobulin gamma Fc region receptor III-B,Median Value (nm),delta_time2_vs_time1,20,17,0.26064939587330666,"[-0.22, 0.64]",0.2811313251674412,0.8049768931977531,False
Multiple epidermal growth factor-like domains protein 8,Median Value (nm),delta_time2_vs_time1,20,17,0.023684771267068708,"[-0.44, 0.47]",0.9233271022503788,0.9821015173833598,False
Complement C4-B,Median Value (nm),delta_time2_vs_time1,20,17,0.07030835513441969,"[-0.40, 0.51]",0.7748665817933265,0.979264391124706,False
Glyceraldehyde-3-phosphate dehydrogenase,Median Value (nm),delta_time2_vs_time1,20,17,-0.15253314255741515,"[-0.57, 0.32]",0.5330191560650925,0.9339693859617983,False
Complement C1r subcomponent,Median Value (nm),delta_time2_vs_time1,20,17,-0.16023681191411843,"[-0.57, 0.32]",0.5122786855390302,0.9182019346339712,False
Sex hormone-binding globulin,Median Value (nm),delta_time2_vs_time1,20,17,0.38428021154307623,"[-0.08, 0.71]",0.10428958090183606,0.686523309412449,False
Biotinidase,Median Value (nm),delta_time2_vs_time1,20,17,0.015069565156931437,"[-0.44, 0.47]",0.9511757360592705,0.9841070074338116,False
Cholinesterase,Median Value (nm),delta_time2_vs_time1,20,17,-0.1070604498637756,"[-0.54, 0.36]",0.6626613109521882,0.9583584185244276,False
Immunoglobulin heavy variable 2-5,Median Value (nm),delta_time2_vs_time1,20,17,-0.03585592696934817,"[-0.48, 0.43]",0.8841361797128843,0.979498961893774,False
Immunoglobulin lambda variable 1-36,Median Value (nm),delta_time2_vs_time1,20,17,0.12398065522976891,"[-0.35, 0.55]",0.6130749609099074,0.9545053881926984,False
Immunoglobulin kappa variable 3-11,Median Value (nm),delta_time2_vs_time1,20,17,-0.019210758549274228,"[-0.47, 0.44]",0.9377806557897671,0.9828289159510588,False
Immunoglobulin kappa variable 6-21,Median Value (nm),delta_time2_vs_time1,20,17,-0.16501976284584974,"[-0.58, 0.31]",0.49959728877486786,0.9083198276389947,False
Immunoglobulin kappa light chain,Median Value (nm),delta_time2_vs_time1,20,17,-0.025949621762879637,"[-0.47, 0.43]",0.9160188596905929,0.9816779338922308,False
Neuropilin-1,Median Value (nm),delta_time2_vs_time1,20,17,0.276382237559042,"[-0.20, 0.65]",0.252034499761518,0.8049768931977531,False
Ficolin-2,Median Value (nm),delta_time2_vs_time1,20,17,-0.017019061798628943,"[-0.47, 0.44]",0.9448681324776281,0.9828289159510588,False
Gamma-glutamyl hydrolase,Median Value (nm),delta_time2_vs_time1,20,17,-0.4817043023042095,"[-0.77, -0.04]",0.03676722704129265,0.5332113903097389,False
Keratinocyte proline-rich protein,Median Value (nm),delta_time2_vs_time1,20,17,-0.19139129813633904,"[-0.59, 0.29]",0.43250275668363003,0.883808526203532,False
Kyphoscoliosis peptidase,Median Value (nm),delta_time2_vs_time1,20,17,0.07818236868640127,"[-0.39, 0.51]",0.7503783548836586,0.9769906339019859,False
Laminin subunit alpha-2,Median Value (nm),delta_time2_vs_time1,20,17,-0.21399894372720304,"[-0.61, 0.27]",0.3790066061668139,0.8448505927819434,False
Desmoglein-1,Median Value (nm),delta_time2_vs_time1,20,17,-0.09725123909771846,"[-0.53, 0.37]",0.692052865575593,0.9642582977414559,False
Immunoglobulin lambda variable 3-27,Median Value (nm),delta_time2_vs_time1,20,17,0.11082741063253089,"[-0.36, 0.54]",0.6514957904666923,0.9556244789432,False
Myosin-9,Median Value (nm),delta_time2_vs_time1,20,17,0.11032108126315511,"[-0.36, 0.54]",0.6529925233726037,0.9556244789432,False
Versican core protein,Median Value (nm),delta_time2_vs_time1,20,17,0.24829928282791533,"[-0.23, 0.63]",0.30536285620339476,0.8049768931977531,False
Proteasome subunit beta type-3,Median Value (nm),delta_time2_vs_time1,20,17,-0.14179389301515002,"[-0.56, 0.33]",0.5625595226314142,0.9354922398814528,False
Alpha-N-acetylglucosaminidase,Median Value (nm),delta_time2_vs_time1,20,17,0.3159309303895072,"[-0.16, 0.67]",0.18761297571194646,0.765224578100695,False
Caspase-14,Median Value (nm),delta_time2_vs_time1,20,17,-0.06748537566507144,"[-0.51, 0.40]",0.7836971597571118,0.979264391124706,False
Histidine-rich glycoprotein,Median Value (nm),delta_time2_vs_time1,20,17,0.01716198337018537,"[-0.44, 0.47]",0.9444058283613794,0.9828289159510588,False
"ATP synthase subunit alpha, mitochondrial",Median Value (nm),delta_time2_vs_time1,20,17,-0.2634243019742552,"[-0.64, 0.22]",0.2758550182888066,0.8049768931977531,False
Immunoglobulin kappa constant,Median Value (nm),delta_time2_vs_time1,20,17,-0.10904806263565887,"[-0.54, 0.36]",0.6567612249107706,0.9556244789432,False
Interleukin-1 receptor accessory protein,Median Value (nm),delta_time2_vs_time1,20,17,0.3327268286435117,"[-0.14, 0.68]",0.16395301744831162,0.7321350261915984,False
Immunoglobulin lambda variable 9-49,Median Value (nm),delta_time2_vs_time1,20,17,0.1385769630888224,"[-0.34, 0.56]",0.571545661894525,0.943065776446998,False
Plexin domain-containing protein 2,Median Value (nm),delta_time2_vs_time1,20,17,-0.10518677631897731,"[-0.53, 0.37]",0.6682406541148724,0.961524052309733,False
Immunoglobulin heavy variable 4-28,Median Value (nm),delta_time2_vs_time1,20,17,-0.1580920416375806,"[-0.57, 0.32]",0.5180143317438719,0.9204594999259132,False
Desmoplakin,Median Value (nm),delta_time2_vs_time1,20,17,-0.036559466085943446,"[-0.48, 0.42]",0.8818778017343536,0.979498961893774,False
Endoplasmin,Median Value (nm),delta_time2_vs_time1,20,17,0.2706998534515264,"[-0.21, 0.65]",0.262314492076425,0.8049768931977531,False
Heparin cofactor 2,Median Value (nm),delta_time2_vs_time1,20,17,0.03270416268100041,"[-0.43, 0.48]",0.8942636904511574,0.979498961893774,False
Laminin subunit gamma-1,Median Value (nm),delta_time2_vs_time1,20,17,-0.03177769602746048,"[-0.48, 0.43]",0.8972437401903393,0.979498961893774,False
Polymeric immunoglobulin receptor,Median Value (nm),delta_time2_vs_time1,20,17,0.17153383363900826,"[-0.31, 0.58]",0.482573317343451,0.9044621545166358,False
Serum amyloid A-4 protein,Median Value (nm),delta_time2_vs_time1,20,17,0.10749217934243407,"[-0.36, 0.54]",0.6613781203394217,0.958304521219078,False
Catalase,Median Value (nm),delta_time2_vs_time1,20,17,-0.15095084854748336,"[-0.57, 0.33]",0.5373263257021361,0.9339693859617983,False
Complement receptor type 1,Median Value (nm),delta_time2_vs_time1,20,17,-0.09885577509217772,"[-0.53, 0.37]",0.6872149037618629,0.9642582977414559,False
Immunoglobulin kappa variable 1-27,Median Value (nm),delta_time2_vs_time1,20,17,0.0347524023428458,"[-0.43, 0.48]",0.8876802387321328,0.979498961893774,False
Immunoglobulin kappa variable 2-30,Median Value (nm),delta_time2_vs_time1,20,17,0.04444950224093669,"[-0.42, 0.49]",0.8566141731116121,0.979498961893774,False
Protein-glutamine gamma-glutamyltransferase E,Median Value (nm),delta_time2_vs_time1,20,17,-0.18254976790940314,"[-0.59, 0.30]",0.4544507079837571,0.8933793804007064,False
Periostin,Median Value (nm),delta_time2_vs_time1,20,17,0.24866740294663217,"[-0.23, 0.63]",0.30462294214288826,0.8049768931977531,False
Albumin,Median Value (nm),delta_time2_vs_time1,20,17,-0.009975369137281408,"[-0.46, 0.45]",0.9676702422467361,0.9912015532499184,False
Complement factor B,Median Value (nm),delta_time2_vs_time1,20,17,0.2124702305808901,"[-0.27, 0.61]",0.38250229342502473,0.8448505927819434,False
Probable non-functional immunoglobulinn kappa variable 1-37;Probable non-functional immunoglobulinn kappa variable 1D-37,Median Value (nm),delta_time2_vs_time1,20,17,0.024374176548089797,"[-0.43, 0.47]",0.9211018734196751,0.9816798695686507,False
Immunoglobulin lambda variable 8-61,Median Value (nm),delta_time2_vs_time1,20,17,0.07334770490389209,"[-0.39, 0.51]",0.7653886946587843,0.979264391124706,False
Annexin A1,Median Value (nm),delta_time2_vs_time1,20,17,-0.021519198535071102,"[-0.47, 0.44]",0.9303205067177349,0.9828289159510588,False
CD5 antigen-like,Median Value (nm),delta_time2_vs_time1,20,17,-0.25714449480551194,"[-0.64, 0.22]",0.2878839544465579,0.8049768931977531,False
RB-associated KRAB zinc finger protein,Median Value (nm),delta_time2_vs_time1,20,17,0.03943737264473598,"[-0.42, 0.48]",0.872648909599731,0.979498961893774,False
Immunoglobulin lambda variable 7-46,Median Value (nm),delta_time2_vs_time1,20,17,-0.11455585202813366,"[-0.54, 0.36]",0.6405139244779827,0.9556244789432,False
Basement membrane-specific heparan sulfate proteoglycan core protein,Median Value (nm),delta_time2_vs_time1,20,17,0.2610187940297794,"[-0.22, 0.64]",0.280425373029229,0.8049768931977531,False
Vitamin K-dependent protein C,Median Value (nm),delta_time2_vs_time1,20,17,0.23968757432188512,"[-0.24, 0.63]",0.322980363607159,0.8241567898941299,False
Immunoglobulin lambda variable 1-40,Median Value (nm),delta_time2_vs_time1,20,17,-0.09840368050941845,"[-0.53, 0.37]",0.6885768817504825,0.9642582977414559,False
Pantetheinase,Median Value (nm),delta_time2_vs_time1,20,17,0.29338271359057294,"[-0.19, 0.66]",0.2228224900290216,0.8049768931977531,False
Neutrophil defensin 1;Neutrophil defensin 3,Median Value (nm),delta_time2_vs_time1,20,17,-0.2506713728368426,"[-0.63, 0.23]",0.3006139886739595,0.8049768931977531,False
Immunoglobulin lambda variable 2-8,Median Value (nm),delta_time2_vs_time1,20,17,-0.21913633491898568,"[-0.61, 0.26]",0.36739065745213373,0.8448505927819434,False
Immunoglobulin heavy variable 1-18,Median Value (nm),delta_time2_vs_time1,20,17,-0.12635801517932865,"[-0.55, 0.35]",0.6062289221746016,0.9545053881926984,False
Immunoglobulin kappa variable 3D-15,Median Value (nm),delta_time2_vs_time1,20,17,-0.4005782878899494,"[-0.72, 0.07]",0.08921277877126008,0.6649240201944275,False
Extracellular matrix protein 1,Median Value (nm),delta_time2_vs_time1,20,17,0.20524198418568024,"[-0.27, 0.60]",0.399272332892607,0.8536502345722878,False
Tubulin alpha-1B chain,Median Value (nm),delta_time2_vs_time1,20,17,0.33317440061780673,"[-0.14, 0.68]",0.1633519339768314,0.7321350261915984,False
Immunoglobulin lambda variable 5-45,Median Value (nm),delta_time2_vs_time1,20,17,-0.1933673073648266,"[-0.60, 0.29]",0.4276751270576402,0.8791099833962603,False
Alpha-2-HS-glycoprotein,Median Value (nm),delta_time2_vs_time1,20,17,0.04160584943801564,"[-0.42, 0.49]",0.8657053479017495,0.979498961893774,False
Cartilage acidic protein 1,Median Value (nm),delta_time2_vs_time1,20,17,0.09557055819987403,"[-0.37, 0.53]",0.6971326882319986,0.9642582977414559,False
Coagulation factor IX,Median Value (nm),delta_time2_vs_time1,20,17,0.09559680139372072,"[-0.37, 0.53]",0.6970532731879637,0.9642582977414559,False
Integrin alpha-2,Median Value (nm),delta_time2_vs_time1,20,17,-0.06172637173209458,"[-0.50, 0.40]",0.8017895754491008,0.979264391124706,False
"Mannosyl-oligosaccharide 1,2-alpha-mannosidase IA",Median Value (nm),delta_time2_vs_time1,20,17,0.06165601432992596,"[-0.40, 0.50]",0.8020112272971543,0.979264391124706,False
Endophilin-A3,Median Value (nm),delta_time2_vs_time1,20,17,-0.27156374726762034,"[-0.65, 0.21]",0.2607349224447581,0.8049768931977531,False
Collagen alpha-1(I) chain,Median Value (nm),delta_time2_vs_time1,20,17,-0.09519104084321453,"[-0.53, 0.38]",0.6982814898946461,0.9645298349397277,False
Carboxypeptidase N subunit 2,Median Value (nm),delta_time2_vs_time1,20,17,-0.1703773831993016,"[-0.58, 0.31]",0.4855745172901994,0.9047755394112348,False
Scavenger receptor cysteine-rich type 1 protein M130,Median Value (nm),delta_time2_vs_time1,20,17,0.06680655166473835,"[-0.40, 0.51]",0.7858244168733701,0.979264391124706,False
Annexin A5,Median Value (nm),delta_time2_vs_time1,20,17,-0.26696163617913354,"[-0.64, 0.21]",0.269218610157408,0.8049768931977531,False
Platelet factor 4,Median Value (nm),delta_time2_vs_time1,20,17,-0.2160423010623306,"[-0.61, 0.26]",0.37436209925702935,0.8448505927819434,False
Immunoglobulin heavy variable 3-72,Median Value (nm),delta_time2_vs_time1,20,17,-0.31146623287266034,"[-0.67, 0.17]",0.1942680938208579,0.7689968484471186,False
Protein HEG homolog 1,Median Value (nm),delta_time2_vs_time1,20,17,0.23410173806647172,"[-0.25, 0.62]",0.33472248943451777,0.8355963832630372,False
Sulfhydryl oxidase 1,Median Value (nm),delta_time2_vs_time1,20,17,-0.2014380993528414,"[-0.60, 0.28]",0.408256281270877,0.8562882259360183,False
Corticosteroid-binding globulin,Median Value (nm),delta_time2_vs_time1,20,17,0.23795296988749276,"[-0.24, 0.62]",0.3266002767600723,0.8252631383498412,False
Angiopoietin-related protein 6,Median Value (nm),delta_time2_vs_time1,20,17,0.0022305231428422444,"[-0.45, 0.46]",0.9927692584529532,0.9968034941158275,False
72 kDa type IV collagenase,Median Value (nm),delta_time2_vs_time1,20,17,0.04046806273441937,"[-0.42, 0.49]",0.8693474502842997,0.979498961893774,False
Trypsin-3,Median Value (nm),delta_time2_vs_time1,20,17,0.02900208822553118,"[-0.43, 0.48]",0.9061794276025943,0.9801335421758791,False
Complement component C9,Median Value (nm),delta_time2_vs_time1,20,17,0.0016298148622430958,"[-0.45, 0.46]",0.9947165585811497,0.9968034941158275,False
Pyruvate kinase PKM,Median Value (nm),delta_time2_vs_time1,20,17,0.14333434259173508,"[-0.33, 0.56]",0.5582785221581342,0.9340265511747381,False
Immunoglobulin heavy variable 4-34,Median Value (nm),delta_time2_vs_time1,20,17,0.17666056956023965,"[-0.30, 0.58]",0.4693796504285793,0.9005135515629782,False
Immunoglobulin kappa variable 6D-21,Median Value (nm),delta_time2_vs_time1,20,17,-0.0600888044677944,"[-0.50, 0.41]",0.8069522424377807,0.979264391124706,False
Immunoglobulin lambda-1 light chain,Median Value (nm),delta_time2_vs_time1,20,17,0.11112027671402595,"[-0.36, 0.54]",0.6506306465467337,0.9556244789432,False
Transforming growth factor-beta-induced protein ig-h3,Median Value (nm),delta_time2_vs_time1,20,17,0.09025032938076381,"[-0.38, 0.52]",0.7132935872473629,0.9710540819819553,False
Complement C1q subcomponent subunit A,Median Value (nm),delta_time2_vs_time1,20,17,-0.09244179144673337,"[-0.52, 0.38]",0.7066221134403243,0.9670548342459392,False
Prolow-density lipoprotein receptor-related protein 1,Median Value (nm),delta_time2_vs_time1,20,17,0.0873396220125186,"[-0.38, 0.52]",0.7221854874028064,0.9720008439065221,False
Immunoglobulin heavy constant mu,Median Value (nm),delta_time2_vs_time1,20,17,-0.13503442573106436,"[-0.56, 0.34]",0.5815124307792603,0.9475553740811739,False
UV-stimulated scaffold protein A,Median Value (nm),delta_time2_vs_time1,20,17,0.31119196643366476,"[-0.17, 0.67]",0.1946819790395368,0.7689968484471186,False
Complement component C6,Median Value (nm),delta_time2_vs_time1,20,17,0.24048750235406308,"[-0.24, 0.63]",0.32131904967027913,0.8219420628602696,False
Angiotensinogen,Median Value (nm),delta_time2_vs_time1,20,17,0.2264354441945615,"[-0.25, 0.62]",0.3512385311986004,0.8423220331521991,False
Pregnancy zone protein,Median Value (nm),delta_time2_vs_time1,20,17,-0.13853426329066318,"[-0.56, 0.34]",0.5716653548346667,0.943065776446998,False
Histone H2A type 1-B/E;Histone H2A type 3;Histone H2A type 1-C,Median Value (nm),delta_time2_vs_time1,20,17,-0.38626612235161445,"[-0.72, 0.08]",0.10236039187964391,0.686523309412449,False
Desmocollin-1,Median Value (nm),delta_time2_vs_time1,20,17,-0.22164316625475347,"[-0.61, 0.26]",0.36179660278747283,0.8448505927819434,False
Protein Z-dependent protease inhibitor,Median Value (nm),delta_time2_vs_time1,20,17,0.21212121212121224,"[-0.27, 0.61]",0.3833028982759581,0.8448505927819434,False
Immunoglobulin kappa variable 1-17,Median Value (nm),delta_time2_vs_time1,20,17,-0.13201500384169085,"[-0.55, 0.34]",0.5900652084215634,0.9507115955283665,False
Fibronectin,Median Value (nm),delta_time2_vs_time1,20,17,-0.0966156100840079,"[-0.53, 0.37]",0.6939725746159143,0.9642582977414559,False
Probable non-functional immunoglobulin heavy variable 3-38,Median Value (nm),delta_time2_vs_time1,20,17,0.15029879943455382,"[-0.33, 0.57]",0.5391058810860573,0.9339693859617983,False
Nucleoside diphosphate kinase 3,Median Value (nm),delta_time2_vs_time1,20,17,-0.11245722549477392,"[-0.54, 0.36]",0.646686664305536,0.9556244789432,False
Plasma protease C1 inhibitor,Median Value (nm),delta_time2_vs_time1,20,17,-0.2224705377963957,"[-0.61, 0.26]",0.35996100912449325,0.8448505927819434,False
Immunoglobulin kappa variable 1-16,Median Value (nm),delta_time2_vs_time1,20,17,-0.1727603753977678,"[-0.58, 0.31]",0.4794002574074231,0.903015757589255,False
F-actin-capping protein subunit alpha-1,Median Value (nm),delta_time2_vs_time1,20,17,0.15340004756600673,"[-0.32, 0.57]",0.5306660996139949,0.9333957202039027,False
Cathepsin D,Median Value (nm),delta_time2_vs_time1,20,17,-0.20190071566728385,"[-0.60, 0.28]",0.4071578806981323,0.8562882259360183,False
Anthrax toxin receptor 2,Median Value (nm),delta_time2_vs_time1,20,17,0.18631415259631812,"[-0.29, 0.59]",0.4450372168749972,0.8877460379216469,False
Talin-1,Median Value (nm),delta_time2_vs_time1,20,17,0.2783060118343949,"[-0.20, 0.65]",0.24861288110475796,0.8049768931977531,False
Protein disulfide-isomerase,Median Value (nm),delta_time2_vs_time1,20,17,-0.025566674594334444,"[-0.47, 0.43]",0.9172541200728693,0.9816779338922308,False
Junction plakoglobin,Median Value (nm),delta_time2_vs_time1,20,17,-0.10663933620817714,"[-0.53, 0.37]",0.6639138164908396,0.9583584185244276,False
Tenascin,Median Value (nm),delta_time2_vs_time1,20,17,0.04658867125687212,"[-0.42, 0.49]",0.8497865506424673,0.979498961893774,False
Cadherin-related family member 5,Median Value (nm),delta_time2_vs_time1,20,17,0.08498006437161855,"[-0.38, 0.52]",0.7294188556901025,0.9769906339019859,False
Kininogen-1,Median Value (nm),delta_time2_vs_time1,20,17,0.14505352273963612,"[-0.33, 0.56]",0.5535178879457355,0.9340265511747381,False
Alpha-1-antichymotrypsin,Median Value (nm),delta_time2_vs_time1,20,17,-0.0029816634943175923,"[-0.46, 0.45]",0.990334362967508,0.9968034941158275,False
Integrin alpha-IIb,Median Value (nm),delta_time2_vs_time1,20,17,0.1424348349786252,"[-0.33, 0.56]",0.5607765587168795,0.9340265511747381,False
Serum amyloid P-component,Median Value (nm),delta_time2_vs_time1,20,17,0.15858943892078903,"[-0.32, 0.57]",0.516681486742153,0.9204594999259132,False
Inter-alpha-trypsin inhibitor heavy chain H1,Median Value (nm),delta_time2_vs_time1,20,17,0.2799731860705717,"[-0.20, 0.65]",0.24567163798284658,0.8049768931977531,False
Probable non-functional immunoglobulin heavy variable 3-35,Median Value (nm),delta_time2_vs_time1,20,17,-0.04423033025453081,"[-0.49, 0.42]",0.8573142672968685,0.979498961893774,False
Immunoglobulin kappa variable 1-5,Median Value (nm),delta_time2_vs_time1,20,17,-0.062328087222031384,"[-0.50, 0.40]",0.799894542674995,0.979264391124706,False
Band 3 anion transport protein,Median Value (nm),delta_time2_vs_time1,20,17,-0.3663373519021873,"[-0.70, 0.11]",0.1229224752201992,0.7218926089642522,False
Immunoglobulin lambda variable 7-43,Median Value (nm),delta_time2_vs_time1,20,17,-0.03908080857462934,"[-0.48, 0.42]",0.873791511443234,0.979498961893774,False
Peroxiredoxin-1,Median Value (nm),delta_time2_vs_time1,20,17,0.12056392629312178,"[-0.35, 0.54]",0.6229678882377554,0.9545053881926984,False
Matrix metalloproteinase-9,Median Value (nm),delta_time2_vs_time1,20,17,0.06403543413932161,"[-0.40, 0.50]",0.7945233102981492,0.979264391124706,False
Multimerin-2,Median Value (nm),delta_time2_vs_time1,20,17,0.03218110145927226,"[-0.43, 0.48]",0.8959459920602411,0.979498961893774,False
Immunoglobulin heavy variable 1-3,Median Value (nm),delta_time2_vs_time1,20,17,-0.18719274453776497,"[-0.59, 0.29]",0.442854793007011,0.8877460379216469,False
Podocalyxin,Median Value (nm),delta_time2_vs_time1,20,17,-0.021865532291662812,"[-0.47, 0.44]",0.9292017304911251,0.9828289159510588,False
Immunoglobulin lambda variable 1-51,Median Value (nm),delta_time2_vs_time1,20,17,-0.3132545778366405,"[-0.67, 0.16]",0.19158374992869898,0.7689968484471186,False
Cadherin-13,Median Value (nm),delta_time2_vs_time1,20,17,-0.2499627017417769,"[-0.63, 0.23]",0.3020280219637847,0.8049768931977531,False
Plastin-2,Median Value (nm),delta_time2_vs_time1,20,17,0.060403024656517326,"[-0.40, 0.50]",0.8059610184765289,0.979264391124706,False
Inter-alpha-trypsin inhibitor heavy chain H4,Median Value (nm),delta_time2_vs_time1,20,17,-0.02928253520943832,"[-0.48, 0.43]",0.9052760593575855,0.9801335421758791,False
Fructose-bisphosphate aldolase B,Median Value (nm),delta_time2_vs_time1,20,17,-0.09630416858777159,"[-0.53, 0.37]",0.6949138340762426,0.9642582977414559,False
Mannan-binding lectin serine protease 2,Median Value (nm),delta_time2_vs_time1,20,17,0.03375860643276613,"[-0.43, 0.48]",0.8908736442083102,0.979498961893774,False
Platelet glycoprotein 4,Median Value (nm),delta_time2_vs_time1,20,17,-0.03177769602746048,"[-0.48, 0.43]",0.8972437401903393,0.979498961893774,False
Hemoglobin subunit alpha,Median Value (nm),delta_time2_vs_time1,20,17,-0.3085928710533145,"[-0.67, 0.17]",0.19863334905120708,0.7707271521237848,False
Immunoglobulin lambda variable 3-10,Median Value (nm),delta_time2_vs_time1,20,17,0.07666674171179584,"[-0.39, 0.51]",0.7550750131114772,0.9769906339019859,False
Serum paraoxonase/lactonase 3,Median Value (nm),delta_time2_vs_time1,20,17,-0.13157520583808968,"[-0.55, 0.34]",0.5913153523892364,0.9512464364522498,False
Dopamine beta-hydroxylase,Median Value (nm),delta_time2_vs_time1,20,17,-0.056415038184343645,"[-0.50, 0.41]",0.8185618644762889,0.979498961893774,False
Triosephosphate isomerase,Median Value (nm),delta_time2_vs_time1,20,17,-0.1678465291797343,"[-0.58, 0.31]",0.49217441317774635,0.9048707345805562,False
Endoplasmic reticulum chaperone BiP,Median Value (nm),delta_time2_vs_time1,20,17,0.2173167340518426,"[-0.26, 0.61]",0.3714816121053691,0.8448505927819434,False
Suprabasin,Median Value (nm),delta_time2_vs_time1,20,17,0.013251041777347549,"[-0.44, 0.46]",0.9570620892651054,0.986583407441442,False
Immunoglobulin kappa variable 3-20,Median Value (nm),delta_time2_vs_time1,20,17,0.19624161870262175,"[-0.28, 0.60]",0.42070403780702803,0.8716987663361622,False
Ficolin-1,Median Value (nm),delta_time2_vs_time1,20,17,-0.14287302893396436,"[-0.56, 0.33]",0.5595590293601893,0.9340265511747381,False
Autotaxin,Median Value (nm),delta_time2_vs_time1,20,17,-0.13219121124474048,"[-0.55, 0.34]",0.5895646422232923,0.9507115955283665,False
Histidine ammonia-lyase,Median Value (nm),delta_time2_vs_time1,20,17,-0.01523961341540144,"[-0.47, 0.44]",0.9506254284147445,0.9841070074338116,False
Noelin,Median Value (nm),delta_time2_vs_time1,20,17,0.4250459651308101,"[-0.04, 0.74]",0.06966207575350501,0.6386717741648777,False
Prenylcysteine oxidase 1,Median Value (nm),delta_time2_vs_time1,20,17,-0.1407103787285258,"[-0.56, 0.33]",0.5655792689386709,0.9381462115899457,False
Immunoglobulin delta heavy chain,Median Value (nm),delta_time2_vs_time1,20,17,0.028658672589900985,"[-0.43, 0.48]",0.9072857789060502,0.9801335421758791,False
Antithrombin-III,Median Value (nm),delta_time2_vs_time1,20,17,-0.07747289513313911,"[-0.51, 0.39]",0.75257585156319,0.9769906339019859,False
Complement component C7,Median Value (nm),delta_time2_vs_time1,20,17,-0.0034879468223206075,"[-0.46, 0.45]",0.9886932405426836,0.9968034941158275,False
BOS complex subunit NOMO3;BOS complex subunit NOMO1;BOS complex subunit NOMO2,Median Value (nm),delta_time2_vs_time1,20,17,0.19083381147406728,"[-0.29, 0.59]",0.43386992716096695,0.883808526203532,False
Cofilin-1,Median Value (nm),delta_time2_vs_time1,20,17,-0.09212629045203458,"[-0.52, 0.38]",0.7075813459982394,0.9670900718392824,False
Histone H4,Median Value (nm),delta_time2_vs_time1,20,17,-0.04232303405776591,"[-0.49, 0.42]",0.8634109365127345,0.979498961893774,False
Serum amyloid A-1 protein,Median Value (nm),delta_time2_vs_time1,20,17,0.30869592024064746,"[-0.17, 0.67]",0.19847567885461803,0.7707271521237848,False
Transferrin receptor protein 1,Median Value (nm),delta_time2_vs_time1,20,17,0.043119337561151334,"[-0.42, 0.49]",0.8608646351480707,0.979498961893774,False
Serpin B12,Median Value (nm),delta_time2_vs_time1,20,17,-0.12146984128973551,"[-0.55, 0.35]",0.6203387469604291,0.9545053881926984,False
Immunoglobulin kappa variable 3D-20,Median Value (nm),delta_time2_vs_time1,20,17,-0.26579531959336605,"[-0.64, 0.21]",0.27139564229925234,0.8049768931977531,False
Probable non-functional immunoglobulin heavy variable 3-16,Median Value (nm),delta_time2_vs_time1,20,17,0.13585030006748788,"[-0.34, 0.56]",0.5792104723437509,0.9475553740811739,False
Immunoglobulin lambda variable 6-57,Median Value (nm),delta_time2_vs_time1,20,17,-0.06487567641230338,"[-0.50, 0.40]",0.7918831789710457,0.979264391124706,False
Fibrinogen alpha chain,Median Value (nm),delta_time2_vs_time1,20,17,0.20469913911375304,"[-0.28, 0.60]",0.400547757295466,0.8536502345722878,False
Galectin-3-binding protein,Median Value (nm),delta_time2_vs_time1,20,17,-0.12953168145969798,"[-0.55, 0.34]",0.597138601285905,0.9545053881926984,False
Macrophage colony-stimulating factor 1 receptor,Median Value (nm),delta_time2_vs_time1,20,17,-0.23115574849744636,"[-0.62, 0.25]",0.3410145908303499,0.8391190988614592,False
Phosphatidylinositol-glycan-specific phospholipase D,Median Value (nm),delta_time2_vs_time1,20,17,0.3960285150796654,"[-0.07, 0.72]",0.0932503778071343,0.6759341052508534,False
Serotransferrin,Median Value (nm),delta_time2_vs_time1,20,17,-0.08233926197363378,"[-0.52, 0.39]",0.7375403982393062,0.9769906339019859,False
Integrin alpha-11,Median Value (nm),delta_time2_vs_time1,20,17,-0.5608288416994149,"[-0.81, -0.14]",0.012489767831557634,0.4709300614264398,False
Proprotein convertase subtilisin/kexin type 9,Median Value (nm),delta_time2_vs_time1,20,17,0.19497961472382705,"[-0.28, 0.60]",0.423757290222864,0.8755179593100133,False
Gelsolin,Median Value (nm),delta_time2_vs_time1,20,17,0.0399014765491252,"[-0.42, 0.49]",0.8711620605331176,0.979498961893774,False
Proteoglycan 4,Median Value (nm),delta_time2_vs_time1,20,17,0.1294345631672187,"[-0.35, 0.55]",0.5974159394288914,0.9545053881926984,False
Vascular cell adhesion protein 1,Median Value (nm),delta_time2_vs_time1,20,17,0.4211433107996057,"[-0.04, 0.73]",0.0725440395057894,0.651605980428528,False
Adhesion G protein-coupled receptor F5,Median Value (nm),delta_time2_vs_time1,20,17,0.32172199555219566,"[-0.16, 0.68]",0.17921092332493926,0.751670107549138,False
Insulin-like growth factor-binding protein 3,Median Value (nm),delta_time2_vs_time1,20,17,-0.2194206435502721,"[-0.61, 0.26]",0.3667537673883293,0.8448505927819434,False
Transthyretin,Median Value (nm),delta_time2_vs_time1,20,17,0.2124702305808901,"[-0.27, 0.61]",0.38250229342502473,0.8448505927819434,False
Coiled-coil domain-containing protein 126,Median Value (nm),delta_time2_vs_time1,20,17,-0.13702666126008417,"[-0.56, 0.34]",0.5758982765469762,0.9466034911089208,False
Guanine nucleotide-binding protein G(i) subunit alpha-2,Median Value (nm),delta_time2_vs_time1,20,17,0.4575196984058545,"[0.00, 0.75]",0.04888264130306998,0.5565100702195659,False
Apolipoprotein C-I,Median Value (nm),delta_time2_vs_time1,20,17,-0.06318618607790126,"[-0.50, 0.40]",0.797193913651158,0.979264391124706,False
Syntenin-1,Median Value (nm),delta_time2_vs_time1,20,17,0.11802786718280399,"[-0.36, 0.54]",0.6303512037169294,0.9545053881926984,False
Phospholipid transfer protein,Median Value (nm),delta_time2_vs_time1,20,17,0.10267833632131523,"[-0.37, 0.53]",0.6757362824209061,0.9628964182739307,False
Laminin subunit beta-1,Median Value (nm),delta_time2_vs_time1,20,17,0.3836443106025168,"[-0.09, 0.71]",0.10491282457453012,0.686523309412449,False
Proline-rich protein 4,Median Value (nm),delta_time2_vs_time1,20,17,0.420786407076402,"[-0.04, 0.73]",0.07281195301000444,0.651605980428528,False
Immunoglobulin kappa variable 2-28;Immunoglobulin kappa variable 2D-28,Median Value (nm),delta_time2_vs_time1,20,17,0.0006372923265262853,"[-0.45, 0.45]",0.9979340502451386,0.9988982377332982,False
Complement C3,Median Value (nm),delta_time2_vs_time1,20,17,-0.060278260627726135,"[-0.50, 0.41]",0.8063545592872294,0.979264391124706,False
Thyroxine-binding globulin,Median Value (nm),delta_time2_vs_time1,20,17,-0.019001096593739178,"[-0.47, 0.44]",0.93845847193609,0.9828289159510588,False
Immunoglobulin kappa variable 1D-13;Immunoglobulin kappa variable 1-13,Median Value (nm),delta_time2_vs_time1,20,17,0.3777010160609645,"[-0.09, 0.71]",0.11086813726940872,0.6919240374163098,False
Complement factor H-related protein 5,Median Value (nm),delta_time2_vs_time1,20,17,0.03447082361111299,"[-0.43, 0.48]",0.8885848812113122,0.979498961893774,False
Immunoglobulin lambda variable 2-23,Median Value (nm),delta_time2_vs_time1,20,17,-0.19021800268461758,"[-0.59, 0.29]",0.43538275973814533,0.883808526203532,False
Coagulation factor VII,Median Value (nm),delta_time2_vs_time1,20,17,0.0023656447576254134,"[-0.45, 0.46]",0.9923312433086546,0.9968034941158275,False
Immunoglobulin heavy constant gamma 4,Median Value (nm),delta_time2_vs_time1,20,17,0.07116390735802262,"[-0.40, 0.51]",0.7721954878396177,0.979264391124706,False
L-lactate dehydrogenase B chain,Median Value (nm),delta_time2_vs_time1,20,17,-0.09304467967283782,"[-0.53, 0.38]",0.7047903019297584,0.9658237470889283,False
Zinc-alpha-2-glycoprotein,Median Value (nm),delta_time2_vs_time1,20,17,0.016721552719033698,"[-0.44, 0.47]",0.9458305301189244,0.9828289159510588,False
"Dihydrolipoyllysine-residue succinyltransferase component of 2-oxoglutarate dehydrogenase complex, mitochondrial",Median Value (nm),delta_time2_vs_time1,20,17,-0.4116091612779489,"[-0.73, 0.05]",0.07995632232193702,0.651605980428528,False
Serpin B3,Median Value (nm),delta_time2_vs_time1,20,17,-0.06165601432992596,"[-0.50, 0.40]",0.8020112272971543,0.979264391124706,False
Immunoglobulin heavy variable 3-33,Median Value (nm),delta_time2_vs_time1,20,17,-0.33804609551677267,"[-0.69, 0.14]",0.1569067352107714,0.7278539353623202,False
Follistatin-related protein 1,Median Value (nm),delta_time2_vs_time1,20,17,-0.08308130811175811,"[-0.52, 0.39]",0.7352555720057956,0.9769906339019859,False
Cholesteryl ester transfer protein,Median Value (nm),delta_time2_vs_time1,20,17,0.27835651277961937,"[-0.20, 0.65]",0.24852345984567326,0.8049768931977531,False
Complement C1q subcomponent subunit C,Median Value (nm),delta_time2_vs_time1,20,17,-0.3546531797118789,"[-0.70, 0.12]",0.13625693883809822,0.7276641962142183,False
Immunoglobulin heavy variable 4-30-2,Median Value (nm),delta_time2_vs_time1,20,17,0.016721552719033698,"[-0.44, 0.47]",0.9458305301189244,0.9828289159510588,False
Thrombospondin-4,Median Value (nm),delta_time2_vs_time1,20,17,-0.0060246354203721975,"[-0.46, 0.45]",0.9804713208410867,0.9954828074133414,False
Transketolase,Median Value (nm),delta_time2_vs_time1,20,17,-0.11368989895554135,"[-0.54, 0.36]",0.6430582638208691,0.9556244789432,False
Complement receptor type 2,Median Value (nm),delta_time2_vs_time1,20,17,0.025274474431160807,"[-0.43, 0.47]",0.9181967830073938,0.9816779338922308,False
Immunoglobulin kappa variable 2-40;Immunoglobulin kappa variable 2D-40,Median Value (nm),delta_time2_vs_time1,20,17,0.0264541593137548,"[-0.43, 0.47]",0.9143916708245748,0.9816779338922308,False
Immunoglobulin kappa variable 3D-7,Median Value (nm),delta_time2_vs_time1,20,17,0.18481959427786168,"[-0.29, 0.59]",0.44876246479318016,0.8889443853264524,False
Immunoglobulin heavy variable 3-64,Median Value (nm),delta_time2_vs_time1,20,17,-0.08948336108017095,"[-0.52, 0.38]",0.7156332141199953,0.9720008439065221,False
Vitronectin,Median Value (nm),delta_time2_vs_time1,20,17,0.0428628223076578,"[-0.42, 0.49]",0.861684739344248,0.979498961893774,False
Complement component C8 gamma chain,Median Value (nm),delta_time2_vs_time1,20,17,0.09138725274154436,"[-0.38, 0.52]",0.7098299265223467,0.9688851170976958,False
Immunoglobulin heavy variable 5-51,Median Value (nm),delta_time2_vs_time1,20,17,-0.4139281129981305,"[-0.73, 0.05]",0.078104163144953,0.651605980428528,False
Coagulation factor V,Median Value (nm),delta_time2_vs_time1,20,17,-0.006294819583082873,"[-0.46, 0.45]",0.9795956965776951,0.9954828074133414,False
Protein S100-A7,Median Value (nm),delta_time2_vs_time1,20,17,0.10966373545574128,"[-0.36, 0.54]",0.6549375618693614,0.9556244789432,False
Arginase-1,Median Value (nm),delta_time2_vs_time1,20,17,-0.20202256690594583,"[-0.60, 0.28]",0.40686883316696987,0.8562882259360183,False
Protein-glutamine gamma-glutamyltransferase K,Median Value (nm),delta_time2_vs_time1,20,17,-0.16626902420624057,"[-0.58, 0.31]",0.49631018022356954,0.907116555577221,False
Immunoglobulin kappa variable 4-1,Median Value (nm),delta_time2_vs_time1,20,17,-0.257107094860895,"[-0.64, 0.22]",0.2879565412360711,0.8049768931977531,False
Coagulation factor XIII B chain,Median Value (nm),delta_time2_vs_time1,20,17,0.18992747911221164,"[-0.29, 0.59]",0.4360974359008336,0.883808526203532,False
Apolipoprotein C-II,Median Value (nm),delta_time2_vs_time1,20,17,-0.23708962211404566,"[-0.62, 0.24]",0.3284108672271683,0.8278191203098452,False
Bone marrow proteoglycan,Median Value (nm),delta_time2_vs_time1,20,17,0.1703773831993016,"[-0.31, 0.58]",0.4855745172901994,0.9047755394112348,False
Apolipoprotein A-I,Median Value (nm),delta_time2_vs_time1,20,17,0.12083688096962077,"[-0.35, 0.55]",0.6221752590775336,0.9545053881926984,False
Coagulation factor X,Median Value (nm),delta_time2_vs_time1,20,17,0.4008393099884315,"[-0.07, 0.72]",0.08898508455335101,0.6649240201944275,False
Thioredoxin,Median Value (nm),delta_time2_vs_time1,20,17,-0.15796546519475355,"[-0.57, 0.32]",0.5183537685372563,0.9204594999259132,False
Immunoglobulin heavy variable 3-15,Median Value (nm),delta_time2_vs_time1,20,17,-0.16298148622431005,"[-0.57, 0.31]",0.5049829326822081,0.909847510015248,False
Proteasome subunit beta type-2,Median Value (nm),delta_time2_vs_time1,20,17,0.019879000845314024,"[-0.44, 0.47]",0.9356205707570948,0.9828289159510588,False
Apolipoprotein A-II,Median Value (nm),delta_time2_vs_time1,20,17,-0.27141358885441597,"[-0.65, 0.21]",0.2610090465446194,0.8049768931977531,False
Immunoglobulin heavy constant gamma 2,Median Value (nm),delta_time2_vs_time1,20,17,-0.05458167208288368,"[-0.50, 0.41]",0.824369266895335,0.979498961893774,False
Plakophilin-1,Median Value (nm),delta_time2_vs_time1,20,17,-0.05899868600866601,"[-0.50, 0.41]",0.8103932535577557,0.979264391124706,False
Fetuin-B,Median Value (nm),delta_time2_vs_time1,20,17,0.03585592696934824,"[-0.43, 0.48]",0.884136179712884,0.979498961893774,False
Complement factor H-related protein 3,Median Value (nm),delta_time2_vs_time1,20,17,0.2240603534722361,"[-0.26, 0.62]",0.35644881867839295,0.8448505927819434,False
Plasminogen,Median Value (nm),delta_time2_vs_time1,20,17,0.07600438637495661,"[-0.39, 0.51]",0.7571301311933697,0.9769906339019859,False
Fermitin family homolog 3,Median Value (nm),delta_time2_vs_time1,20,17,0.284126169128628,"[-0.20, 0.65]",0.23844166524827923,0.8049768931977531,False
Immunoglobulin heavy variable 3-21,Median Value (nm),delta_time2_vs_time1,20,17,0.017649397420800267,"[-0.44, 0.47]",0.9428293335718281,0.9828289159510588,False
Immunoglobulin heavy variable 2-26,Median Value (nm),delta_time2_vs_time1,20,17,0.11960157207857493,"[-0.35, 0.54]",0.6257656182904026,0.9545053881926984,False
Immunoglobulin kappa variable 1-12;Immunoglobulin kappa variable 1D-12,Median Value (nm),delta_time2_vs_time1,20,17,-0.16968678592707961,"[-0.58, 0.31]",0.4873711088137733,0.9048682235323819,False
Immunoglobulin heavy constant gamma 3,Median Value (nm),delta_time2_vs_time1,20,17,0.10972906051009401,"[-0.36, 0.54]",0.654744174285947,0.9556244789432,False
Immunoglobulin kappa variable 2D-29,Median Value (nm),delta_time2_vs_time1,20,17,-0.45634816142806744,"[-0.75, -0.00]",0.04953838270599235,0.5578452661240008,False
Neogenin,Median Value (nm),delta_time2_vs_time1,20,17,0.11057582563632737,"[-0.36, 0.54]",0.6522393282281171,0.9556244789432,False
Immunoglobulin heavy variable 6-1,Median Value (nm),delta_time2_vs_time1,20,17,-0.0966156100840079,"[-0.53, 0.37]",0.6939725746159143,0.9642582977414559,False
L-selectin,Median Value (nm),delta_time2_vs_time1,20,17,0.05300416710938992,"[-0.41, 0.50]",0.8293732129041385,0.979498961893774,False
Immunoglobulin lambda constant 3,Median Value (nm),delta_time2_vs_time1,20,17,-0.103168825266491,"[-0.53, 0.37]",0.6742682956364487,0.9628964182739307,False
A disintegrin and metalloproteinase with thrombospondin motifs 13,Median Value (nm),delta_time2_vs_time1,20,17,-0.07785699933730354,"[-0.51, 0.39]",0.7513859143052738,0.9769906339019859,False
von Willebrand factor,Median Value (nm),delta_time2_vs_time1,20,17,-0.24916657337454617,"[-0.63, 0.23]",0.3036213482066464,0.8049768931977531,False
Neutral alpha-glucosidase AB,Median Value (nm),delta_time2_vs_time1,20,17,0.28073747893824413,"[-0.20, 0.65]",0.24433070822381875,0.8049768931977531,False
Carbonic anhydrase 1,Median Value (nm),delta_time2_vs_time1,20,17,-0.3763521921716519,"[-0.71, 0.09]",0.11225274309857883,0.6956194896640671,False
Immunoglobulin lambda variable 4-60,Median Value (nm),delta_time2_vs_time1,20,17,-0.07670002378300303,"[-0.51, 0.39]",0.7549717888421092,0.9769906339019859,False
Integrin beta-1,Median Value (nm),delta_time2_vs_time1,20,17,0.1580066247542783,"[-0.32, 0.57]",0.5182433805443052,0.9204594999259132,False
Immunoglobulin lambda variable 3-12,Median Value (nm),delta_time2_vs_time1,20,17,0.43271446306070327,"[-0.03, 0.74]",0.06424889814454597,0.6315439015565582,False
Alpha-amylase 1B;Alpha-amylase 1C;Alpha-amylase 1A,Median Value (nm),delta_time2_vs_time1,20,17,0.177368804998195,"[-0.30, 0.58]",0.4675713781239963,0.9003786258757829,False
Lumican,Median Value (nm),delta_time2_vs_time1,20,17,0.07649356159067526,"[-0.39, 0.51]",0.7556121949762052,0.9769906339019859,False
Beta-Ala-His dipeptidase,Median Value (nm),delta_time2_vs_time1,20,17,0.23164784305399935,"[-0.25, 0.62]",0.33995881027425523,0.8385650653431629,False
Immunoglobulin alpha-2 heavy chain,Median Value (nm),delta_time2_vs_time1,20,17,-0.3818382313147697,"[-0.71, 0.09]",0.10669758874775805,0.6908668871417334,False
Complement C5,Median Value (nm),delta_time2_vs_time1,20,17,-0.01107673395477591,"[-0.46, 0.45]",0.9641028450597516,0.9889213341404977,False
Protein S100-A8,Median Value (nm),delta_time2_vs_time1,20,17,-0.013787048973362874,"[-0.47, 0.44]",0.9553268606842288,0.9857755255665946,False
Immunoglobulin lambda variable 3-25,Median Value (nm),delta_time2_vs_time1,20,17,0.025509367909692042,"[-0.43, 0.47]",0.917438988087059,0.9816779338922308,False
Leukocyte immunoglobulin-like receptor subfamily B member 3;Leukocyte immunoglobulin-like receptor subfamily A member 6,Median Value (nm),delta_time2_vs_time1,20,17,0.34374884467908357,"[-0.13, 0.69]",0.14958714131139011,0.7278539353623202,False
Collagen alpha-3(VI) chain,Median Value (nm),delta_time2_vs_time1,20,17,-0.009331796934876006,"[-0.46, 0.45]",0.9697550936824398,0.9917732251283393,False
Immunoglobulin kappa variable 1-39;Immunoglobulin kappa variable 1D-39,Median Value (nm),delta_time2_vs_time1,20,17,0.12890363473405922,"[-0.35, 0.55]",0.5989330371305002,0.9545053881926984,False
Bleomycin hydrolase,Median Value (nm),delta_time2_vs_time1,20,17,-0.17826950006625278,"[-0.59, 0.30]",0.46527679434279456,0.9003786258757829,False
CD166 antigen,Median Value (nm),delta_time2_vs_time1,20,17,0.27237981370068515,"[-0.21, 0.65]",0.2592483033631413,0.8049768931977531,False
Beta-2-microglobulin,Median Value (nm),delta_time2_vs_time1,20,17,-0.2618791536487579,"[-0.64, 0.22]",0.2787853952332725,0.8049768931977531,False
Amino acid transporter heavy chain SLC3A2,Median Value (nm),delta_time2_vs_time1,20,17,-0.3408376615568445,"[-0.69, 0.13]",0.15329352779077166,0.7278539353623202,False
Haptoglobin-related protein,Median Value (nm),delta_time2_vs_time1,20,17,-0.29401675783484577,"[-0.66, 0.18]",0.221777595308903,0.8049768931977531,False
Alpha-1-acid glycoprotein 1,Median Value (nm),delta_time2_vs_time1,20,17,0.08906507024044057,"[-0.38, 0.52]",0.7169102298222363,0.9720008439065221,False
Serum paraoxonase/arylesterase 1,Median Value (nm),delta_time2_vs_time1,20,17,-0.16824517420294,"[-0.58, 0.31]",0.49113194586161724,0.9048707345805562,False
Target of Nesh-SH3,Median Value (nm),delta_time2_vs_time1,20,17,0.5188312901896661,"[0.08, 0.79]",0.022837925387508694,0.5303551455531277,False
Intercellular adhesion molecule 1,Median Value (nm),delta_time2_vs_time1,20,17,-0.10053853173634437,"[-0.53, 0.37]",0.6821535688359073,0.9642582977414559,False
Complement C4-A,Median Value (nm),delta_time2_vs_time1,20,17,-0.03592913046377207,"[-0.48, 0.43]",0.8839011545095851,0.979498961893774,False
Coagulation factor XIII A chain,Median Value (nm),delta_time2_vs_time1,20,17,-0.0684637158496286,"[-0.51, 0.40]",0.7806338831285634,0.979264391124706,False
Immunoglobulin mu heavy chain,Median Value (nm),delta_time2_vs_time1,20,17,-0.08721110048266784,"[-0.52, 0.38]",0.7225789036544281,0.9720008439065221,False
Oncoprotein-induced transcript 3 protein,Median Value (nm),delta_time2_vs_time1,20,17,0.09729871876449299,"[-0.37, 0.53]",0.6919095407770354,0.9642582977414559,False
Peroxiredoxin-2,Median Value (nm),delta_time2_vs_time1,20,17,-0.34922579370798795,"[-0.69, 0.12]",0.14278337301894323,0.7278539353623202,False
Tissue factor pathway inhibitor,Median Value (nm),delta_time2_vs_time1,20,17,0.32277926675347185,"[-0.15, 0.68]",0.17770487167239926,0.7483831181000229,False
Progranulin,Median Value (nm),delta_time2_vs_time1,20,17,-0.09888816695855947,"[-0.53, 0.37]",0.6871173555223578,0.9642582977414559,False
Histone H2B type 1-K;Histone H2B type F-S,Median Value (nm),delta_time2_vs_time1,20,17,0.019225236476228792,"[-0.44, 0.47]",0.9377338516059759,0.9828289159510588,False
Hemoglobin subunit delta,Median Value (nm),delta_time2_vs_time1,20,17,-0.3416419072169191,"[-0.69, 0.13]",0.15226332244097548,0.7278539353623202,False
Glutathione S-transferase P,Median Value (nm),delta_time2_vs_time1,20,17,0.15071963522346682,"[-0.33, 0.57]",0.537957040053864,0.9339693859617983,False
Annexin A6,Median Value (nm),delta_time2_vs_time1,20,17,-0.1853235885256686,"[-0.59, 0.29]",0.4475044452570107,0.8888701250643388,False
Complement factor H-related protein 1,Median Value (nm),delta_time2_vs_time1,20,17,0.41702882811415004,"[-0.05, 0.73]",0.07567740148616064,0.651605980428528,False
Protein KPLCE,Median Value (nm),delta_time2_vs_time1,20,17,-0.03519655429796516,"[-0.48, 0.43]",0.8862535595317144,0.979498961893774,False
Immunoglobulin heavy variable 4-4,Median Value (nm),delta_time2_vs_time1,20,17,-0.34569155735489265,"[-0.69, 0.13]",0.1471485935161268,0.7278539353623202,False
Alpha-1B-glycoprotein,Median Value (nm),delta_time2_vs_time1,20,17,-0.020668154827389602,"[-0.47, 0.44]",0.9330701957466305,0.9828289159510588,False
Properdin,Median Value (nm),delta_time2_vs_time1,20,17,-0.22297112216783355,"[-0.61, 0.26]",0.3588530051413109,0.8448505927819434,False
Immunoglobulin heavy variable 3-53,Median Value (nm),delta_time2_vs_time1,20,17,-0.2282629052872076,"[-0.62, 0.25]",0.3472596137806142,0.8391190988614592,False
Calmodulin-like protein 5,Median Value (nm),delta_time2_vs_time1,20,17,-0.019936904525139083,"[-0.47, 0.44]",0.935433417885162,0.9828289159510588,False
Carboxypeptidase B2,Median Value (nm),delta_time2_vs_time1,20,17,0.05962413069069955,"[-0.41, 0.50]",0.808418596151532,0.979264391124706,False
"Sushi, nidogen and EGF-like domain-containing protein 1",Median Value (nm),delta_time2_vs_time1,20,17,0.14623786434377342,"[-0.33, 0.56]",0.5502488439792064,0.9340265511747381,False
Proteasome subunit alpha type-5,Median Value (nm),delta_time2_vs_time1,20,17,-0.08695231095307275,"[-0.52, 0.38]",0.7233712844130584,0.9720008439065221,False
Bifunctional heparan sulfate N-deacetylase/N-sulfotransferase 4,Median Value (nm),delta_time2_vs_time1,20,17,0.3044333675108576,"[-0.17, 0.67]",0.20506711108201622,0.7826521348131927,False
Immunoglobulin heavy variable 3-9,Median Value (nm),delta_time2_vs_time1,20,17,-0.13367295564427675,"[-0.55, 0.34]",0.5853623932547792,0.9475553740811739,False
Neural cell adhesion molecule L1-like protein,Median Value (nm),delta_time2_vs_time1,20,17,0.23834733012083145,"[-0.24, 0.62]",0.32577519902223995,0.8252631383498412,False
Proteasome subunit alpha type-2,Median Value (nm),delta_time2_vs_time1,20,17,0.03600701644873568,"[-0.43, 0.48]",0.8836511060202353,0.979498961893774,False
Intercellular adhesion molecule 3,Median Value (nm),delta_time2_vs_time1,20,17,0.18666947334679165,"[-0.29, 0.59]",0.44415392931871434,0.8877460379216469,False
Receptor-type tyrosine-protein phosphatase eta,Median Value (nm),delta_time2_vs_time1,20,17,-0.03810658663052768,"[-0.48, 0.42]",0.8769145979847578,0.979498961893774,False
ADAMTS-like protein 4,Median Value (nm),delta_time2_vs_time1,20,17,-0.04065664763005775,"[-0.49, 0.42]",0.8687436060985174,0.979498961893774,False
Immunoglobulin lambda variable 3-21,Median Value (nm),delta_time2_vs_time1,20,17,0.1816328602379406,"[-0.30, 0.59]",0.4567589207074919,0.8945221963193981,False
Cartilage oligomeric matrix protein,Median Value (nm),delta_time2_vs_time1,20,17,0.3364535315609587,"[-0.14, 0.69]",0.1589940932195664,0.7278539353623202,False
Neural cell adhesion molecule 1,Median Value (nm),delta_time2_vs_time1,20,17,-0.19369600611561463,"[-0.60, 0.29]",0.4268748524304866,0.8791099833962603,False
Immunoglobulin lambda variable 2-11,Median Value (nm),delta_time2_vs_time1,20,17,-0.03202569355040059,"[-0.48, 0.43]",0.8964459067690542,0.979498961893774,False
Immunoglobulin kappa variable 1D-33;Immunoglobulin kappa variable 1-33,Median Value (nm),delta_time2_vs_time1,20,17,0.11823926040436995,"[-0.36, 0.54]",0.6297344719937327,0.9545053881926984,False
Beta-2-glycoprotein 1,Median Value (nm),delta_time2_vs_time1,20,17,-0.15677391232546653,"[-0.57, 0.32]",0.5215542360377066,0.9236413479231863,False
Vitamin D-binding protein,Median Value (nm),delta_time2_vs_time1,20,17,0.05034609379557654,"[-0.41, 0.49]",0.8378189427587827,0.979498961893774,False
Filamin-A,Median Value (nm),delta_time2_vs_time1,20,17,0.1678465291797343,"[-0.31, 0.58]",0.49217441317774635,0.9048707345805562,False
Reelin,Median Value (nm),delta_time2_vs_time1,20,17,0.09057039929194441,"[-0.38, 0.52]",0.7123179409840812,0.9710018248151423,False
Immunoglobulin lambda variable 5-39,Median Value (nm),delta_time2_vs_time1,20,17,-0.05835448635237348,"[-0.50, 0.41]",0.8124282711046449,0.979264391124706,False
Fatty acid-binding protein 5,Median Value (nm),delta_time2_vs_time1,20,17,0.14371652185508815,"[-0.33, 0.56]",0.5572186564484007,0.9340265511747381,False
"HLA class I histocompatibility antigen, A alpha chain",Median Value (nm),delta_time2_vs_time1,20,17,0.25323875287862807,"[-0.23, 0.63]",0.29552484565698345,0.8049768931977531,False
Low affinity immunoglobulin gamma Fc region receptor III-A,Median Value (nm),delta_time2_vs_time1,20,17,-0.09420289855072458,"[-0.53, 0.38]",0.7012755459907567,0.9645298349397277,False
Heat shock 70 kDa protein 1A;Heat shock 70 kDa protein 1B,Median Value (nm),delta_time2_vs_time1,20,17,0.017983556697828598,"[-0.44, 0.47]",0.9417486441274661,0.9828289159510588,False
Apolipoprotein D,Median Value (nm),delta_time2_vs_time1,20,17,0.1208771503013448,"[-0.35, 0.55]",0.6220583552049243,0.9545053881926984,False
Plexin-B1,Median Value (nm),delta_time2_vs_time1,20,17,0.27318599187495407,"[-0.21, 0.65]",0.2577849451352708,0.8049768931977531,False
Immunoglobulin heavy variable 1-58,Median Value (nm),delta_time2_vs_time1,20,17,0.05054894886232112,"[-0.41, 0.49]",0.8371737828846226,0.979498961893774,False
Apolipoprotein C-IV,Median Value (nm),delta_time2_vs_time1,20,17,-0.2618791536487579,"[-0.64, 0.22]",0.2787853952332725,0.8049768931977531,False
Monocyte differentiation antigen CD14,Median Value (nm),delta_time2_vs_time1,20,17,0.2259661143741105,"[-0.25, 0.62]",0.35226461706575996,0.8428317396769684,False
Protein MENT,Median Value (nm),delta_time2_vs_time1,20,17,0.01487356369335766,"[-0.44, 0.47]",0.9518100593133969,0.9841070074338116,False
Immunoglobulin epsilon heavy chain,Median Value (nm),delta_time2_vs_time1,20,17,-0.06146114532970074,"[-0.50, 0.40]",0.8026252122815557,0.979264391124706,False
Complement factor H,Median Value (nm),delta_time2_vs_time1,20,17,-0.10965513369511909,"[-0.54, 0.36]",0.6549630279958335,0.9556244789432,False
Stabilin-1,Median Value (nm),delta_time2_vs_time1,20,17,0.18401459946921195,"[-0.29, 0.59]",0.4507755879498845,0.8895304935544386,False
Macrophage receptor MARCO,Median Value (nm),delta_time2_vs_time1,20,17,0.3381546352940271,"[-0.14, 0.69]",0.1567651634397977,0.7278539353623202,False
Protein POF1B,Median Value (nm),delta_time2_vs_time1,20,17,0.07689948888268014,"[-0.39, 0.51]",0.7543532316543802,0.9769906339019859,False
Phosphatidylcholine-sterol acyltransferase,Median Value (nm),delta_time2_vs_time1,20,17,0.17145128923063122,"[-0.31, 0.58]",0.4827872311271232,0.9044621545166358,False
Clusterin,Median Value (nm),delta_time2_vs_time1,20,17,0.053865679709882805,"[-0.41, 0.50]",0.8266396481597488,0.979498961893774,False
Platelet-activating factor acetylhydrolase,Median Value (nm),delta_time2_vs_time1,20,17,0.11488045739126258,"[-0.36, 0.54]",0.6395611570171769,0.9556244789432,False
Vasorin,Median Value (nm),delta_time2_vs_time1,20,17,-0.03338262961021433,"[-0.48, 0.43]",0.8920822081767747,0.979498961893774,False
Myeloperoxidase,Median Value (nm),delta_time2_vs_time1,20,17,0.26901318060539164,"[-0.21, 0.64]",0.2654157212981282,0.8049768931977531,False
Immunoglobulin lambda variable 5-52,Median Value (nm),delta_time2_vs_time1,20,17,0.12525389489540326,"[-0.35, 0.55]",0.6094045750097725,0.9545053881926984,False
Carboxypeptidase N catalytic chain,Median Value (nm),delta_time2_vs_time1,20,17,-0.011652612350831405,"[-0.46, 0.44]",0.9622377907250392,0.9889213341404977,False
Fibrinogen gamma chain,Median Value (nm),delta_time2_vs_time1,20,17,-0.2390322252278556,"[-0.63, 0.24]",0.32434519535132056,0.8252631383498412,False
Soluble scavenger receptor cysteine-rich domain-containing protein SSC5D,Median Value (nm),delta_time2_vs_time1,20,17,0.1106528452335669,"[-0.36, 0.54]",0.6520116700540788,0.9556244789432,False
Tetranectin,Median Value (nm),delta_time2_vs_time1,20,17,0.02455241472877576,"[-0.43, 0.47]",0.920526655549826,0.9816798695686507,False
Apolipoprotein(a),Median Value (nm),delta_time2_vs_time1,20,17,0.28027569414748366,"[-0.20, 0.65]",0.2451403369952842,0.8049768931977531,False
Alpha-2-antiplasmin,Median Value (nm),delta_time2_vs_time1,20,17,0.00189100686651433,"[-0.45, 0.46]",0.9938698552431764,0.9968034941158275,False
Retroviral-like aspartic protease 1,Median Value (nm),delta_time2_vs_time1,20,17,0.26861871563083045,"[-0.21, 0.64]",0.2661443059150516,0.8049768931977531,False
Ficolin-3,Median Value (nm),delta_time2_vs_time1,20,17,-0.24388226890213274,"[-0.63, 0.24]",0.31432526807730565,0.8181934113771071,False
Immunoglobulin kappa variable 2-24,Median Value (nm),delta_time2_vs_time1,20,17,0.12812911725955226,"[-0.35, 0.55]",0.601149017046379,0.9545053881926984,False
Immunoglobulin superfamily containing leucine-rich repeat protein,Median Value (nm),delta_time2_vs_time1,20,17,0.2658013150096312,"[-0.21, 0.64]",0.2713844234058921,0.8049768931977531,False
Complement factor D,Median Value (nm),delta_time2_vs_time1,20,17,0.08189206395862805,"[-0.39, 0.52]",0.7389183805451496,0.9769906339019859,False
Vitamin K-dependent protein Z,Median Value (nm),delta_time2_vs_time1,20,17,0.31867401360024283,"[-0.16, 0.68]",0.18360084289654804,0.7636925374730223,False
EGF-containing fibulin-like extracellular matrix protein 1,Median Value (nm),delta_time2_vs_time1,20,17,0.409958585928512,"[-0.05, 0.73]",0.08129424696969251,0.651605980428528,False
Dipeptidase 2,Median Value (nm),delta_time2_vs_time1,20,17,0.22278796930555725,"[-0.26, 0.61]",0.3592581733585951,0.8448505927819434,False
Myeloblastin,Median Value (nm),delta_time2_vs_time1,20,17,-0.21559757072058838,"[-0.61, 0.26]",0.3753702284184506,0.8448505927819434,False
Neurogenic locus notch homolog protein 1,Median Value (nm),delta_time2_vs_time1,20,17,0.31119196643366465,"[-0.17, 0.67]",0.19468197903953685,0.7689968484471186,False
Vitamin K-dependent protein S,Median Value (nm),delta_time2_vs_time1,20,17,-0.005840080586400096,"[-0.46, 0.45]",0.9810694463021443,0.9954828074133414,False
Dermcidin,Median Value (nm),delta_time2_vs_time1,20,17,0.1486062960795688,"[-0.33, 0.56]",0.5437374960687256,0.9340265511747381,False
Immunoglobulin heavy variable 3-73,Median Value (nm),delta_time2_vs_time1,20,17,-0.21087645603327654,"[-0.61, 0.27]",0.3861657947662176,0.8448505927819434,False
Alpha-2-macroglobulin,Median Value (nm),delta_time2_vs_time1,20,17,-0.1841790227560488,"[-0.59, 0.29]",0.45036402275201615,0.8895304935544386,False
Cation-independent mannose-6-phosphate receptor,Median Value (nm),delta_time2_vs_time1,20,17,-0.18352159015375968,"[-0.59, 0.30]",0.45201079019974,0.8902722027508188,False
Chromodomain-helicase-DNA-binding protein 1;Chromodomain-helicase-DNA-binding protein 2;Chromodomain-helicase-DNA-binding protein 9;Chromodomain-helicase-DNA-binding protein 6;Chromodomain-helicase-DNA-binding protein 8;Chromodomain-helicase-DNA-binding protein 7,Median Value (nm),delta_time2_vs_time1,20,17,0.093857478127907,"[-0.38, 0.53]",0.7023231622567923,0.9645298349397277,False
Ceruloplasmin,Median Value (nm),delta_time2_vs_time1,20,17,0.06636220919875903,"[-0.40, 0.51]",0.7872176583735214,0.979264391124706,False
Prostaglandin-H2 D-isomerase,Median Value (nm),delta_time2_vs_time1,20,17,0.03773044391772019,"[-0.42, 0.48]",0.8781208762196555,0.979498961893774,False
Protein S100-A9,Median Value (nm),delta_time2_vs_time1,20,17,0.07736900224057189,"[-0.39, 0.51]",0.7528977989284639,0.9769906339019859,False
Immunoglobulin J chain,Median Value (nm),delta_time2_vs_time1,20,17,-0.24592247819928664,"[-0.63, 0.23]",0.3101662191954421,0.8155639672245635,False
Probable non-functional immunoglobulin kappa variable 3-7,Mean Value (nm),delta_time3_vs_time1,20,17,0.21664970661360722,"[-0.26, 0.61]",0.37298767324896054,0.9029774864553766,False
Apolipoprotein A-IV,Mean Value (nm),delta_time3_vs_time1,20,17,0.49133061871602085,"[0.05, 0.77]",0.032650432195623295,0.7990209843716011,False
Coagulation factor XII,Mean Value (nm),delta_time3_vs_time1,20,17,0.20965686097126704,"[-0.27, 0.61]",0.3889822870584402,0.908148715266278,False
Mannan-binding lectin serine protease 1,Mean Value (nm),delta_time3_vs_time1,20,17,-0.29112541380680723,"[-0.66, 0.19]",0.22656842947615036,0.8273299512360355,False
Complement factor I,Mean Value (nm),delta_time3_vs_time1,20,17,0.1833804518525906,"[-0.30, 0.59]",0.4523647226275441,0.9224230187144302,False
Platelet glycoprotein Ib alpha chain,Mean Value (nm),delta_time3_vs_time1,20,17,-0.36241688908280467,"[-0.70, 0.11]",0.1272889225998977,0.7990209843716011,False
Hepatocyte growth factor-like protein,Mean Value (nm),delta_time3_vs_time1,20,17,0.17179666604564586,"[-0.31, 0.58]",0.4818924991753948,0.9224230187144302,False
Profilin-1,Mean Value (nm),delta_time3_vs_time1,20,17,-0.12591532213166495,"[-0.55, 0.35]",0.607501381139441,0.9475589890571098,False
Peptidase inhibitor 16,Mean Value (nm),delta_time3_vs_time1,20,17,-0.06153115492110278,"[-0.50, 0.40]",0.8024046162666694,0.986431991854413,False
Cell surface glycoprotein MUC18,Mean Value (nm),delta_time3_vs_time1,20,17,0.0128503333000425,"[-0.44, 0.46]",0.9583594333531357,0.9942380848352581,False
Adhesion G-protein coupled receptor G6,Mean Value (nm),delta_time3_vs_time1,20,17,-0.31639506231652925,"[-0.67, 0.16]",0.1869300239415671,0.8041153468550455,False
Immunoglobulin heavy variable 1-69,Mean Value (nm),delta_time3_vs_time1,20,17,-0.1562645081085041,"[-0.57, 0.32]",0.5229252893622065,0.9354607701894984,False
Insulin-like growth factor-binding protein complex acid labile subunit,Mean Value (nm),delta_time3_vs_time1,20,17,0.2104579451407306,"[-0.27, 0.61]",0.3871310122932059,0.908148715266278,False
Plasma serine protease inhibitor,Mean Value (nm),delta_time3_vs_time1,20,17,0.14308335535479794,"[-0.33, 0.56]",0.5589750480348585,0.9414294875902138,False
Immunoglobulin heavy variable 1-69D,Mean Value (nm),delta_time3_vs_time1,20,17,-0.01816149246781648,"[-0.47, 0.44]",0.9411732297230424,0.9942380848352581,False
Pancreatic adenocarcinoma up-regulated factor,Mean Value (nm),delta_time3_vs_time1,20,17,-0.006717037397363242,"[-0.46, 0.45]",0.9782274003161807,0.9942380848352581,False
Immunoglobulin heavy variable 3-64D,Mean Value (nm),delta_time3_vs_time1,20,17,-0.38285886862789803,"[-0.71, 0.09]",0.1056863328816084,0.7990209843716011,False
Neutrophil gelatinase-associated lipocalin,Mean Value (nm),delta_time3_vs_time1,20,17,-0.17824692581458454,"[-0.59, 0.30]",0.4653342342497748,0.9224230187144302,False
Lysosome-associated membrane glycoprotein 2,Mean Value (nm),delta_time3_vs_time1,20,17,-0.10698130504536985,"[-0.54, 0.36]",0.6628966437011787,0.9603557517202558,False
Corneodesmosin,Mean Value (nm),delta_time3_vs_time1,20,17,0.021883066596480247,"[-0.44, 0.47]",0.9291450920671264,0.9923652735892194,False
Collagen alpha-1(XVIII) chain,Mean Value (nm),delta_time3_vs_time1,20,17,-0.2861099178943055,"[-0.66, 0.19]",0.23503681098133936,0.83164479806808,False
Lipopolysaccharide-binding protein,Mean Value (nm),delta_time3_vs_time1,20,17,0.37072521163861233,"[-0.10, 0.71]",0.11816266291555189,0.7990209843716011,False
Immunoglobulin heavy variable 3-49,Mean Value (nm),delta_time3_vs_time1,20,17,-0.03475711132977607,"[-0.48, 0.43]",0.8876651110547584,0.986431991854413,False
SPARC-like protein 1,Mean Value (nm),delta_time3_vs_time1,20,17,0.03598855745780339,"[-0.43, 0.48]",0.8837103666008954,0.986431991854413,False
Ras-associated and pleckstrin homology domains-containing protein 1,Mean Value (nm),delta_time3_vs_time1,20,17,-0.07116959045452753,"[-0.51, 0.40]",0.7721777529775243,0.986431991854413,False
Alpha-1-acid glycoprotein 2,Mean Value (nm),delta_time3_vs_time1,20,17,0.29802386026739475,"[-0.18, 0.66]",0.21524775335608526,0.8217152190523659,False
Immunoglobulin heavy variable 3-20,Mean Value (nm),delta_time3_vs_time1,20,17,-0.385135586598533,"[-0.71, 0.08]",0.10345544905804814,0.7990209843716011,False
Neurogenic locus notch homolog protein 2,Mean Value (nm),delta_time3_vs_time1,20,17,-0.09285002533846948,"[-0.52, 0.38]",0.7053815688861794,0.9683709539856988,False
Apolipoprotein B-100,Mean Value (nm),delta_time3_vs_time1,20,17,-0.3835428831038339,"[-0.71, 0.09]",0.10501248089847849,0.7990209843716011,False
CD44 antigen,Mean Value (nm),delta_time3_vs_time1,20,17,0.3663749845714805,"[-0.11, 0.70]",0.12288108335179396,0.7990209843716011,False
Pigment epithelium-derived factor,Mean Value (nm),delta_time3_vs_time1,20,17,0.4649181124861479,"[0.01, 0.76]",0.04489308328300364,0.7990209843716011,False
Xaa-Pro dipeptidase,Mean Value (nm),delta_time3_vs_time1,20,17,0.0486880861971189,"[-0.41, 0.49]",0.8430957472624727,0.986431991854413,False
Immunoglobulin heavy constant delta,Mean Value (nm),delta_time3_vs_time1,20,17,0.002647696365466977,"[-0.45, 0.46]",0.9914169414587595,0.9969108795458534,False
Probable non-functional immunoglobulin heavy variable 3-38-3,Mean Value (nm),delta_time3_vs_time1,20,17,0.3425628324458627,"[-0.13, 0.69]",0.15108954487365409,0.7990209843716011,False
Immunoglobulin lambda constant 7,Mean Value (nm),delta_time3_vs_time1,20,17,0.23953449845058095,"[-0.24, 0.63]",0.3232988548809491,0.9029774864553766,False
Receptor-type tyrosine-protein phosphatase gamma,Mean Value (nm),delta_time3_vs_time1,20,17,0.005771557864772044,"[-0.45, 0.46]",0.9812915246998222,0.9942380848352581,False
Afamin,Mean Value (nm),delta_time3_vs_time1,20,17,0.1426149669767136,"[-0.33, 0.56]",0.560275917846906,0.9414294875902138,False
Pyruvate kinase PKLR,Mean Value (nm),delta_time3_vs_time1,20,17,-0.03173892435910238,"[-0.48, 0.43]",0.897368481169519,0.986431991854413,False
Insulin-like growth factor 2,Mean Value (nm),delta_time3_vs_time1,20,17,0.5716797186858338,"[0.16, 0.81]",0.010552369497352448,0.7990209843716011,False
CD109 antigen,Mean Value (nm),delta_time3_vs_time1,20,17,0.0529204124483846,"[-0.41, 0.50]",0.8296390656611058,0.986431991854413,False
ADP-ribosyl cyclase/cyclic ADP-ribose hydrolase 2,Mean Value (nm),delta_time3_vs_time1,20,17,0.23215903948251188,"[-0.25, 0.62]",0.3388640653094781,0.9029774864553766,False
Dedicator of cytokinesis protein 4,Mean Value (nm),delta_time3_vs_time1,20,17,-0.46268493986533843,"[-0.76, -0.01]",0.0460700562553513,0.7990209843716011,False
Complement factor H-related protein 2,Mean Value (nm),delta_time3_vs_time1,20,17,0.058152853262570525,"[-0.41, 0.50]",0.8130654644025372,0.986431991854413,False
Selenoprotein P,Mean Value (nm),delta_time3_vs_time1,20,17,0.3854073982381616,"[-0.08, 0.71]",0.10319139887891503,0.7990209843716011,False
Adipocyte plasma membrane-associated protein,Mean Value (nm),delta_time3_vs_time1,20,17,0.2732513813339738,"[-0.21, 0.65]",0.25766648017194327,0.8487477293020979,False
Immunoglobulin heavy constant alpha 2,Mean Value (nm),delta_time3_vs_time1,20,17,-0.4393225653758461,"[-0.74, 0.02]",0.05984258926617502,0.7990209843716011,False
Lactotransferrin,Mean Value (nm),delta_time3_vs_time1,20,17,0.0732217466526208,"[-0.39, 0.51]",0.7657808585924735,0.986431991854413,False
Alpha-enolase,Mean Value (nm),delta_time3_vs_time1,20,17,-0.014940604652529435,"[-0.47, 0.44]",0.9515930902453311,0.9942380848352581,False
Immunoglobulin heavy constant gamma 1,Mean Value (nm),delta_time3_vs_time1,20,17,-0.24581727366050266,"[-0.63, 0.23]",0.3103798718485843,0.8907300477427516,False
Collectin-10,Mean Value (nm),delta_time3_vs_time1,20,17,-0.32386559498795453,"[-0.68, 0.15]",0.1761663675362477,0.7990209843716011,False
Lysosome-associated membrane glycoprotein 1,Mean Value (nm),delta_time3_vs_time1,20,17,0.34320764137364534,"[-0.13, 0.69]",0.1502714313518738,0.7990209843716011,False
Cathelicidin antimicrobial peptide,Mean Value (nm),delta_time3_vs_time1,20,17,-0.0235096308907714,"[-0.47, 0.44]",0.9238924993380295,0.989816576333194,False
Fibroblast growth factor-binding protein 2,Mean Value (nm),delta_time3_vs_time1,20,17,0.05024650376389752,"[-0.41, 0.49]",0.83813571499947,0.986431991854413,False
Lymphatic vessel endothelial hyaluronic acid receptor 1,Mean Value (nm),delta_time3_vs_time1,20,17,0.19793048442129965,"[-0.28, 0.60]",0.4166364771043254,0.9149023054699762,False
Haptoglobin,Mean Value (nm),delta_time3_vs_time1,20,17,-0.013729542444476259,"[-0.47, 0.44]",0.9555130188290784,0.9942380848352581,False
Tenascin-X,Mean Value (nm),delta_time3_vs_time1,20,17,0.045092379653352825,"[-0.42, 0.49]",0.854561243107086,0.986431991854413,False
Zinc finger protein 512B,Mean Value (nm),delta_time3_vs_time1,20,17,-0.22310725512984672,"[-0.61, 0.26]",0.3585520228438708,0.9029774864553766,False
Immunoglobulin lambda variable 3-19,Mean Value (nm),delta_time3_vs_time1,20,17,-0.25609312477264445,"[-0.64, 0.22]",0.28992875288605874,0.8716534523666523,False
Complement C1q subcomponent subunit B,Mean Value (nm),delta_time3_vs_time1,20,17,-0.05006580387982575,"[-0.49, 0.41]",0.8387105392538681,0.986431991854413,False
Ubiquitin-ribosomal protein eS31 fusion protein,Mean Value (nm),delta_time3_vs_time1,20,17,0.13726650865064782,"[-0.34, 0.56]",0.5752239542102792,0.9414294875902138,False
Kinesin-like protein KIF21A,Mean Value (nm),delta_time3_vs_time1,20,17,-0.20751320264346745,"[-0.60, 0.27]",0.3939602031630446,0.908148715266278,False
Attractin,Mean Value (nm),delta_time3_vs_time1,20,17,0.06682914730627344,"[-0.40, 0.51]",0.7857535845629164,0.986431991854413,False
Immunoglobulin lambda variable 1-44,Mean Value (nm),delta_time3_vs_time1,20,17,-0.39823749266927005,"[-0.72, 0.07]",0.09127377444518123,0.7990209843716011,False
Immunoglobulin heavy variable 1-46,Mean Value (nm),delta_time3_vs_time1,20,17,0.15496544197890116,"[-0.32, 0.57]",0.5264292972498115,0.9354607701894984,False
Fibulin-1,Mean Value (nm),delta_time3_vs_time1,20,17,0.006717037397363242,"[-0.45, 0.46]",0.9782274003161807,0.9942380848352581,False
Secreted phosphoprotein 24,Mean Value (nm),delta_time3_vs_time1,20,17,0.12936902190098737,"[-0.35, 0.55]",0.5976031339541823,0.9453403785715748,False
Scavenger receptor class B member 1,Mean Value (nm),delta_time3_vs_time1,20,17,0.16164366624789972,"[-0.32, 0.57]",0.5085328304991409,0.9283020552158604,False
Immunoglobulin lambda variable 2-18,Mean Value (nm),delta_time3_vs_time1,20,17,-0.14191242279262953,"[-0.56, 0.33]",0.5622296107414507,0.9414294875902138,False
Collagen alpha-2(VI) chain,Mean Value (nm),delta_time3_vs_time1,20,17,-0.02438148147377064,"[-0.47, 0.43]",0.9210782979125258,0.9894460555090501,False
Adiponectin,Mean Value (nm),delta_time3_vs_time1,20,17,0.1308439198407834,"[-0.34, 0.55]",0.5933965072549641,0.9428815667425503,False
Nidogen-1,Mean Value (nm),delta_time3_vs_time1,20,17,0.10596630807019876,"[-0.37, 0.53]",0.6659173549029953,0.9603557517202558,False
Alpha-1-antitrypsin,Mean Value (nm),delta_time3_vs_time1,20,17,0.2697033444860324,"[-0.21, 0.64]",0.2641439795639733,0.8525020648855961,False
"Sushi, von Willebrand factor type A, EGF and pentraxin domain-containing protein 1",Mean Value (nm),delta_time3_vs_time1,20,17,-0.110491428729292,"[-0.54, 0.36]",0.6524888264135793,0.9603557517202558,False
Complement C1s subcomponent,Mean Value (nm),delta_time3_vs_time1,20,17,-0.40849219491267924,"[-0.73, 0.06]",0.08249664855274522,0.7990209843716011,False
Alpha-actinin-4,Mean Value (nm),delta_time3_vs_time1,20,17,0.3026824725029098,"[-0.18, 0.67]",0.2078159983385043,0.8217152190523659,False
Complement component C1q receptor,Mean Value (nm),delta_time3_vs_time1,20,17,0.04241709790642307,"[-0.42, 0.49]",0.8631100854296819,0.986431991854413,False
Inter-alpha-trypsin inhibitor heavy chain H3,Mean Value (nm),delta_time3_vs_time1,20,17,0.4127939931637852,"[-0.05, 0.73]",0.07900598602486016,0.7990209843716011,False
Immunoglobulin kappa variable 1D-8,Mean Value (nm),delta_time3_vs_time1,20,17,0.22032123213685176,"[-0.26, 0.61]",0.3647404584097863,0.9029774864553766,False
Low-density lipoprotein receptor,Mean Value (nm),delta_time3_vs_time1,20,17,0.12663385942111008,"[-0.35, 0.55]",0.6054365949012912,0.9460517531187597,False
Prolactin-inducible protein,Mean Value (nm),delta_time3_vs_time1,20,17,-0.01588617819280138,"[-0.47, 0.44]",0.9485332224688283,0.9942380848352581,False
Hyaluronan-binding protein 2,Mean Value (nm),delta_time3_vs_time1,20,17,0.3316948255224864,"[-0.14, 0.68]",0.16534474815341113,0.7990209843716011,False
N-acetylmuramoyl-L-alanine amidase,Mean Value (nm),delta_time3_vs_time1,20,17,0.40753709047123704,"[-0.06, 0.73]",0.08328681551054803,0.7990209843716011,False
Serpin A11,Mean Value (nm),delta_time3_vs_time1,20,17,0.026454484222284316,"[-0.43, 0.47]",0.9143906230633425,0.9881825993475701,False
C4b-binding protein alpha chain,Mean Value (nm),delta_time3_vs_time1,20,17,-0.42253619087238004,"[-0.74, 0.04]",0.07150546418395065,0.7990209843716011,False
Inter-alpha-trypsin inhibitor heavy chain H2,Mean Value (nm),delta_time3_vs_time1,20,17,-0.009468666642136752,"[-0.46, 0.45]",0.9693116882535746,0.9942380848352581,False
Fibrillin-1,Mean Value (nm),delta_time3_vs_time1,20,17,-0.4282947508898926,"[-0.74, 0.03]",0.0673287817451065,0.7990209843716011,False
Golgi-associated RAB2 interactor protein 1B,Mean Value (nm),delta_time3_vs_time1,20,17,-0.4224094976350854,"[-0.74, 0.04]",0.07159947068875991,0.7990209843716011,False
Neurogenic locus notch homolog protein 3,Mean Value (nm),delta_time3_vs_time1,20,17,0.34106785335299433,"[-0.13, 0.69]",0.15299817128116275,0.7990209843716011,False
Immunoglobulin heavy constant alpha 1,Mean Value (nm),delta_time3_vs_time1,20,17,-0.2725800000044744,"[-0.65, 0.21]",0.2588844425284391,0.8487477293020979,False
Apolipoprotein C-III,Mean Value (nm),delta_time3_vs_time1,20,17,0.0024371242574913908,"[-0.45, 0.46]",0.9920995336020992,0.9969108795458534,False
Glutathione peroxidase 3,Mean Value (nm),delta_time3_vs_time1,20,17,0.25140668678264405,"[-0.23, 0.63]",0.29915103818001487,0.8794381522828044,False
Contactin-1,Mean Value (nm),delta_time3_vs_time1,20,17,0.22032123213685176,"[-0.26, 0.61]",0.3647404584097863,0.9029774864553766,False
Stomatin,Mean Value (nm),delta_time3_vs_time1,20,17,-0.035377073869600255,"[-0.48, 0.43]",0.8856738005016812,0.986431991854413,False
Immunoglobulin heavy variable 3-13,Mean Value (nm),delta_time3_vs_time1,20,17,-0.30021656689044834,"[-0.66, 0.18]",0.2117284314189527,0.8217152190523659,False
Immunoglobulin heavy variable 1-69-2,Mean Value (nm),delta_time3_vs_time1,20,17,-0.06722167395440373,"[-0.51, 0.40]",0.7845233584428738,0.986431991854413,False
Apolipoprotein E,Mean Value (nm),delta_time3_vs_time1,20,17,-0.08450020291594496,"[-0.52, 0.38]",0.7308926038495136,0.9808627169636652,False
Mucosal addressin cell adhesion molecule 1,Mean Value (nm),delta_time3_vs_time1,20,17,0.007664229828976534,"[-0.45, 0.46]",0.9751580174566941,0.9942380848352581,False
Protein S100-A11,Mean Value (nm),delta_time3_vs_time1,20,17,-0.09949746791020304,"[-0.53, 0.37]",0.6852833265532492,0.9681914766355224,False
Complement factor H-related protein 4,Mean Value (nm),delta_time3_vs_time1,20,17,-0.2604241432669575,"[-0.64, 0.22]",0.28156233988215584,0.8638290868378945,False
Immunoglobulin kappa variable 1D-16,Mean Value (nm),delta_time3_vs_time1,20,17,-0.3502707657785985,"[-0.69, 0.12]",0.14151018173398988,0.7990209843716011,False
Immunoglobulin lambda variable 1-47,Mean Value (nm),delta_time3_vs_time1,20,17,-0.19793048442129965,"[-0.60, 0.28]",0.4166364771043254,0.9149023054699762,False
Fructose-bisphosphate aldolase A,Mean Value (nm),delta_time3_vs_time1,20,17,0.3459817228391598,"[-0.13, 0.69]",0.14678675357792498,0.7990209843716011,False
Thrombospondin-1,Mean Value (nm),delta_time3_vs_time1,20,17,0.3244027425204797,"[-0.15, 0.68]",0.17540897893588095,0.7990209843716011,False
Aminopeptidase N,Mean Value (nm),delta_time3_vs_time1,20,17,0.21344411333534288,"[-0.27, 0.61]",0.38027325875991613,0.9035850827414521,False
Apolipoprotein M,Mean Value (nm),delta_time3_vs_time1,20,17,0.03378357001432735,"[-0.43, 0.48]",0.8907934078001802,0.986431991854413,False
Immunoglobulin heavy variable 3-43,Mean Value (nm),delta_time3_vs_time1,20,17,0.013141077706557201,"[-0.44, 0.46]",0.9574181016164809,0.9942380848352581,False
Cysteine-rich secretory protein 3,Mean Value (nm),delta_time3_vs_time1,20,17,0.3531365027441461,"[-0.12, 0.70]",0.13805927700129583,0.7990209843716011,False
Complement component C8 alpha chain,Mean Value (nm),delta_time3_vs_time1,20,17,0.3617639045507968,"[-0.11, 0.70]",0.12802669526819652,0.7990209843716011,False
Immunoglobulin heavy variable 2-70D,Mean Value (nm),delta_time3_vs_time1,20,17,-0.24144449845788368,"[-0.63, 0.24]",0.3193382070590755,0.9023436370307231,False
Immunoglobulin heavy variable 3-23,Mean Value (nm),delta_time3_vs_time1,20,17,0.1432212686873516,"[-0.33, 0.56]",0.5585922711376379,0.9414294875902138,False
Plasma kallikrein,Mean Value (nm),delta_time3_vs_time1,20,17,0.1117265785881836,"[-0.36, 0.54]",0.6488409542205564,0.9603557517202558,False
Galectin-7,Mean Value (nm),delta_time3_vs_time1,20,17,0.07193679385764697,"[-0.40, 0.51]",0.7697845882634619,0.986431991854413,False
Extracellular superoxide dismutase [Cu-Zn],Mean Value (nm),delta_time3_vs_time1,20,17,0.3435734280008049,"[-0.13, 0.69]",0.14980869881963862,0.7990209843716011,False
Immunoglobulin heavy variable 1-8,Mean Value (nm),delta_time3_vs_time1,20,17,0.13317296781084909,"[-0.34, 0.55]",0.5867789525892828,0.9414294875902138,False
Cystatin-C,Mean Value (nm),delta_time3_vs_time1,20,17,0.23617738057577692,"[-0.24, 0.62]",0.33033040682970405,0.9029774864553766,False
Immunoglobulin lambda-like polypeptide 1,Mean Value (nm),delta_time3_vs_time1,20,17,-0.26917924036782914,"[-0.64, 0.21]",0.2651093792400367,0.8529606114679442,False
Inhibin beta C chain,Mean Value (nm),delta_time3_vs_time1,20,17,0.3732753275112443,"[-0.10, 0.71]",0.11545748361886396,0.7990209843716011,False
Mannose-binding protein C,Mean Value (nm),delta_time3_vs_time1,20,17,-0.10822458893845935,"[-0.54, 0.36]",0.6592033131425015,0.9603557517202558,False
IgGFc-binding protein,Mean Value (nm),delta_time3_vs_time1,20,17,-0.5826611651571777,"[-0.82, -0.17]",0.00884612842537609,0.7990209843716011,False
Macrophage mannose receptor 1,Mean Value (nm),delta_time3_vs_time1,20,17,-0.1470065642225665,"[-0.56, 0.33]",0.5481316978283106,0.9414294875902138,False
Aromatase,Mean Value (nm),delta_time3_vs_time1,20,17,0.053122149875659976,"[-0.41, 0.50]",0.8289987439453388,0.986431991854413,False
Cadherin-5,Mean Value (nm),delta_time3_vs_time1,20,17,-0.03841238098839799,"[-0.48, 0.42]",0.875934116055874,0.986431991854413,False
Immunoglobulin kappa variable 1-8,Mean Value (nm),delta_time3_vs_time1,20,17,-0.14456086418280797,"[-0.56, 0.33]",0.5548802746749655,0.9414294875902138,False
Retinol-binding protein 4,Mean Value (nm),delta_time3_vs_time1,20,17,0.3163967170886485,"[-0.16, 0.67]",0.1869275919975484,0.8041153468550455,False
Complement component C8 beta chain,Mean Value (nm),delta_time3_vs_time1,20,17,0.4067295724257853,"[-0.06, 0.73]",0.08395921320763523,0.7990209843716011,False
Tumor necrosis factor receptor superfamily member 1B,Mean Value (nm),delta_time3_vs_time1,20,17,0.044017952075887004,"[-0.42, 0.49]",0.8579927575546282,0.986431991854413,False
Formin-2,Mean Value (nm),delta_time3_vs_time1,20,17,-0.4134536385755867,"[-0.73, 0.05]",0.07848052252551874,0.7990209843716011,False
Scavenger receptor cysteine-rich domain-containing protein DMBT1,Mean Value (nm),delta_time3_vs_time1,20,17,0.15422596703100383,"[-0.32, 0.57]",0.5284287575033206,0.9354607701894984,False
Apolipoprotein L1,Mean Value (nm),delta_time3_vs_time1,20,17,-0.20019466614802608,"[-0.60, 0.28]",0.411216525858601,0.9149023054699762,False
Leucine-rich alpha-2-glycoprotein,Mean Value (nm),delta_time3_vs_time1,20,17,0.2243742856036135,"[-0.26, 0.62]",0.35575761385669835,0.9029774864553766,False
Immunoglobulin heavy variable 1-2,Mean Value (nm),delta_time3_vs_time1,20,17,0.13213967939594137,"[-0.34, 0.55]",0.5897110143848932,0.9414294875902138,False
Ras-related protein Rab-10,Mean Value (nm),delta_time3_vs_time1,20,17,0.04065374083196292,"[-0.42, 0.49]",0.8687529130673406,0.986431991854413,False
Immunoglobulin heavy variable 1-24,Mean Value (nm),delta_time3_vs_time1,20,17,0.058955641789708406,"[-0.41, 0.50]",0.8105291934810818,0.986431991854413,False
Annexin A3,Mean Value (nm),delta_time3_vs_time1,20,17,0.18497716618744992,"[-0.29, 0.59]",0.44836895389384634,0.9211306664189829,False
Hemoglobin subunit beta,Mean Value (nm),delta_time3_vs_time1,20,17,-0.040487396740574604,"[-0.49, 0.42]",0.8692855400824556,0.986431991854413,False
Immunoglobulin lambda variable 4-69,Mean Value (nm),delta_time3_vs_time1,20,17,-0.5116028972822219,"[-0.78, -0.07]",0.02515564470182146,0.7990209843716011,False
Elongation factor 2,Mean Value (nm),delta_time3_vs_time1,20,17,0.16642077072583963,"[-0.31, 0.58]",0.49591161372625725,0.9224230187144302,False
Multiple inositol polyphosphate phosphatase 1,Mean Value (nm),delta_time3_vs_time1,20,17,0.41257824153688183,"[-0.05, 0.73]",0.07917841299257951,0.7990209843716011,False
Collagen alpha-1(VI) chain,Mean Value (nm),delta_time3_vs_time1,20,17,0.03945583219668391,"[-0.42, 0.48]",0.8725897629178165,0.986431991854413,False
Hepatocyte growth factor activator,Mean Value (nm),delta_time3_vs_time1,20,17,-0.4525580372788885,"[-0.75, 0.00]",0.05170576371057875,0.7990209843716011,False
Fibrinogen beta chain,Mean Value (nm),delta_time3_vs_time1,20,17,0.18181967966320628,"[-0.30, 0.59]",0.45628813878925933,0.9224230187144302,False
Hemicentin-1,Mean Value (nm),delta_time3_vs_time1,20,17,-0.03458709068818164,"[-0.48, 0.43]",0.8882113279456475,0.986431991854413,False
C-type mannose receptor 2,Mean Value (nm),delta_time3_vs_time1,20,17,0.13530237829425296,"[-0.34, 0.56]",0.5807559842622856,0.9414294875902138,False
Platelet glycoprotein Ib beta chain,Mean Value (nm),delta_time3_vs_time1,20,17,-0.39986330780840873,"[-0.72, 0.07]",0.08983865022085818,0.7990209843716011,False
Complement C2,Mean Value (nm),delta_time3_vs_time1,20,17,0.435362799062629,"[-0.02, 0.74]",0.06245471564056308,0.7990209843716011,False
Annexin A2,Mean Value (nm),delta_time3_vs_time1,20,17,0.06598076140453865,"[-0.40, 0.51]",0.7884141868365333,0.986431991854413,False
Protein disulfide-isomerase A3,Mean Value (nm),delta_time3_vs_time1,20,17,-0.1140571955937751,"[-0.54, 0.36]",0.6419786079108893,0.9603557517202558,False
Dipeptidyl peptidase 4,Mean Value (nm),delta_time3_vs_time1,20,17,0.19592953104454952,"[-0.28, 0.60]",0.4214579983951934,0.9149023054699762,False
Proteasome subunit alpha type-4,Mean Value (nm),delta_time3_vs_time1,20,17,-0.16061559902464123,"[-0.57, 0.32]",0.5112688522336504,0.9283020552158604,False
Coagulation factor XI,Mean Value (nm),delta_time3_vs_time1,20,17,-0.28945995623672266,"[-0.66, 0.19]",0.22935822013808596,0.8273299512360355,False
Collectin-11,Mean Value (nm),delta_time3_vs_time1,20,17,-0.25564606306901994,"[-0.64, 0.22]",0.29080092248391937,0.8716534523666523,False
High mobility group protein B1,Mean Value (nm),delta_time3_vs_time1,20,17,0.16614294693304724,"[-0.31, 0.58]",0.4966414437383285,0.9224230187144302,False
Immunoglobulin lambda variable 3-16,Mean Value (nm),delta_time3_vs_time1,20,17,-0.18036951861341163,"[-0.59, 0.30]",0.45994901931002485,0.9224230187144302,False
Prothrombin,Mean Value (nm),delta_time3_vs_time1,20,17,0.036856512470337596,"[-0.42, 0.48]",0.8809245364397535,0.986431991854413,False
Immunoglobulin kappa joining 1,Mean Value (nm),delta_time3_vs_time1,20,17,-0.16150947829348009,"[-0.57, 0.32]",0.5088895520979669,0.9283020552158604,False
Immunoglobulin heavy variable 3-7,Mean Value (nm),delta_time3_vs_time1,20,17,-0.4560781951934188,"[-0.75, -0.00]",0.04969043510712744,0.7990209843716011,False
Immunoglobulin heavy variable 3-74,Mean Value (nm),delta_time3_vs_time1,20,17,-0.07897488997684639,"[-0.51, 0.39]",0.7479258042909684,0.986431991854413,False
Ezrin,Mean Value (nm),delta_time3_vs_time1,20,17,0.1738665665790653,"[-0.30, 0.58]",0.4765474439357896,0.9224230187144302,False
Intercellular adhesion molecule 2,Mean Value (nm),delta_time3_vs_time1,20,17,0.40173625843467703,"[-0.06, 0.72]",0.08820590007415653,0.7990209843716011,False
Lysozyme C,Mean Value (nm),delta_time3_vs_time1,20,17,0.06851123224537835,"[-0.40, 0.51]",0.7804851831159811,0.986431991854413,False
Protein AMBP,Mean Value (nm),delta_time3_vs_time1,20,17,0.28270164604619363,"[-0.20, 0.65]",0.24090608369193503,0.8347113802837616,False
Prolyl endopeptidase FAP,Mean Value (nm),delta_time3_vs_time1,20,17,-0.07426980178199298,"[-0.51, 0.39]",0.7625194674977143,0.986431991854413,False
"Actin, cytoplasmic 2",Mean Value (nm),delta_time3_vs_time1,20,17,-0.04328533322119486,"[-0.49, 0.42]",0.860334003483534,0.986431991854413,False
Kallistatin,Mean Value (nm),delta_time3_vs_time1,20,17,0.3783396941427942,"[-0.09, 0.71]",0.11021680558454351,0.7990209843716011,False
Hemopexin,Mean Value (nm),delta_time3_vs_time1,20,17,0.36904019994159964,"[-0.10, 0.71]",0.11997471735540206,0.7990209843716011,False
C4b-binding protein beta chain,Mean Value (nm),delta_time3_vs_time1,20,17,-0.1327369594490866,"[-0.55, 0.34]",0.5880154225096346,0.9414294875902138,False
Peptidyl-prolyl cis-trans isomerase A,Mean Value (nm),delta_time3_vs_time1,20,17,0.33299431451543293,"[-0.14, 0.68]",0.1635936056416294,0.7990209843716011,False
Complement C1r subcomponent-like protein,Mean Value (nm),delta_time3_vs_time1,20,17,0.2611824453765571,"[-0.22, 0.64]",0.28011297096079796,0.8638290868378945,False
Immunoglobulin heavy variable 3-30;Immunoglobulin heavy variable 3-30-5,Mean Value (nm),delta_time3_vs_time1,20,17,-0.13769926664594653,"[-0.56, 0.34]",0.5740081293796513,0.9414294875902138,False
Immunoglobulin lambda variable 3-9,Mean Value (nm),delta_time3_vs_time1,20,17,0.06597902200597297,"[-0.40, 0.51]",0.788419644036946,0.986431991854413,False
Immunoglobulin heavy variable 1-45,Mean Value (nm),delta_time3_vs_time1,20,17,0.091564191191908,"[-0.38, 0.52]",0.7092913674481767,0.9683709539856988,False
Hemoglobin subunit gamma-1,Mean Value (nm),delta_time3_vs_time1,20,17,0.034438808171971376,"[-0.43, 0.48]",0.8886877472293302,0.986431991854413,False
Apolipoprotein F,Mean Value (nm),delta_time3_vs_time1,20,17,0.32526194441131806,"[-0.15, 0.68]",0.1742020797688308,0.7990209843716011,False
Immunoglobulin gamma-1 heavy chain,Mean Value (nm),delta_time3_vs_time1,20,17,-0.3555153840929444,"[-0.70, 0.12]",0.13523972688183206,0.7990209843716011,False
Low affinity immunoglobulin gamma Fc region receptor III-B,Mean Value (nm),delta_time3_vs_time1,20,17,0.29792166403566406,"[-0.18, 0.66]",0.21541270739404839,0.8217152190523659,False
Multiple epidermal growth factor-like domains protein 8,Mean Value (nm),delta_time3_vs_time1,20,17,0.26421422524590404,"[-0.22, 0.64]",0.27436432924614235,0.8638290868378945,False
Complement C4-B,Mean Value (nm),delta_time3_vs_time1,20,17,0.06162645936306729,"[-0.40, 0.50]",0.80210434069691,0.986431991854413,False
Glyceraldehyde-3-phosphate dehydrogenase,Mean Value (nm),delta_time3_vs_time1,20,17,0.029508983743738337,"[-0.43, 0.48]",0.9045467106773093,0.986431991854413,False
Complement C1r subcomponent,Mean Value (nm),delta_time3_vs_time1,20,17,-0.13680198843236543,"[-0.56, 0.34]",0.5765302435467905,0.9414294875902138,False
Sex hormone-binding globulin,Mean Value (nm),delta_time3_vs_time1,20,17,0.1780215125195318,"[-0.30, 0.58]",0.4659079919707634,0.9224230187144302,False
Biotinidase,Mean Value (nm),delta_time3_vs_time1,20,17,0.29799323426045976,"[-0.18, 0.66]",0.21529717784732905,0.8217152190523659,False
Cholinesterase,Mean Value (nm),delta_time3_vs_time1,20,17,0.11475631401100841,"[-0.36, 0.54]",0.6399254735454785,0.9603557517202558,False
Immunoglobulin heavy variable 2-5,Mean Value (nm),delta_time3_vs_time1,20,17,0.08845789598004418,"[-0.38, 0.52]",0.7187651742221806,0.9759380347236947,False
Immunoglobulin lambda variable 1-36,Mean Value (nm),delta_time3_vs_time1,20,17,0.015836967210620567,"[-0.44, 0.47]",0.9486924521246977,0.9942380848352581,False
Immunoglobulin kappa variable 3-11,Mean Value (nm),delta_time3_vs_time1,20,17,-0.20926679706944992,"[-0.61, 0.27]",0.3898854785398468,0.908148715266278,False
Immunoglobulin kappa variable 6-21,Mean Value (nm),delta_time3_vs_time1,20,17,0.12902226940677947,"[-0.35, 0.55]",0.5985939076669431,0.9453403785715748,False
Immunoglobulin kappa light chain,Mean Value (nm),delta_time3_vs_time1,20,17,-0.21911164354289936,"[-0.61, 0.26]",0.3674459990237202,0.9029774864553766,False
Neuropilin-1,Mean Value (nm),delta_time3_vs_time1,20,17,0.20560129584689563,"[-0.27, 0.60]",0.3984293462769095,0.91321416536035,False
Ficolin-2,Mean Value (nm),delta_time3_vs_time1,20,17,-0.4437793637932602,"[-0.75, 0.01]",0.0570019212446655,0.7990209843716011,False
Gamma-glutamyl hydrolase,Mean Value (nm),delta_time3_vs_time1,20,17,0.2990839580680155,"[-0.18, 0.66]",0.21354153482139268,0.8217152190523659,False
Keratinocyte proline-rich protein,Mean Value (nm),delta_time3_vs_time1,20,17,-0.005748833318440012,"[-0.46, 0.45]",0.9813651740048124,0.9942380848352581,False
Kyphoscoliosis peptidase,Mean Value (nm),delta_time3_vs_time1,20,17,-0.6302986303016461,"[-0.84, -0.25]",0.0038181374273400432,0.7990209843716011,False
Laminin subunit alpha-2,Mean Value (nm),delta_time3_vs_time1,20,17,-0.0398491597778713,"[-0.49, 0.42]",0.8713296471069973,0.986431991854413,False
Desmoglein-1,Mean Value (nm),delta_time3_vs_time1,20,17,0.1140571955937751,"[-0.36, 0.54]",0.6419786079108893,0.9603557517202558,False
Immunoglobulin lambda variable 3-27,Mean Value (nm),delta_time3_vs_time1,20,17,0.14859526329722414,"[-0.33, 0.56]",0.5437677466844475,0.9414294875902138,False
Myosin-9,Mean Value (nm),delta_time3_vs_time1,20,17,-0.22410906978793976,"[-0.62, 0.26]",0.35634150642494467,0.9029774864553766,False
Versican core protein,Mean Value (nm),delta_time3_vs_time1,20,17,0.026272886195830243,"[-0.43, 0.47]",0.9149762592878705,0.9881825993475701,False
Proteasome subunit beta type-3,Mean Value (nm),delta_time3_vs_time1,20,17,0.31247726445980334,"[-0.17, 0.67]",0.19274745170844967,0.8041153468550455,False
Alpha-N-acetylglucosaminidase,Mean Value (nm),delta_time3_vs_time1,20,17,-0.03984161240674479,"[-0.49, 0.42]",0.871353824071919,0.986431991854413,False
Caspase-14,Mean Value (nm),delta_time3_vs_time1,20,17,0.11620470285300588,"[-0.36, 0.54]",0.6356798972169827,0.9603557517202558,False
Histidine-rich glycoprotein,Mean Value (nm),delta_time3_vs_time1,20,17,0.5504202940927958,"[0.13, 0.80]",0.014607091566669925,0.7990209843716011,False
"ATP synthase subunit alpha, mitochondrial",Mean Value (nm),delta_time3_vs_time1,20,17,-0.11274061291628455,"[-0.54, 0.36]",0.6458518277437262,0.9603557517202558,False
Immunoglobulin kappa constant,Mean Value (nm),delta_time3_vs_time1,20,17,-0.3199651952311276,"[-0.68, 0.16]",0.1817324486386167,0.7998908455284411,False
Interleukin-1 receptor accessory protein,Mean Value (nm),delta_time3_vs_time1,20,17,-0.034987731159134464,"[-0.48, 0.43]",0.8869242876688579,0.986431991854413,False
Immunoglobulin lambda variable 9-49,Mean Value (nm),delta_time3_vs_time1,20,17,-0.09794396383324781,"[-0.53, 0.37]",0.6899627634144314,0.9681914766355224,False
Plexin domain-containing protein 2,Mean Value (nm),delta_time3_vs_time1,20,17,0.1840108448650846,"[-0.29, 0.59]",0.4507849882957764,0.9211306664189829,False
Immunoglobulin heavy variable 4-28,Mean Value (nm),delta_time3_vs_time1,20,17,-0.12922574912794718,"[-0.55, 0.35]",0.5980124242550894,0.9453403785715748,False
Desmoplakin,Mean Value (nm),delta_time3_vs_time1,20,17,0.15113334144067325,"[-0.33, 0.57]",0.5368287517002667,0.9373192910608371,False
Endoplasmin,Mean Value (nm),delta_time3_vs_time1,20,17,0.23592498777893386,"[-0.24, 0.62]",0.330862654582604,0.9029774864553766,False
Heparin cofactor 2,Mean Value (nm),delta_time3_vs_time1,20,17,0.2657219755755498,"[-0.21, 0.64]",0.27153291029086557,0.8638290868378945,False
Laminin subunit gamma-1,Mean Value (nm),delta_time3_vs_time1,20,17,-0.10479167094203355,"[-0.53, 0.37]",0.6694193227122973,0.9605518259417452,False
Polymeric immunoglobulin receptor,Mean Value (nm),delta_time3_vs_time1,20,17,-0.29468895450718324,"[-0.66, 0.18]",0.22067331340785165,0.8259920006894336,False
Serum amyloid A-4 protein,Mean Value (nm),delta_time3_vs_time1,20,17,0.3514816925157294,"[-0.12, 0.69]",0.14004472569026183,0.7990209843716011,False
Catalase,Mean Value (nm),delta_time3_vs_time1,20,17,0.19745311630878407,"[-0.28, 0.60]",0.41778405502684535,0.9149023054699762,False
Complement receptor type 1,Mean Value (nm),delta_time3_vs_time1,20,17,-0.2270007165549105,"[-0.62, 0.25]",0.3500049751222375,0.9029774864553766,False
Immunoglobulin kappa variable 1-27,Mean Value (nm),delta_time3_vs_time1,20,17,0.10288273752937065,"[-0.37, 0.53]",0.6751243925068559,0.9655217748583295,False
Immunoglobulin kappa variable 2-30,Mean Value (nm),delta_time3_vs_time1,20,17,0.00961528683784738,"[-0.45, 0.46]",0.9688367045433046,0.9942380848352581,False
Protein-glutamine gamma-glutamyltransferase E,Mean Value (nm),delta_time3_vs_time1,20,17,0.21565427644494978,"[-0.26, 0.61]",0.37524160137286133,0.9030094064303772,False
Periostin,Mean Value (nm),delta_time3_vs_time1,20,17,-0.04776098425683848,"[-0.49, 0.42]",0.8460491655846059,0.986431991854413,False
Albumin,Mean Value (nm),delta_time3_vs_time1,20,17,0.18434825799458984,"[-0.29, 0.59]",0.449940614887136,0.9211306664189829,False
Complement factor B,Mean Value (nm),delta_time3_vs_time1,20,17,0.4714590801464808,"[0.02, 0.76]",0.04157788807554406,0.7990209843716011,False
Probable non-functional immunoglobulinn kappa variable 1-37;Probable non-functional immunoglobulinn kappa variable 1D-37,Mean Value (nm),delta_time3_vs_time1,20,17,-0.011307318109597755,"[-0.46, 0.45]",0.9633560474411564,0.9942380848352581,False
Immunoglobulin lambda variable 8-61,Mean Value (nm),delta_time3_vs_time1,20,17,-0.29044797482600876,"[-0.66, 0.19]",0.22770053491885184,0.8273299512360355,False
Annexin A1,Mean Value (nm),delta_time3_vs_time1,20,17,0.11109506388673504,"[-0.36, 0.54]",0.6507051099425649,0.9603557517202558,False
CD5 antigen-like,Mean Value (nm),delta_time3_vs_time1,20,17,-0.4183200875303475,"[-0.73, 0.04]",0.07468345357677686,0.7990209843716011,False
RB-associated KRAB zinc finger protein,Mean Value (nm),delta_time3_vs_time1,20,17,0.1533509109473881,"[-0.32, 0.57]",0.5307993438556387,0.9354607701894984,False
Immunoglobulin lambda variable 7-46,Mean Value (nm),delta_time3_vs_time1,20,17,-0.20825718696831336,"[-0.61, 0.27]",0.392228598913973,0.908148715266278,False
Basement membrane-specific heparan sulfate proteoglycan core protein,Mean Value (nm),delta_time3_vs_time1,20,17,0.3441428722948834,"[-0.13, 0.69]",0.14909029838209478,0.7990209843716011,False
Vitamin K-dependent protein C,Mean Value (nm),delta_time3_vs_time1,20,17,0.22177830743171525,"[-0.26, 0.61]",0.36149641713870906,0.9029774864553766,False
Immunoglobulin lambda variable 1-40,Mean Value (nm),delta_time3_vs_time1,20,17,0.017904327215301843,"[-0.44, 0.47]",0.9420048678774423,0.9942380848352581,False
Pantetheinase,Mean Value (nm),delta_time3_vs_time1,20,17,0.10956443411854823,"[-0.36, 0.54]",0.6552315727598126,0.9603557517202558,False
Neutrophil defensin 1;Neutrophil defensin 3,Mean Value (nm),delta_time3_vs_time1,20,17,-0.18944289932604647,"[-0.59, 0.29]",0.43729084819000996,0.9156649363592549,False
Immunoglobulin lambda variable 2-8,Mean Value (nm),delta_time3_vs_time1,20,17,-0.2404510731174973,"[-0.63, 0.24]",0.3213945965871977,0.9023436370307231,False
Immunoglobulin heavy variable 1-18,Mean Value (nm),delta_time3_vs_time1,20,17,0.12703206177259932,"[-0.35, 0.55]",0.6042935537717629,0.9460517531187597,False
Immunoglobulin kappa variable 3D-15,Mean Value (nm),delta_time3_vs_time1,20,17,-0.5720022099484638,"[-0.81, -0.16]",0.010498740144525271,0.7990209843716011,False
Extracellular matrix protein 1,Mean Value (nm),delta_time3_vs_time1,20,17,0.26101118942338797,"[-0.22, 0.64]",0.28043989505924444,0.8638290868378945,False
Tubulin alpha-1B chain,Mean Value (nm),delta_time3_vs_time1,20,17,0.1328928118108604,"[-0.34, 0.55]",0.5875733173317979,0.9414294875902138,False
Immunoglobulin lambda variable 5-45,Mean Value (nm),delta_time3_vs_time1,20,17,-0.0070759649189153714,"[-0.46, 0.45]",0.9770642567850735,0.9942380848352581,False
Alpha-2-HS-glycoprotein,Mean Value (nm),delta_time3_vs_time1,20,17,0.3368666009397545,"[-0.14, 0.69]",0.15845086425772004,0.7990209843716011,False
Cartilage acidic protein 1,Mean Value (nm),delta_time3_vs_time1,20,17,0.17695815731035092,"[-0.30, 0.58]",0.4686194194359372,0.9224230187144302,False
Coagulation factor IX,Mean Value (nm),delta_time3_vs_time1,20,17,0.16960519428342197,"[-0.31, 0.58]",0.4875835849274175,0.9224230187144302,False
Integrin alpha-2,Mean Value (nm),delta_time3_vs_time1,20,17,-0.07054804326521304,"[-0.51, 0.40]",0.7741180131397503,0.986431991854413,False
"Mannosyl-oligosaccharide 1,2-alpha-mannosidase IA",Mean Value (nm),delta_time3_vs_time1,20,17,0.43507138756533187,"[-0.02, 0.74]",0.06265027644476016,0.7990209843716011,False
Endophilin-A3,Mean Value (nm),delta_time3_vs_time1,20,17,-0.1892476589320381,"[-0.59, 0.29]",0.4377721640758747,0.9156649363592549,False
Collagen alpha-1(I) chain,Mean Value (nm),delta_time3_vs_time1,20,17,0.16991148448382276,"[-0.31, 0.58]",0.4867861970426569,0.9224230187144302,False
Carboxypeptidase N subunit 2,Mean Value (nm),delta_time3_vs_time1,20,17,-0.06948248130733038,"[-0.51, 0.40]",0.7774473165526825,0.986431991854413,False
Scavenger receptor cysteine-rich type 1 protein M130,Mean Value (nm),delta_time3_vs_time1,20,17,0.19011866948092396,"[-0.29, 0.59]",0.4356270462776063,0.9156649363592549,False
Annexin A5,Mean Value (nm),delta_time3_vs_time1,20,17,-0.06598076140453865,"[-0.51, 0.40]",0.7884141868365333,0.986431991854413,False
Platelet factor 4,Mean Value (nm),delta_time3_vs_time1,20,17,0.10596630807019876,"[-0.37, 0.53]",0.6659173549029953,0.9603557517202558,False
Immunoglobulin heavy variable 3-72,Mean Value (nm),delta_time3_vs_time1,20,17,-0.4888445721351635,"[-0.77, -0.04]",0.033677509085059405,0.7990209843716011,False
Protein HEG homolog 1,Mean Value (nm),delta_time3_vs_time1,20,17,0.014361694566741731,"[-0.44, 0.47]",0.9534667609945127,0.9942380848352581,False
Sulfhydryl oxidase 1,Mean Value (nm),delta_time3_vs_time1,20,17,0.17762718864673746,"[-0.30, 0.58]",0.4669125455215767,0.9224230187144302,False
Corticosteroid-binding globulin,Mean Value (nm),delta_time3_vs_time1,20,17,0.4000541839013307,"[-0.07, 0.72]",0.08967125013677428,0.7990209843716011,False
Angiopoietin-related protein 6,Mean Value (nm),delta_time3_vs_time1,20,17,-0.11115460215227141,"[-0.54, 0.36]",0.6505292751196634,0.9603557517202558,False
72 kDa type IV collagenase,Mean Value (nm),delta_time3_vs_time1,20,17,0.1671070540094847,"[-0.31, 0.58]",0.4941110114775302,0.9224230187144302,False
Trypsin-3,Mean Value (nm),delta_time3_vs_time1,20,17,-0.15264879447957114,"[-0.57, 0.32]",0.5327049629868827,0.9354607701894984,False
Complement component C9,Mean Value (nm),delta_time3_vs_time1,20,17,0.22462179672811206,"[-0.26, 0.62]",0.3552131943491098,0.9029774864553766,False
Pyruvate kinase PKM,Mean Value (nm),delta_time3_vs_time1,20,17,0.22347252857617553,"[-0.26, 0.62]",0.35774513684671483,0.9029774864553766,False
Immunoglobulin heavy variable 4-34,Mean Value (nm),delta_time3_vs_time1,20,17,-0.1284132737251441,"[-0.55, 0.35]",0.6003356234249733,0.9460517531187597,False
Immunoglobulin kappa variable 6D-21,Mean Value (nm),delta_time3_vs_time1,20,17,-0.14030922644477323,"[-0.56, 0.34]",0.5666990686970801,0.9414294875902138,False
Immunoglobulin lambda-1 light chain,Mean Value (nm),delta_time3_vs_time1,20,17,0.1662681583058071,"[-0.31, 0.58]",0.49631245498068954,0.9224230187144302,False
Transforming growth factor-beta-induced protein ig-h3,Mean Value (nm),delta_time3_vs_time1,20,17,0.2406973223323672,"[-0.24, 0.63]",0.3208841303132145,0.9023436370307231,False
Complement C1q subcomponent subunit A,Mean Value (nm),delta_time3_vs_time1,20,17,-0.38869426045197075,"[-0.72, 0.08]",0.10003680291783329,0.7990209843716011,False
Prolow-density lipoprotein receptor-related protein 1,Mean Value (nm),delta_time3_vs_time1,20,17,-0.32354633865714755,"[-0.68, 0.15]",0.17661757280028634,0.7990209843716011,False
Immunoglobulin heavy constant mu,Mean Value (nm),delta_time3_vs_time1,20,17,-0.21662445606496505,"[-0.61, 0.26]",0.37304475309160345,0.9029774864553766,False
UV-stimulated scaffold protein A,Mean Value (nm),delta_time3_vs_time1,20,17,0.27831116594565125,"[-0.20, 0.65]",0.2486037538615429,0.8487477293020979,False
Complement component C6,Mean Value (nm),delta_time3_vs_time1,20,17,0.15910939795336584,"[-0.32, 0.57]",0.5152899128925568,0.933287324749456,False
Angiotensinogen,Mean Value (nm),delta_time3_vs_time1,20,17,0.40602447944629727,"[-0.06, 0.73]",0.08454957960355294,0.7990209843716011,False
Pregnancy zone protein,Mean Value (nm),delta_time3_vs_time1,20,17,0.2888164024754258,"[-0.19, 0.66]",0.23044215033272417,0.8273299512360355,False
Histone H2A type 1-B/E;Histone H2A type 3;Histone H2A type 1-C,Mean Value (nm),delta_time3_vs_time1,20,17,0.179680750379467,"[-0.30, 0.59]",0.46169300544020186,0.9224230187144302,False
Desmocollin-1,Mean Value (nm),delta_time3_vs_time1,20,17,0.19791530331865015,"[-0.28, 0.60]",0.416672945966458,0.9149023054699762,False
Protein Z-dependent protease inhibitor,Mean Value (nm),delta_time3_vs_time1,20,17,0.3244856868545663,"[-0.15, 0.68]",0.1752922227514715,0.7990209843716011,False
Immunoglobulin kappa variable 1-17,Mean Value (nm),delta_time3_vs_time1,20,17,0.02037104401600595,"[-0.44, 0.47]",0.9340303216545953,0.9926676724345245,False
Fibronectin,Mean Value (nm),delta_time3_vs_time1,20,17,0.01640847755559379,"[-0.44, 0.47]",0.9468433592786369,0.9942380848352581,False
Probable non-functional immunoglobulin heavy variable 3-38,Mean Value (nm),delta_time3_vs_time1,20,17,0.19155927150377514,"[-0.29, 0.59]",0.4320912665112878,0.9156649363592549,False
Nucleoside diphosphate kinase 3,Mean Value (nm),delta_time3_vs_time1,20,17,0.5312214987565981,"[0.10, 0.79]",0.019259529418887405,0.7990209843716011,False
Plasma protease C1 inhibitor,Mean Value (nm),delta_time3_vs_time1,20,17,0.2732513813339738,"[-0.21, 0.65]",0.25766648017194327,0.8487477293020979,False
Immunoglobulin kappa variable 1-16,Mean Value (nm),delta_time3_vs_time1,20,17,-0.11526726271688033,"[-0.54, 0.36]",0.6384265280673254,0.9603557517202558,False
F-actin-capping protein subunit alpha-1,Mean Value (nm),delta_time3_vs_time1,20,17,0.3610819744762431,"[-0.11, 0.70]",0.12880038943043565,0.7990209843716011,False
Cathepsin D,Mean Value (nm),delta_time3_vs_time1,20,17,0.1982106350976565,"[-0.28, 0.60]",0.41596379120312066,0.9149023054699762,False
Anthrax toxin receptor 2,Mean Value (nm),delta_time3_vs_time1,20,17,-0.048520902301134684,"[-0.49, 0.41]",0.8436281889093828,0.986431991854413,False
Talin-1,Mean Value (nm),delta_time3_vs_time1,20,17,-0.13434074794726492,"[-0.55, 0.34]",0.5834726672895424,0.9414294875902138,False
Protein disulfide-isomerase,Mean Value (nm),delta_time3_vs_time1,20,17,0.16709857755594723,"[-0.31, 0.58]",0.4941332317573075,0.9224230187144302,False
Junction plakoglobin,Mean Value (nm),delta_time3_vs_time1,20,17,0.26431931603204883,"[-0.22, 0.64]",0.27416638660643583,0.8638290868378945,False
Tenascin,Mean Value (nm),delta_time3_vs_time1,20,17,-0.10514820311135734,"[-0.53, 0.37]",0.6683556920755834,0.9603557517202558,False
Cadherin-related family member 5,Mean Value (nm),delta_time3_vs_time1,20,17,-0.15633181418394587,"[-0.57, 0.32]",0.5227440397843957,0.9354607701894984,False
Kininogen-1,Mean Value (nm),delta_time3_vs_time1,20,17,0.3210579531006963,"[-0.16, 0.68]",0.1801612261261465,0.7998908455284411,False
Alpha-1-antichymotrypsin,Mean Value (nm),delta_time3_vs_time1,20,17,0.28925690004622157,"[-0.19, 0.66]",0.22969986885335686,0.8273299512360355,False
Integrin alpha-IIb,Mean Value (nm),delta_time3_vs_time1,20,17,-0.38041735206931143,"[-0.71, 0.09]",0.1081169756320761,0.7990209843716011,False
Serum amyloid P-component,Mean Value (nm),delta_time3_vs_time1,20,17,0.04742226724388174,"[-0.42, 0.49]",0.8471286904824612,0.986431991854413,False
Inter-alpha-trypsin inhibitor heavy chain H1,Mean Value (nm),delta_time3_vs_time1,20,17,0.3992001845782127,"[-0.07, 0.72]",0.09042199054834055,0.7990209843716011,False
Probable non-functional immunoglobulin heavy variable 3-35,Mean Value (nm),delta_time3_vs_time1,20,17,-0.049430948741343385,"[-0.49, 0.41]",0.8407306946553788,0.986431991854413,False
Immunoglobulin kappa variable 1-5,Mean Value (nm),delta_time3_vs_time1,20,17,0.0964844299935713,"[-0.37, 0.53]",0.6943689837260552,0.9681914766355224,False
Band 3 anion transport protein,Mean Value (nm),delta_time3_vs_time1,20,17,0.1949204453977546,"[-0.28, 0.60]",0.42390073095682457,0.9149023054699762,False
Immunoglobulin lambda variable 7-43,Mean Value (nm),delta_time3_vs_time1,20,17,-0.4498375587702376,"[-0.75, 0.01]",0.05330532573696689,0.7990209843716011,False
Peroxiredoxin-1,Mean Value (nm),delta_time3_vs_time1,20,17,0.17800149103012639,"[-0.30, 0.58]",0.4659589711013108,0.9224230187144302,False
Matrix metalloproteinase-9,Mean Value (nm),delta_time3_vs_time1,20,17,0.1975479948501098,"[-0.28, 0.60]",0.41755583540334484,0.9149023054699762,False
Multimerin-2,Mean Value (nm),delta_time3_vs_time1,20,17,0.5834855908859917,"[0.18, 0.82]",0.008727649889152086,0.7990209843716011,False
Immunoglobulin heavy variable 1-3,Mean Value (nm),delta_time3_vs_time1,20,17,0.054223156333087864,"[-0.41, 0.50]",0.8255059392828028,0.986431991854413,False
Podocalyxin,Mean Value (nm),delta_time3_vs_time1,20,17,-0.43891558295797173,"[-0.74, 0.02]",0.06010720323970733,0.7990209843716011,False
Immunoglobulin lambda variable 1-51,Mean Value (nm),delta_time3_vs_time1,20,17,-0.3942431974941612,"[-0.72, 0.07]",0.0948705306510851,0.7990209843716011,False
Cadherin-13,Mean Value (nm),delta_time3_vs_time1,20,17,-0.13395897889849007,"[-0.55, 0.34]",0.5845526853088149,0.9414294875902138,False
Plastin-2,Mean Value (nm),delta_time3_vs_time1,20,17,0.3677563852477776,"[-0.10, 0.70]",0.12136852560356269,0.7990209843716011,False
Inter-alpha-trypsin inhibitor heavy chain H4,Mean Value (nm),delta_time3_vs_time1,20,17,0.4432379380250363,"[-0.01, 0.75]",0.05734147161389762,0.7990209843716011,False
Fructose-bisphosphate aldolase B,Mean Value (nm),delta_time3_vs_time1,20,17,0.09296376228240452,"[-0.38, 0.53]",0.7050360706802479,0.9683709539856988,False
Mannan-binding lectin serine protease 2,Mean Value (nm),delta_time3_vs_time1,20,17,-0.0206600977998502,"[-0.47, 0.44]",0.9330962312038993,0.9926676724345245,False
Platelet glycoprotein 4,Mean Value (nm),delta_time3_vs_time1,20,17,-0.30830054510420174,"[-0.67, 0.17]",0.19908107428671867,0.8119999722875612,False
Hemoglobin subunit alpha,Mean Value (nm),delta_time3_vs_time1,20,17,-0.11558932192673377,"[-0.54, 0.36]",0.6374824074944249,0.9603557517202558,False
Immunoglobulin lambda variable 3-10,Mean Value (nm),delta_time3_vs_time1,20,17,0.1763482495637111,"[-0.30, 0.58]",0.47017818286408364,0.9224230187144302,False
Serum paraoxonase/lactonase 3,Mean Value (nm),delta_time3_vs_time1,20,17,0.13182216535002222,"[-0.34, 0.55]",0.5906132236070811,0.9414294875902138,False
Dopamine beta-hydroxylase,Mean Value (nm),delta_time3_vs_time1,20,17,-0.05219871342932156,"[-0.49, 0.41]",0.8319306031667565,0.986431991854413,False
Triosephosphate isomerase,Mean Value (nm),delta_time3_vs_time1,20,17,-0.0034255616122687254,"[-0.46, 0.45]",0.9888954605986396,0.9969108795458534,False
Endoplasmic reticulum chaperone BiP,Mean Value (nm),delta_time3_vs_time1,20,17,0.322124879165865,"[-0.15, 0.68]",0.17863601459197995,0.7994581197981177,False
Suprabasin,Mean Value (nm),delta_time3_vs_time1,20,17,0.17061242054069758,"[-0.31, 0.58]",0.48496381048676684,0.9224230187144302,False
Immunoglobulin kappa variable 3-20,Mean Value (nm),delta_time3_vs_time1,20,17,0.005037778048022634,"[-0.45, 0.46]",0.9836697444238329,0.9951971242412997,False
Ficolin-1,Mean Value (nm),delta_time3_vs_time1,20,17,0.13343248132811983,"[-0.34, 0.55]",0.5860435219700191,0.9414294875902138,False
Autotaxin,Mean Value (nm),delta_time3_vs_time1,20,17,0.35683080233959347,"[-0.12, 0.70]",0.1336981056095827,0.7990209843716011,False
Histidine ammonia-lyase,Mean Value (nm),delta_time3_vs_time1,20,17,-0.12332021804168056,"[-0.55, 0.35]",0.6149822978791866,0.9495106715392508,False
Noelin,Mean Value (nm),delta_time3_vs_time1,20,17,0.011489300071030838,"[-0.45, 0.46]",0.9627666793344428,0.9942380848352581,False
Prenylcysteine oxidase 1,Mean Value (nm),delta_time3_vs_time1,20,17,0.17656217226246176,"[-0.30, 0.58]",0.46963115678990663,0.9224230187144302,False
Immunoglobulin delta heavy chain,Mean Value (nm),delta_time3_vs_time1,20,17,-0.22166223411298755,"[-0.61, 0.26]",0.3617542392430708,0.9029774864553766,False
Antithrombin-III,Mean Value (nm),delta_time3_vs_time1,20,17,0.31465197272817597,"[-0.16, 0.67]",0.1895035597861674,0.8041153468550455,False
Complement component C7,Mean Value (nm),delta_time3_vs_time1,20,17,0.19184248829907166,"[-0.29, 0.59]",0.43139792732747373,0.9156649363592549,False
BOS complex subunit NOMO3;BOS complex subunit NOMO1;BOS complex subunit NOMO2,Mean Value (nm),delta_time3_vs_time1,20,17,-0.06646040372865185,"[-0.51, 0.40]",0.7869097147380812,0.986431991854413,False
Cofilin-1,Mean Value (nm),delta_time3_vs_time1,20,17,-0.2586059397984856,"[-0.64, 0.22]",0.2850563239911251,0.8711455801026714,False
Histone H4,Mean Value (nm),delta_time3_vs_time1,20,17,0.333731845945347,"[-0.14, 0.68]",0.1626054040437816,0.7990209843716011,False
Serum amyloid A-1 protein,Mean Value (nm),delta_time3_vs_time1,20,17,-0.36154884501389484,"[-0.70, 0.11]",0.12827033919840433,0.7990209843716011,False
Transferrin receptor protein 1,Mean Value (nm),delta_time3_vs_time1,20,17,-0.06838845109245735,"[-0.51, 0.40]",0.7808694350682283,0.986431991854413,False
Serpin B12,Mean Value (nm),delta_time3_vs_time1,20,17,0.03898760391262037,"[-0.42, 0.48]",0.8740902232900191,0.986431991854413,False
Immunoglobulin kappa variable 3D-20,Mean Value (nm),delta_time3_vs_time1,20,17,-0.13792963188084414,"[-0.56, 0.34]",0.5733613743398045,0.9414294875902138,False
Probable non-functional immunoglobulin heavy variable 3-16,Mean Value (nm),delta_time3_vs_time1,20,17,-0.2508152997783653,"[-0.63, 0.23]",0.30032729725669205,0.8794381522828044,False
Immunoglobulin lambda variable 6-57,Mean Value (nm),delta_time3_vs_time1,20,17,0.1958879276664954,"[-0.28, 0.60]",0.42155856075980247,0.9149023054699762,False
Fibrinogen alpha chain,Mean Value (nm),delta_time3_vs_time1,20,17,0.4619372015950417,"[0.01, 0.76]",0.046469368910545095,0.7990209843716011,False
Galectin-3-binding protein,Mean Value (nm),delta_time3_vs_time1,20,17,-0.3355172198481724,"[-0.69, 0.14]",0.16023017513580087,0.7990209843716011,False
Macrophage colony-stimulating factor 1 receptor,Mean Value (nm),delta_time3_vs_time1,20,17,0.5192410447642242,"[0.09, 0.79]",0.02271176890886206,0.7990209843716011,False
Phosphatidylinositol-glycan-specific phospholipase D,Mean Value (nm),delta_time3_vs_time1,20,17,0.27498886426066027,"[-0.20, 0.65]",0.2545312777118815,0.8487477293020979,False
Serotransferrin,Mean Value (nm),delta_time3_vs_time1,20,17,0.39882646466760086,"[-0.07, 0.72]",0.09075196325169847,0.7990209843716011,False
Integrin alpha-11,Mean Value (nm),delta_time3_vs_time1,20,17,0.2909401399584373,"[-0.19, 0.66]",0.22687768774759032,0.8273299512360355,False
Proprotein convertase subtilisin/kexin type 9,Mean Value (nm),delta_time3_vs_time1,20,17,-0.10514820311135734,"[-0.53, 0.37]",0.6683556920755834,0.9603557517202558,False
Gelsolin,Mean Value (nm),delta_time3_vs_time1,20,17,0.35432372271091184,"[-0.12, 0.70]",0.13664703816376064,0.7990209843716011,False
Proteoglycan 4,Mean Value (nm),delta_time3_vs_time1,20,17,0.011307318109597755,"[-0.45, 0.46]",0.9633560474411564,0.9942380848352581,False
Vascular cell adhesion protein 1,Mean Value (nm),delta_time3_vs_time1,20,17,0.35270783241958026,"[-0.12, 0.70]",0.13857169571929354,0.7990209843716011,False
Adhesion G protein-coupled receptor F5,Mean Value (nm),delta_time3_vs_time1,20,17,-0.2322594865563798,"[-0.62, 0.25]",0.3386491962776321,0.9029774864553766,False
Insulin-like growth factor-binding protein 3,Mean Value (nm),delta_time3_vs_time1,20,17,0.17759140795662542,"[-0.30, 0.58]",0.46700375203424194,0.9224230187144302,False
Transthyretin,Mean Value (nm),delta_time3_vs_time1,20,17,0.19429510644753545,"[-0.29, 0.60]",0.42541827989398306,0.9149023054699762,False
Coiled-coil domain-containing protein 126,Mean Value (nm),delta_time3_vs_time1,20,17,0.16840699956371127,"[-0.31, 0.58]",0.49070907599848335,0.9224230187144302,False
Guanine nucleotide-binding protein G(i) subunit alpha-2,Mean Value (nm),delta_time3_vs_time1,20,17,0.09176366624718173,"[-0.38, 0.52]",0.7086843705089597,0.9683709539856988,False
Apolipoprotein C-I,Mean Value (nm),delta_time3_vs_time1,20,17,0.34255616122689103,"[-0.13, 0.69]",0.15109802518275378,0.7990209843716011,False
Syntenin-1,Mean Value (nm),delta_time3_vs_time1,20,17,-0.4030222438417954,"[-0.72, 0.06]",0.08709748622465595,0.7990209843716011,False
Phospholipid transfer protein,Mean Value (nm),delta_time3_vs_time1,20,17,-0.008396296746703934,"[-0.46, 0.45]",0.9727859769861025,0.9942380848352581,False
Laminin subunit beta-1,Mean Value (nm),delta_time3_vs_time1,20,17,-0.05809623892830833,"[-0.50, 0.41]",0.8132443951274347,0.986431991854413,False
Proline-rich protein 4,Mean Value (nm),delta_time3_vs_time1,20,17,0.16161742766925333,"[-0.32, 0.57]",0.5086025730513464,0.9283020552158604,False
Immunoglobulin kappa variable 2-28;Immunoglobulin kappa variable 2D-28,Mean Value (nm),delta_time3_vs_time1,20,17,0.1622817359439841,"[-0.32, 0.57]",0.5068382349124007,0.9283020552158604,False
Complement C3,Mean Value (nm),delta_time3_vs_time1,20,17,0.36836075684558073,"[-0.10, 0.70]",0.12071094791940933,0.7990209843716011,False
Thyroxine-binding globulin,Mean Value (nm),delta_time3_vs_time1,20,17,0.40978060839881375,"[-0.05, 0.73]",0.08143949114002902,0.7990209843716011,False
Immunoglobulin kappa variable 1D-13;Immunoglobulin kappa variable 1-13,Mean Value (nm),delta_time3_vs_time1,20,17,-0.3062714864581882,"[-0.67, 0.17]",0.2022072315694298,0.8151233148090633,False
Complement factor H-related protein 5,Mean Value (nm),delta_time3_vs_time1,20,17,-0.009887986081030207,"[-0.46, 0.45]",0.967953308068019,0.9942380848352581,False
Immunoglobulin lambda variable 2-23,Mean Value (nm),delta_time3_vs_time1,20,17,-0.244102853927051,"[-0.63, 0.24]",0.3138739981210651,0.8957946613041967,False
Coagulation factor VII,Mean Value (nm),delta_time3_vs_time1,20,17,0.25426089454943024,"[-0.23, 0.64]",0.2935134034610863,0.8737927758209351,False
Immunoglobulin heavy constant gamma 4,Mean Value (nm),delta_time3_vs_time1,20,17,-0.13844639476459636,"[-0.56, 0.34]",0.5719116955045125,0.9414294875902138,False
L-lactate dehydrogenase B chain,Mean Value (nm),delta_time3_vs_time1,20,17,-0.009273921180403594,"[-0.46, 0.45]",0.9699425915228557,0.9942380848352581,False
Zinc-alpha-2-glycoprotein,Mean Value (nm),delta_time3_vs_time1,20,17,0.4202298541131554,"[-0.04, 0.73]",0.0732312012229979,0.7990209843716011,False
"Dihydrolipoyllysine-residue succinyltransferase component of 2-oxoglutarate dehydrogenase complex, mitochondrial",Mean Value (nm),delta_time3_vs_time1,20,17,0.07949030946243058,"[-0.39, 0.52]",0.7463320194248992,0.986431991854413,False
Serpin B3,Mean Value (nm),delta_time3_vs_time1,20,17,0.07109659989957896,"[-0.40, 0.51]",0.7724055379802968,0.986431991854413,False
Immunoglobulin heavy variable 3-33,Mean Value (nm),delta_time3_vs_time1,20,17,0.17178866622161743,"[-0.31, 0.58]",0.4819132142163727,0.9224230187144302,False
Follistatin-related protein 1,Mean Value (nm),delta_time3_vs_time1,20,17,0.23572103765520044,"[-0.24, 0.62]",0.331293114011994,0.9029774864553766,False
Cholesteryl ester transfer protein,Mean Value (nm),delta_time3_vs_time1,20,17,0.3849854216384455,"[-0.08, 0.71]",0.10360153506431405,0.7990209843716011,False
Complement C1q subcomponent subunit C,Mean Value (nm),delta_time3_vs_time1,20,17,-0.32542835316554614,"[-0.68, 0.15]",0.17396898234000047,0.7990209843716011,False
Immunoglobulin heavy variable 4-30-2,Mean Value (nm),delta_time3_vs_time1,20,17,0.381191872300365,"[-0.09, 0.71]",0.10734159657629948,0.7990209843716011,False
Thrombospondin-4,Mean Value (nm),delta_time3_vs_time1,20,17,0.39145939311202843,"[-0.08, 0.72]",0.09743750969867487,0.7990209843716011,False
Transketolase,Mean Value (nm),delta_time3_vs_time1,20,17,0.03280216658168652,"[-0.43, 0.48]",0.8939485321469015,0.986431991854413,False
Complement receptor type 2,Mean Value (nm),delta_time3_vs_time1,20,17,-0.031905927637475594,"[-0.48, 0.43]",0.8968311941386276,0.986431991854413,False
Immunoglobulin kappa variable 2-40;Immunoglobulin kappa variable 2D-40,Mean Value (nm),delta_time3_vs_time1,20,17,0.3585745116607035,"[-0.11, 0.70]",0.13167363067111887,0.7990209843716011,False
Immunoglobulin kappa variable 3D-7,Mean Value (nm),delta_time3_vs_time1,20,17,-0.14608591215806438,"[-0.56, 0.33]",0.5506677819247707,0.9414294875902138,False
Immunoglobulin heavy variable 3-64,Mean Value (nm),delta_time3_vs_time1,20,17,-0.6355377913953382,"[-0.85, -0.25]",0.0034524640456961003,0.7990209843716011,False
Vitronectin,Mean Value (nm),delta_time3_vs_time1,20,17,0.23468830066680205,"[-0.25, 0.62]",0.3334778668359081,0.9029774864553766,False
Complement component C8 gamma chain,Mean Value (nm),delta_time3_vs_time1,20,17,0.2577030628147265,"[-0.22, 0.64]",0.2868012052722194,0.8713373861056285,False
Immunoglobulin heavy variable 5-51,Mean Value (nm),delta_time3_vs_time1,20,17,0.0652749339494656,"[-0.40, 0.50]",0.7906294268291898,0.986431991854413,False
Coagulation factor V,Mean Value (nm),delta_time3_vs_time1,20,17,-0.05116972119668202,"[-0.49, 0.41]",0.8352000993717612,0.986431991854413,False
Protein S100-A7,Mean Value (nm),delta_time3_vs_time1,20,17,-0.06785204241810423,"[-0.51, 0.40]",0.7825487316383308,0.986431991854413,False
Arginase-1,Mean Value (nm),delta_time3_vs_time1,20,17,0.09531706915680789,"[-0.38, 0.53]",0.6978999315194041,0.9683709539856988,False
Protein-glutamine gamma-glutamyltransferase K,Mean Value (nm),delta_time3_vs_time1,20,17,0.14887116517908422,"[-0.33, 0.56]",0.5430114840257754,0.9414294875902138,False
Immunoglobulin kappa variable 4-1,Mean Value (nm),delta_time3_vs_time1,20,17,-0.006717037397363087,"[-0.46, 0.45]",0.9782274003161813,0.9942380848352581,False
Coagulation factor XIII B chain,Mean Value (nm),delta_time3_vs_time1,20,17,0.47258873810368607,"[0.02, 0.76]",0.041024922507865234,0.7990209843716011,False
Apolipoprotein C-II,Mean Value (nm),delta_time3_vs_time1,20,17,0.012807473635208894,"[-0.44, 0.46]",0.958498202896336,0.9942380848352581,False
Bone marrow proteoglycan,Mean Value (nm),delta_time3_vs_time1,20,17,0.06318521822543345,"[-0.40, 0.50]",0.7971969584629504,0.986431991854413,False
Apolipoprotein A-I,Mean Value (nm),delta_time3_vs_time1,20,17,0.17279131466707165,"[-0.31, 0.58]",0.4793203516250817,0.9224230187144302,False
Coagulation factor X,Mean Value (nm),delta_time3_vs_time1,20,17,0.38622965034838724,"[-0.08, 0.72]",0.10239558804568961,0.7990209843716011,False
Thioredoxin,Mean Value (nm),delta_time3_vs_time1,20,17,0.031061339411790023,"[-0.43, 0.48]",0.8995488604399111,0.986431991854413,False
Immunoglobulin heavy variable 3-15,Mean Value (nm),delta_time3_vs_time1,20,17,-0.5016779658583768,"[-0.78, -0.06]",0.028634475493605874,0.7990209843716011,False
Proteasome subunit beta type-2,Mean Value (nm),delta_time3_vs_time1,20,17,0.23408250025931698,"[-0.25, 0.62]",0.33476335598233586,0.9029774864553766,False
Apolipoprotein A-II,Mean Value (nm),delta_time3_vs_time1,20,17,0.36055261484634665,"[-0.11, 0.70]",0.12940325249213797,0.7990209843716011,False
Immunoglobulin heavy constant gamma 2,Mean Value (nm),delta_time3_vs_time1,20,17,0.2203856649988627,"[-0.26, 0.61]",0.3645966565869563,0.9029774864553766,False
Plakophilin-1,Mean Value (nm),delta_time3_vs_time1,20,17,0.2578425164075477,"[-0.22, 0.64]",0.2865312733701362,0.8713373861056285,False
Fetuin-B,Mean Value (nm),delta_time3_vs_time1,20,17,0.10619240998033638,"[-0.37, 0.53]",0.6652440293046251,0.9603557517202558,False
Complement factor H-related protein 3,Mean Value (nm),delta_time3_vs_time1,20,17,0.16527475028022534,"[-0.31, 0.58]",0.4989255034828818,0.9246633660255198,False
Plasminogen,Mean Value (nm),delta_time3_vs_time1,20,17,0.3594354360972053,"[-0.11, 0.70]",0.13068208083188074,0.7990209843716011,False
Fermitin family homolog 3,Mean Value (nm),delta_time3_vs_time1,20,17,-0.33187389367015663,"[-0.68, 0.14]",0.16510268485023907,0.7990209843716011,False
Immunoglobulin heavy variable 3-21,Mean Value (nm),delta_time3_vs_time1,20,17,-0.3921370794108016,"[-0.72, 0.08]",0.09680801788058278,0.7990209843716011,False
Immunoglobulin heavy variable 2-26,Mean Value (nm),delta_time3_vs_time1,20,17,-0.23284166392227565,"[-0.62, 0.25]",0.3374054103161823,0.9029774864553766,False
Immunoglobulin kappa variable 1-12;Immunoglobulin kappa variable 1D-12,Mean Value (nm),delta_time3_vs_time1,20,17,-0.3964758817197445,"[-0.72, 0.07]",0.09284757643952633,0.7990209843716011,False
Immunoglobulin heavy constant gamma 3,Mean Value (nm),delta_time3_vs_time1,20,17,0.11830902907418553,"[-0.35, 0.54]",0.6295309759842216,0.9603557517202558,False
Immunoglobulin kappa variable 2D-29,Mean Value (nm),delta_time3_vs_time1,20,17,0.2553065596652093,"[-0.22, 0.64]",0.29146432705481196,0.8716534523666523,False
Neogenin,Mean Value (nm),delta_time3_vs_time1,20,17,-0.05706796310124394,"[-0.50, 0.41]",0.8164958145227623,0.986431991854413,False
Immunoglobulin heavy variable 6-1,Mean Value (nm),delta_time3_vs_time1,20,17,-0.026051445958275615,"[-0.47, 0.43]",0.915690439549872,0.9881825993475701,False
L-selectin,Mean Value (nm),delta_time3_vs_time1,20,17,0.04333645857346502,"[-0.42, 0.49]",0.8601705846523726,0.986431991854413,False
Immunoglobulin lambda constant 3,Mean Value (nm),delta_time3_vs_time1,20,17,-0.11576701880116404,"[-0.54, 0.36]",0.6369617155015914,0.9603557517202558,False
A disintegrin and metalloproteinase with thrombospondin motifs 13,Mean Value (nm),delta_time3_vs_time1,20,17,0.3404062280312623,"[-0.13, 0.69]",0.1538481554673059,0.7990209843716011,False
von Willebrand factor,Mean Value (nm),delta_time3_vs_time1,20,17,0.2954406318899999,"[-0.18, 0.66]",0.21944270956426623,0.8259920006894336,False
Neutral alpha-glucosidase AB,Mean Value (nm),delta_time3_vs_time1,20,17,0.35420775171411994,"[-0.12, 0.70]",0.13678454168300053,0.7990209843716011,False
Carbonic anhydrase 1,Mean Value (nm),delta_time3_vs_time1,20,17,0.05994117311125168,"[-0.41, 0.50]",0.8074180506301554,0.986431991854413,False
Immunoglobulin lambda variable 4-60,Mean Value (nm),delta_time3_vs_time1,20,17,-0.38587731051978164,"[-0.71, 0.08]",0.10273605288409701,0.7990209843716011,False
Integrin beta-1,Mean Value (nm),delta_time3_vs_time1,20,17,-0.15263475388374265,"[-0.57, 0.32]",0.5327431027140965,0.9354607701894984,False
Immunoglobulin lambda variable 3-12,Mean Value (nm),delta_time3_vs_time1,20,17,-0.1553782364448084,"[-0.57, 0.32]",0.525314675141378,0.9354607701894984,False
Alpha-amylase 1B;Alpha-amylase 1C;Alpha-amylase 1A,Mean Value (nm),delta_time3_vs_time1,20,17,0.19920806203372418,"[-0.28, 0.60]",0.4135735472395893,0.9149023054699762,False
Lumican,Mean Value (nm),delta_time3_vs_time1,20,17,0.00363893926952761,"[-0.45, 0.46]",0.9882038051585975,0.9969108795458534,False
Beta-Ala-His dipeptidase,Mean Value (nm),delta_time3_vs_time1,20,17,0.21752316237907554,"[-0.26, 0.61]",0.37101621926396866,0.9029774864553766,False
Immunoglobulin alpha-2 heavy chain,Mean Value (nm),delta_time3_vs_time1,20,17,-0.11857370652087428,"[-0.54, 0.35]",0.6287592171491785,0.9603557517202558,False
Complement C5,Mean Value (nm),delta_time3_vs_time1,20,17,0.2838714883980571,"[-0.20, 0.65]",0.23888107055608387,0.8318957041287526,False
Protein S100-A8,Mean Value (nm),delta_time3_vs_time1,20,17,-0.12105481740863591,"[-0.55, 0.35]",0.6215426822011321,0.9582116350600786,False
Immunoglobulin lambda variable 3-25,Mean Value (nm),delta_time3_vs_time1,20,17,-0.05872874639819599,"[-0.50, 0.41]",0.8112458479732881,0.986431991854413,False
Leukocyte immunoglobulin-like receptor subfamily B member 3;Leukocyte immunoglobulin-like receptor subfamily A member 6,Mean Value (nm),delta_time3_vs_time1,20,17,0.10168192151371065,"[-0.37, 0.53]",0.6787219047542854,0.9655217748583295,False
Collagen alpha-3(VI) chain,Mean Value (nm),delta_time3_vs_time1,20,17,-0.1422335394688977,"[-0.56, 0.33]",0.5613362520536729,0.9414294875902138,False
Immunoglobulin kappa variable 1-39;Immunoglobulin kappa variable 1D-39,Mean Value (nm),delta_time3_vs_time1,20,17,0.2642493154077603,"[-0.22, 0.64]",0.2742982256841885,0.8638290868378945,False
Bleomycin hydrolase,Mean Value (nm),delta_time3_vs_time1,20,17,0.12354187858180495,"[-0.35, 0.55]",0.6143418796599672,0.9495106715392508,False
CD166 antigen,Mean Value (nm),delta_time3_vs_time1,20,17,-0.20106372393438293,"[-0.60, 0.28]",0.4091463419332705,0.9149023054699762,False
Beta-2-microglobulin,Mean Value (nm),delta_time3_vs_time1,20,17,0.043197828666767635,"[-0.42, 0.49]",0.8606137186537441,0.986431991854413,False
Amino acid transporter heavy chain SLC3A2,Mean Value (nm),delta_time3_vs_time1,20,17,0.1878717355395751,"[-0.29, 0.59]",0.4411719947689585,0.9156649363592549,False
Haptoglobin-related protein,Mean Value (nm),delta_time3_vs_time1,20,17,-0.04598537897385991,"[-0.49, 0.42]",0.8517110738896574,0.986431991854413,False
Alpha-1-acid glycoprotein 1,Mean Value (nm),delta_time3_vs_time1,20,17,0.2892800040167589,"[-0.19, 0.66]",0.22966097909478794,0.8273299512360355,False
Serum paraoxonase/arylesterase 1,Mean Value (nm),delta_time3_vs_time1,20,17,-0.048543747319511346,"[-0.49, 0.41]",0.8435554290278179,0.986431991854413,False
Target of Nesh-SH3,Mean Value (nm),delta_time3_vs_time1,20,17,-0.0184718528427488,"[-0.47, 0.44]",0.9401696433169296,0.9942380848352581,False
Intercellular adhesion molecule 1,Mean Value (nm),delta_time3_vs_time1,20,17,-0.02713888774603558,"[-0.48, 0.43]",0.912183869185412,0.9881825993475701,False
Complement C4-A,Mean Value (nm),delta_time3_vs_time1,20,17,0.08613515854076022,"[-0.38, 0.52]",0.7258750674348293,0.9804518511896781,False
Coagulation factor XIII A chain,Mean Value (nm),delta_time3_vs_time1,20,17,0.0702168317944843,"[-0.40, 0.51]",0.7751524680308473,0.986431991854413,False
Immunoglobulin mu heavy chain,Mean Value (nm),delta_time3_vs_time1,20,17,-0.23446301362447952,"[-0.62, 0.25]",0.3339555803890163,0.9029774864553766,False
Oncoprotein-induced transcript 3 protein,Mean Value (nm),delta_time3_vs_time1,20,17,1.0019321955845937e-16,"[-0.45, 0.45]",0.9999999999999997,0.9999999999999997,False
Peroxiredoxin-2,Mean Value (nm),delta_time3_vs_time1,20,17,0.2881379120161502,"[-0.19, 0.66]",0.231588499863369,0.8273299512360355,False
Tissue factor pathway inhibitor,Mean Value (nm),delta_time3_vs_time1,20,17,-0.026449103632585173,"[-0.47, 0.43]",0.9144079743435953,0.9881825993475701,False
Progranulin,Mean Value (nm),delta_time3_vs_time1,20,17,0.6932659505802633,"[0.35, 0.87]",0.000997553886087146,0.7990209843716011,False
Histone H2B type 1-K;Histone H2B type F-S,Mean Value (nm),delta_time3_vs_time1,20,17,0.21261589827788838,"[-0.27, 0.61]",0.3821684255441423,0.9060102719993854,False
Hemoglobin subunit delta,Mean Value (nm),delta_time3_vs_time1,20,17,-0.029975650783596743,"[-0.48, 0.43]",0.9030438941699094,0.986431991854413,False
Glutathione S-transferase P,Mean Value (nm),delta_time3_vs_time1,20,17,0.18657074880836438,"[-0.29, 0.59]",0.4443992561940965,0.9189573441458762,False
Annexin A6,Mean Value (nm),delta_time3_vs_time1,20,17,0.03857790884451022,"[-0.42, 0.48]",0.8754034488746165,0.986431991854413,False
Complement factor H-related protein 1,Mean Value (nm),delta_time3_vs_time1,20,17,0.03011487043954563,"[-0.43, 0.48]",0.9025956234321648,0.986431991854413,False
Protein KPLCE,Mean Value (nm),delta_time3_vs_time1,20,17,-0.00562635477661718,"[-0.46, 0.45]",0.9817621243112635,0.9942380848352581,False
Immunoglobulin heavy variable 4-4,Mean Value (nm),delta_time3_vs_time1,20,17,0.12471638913314323,"[-0.35, 0.55]",0.6109529679198816,0.9489464389280321,False
Alpha-1B-glycoprotein,Mean Value (nm),delta_time3_vs_time1,20,17,0.2850744992614634,"[-0.19, 0.65]",0.2368100535039417,0.83164479806808,False
Properdin,Mean Value (nm),delta_time3_vs_time1,20,17,-0.10854678574558632,"[-0.54, 0.36]",0.6582474135677586,0.9603557517202558,False
Immunoglobulin heavy variable 3-53,Mean Value (nm),delta_time3_vs_time1,20,17,-0.16659936977653575,"[-0.58, 0.31]",0.4954427171977306,0.9224230187144302,False
Calmodulin-like protein 5,Mean Value (nm),delta_time3_vs_time1,20,17,0.30629529349822415,"[-0.17, 0.67]",0.20217036496471552,0.8151233148090633,False
Carboxypeptidase B2,Mean Value (nm),delta_time3_vs_time1,20,17,0.11558714763687102,"[-0.36, 0.54]",0.6374887796625159,0.9603557517202558,False
"Sushi, nidogen and EGF-like domain-containing protein 1",Mean Value (nm),delta_time3_vs_time1,20,17,-0.04609101977233394,"[-0.49, 0.42]",0.851374017823993,0.986431991854413,False
Proteasome subunit alpha type-5,Mean Value (nm),delta_time3_vs_time1,20,17,0.3693596392193762,"[-0.10, 0.71]",0.11962968534151924,0.7990209843716011,False
Bifunctional heparan sulfate N-deacetylase/N-sulfotransferase 4,Mean Value (nm),delta_time3_vs_time1,20,17,-0.21839752566829168,"[-0.61, 0.26]",0.36904861490227914,0.9029774864553766,False
Immunoglobulin heavy variable 3-9,Mean Value (nm),delta_time3_vs_time1,20,17,-0.0681474081384257,"[-0.51, 0.40]",0.781623936719694,0.986431991854413,False
Neural cell adhesion molecule L1-like protein,Mean Value (nm),delta_time3_vs_time1,20,17,-0.02438148147377064,"[-0.47, 0.43]",0.9210782979125258,0.9894460555090501,False
Proteasome subunit alpha type-2,Mean Value (nm),delta_time3_vs_time1,20,17,0.08286222475470673,"[-0.39, 0.52]",0.7359299287311583,0.98225487544268,False
Intercellular adhesion molecule 3,Mean Value (nm),delta_time3_vs_time1,20,17,0.2381369354903904,"[-0.24, 0.62]",0.3262152318701991,0.9029774864553766,False
Receptor-type tyrosine-protein phosphatase eta,Mean Value (nm),delta_time3_vs_time1,20,17,0.13753533888944308,"[-0.34, 0.56]",0.5744685509590273,0.9414294875902138,False
ADAMTS-like protein 4,Mean Value (nm),delta_time3_vs_time1,20,17,0.3677577975056385,"[-0.10, 0.70]",0.1213669860579065,0.7990209843716011,False
Immunoglobulin lambda variable 3-21,Mean Value (nm),delta_time3_vs_time1,20,17,-0.08704301801472389,"[-0.52, 0.38]",0.7230935201626159,0.9804518511896781,False
Cartilage oligomeric matrix protein,Mean Value (nm),delta_time3_vs_time1,20,17,0.04356643153992113,"[-0.42, 0.49]",0.8594355585435598,0.986431991854413,False
Neural cell adhesion molecule 1,Mean Value (nm),delta_time3_vs_time1,20,17,0.03779802412119295,"[-0.42, 0.48]",0.8779041295375976,0.986431991854413,False
Immunoglobulin lambda variable 2-11,Mean Value (nm),delta_time3_vs_time1,20,17,-0.3116153728086036,"[-0.67, 0.17]",0.19404327868123683,0.8041153468550455,False
Immunoglobulin kappa variable 1D-33;Immunoglobulin kappa variable 1-33,Mean Value (nm),delta_time3_vs_time1,20,17,-0.41789583739484676,"[-0.73, 0.04]",0.07500894640589272,0.7990209843716011,False
Beta-2-glycoprotein 1,Mean Value (nm),delta_time3_vs_time1,20,17,0.30514700612005896,"[-0.17, 0.67]",0.20395362649055748,0.8158145059622299,False
Vitamin D-binding protein,Mean Value (nm),delta_time3_vs_time1,20,17,0.3754694748745877,"[-0.09, 0.71]",0.11316555318132775,0.7990209843716011,False
Filamin-A,Mean Value (nm),delta_time3_vs_time1,20,17,-0.2115866780169424,"[-0.61, 0.27]",0.384530858493196,0.908148715266278,False
Reelin,Mean Value (nm),delta_time3_vs_time1,20,17,-0.33378997481393935,"[-0.68, 0.14]",0.16252769275872822,0.7990209843716011,False
Immunoglobulin lambda variable 5-39,Mean Value (nm),delta_time3_vs_time1,20,17,-0.07397647921881804,"[-0.51, 0.39]",0.7634318600417118,0.986431991854413,False
Fatty acid-binding protein 5,Mean Value (nm),delta_time3_vs_time1,20,17,0.15113334144067325,"[-0.33, 0.57]",0.5368287517002667,0.9373192910608371,False
"HLA class I histocompatibility antigen, A alpha chain",Mean Value (nm),delta_time3_vs_time1,20,17,0.2770152322369733,"[-0.20, 0.65]",0.25090538269963225,0.8487477293020979,False
Low affinity immunoglobulin gamma Fc region receptor III-A,Mean Value (nm),delta_time3_vs_time1,20,17,0.06712384196463646,"[-0.40, 0.51]",0.7848299301153026,0.986431991854413,False
Heat shock 70 kDa protein 1A;Heat shock 70 kDa protein 1B,Mean Value (nm),delta_time3_vs_time1,20,17,0.3912588323197068,"[-0.08, 0.72]",0.09762437568904131,0.7990209843716011,False
Apolipoprotein D,Mean Value (nm),delta_time3_vs_time1,20,17,0.06023660931521027,"[-0.41, 0.50]",0.8064859491578756,0.986431991854413,False
Plexin-B1,Mean Value (nm),delta_time3_vs_time1,20,17,0.16058511000218653,"[-0.32, 0.57]",0.5113500999399416,0.9283020552158604,False
Immunoglobulin heavy variable 1-58,Mean Value (nm),delta_time3_vs_time1,20,17,0.2623801355537404,"[-0.22, 0.64]",0.2778331829741497,0.8638290868378945,False
Apolipoprotein C-IV,Mean Value (nm),delta_time3_vs_time1,20,17,-0.3120926305195016,"[-0.67, 0.17]",0.1933250211531959,0.8041153468550455,False
Monocyte differentiation antigen CD14,Mean Value (nm),delta_time3_vs_time1,20,17,0.2277998472158824,"[-0.25, 0.62]",0.34826535277591286,0.9029774864553766,False
Protein MENT,Mean Value (nm),delta_time3_vs_time1,20,17,-0.38924725287429557,"[-0.72, 0.08]",0.09951300465940092,0.7990209843716011,False
Immunoglobulin epsilon heavy chain,Mean Value (nm),delta_time3_vs_time1,20,17,-0.035696882218379376,"[-0.48, 0.43]",0.8846468364925855,0.986431991854413,False
Complement factor H,Mean Value (nm),delta_time3_vs_time1,20,17,-0.17238167217119063,"[-0.58, 0.31]",0.4803788560610719,0.9224230187144302,False
Stabilin-1,Mean Value (nm),delta_time3_vs_time1,20,17,-0.08555616644501823,"[-0.52, 0.38]",0.727650733304441,0.9808627169636652,False
Macrophage receptor MARCO,Mean Value (nm),delta_time3_vs_time1,20,17,-0.09785991879198355,"[-0.53, 0.37]",0.6902162315433535,0.9681914766355224,False
Protein POF1B,Mean Value (nm),delta_time3_vs_time1,20,17,0.321849226811993,"[-0.16, 0.68]",0.17902923146058233,0.7994581197981177,False
Phosphatidylcholine-sterol acyltransferase,Mean Value (nm),delta_time3_vs_time1,20,17,0.014361694566741731,"[-0.44, 0.47]",0.9534667609945127,0.9942380848352581,False
Clusterin,Mean Value (nm),delta_time3_vs_time1,20,17,-0.07338216647655683,"[-0.51, 0.39]",0.7652814100051851,0.986431991854413,False
Platelet-activating factor acetylhydrolase,Mean Value (nm),delta_time3_vs_time1,20,17,-0.04265310513517437,"[-0.49, 0.42]",0.862355326248831,0.986431991854413,False
Vasorin,Mean Value (nm),delta_time3_vs_time1,20,17,0.09482662191808049,"[-0.38, 0.53]",0.6993851799255443,0.9683709539856988,False
Myeloperoxidase,Mean Value (nm),delta_time3_vs_time1,20,17,-0.10763244498954187,"[-0.54, 0.36]",0.6609614156778003,0.9603557517202558,False
Immunoglobulin lambda variable 5-52,Mean Value (nm),delta_time3_vs_time1,20,17,0.05644228424288847,"[-0.41, 0.50]",0.8184756267970172,0.986431991854413,False
Carboxypeptidase N catalytic chain,Mean Value (nm),delta_time3_vs_time1,20,17,-0.1957683627566607,"[-0.60, 0.28]",0.42184764042653355,0.9149023054699762,False
Fibrinogen gamma chain,Mean Value (nm),delta_time3_vs_time1,20,17,0.006656211779577898,"[-0.45, 0.46]",0.9784245165524466,0.9942380848352581,False
Soluble scavenger receptor cysteine-rich domain-containing protein SSC5D,Mean Value (nm),delta_time3_vs_time1,20,17,-0.21744116610334563,"[-0.61, 0.26]",0.37120104056745673,0.9029774864553766,False
Tetranectin,Mean Value (nm),delta_time3_vs_time1,20,17,0.3638295885852957,"[-0.11, 0.70]",0.12570307723226218,0.7990209843716011,False
Apolipoprotein(a),Mean Value (nm),delta_time3_vs_time1,20,17,-0.14596771982786058,"[-0.56, 0.33]",0.5509937412412931,0.9414294875902138,False
Alpha-2-antiplasmin,Mean Value (nm),delta_time3_vs_time1,20,17,0.2561457305369946,"[-0.22, 0.64]",0.289826229967551,0.8716534523666523,False
Retroviral-like aspartic protease 1,Mean Value (nm),delta_time3_vs_time1,20,17,0.07682324950932652,"[-0.39, 0.51]",0.7545896391516101,0.986431991854413,False
Ficolin-3,Mean Value (nm),delta_time3_vs_time1,20,17,-0.3550586966211659,"[-0.70, 0.12]",0.135777852049874,0.7990209843716011,False
Immunoglobulin kappa variable 2-24,Mean Value (nm),delta_time3_vs_time1,20,17,0.03482396572065358,"[-0.43, 0.48]",0.8874503445305422,0.986431991854413,False
Immunoglobulin superfamily containing leucine-rich repeat protein,Mean Value (nm),delta_time3_vs_time1,20,17,0.2732386659587927,"[-0.21, 0.65]",0.25768951371241894,0.8487477293020979,False
Complement factor D,Mean Value (nm),delta_time3_vs_time1,20,17,-0.025141762225826904,"[-0.47, 0.43]",0.9186249586117813,0.9892884169665337,False
Vitamin K-dependent protein Z,Mean Value (nm),delta_time3_vs_time1,20,17,0.02980315311118094,"[-0.43, 0.48]",0.903599355109293,0.986431991854413,False
EGF-containing fibulin-like extracellular matrix protein 1,Mean Value (nm),delta_time3_vs_time1,20,17,0.3576822414095934,"[-0.12, 0.70]",0.13270685742880398,0.7990209843716011,False
Dipeptidase 2,Mean Value (nm),delta_time3_vs_time1,20,17,0.1397712406475111,"[-0.34, 0.56]",0.5682023477099287,0.9414294875902138,False
Myeloblastin,Mean Value (nm),delta_time3_vs_time1,20,17,-0.436759105564286,"[-0.74, 0.02]",0.0615240334377955,0.7990209843716011,False
Neurogenic locus notch homolog protein 1,Mean Value (nm),delta_time3_vs_time1,20,17,0.17007525656623032,"[-0.31, 0.58]",0.48636009993188356,0.9224230187144302,False
Vitamin K-dependent protein S,Mean Value (nm),delta_time3_vs_time1,20,17,-0.32255292526395246,"[-0.68, 0.15]",0.17802656603883119,0.7994581197981177,False
Dermcidin,Mean Value (nm),delta_time3_vs_time1,20,17,0.08230716381553191,"[-0.39, 0.52]",0.7376392790486536,0.98225487544268,False
Immunoglobulin heavy variable 3-73,Mean Value (nm),delta_time3_vs_time1,20,17,-0.13087049966095635,"[-0.55, 0.34]",0.5933208108387702,0.9428815667425503,False
Alpha-2-macroglobulin,Mean Value (nm),delta_time3_vs_time1,20,17,-0.4816632342211056,"[-0.77, -0.04]",0.036785609916394235,0.7990209843716011,False
Cation-independent mannose-6-phosphate receptor,Mean Value (nm),delta_time3_vs_time1,20,17,-0.24755961017115374,"[-0.63, 0.23]",0.3068528541750039,0.887851196854835,False
Chromodomain-helicase-DNA-binding protein 1;Chromodomain-helicase-DNA-binding protein 2;Chromodomain-helicase-DNA-binding protein 9;Chromodomain-helicase-DNA-binding protein 6;Chromodomain-helicase-DNA-binding protein 8;Chromodomain-helicase-DNA-binding protein 7,Mean Value (nm),delta_time3_vs_time1,20,17,0.11975182211167558,"[-0.35, 0.54]",0.6253284915627105,0.9603557517202558,False
Ceruloplasmin,Mean Value (nm),delta_time3_vs_time1,20,17,0.1505847036666984,"[-0.33, 0.57]",0.53832526851467,0.9373192910608371,False
Prostaglandin-H2 D-isomerase,Mean Value (nm),delta_time3_vs_time1,20,17,0.3962004722464089,"[-0.07, 0.72]",0.09309540014090567,0.7990209843716011,False
Protein S100-A9,Mean Value (nm),delta_time3_vs_time1,20,17,-0.07707513627605043,"[-0.51, 0.39]",0.7538086535923345,0.986431991854413,False
Immunoglobulin J chain,Mean Value (nm),delta_time3_vs_time1,20,17,-0.28401322545872276,"[-0.65, 0.20]",0.23863646503104002,0.8318957041287526,False
Probable non-functional immunoglobulin kappa variable 3-7,Median Value (nm),delta_time3_vs_time1,20,17,-0.17530434275604878,"[-0.58, 0.30]",0.47285215867933306,0.9224230187144302,False
Apolipoprotein A-IV,Median Value (nm),delta_time3_vs_time1,20,17,0.48110166759771394,"[0.03, 0.77]",0.03703769151793777,0.7990209843716011,False
Coagulation factor XII,Median Value (nm),delta_time3_vs_time1,20,17,0.13844639476459636,"[-0.34, 0.56]",0.5719116955045125,0.9414294875902138,False
Mannan-binding lectin serine protease 1,Median Value (nm),delta_time3_vs_time1,20,17,-0.3618850629959615,"[-0.70, 0.11]",0.12788957717200758,0.7990209843716011,False
Complement factor I,Median Value (nm),delta_time3_vs_time1,20,17,0.22569901766472697,"[-0.25, 0.62]",0.3528493336842925,0.9029774864553766,False
Platelet glycoprotein Ib alpha chain,Median Value (nm),delta_time3_vs_time1,20,17,-0.33818653355673345,"[-0.69, 0.14]",0.15672357428218675,0.7990209843716011,False
Hepatocyte growth factor-like protein,Median Value (nm),delta_time3_vs_time1,20,17,0.3129522433576985,"[-0.16, 0.67]",0.19203581022593166,0.8041153468550455,False
Profilin-1,Median Value (nm),delta_time3_vs_time1,20,17,-0.18436407908933455,"[-0.59, 0.29]",0.4499010427362794,0.9211306664189829,False
Peptidase inhibitor 16,Median Value (nm),delta_time3_vs_time1,20,17,0.17665396090252092,"[-0.30, 0.58]",0.4693965402303729,0.9224230187144302,False
Cell surface glycoprotein MUC18,Median Value (nm),delta_time3_vs_time1,20,17,0.4118869989329324,"[-0.05, 0.73]",0.07973271972345819,0.7990209843716011,False
Adhesion G-protein coupled receptor G6,Median Value (nm),delta_time3_vs_time1,20,17,-0.16146820916915364,"[-0.57, 0.32]",0.5089992847611344,0.9283020552158604,False
Immunoglobulin heavy variable 1-69,Median Value (nm),delta_time3_vs_time1,20,17,-0.05788975724116491,"[-0.50, 0.41]",0.8138970595939865,0.986431991854413,False
Insulin-like growth factor-binding protein complex acid labile subunit,Median Value (nm),delta_time3_vs_time1,20,17,0.14815131664511988,"[-0.33, 0.56]",0.5449856278895064,0.9414294875902138,False
Plasma serine protease inhibitor,Median Value (nm),delta_time3_vs_time1,20,17,0.2507270833416253,"[-0.23, 0.63]",0.3005029979808038,0.8794381522828044,False
Immunoglobulin heavy variable 1-69D,Median Value (nm),delta_time3_vs_time1,20,17,-0.2432883261834572,"[-0.63, 0.24]",0.3155422737568774,0.8980818560772663,False
Pancreatic adenocarcinoma up-regulated factor,Median Value (nm),delta_time3_vs_time1,20,17,-0.2703607552438709,"[-0.65, 0.21]",0.26293614663634973,0.8525020648855961,False
Immunoglobulin heavy variable 3-64D,Median Value (nm),delta_time3_vs_time1,20,17,-0.3848202357827543,"[-0.71, 0.08]",0.1037624058252077,0.7990209843716011,False
Neutrophil gelatinase-associated lipocalin,Median Value (nm),delta_time3_vs_time1,20,17,-0.40905816245539806,"[-0.73, 0.06]",0.08203102941276613,0.7990209843716011,False
Lysosome-associated membrane glycoprotein 2,Median Value (nm),delta_time3_vs_time1,20,17,-0.3338611624945291,"[-0.68, 0.14]",0.16243255808405035,0.7990209843716011,False
Corneodesmosin,Median Value (nm),delta_time3_vs_time1,20,17,-0.12731966019770244,"[-0.55, 0.35]",0.6034685494867733,0.9460517531187597,False
Collagen alpha-1(XVIII) chain,Median Value (nm),delta_time3_vs_time1,20,17,-0.06946021128069847,"[-0.51, 0.40]",0.7775169381565766,0.986431991854413,False
Lipopolysaccharide-binding protein,Median Value (nm),delta_time3_vs_time1,20,17,0.5340645375585952,"[0.11, 0.80]",0.01850487156209134,0.7990209843716011,False
Immunoglobulin heavy variable 3-49,Median Value (nm),delta_time3_vs_time1,20,17,-0.04199817619014593,"[-0.49, 0.42]",0.8644500906562796,0.986431991854413,False
SPARC-like protein 1,Median Value (nm),delta_time3_vs_time1,20,17,0.29757205379461554,"[-0.18, 0.66]",0.21597763557300603,0.8217152190523659,False
Ras-associated and pleckstrin homology domains-containing protein 1,Median Value (nm),delta_time3_vs_time1,20,17,0.07349756771238627,"[-0.39, 0.51]",0.7649221764115377,0.986431991854413,False
Alpha-1-acid glycoprotein 2,Median Value (nm),delta_time3_vs_time1,20,17,0.23122540882815157,"[-0.25, 0.62]",0.3408650200050112,0.9029774864553766,False
Immunoglobulin heavy variable 3-20,Median Value (nm),delta_time3_vs_time1,20,17,-0.05146208269204537,"[-0.49, 0.41]",0.834270891100231,0.986431991854413,False
Neurogenic locus notch homolog protein 2,Median Value (nm),delta_time3_vs_time1,20,17,-0.09285002533846948,"[-0.52, 0.38]",0.7053815688861794,0.9683709539856988,False
Apolipoprotein B-100,Median Value (nm),delta_time3_vs_time1,20,17,-0.34876567867732033,"[-0.69, 0.13]",0.14334649963545626,0.7990209843716011,False
CD44 antigen,Median Value (nm),delta_time3_vs_time1,20,17,0.1462852241920452,"[-0.33, 0.56]",0.5501183002366288,0.9414294875902138,False
Pigment epithelium-derived factor,Median Value (nm),delta_time3_vs_time1,20,17,0.32965098924125613,"[-0.15, 0.68]",0.16812478955346982,0.7990209843716011,False
Xaa-Pro dipeptidase,Median Value (nm),delta_time3_vs_time1,20,17,-0.32392481837266807,"[-0.68, 0.15]",0.17608275297470488,0.7990209843716011,False
Immunoglobulin heavy constant delta,Median Value (nm),delta_time3_vs_time1,20,17,-0.1347015525931279,"[-0.55, 0.34]",0.5824527345821906,0.9414294875902138,False
Probable non-functional immunoglobulin heavy variable 3-38-3,Median Value (nm),delta_time3_vs_time1,20,17,0.20729616612962867,"[-0.27, 0.60]",0.3944661408009895,0.908148715266278,False
Immunoglobulin lambda constant 7,Median Value (nm),delta_time3_vs_time1,20,17,0.09156623996003284,"[-0.38, 0.52]",0.7092851322517779,0.9683709539856988,False
Receptor-type tyrosine-protein phosphatase gamma,Median Value (nm),delta_time3_vs_time1,20,17,0.09913499391255493,"[-0.37, 0.53]",0.6863741906754645,0.9681914766355224,False
Afamin,Median Value (nm),delta_time3_vs_time1,20,17,0.05911674275147128,"[-0.41, 0.50]",0.8100204398215686,0.986431991854413,False
Pyruvate kinase PKLR,Median Value (nm),delta_time3_vs_time1,20,17,0.2891768663829317,"[-0.19, 0.66]",0.22983461841496347,0.8273299512360355,False
Insulin-like growth factor 2,Median Value (nm),delta_time3_vs_time1,20,17,0.4115258389078291,"[-0.05, 0.73]",0.08002346990581845,0.7990209843716011,False
CD109 antigen,Median Value (nm),delta_time3_vs_time1,20,17,0.12951574625525586,"[-0.34, 0.55]",0.5971841033793575,0.9453403785715748,False
ADP-ribosyl cyclase/cyclic ADP-ribose hydrolase 2,Median Value (nm),delta_time3_vs_time1,20,17,0.041781888092643577,"[-0.42, 0.49]",0.865142070471596,0.986431991854413,False
Dedicator of cytokinesis protein 4,Median Value (nm),delta_time3_vs_time1,20,17,-0.22108264651648493,"[-0.61, 0.26]",0.36304318522112045,0.9029774864553766,False
Complement factor H-related protein 2,Median Value (nm),delta_time3_vs_time1,20,17,0.27276457363634216,"[-0.21, 0.65]",0.25854924439870214,0.8487477293020979,False
Selenoprotein P,Median Value (nm),delta_time3_vs_time1,20,17,0.1780215125195318,"[-0.30, 0.58]",0.4659079919707634,0.9224230187144302,False
Adipocyte plasma membrane-associated protein,Median Value (nm),delta_time3_vs_time1,20,17,0.18618599022265825,"[-0.29, 0.59]",0.4453560373168415,0.9191013041040793,False
Immunoglobulin heavy constant alpha 2,Median Value (nm),delta_time3_vs_time1,20,17,-0.30296961170128384,"[-0.67, 0.18]",0.20736353759755685,0.8217152190523659,False
Lactotransferrin,Median Value (nm),delta_time3_vs_time1,20,17,0.04436588590281969,"[-0.42, 0.49]",0.8568812540852178,0.986431991854413,False
Alpha-enolase,Median Value (nm),delta_time3_vs_time1,20,17,-0.21912886823709662,"[-0.61, 0.26]",0.36740739226762675,0.9029774864553766,False
Immunoglobulin heavy constant gamma 1,Median Value (nm),delta_time3_vs_time1,20,17,-0.2148319030310272,"[-0.61, 0.27]",0.37710943338263336,0.9030094064303772,False
Collectin-10,Median Value (nm),delta_time3_vs_time1,20,17,-0.4512284694214203,"[-0.75, 0.00]",0.052482891045347466,0.7990209843716011,False
Lysosome-associated membrane glycoprotein 1,Median Value (nm),delta_time3_vs_time1,20,17,0.07016395368487242,"[-0.40, 0.51]",0.7753176529919266,0.986431991854413,False
Cathelicidin antimicrobial peptide,Median Value (nm),delta_time3_vs_time1,20,17,-0.01007555609604504,"[-0.46, 0.45]",0.9673457044381261,0.9942380848352581,False
Fibroblast growth factor-binding protein 2,Median Value (nm),delta_time3_vs_time1,20,17,-0.2281462873604005,"[-0.62, 0.25]",0.3475127437801335,0.9029774864553766,False
Lymphatic vessel endothelial hyaluronic acid receptor 1,Median Value (nm),delta_time3_vs_time1,20,17,0.15379504192598398,"[-0.32, 0.57]",0.5295955503603513,0.9354607701894984,False
Haptoglobin,Median Value (nm),delta_time3_vs_time1,20,17,0.05156950088900961,"[-0.41, 0.49]",0.833929538165523,0.986431991854413,False
Tenascin-X,Median Value (nm),delta_time3_vs_time1,20,17,0.09151100576709863,"[-0.38, 0.52]",0.7094532375242717,0.9683709539856988,False
Zinc finger protein 512B,Median Value (nm),delta_time3_vs_time1,20,17,-0.401793454971865,"[-0.72, 0.06]",0.08815638306357299,0.7990209843716011,False
Immunoglobulin lambda variable 3-19,Median Value (nm),delta_time3_vs_time1,20,17,-0.23790469261549607,"[-0.62, 0.24]",0.32670136678330486,0.9029774864553766,False
Complement C1q subcomponent subunit B,Median Value (nm),delta_time3_vs_time1,20,17,-0.3385244090152452,"[-0.69, 0.14]",0.15628351649507174,0.7990209843716011,False
Ubiquitin-ribosomal protein eS31 fusion protein,Median Value (nm),delta_time3_vs_time1,20,17,-0.011936218143534662,"[-0.46, 0.44]",0.9613193662557066,0.9942380848352581,False
Kinesin-like protein KIF21A,Median Value (nm),delta_time3_vs_time1,20,17,-0.11153420939529256,"[-0.54, 0.36]",0.6494085939735535,0.9603557517202558,False
Attractin,Median Value (nm),delta_time3_vs_time1,20,17,-0.009887986081030207,"[-0.46, 0.45]",0.967953308068019,0.9942380848352581,False
Immunoglobulin lambda variable 1-44,Median Value (nm),delta_time3_vs_time1,20,17,-0.0960794632782636,"[-0.53, 0.37]",0.6955932191732168,0.9683709539856988,False
Immunoglobulin heavy variable 1-46,Median Value (nm),delta_time3_vs_time1,20,17,0.004001455074572612,"[-0.45, 0.46]",0.9870287428904652,0.9969108795458534,False
Fibulin-1,Median Value (nm),delta_time3_vs_time1,20,17,-0.04198148373352006,"[-0.49, 0.42]",0.8645034921937056,0.986431991854413,False
Secreted phosphoprotein 24,Median Value (nm),delta_time3_vs_time1,20,17,0.21417390772297112,"[-0.27, 0.61]",0.37860766106030486,0.9030094064303772,False
Scavenger receptor class B member 1,Median Value (nm),delta_time3_vs_time1,20,17,0.06357533316862991,"[-0.40, 0.50]",0.7959699055177448,0.986431991854413,False
Immunoglobulin lambda variable 2-18,Median Value (nm),delta_time3_vs_time1,20,17,-0.19962800144035006,"[-0.60, 0.28]",0.4125694149168445,0.9149023054699762,False
Collagen alpha-2(VI) chain,Median Value (nm),delta_time3_vs_time1,20,17,-0.07782034497792571,"[-0.51, 0.39]",0.7514994446990783,0.986431991854413,False
Adiponectin,Median Value (nm),delta_time3_vs_time1,20,17,0.13776687856251787,"[-0.34, 0.56]",0.573818275013342,0.9414294875902138,False
Nidogen-1,Median Value (nm),delta_time3_vs_time1,20,17,0.009330366748319193,"[-0.45, 0.46]",0.9697597269841745,0.9942380848352581,False
Alpha-1-antitrypsin,Median Value (nm),delta_time3_vs_time1,20,17,0.23049236519918828,"[-0.25, 0.62]",0.3424408830795507,0.9029774864553766,False
"Sushi, von Willebrand factor type A, EGF and pentraxin domain-containing protein 1",Median Value (nm),delta_time3_vs_time1,20,17,-0.03109639012141754,"[-0.48, 0.43]",0.8994360548355202,0.986431991854413,False
Complement C1s subcomponent,Median Value (nm),delta_time3_vs_time1,20,17,-0.4630680752046567,"[-0.76, -0.01]",0.04586647047178768,0.7990209843716011,False
Alpha-actinin-4,Median Value (nm),delta_time3_vs_time1,20,17,0.0714666948965207,"[-0.40, 0.51]",0.7712507496637913,0.986431991854413,False
Complement component C1q receptor,Median Value (nm),delta_time3_vs_time1,20,17,0.060786707235976144,"[-0.40, 0.50]",0.8047510559403687,0.986431991854413,False
Inter-alpha-trypsin inhibitor heavy chain H3,Median Value (nm),delta_time3_vs_time1,20,17,0.47476473442273504,"[0.03, 0.76]",0.039975729968644964,0.7990209843716011,False
Immunoglobulin kappa variable 1D-8,Median Value (nm),delta_time3_vs_time1,20,17,0.038374268660472714,"[-0.42, 0.48]",0.8760563078835741,0.986431991854413,False
Low-density lipoprotein receptor,Median Value (nm),delta_time3_vs_time1,20,17,0.06423456637302719,"[-0.40, 0.50]",0.7938974209495694,0.986431991854413,False
Prolactin-inducible protein,Median Value (nm),delta_time3_vs_time1,20,17,-0.20287973400389975,"[-0.60, 0.28]",0.4048386631007711,0.9149023054699762,False
Hyaluronan-binding protein 2,Median Value (nm),delta_time3_vs_time1,20,17,0.31302213831292997,"[-0.16, 0.67]",0.19193123778006202,0.8041153468550455,False
N-acetylmuramoyl-L-alanine amidase,Median Value (nm),delta_time3_vs_time1,20,17,0.22092975550484908,"[-0.26, 0.61]",0.36338363455188094,0.9029774864553766,False
Serpin A11,Median Value (nm),delta_time3_vs_time1,20,17,0.4684787775566532,"[0.02, 0.76]",0.043064238832201465,0.7990209843716011,False
C4b-binding protein alpha chain,Median Value (nm),delta_time3_vs_time1,20,17,-0.3265052384013847,"[-0.68, 0.15]",0.17246564767359765,0.7990209843716011,False
Inter-alpha-trypsin inhibitor heavy chain H2,Median Value (nm),delta_time3_vs_time1,20,17,0.0108213333052989,"[-0.45, 0.46]",0.9649300497427609,0.9942380848352581,False
Fibrillin-1,Median Value (nm),delta_time3_vs_time1,20,17,-0.24076929311167525,"[-0.63, 0.24]",0.32073502825653577,0.9023436370307231,False
Golgi-associated RAB2 interactor protein 1B,Median Value (nm),delta_time3_vs_time1,20,17,-0.21021006397224823,"[-0.61, 0.27]",0.38770333380977595,0.908148715266278,False
Neurogenic locus notch homolog protein 3,Median Value (nm),delta_time3_vs_time1,20,17,0.25505656152779693,"[-0.23, 0.64]",0.29195342468265284,0.8716534523666523,False
Immunoglobulin heavy constant alpha 1,Median Value (nm),delta_time3_vs_time1,20,17,-0.41420163814860855,"[-0.73, 0.05]",0.07788780645815664,0.7990209843716011,False
Apolipoprotein C-III,Median Value (nm),delta_time3_vs_time1,20,17,0.16607261011762664,"[-0.31, 0.58]",0.49682629772456766,0.9224230187144302,False
Glutathione peroxidase 3,Median Value (nm),delta_time3_vs_time1,20,17,0.022363292081095797,"[-0.44, 0.47]",0.9275940196829715,0.9917310674835486,False
Contactin-1,Median Value (nm),delta_time3_vs_time1,20,17,0.1376180669203161,"[-0.34, 0.56]",0.5742361740551625,0.9414294875902138,False
Stomatin,Median Value (nm),delta_time3_vs_time1,20,17,0.33087969089803004,"[-0.15, 0.68]",0.1664497074324331,0.7990209843716011,False
Immunoglobulin heavy variable 3-13,Median Value (nm),delta_time3_vs_time1,20,17,-0.32642000789086206,"[-0.68, 0.15]",0.1725843070288504,0.7990209843716011,False
Immunoglobulin heavy variable 1-69-2,Median Value (nm),delta_time3_vs_time1,20,17,-0.36089211825015705,"[-0.70, 0.11]",0.12901637948968336,0.7990209843716011,False
Apolipoprotein E,Median Value (nm),delta_time3_vs_time1,20,17,0.08917610347255882,"[-0.38, 0.52]",0.7165711820537912,0.9755160901547013,False
Mucosal addressin cell adhesion molecule 1,Median Value (nm),delta_time3_vs_time1,20,17,0.04265310513517437,"[-0.42, 0.49]",0.862355326248831,0.986431991854413,False
Protein S100-A11,Median Value (nm),delta_time3_vs_time1,20,17,-0.3301663381518512,"[-0.68, 0.15]",0.16742082376645465,0.7990209843716011,False
Complement factor H-related protein 4,Median Value (nm),delta_time3_vs_time1,20,17,-0.5616071898430093,"[-0.81, -0.14]",0.012341925378458077,0.7990209843716011,False
Immunoglobulin kappa variable 1D-16,Median Value (nm),delta_time3_vs_time1,20,17,-0.2364160235561096,"[-0.62, 0.24]",0.32982761814789685,0.9029774864553766,False
Immunoglobulin lambda variable 1-47,Median Value (nm),delta_time3_vs_time1,20,17,-0.15719007596408552,"[-0.57, 0.32]",0.520435387011674,0.9354607701894984,False
Fructose-bisphosphate aldolase A,Median Value (nm),delta_time3_vs_time1,20,17,-0.030830054510420337,"[-0.48, 0.43]",0.9002932633450929,0.986431991854413,False
Thrombospondin-1,Median Value (nm),delta_time3_vs_time1,20,17,0.2420759126151746,"[-0.24, 0.63]",0.3180352558993027,0.9023436370307231,False
Aminopeptidase N,Median Value (nm),delta_time3_vs_time1,20,17,0.23731166594472644,"[-0.24, 0.62]",0.3279446389311208,0.9029774864553766,False
Apolipoprotein M,Median Value (nm),delta_time3_vs_time1,20,17,-0.09870101827715262,"[-0.53, 0.37]",0.6876810198333962,0.9681914766355224,False
Immunoglobulin heavy variable 3-43,Median Value (nm),delta_time3_vs_time1,20,17,0.10580252307330724,"[-0.37, 0.53]",0.6664052552609459,0.9603557517202558,False
Cysteine-rich secretory protein 3,Median Value (nm),delta_time3_vs_time1,20,17,0.2836344731506401,"[-0.20, 0.65]",0.2392904631567261,0.8318957041287526,False
Complement component C8 alpha chain,Median Value (nm),delta_time3_vs_time1,20,17,0.22026341408088113,"[-0.26, 0.61]",0.36486952465085054,0.9029774864553766,False
Immunoglobulin heavy variable 2-70D,Median Value (nm),delta_time3_vs_time1,20,17,-0.3711460885385652,"[-0.71, 0.10]",0.11771311319214399,0.7990209843716011,False
Immunoglobulin heavy variable 3-23,Median Value (nm),delta_time3_vs_time1,20,17,-0.1907321703192136,"[-0.59, 0.29]",0.43411943447775114,0.9156649363592549,False
Plasma kallikrein,Median Value (nm),delta_time3_vs_time1,20,17,0.45860332077532495,"[0.01, 0.76]",0.04828201509607423,0.7990209843716011,False
Galectin-7,Median Value (nm),delta_time3_vs_time1,20,17,-0.10276684836806689,"[-0.53, 0.37]",0.6754712912354817,0.9655217748583295,False
Extracellular superoxide dismutase [Cu-Zn],Median Value (nm),delta_time3_vs_time1,20,17,0.30841240466738945,"[-0.17, 0.67]",0.19890967158851128,0.8119999722875612,False
Immunoglobulin heavy variable 1-8,Median Value (nm),delta_time3_vs_time1,20,17,0.42247975995166026,"[-0.04, 0.74]",0.07154732463473187,0.7990209843716011,False
Cystatin-C,Median Value (nm),delta_time3_vs_time1,20,17,0.21035623838454745,"[-0.27, 0.61]",0.3873657817246495,0.908148715266278,False
Immunoglobulin lambda-like polypeptide 1,Median Value (nm),delta_time3_vs_time1,20,17,-0.2788619468558806,"[-0.65, 0.20]",0.24762962114045448,0.8487477293020979,False
Inhibin beta C chain,Median Value (nm),delta_time3_vs_time1,20,17,0.0486880861971189,"[-0.41, 0.49]",0.8430957472624727,0.986431991854413,False
Mannose-binding protein C,Median Value (nm),delta_time3_vs_time1,20,17,0.0969718793852247,"[-0.37, 0.53]",0.6928963593699171,0.9681914766355224,False
IgGFc-binding protein,Median Value (nm),delta_time3_vs_time1,20,17,-0.6164778317362363,"[-0.84, -0.23]",0.004938354676636321,0.7990209843716011,False
Macrophage mannose receptor 1,Median Value (nm),delta_time3_vs_time1,20,17,0.07400558244461752,"[-0.39, 0.51]",0.7633413198326603,0.986431991854413,False
Aromatase,Median Value (nm),delta_time3_vs_time1,20,17,-0.044821813957588115,"[-0.49, 0.42]",0.8554251447140803,0.986431991854413,False
Cadherin-5,Median Value (nm),delta_time3_vs_time1,20,17,-0.24900657500373938,"[-0.63, 0.23]",0.3039421709428451,0.8845058682494031,False
Immunoglobulin kappa variable 1-8,Median Value (nm),delta_time3_vs_time1,20,17,-0.04011895542688012,"[-0.49, 0.42]",0.8704654657731011,0.986431991854413,False
Retinol-binding protein 4,Median Value (nm),delta_time3_vs_time1,20,17,0.31471196353652525,"[-0.16, 0.67]",0.18941459611203557,0.8041153468550455,False
Complement component C8 beta chain,Median Value (nm),delta_time3_vs_time1,20,17,0.5451087120538516,"[0.12, 0.80]",0.01579307029991179,0.7990209843716011,False
Tumor necrosis factor receptor superfamily member 1B,Median Value (nm),delta_time3_vs_time1,20,17,0.030779470248552602,"[-0.43, 0.48]",0.90045608215711,0.986431991854413,False
Formin-2,Median Value (nm),delta_time3_vs_time1,20,17,-0.46637570431326114,"[-0.76, -0.02]",0.04413737885819755,0.7990209843716011,False
Scavenger receptor cysteine-rich domain-containing protein DMBT1,Median Value (nm),delta_time3_vs_time1,20,17,0.13363754910210762,"[-0.34, 0.55]",0.5854626591316221,0.9414294875902138,False
Apolipoprotein L1,Median Value (nm),delta_time3_vs_time1,20,17,-0.573868831846623,"[-0.82, -0.16]",0.010192629678020525,0.7990209843716011,False
Leucine-rich alpha-2-glycoprotein,Median Value (nm),delta_time3_vs_time1,20,17,0.23807653205268856,"[-0.24, 0.62]",0.3263416283034173,0.9029774864553766,False
Immunoglobulin heavy variable 1-2,Median Value (nm),delta_time3_vs_time1,20,17,0.3633841183388386,"[-0.11, 0.70]",0.12620162903337184,0.7990209843716011,False
Ras-related protein Rab-10,Median Value (nm),delta_time3_vs_time1,20,17,0.07064420538013258,"[-0.40, 0.51]",0.7738177433734554,0.986431991854413,False
Immunoglobulin heavy variable 1-24,Median Value (nm),delta_time3_vs_time1,20,17,-0.12486672446471957,"[-0.55, 0.35]",0.6105197372849467,0.9489464389280321,False
Annexin A3,Median Value (nm),delta_time3_vs_time1,20,17,-0.12782699966884079,"[-0.55, 0.35]",0.6020143195951444,0.9460517531187597,False
Hemoglobin subunit beta,Median Value (nm),delta_time3_vs_time1,20,17,0.15307077188761076,"[-0.32, 0.57]",0.5315592941736784,0.9354607701894984,False
Immunoglobulin lambda variable 4-69,Median Value (nm),delta_time3_vs_time1,20,17,-0.5563595437470198,"[-0.81, -0.14]",0.013366450903965281,0.7990209843716011,False
Elongation factor 2,Median Value (nm),delta_time3_vs_time1,20,17,0.16816157376690502,"[-0.31, 0.58]",0.49135047388018005,0.9224230187144302,False
Multiple inositol polyphosphate phosphatase 1,Median Value (nm),delta_time3_vs_time1,20,17,0.33922304681436644,"[-0.14, 0.69]",0.15537629370055686,0.7990209843716011,False
Collagen alpha-1(VI) chain,Median Value (nm),delta_time3_vs_time1,20,17,0.10742596329181135,"[-0.36, 0.54]",0.661574869763276,0.9603557517202558,False
Hepatocyte growth factor activator,Median Value (nm),delta_time3_vs_time1,20,17,-0.24715847797376667,"[-0.63, 0.23]",0.30766272169004416,0.887851196854835,False
Fibrinogen beta chain,Median Value (nm),delta_time3_vs_time1,20,17,-0.09318696491409025,"[-0.53, 0.38]",0.7043582097592156,0.9683709539856988,False
Hemicentin-1,Median Value (nm),delta_time3_vs_time1,20,17,-0.3372241342097715,"[-0.69, 0.14]",0.15798170245839838,0.7990209843716011,False
C-type mannose receptor 2,Median Value (nm),delta_time3_vs_time1,20,17,0.10552923881629983,"[-0.37, 0.53]",0.6672196292819277,0.9603557517202558,False
Platelet glycoprotein Ib beta chain,Median Value (nm),delta_time3_vs_time1,20,17,-0.4280460450917546,"[-0.74, 0.03]",0.0675053112947376,0.7990209843716011,False
Complement C2,Median Value (nm),delta_time3_vs_time1,20,17,0.4425767642500793,"[-0.01, 0.75]",0.057758188884354016,0.7990209843716011,False
Annexin A2,Median Value (nm),delta_time3_vs_time1,20,17,-0.20755757105146252,"[-0.60, 0.27]",0.393856819137426,0.908148715266278,False
Protein disulfide-isomerase A3,Median Value (nm),delta_time3_vs_time1,20,17,-0.06763856948002939,"[-0.51, 0.40]",0.7832172928782808,0.986431991854413,False
Dipeptidyl peptidase 4,Median Value (nm),delta_time3_vs_time1,20,17,-0.10193631007047513,"[-0.53, 0.37]",0.6779592260946956,0.9655217748583295,False
Proteasome subunit alpha type-4,Median Value (nm),delta_time3_vs_time1,20,17,-0.37054885086182815,"[-0.71, 0.10]",0.11835140157779372,0.7990209843716011,False
Coagulation factor XI,Median Value (nm),delta_time3_vs_time1,20,17,0.05480898579630225,"[-0.41, 0.50]",0.8236487430990487,0.986431991854413,False
Collectin-11,Median Value (nm),delta_time3_vs_time1,20,17,-0.041758918668644715,"[-0.49, 0.42]",0.8652155630659705,0.986431991854413,False
High mobility group protein B1,Median Value (nm),delta_time3_vs_time1,20,17,-0.3170616397646598,"[-0.67, 0.16]",0.18595210222669872,0.8041153468550455,False
Immunoglobulin lambda variable 3-16,Median Value (nm),delta_time3_vs_time1,20,17,-0.2715489627654125,"[-0.65, 0.21]",0.26076190449831266,0.8522060979818672,False
Prothrombin,Median Value (nm),delta_time3_vs_time1,20,17,0.21040416827726457,"[-0.27, 0.61]",0.3872551354585392,0.908148715266278,False
Immunoglobulin kappa joining 1,Median Value (nm),delta_time3_vs_time1,20,17,-0.19791530331865015,"[-0.60, 0.28]",0.416672945966458,0.9149023054699762,False
Immunoglobulin heavy variable 3-7,Median Value (nm),delta_time3_vs_time1,20,17,-0.2258862230369727,"[-0.62, 0.25]",0.35243945330507775,0.9029774864553766,False
Immunoglobulin heavy variable 3-74,Median Value (nm),delta_time3_vs_time1,20,17,-0.04565215158999151,"[-0.49, 0.42]",0.8527744255707019,0.986431991854413,False
Ezrin,Median Value (nm),delta_time3_vs_time1,20,17,0.00033695071042444684,"[-0.45, 0.45]",0.998907685346503,0.9998728135449054,False
Intercellular adhesion molecule 2,Median Value (nm),delta_time3_vs_time1,20,17,0.17430705427950877,"[-0.30, 0.58]",0.4754138047668419,0.9224230187144302,False
Lysozyme C,Median Value (nm),delta_time3_vs_time1,20,17,-0.06337288982697496,"[-0.50, 0.40]",0.7966066061974453,0.986431991854413,False
Protein AMBP,Median Value (nm),delta_time3_vs_time1,20,17,0.30291868867166644,"[-0.18, 0.67]",0.20744373237105604,0.8217152190523659,False
Prolyl endopeptidase FAP,Median Value (nm),delta_time3_vs_time1,20,17,-0.029508983743738337,"[-0.48, 0.43]",0.9045467106773093,0.986431991854413,False
"Actin, cytoplasmic 2",Median Value (nm),delta_time3_vs_time1,20,17,-0.26309366598507505,"[-0.64, 0.22]",0.27648045873241267,0.8638290868378945,False
Kallistatin,Median Value (nm),delta_time3_vs_time1,20,17,0.38180117350366155,"[-0.09, 0.71]",0.10673443644228908,0.7990209843716011,False
Hemopexin,Median Value (nm),delta_time3_vs_time1,20,17,0.19419594697938816,"[-0.29, 0.60]",0.4256591807302399,0.9149023054699762,False
C4b-binding protein beta chain,Median Value (nm),delta_time3_vs_time1,20,17,-0.17241376798006325,"[-0.58, 0.31]",0.48029587964766396,0.9224230187144302,False
Peptidyl-prolyl cis-trans isomerase A,Median Value (nm),delta_time3_vs_time1,20,17,-0.111805783356013,"[-0.54, 0.36]",0.6486072919684345,0.9603557517202558,False
Complement C1r subcomponent-like protein,Median Value (nm),delta_time3_vs_time1,20,17,0.27788209022160565,"[-0.20, 0.65]",0.24936431853805852,0.8487477293020979,False
Immunoglobulin heavy variable 3-30;Immunoglobulin heavy variable 3-30-5,Median Value (nm),delta_time3_vs_time1,20,17,-0.29722890483332415,"[-0.66, 0.18]",0.2165330644800153,0.8217152190523659,False
Immunoglobulin lambda variable 3-9,Median Value (nm),delta_time3_vs_time1,20,17,-0.10230080684764478,"[-0.53, 0.37]",0.6768669561144691,0.9655217748583295,False
Immunoglobulin heavy variable 1-45,Median Value (nm),delta_time3_vs_time1,20,17,-0.1070771326748342,"[-0.54, 0.36]",0.662611709394608,0.9603557517202558,False
Hemoglobin subunit gamma-1,Median Value (nm),delta_time3_vs_time1,20,17,0.1448675952451418,"[-0.33, 0.56]",0.5540318726293798,0.9414294875902138,False
Apolipoprotein F,Median Value (nm),delta_time3_vs_time1,20,17,0.162796753013208,"[-0.31, 0.57]",0.505472414071306,0.9283020552158604,False
Immunoglobulin gamma-1 heavy chain,Median Value (nm),delta_time3_vs_time1,20,17,-0.25075640748931705,"[-0.63, 0.23]",0.300444586156958,0.8794381522828044,False
Low affinity immunoglobulin gamma Fc region receptor III-B,Median Value (nm),delta_time3_vs_time1,20,17,0.4515583966101091,"[-0.00, 0.75]",0.052289228396807094,0.7990209843716011,False
Multiple epidermal growth factor-like domains protein 8,Median Value (nm),delta_time3_vs_time1,20,17,0.1901156845118772,"[-0.29, 0.59]",0.43563438821495903,0.9156649363592549,False
Complement C4-B,Median Value (nm),delta_time3_vs_time1,20,17,0.03924813613066836,"[-0.42, 0.48]",0.8732552839923371,0.986431991854413,False
Glyceraldehyde-3-phosphate dehydrogenase,Median Value (nm),delta_time3_vs_time1,20,17,-0.28547455059953636,"[-0.65, 0.19]",0.23612391632402963,0.83164479806808,False
Complement C1r subcomponent,Median Value (nm),delta_time3_vs_time1,20,17,-0.37940649993803816,"[-0.71, 0.09]",0.10913499285544113,0.7990209843716011,False
Sex hormone-binding globulin,Median Value (nm),delta_time3_vs_time1,20,17,0.19086842579413746,"[-0.29, 0.59]",0.4337849735947997,0.9156649363592549,False
Biotinidase,Median Value (nm),delta_time3_vs_time1,20,17,0.17632735755056814,"[-0.30, 0.58]",0.470231623387677,0.9224230187144302,False
Cholinesterase,Median Value (nm),delta_time3_vs_time1,20,17,-0.24492765527722693,"[-0.63, 0.24]",0.31219006334825417,0.8934500155491473,False
Immunoglobulin heavy variable 2-5,Median Value (nm),delta_time3_vs_time1,20,17,-0.09173411434967507,"[-0.52, 0.38]",0.7087742854990366,0.9683709539856988,False
Immunoglobulin lambda variable 1-36,Median Value (nm),delta_time3_vs_time1,20,17,-0.020312631857100298,"[-0.47, 0.44]",0.9342190932660823,0.9926676724345245,False
Immunoglobulin kappa variable 3-11,Median Value (nm),delta_time3_vs_time1,20,17,-0.09763562347348524,"[-0.53, 0.37]",0.690892829466694,0.9681914766355224,False
Immunoglobulin kappa variable 6-21,Median Value (nm),delta_time3_vs_time1,20,17,0.020810043452706515,"[-0.44, 0.47]",0.932611707906216,0.9926676724345245,False
Immunoglobulin kappa light chain,Median Value (nm),delta_time3_vs_time1,20,17,-0.35584007829715664,"[-0.70, 0.12]",0.13485804363286782,0.7990209843716011,False
Neuropilin-1,Median Value (nm),delta_time3_vs_time1,20,17,0.2139319804436092,"[-0.27, 0.61]",0.3791593550166159,0.9030094064303772,False
Ficolin-2,Median Value (nm),delta_time3_vs_time1,20,17,-0.5642780273523296,"[-0.81, -0.15]",0.01184527075143941,0.7990209843716011,False
Gamma-glutamyl hydrolase,Median Value (nm),delta_time3_vs_time1,20,17,0.20137657420304952,"[-0.28, 0.60]",0.40840248254381406,0.9149023054699762,False
Keratinocyte proline-rich protein,Median Value (nm),delta_time3_vs_time1,20,17,-0.10550799972666224,"[-0.53, 0.37]",0.6672829356868617,0.9603557517202558,False
Kyphoscoliosis peptidase,Median Value (nm),delta_time3_vs_time1,20,17,-0.31034167173189964,"[-0.67, 0.17]",0.19596885943474307,0.8056497554539437,False
Laminin subunit alpha-2,Median Value (nm),delta_time3_vs_time1,20,17,0.14432762911144933,"[-0.33, 0.56]",0.5555257765733717,0.9414294875902138,False
Desmoglein-1,Median Value (nm),delta_time3_vs_time1,20,17,-0.05669703618178932,"[-0.50, 0.41]",0.8176693970937359,0.986431991854413,False
Immunoglobulin lambda variable 3-27,Median Value (nm),delta_time3_vs_time1,20,17,-0.1917249542315662,"[-0.59, 0.29]",0.4316855897213916,0.9156649363592549,False
Myosin-9,Median Value (nm),delta_time3_vs_time1,20,17,-0.3452939741917888,"[-0.69, 0.13]",0.14764538960134582,0.7990209843716011,False
Versican core protein,Median Value (nm),delta_time3_vs_time1,20,17,-0.1682794989251918,"[-0.58, 0.31]",0.49104223622107346,0.9224230187144302,False
Proteasome subunit beta type-3,Median Value (nm),delta_time3_vs_time1,20,17,-0.03310294652600964,"[-0.48, 0.43]",0.8929813872891678,0.986431991854413,False
Alpha-N-acetylglucosaminidase,Median Value (nm),delta_time3_vs_time1,20,17,0.21580873386986799,"[-0.26, 0.61]",0.37489136713563076,0.9030094064303772,False
Caspase-14,Median Value (nm),delta_time3_vs_time1,20,17,-0.08466342636433277,"[-0.52, 0.38]",0.730391211210401,0.9808627169636652,False
Histidine-rich glycoprotein,Median Value (nm),delta_time3_vs_time1,20,17,0.41348320636339864,"[-0.05, 0.73]",0.07845702989445708,0.7990209843716011,False
"ATP synthase subunit alpha, mitochondrial",Median Value (nm),delta_time3_vs_time1,20,17,-0.08114663584534958,"[-0.52, 0.39]",0.7412170124253459,0.9844882370162286,False
Immunoglobulin kappa constant,Median Value (nm),delta_time3_vs_time1,20,17,-0.1679984271411869,"[-0.58, 0.31]",0.49177706886566075,0.9224230187144302,False
Interleukin-1 receptor accessory protein,Median Value (nm),delta_time3_vs_time1,20,17,0.1327369594490866,"[-0.34, 0.55]",0.5880154225096346,0.9414294875902138,False
Immunoglobulin lambda variable 9-49,Median Value (nm),delta_time3_vs_time1,20,17,-0.08466342636433258,"[-0.52, 0.38]",0.7303912112104014,0.9808627169636652,False
Plexin domain-containing protein 2,Median Value (nm),delta_time3_vs_time1,20,17,0.10083251093160521,"[-0.37, 0.53]",0.681270673186717,0.9655217748583295,False
Immunoglobulin heavy variable 4-28,Median Value (nm),delta_time3_vs_time1,20,17,0.02420851764666041,"[-0.43, 0.47]",0.9216365285388353,0.9894460555090501,False
Desmoplakin,Median Value (nm),delta_time3_vs_time1,20,17,-0.14441630404331016,"[-0.56, 0.33]",0.5552803203851256,0.9414294875902138,False
Endoplasmin,Median Value (nm),delta_time3_vs_time1,20,17,0.10096789731217073,"[-0.37, 0.53]",0.6808642061183977,0.9655217748583295,False
Heparin cofactor 2,Median Value (nm),delta_time3_vs_time1,20,17,0.08613515854076022,"[-0.38, 0.52]",0.7258750674348293,0.9804518511896781,False
Laminin subunit gamma-1,Median Value (nm),delta_time3_vs_time1,20,17,-0.13680198843236543,"[-0.56, 0.34]",0.5765302435467905,0.9414294875902138,False
Polymeric immunoglobulin receptor,Median Value (nm),delta_time3_vs_time1,20,17,-0.3541020501739546,"[-0.70, 0.12]",0.13690995341955497,0.7990209843716011,False
Serum amyloid A-4 protein,Median Value (nm),delta_time3_vs_time1,20,17,0.26046712995280497,"[-0.22, 0.64]",0.28148005460389075,0.8638290868378945,False
Catalase,Median Value (nm),delta_time3_vs_time1,20,17,-0.009771570602311989,"[-0.46, 0.45]",0.9683304262659502,0.9942380848352581,False
Complement receptor type 1,Median Value (nm),delta_time3_vs_time1,20,17,-0.47071314230404815,"[-0.76, -0.02]",0.041946150723614566,0.7990209843716011,False
Immunoglobulin kappa variable 1-27,Median Value (nm),delta_time3_vs_time1,20,17,0.22362935874551385,"[-0.26, 0.62]",0.3573990191645594,0.9029774864553766,False
Immunoglobulin kappa variable 2-30,Median Value (nm),delta_time3_vs_time1,20,17,-0.2921057829014999,"[-0.66, 0.19]",0.22493654951611322,0.8273299512360355,False
Protein-glutamine gamma-glutamyltransferase E,Median Value (nm),delta_time3_vs_time1,20,17,0.09845086533356372,"[-0.37, 0.53]",0.6884346900016844,0.9681914766355224,False
Periostin,Median Value (nm),delta_time3_vs_time1,20,17,0.29458173506665386,"[-0.18, 0.66]",0.22084921253954934,0.8259920006894336,False
Albumin,Median Value (nm),delta_time3_vs_time1,20,17,0.13461401572986237,"[-0.34, 0.55]",0.5827001167536021,0.9414294875902138,False
Complement factor B,Median Value (nm),delta_time3_vs_time1,20,17,0.2938318914997433,"[-0.19, 0.66]",0.222081922176624,0.8273299512360355,False
Probable non-functional immunoglobulinn kappa variable 1-37;Probable non-functional immunoglobulinn kappa variable 1D-37,Median Value (nm),delta_time3_vs_time1,20,17,0.06684620411850485,"[-0.40, 0.51]",0.7857001163177804,0.986431991854413,False
Immunoglobulin lambda variable 8-61,Median Value (nm),delta_time3_vs_time1,20,17,-0.05006580387982575,"[-0.49, 0.41]",0.8387105392538681,0.986431991854413,False
Annexin A1,Median Value (nm),delta_time3_vs_time1,20,17,-0.2730485823449953,"[-0.65, 0.21]",0.2580339994260265,0.8487477293020979,False
CD5 antigen-like,Median Value (nm),delta_time3_vs_time1,20,17,-0.3255808757263116,"[-0.68, 0.15]",0.173755521949297,0.7990209843716011,False
RB-associated KRAB zinc finger protein,Median Value (nm),delta_time3_vs_time1,20,17,0.19640840214211883,"[-0.28, 0.60]",0.4203014072843947,0.9149023054699762,False
Immunoglobulin lambda variable 7-46,Median Value (nm),delta_time3_vs_time1,20,17,-0.3156062524158977,"[-0.67, 0.16]",0.1880917196145852,0.8041153468550455,False
Basement membrane-specific heparan sulfate proteoglycan core protein,Median Value (nm),delta_time3_vs_time1,20,17,0.26245777360775985,"[-0.22, 0.64]",0.2776857972042645,0.8638290868378945,False
Vitamin K-dependent protein C,Median Value (nm),delta_time3_vs_time1,20,17,0.2461495500066292,"[-0.23, 0.63]",0.30970537545235044,0.8907300477427516,False
Immunoglobulin lambda variable 1-40,Median Value (nm),delta_time3_vs_time1,20,17,-0.21418880335342624,"[-0.61, 0.27]",0.3785737075594652,0.9030094064303772,False
Pantetheinase,Median Value (nm),delta_time3_vs_time1,20,17,0.3635547132115463,"[-0.11, 0.70]",0.12601054140880133,0.7990209843716011,False
Neutrophil defensin 1;Neutrophil defensin 3,Median Value (nm),delta_time3_vs_time1,20,17,-0.1690726950974396,"[-0.58, 0.31]",0.48897140250121907,0.9224230187144302,False
Immunoglobulin lambda variable 2-8,Median Value (nm),delta_time3_vs_time1,20,17,-0.49145143688614046,"[-0.77, -0.05]",0.0326011454264025,0.7990209843716011,False
Immunoglobulin heavy variable 1-18,Median Value (nm),delta_time3_vs_time1,20,17,0.06252359290370113,"[-0.40, 0.50]",0.7992790501428788,0.986431991854413,False
Immunoglobulin kappa variable 3D-15,Median Value (nm),delta_time3_vs_time1,20,17,-0.32028149219465274,"[-0.68, 0.16]",0.1812767147245952,0.7998908455284411,False
Extracellular matrix protein 1,Median Value (nm),delta_time3_vs_time1,20,17,0.33544403811827045,"[-0.14, 0.69]",0.1603270639111496,0.7990209843716011,False
Tubulin alpha-1B chain,Median Value (nm),delta_time3_vs_time1,20,17,0.07436488951074059,"[-0.39, 0.51]",0.7622237572799335,0.986431991854413,False
Immunoglobulin lambda variable 5-45,Median Value (nm),delta_time3_vs_time1,20,17,0.036727627436275334,"[-0.42, 0.48]",0.8813381281873214,0.986431991854413,False
Alpha-2-HS-glycoprotein,Median Value (nm),delta_time3_vs_time1,20,17,0.25231838908971765,"[-0.23, 0.63]",0.2973431570487114,0.8794381522828044,False
Cartilage acidic protein 1,Median Value (nm),delta_time3_vs_time1,20,17,0.06615258217209374,"[-0.40, 0.51]",0.7878751617784325,0.986431991854413,False
Coagulation factor IX,Median Value (nm),delta_time3_vs_time1,20,17,0.4534000243220196,"[-0.00, 0.75]",0.051218165171803526,0.7990209843716011,False
Integrin alpha-2,Median Value (nm),delta_time3_vs_time1,20,17,0.06524865973355375,"[-0.40, 0.50]",0.7907119182644436,0.986431991854413,False
"Mannosyl-oligosaccharide 1,2-alpha-mannosidase IA",Median Value (nm),delta_time3_vs_time1,20,17,0.4043845342104098,"[-0.06, 0.73]",0.08593447264499747,0.7990209843716011,False
Endophilin-A3,Median Value (nm),delta_time3_vs_time1,20,17,-0.17264698709589443,"[-0.58, 0.31]",0.4796931579039939,0.9224230187144302,False
Collagen alpha-1(I) chain,Median Value (nm),delta_time3_vs_time1,20,17,0.16659936977653575,"[-0.31, 0.58]",0.4954427171977306,0.9224230187144302,False
Carboxypeptidase N subunit 2,Median Value (nm),delta_time3_vs_time1,20,17,-0.15083855119249603,"[-0.57, 0.33]",0.5376326134291762,0.9373192910608371,False
Scavenger receptor cysteine-rich type 1 protein M130,Median Value (nm),delta_time3_vs_time1,20,17,0.2603426825324369,"[-0.22, 0.64]",0.28171831299474326,0.8638290868378945,False
Annexin A5,Median Value (nm),delta_time3_vs_time1,20,17,-0.160475821707521,"[-0.57, 0.32]",0.511641383714533,0.9283020552158604,False
Platelet factor 4,Median Value (nm),delta_time3_vs_time1,20,17,0.04598537897385991,"[-0.42, 0.49]",0.8517110738896574,0.986431991854413,False
Immunoglobulin heavy variable 3-72,Median Value (nm),delta_time3_vs_time1,20,17,-0.6621228117468093,"[-0.86, -0.30]",0.002012314218826801,0.7990209843716011,False
Protein HEG homolog 1,Median Value (nm),delta_time3_vs_time1,20,17,0.11789949260604177,"[-0.36, 0.54]",0.6307258459659939,0.9603557517202558,False
Sulfhydryl oxidase 1,Median Value (nm),delta_time3_vs_time1,20,17,0.22244900260432568,"[-0.26, 0.61]",0.3600087193083106,0.9029774864553766,False
Corticosteroid-binding globulin,Median Value (nm),delta_time3_vs_time1,20,17,0.2801810608181945,"[-0.20, 0.65]",0.24530646463693237,0.8471249912128732,False
Angiopoietin-related protein 6,Median Value (nm),delta_time3_vs_time1,20,17,-0.14184145550719257,"[-0.56, 0.33]",0.5624271285527775,0.9414294875902138,False
72 kDa type IV collagenase,Median Value (nm),delta_time3_vs_time1,20,17,0.19528979129283003,"[-0.28, 0.60]",0.42300576955505687,0.9149023054699762,False
Trypsin-3,Median Value (nm),delta_time3_vs_time1,20,17,-0.3854465202654096,"[-0.71, 0.08]",0.10315343405357484,0.7990209843716011,False
Complement component C9,Median Value (nm),delta_time3_vs_time1,20,17,0.32882778490094705,"[-0.15, 0.68]",0.16925346723153567,0.7990209843716011,False
Pyruvate kinase PKM,Median Value (nm),delta_time3_vs_time1,20,17,-0.07824854116317131,"[-0.51, 0.39]",0.7501734882609765,0.986431991854413,False
Immunoglobulin heavy variable 4-34,Median Value (nm),delta_time3_vs_time1,20,17,-0.3782896182160813,"[-0.71, 0.09]",0.11026777422238959,0.7990209843716011,False
Immunoglobulin kappa variable 6D-21,Median Value (nm),delta_time3_vs_time1,20,17,-0.16877291200039535,"[-0.58, 0.31]",0.4897535571144833,0.9224230187144302,False
Immunoglobulin lambda-1 light chain,Median Value (nm),delta_time3_vs_time1,20,17,0.1132743229892152,"[-0.36, 0.54]",0.6442806614499677,0.9603557517202558,False
Transforming growth factor-beta-induced protein ig-h3,Median Value (nm),delta_time3_vs_time1,20,17,0.055401560972302186,"[-0.41, 0.50]",0.8217710742100157,0.986431991854413,False
Complement C1q subcomponent subunit A,Median Value (nm),delta_time3_vs_time1,20,17,-0.2337674073045959,"[-0.62, 0.25]",0.3354331182329461,0.9029774864553766,False
Prolow-density lipoprotein receptor-related protein 1,Median Value (nm),delta_time3_vs_time1,20,17,-0.4245418512814529,"[-0.74, 0.04]",0.0700294652540976,0.7990209843716011,False
Immunoglobulin heavy constant mu,Median Value (nm),delta_time3_vs_time1,20,17,-0.3358518698681629,"[-0.69, 0.14]",0.15978762822585799,0.7990209843716011,False
UV-stimulated scaffold protein A,Median Value (nm),delta_time3_vs_time1,20,17,0.3425628324458627,"[-0.13, 0.69]",0.15108954487365409,0.7990209843716011,False
Complement component C6,Median Value (nm),delta_time3_vs_time1,20,17,0.05814282157157987,"[-0.41, 0.50]",0.8130971691145421,0.986431991854413,False
Angiotensinogen,Median Value (nm),delta_time3_vs_time1,20,17,0.3256614816294056,"[-0.15, 0.68]",0.17364278311696646,0.7990209843716011,False
Pregnancy zone protein,Median Value (nm),delta_time3_vs_time1,20,17,0.11824249505014583,"[-0.36, 0.54]",0.6297250368574976,0.9603557517202558,False
Histone H2A type 1-B/E;Histone H2A type 3;Histone H2A type 1-C,Median Value (nm),delta_time3_vs_time1,20,17,0.13434074794726514,"[-0.34, 0.55]",0.5834726672895418,0.9414294875902138,False
Desmocollin-1,Median Value (nm),delta_time3_vs_time1,20,17,0.07380453618738947,"[-0.39, 0.51]",0.7639668352079256,0.986431991854413,False
Protein Z-dependent protease inhibitor,Median Value (nm),delta_time3_vs_time1,20,17,0.38715459633291543,"[-0.08, 0.72]",0.10150569530974249,0.7990209843716011,False
Immunoglobulin kappa variable 1-17,Median Value (nm),delta_time3_vs_time1,20,17,-0.08875954892688218,"[-0.52, 0.38]",0.7178434221155252,0.9759380347236947,False
Fibronectin,Median Value (nm),delta_time3_vs_time1,20,17,0.008036805333352121,"[-0.45, 0.46]",0.9739507735638178,0.9942380848352581,False
Probable non-functional immunoglobulin heavy variable 3-38,Median Value (nm),delta_time3_vs_time1,20,17,-0.027935727094300745,"[-0.48, 0.43]",0.909615359436196,0.9881825993475701,False
Nucleoside diphosphate kinase 3,Median Value (nm),delta_time3_vs_time1,20,17,0.28553155558167154,"[-0.19, 0.65]",0.23602624985332687,0.83164479806808,False
Plasma protease C1 inhibitor,Median Value (nm),delta_time3_vs_time1,20,17,0.43901049133436193,"[-0.02, 0.74]",0.060045416624311836,0.7990209843716011,False
Immunoglobulin kappa variable 1-16,Median Value (nm),delta_time3_vs_time1,20,17,-0.2260346022646337,"[-0.62, 0.25]",0.3521147761316844,0.9029774864553766,False
F-actin-capping protein subunit alpha-1,Median Value (nm),delta_time3_vs_time1,20,17,-0.07876292361096526,"[-0.51, 0.39]",0.7485815332189758,0.986431991854413,False
Cathepsin D,Median Value (nm),delta_time3_vs_time1,20,17,-0.20752254412908996,"[-0.60, 0.27]",0.39393843507500204,0.908148715266278,False
Anthrax toxin receptor 2,Median Value (nm),delta_time3_vs_time1,20,17,0.15533427750571532,"[-0.32, 0.57]",0.525433320262249,0.9354607701894984,False
Talin-1,Median Value (nm),delta_time3_vs_time1,20,17,0.0453400024322023,"[-0.42, 0.49]",0.8537707357962419,0.986431991854413,False
Protein disulfide-isomerase,Median Value (nm),delta_time3_vs_time1,20,17,-0.12423561577806896,"[-0.55, 0.35]",0.6123392726039045,0.9495106715392508,False
Junction plakoglobin,Median Value (nm),delta_time3_vs_time1,20,17,0.02613420020842541,"[-0.43, 0.47]",0.915423536562707,0.9881825993475701,False
Tenascin,Median Value (nm),delta_time3_vs_time1,20,17,0.06898257911127259,"[-0.40, 0.51]",0.7790105242470268,0.986431991854413,False
Cadherin-related family member 5,Median Value (nm),delta_time3_vs_time1,20,17,-0.20766959214689465,"[-0.60, 0.27]",0.39359586216268394,0.908148715266278,False
Kininogen-1,Median Value (nm),delta_time3_vs_time1,20,17,0.33526405722019537,"[-0.14, 0.69]",0.1605655202454182,0.7990209843716011,False
Alpha-1-antichymotrypsin,Median Value (nm),delta_time3_vs_time1,20,17,0.30113951917957565,"[-0.18, 0.66]",0.21025844564881727,0.8217152190523659,False
Integrin alpha-IIb,Median Value (nm),delta_time3_vs_time1,20,17,-0.18161643291882987,"[-0.59, 0.30]",0.4568003291426812,0.9224230187144302,False
Serum amyloid P-component,Median Value (nm),delta_time3_vs_time1,20,17,-0.1966120276972613,"[-0.60, 0.28]",0.4198101154326105,0.9149023054699762,False
Inter-alpha-trypsin inhibitor heavy chain H1,Median Value (nm),delta_time3_vs_time1,20,17,0.18036951861341163,"[-0.30, 0.59]",0.45994901931002485,0.9224230187144302,False
Probable non-functional immunoglobulin heavy variable 3-35,Median Value (nm),delta_time3_vs_time1,20,17,-0.25316661585093386,"[-0.63, 0.23]",0.2956671179186585,0.8776823328473645,False
Immunoglobulin kappa variable 1-5,Median Value (nm),delta_time3_vs_time1,20,17,-0.031166791819229153,"[-0.48, 0.43]",0.8992094828038011,0.986431991854413,False
Band 3 anion transport protein,Median Value (nm),delta_time3_vs_time1,20,17,0.294974666419415,"[-0.18, 0.66]",0.22020503362446303,0.8259920006894336,False
Immunoglobulin lambda variable 7-43,Median Value (nm),delta_time3_vs_time1,20,17,-0.40849219491267924,"[-0.73, 0.06]",0.08249664855274522,0.7990209843716011,False
Peroxiredoxin-1,Median Value (nm),delta_time3_vs_time1,20,17,0.0235096308907714,"[-0.44, 0.47]",0.9238924993380295,0.989816576333194,False
Matrix metalloproteinase-9,Median Value (nm),delta_time3_vs_time1,20,17,0.16434665117782238,"[-0.31, 0.58]",0.5013727501982455,0.9275395878667541,False
Multimerin-2,Median Value (nm),delta_time3_vs_time1,20,17,0.5049972601142642,"[0.07, 0.78]",0.02743158972853852,0.7990209843716011,False
Immunoglobulin heavy variable 1-3,Median Value (nm),delta_time3_vs_time1,20,17,-0.12393864304705775,"[-0.55, 0.35]",0.6131962210262993,0.9495106715392508,False
Podocalyxin,Median Value (nm),delta_time3_vs_time1,20,17,-0.3073793672450144,"[-0.67, 0.17]",0.20049632551359725,0.8145654636552422,False
Immunoglobulin lambda variable 1-51,Median Value (nm),delta_time3_vs_time1,20,17,-0.374404793228673,"[-0.71, 0.10]",0.11427358116784075,0.7990209843716011,False
Cadherin-13,Median Value (nm),delta_time3_vs_time1,20,17,-0.13892042256139667,"[-0.56, 0.34]",0.5705832956699983,0.9414294875902138,False
Plastin-2,Median Value (nm),delta_time3_vs_time1,20,17,0.08265908346880294,"[-0.39, 0.52]",0.7365553796813327,0.98225487544268,False
Inter-alpha-trypsin inhibitor heavy chain H4,Median Value (nm),delta_time3_vs_time1,20,17,0.47311914733009497,"[0.02, 0.76]",0.04076724727416774,0.7990209843716011,False
Fructose-bisphosphate aldolase B,Median Value (nm),delta_time3_vs_time1,20,17,0.04648188114120228,"[-0.42, 0.49]",0.8501271558807997,0.986431991854413,False
Mannan-binding lectin serine protease 2,Median Value (nm),delta_time3_vs_time1,20,17,-0.3155663325235172,"[-0.67, 0.16]",0.18815063872214424,0.8041153468550455,False
Platelet glycoprotein 4,Median Value (nm),delta_time3_vs_time1,20,17,-0.49156809136058777,"[-0.77, -0.05]",0.03255361208834518,0.7990209843716011,False
Hemoglobin subunit alpha,Median Value (nm),delta_time3_vs_time1,20,17,0.2151632558756667,"[-0.26, 0.61]",0.376356216123109,0.9030094064303772,False
Immunoglobulin lambda variable 3-10,Median Value (nm),delta_time3_vs_time1,20,17,0.19471785889326426,"[-0.28, 0.60]",0.424392044910905,0.9149023054699762,False
Serum paraoxonase/lactonase 3,Median Value (nm),delta_time3_vs_time1,20,17,-0.050344143550762326,"[-0.49, 0.41]",0.8378251457952757,0.986431991854413,False
Dopamine beta-hydroxylase,Median Value (nm),delta_time3_vs_time1,20,17,-0.1555451594806622,"[-0.57, 0.32]",0.5248642635485526,0.9354607701894984,False
Triosephosphate isomerase,Median Value (nm),delta_time3_vs_time1,20,17,-0.2894599562367226,"[-0.66, 0.19]",0.22935822013808604,0.8273299512360355,False
Endoplasmic reticulum chaperone BiP,Median Value (nm),delta_time3_vs_time1,20,17,0.11658494580689273,"[-0.36, 0.54]",0.6345671074069189,0.9603557517202558,False
Suprabasin,Median Value (nm),delta_time3_vs_time1,20,17,-0.3458900244555552,"[-0.69, 0.13]",0.14690103573478616,0.7990209843716011,False
Immunoglobulin kappa variable 3-20,Median Value (nm),delta_time3_vs_time1,20,17,-0.10243482030978958,"[-0.53, 0.37]",0.6764655194939596,0.9655217748583295,False
Ficolin-1,Median Value (nm),delta_time3_vs_time1,20,17,0.11153068515052489,"[-0.36, 0.54]",0.6494189949819164,0.9603557517202558,False
Autotaxin,Median Value (nm),delta_time3_vs_time1,20,17,0.11422629083392051,"[-0.36, 0.54]",0.6414817891244307,0.9603557517202558,False
Histidine ammonia-lyase,Median Value (nm),delta_time3_vs_time1,20,17,-0.38023733896184875,"[-0.71, 0.09]",0.10829776330879129,0.7990209843716011,False
Noelin,Median Value (nm),delta_time3_vs_time1,20,17,-0.16259100403549603,"[-0.57, 0.31]",0.5060178472808127,0.9283020552158604,False
Prenylcysteine oxidase 1,Median Value (nm),delta_time3_vs_time1,20,17,0.22373527172189828,"[-0.26, 0.62]",0.35716538201290327,0.9029774864553766,False
Immunoglobulin delta heavy chain,Median Value (nm),delta_time3_vs_time1,20,17,-0.13769926664594653,"[-0.56, 0.34]",0.5740081293796513,0.9414294875902138,False
Antithrombin-III,Median Value (nm),delta_time3_vs_time1,20,17,0.1671070540094847,"[-0.31, 0.58]",0.4941110114775302,0.9224230187144302,False
Complement component C7,Median Value (nm),delta_time3_vs_time1,20,17,0.07111402583500091,"[-0.40, 0.51]",0.7723511544370265,0.986431991854413,False
BOS complex subunit NOMO3;BOS complex subunit NOMO1;BOS complex subunit NOMO2,Median Value (nm),delta_time3_vs_time1,20,17,-0.5008760635174955,"[-0.78, -0.06]",0.02893116721046349,0.7990209843716011,False
Cofilin-1,Median Value (nm),delta_time3_vs_time1,20,17,-0.3056252015800285,"[-0.67, 0.17]",0.2032097422249779,0.8158145059622299,False
Histone H4,Median Value (nm),delta_time3_vs_time1,20,17,0.10117201433541576,"[-0.37, 0.53]",0.6802515499865573,0.9655217748583295,False
Serum amyloid A-1 protein,Median Value (nm),delta_time3_vs_time1,20,17,0.09910475954695562,"[-0.37, 0.53]",0.6864652077489057,0.9681914766355224,False
Transferrin receptor protein 1,Median Value (nm),delta_time3_vs_time1,20,17,0.2993982771663983,"[-0.18, 0.66]",0.21303734967973598,0.8217152190523659,False
Serpin B12,Median Value (nm),delta_time3_vs_time1,20,17,-0.20593452323076403,"[-0.60, 0.27]",0.39764842759004027,0.91321416536035,False
Immunoglobulin kappa variable 3D-20,Median Value (nm),delta_time3_vs_time1,20,17,-0.013594026219025593,"[-0.46, 0.44]",0.9559517159680373,0.9942380848352581,False
Probable non-functional immunoglobulin heavy variable 3-16,Median Value (nm),delta_time3_vs_time1,20,17,-0.5388008242234847,"[-0.80, -0.11]",0.01729996479404067,0.7990209843716011,False
Immunoglobulin lambda variable 6-57,Median Value (nm),delta_time3_vs_time1,20,17,0.0033201343672286214,"[-0.45, 0.46]",0.9892372017726543,0.9969108795458534,False
Fibrinogen alpha chain,Median Value (nm),delta_time3_vs_time1,20,17,0.200871180535209,"[-0.28, 0.60]",0.40960451330073244,0.9149023054699762,False
Galectin-3-binding protein,Median Value (nm),delta_time3_vs_time1,20,17,-0.17487965654475354,"[-0.58, 0.30]",0.47394216753353213,0.9224230187144302,False
Macrophage colony-stimulating factor 1 receptor,Median Value (nm),delta_time3_vs_time1,20,17,0.09468314962929726,"[-0.38, 0.53]",0.6998198629101489,0.9683709539856988,False
Phosphatidylinositol-glycan-specific phospholipase D,Median Value (nm),delta_time3_vs_time1,20,17,0.4512141223431951,"[-0.00, 0.75]",0.052491324910787215,0.7990209843716011,False
Serotransferrin,Median Value (nm),delta_time3_vs_time1,20,17,0.2196726791116257,"[-0.26, 0.61]",0.3661896966692023,0.9029774864553766,False
Integrin alpha-11,Median Value (nm),delta_time3_vs_time1,20,17,-0.21688264978719846,"[-0.61, 0.26]",0.37246132800029186,0.9029774864553766,False
Proprotein convertase subtilisin/kexin type 9,Median Value (nm),delta_time3_vs_time1,20,17,-0.1553782364448084,"[-0.57, 0.32]",0.525314675141378,0.9354607701894984,False
Gelsolin,Median Value (nm),delta_time3_vs_time1,20,17,0.19815260322221584,"[-0.28, 0.60]",0.41610308701784005,0.9149023054699762,False
Proteoglycan 4,Median Value (nm),delta_time3_vs_time1,20,17,-0.03691506794604001,"[-0.48, 0.42]",0.8807366418093675,0.986431991854413,False
Vascular cell adhesion protein 1,Median Value (nm),delta_time3_vs_time1,20,17,0.4710661654462844,"[0.02, 0.76]",0.04177155548242296,0.7990209843716011,False
Adhesion G protein-coupled receptor F5,Median Value (nm),delta_time3_vs_time1,20,17,-0.043986014670648624,"[-0.49, 0.42]",0.8580947970959517,0.986431991854413,False
Insulin-like growth factor-binding protein 3,Median Value (nm),delta_time3_vs_time1,20,17,0.006318795414187187,"[-0.45, 0.46]",0.9795179957551289,0.9942380848352581,False
Transthyretin,Median Value (nm),delta_time3_vs_time1,20,17,0.22745126795735374,"[-0.25, 0.62]",0.349023557801005,0.9029774864553766,False
Coiled-coil domain-containing protein 126,Median Value (nm),delta_time3_vs_time1,20,17,0.3188911658405214,"[-0.16, 0.68]",0.18328571423302653,0.8011983120059726,False
Guanine nucleotide-binding protein G(i) subunit alpha-2,Median Value (nm),delta_time3_vs_time1,20,17,0.09726948622201208,"[-0.37, 0.53]",0.6919977825916788,0.9681914766355224,False
Apolipoprotein C-I,Median Value (nm),delta_time3_vs_time1,20,17,0.2620554633385712,"[-0.22, 0.64]",0.278450055149553,0.8638290868378945,False
Syntenin-1,Median Value (nm),delta_time3_vs_time1,20,17,-0.27371927394255285,"[-0.65, 0.21]",0.2568198081509678,0.8487477293020979,False
Phospholipid transfer protein,Median Value (nm),delta_time3_vs_time1,20,17,0.043660743082860935,"[-0.42, 0.49]",0.8591341574864346,0.986431991854413,False
Laminin subunit beta-1,Median Value (nm),delta_time3_vs_time1,20,17,0.15685984510643292,"[-0.32, 0.57]",0.5213231151062399,0.9354607701894984,False
Proline-rich protein 4,Median Value (nm),delta_time3_vs_time1,20,17,-0.09240152510204125,"[-0.52, 0.38]",0.7067445135769744,0.9683709539856988,False
Immunoglobulin kappa variable 2-28;Immunoglobulin kappa variable 2D-28,Median Value (nm),delta_time3_vs_time1,20,17,0.1822753789760971,"[-0.30, 0.59]",0.4551408244825357,0.9224230187144302,False
Complement C3,Median Value (nm),delta_time3_vs_time1,20,17,0.34353860341932846,"[-0.13, 0.69]",0.1498527105346432,0.7990209843716011,False
Thyroxine-binding globulin,Median Value (nm),delta_time3_vs_time1,20,17,0.21796118524609648,"[-0.26, 0.61]",0.3700297859060432,0.9029774864553766,False
Immunoglobulin kappa variable 1D-13;Immunoglobulin kappa variable 1-13,Median Value (nm),delta_time3_vs_time1,20,17,-0.08416621001904401,"[-0.52, 0.38]",0.7319188945162609,0.9808627169636652,False
Complement factor H-related protein 5,Median Value (nm),delta_time3_vs_time1,20,17,0.02250369246027572,"[-0.44, 0.47]",0.9271405897969622,0.9917310674835486,False
Immunoglobulin lambda variable 2-23,Median Value (nm),delta_time3_vs_time1,20,17,0.005961806473116436,"[-0.45, 0.46]",0.9806749426501977,0.9942380848352581,False
Coagulation factor VII,Median Value (nm),delta_time3_vs_time1,20,17,0.3772293331336035,"[-0.09, 0.71]",0.11135093346510183,0.7990209843716011,False
Immunoglobulin heavy constant gamma 4,Median Value (nm),delta_time3_vs_time1,20,17,0.005630595002387719,"[-0.45, 0.46]",0.981748381762118,0.9942380848352581,False
L-lactate dehydrogenase B chain,Median Value (nm),delta_time3_vs_time1,20,17,0.050344143550762326,"[-0.41, 0.49]",0.8378251457952757,0.986431991854413,False
Zinc-alpha-2-glycoprotein,Median Value (nm),delta_time3_vs_time1,20,17,0.33144889901882657,"[-0.14, 0.68]",0.16567758534537788,0.7990209843716011,False
"Dihydrolipoyllysine-residue succinyltransferase component of 2-oxoglutarate dehydrogenase complex, mitochondrial",Median Value (nm),delta_time3_vs_time1,20,17,-0.08249624553453926,"[-0.52, 0.39]",0.7370568553579376,0.98225487544268,False
Serpin B3,Median Value (nm),delta_time3_vs_time1,20,17,-0.19004020067944358,"[-0.59, 0.29]",0.435820072518047,0.9156649363592549,False
Immunoglobulin heavy variable 3-33,Median Value (nm),delta_time3_vs_time1,20,17,0.014541166628994929,"[-0.44, 0.47]",0.9528858654678076,0.9942380848352581,False
Follistatin-related protein 1,Median Value (nm),delta_time3_vs_time1,20,17,0.03518789165639418,"[-0.43, 0.48]",0.8862813819786733,0.986431991854413,False
Cholesteryl ester transfer protein,Median Value (nm),delta_time3_vs_time1,20,17,0.2731123516973841,"[-0.21, 0.65]",0.2579183988586061,0.8487477293020979,False
Complement C1q subcomponent subunit C,Median Value (nm),delta_time3_vs_time1,20,17,-0.11304353320487409,"[-0.54, 0.36]",0.6449598969354806,0.9603557517202558,False
Immunoglobulin heavy variable 4-30-2,Median Value (nm),delta_time3_vs_time1,20,17,0.5323252137410383,"[0.10, 0.79]",0.01896371447965344,0.7990209843716011,False
Thrombospondin-4,Median Value (nm),delta_time3_vs_time1,20,17,0.14868089866701487,"[-0.33, 0.56]",0.5435329643510202,0.9414294875902138,False
Transketolase,Median Value (nm),delta_time3_vs_time1,20,17,-0.39836033230130874,"[-0.72, 0.07]",0.09116476198446033,0.7990209843716011,False
Complement receptor type 2,Median Value (nm),delta_time3_vs_time1,20,17,-0.19815260322221584,"[-0.60, 0.28]",0.41610308701784005,0.9149023054699762,False
Immunoglobulin kappa variable 2-40;Immunoglobulin kappa variable 2D-40,Median Value (nm),delta_time3_vs_time1,20,17,0.17098691991228002,"[-0.31, 0.58]",0.48399151558640574,0.9224230187144302,False
Immunoglobulin kappa variable 3D-7,Median Value (nm),delta_time3_vs_time1,20,17,-0.3618946460279327,"[-0.70, 0.11]",0.12787873623800558,0.7990209843716011,False
Immunoglobulin heavy variable 3-64,Median Value (nm),delta_time3_vs_time1,20,17,-0.31294665709210523,"[-0.67, 0.16]",0.19204416968768656,0.8041153468550455,False
Vitronectin,Median Value (nm),delta_time3_vs_time1,20,17,0.288341230760245,"[-0.19, 0.66]",0.23124459565834027,0.8273299512360355,False
Complement component C8 gamma chain,Median Value (nm),delta_time3_vs_time1,20,17,0.19815678385882024,"[-0.28, 0.60]",0.41609305126258656,0.9149023054699762,False
Immunoglobulin heavy variable 5-51,Median Value (nm),delta_time3_vs_time1,20,17,-0.1404233873198587,"[-0.56, 0.34]",0.5663802951012529,0.9414294875902138,False
Coagulation factor V,Median Value (nm),delta_time3_vs_time1,20,17,-0.2998617228169178,"[-0.66, 0.18]",0.21229538230922546,0.8217152190523659,False
Protein S100-A7,Median Value (nm),delta_time3_vs_time1,20,17,-0.33380477149409077,"[-0.68, 0.14]",0.16250791544595033,0.7990209843716011,False
Arginase-1,Median Value (nm),delta_time3_vs_time1,20,17,-0.0337581286597028,"[-0.48, 0.43]",0.8908751798470039,0.986431991854413,False
Protein-glutamine gamma-glutamyltransferase K,Median Value (nm),delta_time3_vs_time1,20,17,-0.08653758154062585,"[-0.52, 0.38]",0.7246416951378669,0.9804518511896781,False
Immunoglobulin kappa variable 4-1,Median Value (nm),delta_time3_vs_time1,20,17,-0.01007555609604504,"[-0.46, 0.45]",0.9673457044381261,0.9942380848352581,False
Coagulation factor XIII B chain,Median Value (nm),delta_time3_vs_time1,20,17,0.34187992763679026,"[-0.13, 0.69]",0.15195934822004786,0.7990209843716011,False
Apolipoprotein C-II,Median Value (nm),delta_time3_vs_time1,20,17,-0.2243038625842004,"[-0.62, 0.26]",0.35591260194806995,0.9029774864553766,False
Bone marrow proteoglycan,Median Value (nm),delta_time3_vs_time1,20,17,0.18558590274590728,"[-0.29, 0.59]",0.44685040450224367,0.9203519265692335,False
Apolipoprotein A-I,Median Value (nm),delta_time3_vs_time1,20,17,0.2732513813339738,"[-0.21, 0.65]",0.25766648017194327,0.8487477293020979,False
Coagulation factor X,Median Value (nm),delta_time3_vs_time1,20,17,0.2737192739425528,"[-0.21, 0.65]",0.25681980815096783,0.8487477293020979,False
Thioredoxin,Median Value (nm),delta_time3_vs_time1,20,17,-0.319631202334227,"[-0.68, 0.16]",0.18221451693505028,0.7998908455284411,False
Immunoglobulin heavy variable 3-15,Median Value (nm),delta_time3_vs_time1,20,17,-0.498099663676791,"[-0.78, -0.06]",0.02997698141320633,0.7990209843716011,False
Proteasome subunit beta type-2,Median Value (nm),delta_time3_vs_time1,20,17,0.0964844299935713,"[-0.37, 0.53]",0.6943689837260552,0.9681914766355224,False
Apolipoprotein A-II,Median Value (nm),delta_time3_vs_time1,20,17,0.15175802150312304,"[-0.32, 0.57]",0.5351271326013657,0.9373192910608371,False
Immunoglobulin heavy constant gamma 2,Median Value (nm),delta_time3_vs_time1,20,17,0.1281231038224038,"[-0.35, 0.55]",0.601166235304119,0.9460517531187597,False
Plakophilin-1,Median Value (nm),delta_time3_vs_time1,20,17,0.10754571280211174,"[-0.36, 0.54]",0.6612190705528898,0.9603557517202558,False
Fetuin-B,Median Value (nm),delta_time3_vs_time1,20,17,0.2277998472158824,"[-0.25, 0.62]",0.34826535277591286,0.9029774864553766,False
Complement factor H-related protein 3,Median Value (nm),delta_time3_vs_time1,20,17,0.1578633265008425,"[-0.32, 0.57]",0.5186277473801246,0.9354607701894984,False
Plasminogen,Median Value (nm),delta_time3_vs_time1,20,17,0.1790170641770687,"[-0.30, 0.59]",0.46337665105605597,0.9224230187144302,False
Fermitin family homolog 3,Median Value (nm),delta_time3_vs_time1,20,17,-0.02550328324610989,"[-0.47, 0.43]",0.9174586170944062,0.9890604862745108,False
Immunoglobulin heavy variable 3-21,Median Value (nm),delta_time3_vs_time1,20,17,-0.2561457305369946,"[-0.64, 0.22]",0.289826229967551,0.8716534523666523,False
Immunoglobulin heavy variable 2-26,Median Value (nm),delta_time3_vs_time1,20,17,0.07684106120905826,"[-0.39, 0.51]",0.7545344057226536,0.986431991854413,False
Immunoglobulin kappa variable 1-12;Immunoglobulin kappa variable 1D-12,Median Value (nm),delta_time3_vs_time1,20,17,-0.15315133337188622,"[-0.57, 0.32]",0.5313406988013556,0.9354607701894984,False
Immunoglobulin heavy constant gamma 3,Median Value (nm),delta_time3_vs_time1,20,17,0.16339631149575026,"[-0.31, 0.57]",0.5038846116647986,0.9283020552158604,False
Immunoglobulin kappa variable 2D-29,Median Value (nm),delta_time3_vs_time1,20,17,-0.06382663991630225,"[-0.50, 0.40]",0.795179697196406,0.986431991854413,False
Neogenin,Median Value (nm),delta_time3_vs_time1,20,17,-0.2608821170342568,"[-0.64, 0.22]",0.28068644710774343,0.8638290868378945,False
Immunoglobulin heavy variable 6-1,Median Value (nm),delta_time3_vs_time1,20,17,-0.10787970569901248,"[-0.54, 0.36]",0.6602270799580024,0.9603557517202558,False
L-selectin,Median Value (nm),delta_time3_vs_time1,20,17,-0.02778826351275614,"[-0.48, 0.43]",0.9100906254461497,0.9881825993475701,False
Immunoglobulin lambda constant 3,Median Value (nm),delta_time3_vs_time1,20,17,-0.05622969484627974,"[-0.50, 0.41]",0.8191485555877367,0.986431991854413,False
A disintegrin and metalloproteinase with thrombospondin motifs 13,Median Value (nm),delta_time3_vs_time1,20,17,0.03605858003440973,"[-0.43, 0.48]",0.8834855698777333,0.986431991854413,False
von Willebrand factor,Median Value (nm),delta_time3_vs_time1,20,17,0.0006624229414574522,"[-0.45, 0.45]",0.9978525829594899,0.9997826653249821,False
Neutral alpha-glucosidase AB,Median Value (nm),delta_time3_vs_time1,20,17,0.38357212491321857,"[-0.09, 0.71]",0.10498374272698699,0.7990209843716011,False
Carbonic anhydrase 1,Median Value (nm),delta_time3_vs_time1,20,17,0.39313372755647624,"[-0.07, 0.72]",0.09588762003850197,0.7990209843716011,False
Immunoglobulin lambda variable 4-60,Median Value (nm),delta_time3_vs_time1,20,17,-0.22092975550484908,"[-0.61, 0.26]",0.36338363455188094,0.9029774864553766,False
Integrin beta-1,Median Value (nm),delta_time3_vs_time1,20,17,-0.37640999480739135,"[-0.71, 0.09]",0.11219315439481777,0.7990209843716011,False
Immunoglobulin lambda variable 3-12,Median Value (nm),delta_time3_vs_time1,20,17,0.020426880222270398,"[-0.44, 0.47]",0.9338498779458958,0.9926676724345245,False
Alpha-amylase 1B;Alpha-amylase 1C;Alpha-amylase 1A,Median Value (nm),delta_time3_vs_time1,20,17,-0.249010077542155,"[-0.63, 0.23]",0.3039351455950308,0.8845058682494031,False
Lumican,Median Value (nm),delta_time3_vs_time1,20,17,0.1888940293545684,"[-0.29, 0.59]",0.43864465297959576,0.9156649363592549,False
Beta-Ala-His dipeptidase,Median Value (nm),delta_time3_vs_time1,20,17,0.22608706640974782,"[-0.25, 0.62]",0.3520000174792658,0.9029774864553766,False
Immunoglobulin alpha-2 heavy chain,Median Value (nm),delta_time3_vs_time1,20,17,-0.3553899080918943,"[-0.70, 0.12]",0.13538742876303547,0.7990209843716011,False
Complement C5,Median Value (nm),delta_time3_vs_time1,20,17,0.1975479948501098,"[-0.28, 0.60]",0.41755583540334484,0.9149023054699762,False
Protein S100-A8,Median Value (nm),delta_time3_vs_time1,20,17,-0.18756845334744682,"[-0.59, 0.29]",0.44192323183361726,0.9156649363592549,False
Immunoglobulin lambda variable 3-25,Median Value (nm),delta_time3_vs_time1,20,17,-0.3780663049383869,"[-0.71, 0.09]",0.11049527435453542,0.7990209843716011,False
Leukocyte immunoglobulin-like receptor subfamily B member 3;Leukocyte immunoglobulin-like receptor subfamily A member 6,Median Value (nm),delta_time3_vs_time1,20,17,0.4958235716808629,"[0.05, 0.78]",0.03085613717456802,0.7990209843716011,False
Collagen alpha-3(VI) chain,Median Value (nm),delta_time3_vs_time1,20,17,-0.19861767915605683,"[-0.60, 0.28]",0.41498745324728736,0.9149023054699762,False
Immunoglobulin kappa variable 1-39;Immunoglobulin kappa variable 1D-39,Median Value (nm),delta_time3_vs_time1,20,17,0.36421753056832534,"[-0.11, 0.70]",0.12527004514484336,0.7990209843716011,False
Bleomycin hydrolase,Median Value (nm),delta_time3_vs_time1,20,17,-0.02881539795339676,"[-0.48, 0.43]",0.9067808504860896,0.9878285605715971,False
CD166 antigen,Median Value (nm),delta_time3_vs_time1,20,17,-0.15263475388374265,"[-0.57, 0.32]",0.5327431027140965,0.9354607701894984,False
Beta-2-microglobulin,Median Value (nm),delta_time3_vs_time1,20,17,-0.24813636466724792,"[-0.63, 0.23]",0.3056906638191628,0.8871023185340412,False
Amino acid transporter heavy chain SLC3A2,Median Value (nm),delta_time3_vs_time1,20,17,-0.07808099353641124,"[-0.51, 0.39]",0.7506922382131248,0.986431991854413,False
Haptoglobin-related protein,Median Value (nm),delta_time3_vs_time1,20,17,-0.2275943031822198,"[-0.62, 0.25]",0.34871232252797735,0.9029774864553766,False
Alpha-1-acid glycoprotein 1,Median Value (nm),delta_time3_vs_time1,20,17,0.2856730214230337,"[-0.19, 0.65]",0.23578398897871863,0.83164479806808,False
Serum paraoxonase/arylesterase 1,Median Value (nm),delta_time3_vs_time1,20,17,0.1804037134427217,"[-0.30, 0.59]",0.4598625241446811,0.9224230187144302,False
Target of Nesh-SH3,Median Value (nm),delta_time3_vs_time1,20,17,-0.043660743082860935,"[-0.49, 0.42]",0.8591341574864346,0.986431991854413,False
Intercellular adhesion molecule 1,Median Value (nm),delta_time3_vs_time1,20,17,-0.1131890196237096,"[-0.54, 0.36]",0.6445316856690533,0.9603557517202558,False
Complement C4-A,Median Value (nm),delta_time3_vs_time1,20,17,0.33389845241283084,"[-0.14, 0.68]",0.16238273935235403,0.7990209843716011,False
Coagulation factor XIII A chain,Median Value (nm),delta_time3_vs_time1,20,17,0.14142729800115472,"[-0.33, 0.56]",0.5635804282104222,0.9414294875902138,False
Immunoglobulin mu heavy chain,Median Value (nm),delta_time3_vs_time1,20,17,-0.26452237434556714,"[-0.64, 0.22]",0.27378416939916383,0.8638290868378945,False
Oncoprotein-induced transcript 3 protein,Median Value (nm),delta_time3_vs_time1,20,17,-0.014940604652529433,"[-0.47, 0.44]",0.9515930902453311,0.9942380848352581,False
Peroxiredoxin-2,Median Value (nm),delta_time3_vs_time1,20,17,0.007341093299774388,"[-0.45, 0.46]",0.9762051078644121,0.9942380848352581,False
Tissue factor pathway inhibitor,Median Value (nm),delta_time3_vs_time1,20,17,0.13224551816292615,"[-0.34, 0.55]",0.5894104041688324,0.9414294875902138,False
Progranulin,Median Value (nm),delta_time3_vs_time1,20,17,0.4827738402179894,"[0.04, 0.77]",0.0362909766266591,0.7990209843716011,False
Histone H2B type 1-K;Histone H2B type F-S,Median Value (nm),delta_time3_vs_time1,20,17,0.049194803721983774,"[-0.41, 0.49]",0.8414823692757776,0.986431991854413,False
Hemoglobin subunit delta,Median Value (nm),delta_time3_vs_time1,20,17,0.19748664045663614,"[-0.28, 0.60]",0.41770340884667656,0.9149023054699762,False
Glutathione S-transferase P,Median Value (nm),delta_time3_vs_time1,20,17,-0.11939197651016573,"[-0.54, 0.35]",0.6263756003708688,0.9603557517202558,False
Annexin A6,Median Value (nm),delta_time3_vs_time1,20,17,-0.04290129518053305,"[-0.49, 0.42]",0.8615617291728469,0.986431991854413,False
Complement factor H-related protein 1,Median Value (nm),delta_time3_vs_time1,20,17,0.0404993085221473,"[-0.42, 0.49]",0.8692473972481385,0.986431991854413,False
Protein KPLCE,Median Value (nm),delta_time3_vs_time1,20,17,-0.27039599132330616,"[-0.65, 0.21]",0.26287150683490507,0.8525020648855961,False
Immunoglobulin heavy variable 4-4,Median Value (nm),delta_time3_vs_time1,20,17,-0.1467869860864806,"[-0.56, 0.33]",0.5487360846074691,0.9414294875902138,False
Alpha-1B-glycoprotein,Median Value (nm),delta_time3_vs_time1,20,17,0.11091866637931186,"[-0.36, 0.54]",0.6512261697404177,0.9603557517202558,False
Properdin,Median Value (nm),delta_time3_vs_time1,20,17,-0.3391590045457341,"[-0.69, 0.14]",0.15545930489942572,0.7990209843716011,False
Immunoglobulin heavy variable 3-53,Median Value (nm),delta_time3_vs_time1,20,17,-0.31067635954351996,"[-0.67, 0.17]",0.19546165160071155,0.8056497554539437,False
Calmodulin-like protein 5,Median Value (nm),delta_time3_vs_time1,20,17,-0.11107777201781427,"[-0.54, 0.36]",0.6507561814641503,0.9603557517202558,False
Carboxypeptidase B2,Median Value (nm),delta_time3_vs_time1,20,17,-0.08387739917011863,"[-0.52, 0.38]",0.7328067016697652,0.9808627169636652,False
"Sushi, nidogen and EGF-like domain-containing protein 1",Median Value (nm),delta_time3_vs_time1,20,17,-0.18803800095524498,"[-0.59, 0.29]",0.44076043374384244,0.9156649363592549,False
Proteasome subunit alpha type-5,Median Value (nm),delta_time3_vs_time1,20,17,-0.028514298898443747,"[-0.48, 0.43]",0.9077509435791364,0.9878466150714131,False
Bifunctional heparan sulfate N-deacetylase/N-sulfotransferase 4,Median Value (nm),delta_time3_vs_time1,20,17,-0.36154884501389506,"[-0.70, 0.11]",0.128270339198404,0.7990209843716011,False
Immunoglobulin heavy variable 3-9,Median Value (nm),delta_time3_vs_time1,20,17,0.08071828925133914,"[-0.39, 0.52]",0.7425388304703497,0.9849810862577238,False
Neural cell adhesion molecule L1-like protein,Median Value (nm),delta_time3_vs_time1,20,17,0.07748635208102443,"[-0.39, 0.51]",0.752534153505313,0.986431991854413,False
Proteasome subunit alpha type-2,Median Value (nm),delta_time3_vs_time1,20,17,-0.10862610976247303,"[-0.54, 0.36]",0.6580121513508332,0.9603557517202558,False
Intercellular adhesion molecule 3,Median Value (nm),delta_time3_vs_time1,20,17,0.001001978690702899,"[-0.45, 0.46]",0.9967518288695725,0.9997826653249821,False
Receptor-type tyrosine-protein phosphatase eta,Median Value (nm),delta_time3_vs_time1,20,17,0.03350219793460839,"[-0.43, 0.48]",0.8916978352757954,0.986431991854413,False
ADAMTS-like protein 4,Median Value (nm),delta_time3_vs_time1,20,17,0.2233414934623285,"[-0.26, 0.62]",0.35803447281386613,0.9029774864553766,False
Immunoglobulin lambda variable 3-21,Median Value (nm),delta_time3_vs_time1,20,17,-0.3005135374804916,"[-0.66, 0.18]",0.2112547123824035,0.8217152190523659,False
Cartilage oligomeric matrix protein,Median Value (nm),delta_time3_vs_time1,20,17,-0.0029931136172465407,"[-0.46, 0.45]",0.9902972468460782,0.9969108795458534,False
Neural cell adhesion molecule 1,Median Value (nm),delta_time3_vs_time1,20,17,0.12566185212221137,"[-0.35, 0.55]",0.6082304321650367,0.9475589890571098,False
Immunoglobulin lambda variable 2-11,Median Value (nm),delta_time3_vs_time1,20,17,-0.38509381012681687,"[-0.71, 0.08]",0.10349607581327114,0.7990209843716011,False
Immunoglobulin kappa variable 1D-33;Immunoglobulin kappa variable 1-33,Median Value (nm),delta_time3_vs_time1,20,17,-0.04760838653865361,"[-0.49, 0.42]",0.8465354773435363,0.986431991854413,False
Beta-2-glycoprotein 1,Median Value (nm),delta_time3_vs_time1,20,17,0.08174762528379029,"[-0.39, 0.52]",0.7393636125147109,0.9832871663225168,False
Vitamin D-binding protein,Median Value (nm),delta_time3_vs_time1,20,17,0.21749958951991158,"[-0.26, 0.61]",0.3710693476618462,0.9029774864553766,False
Filamin-A,Median Value (nm),delta_time3_vs_time1,20,17,-0.21830371541430568,"[-0.61, 0.26]",0.36925943591230503,0.9029774864553766,False
Reelin,Median Value (nm),delta_time3_vs_time1,20,17,-0.1402645682072451,"[-0.56, 0.34]",0.5668237900128574,0.9414294875902138,False
Immunoglobulin lambda variable 5-39,Median Value (nm),delta_time3_vs_time1,20,17,-0.06897806846078991,"[-0.51, 0.40]",0.7790246328809401,0.986431991854413,False
Fatty acid-binding protein 5,Median Value (nm),delta_time3_vs_time1,20,17,-0.010075556096045114,"[-0.46, 0.45]",0.9673457044381257,0.9942380848352581,False
"HLA class I histocompatibility antigen, A alpha chain",Median Value (nm),delta_time3_vs_time1,20,17,-0.048982382761137436,"[-0.49, 0.41]",0.8421586399091823,0.986431991854413,False
Low affinity immunoglobulin gamma Fc region receptor III-A,Median Value (nm),delta_time3_vs_time1,20,17,0.013850951516512246,"[-0.44, 0.47]",0.9551200001812397,0.9942380848352581,False
Heat shock 70 kDa protein 1A;Heat shock 70 kDa protein 1B,Median Value (nm),delta_time3_vs_time1,20,17,0.14270633296362645,"[-0.33, 0.56]",0.5600220596020202,0.9414294875902138,False
Apolipoprotein D,Median Value (nm),delta_time3_vs_time1,20,17,0.3253498299540104,"[-0.15, 0.68]",0.17407894752167896,0.7990209843716011,False
Plexin-B1,Median Value (nm),delta_time3_vs_time1,20,17,0.06212912289725199,"[-0.40, 0.50]",0.8005210396979123,0.986431991854413,False
Immunoglobulin heavy variable 1-58,Median Value (nm),delta_time3_vs_time1,20,17,0.32641750372978523,"[-0.15, 0.68]",0.1725877942024469,0.7990209843716011,False
Apolipoprotein C-IV,Median Value (nm),delta_time3_vs_time1,20,17,0.041501679590359296,"[-0.42, 0.49]",0.8660386932502637,0.986431991854413,False
Monocyte differentiation antigen CD14,Median Value (nm),delta_time3_vs_time1,20,17,0.36482231170663837,"[-0.11, 0.70]",0.12459707853334727,0.7990209843716011,False
Protein MENT,Median Value (nm),delta_time3_vs_time1,20,17,-0.09269482937973667,"[-0.52, 0.38]",0.7058530960091549,0.9683709539856988,False
Immunoglobulin epsilon heavy chain,Median Value (nm),delta_time3_vs_time1,20,17,-0.13180387280632577,"[-0.55, 0.34]",0.590665219047914,0.9414294875902138,False
Complement factor H,Median Value (nm),delta_time3_vs_time1,20,17,-0.38526265286452843,"[-0.71, 0.08]",0.10333195048558383,0.7990209843716011,False
Stabilin-1,Median Value (nm),delta_time3_vs_time1,20,17,-0.07372033314234763,"[-0.51, 0.39]",0.7642288578240855,0.986431991854413,False
Macrophage receptor MARCO,Median Value (nm),delta_time3_vs_time1,20,17,0.08416621001904401,"[-0.38, 0.52]",0.7319188945162609,0.9808627169636652,False
Protein POF1B,Median Value (nm),delta_time3_vs_time1,20,17,0.05194402078294833,"[-0.41, 0.49]",0.8327396137750683,0.986431991854413,False
Phosphatidylcholine-sterol acyltransferase,Median Value (nm),delta_time3_vs_time1,20,17,0.1329291729665852,"[-0.34, 0.55]",0.587470192033132,0.9414294875902138,False
Clusterin,Median Value (nm),delta_time3_vs_time1,20,17,-0.0006763333315807504,"[-0.45, 0.45]",0.9978074888975181,0.9997826653249821,False
Platelet-activating factor acetylhydrolase,Median Value (nm),delta_time3_vs_time1,20,17,-0.1926054278760222,"[-0.59, 0.29]",0.4295331041161886,0.9156649363592549,False
Vasorin,Median Value (nm),delta_time3_vs_time1,20,17,0.053381420030807425,"[-0.41, 0.50]",0.8281759629389318,0.986431991854413,False
Myeloperoxidase,Median Value (nm),delta_time3_vs_time1,20,17,-0.09097107579611441,"[-0.52, 0.38]",0.7110971903292047,0.9693377489224423,False
Immunoglobulin lambda variable 5-52,Median Value (nm),delta_time3_vs_time1,20,17,0.1693268527286655,"[-0.31, 0.58]",0.4883087671288564,0.9224230187144302,False
Carboxypeptidase N catalytic chain,Median Value (nm),delta_time3_vs_time1,20,17,-0.1890293485481702,"[-0.59, 0.29]",0.4383106809215457,0.9156649363592549,False
Fibrinogen gamma chain,Median Value (nm),delta_time3_vs_time1,20,17,-0.4347557272871662,"[-0.74, 0.02]",0.06286262837394646,0.7990209843716011,False
Soluble scavenger receptor cysteine-rich domain-containing protein SSC5D,Median Value (nm),delta_time3_vs_time1,20,17,-0.19376949949800518,"[-0.60, 0.29]",0.42669602847379307,0.9152320610742228,False
Tetranectin,Median Value (nm),delta_time3_vs_time1,20,17,0.3372241342097715,"[-0.14, 0.69]",0.15798170245839838,0.7990209843716011,False
Apolipoprotein(a),Median Value (nm),delta_time3_vs_time1,20,17,-0.03409464988679937,"[-0.48, 0.43]",0.8897936394781745,0.986431991854413,False
Alpha-2-antiplasmin,Median Value (nm),delta_time3_vs_time1,20,17,0.4730433249433201,"[0.02, 0.76]",0.04080400568078945,0.7990209843716011,False
Retroviral-like aspartic protease 1,Median Value (nm),delta_time3_vs_time1,20,17,-0.14100890819027917,"[-0.56, 0.33]",0.5647465638524571,0.9414294875902138,False
Ficolin-3,Median Value (nm),delta_time3_vs_time1,20,17,-0.42958127753512315,"[-0.74, 0.03]",0.06642111554376981,0.7990209843716011,False
Immunoglobulin kappa variable 2-24,Median Value (nm),delta_time3_vs_time1,20,17,-0.4473540211806988,"[-0.75, 0.01]",0.05479807455390622,0.7990209843716011,False
Immunoglobulin superfamily containing leucine-rich repeat protein,Median Value (nm),delta_time3_vs_time1,20,17,0.4710661654462844,"[0.02, 0.76]",0.04177155548242296,0.7990209843716011,False
Complement factor D,Median Value (nm),delta_time3_vs_time1,20,17,-0.04002833196480341,"[-0.49, 0.42]",0.8707557257846227,0.986431991854413,False
Vitamin K-dependent protein Z,Median Value (nm),delta_time3_vs_time1,20,17,0.1269145508891863,"[-0.35, 0.55]",0.6046307775866646,0.9460517531187597,False
EGF-containing fibulin-like extracellular matrix protein 1,Median Value (nm),delta_time3_vs_time1,20,17,0.26028519914782616,"[-0.22, 0.64]",0.2818284086401625,0.8638290868378945,False
Dipeptidase 2,Median Value (nm),delta_time3_vs_time1,20,17,0.33352995102380023,"[-0.14, 0.68]",0.16287551093318003,0.7990209843716011,False
Myeloblastin,Median Value (nm),delta_time3_vs_time1,20,17,-0.10961797159260506,"[-0.54, 0.36]",0.6550730532445952,0.9603557517202558,False
Neurogenic locus notch homolog protein 1,Median Value (nm),delta_time3_vs_time1,20,17,0.4455007732726753,"[-0.01, 0.75]",0.055932436981438696,0.7990209843716011,False
Vitamin K-dependent protein S,Median Value (nm),delta_time3_vs_time1,20,17,-0.2697033444860324,"[-0.64, 0.21]",0.2641439795639733,0.8525020648855961,False
Dermcidin,Median Value (nm),delta_time3_vs_time1,20,17,-0.04598537897385991,"[-0.49, 0.42]",0.8517110738896574,0.986431991854413,False
Immunoglobulin heavy variable 3-73,Median Value (nm),delta_time3_vs_time1,20,17,-0.3642054990564599,"[-0.70, 0.11]",0.12528345918117403,0.7990209843716011,False
Alpha-2-macroglobulin,Median Value (nm),delta_time3_vs_time1,20,17,-0.3741491194396089,"[-0.71, 0.10]",0.11454081463038267,0.7990209843716011,False
Cation-independent mannose-6-phosphate receptor,Median Value (nm),delta_time3_vs_time1,20,17,-0.09531706915680789,"[-0.53, 0.38]",0.6978999315194041,0.9683709539856988,False
Chromodomain-helicase-DNA-binding protein 1;Chromodomain-helicase-DNA-binding protein 2;Chromodomain-helicase-DNA-binding protein 9;Chromodomain-helicase-DNA-binding protein 6;Chromodomain-helicase-DNA-binding protein 8;Chromodomain-helicase-DNA-binding protein 7,Median Value (nm),delta_time3_vs_time1,20,17,-0.017313516449880894,"[-0.47, 0.44]",0.9439156874439287,0.9942380848352581,False
Ceruloplasmin,Median Value (nm),delta_time3_vs_time1,20,17,0.10619062829326166,"[-0.37, 0.53]",0.665249334164339,0.9603557517202558,False
Prostaglandin-H2 D-isomerase,Median Value (nm),delta_time3_vs_time1,20,17,0.34187992763679026,"[-0.13, 0.69]",0.15195934822004786,0.7990209843716011,False
Protein S100-A9,Median Value (nm),delta_time3_vs_time1,20,17,-0.18840588867478983,"[-0.59, 0.29]",0.4398505029848284,0.9156649363592549,False
Immunoglobulin J chain,Median Value (nm),delta_time3_vs_time1,20,17,-0.27569902096637117,"[-0.65, 0.20]",0.2532568063288936,0.8487477293020979,False
Probable non-functional immunoglobulin kappa variable 3-7,Mean Value (nm),delta_time4_vs_time1,20,17,0.1936981540651927,"[-0.29, 0.60]",0.42686962548080165,0.9902054167988223,False
Apolipoprotein A-IV,Mean Value (nm),delta_time4_vs_time1,20,17,0.44942677454266455,"[-0.01, 0.75]",0.05355007807690459,0.9902054167988223,False
Coagulation factor XII,Mean Value (nm),delta_time4_vs_time1,20,17,0.10770659687929962,"[-0.36, 0.54]",0.6607411619710227,0.9902054167988223,False
Mannan-binding lectin serine protease 1,Mean Value (nm),delta_time4_vs_time1,20,17,-0.21065024234268218,"[-0.61, 0.27]",0.386687348691638,0.9902054167988223,False
Complement factor I,Mean Value (nm),delta_time4_vs_time1,20,17,0.07527372022362921,"[-0.39, 0.51]",0.7593990109974039,0.9902054167988223,False
Platelet glycoprotein Ib alpha chain,Mean Value (nm),delta_time4_vs_time1,20,17,0.028029380218615906,"[-0.43, 0.48]",0.9093135364544511,0.9902054167988223,False
Hepatocyte growth factor-like protein,Mean Value (nm),delta_time4_vs_time1,20,17,0.24522231202311803,"[-0.24, 0.63]",0.31158979862235703,0.9902054167988223,False
Profilin-1,Mean Value (nm),delta_time4_vs_time1,20,17,0.16206083802049306,"[-0.32, 0.57]",0.5074245937710864,0.9902054167988223,False
Peptidase inhibitor 16,Mean Value (nm),delta_time4_vs_time1,20,17,0.1381328138917416,"[-0.34, 0.56]",0.5727911974716555,0.9902054167988223,False
Cell surface glycoprotein MUC18,Mean Value (nm),delta_time4_vs_time1,20,17,-0.3517124953455623,"[-0.69, 0.12]",0.13976661725311387,0.9902054167988223,False
Adhesion G-protein coupled receptor G6,Mean Value (nm),delta_time4_vs_time1,20,17,-0.2701575304471723,"[-0.65, 0.21]",0.26330915248744013,0.9902054167988223,False
Immunoglobulin heavy variable 1-69,Mean Value (nm),delta_time4_vs_time1,20,17,0.05106801037787606,"[-0.41, 0.49]",0.8355234144635149,0.9902054167988223,False
Insulin-like growth factor-binding protein complex acid labile subunit,Mean Value (nm),delta_time4_vs_time1,20,17,-0.015447679487284541,"[-0.47, 0.44]",0.9499521172183032,0.9902054167988223,False
Plasma serine protease inhibitor,Mean Value (nm),delta_time4_vs_time1,20,17,0.2811441547472831,"[-0.20, 0.65]",0.24361911367311315,0.9902054167988223,False
Immunoglobulin heavy variable 1-69D,Mean Value (nm),delta_time4_vs_time1,20,17,0.10585961572560193,"[-0.37, 0.53]",0.6662351669576069,0.9902054167988223,False
Pancreatic adenocarcinoma up-regulated factor,Mean Value (nm),delta_time4_vs_time1,20,17,-0.18538139354122077,"[-0.59, 0.29]",0.44736027475593576,0.9902054167988223,False
Immunoglobulin heavy variable 3-64D,Mean Value (nm),delta_time4_vs_time1,20,17,-0.31410895215568607,"[-0.67, 0.16]",0.19031010724268982,0.9902054167988223,False
Neutrophil gelatinase-associated lipocalin,Mean Value (nm),delta_time4_vs_time1,20,17,-0.009059301504251164,"[-0.46, 0.45]",0.9706378996812572,0.9907200631229385,False
Lysosome-associated membrane glycoprotein 2,Mean Value (nm),delta_time4_vs_time1,20,17,0.029136421410888045,"[-0.43, 0.48]",0.9057467033467673,0.9902054167988223,False
Corneodesmosin,Mean Value (nm),delta_time4_vs_time1,20,17,-0.11241144681335263,"[-0.54, 0.36]",0.6468215625728365,0.9902054167988223,False
Collagen alpha-1(XVIII) chain,Mean Value (nm),delta_time4_vs_time1,20,17,0.11527685266723502,"[-0.36, 0.54]",0.6383984073040436,0.9902054167988223,False
Lipopolysaccharide-binding protein,Mean Value (nm),delta_time4_vs_time1,20,17,-0.20230788726620277,"[-0.60, 0.28]",0.40619245017479877,0.9902054167988223,False
Immunoglobulin heavy variable 3-49,Mean Value (nm),delta_time4_vs_time1,20,17,0.10789796892203926,"[-0.36, 0.54]",0.6601728520774642,0.9902054167988223,False
SPARC-like protein 1,Mean Value (nm),delta_time4_vs_time1,20,17,0.09410781125461061,"[-0.38, 0.53]",0.7015638823025236,0.9902054167988223,False
Ras-associated and pleckstrin homology domains-containing protein 1,Mean Value (nm),delta_time4_vs_time1,20,17,0.535971978777413,"[0.11, 0.80]",0.018011857460414928,0.9902054167988223,False
Alpha-1-acid glycoprotein 2,Mean Value (nm),delta_time4_vs_time1,20,17,0.12797840631162233,"[-0.35, 0.55]",0.601580608267212,0.9902054167988223,False
Immunoglobulin heavy variable 3-20,Mean Value (nm),delta_time4_vs_time1,20,17,-0.24070634462388274,"[-0.63, 0.24]",0.3208654365526407,0.9902054167988223,False
Neurogenic locus notch homolog protein 2,Mean Value (nm),delta_time4_vs_time1,20,17,-0.18153773183688424,"[-0.59, 0.30]",0.45699873798168944,0.9902054167988223,False
Apolipoprotein B-100,Mean Value (nm),delta_time4_vs_time1,20,17,0.008660863915997968,"[-0.45, 0.46]",0.971928780245126,0.9910612365491639,False
CD44 antigen,Mean Value (nm),delta_time4_vs_time1,20,17,0.11837384023089913,"[-0.35, 0.54]",0.6293419625686569,0.9902054167988223,False
Pigment epithelium-derived factor,Mean Value (nm),delta_time4_vs_time1,20,17,0.4151718511242634,"[-0.05, 0.73]",0.07712394615940588,0.9902054167988223,False
Xaa-Pro dipeptidase,Mean Value (nm),delta_time4_vs_time1,20,17,0.12805703267356225,"[-0.35, 0.55]",0.6013554299608076,0.9902054167988223,False
Immunoglobulin heavy constant delta,Mean Value (nm),delta_time4_vs_time1,20,17,0.2088734347358435,"[-0.27, 0.61]",0.3907974795111424,0.9902054167988223,False
Probable non-functional immunoglobulin heavy variable 3-38-3,Mean Value (nm),delta_time4_vs_time1,20,17,-0.06561700929267146,"[-0.50, 0.40]",0.7895556300685482,0.9902054167988223,False
Immunoglobulin lambda constant 7,Mean Value (nm),delta_time4_vs_time1,20,17,0.10630785904734909,"[-0.37, 0.53]",0.6649003195356997,0.9902054167988223,False
Receptor-type tyrosine-protein phosphatase gamma,Mean Value (nm),delta_time4_vs_time1,20,17,-0.12750158716810292,"[-0.55, 0.35]",0.6029469118514218,0.9902054167988223,False
Afamin,Mean Value (nm),delta_time4_vs_time1,20,17,0.2829734015170814,"[-0.20, 0.65]",0.24043469527989886,0.9902054167988223,False
Pyruvate kinase PKLR,Mean Value (nm),delta_time4_vs_time1,20,17,0.1267962742646807,"[-0.35, 0.55]",0.6049702763015584,0.9902054167988223,False
Insulin-like growth factor 2,Mean Value (nm),delta_time4_vs_time1,20,17,0.5964654578108984,"[0.20, 0.83]",0.007025609278360748,0.9902054167988223,False
CD109 antigen,Mean Value (nm),delta_time4_vs_time1,20,17,0.24472233062766002,"[-0.24, 0.63]",0.31260875268630184,0.9902054167988223,False
ADP-ribosyl cyclase/cyclic ADP-ribose hydrolase 2,Mean Value (nm),delta_time4_vs_time1,20,17,-0.08849825707494288,"[-0.52, 0.38]",0.7186418224251683,0.9902054167988223,False
Dedicator of cytokinesis protein 4,Mean Value (nm),delta_time4_vs_time1,20,17,-0.40650993346998593,"[-0.73, 0.06]",0.08414278856340457,0.9902054167988223,False
Complement factor H-related protein 2,Mean Value (nm),delta_time4_vs_time1,20,17,-0.05472148222800999,"[-0.50, 0.41]",0.8239260900962689,0.9902054167988223,False
Selenoprotein P,Mean Value (nm),delta_time4_vs_time1,20,17,0.15113667626611454,"[-0.33, 0.57]",0.5368196611274616,0.9902054167988223,False
Adipocyte plasma membrane-associated protein,Mean Value (nm),delta_time4_vs_time1,20,17,0.20845772580909164,"[-0.27, 0.61]",0.39176256862797054,0.9902054167988223,False
Immunoglobulin heavy constant alpha 2,Mean Value (nm),delta_time4_vs_time1,20,17,-0.09096960526041795,"[-0.52, 0.38]",0.7111016694168213,0.9902054167988223,False
Lactotransferrin,Mean Value (nm),delta_time4_vs_time1,20,17,-0.282079272288988,"[-0.65, 0.20]",0.24198788228244625,0.9902054167988223,False
Alpha-enolase,Mean Value (nm),delta_time4_vs_time1,20,17,-0.14774188334042396,"[-0.56, 0.33]",0.5461099179972663,0.9902054167988223,False
Immunoglobulin heavy constant gamma 1,Mean Value (nm),delta_time4_vs_time1,20,17,0.09981949855742094,"[-0.37, 0.53]",0.6843146763355967,0.9902054167988223,False
Collectin-10,Mean Value (nm),delta_time4_vs_time1,20,17,-0.07570726007882109,"[-0.51, 0.39]",0.7580525456903711,0.9902054167988223,False
Lysosome-associated membrane glycoprotein 1,Mean Value (nm),delta_time4_vs_time1,20,17,-0.07879687954947281,"[-0.51, 0.39]",0.7484764776381418,0.9902054167988223,False
Cathelicidin antimicrobial peptide,Mean Value (nm),delta_time4_vs_time1,20,17,-0.011596859814009071,"[-0.46, 0.44]",0.9624183442402209,0.9902054167988223,False
Fibroblast growth factor-binding protein 2,Mean Value (nm),delta_time4_vs_time1,20,17,-0.03847084322647323,"[-0.48, 0.42]",0.8757466856617704,0.9902054167988223,False
Lymphatic vessel endothelial hyaluronic acid receptor 1,Mean Value (nm),delta_time4_vs_time1,20,17,-0.10669843993895829,"[-0.53, 0.37]",0.6637379744958851,0.9902054167988223,False
Haptoglobin,Mean Value (nm),delta_time4_vs_time1,20,17,0.16246970090790563,"[-0.31, 0.57]",0.5063395493293968,0.9902054167988223,False
Tenascin-X,Mean Value (nm),delta_time4_vs_time1,20,17,-0.23625963186427093,"[-0.62, 0.24]",0.33015706355110863,0.9902054167988223,False
Zinc finger protein 512B,Mean Value (nm),delta_time4_vs_time1,20,17,0.33643808306762324,"[-0.14, 0.69]",0.1590144343818781,0.9902054167988223,False
Immunoglobulin lambda variable 3-19,Mean Value (nm),delta_time4_vs_time1,20,17,0.02725125983353987,"[-0.43, 0.48]",0.9118216010628813,0.9902054167988223,False
Complement C1q subcomponent subunit B,Mean Value (nm),delta_time4_vs_time1,20,17,0.05515937834315801,"[-0.41, 0.50]",0.8225383569666003,0.9902054167988223,False
Ubiquitin-ribosomal protein eS31 fusion protein,Mean Value (nm),delta_time4_vs_time1,20,17,-0.34744344785506553,"[-0.69, 0.13]",0.14497336123983476,0.9902054167988223,False
Kinesin-like protein KIF21A,Mean Value (nm),delta_time4_vs_time1,20,17,0.29544741944538955,"[-0.18, 0.66]",0.21943161778927123,0.9902054167988223,False
Attractin,Mean Value (nm),delta_time4_vs_time1,20,17,0.10796365356204891,"[-0.36, 0.54]",0.6599778320662435,0.9902054167988223,False
Immunoglobulin lambda variable 1-44,Mean Value (nm),delta_time4_vs_time1,20,17,-0.09378054705326666,"[-0.53, 0.38]",0.7025565544950352,0.9902054167988223,False
Immunoglobulin heavy variable 1-46,Mean Value (nm),delta_time4_vs_time1,20,17,-0.08120419077919695,"[-0.52, 0.39]",0.7410394586825717,0.9902054167988223,False
Fibulin-1,Mean Value (nm),delta_time4_vs_time1,20,17,-0.043534369464166764,"[-0.49, 0.42]",0.859538026843962,0.9902054167988223,False
Secreted phosphoprotein 24,Mean Value (nm),delta_time4_vs_time1,20,17,0.29422457199541074,"[-0.18, 0.66]",0.2214358158578059,0.9902054167988223,False
Scavenger receptor class B member 1,Mean Value (nm),delta_time4_vs_time1,20,17,0.14897616824513726,"[-0.33, 0.56]",0.5427237897932403,0.9902054167988223,False
Immunoglobulin lambda variable 2-18,Mean Value (nm),delta_time4_vs_time1,20,17,0.13855090462974606,"[-0.34, 0.56]",0.5716187057664887,0.9902054167988223,False
Collagen alpha-2(VI) chain,Mean Value (nm),delta_time4_vs_time1,20,17,-0.29459303130355785,"[-0.66, 0.18]",0.22083067616707686,0.9902054167988223,False
Adiponectin,Mean Value (nm),delta_time4_vs_time1,20,17,-0.048539751843617904,"[-0.49, 0.41]",0.8435681542683325,0.9902054167988223,False
Nidogen-1,Mean Value (nm),delta_time4_vs_time1,20,17,0.23923266564929954,"[-0.24, 0.63]",0.32392739599723874,0.9902054167988223,False
Alpha-1-antitrypsin,Mean Value (nm),delta_time4_vs_time1,20,17,0.1638621650250286,"[-0.31, 0.58]",0.5026525516525524,0.9902054167988223,False
"Sushi, von Willebrand factor type A, EGF and pentraxin domain-containing protein 1",Mean Value (nm),delta_time4_vs_time1,20,17,0.041775931830108345,"[-0.42, 0.49]",0.8651611279302958,0.9902054167988223,False
Complement C1s subcomponent,Mean Value (nm),delta_time4_vs_time1,20,17,-0.005014488940287302,"[-0.46, 0.45]",0.9837452279312293,0.9952734923210483,False
Alpha-actinin-4,Mean Value (nm),delta_time4_vs_time1,20,17,-0.31053272378460967,"[-0.67, 0.17]",0.19567921945661676,0.9902054167988223,False
Complement component C1q receptor,Mean Value (nm),delta_time4_vs_time1,20,17,-0.11950250727936838,"[-0.54, 0.35]",0.6260538957572428,0.9902054167988223,False
Inter-alpha-trypsin inhibitor heavy chain H3,Mean Value (nm),delta_time4_vs_time1,20,17,0.24801989513253656,"[-0.23, 0.63]",0.3059251420455124,0.9902054167988223,False
Immunoglobulin kappa variable 1D-8,Mean Value (nm),delta_time4_vs_time1,20,17,-0.19729420278853696,"[-0.60, 0.28]",0.41816645307236466,0.9902054167988223,False
Low-density lipoprotein receptor,Mean Value (nm),delta_time4_vs_time1,20,17,-0.048541306578493114,"[-0.49, 0.41]",0.8435632025696181,0.9902054167988223,False
Prolactin-inducible protein,Mean Value (nm),delta_time4_vs_time1,20,17,-0.1721983531533735,"[-0.58, 0.31]",0.4808529216987165,0.9902054167988223,False
Hyaluronan-binding protein 2,Mean Value (nm),delta_time4_vs_time1,20,17,0.21541319375860019,"[-0.26, 0.61]",0.3757886263869398,0.9902054167988223,False
N-acetylmuramoyl-L-alanine amidase,Mean Value (nm),delta_time4_vs_time1,20,17,0.2965872910407437,"[-0.18, 0.66]",0.21757409860050475,0.9902054167988223,False
Serpin A11,Mean Value (nm),delta_time4_vs_time1,20,17,-0.4846687375736968,"[-0.77, -0.04]",0.0354589349775336,0.9902054167988223,False
C4b-binding protein alpha chain,Mean Value (nm),delta_time4_vs_time1,20,17,0.20541602559437572,"[-0.27, 0.60]",0.3988638899811977,0.9902054167988223,False
Inter-alpha-trypsin inhibitor heavy chain H2,Mean Value (nm),delta_time4_vs_time1,20,17,0.4190979784783465,"[-0.04, 0.73]",0.0740893633784669,0.9902054167988223,False
Fibrillin-1,Mean Value (nm),delta_time4_vs_time1,20,17,-0.3201474315335682,"[-0.68, 0.16]",0.18146978077738335,0.9902054167988223,False
Golgi-associated RAB2 interactor protein 1B,Mean Value (nm),delta_time4_vs_time1,20,17,0.005299274327535486,"[-0.45, 0.46]",0.982822204843072,0.9952734923210483,False
Neurogenic locus notch homolog protein 3,Mean Value (nm),delta_time4_vs_time1,20,17,0.1770921851564254,"[-0.30, 0.58]",0.46827722825489115,0.9902054167988223,False
Immunoglobulin heavy constant alpha 1,Mean Value (nm),delta_time4_vs_time1,20,17,-0.03323243882207149,"[-0.48, 0.43]",0.8925650548799356,0.9902054167988223,False
Apolipoprotein C-III,Mean Value (nm),delta_time4_vs_time1,20,17,-0.12841033827745,"[-0.55, 0.35]",0.6003440237879983,0.9902054167988223,False
Glutathione peroxidase 3,Mean Value (nm),delta_time4_vs_time1,20,17,0.29508862616747417,"[-0.18, 0.66]",0.2200184351834618,0.9902054167988223,False
Contactin-1,Mean Value (nm),delta_time4_vs_time1,20,17,0.08544070967067788,"[-0.38, 0.52]",0.7280049779802836,0.9902054167988223,False
Stomatin,Mean Value (nm),delta_time4_vs_time1,20,17,-0.17126530634204776,"[-0.58, 0.31]",0.48326937713036355,0.9902054167988223,False
Immunoglobulin heavy variable 3-13,Mean Value (nm),delta_time4_vs_time1,20,17,-0.00832122219380206,"[-0.46, 0.45]",0.973029223527656,0.9912077439278777,False
Immunoglobulin heavy variable 1-69-2,Mean Value (nm),delta_time4_vs_time1,20,17,0.037664403709831464,"[-0.42, 0.48]",0.8783326917696563,0.9902054167988223,False
Apolipoprotein E,Mean Value (nm),delta_time4_vs_time1,20,17,0.04043132708378763,"[-0.42, 0.49]",0.8694650849994807,0.9902054167988223,False
Mucosal addressin cell adhesion molecule 1,Mean Value (nm),delta_time4_vs_time1,20,17,-0.05809652846944123,"[-0.50, 0.41]",0.8132434800044067,0.9902054167988223,False
Protein S100-A11,Mean Value (nm),delta_time4_vs_time1,20,17,-0.06910745502116403,"[-0.51, 0.40]",0.7786199575343459,0.9902054167988223,False
Complement factor H-related protein 4,Mean Value (nm),delta_time4_vs_time1,20,17,-0.11639261275666277,"[-0.54, 0.36]",0.6351298809331868,0.9902054167988223,False
Immunoglobulin kappa variable 1D-16,Mean Value (nm),delta_time4_vs_time1,20,17,0.38641785142548507,"[-0.08, 0.72]",0.1022140642899837,0.9902054167988223,False
Immunoglobulin lambda variable 1-47,Mean Value (nm),delta_time4_vs_time1,20,17,-0.027720312133159217,"[-0.48, 0.43]",0.9103096383924908,0.9902054167988223,False
Fructose-bisphosphate aldolase A,Mean Value (nm),delta_time4_vs_time1,20,17,0.10492226747738796,"[-0.37, 0.53]",0.6690296483215589,0.9902054167988223,False
Thrombospondin-1,Mean Value (nm),delta_time4_vs_time1,20,17,0.35381605319381004,"[-0.12, 0.70]",0.13724968412094274,0.9902054167988223,False
Aminopeptidase N,Mean Value (nm),delta_time4_vs_time1,20,17,0.15913846286408553,"[-0.32, 0.57]",0.5152121782710257,0.9902054167988223,False
Apolipoprotein M,Mean Value (nm),delta_time4_vs_time1,20,17,-0.28013615094571254,"[-0.65, 0.20]",0.2453853284563583,0.9902054167988223,False
Immunoglobulin heavy variable 3-43,Mean Value (nm),delta_time4_vs_time1,20,17,-0.051433751020164516,"[-0.49, 0.41]",0.8343609280581034,0.9902054167988223,False
Cysteine-rich secretory protein 3,Mean Value (nm),delta_time4_vs_time1,20,17,0.26361876452353566,"[-0.22, 0.64]",0.2754875771831348,0.9902054167988223,False
Complement component C8 alpha chain,Mean Value (nm),delta_time4_vs_time1,20,17,0.18466998659799572,"[-0.29, 0.59]",0.4491362510409792,0.9902054167988223,False
Immunoglobulin heavy variable 2-70D,Mean Value (nm),delta_time4_vs_time1,20,17,-0.1176773591909232,"[-0.54, 0.36]",0.6313743132735892,0.9902054167988223,False
Immunoglobulin heavy variable 3-23,Mean Value (nm),delta_time4_vs_time1,20,17,-0.10269745464816649,"[-0.53, 0.37]",0.6756790420564501,0.9902054167988223,False
Plasma kallikrein,Mean Value (nm),delta_time4_vs_time1,20,17,-0.44329794508272147,"[-0.75, 0.01]",0.05730376367407025,0.9902054167988223,False
Galectin-7,Mean Value (nm),delta_time4_vs_time1,20,17,-0.4259856924211225,"[-0.74, 0.03]",0.06898105597085372,0.9902054167988223,False
Extracellular superoxide dismutase [Cu-Zn],Mean Value (nm),delta_time4_vs_time1,20,17,0.3555046895344235,"[-0.12, 0.70]",0.135252311385394,0.9902054167988223,False
Immunoglobulin heavy variable 1-8,Mean Value (nm),delta_time4_vs_time1,20,17,0.2485999967101163,"[-0.23, 0.63]",0.30475834640050786,0.9902054167988223,False
Cystatin-C,Mean Value (nm),delta_time4_vs_time1,20,17,0.10260844948020571,"[-0.37, 0.53]",0.6759455384590614,0.9902054167988223,False
Immunoglobulin lambda-like polypeptide 1,Mean Value (nm),delta_time4_vs_time1,20,17,0.3083535636463834,"[-0.17, 0.67]",0.19899982162046004,0.9902054167988223,False
Inhibin beta C chain,Mean Value (nm),delta_time4_vs_time1,20,17,0.14336624192426975,"[-0.33, 0.56]",0.5581900243654452,0.9902054167988223,False
Mannose-binding protein C,Mean Value (nm),delta_time4_vs_time1,20,17,-0.2730526359910347,"[-0.65, 0.21]",0.25802665003803266,0.9902054167988223,False
IgGFc-binding protein,Mean Value (nm),delta_time4_vs_time1,20,17,-0.12518911413165576,"[-0.55, 0.35]",0.6095911049210061,0.9902054167988223,False
Macrophage mannose receptor 1,Mean Value (nm),delta_time4_vs_time1,20,17,-0.06214999917752925,"[-0.50, 0.40]",0.8004552991772476,0.9902054167988223,False
Aromatase,Mean Value (nm),delta_time4_vs_time1,20,17,0.27328245689017666,"[-0.21, 0.65]",0.2576101931451964,0.9902054167988223,False
Cadherin-5,Mean Value (nm),delta_time4_vs_time1,20,17,0.1208526989085236,"[-0.35, 0.55]",0.6221293377814383,0.9902054167988223,False
Immunoglobulin kappa variable 1-8,Mean Value (nm),delta_time4_vs_time1,20,17,-0.020345503789685686,"[-0.47, 0.44]",0.9341128600435216,0.9902054167988223,False
Retinol-binding protein 4,Mean Value (nm),delta_time4_vs_time1,20,17,0.15428852934660864,"[-0.32, 0.57]",0.5282594598133383,0.9902054167988223,False
Complement component C8 beta chain,Mean Value (nm),delta_time4_vs_time1,20,17,0.22096821743470058,"[-0.26, 0.61]",0.36329797255481655,0.9902054167988223,False
Tumor necrosis factor receptor superfamily member 1B,Mean Value (nm),delta_time4_vs_time1,20,17,0.1340280007418994,"[-0.34, 0.55]",0.5843573611575855,0.9902054167988223,False
Formin-2,Mean Value (nm),delta_time4_vs_time1,20,17,0.11713058992199812,"[-0.36, 0.54]",0.6329715779240264,0.9902054167988223,False
Scavenger receptor cysteine-rich domain-containing protein DMBT1,Mean Value (nm),delta_time4_vs_time1,20,17,-0.30598280845073267,"[-0.67, 0.17]",0.20265462062714584,0.9902054167988223,False
Apolipoprotein L1,Mean Value (nm),delta_time4_vs_time1,20,17,0.2740530118471017,"[-0.21, 0.65]",0.25621696812367734,0.9902054167988223,False
Leucine-rich alpha-2-glycoprotein,Mean Value (nm),delta_time4_vs_time1,20,17,0.04962452600198101,"[-0.41, 0.49]",0.840114616090554,0.9902054167988223,False
Immunoglobulin heavy variable 1-2,Mean Value (nm),delta_time4_vs_time1,20,17,0.274201558871315,"[-0.21, 0.65]",0.2559489308928522,0.9902054167988223,False
Ras-related protein Rab-10,Mean Value (nm),delta_time4_vs_time1,20,17,-0.21490676346195867,"[-0.61, 0.27]",0.3769391900326553,0.9902054167988223,False
Immunoglobulin heavy variable 1-24,Mean Value (nm),delta_time4_vs_time1,20,17,-0.2713765589086996,"[-0.65, 0.21]",0.2610766749720686,0.9902054167988223,False
Annexin A3,Mean Value (nm),delta_time4_vs_time1,20,17,0.4253378113373992,"[-0.04, 0.74]",0.06945004085914892,0.9902054167988223,False
Hemoglobin subunit beta,Mean Value (nm),delta_time4_vs_time1,20,17,0.19986874735500876,"[-0.28, 0.60]",0.4119943512369384,0.9902054167988223,False
Immunoglobulin lambda variable 4-69,Mean Value (nm),delta_time4_vs_time1,20,17,-0.041868020195303855,"[-0.49, 0.42]",0.8648664930437779,0.9902054167988223,False
Elongation factor 2,Mean Value (nm),delta_time4_vs_time1,20,17,-0.6481003712165411,"[-0.85, -0.27]",0.002691860164814361,0.9902054167988223,False
Multiple inositol polyphosphate phosphatase 1,Mean Value (nm),delta_time4_vs_time1,20,17,0.1119496802743521,"[-0.36, 0.54]",0.6481828616159262,0.9902054167988223,False
Collagen alpha-1(VI) chain,Mean Value (nm),delta_time4_vs_time1,20,17,-0.30619142480180006,"[-0.67, 0.17]",0.20233124440832845,0.9902054167988223,False
Hepatocyte growth factor activator,Mean Value (nm),delta_time4_vs_time1,20,17,-0.145707650397907,"[-0.56, 0.33]",0.5517112828844009,0.9902054167988223,False
Fibrinogen beta chain,Mean Value (nm),delta_time4_vs_time1,20,17,-0.018625661491930113,"[-0.47, 0.44]",0.939672317045009,0.9902054167988223,False
Hemicentin-1,Mean Value (nm),delta_time4_vs_time1,20,17,0.35810583779339716,"[-0.11, 0.70]",0.1322156350133171,0.9902054167988223,False
C-type mannose receptor 2,Mean Value (nm),delta_time4_vs_time1,20,17,-0.21297697968122722,"[-0.61, 0.27]",0.38134153345395616,0.9902054167988223,False
Platelet glycoprotein Ib beta chain,Mean Value (nm),delta_time4_vs_time1,20,17,0.11043421738214482,"[-0.36, 0.54]",0.6526579774380958,0.9902054167988223,False
Complement C2,Mean Value (nm),delta_time4_vs_time1,20,17,0.2503738620123355,"[-0.23, 0.63]",0.3012071323339846,0.9902054167988223,False
Annexin A2,Mean Value (nm),delta_time4_vs_time1,20,17,-0.19243548960208212,"[-0.59, 0.29]",0.4299481087550422,0.9902054167988223,False
Protein disulfide-isomerase A3,Mean Value (nm),delta_time4_vs_time1,20,17,0.028357799524382096,"[-0.43, 0.48]",0.9082552090505143,0.9902054167988223,False
Dipeptidyl peptidase 4,Mean Value (nm),delta_time4_vs_time1,20,17,-0.14800645644119537,"[-0.56, 0.33]",0.5453832897443716,0.9902054167988223,False
Proteasome subunit alpha type-4,Mean Value (nm),delta_time4_vs_time1,20,17,-0.4735019082031085,"[-0.76, -0.02]",0.040582074916145135,0.9902054167988223,False
Coagulation factor XI,Mean Value (nm),delta_time4_vs_time1,20,17,0.022994162215271716,"[-0.44, 0.47]",0.9255567633630755,0.9902054167988223,False
Collectin-11,Mean Value (nm),delta_time4_vs_time1,20,17,-0.2442656109294392,"[-0.63, 0.24]",0.31354128035197293,0.9902054167988223,False
High mobility group protein B1,Mean Value (nm),delta_time4_vs_time1,20,17,0.11764265453224992,"[-0.36, 0.54]",0.6314756488284836,0.9902054167988223,False
Immunoglobulin lambda variable 3-16,Mean Value (nm),delta_time4_vs_time1,20,17,0.46307930099383365,"[0.01, 0.76]",0.04586051583822486,0.9902054167988223,False
Prothrombin,Mean Value (nm),delta_time4_vs_time1,20,17,0.006928783140393974,"[-0.45, 0.46]",0.9775412100565035,0.9928751898220957,False
Immunoglobulin kappa joining 1,Mean Value (nm),delta_time4_vs_time1,20,17,0.34315676670352235,"[-0.13, 0.69]",0.1503358678478538,0.9902054167988223,False
Immunoglobulin heavy variable 3-7,Mean Value (nm),delta_time4_vs_time1,20,17,0.31123576458436675,"[-0.17, 0.67]",0.19461584550282246,0.9902054167988223,False
Immunoglobulin heavy variable 3-74,Mean Value (nm),delta_time4_vs_time1,20,17,0.29866545799980704,"[-0.18, 0.66]",0.21421404484183554,0.9902054167988223,False
Ezrin,Mean Value (nm),delta_time4_vs_time1,20,17,0.1112413360664828,"[-0.36, 0.54]",0.6502731548027061,0.9902054167988223,False
Intercellular adhesion molecule 2,Mean Value (nm),delta_time4_vs_time1,20,17,-0.0894181963288031,"[-0.52, 0.38]",0.7158321105807705,0.9902054167988223,False
Lysozyme C,Mean Value (nm),delta_time4_vs_time1,20,17,0.04722631470820498,"[-0.42, 0.49]",0.8477533299139409,0.9902054167988223,False
Protein AMBP,Mean Value (nm),delta_time4_vs_time1,20,17,0.21835914795172745,"[-0.26, 0.61]",0.36913485342506236,0.9902054167988223,False
Prolyl endopeptidase FAP,Mean Value (nm),delta_time4_vs_time1,20,17,-0.0016913480683551359,"[-0.46, 0.45]",0.9945170865234063,0.9975064507964061,False
"Actin, cytoplasmic 2",Mean Value (nm),delta_time4_vs_time1,20,17,-0.011523302235312949,"[-0.46, 0.45]",0.9626565617182896,0.9902054167988223,False
Kallistatin,Mean Value (nm),delta_time4_vs_time1,20,17,0.24375707262908278,"[-0.24, 0.63]",0.31458156528849185,0.9902054167988223,False
Hemopexin,Mean Value (nm),delta_time4_vs_time1,20,17,0.26622249512123425,"[-0.21, 0.64]",0.2705970143548223,0.9902054167988223,False
C4b-binding protein beta chain,Mean Value (nm),delta_time4_vs_time1,20,17,-0.16651100940822874,"[-0.58, 0.31]",0.4956746728973376,0.9902054167988223,False
Peptidyl-prolyl cis-trans isomerase A,Mean Value (nm),delta_time4_vs_time1,20,17,-0.21730980323876203,"[-0.61, 0.26]",0.37149724333515444,0.9902054167988223,False
Complement C1r subcomponent-like protein,Mean Value (nm),delta_time4_vs_time1,20,17,0.1728455735866584,"[-0.31, 0.58]",0.47918023493546724,0.9902054167988223,False
Immunoglobulin heavy variable 3-30;Immunoglobulin heavy variable 3-30-5,Mean Value (nm),delta_time4_vs_time1,20,17,0.046548812559311765,"[-0.42, 0.49]",0.8499136762967565,0.9902054167988223,False
Immunoglobulin lambda variable 3-9,Mean Value (nm),delta_time4_vs_time1,20,17,0.01916849117375347,"[-0.44, 0.47]",0.9379172987077069,0.9902054167988223,False
Immunoglobulin heavy variable 1-45,Mean Value (nm),delta_time4_vs_time1,20,17,0.03236087105232879,"[-0.43, 0.48]",0.8953677577535296,0.9902054167988223,False
Hemoglobin subunit gamma-1,Mean Value (nm),delta_time4_vs_time1,20,17,0.20942138214012287,"[-0.27, 0.61]",0.3895273989113379,0.9902054167988223,False
Apolipoprotein F,Mean Value (nm),delta_time4_vs_time1,20,17,-0.136816009255355,"[-0.56, 0.34]",0.5764907966299253,0.9902054167988223,False
Immunoglobulin gamma-1 heavy chain,Mean Value (nm),delta_time4_vs_time1,20,17,0.03994606282653047,"[-0.42, 0.49]",0.8710192412367376,0.9902054167988223,False
Low affinity immunoglobulin gamma Fc region receptor III-B,Mean Value (nm),delta_time4_vs_time1,20,17,0.1769142023639404,"[-0.30, 0.58]",0.4687316697203515,0.9902054167988223,False
Multiple epidermal growth factor-like domains protein 8,Mean Value (nm),delta_time4_vs_time1,20,17,0.23039919242258483,"[-0.25, 0.62]",0.3426414841909081,0.9902054167988223,False
Complement C4-B,Mean Value (nm),delta_time4_vs_time1,20,17,-0.2486859512805398,"[-0.63, 0.23]",0.30458568899798727,0.9902054167988223,False
Glyceraldehyde-3-phosphate dehydrogenase,Mean Value (nm),delta_time4_vs_time1,20,17,-0.34873202363478006,"[-0.69, 0.13]",0.14338775007469007,0.9902054167988223,False
Complement C1r subcomponent,Mean Value (nm),delta_time4_vs_time1,20,17,-0.2631165266578674,"[-0.64, 0.22]",0.2764371865980232,0.9902054167988223,False
Sex hormone-binding globulin,Mean Value (nm),delta_time4_vs_time1,20,17,0.19543334740764234,"[-0.28, 0.60]",0.42265819045569264,0.9902054167988223,False
Biotinidase,Mean Value (nm),delta_time4_vs_time1,20,17,0.021261658585239294,"[-0.44, 0.47]",0.9311525298813649,0.9902054167988223,False
Cholinesterase,Mean Value (nm),delta_time4_vs_time1,20,17,-0.12429490617357257,"[-0.55, 0.35]",0.6121682410966578,0.9902054167988223,False
Immunoglobulin heavy variable 2-5,Mean Value (nm),delta_time4_vs_time1,20,17,0.06750544188796163,"[-0.40, 0.51]",0.7836342997250897,0.9902054167988223,False
Immunoglobulin lambda variable 1-36,Mean Value (nm),delta_time4_vs_time1,20,17,0.142306546037324,"[-0.33, 0.56]",0.561133232118896,0.9902054167988223,False
Immunoglobulin kappa variable 3-11,Mean Value (nm),delta_time4_vs_time1,20,17,-0.12395971308232961,"[-0.55, 0.35]",0.6131354052037097,0.9902054167988223,False
Immunoglobulin kappa variable 6-21,Mean Value (nm),delta_time4_vs_time1,20,17,-0.05502195899575273,"[-0.50, 0.41]",0.8229737974295748,0.9902054167988223,False
Immunoglobulin kappa light chain,Mean Value (nm),delta_time4_vs_time1,20,17,0.2732889287115768,"[-0.21, 0.65]",0.2575984717366689,0.9902054167988223,False
Neuropilin-1,Mean Value (nm),delta_time4_vs_time1,20,17,0.14782806517241973,"[-0.33, 0.56]",0.5458731788147368,0.9902054167988223,False
Ficolin-2,Mean Value (nm),delta_time4_vs_time1,20,17,0.13542343570785448,"[-0.34, 0.56]",0.5804143691088492,0.9902054167988223,False
Gamma-glutamyl hydrolase,Mean Value (nm),delta_time4_vs_time1,20,17,0.045207194375617855,"[-0.42, 0.49]",0.8541946937386735,0.9902054167988223,False
Keratinocyte proline-rich protein,Mean Value (nm),delta_time4_vs_time1,20,17,-0.01006406236681601,"[-0.46, 0.45]",0.9673829360781747,0.9902054167988223,False
Kyphoscoliosis peptidase,Mean Value (nm),delta_time4_vs_time1,20,17,-0.20204854976495984,"[-0.60, 0.28]",0.4068072127192871,0.9902054167988223,False
Laminin subunit alpha-2,Mean Value (nm),delta_time4_vs_time1,20,17,-0.2430067856994304,"[-0.63, 0.24]",0.3161201390240138,0.9902054167988223,False
Desmoglein-1,Mean Value (nm),delta_time4_vs_time1,20,17,-0.306783659584739,"[-0.67, 0.17]",0.20141508298222843,0.9902054167988223,False
Immunoglobulin lambda variable 3-27,Mean Value (nm),delta_time4_vs_time1,20,17,-0.041728491620108187,"[-0.49, 0.42]",0.8653129185850184,0.9902054167988223,False
Myosin-9,Mean Value (nm),delta_time4_vs_time1,20,17,-0.08763237989215873,"[-0.52, 0.38]",0.7212895778655608,0.9902054167988223,False
Versican core protein,Mean Value (nm),delta_time4_vs_time1,20,17,0.27557741055329704,"[-0.20, 0.65]",0.2534747655036471,0.9902054167988223,False
Proteasome subunit beta type-3,Mean Value (nm),delta_time4_vs_time1,20,17,-0.2795028445697208,"[-0.65, 0.20]",0.24649916379222228,0.9902054167988223,False
Alpha-N-acetylglucosaminidase,Mean Value (nm),delta_time4_vs_time1,20,17,0.03401488893025098,"[-0.43, 0.48]",0.8900499652021888,0.9902054167988223,False
Caspase-14,Mean Value (nm),delta_time4_vs_time1,20,17,-0.2811842317562352,"[-0.65, 0.20]",0.24354905925727996,0.9902054167988223,False
Histidine-rich glycoprotein,Mean Value (nm),delta_time4_vs_time1,20,17,0.3476112365672664,"[-0.13, 0.69]",0.14476620714249516,0.9902054167988223,False
"ATP synthase subunit alpha, mitochondrial",Mean Value (nm),delta_time4_vs_time1,20,17,-0.20122457489516407,"[-0.60, 0.28]",0.4087637975841849,0.9902054167988223,False
Immunoglobulin kappa constant,Mean Value (nm),delta_time4_vs_time1,20,17,0.24398082395672713,"[-0.24, 0.63]",0.31412359756295494,0.9902054167988223,False
Interleukin-1 receptor accessory protein,Mean Value (nm),delta_time4_vs_time1,20,17,0.04025624946726324,"[-0.42, 0.49]",0.8700257536882084,0.9902054167988223,False
Immunoglobulin lambda variable 9-49,Mean Value (nm),delta_time4_vs_time1,20,17,0.3925572935985488,"[-0.08, 0.72]",0.09641917405661886,0.9902054167988223,False
Plexin domain-containing protein 2,Mean Value (nm),delta_time4_vs_time1,20,17,-0.08815215327145366,"[-0.52, 0.38]",0.719699802806393,0.9902054167988223,False
Immunoglobulin heavy variable 4-28,Mean Value (nm),delta_time4_vs_time1,20,17,0.3018178216501142,"[-0.18, 0.66]",0.2091824007354735,0.9902054167988223,False
Desmoplakin,Mean Value (nm),delta_time4_vs_time1,20,17,-0.30559843151950156,"[-0.67, 0.17]",0.20325133843988907,0.9902054167988223,False
Endoplasmin,Mean Value (nm),delta_time4_vs_time1,20,17,-0.40866393215353386,"[-0.73, 0.06]",0.08235515598597822,0.9902054167988223,False
Heparin cofactor 2,Mean Value (nm),delta_time4_vs_time1,20,17,0.20918950972193898,"[-0.27, 0.61]",0.39006457449412835,0.9902054167988223,False
Laminin subunit gamma-1,Mean Value (nm),delta_time4_vs_time1,20,17,-0.32971939943172457,"[-0.68, 0.15]",0.1680312253671381,0.9902054167988223,False
Polymeric immunoglobulin receptor,Mean Value (nm),delta_time4_vs_time1,20,17,-0.014026121844960035,"[-0.47, 0.44]",0.954552966101473,0.9902054167988223,False
Serum amyloid A-4 protein,Mean Value (nm),delta_time4_vs_time1,20,17,0.12688867859992103,"[-0.35, 0.55]",0.6047050342210538,0.9902054167988223,False
Catalase,Mean Value (nm),delta_time4_vs_time1,20,17,-0.30746265509675996,"[-0.67, 0.17]",0.20036809276288658,0.9902054167988223,False
Complement receptor type 1,Mean Value (nm),delta_time4_vs_time1,20,17,0.12245739736199528,"[-0.35, 0.55]",0.6174776821430478,0.9902054167988223,False
Immunoglobulin kappa variable 1-27,Mean Value (nm),delta_time4_vs_time1,20,17,0.28188021890317955,"[-0.20, 0.65]",0.24233452734567304,0.9902054167988223,False
Immunoglobulin kappa variable 2-30,Mean Value (nm),delta_time4_vs_time1,20,17,0.30767167557829617,"[-0.17, 0.67]",0.20004651737276571,0.9902054167988223,False
Protein-glutamine gamma-glutamyltransferase E,Mean Value (nm),delta_time4_vs_time1,20,17,-0.016608719424460548,"[-0.47, 0.44]",0.9461955479100902,0.9902054167988223,False
Periostin,Mean Value (nm),delta_time4_vs_time1,20,17,-0.2982022059885896,"[-0.66, 0.18]",0.21496008514857007,0.9902054167988223,False
Albumin,Mean Value (nm),delta_time4_vs_time1,20,17,0.29723815477081067,"[-0.18, 0.66]",0.21651808008236229,0.9902054167988223,False
Complement factor B,Mean Value (nm),delta_time4_vs_time1,20,17,0.2752842885592415,"[-0.20, 0.65]",0.25400060788978285,0.9902054167988223,False
Probable non-functional immunoglobulinn kappa variable 1-37;Probable non-functional immunoglobulinn kappa variable 1D-37,Mean Value (nm),delta_time4_vs_time1,20,17,0.0959859904570771,"[-0.37, 0.53]",0.695875894940162,0.9902054167988223,False
Immunoglobulin lambda variable 8-61,Mean Value (nm),delta_time4_vs_time1,20,17,-0.14454761325401838,"[-0.56, 0.33]",0.5549169390471362,0.9902054167988223,False
Annexin A1,Mean Value (nm),delta_time4_vs_time1,20,17,-0.07554625314613525,"[-0.51, 0.39]",0.758552514945394,0.9902054167988223,False
CD5 antigen-like,Mean Value (nm),delta_time4_vs_time1,20,17,0.0356708092295399,"[-0.43, 0.48]",0.8847305551314306,0.9902054167988223,False
RB-associated KRAB zinc finger protein,Mean Value (nm),delta_time4_vs_time1,20,17,0.1796813692413736,"[-0.30, 0.59]",0.4616914369552706,0.9902054167988223,False
Immunoglobulin lambda variable 7-46,Mean Value (nm),delta_time4_vs_time1,20,17,-0.09433804737305741,"[-0.53, 0.38]",0.7008657970696233,0.9902054167988223,False
Basement membrane-specific heparan sulfate proteoglycan core protein,Mean Value (nm),delta_time4_vs_time1,20,17,-0.14141824050650426,"[-0.56, 0.33]",0.5636056620787306,0.9902054167988223,False
Vitamin K-dependent protein C,Mean Value (nm),delta_time4_vs_time1,20,17,0.14826854450802665,"[-0.33, 0.56]",0.544663916537526,0.9902054167988223,False
Immunoglobulin lambda variable 1-40,Mean Value (nm),delta_time4_vs_time1,20,17,-0.11761801639943065,"[-0.54, 0.36]",0.6315475945419584,0.9902054167988223,False
Pantetheinase,Mean Value (nm),delta_time4_vs_time1,20,17,-0.04722631470820498,"[-0.49, 0.42]",0.8477533299139409,0.9902054167988223,False
Neutrophil defensin 1;Neutrophil defensin 3,Mean Value (nm),delta_time4_vs_time1,20,17,-0.23535780938535902,"[-0.62, 0.25]",0.33206056190352284,0.9902054167988223,False
Immunoglobulin lambda variable 2-8,Mean Value (nm),delta_time4_vs_time1,20,17,0.35999771581584517,"[-0.11, 0.70]",0.13003733447372726,0.9902054167988223,False
Immunoglobulin heavy variable 1-18,Mean Value (nm),delta_time4_vs_time1,20,17,0.1485326206795383,"[-0.33, 0.56]",0.5439395199318837,0.9902054167988223,False
Immunoglobulin kappa variable 3D-15,Mean Value (nm),delta_time4_vs_time1,20,17,-0.11808086490091847,"[-0.54, 0.36]",0.6301965628767244,0.9902054167988223,False
Extracellular matrix protein 1,Mean Value (nm),delta_time4_vs_time1,20,17,0.20106789954003415,"[-0.28, 0.60]",0.40913640883879887,0.9902054167988223,False
Tubulin alpha-1B chain,Mean Value (nm),delta_time4_vs_time1,20,17,-0.23615172435684156,"[-0.62, 0.24]",0.33038448784926777,0.9902054167988223,False
Immunoglobulin lambda variable 5-45,Mean Value (nm),delta_time4_vs_time1,20,17,0.4271703930027137,"[-0.03, 0.74]",0.06812959470761572,0.9902054167988223,False
Alpha-2-HS-glycoprotein,Mean Value (nm),delta_time4_vs_time1,20,17,0.3125378862159125,"[-0.17, 0.67]",0.1926565267651938,0.9902054167988223,False
Cartilage acidic protein 1,Mean Value (nm),delta_time4_vs_time1,20,17,-0.1141886901758633,"[-0.54, 0.36]",0.6415922510300744,0.9902054167988223,False
Coagulation factor IX,Mean Value (nm),delta_time4_vs_time1,20,17,-0.38601001491132664,"[-0.71, 0.08]",0.10260772522568772,0.9902054167988223,False
Integrin alpha-2,Mean Value (nm),delta_time4_vs_time1,20,17,0.10889437471344603,"[-0.36, 0.54]",0.6572167489455115,0.9902054167988223,False
"Mannosyl-oligosaccharide 1,2-alpha-mannosidase IA",Mean Value (nm),delta_time4_vs_time1,20,17,0.19827968487603714,"[-0.28, 0.60]",0.41579808134384566,0.9902054167988223,False
Endophilin-A3,Mean Value (nm),delta_time4_vs_time1,20,17,-0.13485355701540036,"[-0.56, 0.34]",0.5820232707626868,0.9902054167988223,False
Collagen alpha-1(I) chain,Mean Value (nm),delta_time4_vs_time1,20,17,-0.31556566906474914,"[-0.67, 0.16]",0.18815161804764977,0.9902054167988223,False
Carboxypeptidase N subunit 2,Mean Value (nm),delta_time4_vs_time1,20,17,0.14786895052741883,"[-0.33, 0.56]",0.5457608840136136,0.9902054167988223,False
Scavenger receptor cysteine-rich type 1 protein M130,Mean Value (nm),delta_time4_vs_time1,20,17,0.12103798317008169,"[-0.35, 0.55]",0.6215915357947839,0.9902054167988223,False
Annexin A5,Mean Value (nm),delta_time4_vs_time1,20,17,-0.37694206631577426,"[-0.71, 0.09]",0.111645705664428,0.9902054167988223,False
Platelet factor 4,Mean Value (nm),delta_time4_vs_time1,20,17,0.3550954205559214,"[-0.12, 0.70]",0.13573452397876482,0.9902054167988223,False
Immunoglobulin heavy variable 3-72,Mean Value (nm),delta_time4_vs_time1,20,17,-0.19436125014336106,"[-0.60, 0.29]",0.4252576287344493,0.9902054167988223,False
Protein HEG homolog 1,Mean Value (nm),delta_time4_vs_time1,20,17,-0.20204854976495953,"[-0.60, 0.28]",0.40680721271928777,0.9902054167988223,False
Sulfhydryl oxidase 1,Mean Value (nm),delta_time4_vs_time1,20,17,0.2909907752492711,"[-0.19, 0.66]",0.22679314041092413,0.9902054167988223,False
Corticosteroid-binding globulin,Mean Value (nm),delta_time4_vs_time1,20,17,-0.0671319004954763,"[-0.51, 0.40]",0.7848046763153635,0.9902054167988223,False
Angiopoietin-related protein 6,Mean Value (nm),delta_time4_vs_time1,20,17,0.1793308293194899,"[-0.30, 0.59]",0.4625803014985198,0.9902054167988223,False
72 kDa type IV collagenase,Mean Value (nm),delta_time4_vs_time1,20,17,0.14832304162274673,"[-0.33, 0.56]",0.5445143879393095,0.9902054167988223,False
Trypsin-3,Mean Value (nm),delta_time4_vs_time1,20,17,-0.22688692601289007,"[-0.62, 0.25]",0.3502530916377754,0.9902054167988223,False
Complement component C9,Mean Value (nm),delta_time4_vs_time1,20,17,0.17134861082679537,"[-0.31, 0.58]",0.48305338744894377,0.9902054167988223,False
Pyruvate kinase PKM,Mean Value (nm),delta_time4_vs_time1,20,17,-0.4823619117345238,"[-0.77, -0.04]",0.03647383434958164,0.9902054167988223,False
Immunoglobulin heavy variable 4-34,Mean Value (nm),delta_time4_vs_time1,20,17,0.13079758395278884,"[-0.34, 0.55]",0.5935284763947815,0.9902054167988223,False
Immunoglobulin kappa variable 6D-21,Mean Value (nm),delta_time4_vs_time1,20,17,0.14564332962224158,"[-0.33, 0.56]",0.5518888107129584,0.9902054167988223,False
Immunoglobulin lambda-1 light chain,Mean Value (nm),delta_time4_vs_time1,20,17,0.4011257388271211,"[-0.06, 0.72]",0.08873571704388154,0.9902054167988223,False
Transforming growth factor-beta-induced protein ig-h3,Mean Value (nm),delta_time4_vs_time1,20,17,0.06569077947161893,"[-0.40, 0.50]",0.789324108202839,0.9902054167988223,False
Complement C1q subcomponent subunit A,Mean Value (nm),delta_time4_vs_time1,20,17,-0.13648281069383494,"[-0.56, 0.34]",0.5774285475711717,0.9902054167988223,False
Prolow-density lipoprotein receptor-related protein 1,Mean Value (nm),delta_time4_vs_time1,20,17,-0.15060781050690966,"[-0.57, 0.33]",0.5382622017543142,0.9902054167988223,False
Immunoglobulin heavy constant mu,Mean Value (nm),delta_time4_vs_time1,20,17,0.2336060192526848,"[-0.25, 0.62]",0.3357764683558616,0.9902054167988223,False
UV-stimulated scaffold protein A,Mean Value (nm),delta_time4_vs_time1,20,17,0.24241842149649787,"[-0.24, 0.63]",0.3173297994381754,0.9902054167988223,False
Complement component C6,Mean Value (nm),delta_time4_vs_time1,20,17,0.23074777411000458,"[-0.25, 0.62]",0.34189133727305476,0.9902054167988223,False
Angiotensinogen,Mean Value (nm),delta_time4_vs_time1,20,17,0.2699091339051227,"[-0.21, 0.65]",0.2637655183689903,0.9902054167988223,False
Pregnancy zone protein,Mean Value (nm),delta_time4_vs_time1,20,17,0.23070565318547975,"[-0.25, 0.62]",0.3419819306591474,0.9902054167988223,False
Histone H2A type 1-B/E;Histone H2A type 3;Histone H2A type 1-C,Mean Value (nm),delta_time4_vs_time1,20,17,-0.102571800103193,"[-0.53, 0.37]",0.6760552835678508,0.9902054167988223,False
Desmocollin-1,Mean Value (nm),delta_time4_vs_time1,20,17,-0.09769204712237547,"[-0.53, 0.37]",0.6907226035934112,0.9902054167988223,False
Protein Z-dependent protease inhibitor,Mean Value (nm),delta_time4_vs_time1,20,17,0.05899690776235616,"[-0.41, 0.50]",0.8103988694161586,0.9902054167988223,False
Immunoglobulin kappa variable 1-17,Mean Value (nm),delta_time4_vs_time1,20,17,0.10295896026626801,"[-0.37, 0.53]",0.6748962640998811,0.9902054167988223,False
Fibronectin,Mean Value (nm),delta_time4_vs_time1,20,17,0.11326304868315087,"[-0.36, 0.54]",0.64431383650243,0.9902054167988223,False
Probable non-functional immunoglobulin heavy variable 3-38,Mean Value (nm),delta_time4_vs_time1,20,17,0.16167542227120943,"[-0.32, 0.57]",0.5084484285864368,0.9902054167988223,False
Nucleoside diphosphate kinase 3,Mean Value (nm),delta_time4_vs_time1,20,17,-0.0298558285187653,"[-0.48, 0.43]",0.9034297301091441,0.9902054167988223,False
Plasma protease C1 inhibitor,Mean Value (nm),delta_time4_vs_time1,20,17,0.15911323293990576,"[-0.32, 0.57]",0.5152796558358828,0.9902054167988223,False
Immunoglobulin kappa variable 1-16,Mean Value (nm),delta_time4_vs_time1,20,17,-0.22461452184251485,"[-0.62, 0.26]",0.3552291891957644,0.9902054167988223,False
F-actin-capping protein subunit alpha-1,Mean Value (nm),delta_time4_vs_time1,20,17,-0.2078510614721263,"[-0.60, 0.27]",0.3931733250838437,0.9902054167988223,False
Cathepsin D,Mean Value (nm),delta_time4_vs_time1,20,17,-0.3776529050548282,"[-0.71, 0.09]",0.11091731296488248,0.9902054167988223,False
Anthrax toxin receptor 2,Mean Value (nm),delta_time4_vs_time1,20,17,-0.12884173178821506,"[-0.55, 0.35]",0.5991100245089773,0.9902054167988223,False
Talin-1,Mean Value (nm),delta_time4_vs_time1,20,17,-0.3468500104298472,"[-0.69, 0.13]",0.14570768091208847,0.9902054167988223,False
Protein disulfide-isomerase,Mean Value (nm),delta_time4_vs_time1,20,17,0.03129727853291379,"[-0.43, 0.48]",0.8987895604120101,0.9902054167988223,False
Junction plakoglobin,Mean Value (nm),delta_time4_vs_time1,20,17,-0.30307282464743884,"[-0.67, 0.18]",0.2072010581182891,0.9902054167988223,False
Tenascin,Mean Value (nm),delta_time4_vs_time1,20,17,-0.37973422976996557,"[-0.71, 0.09]",0.10880418908498653,0.9902054167988223,False
Cadherin-related family member 5,Mean Value (nm),delta_time4_vs_time1,20,17,0.08902724437885999,"[-0.38, 0.52]",0.7170257453266283,0.9902054167988223,False
Kininogen-1,Mean Value (nm),delta_time4_vs_time1,20,17,0.2912734504312153,"[-0.19, 0.66]",0.22632152381051956,0.9902054167988223,False
Alpha-1-antichymotrypsin,Mean Value (nm),delta_time4_vs_time1,20,17,0.277049592070201,"[-0.20, 0.65]",0.2508441845683903,0.9902054167988223,False
Integrin alpha-IIb,Mean Value (nm),delta_time4_vs_time1,20,17,0.023944741414818116,"[-0.43, 0.47]",0.9224879183495827,0.9902054167988223,False
Serum amyloid P-component,Mean Value (nm),delta_time4_vs_time1,20,17,0.15579498397236755,"[-0.32, 0.57]",0.5241904932168505,0.9902054167988223,False
Inter-alpha-trypsin inhibitor heavy chain H1,Mean Value (nm),delta_time4_vs_time1,20,17,0.030996107025970294,"[-0.43, 0.48]",0.8997588062815112,0.9902054167988223,False
Probable non-functional immunoglobulin heavy variable 3-35,Mean Value (nm),delta_time4_vs_time1,20,17,-0.033089516906800794,"[-0.48, 0.43]",0.8930245665727093,0.9902054167988223,False
Immunoglobulin kappa variable 1-5,Mean Value (nm),delta_time4_vs_time1,20,17,0.16329709849442242,"[-0.31, 0.57]",0.5041471908322075,0.9902054167988223,False
Band 3 anion transport protein,Mean Value (nm),delta_time4_vs_time1,20,17,-0.011624703455082333,"[-0.46, 0.44]",0.9623281729261962,0.9902054167988223,False
Immunoglobulin lambda variable 7-43,Mean Value (nm),delta_time4_vs_time1,20,17,0.1469584323321105,"[-0.33, 0.56]",0.5482641548308731,0.9902054167988223,False
Peroxiredoxin-1,Mean Value (nm),delta_time4_vs_time1,20,17,-0.28336878171829477,"[-0.65, 0.20]",0.23974992166623119,0.9902054167988223,False
Matrix metalloproteinase-9,Mean Value (nm),delta_time4_vs_time1,20,17,0.2961675817549149,"[-0.18, 0.66]",0.21825685260773103,0.9902054167988223,False
Multimerin-2,Mean Value (nm),delta_time4_vs_time1,20,17,0.17998319927831347,"[-0.30, 0.59]",0.46092678105562224,0.9902054167988223,False
Immunoglobulin heavy variable 1-3,Mean Value (nm),delta_time4_vs_time1,20,17,0.17579180495461297,"[-0.30, 0.58]",0.47160257485527934,0.9902054167988223,False
Podocalyxin,Mean Value (nm),delta_time4_vs_time1,20,17,0.0020660660922995917,"[-0.45, 0.46]",0.9933023710735435,0.9975064507964061,False
Immunoglobulin lambda variable 1-51,Mean Value (nm),delta_time4_vs_time1,20,17,0.033044965746494424,"[-0.43, 0.48]",0.8931678107596956,0.9902054167988223,False
Cadherin-13,Mean Value (nm),delta_time4_vs_time1,20,17,0.2411163694995031,"[-0.24, 0.63]",0.32001656671749823,0.9902054167988223,False
Plastin-2,Mean Value (nm),delta_time4_vs_time1,20,17,0.04262052538268655,"[-0.42, 0.49]",0.8624595106321113,0.9902054167988223,False
Inter-alpha-trypsin inhibitor heavy chain H4,Mean Value (nm),delta_time4_vs_time1,20,17,0.03160178340290408,"[-0.43, 0.48]",0.8978097263941034,0.9902054167988223,False
Fructose-bisphosphate aldolase B,Mean Value (nm),delta_time4_vs_time1,20,17,-0.22960869056100625,"[-0.62, 0.25]",0.3443461800010065,0.9902054167988223,False
Mannan-binding lectin serine protease 2,Mean Value (nm),delta_time4_vs_time1,20,17,-0.19517775962285536,"[-0.60, 0.28]",0.4232771270374137,0.9902054167988223,False
Platelet glycoprotein 4,Mean Value (nm),delta_time4_vs_time1,20,17,0.25677003199296927,"[-0.22, 0.64]",0.2886112274834418,0.9902054167988223,False
Hemoglobin subunit alpha,Mean Value (nm),delta_time4_vs_time1,20,17,0.01869102288833363,"[-0.44, 0.47]",0.9394609833794205,0.9902054167988223,False
Immunoglobulin lambda variable 3-10,Mean Value (nm),delta_time4_vs_time1,20,17,0.04941341404083429,"[-0.41, 0.49]",0.8407865049384817,0.9902054167988223,False
Serum paraoxonase/lactonase 3,Mean Value (nm),delta_time4_vs_time1,20,17,0.3523124173975074,"[-0.12, 0.70]",0.1390455404019942,0.9902054167988223,False
Dopamine beta-hydroxylase,Mean Value (nm),delta_time4_vs_time1,20,17,0.2276287484959203,"[-0.25, 0.62]",0.3486373957229477,0.9902054167988223,False
Triosephosphate isomerase,Mean Value (nm),delta_time4_vs_time1,20,17,-0.5615038868117699,"[-0.81, -0.14]",0.012361465837838748,0.9902054167988223,False
Endoplasmic reticulum chaperone BiP,Mean Value (nm),delta_time4_vs_time1,20,17,-0.6315841782194704,"[-0.84, -0.25]",0.0037255870781681445,0.9902054167988223,False
Suprabasin,Mean Value (nm),delta_time4_vs_time1,20,17,-0.1711719758294235,"[-0.58, 0.31]",0.4835114186012739,0.9902054167988223,False
Immunoglobulin kappa variable 3-20,Mean Value (nm),delta_time4_vs_time1,20,17,-0.11592550628588065,"[-0.54, 0.36]",0.636497448730956,0.9902054167988223,False
Ficolin-1,Mean Value (nm),delta_time4_vs_time1,20,17,0.021290046744953252,"[-0.44, 0.47]",0.9310608141152066,0.9902054167988223,False
Autotaxin,Mean Value (nm),delta_time4_vs_time1,20,17,0.15294564785051765,"[-0.32, 0.57]",0.5318988875845307,0.9902054167988223,False
Histidine ammonia-lyase,Mean Value (nm),delta_time4_vs_time1,20,17,-0.1012841558111717,"[-0.53, 0.37]",0.679915039533223,0.9902054167988223,False
Noelin,Mean Value (nm),delta_time4_vs_time1,20,17,-0.119895057838813,"[-0.54, 0.35]",0.6249118831810578,0.9902054167988223,False
Prenylcysteine oxidase 1,Mean Value (nm),delta_time4_vs_time1,20,17,-0.2615326435425496,"[-0.64, 0.22]",0.2794451824567495,0.9902054167988223,False
Immunoglobulin delta heavy chain,Mean Value (nm),delta_time4_vs_time1,20,17,-0.4315148080500223,"[-0.74, 0.03]",0.06507422746979369,0.9902054167988223,False
Antithrombin-III,Mean Value (nm),delta_time4_vs_time1,20,17,0.23342041398725338,"[-0.25, 0.62]",0.3361715941487803,0.9902054167988223,False
Complement component C7,Mean Value (nm),delta_time4_vs_time1,20,17,0.5491604576620979,"[0.13, 0.80]",0.014881726979439097,0.9902054167988223,False
BOS complex subunit NOMO3;BOS complex subunit NOMO1;BOS complex subunit NOMO2,Mean Value (nm),delta_time4_vs_time1,20,17,-0.2736074111400492,"[-0.65, 0.21]",0.2570220689865272,0.9902054167988223,False
Cofilin-1,Mean Value (nm),delta_time4_vs_time1,20,17,-0.04750391421433886,"[-0.49, 0.42]",0.8468684495287169,0.9902054167988223,False
Histone H4,Mean Value (nm),delta_time4_vs_time1,20,17,-0.0303979341365424,"[-0.48, 0.43]",0.9016842791296985,0.9902054167988223,False
Serum amyloid A-1 protein,Mean Value (nm),delta_time4_vs_time1,20,17,-0.10344468392883858,"[-0.53, 0.37]",0.6734431712370934,0.9902054167988223,False
Transferrin receptor protein 1,Mean Value (nm),delta_time4_vs_time1,20,17,0.1873683662824183,"[-0.29, 0.59]",0.4424192161142406,0.9902054167988223,False
Serpin B12,Mean Value (nm),delta_time4_vs_time1,20,17,-0.3379848564089154,"[-0.69, 0.14]",0.1569866500926515,0.9902054167988223,False
Immunoglobulin kappa variable 3D-20,Mean Value (nm),delta_time4_vs_time1,20,17,0.04098938743325013,"[-0.42, 0.49]",0.8676783512851316,0.9902054167988223,False
Probable non-functional immunoglobulin heavy variable 3-16,Mean Value (nm),delta_time4_vs_time1,20,17,0.06286406417259269,"[-0.40, 0.50]",0.7982074464325747,0.9902054167988223,False
Immunoglobulin lambda variable 6-57,Mean Value (nm),delta_time4_vs_time1,20,17,-0.057118423898753566,"[-0.50, 0.41]",0.8163361895007062,0.9902054167988223,False
Fibrinogen alpha chain,Mean Value (nm),delta_time4_vs_time1,20,17,0.441035158813505,"[-0.02, 0.75]",0.05873868651038951,0.9902054167988223,False
Galectin-3-binding protein,Mean Value (nm),delta_time4_vs_time1,20,17,-0.025460766626584,"[-0.47, 0.43]",0.9175957761641558,0.9902054167988223,False
Macrophage colony-stimulating factor 1 receptor,Mean Value (nm),delta_time4_vs_time1,20,17,0.4093857414304355,"[-0.06, 0.73]",0.08176241723214221,0.9902054167988223,False
Phosphatidylinositol-glycan-specific phospholipase D,Mean Value (nm),delta_time4_vs_time1,20,17,0.5897804780729411,"[0.19, 0.82]",0.007864757070471769,0.9902054167988223,False
Serotransferrin,Mean Value (nm),delta_time4_vs_time1,20,17,0.3392373561769813,"[-0.14, 0.69]",0.1553577501692712,0.9902054167988223,False
Integrin alpha-11,Mean Value (nm),delta_time4_vs_time1,20,17,0.180222533061386,"[-0.30, 0.59]",0.4603209106302786,0.9902054167988223,False
Proprotein convertase subtilisin/kexin type 9,Mean Value (nm),delta_time4_vs_time1,20,17,0.13267685958429476,"[-0.34, 0.55]",0.5881859446488956,0.9902054167988223,False
Gelsolin,Mean Value (nm),delta_time4_vs_time1,20,17,0.3771777438340141,"[-0.09, 0.71]",0.11140382950220115,0.9902054167988223,False
Proteoglycan 4,Mean Value (nm),delta_time4_vs_time1,20,17,0.1321901005363053,"[-0.34, 0.55]",0.5895677969427131,0.9902054167988223,False
Vascular cell adhesion protein 1,Mean Value (nm),delta_time4_vs_time1,20,17,0.25632212901203316,"[-0.22, 0.64]",0.2894826103547309,0.9902054167988223,False
Adhesion G protein-coupled receptor F5,Mean Value (nm),delta_time4_vs_time1,20,17,-0.1763260688993217,"[-0.58, 0.30]",0.470234919780506,0.9902054167988223,False
Insulin-like growth factor-binding protein 3,Mean Value (nm),delta_time4_vs_time1,20,17,-0.06142759599220057,"[-0.50, 0.40]",0.8027309292942383,0.9902054167988223,False
Transthyretin,Mean Value (nm),delta_time4_vs_time1,20,17,0.12891830832128356,"[-0.35, 0.55]",0.5988910868772945,0.9902054167988223,False
Coiled-coil domain-containing protein 126,Mean Value (nm),delta_time4_vs_time1,20,17,0.18028845247009254,"[-0.30, 0.59]",0.46015410761348297,0.9902054167988223,False
Guanine nucleotide-binding protein G(i) subunit alpha-2,Mean Value (nm),delta_time4_vs_time1,20,17,-0.4496457872534106,"[-0.75, 0.01]",0.05341948074955592,0.9902054167988223,False
Apolipoprotein C-I,Mean Value (nm),delta_time4_vs_time1,20,17,0.07370225371653251,"[-0.39, 0.51]",0.7642851204913087,0.9902054167988223,False
Syntenin-1,Mean Value (nm),delta_time4_vs_time1,20,17,-0.2303168115157303,"[-0.62, 0.25]",0.3428189072236544,0.9902054167988223,False
Phospholipid transfer protein,Mean Value (nm),delta_time4_vs_time1,20,17,0.08979971989578926,"[-0.38, 0.52]",0.7146678702314604,0.9902054167988223,False
Laminin subunit beta-1,Mean Value (nm),delta_time4_vs_time1,20,17,-0.2598172489725592,"[-0.64, 0.22]",0.2827256412348874,0.9902054167988223,False
Proline-rich protein 4,Mean Value (nm),delta_time4_vs_time1,20,17,-0.14928825555070097,"[-0.57, 0.33]",0.5418691203023094,0.9902054167988223,False
Immunoglobulin kappa variable 2-28;Immunoglobulin kappa variable 2D-28,Mean Value (nm),delta_time4_vs_time1,20,17,-0.2160472061176748,"[-0.61, 0.26]",0.3743509888073181,0.9902054167988223,False
Complement C3,Mean Value (nm),delta_time4_vs_time1,20,17,0.39013762110056016,"[-0.08, 0.72]",0.09867382037809215,0.9902054167988223,False
Thyroxine-binding globulin,Mean Value (nm),delta_time4_vs_time1,20,17,0.18831754746925897,"[-0.29, 0.59]",0.44006891606622955,0.9902054167988223,False
Immunoglobulin kappa variable 1D-13;Immunoglobulin kappa variable 1-13,Mean Value (nm),delta_time4_vs_time1,20,17,-0.0697981699828013,"[-0.51, 0.40]",0.7764605706633868,0.9902054167988223,False
Complement factor H-related protein 5,Mean Value (nm),delta_time4_vs_time1,20,17,0.3469526877363031,"[-0.13, 0.69]",0.1455804433656879,0.9902054167988223,False
Immunoglobulin lambda variable 2-23,Mean Value (nm),delta_time4_vs_time1,20,17,0.19297136749518598,"[-0.29, 0.60]",0.42864016482843825,0.9902054167988223,False
Coagulation factor VII,Mean Value (nm),delta_time4_vs_time1,20,17,-0.15356898998050086,"[-0.57, 0.32]",0.5302080945697537,0.9902054167988223,False
Immunoglobulin heavy constant gamma 4,Mean Value (nm),delta_time4_vs_time1,20,17,0.2727655421826952,"[-0.21, 0.65]",0.2585474861744027,0.9902054167988223,False
L-lactate dehydrogenase B chain,Mean Value (nm),delta_time4_vs_time1,20,17,-0.04092682752461836,"[-0.49, 0.42]",0.8678786180299437,0.9902054167988223,False
Zinc-alpha-2-glycoprotein,Mean Value (nm),delta_time4_vs_time1,20,17,0.2689784127537259,"[-0.21, 0.64]",0.2654798880116121,0.9902054167988223,False
"Dihydrolipoyllysine-residue succinyltransferase component of 2-oxoglutarate dehydrogenase complex, mitochondrial",Mean Value (nm),delta_time4_vs_time1,20,17,0.3610906075706022,"[-0.11, 0.70]",0.12879057405325067,0.9902054167988223,False
Serpin B3,Mean Value (nm),delta_time4_vs_time1,20,17,-0.3292826496690251,"[-0.68, 0.15]",0.16862917579381737,0.9902054167988223,False
Immunoglobulin heavy variable 3-33,Mean Value (nm),delta_time4_vs_time1,20,17,0.08293007242687785,"[-0.39, 0.52]",0.7357210681869429,0.9902054167988223,False
Follistatin-related protein 1,Mean Value (nm),delta_time4_vs_time1,20,17,0.21589774269385578,"[-0.26, 0.61]",0.37468962185357946,0.9902054167988223,False
Cholesteryl ester transfer protein,Mean Value (nm),delta_time4_vs_time1,20,17,0.36669252312239276,"[-0.11, 0.70]",0.12253221882384092,0.9902054167988223,False
Complement C1q subcomponent subunit C,Mean Value (nm),delta_time4_vs_time1,20,17,-0.06402357182064114,"[-0.50, 0.40]",0.7945605983604127,0.9902054167988223,False
Immunoglobulin heavy variable 4-30-2,Mean Value (nm),delta_time4_vs_time1,20,17,0.12691844421278337,"[-0.35, 0.55]",0.6046196035935434,0.9902054167988223,False
Thrombospondin-4,Mean Value (nm),delta_time4_vs_time1,20,17,-0.05921737117708568,"[-0.50, 0.41]",0.8097026942299139,0.9902054167988223,False
Transketolase,Mean Value (nm),delta_time4_vs_time1,20,17,-0.44586255569548905,"[-0.75, 0.01]",0.05570960965638307,0.9902054167988223,False
Complement receptor type 2,Mean Value (nm),delta_time4_vs_time1,20,17,-0.047824005808719636,"[-0.49, 0.42]",0.8458483385269253,0.9902054167988223,False
Immunoglobulin kappa variable 2-40;Immunoglobulin kappa variable 2D-40,Mean Value (nm),delta_time4_vs_time1,20,17,-0.22582920295984907,"[-0.62, 0.25]",0.3525642680001325,0.9902054167988223,False
Immunoglobulin kappa variable 3D-7,Mean Value (nm),delta_time4_vs_time1,20,17,0.01239627967738212,"[-0.44, 0.46]",0.9598296100182433,0.9902054167988223,False
Immunoglobulin heavy variable 3-64,Mean Value (nm),delta_time4_vs_time1,20,17,-0.33301870861318117,"[-0.68, 0.14]",0.16356085496672754,0.9902054167988223,False
Vitronectin,Mean Value (nm),delta_time4_vs_time1,20,17,0.41732593837911897,"[-0.05, 0.73]",0.07544783748622981,0.9902054167988223,False
Complement component C8 gamma chain,Mean Value (nm),delta_time4_vs_time1,20,17,0.2083681312659894,"[-0.27, 0.61]",0.3919707387905964,0.9902054167988223,False
Immunoglobulin heavy variable 5-51,Mean Value (nm),delta_time4_vs_time1,20,17,-0.4095390482254033,"[-0.73, 0.05]",0.08163692963280549,0.9902054167988223,False
Coagulation factor V,Mean Value (nm),delta_time4_vs_time1,20,17,0.13308909077897216,"[-0.34, 0.55]",0.5870167332254945,0.9902054167988223,False
Protein S100-A7,Mean Value (nm),delta_time4_vs_time1,20,17,-0.02568639181245683,"[-0.47, 0.43]",0.9168679324548833,0.9902054167988223,False
Arginase-1,Mean Value (nm),delta_time4_vs_time1,20,17,-0.20498997470576458,"[-0.60, 0.27]",0.3998641574255716,0.9902054167988223,False
Protein-glutamine gamma-glutamyltransferase K,Mean Value (nm),delta_time4_vs_time1,20,17,-0.19615546706348166,"[-0.60, 0.28]",0.4209120963184514,0.9902054167988223,False
Immunoglobulin kappa variable 4-1,Mean Value (nm),delta_time4_vs_time1,20,17,-0.2612721651301308,"[-0.64, 0.22]",0.2799417917269212,0.9902054167988223,False
Coagulation factor XIII B chain,Mean Value (nm),delta_time4_vs_time1,20,17,0.1959109969639876,"[-0.28, 0.60]",0.42150279680715286,0.9902054167988223,False
Apolipoprotein C-II,Mean Value (nm),delta_time4_vs_time1,20,17,-0.2338641906838175,"[-0.62, 0.25]",0.33522731192396504,0.9902054167988223,False
Bone marrow proteoglycan,Mean Value (nm),delta_time4_vs_time1,20,17,-0.0850275722788903,"[-0.52, 0.38]",0.7292729989447806,0.9902054167988223,False
Apolipoprotein A-I,Mean Value (nm),delta_time4_vs_time1,20,17,0.21540042881992078,"[-0.26, 0.61]",0.3758176029408702,0.9902054167988223,False
Coagulation factor X,Mean Value (nm),delta_time4_vs_time1,20,17,0.05419301797700513,"[-0.41, 0.50]",0.825601507968584,0.9902054167988223,False
Thioredoxin,Mean Value (nm),delta_time4_vs_time1,20,17,-0.34231693124903484,"[-0.69, 0.13]",0.15140234685347415,0.9902054167988223,False
Immunoglobulin heavy variable 3-15,Mean Value (nm),delta_time4_vs_time1,20,17,0.15364481246932227,"[-0.32, 0.57]",0.5300025981620508,0.9902054167988223,False
Proteasome subunit beta type-2,Mean Value (nm),delta_time4_vs_time1,20,17,-0.555469394084734,"[-0.81, -0.14]",0.013546810232087295,0.9902054167988223,False
Apolipoprotein A-II,Mean Value (nm),delta_time4_vs_time1,20,17,0.2181839008177991,"[-0.26, 0.61]",0.36952879572610675,0.9902054167988223,False
Immunoglobulin heavy constant gamma 2,Mean Value (nm),delta_time4_vs_time1,20,17,0.37695165948546494,"[-0.09, 0.71]",0.11163585284228543,0.9902054167988223,False
Plakophilin-1,Mean Value (nm),delta_time4_vs_time1,20,17,-0.3101567619441092,"[-0.67, 0.17]",0.19624945916144299,0.9902054167988223,False
Fetuin-B,Mean Value (nm),delta_time4_vs_time1,20,17,0.05386208761889901,"[-0.41, 0.50]",0.8266510418629346,0.9902054167988223,False
Complement factor H-related protein 3,Mean Value (nm),delta_time4_vs_time1,20,17,-0.2503244985850056,"[-0.63, 0.23]",0.3013056160249026,0.9902054167988223,False
Plasminogen,Mean Value (nm),delta_time4_vs_time1,20,17,0.09294989712697341,"[-0.38, 0.52]",0.705078185843933,0.9902054167988223,False
Fermitin family homolog 3,Mean Value (nm),delta_time4_vs_time1,20,17,-0.09838773127666775,"[-0.53, 0.37]",0.6886249471201101,0.9902054167988223,False
Immunoglobulin heavy variable 3-21,Mean Value (nm),delta_time4_vs_time1,20,17,-0.255681158840277,"[-0.64, 0.22]",0.2907323964658429,0.9902054167988223,False
Immunoglobulin heavy variable 2-26,Mean Value (nm),delta_time4_vs_time1,20,17,-0.04565264323032042,"[-0.49, 0.42]",0.8527728565327803,0.9902054167988223,False
Immunoglobulin kappa variable 1-12;Immunoglobulin kappa variable 1D-12,Mean Value (nm),delta_time4_vs_time1,20,17,0.013181174745866367,"[-0.44, 0.46]",0.957288285215234,0.9902054167988223,False
Immunoglobulin heavy constant gamma 3,Mean Value (nm),delta_time4_vs_time1,20,17,0.12210630540920876,"[-0.35, 0.55]",0.6184942350625565,0.9902054167988223,False
Immunoglobulin kappa variable 2D-29,Mean Value (nm),delta_time4_vs_time1,20,17,0.17883732228762517,"[-0.30, 0.59]",0.4638331562368584,0.9902054167988223,False
Neogenin,Mean Value (nm),delta_time4_vs_time1,20,17,-0.1351199179052522,"[-0.56, 0.34]",0.5812710356595379,0.9902054167988223,False
Immunoglobulin heavy variable 6-1,Mean Value (nm),delta_time4_vs_time1,20,17,-0.10819916292807401,"[-0.54, 0.36]",0.6592787690696643,0.9902054167988223,False
L-selectin,Mean Value (nm),delta_time4_vs_time1,20,17,0.06442384513447194,"[-0.40, 0.50]",0.7933026136591896,0.9902054167988223,False
Immunoglobulin lambda constant 3,Mean Value (nm),delta_time4_vs_time1,20,17,0.3532719294390896,"[-0.12, 0.70]",0.1378976683111093,0.9902054167988223,False
A disintegrin and metalloproteinase with thrombospondin motifs 13,Mean Value (nm),delta_time4_vs_time1,20,17,-0.24571038396880096,"[-0.63, 0.23]",0.31059703712159636,0.9902054167988223,False
von Willebrand factor,Mean Value (nm),delta_time4_vs_time1,20,17,0.37345974971718826,"[-0.10, 0.71]",0.11526357717901184,0.9902054167988223,False
Neutral alpha-glucosidase AB,Mean Value (nm),delta_time4_vs_time1,20,17,-0.1279640815178077,"[-0.55, 0.35]",0.6016216368150002,0.9902054167988223,False
Carbonic anhydrase 1,Mean Value (nm),delta_time4_vs_time1,20,17,0.20244932494291903,"[-0.28, 0.60]",0.40585738300588026,0.9902054167988223,False
Immunoglobulin lambda variable 4-60,Mean Value (nm),delta_time4_vs_time1,20,17,-0.13251797570609886,"[-0.55, 0.34]",0.5886368479524142,0.9902054167988223,False
Integrin beta-1,Mean Value (nm),delta_time4_vs_time1,20,17,0.08767882144847688,"[-0.38, 0.52]",0.7211474874276422,0.9902054167988223,False
Immunoglobulin lambda variable 3-12,Mean Value (nm),delta_time4_vs_time1,20,17,0.1450270153776935,"[-0.33, 0.56]",0.5535911528801086,0.9902054167988223,False
Alpha-amylase 1B;Alpha-amylase 1C;Alpha-amylase 1A,Mean Value (nm),delta_time4_vs_time1,20,17,-0.2666653044740621,"[-0.64, 0.21]",0.26977070444285733,0.9902054167988223,False
Lumican,Mean Value (nm),delta_time4_vs_time1,20,17,0.17481852846532664,"[-0.30, 0.58]",0.4740991634160717,0.9902054167988223,False
Beta-Ala-His dipeptidase,Mean Value (nm),delta_time4_vs_time1,20,17,-0.049863399441385126,"[-0.49, 0.41]",0.8393545006971692,0.9902054167988223,False
Immunoglobulin alpha-2 heavy chain,Mean Value (nm),delta_time4_vs_time1,20,17,0.136018592179601,"[-0.34, 0.56]",0.5787361266377737,0.9902054167988223,False
Complement C5,Mean Value (nm),delta_time4_vs_time1,20,17,-0.17928864673469413,"[-0.59, 0.30]",0.46268732235735244,0.9902054167988223,False
Protein S100-A8,Mean Value (nm),delta_time4_vs_time1,20,17,-0.27677060768439066,"[-0.65, 0.20]",0.2513413558539615,0.9902054167988223,False
Immunoglobulin lambda variable 3-25,Mean Value (nm),delta_time4_vs_time1,20,17,-0.019586843005356687,"[-0.47, 0.44]",0.9365649152738098,0.9902054167988223,False
Leukocyte immunoglobulin-like receptor subfamily B member 3;Leukocyte immunoglobulin-like receptor subfamily A member 6,Mean Value (nm),delta_time4_vs_time1,20,17,0.46409393024520956,"[0.01, 0.76]",0.04532474995132101,0.9902054167988223,False
Collagen alpha-3(VI) chain,Mean Value (nm),delta_time4_vs_time1,20,17,-0.1951241694016041,"[-0.60, 0.28]",0.42340696330227157,0.9902054167988223,False
Immunoglobulin kappa variable 1-39;Immunoglobulin kappa variable 1D-39,Mean Value (nm),delta_time4_vs_time1,20,17,-0.009509968221488386,"[-0.46, 0.45]",0.9691778886428628,0.9902054167988223,False
Bleomycin hydrolase,Mean Value (nm),delta_time4_vs_time1,20,17,-0.2768097657990232,"[-0.65, 0.20]",0.2512715354866463,0.9902054167988223,False
CD166 antigen,Mean Value (nm),delta_time4_vs_time1,20,17,0.026060192239115074,"[-0.43, 0.47]",0.9156622302156459,0.9902054167988223,False
Beta-2-microglobulin,Mean Value (nm),delta_time4_vs_time1,20,17,0.385663175553562,"[-0.08, 0.71]",0.10294336980179848,0.9902054167988223,False
Amino acid transporter heavy chain SLC3A2,Mean Value (nm),delta_time4_vs_time1,20,17,0.3684136787303014,"[-0.10, 0.70]",0.12065348784237871,0.9902054167988223,False
Haptoglobin-related protein,Mean Value (nm),delta_time4_vs_time1,20,17,0.1346845675955812,"[-0.34, 0.55]",0.5825007312830655,0.9902054167988223,False
Alpha-1-acid glycoprotein 1,Mean Value (nm),delta_time4_vs_time1,20,17,0.04861760460488555,"[-0.41, 0.49]",0.8433202067338297,0.9902054167988223,False
Serum paraoxonase/arylesterase 1,Mean Value (nm),delta_time4_vs_time1,20,17,0.4123843544738874,"[-0.05, 0.73]",0.07933360286414799,0.9902054167988223,False
Target of Nesh-SH3,Mean Value (nm),delta_time4_vs_time1,20,17,-0.4834128106483558,"[-0.77, -0.04]",0.03600873741640433,0.9902054167988223,False
Intercellular adhesion molecule 1,Mean Value (nm),delta_time4_vs_time1,20,17,0.21505312215406344,"[-0.27, 0.61]",0.3766064738025908,0.9902054167988223,False
Complement C4-A,Mean Value (nm),delta_time4_vs_time1,20,17,0.08176163117920862,"[-0.39, 0.52]",0.7393204358877897,0.9902054167988223,False
Coagulation factor XIII A chain,Mean Value (nm),delta_time4_vs_time1,20,17,0.07296253336984805,"[-0.39, 0.51]",0.7665880761180943,0.9902054167988223,False
Immunoglobulin mu heavy chain,Mean Value (nm),delta_time4_vs_time1,20,17,0.23966366670676495,"[-0.24, 0.63]",0.3230300937935543,0.9902054167988223,False
Oncoprotein-induced transcript 3 protein,Mean Value (nm),delta_time4_vs_time1,20,17,0.04232770690616137,"[-0.42, 0.49]",0.8633959905848991,0.9902054167988223,False
Peroxiredoxin-2,Mean Value (nm),delta_time4_vs_time1,20,17,-0.19507107354796277,"[-0.60, 0.28]",0.4235356227135584,0.9902054167988223,False
Tissue factor pathway inhibitor,Mean Value (nm),delta_time4_vs_time1,20,17,-0.04172832173090647,"[-0.49, 0.42]",0.8653134621740585,0.9902054167988223,False
Progranulin,Mean Value (nm),delta_time4_vs_time1,20,17,0.2644906214998249,"[-0.22, 0.64]",0.27384391603440567,0.9902054167988223,False
Histone H2B type 1-K;Histone H2B type F-S,Mean Value (nm),delta_time4_vs_time1,20,17,-0.011277923472177829,"[-0.46, 0.45]",0.9634512468425547,0.9902054167988223,False
Hemoglobin subunit delta,Mean Value (nm),delta_time4_vs_time1,20,17,-0.04643593688548375,"[-0.49, 0.42]",0.8502737021176784,0.9902054167988223,False
Glutathione S-transferase P,Mean Value (nm),delta_time4_vs_time1,20,17,-0.2759919954963678,"[-0.65, 0.20]",0.252732202738706,0.9902054167988223,False
Annexin A6,Mean Value (nm),delta_time4_vs_time1,20,17,0.23203175426715045,"[-0.25, 0.62]",0.3391364586664849,0.9902054167988223,False
Complement factor H-related protein 1,Mean Value (nm),delta_time4_vs_time1,20,17,0.057454561776183445,"[-0.41, 0.50]",0.8152730456460304,0.9902054167988223,False
Protein KPLCE,Mean Value (nm),delta_time4_vs_time1,20,17,-0.23163570858508997,"[-0.62, 0.25]",0.33998482165733823,0.9902054167988223,False
Immunoglobulin heavy variable 4-4,Mean Value (nm),delta_time4_vs_time1,20,17,0.07554625314613525,"[-0.39, 0.51]",0.758552514945394,0.9902054167988223,False
Alpha-1B-glycoprotein,Mean Value (nm),delta_time4_vs_time1,20,17,0.19731288409615816,"[-0.28, 0.60]",0.41812149001019594,0.9902054167988223,False
Properdin,Mean Value (nm),delta_time4_vs_time1,20,17,0.3108608645665892,"[-0.17, 0.67]",0.1951824147010853,0.9902054167988223,False
Immunoglobulin heavy variable 3-53,Mean Value (nm),delta_time4_vs_time1,20,17,0.15131038723831938,"[-0.33, 0.57]",0.5363462306986653,0.9902054167988223,False
Calmodulin-like protein 5,Mean Value (nm),delta_time4_vs_time1,20,17,-0.30391469360479356,"[-0.67, 0.17]",0.20587890780326767,0.9902054167988223,False
Carboxypeptidase B2,Mean Value (nm),delta_time4_vs_time1,20,17,0.09579372516532295,"[-0.37, 0.53]",0.6964574545747964,0.9902054167988223,False
"Sushi, nidogen and EGF-like domain-containing protein 1",Mean Value (nm),delta_time4_vs_time1,20,17,-0.044257305746880006,"[-0.49, 0.42]",0.8572280948149298,0.9902054167988223,False
Proteasome subunit alpha type-5,Mean Value (nm),delta_time4_vs_time1,20,17,-0.5512444768797748,"[-0.80, -0.13]",0.014429629305753585,0.9902054167988223,False
Bifunctional heparan sulfate N-deacetylase/N-sulfotransferase 4,Mean Value (nm),delta_time4_vs_time1,20,17,0.25732558325491744,"[-0.22, 0.64]",0.28753265182575555,0.9902054167988223,False
Immunoglobulin heavy variable 3-9,Mean Value (nm),delta_time4_vs_time1,20,17,0.343195553528645,"[-0.13, 0.69]",0.15028673976046097,0.9902054167988223,False
Neural cell adhesion molecule L1-like protein,Mean Value (nm),delta_time4_vs_time1,20,17,0.024198749936321397,"[-0.43, 0.47]",0.9216680543010203,0.9902054167988223,False
Proteasome subunit alpha type-2,Mean Value (nm),delta_time4_vs_time1,20,17,-0.2977593577207207,"[-0.66, 0.18]",0.21567485454522276,0.9902054167988223,False
Intercellular adhesion molecule 3,Mean Value (nm),delta_time4_vs_time1,20,17,0.2404349737491092,"[-0.24, 0.63]",0.3214279867994334,0.9902054167988223,False
Receptor-type tyrosine-protein phosphatase eta,Mean Value (nm),delta_time4_vs_time1,20,17,0.26049649980411993,"[-0.22, 0.64]",0.28142384324650044,0.9902054167988223,False
ADAMTS-like protein 4,Mean Value (nm),delta_time4_vs_time1,20,17,-0.31919815806103335,"[-0.68, 0.16]",0.182840832206035,0.9902054167988223,False
Immunoglobulin lambda variable 3-21,Mean Value (nm),delta_time4_vs_time1,20,17,0.07700406278613493,"[-0.39, 0.51]",0.7540289968123371,0.9902054167988223,False
Cartilage oligomeric matrix protein,Mean Value (nm),delta_time4_vs_time1,20,17,0.0028794197783688015,"[-0.45, 0.46]",0.9906657916998215,0.9975064507964061,False
Neural cell adhesion molecule 1,Mean Value (nm),delta_time4_vs_time1,20,17,-0.23159885024405588,"[-0.62, 0.25]",0.34006383810748864,0.9902054167988223,False
Immunoglobulin lambda variable 2-11,Mean Value (nm),delta_time4_vs_time1,20,17,-0.324904300648257,"[-0.68, 0.15]",0.17470376667453616,0.9902054167988223,False
Immunoglobulin kappa variable 1D-33;Immunoglobulin kappa variable 1-33,Mean Value (nm),delta_time4_vs_time1,20,17,-0.2887232942373381,"[-0.66, 0.19]",0.2305992448633903,0.9902054167988223,False
Beta-2-glycoprotein 1,Mean Value (nm),delta_time4_vs_time1,20,17,0.15097074551612336,"[-0.33, 0.57]",0.5372720656154071,0.9902054167988223,False
Vitamin D-binding protein,Mean Value (nm),delta_time4_vs_time1,20,17,0.2027053620484602,"[-0.28, 0.60]",0.40525121038135326,0.9902054167988223,False
Filamin-A,Mean Value (nm),delta_time4_vs_time1,20,17,-0.06122495873708515,"[-0.50, 0.40]",0.8033695273918335,0.9902054167988223,False
Reelin,Mean Value (nm),delta_time4_vs_time1,20,17,0.05733732886184174,"[-0.41, 0.50]",0.8156437973424261,0.9902054167988223,False
Immunoglobulin lambda variable 5-39,Mean Value (nm),delta_time4_vs_time1,20,17,0.00634528818025439,"[-0.45, 0.46]",0.9794321382604616,0.9938214448950423,False
Fatty acid-binding protein 5,Mean Value (nm),delta_time4_vs_time1,20,17,-0.1983875893317605,"[-0.60, 0.28]",0.4155391965929014,0.9902054167988223,False
"HLA class I histocompatibility antigen, A alpha chain",Mean Value (nm),delta_time4_vs_time1,20,17,0.21642577522922712,"[-0.26, 0.61]",0.37349405024763394,0.9902054167988223,False
Low affinity immunoglobulin gamma Fc region receptor III-A,Mean Value (nm),delta_time4_vs_time1,20,17,0.35047077964687195,"[-0.12, 0.69]",0.14126739160999197,0.9902054167988223,False
Heat shock 70 kDa protein 1A;Heat shock 70 kDa protein 1B,Mean Value (nm),delta_time4_vs_time1,20,17,0.13147376861902446,"[-0.34, 0.55]",0.5916038487564735,0.9902054167988223,False
Apolipoprotein D,Mean Value (nm),delta_time4_vs_time1,20,17,0.3261821113201185,"[-0.15, 0.68]",0.17291580399223505,0.9902054167988223,False
Plexin-B1,Mean Value (nm),delta_time4_vs_time1,20,17,0.054253370359881474,"[-0.41, 0.50]",0.8254101330037085,0.9902054167988223,False
Immunoglobulin heavy variable 1-58,Mean Value (nm),delta_time4_vs_time1,20,17,-0.09762162286116088,"[-0.53, 0.37]",0.6909350704527631,0.9902054167988223,False
Apolipoprotein C-IV,Mean Value (nm),delta_time4_vs_time1,20,17,-0.20953353619406093,"[-0.61, 0.27]",0.38926771995494636,0.9902054167988223,False
Monocyte differentiation antigen CD14,Mean Value (nm),delta_time4_vs_time1,20,17,0.0684127730961335,"[-0.40, 0.51]",0.7807933138418753,0.9902054167988223,False
Protein MENT,Mean Value (nm),delta_time4_vs_time1,20,17,-0.2791926799312054,"[-0.65, 0.20]",0.24704584159803858,0.9902054167988223,False
Immunoglobulin epsilon heavy chain,Mean Value (nm),delta_time4_vs_time1,20,17,-0.1592164238064471,"[-0.57, 0.32]",0.5150036976693771,0.9902054167988223,False
Complement factor H,Mean Value (nm),delta_time4_vs_time1,20,17,0.2827067102963419,"[-0.20, 0.65]",0.24089729381620928,0.9902054167988223,False
Stabilin-1,Mean Value (nm),delta_time4_vs_time1,20,17,0.06530155419624917,"[-0.40, 0.50]",0.7905458511569611,0.9902054167988223,False
Macrophage receptor MARCO,Mean Value (nm),delta_time4_vs_time1,20,17,-0.10305639339348618,"[-0.53, 0.37]",0.6746046942548487,0.9902054167988223,False
Protein POF1B,Mean Value (nm),delta_time4_vs_time1,20,17,-0.2989145215725377,"[-0.66, 0.18]",0.21381364442086714,0.9902054167988223,False
Phosphatidylcholine-sterol acyltransferase,Mean Value (nm),delta_time4_vs_time1,20,17,0.05241152814065659,"[-0.41, 0.49]",0.8312547384509514,0.9902054167988223,False
Clusterin,Mean Value (nm),delta_time4_vs_time1,20,17,0.009584305720678258,"[-0.45, 0.46]",0.9689370686434743,0.9902054167988223,False
Platelet-activating factor acetylhydrolase,Mean Value (nm),delta_time4_vs_time1,20,17,-0.046167496649498985,"[-0.49, 0.42]",0.8511300271513227,0.9902054167988223,False
Vasorin,Mean Value (nm),delta_time4_vs_time1,20,17,0.12301517259097636,"[-0.35, 0.55]",0.6158640664826813,0.9902054167988223,False
Myeloperoxidase,Mean Value (nm),delta_time4_vs_time1,20,17,-0.332446154674048,"[-0.68, 0.14]",0.1643307302032756,0.9902054167988223,False
Immunoglobulin lambda variable 5-52,Mean Value (nm),delta_time4_vs_time1,20,17,-0.32418802383608514,"[-0.68, 0.15]",0.1757114713488637,0.9902054167988223,False
Carboxypeptidase N catalytic chain,Mean Value (nm),delta_time4_vs_time1,20,17,-0.11518244392399529,"[-0.54, 0.36]",0.6386752641259856,0.9902054167988223,False
Fibrinogen gamma chain,Mean Value (nm),delta_time4_vs_time1,20,17,0.06812814958384997,"[-0.40, 0.51]",0.7816842270347751,0.9902054167988223,False
Soluble scavenger receptor cysteine-rich domain-containing protein SSC5D,Mean Value (nm),delta_time4_vs_time1,20,17,-0.2240866098107017,"[-0.62, 0.26]",0.3563909789426196,0.9902054167988223,False
Tetranectin,Mean Value (nm),delta_time4_vs_time1,20,17,0.13725147712072122,"[-0.34, 0.56]",0.5752662048557606,0.9902054167988223,False
Apolipoprotein(a),Mean Value (nm),delta_time4_vs_time1,20,17,0.1437080854560856,"[-0.33, 0.56]",0.5572420427930525,0.9902054167988223,False
Alpha-2-antiplasmin,Mean Value (nm),delta_time4_vs_time1,20,17,0.15982269214347752,"[-0.32, 0.57]",0.5133837946924891,0.9902054167988223,False
Retroviral-like aspartic protease 1,Mean Value (nm),delta_time4_vs_time1,20,17,-0.24131689150124266,"[-0.63, 0.24]",0.31960191453282283,0.9902054167988223,False
Ficolin-3,Mean Value (nm),delta_time4_vs_time1,20,17,-0.08659936225326136,"[-0.52, 0.38]",0.7244524029692732,0.9902054167988223,False
Immunoglobulin kappa variable 2-24,Mean Value (nm),delta_time4_vs_time1,20,17,0.037773440193261884,"[-0.42, 0.48]",0.8779829754059071,0.9902054167988223,False
Immunoglobulin superfamily containing leucine-rich repeat protein,Mean Value (nm),delta_time4_vs_time1,20,17,-0.14299539840783282,"[-0.56, 0.33]",0.5592192319713543,0.9902054167988223,False
Complement factor D,Mean Value (nm),delta_time4_vs_time1,20,17,-0.04613020568047338,"[-0.49, 0.42]",0.8512489980787319,0.9902054167988223,False
Vitamin K-dependent protein Z,Mean Value (nm),delta_time4_vs_time1,20,17,0.2978855559216856,"[-0.18, 0.66]",0.21547100895256532,0.9902054167988223,False
EGF-containing fibulin-like extracellular matrix protein 1,Mean Value (nm),delta_time4_vs_time1,20,17,0.0438234675918721,"[-0.42, 0.49]",0.8586141659816587,0.9902054167988223,False
Dipeptidase 2,Mean Value (nm),delta_time4_vs_time1,20,17,0.3296493991046297,"[-0.15, 0.68]",0.16812696479565492,0.9902054167988223,False
Myeloblastin,Mean Value (nm),delta_time4_vs_time1,20,17,-0.21470670461224386,"[-0.61, 0.27]",0.37739424875935623,0.9902054167988223,False
Neurogenic locus notch homolog protein 1,Mean Value (nm),delta_time4_vs_time1,20,17,-0.2623348579742312,"[-0.64, 0.22]",0.27791915891406777,0.9902054167988223,False
Vitamin K-dependent protein S,Mean Value (nm),delta_time4_vs_time1,20,17,0.12543591592649267,"[-0.35, 0.55]",0.6088805866200373,0.9902054167988223,False
Dermcidin,Mean Value (nm),delta_time4_vs_time1,20,17,-0.30620400670608,"[-0.67, 0.17]",0.2023117521246439,0.9902054167988223,False
Immunoglobulin heavy variable 3-73,Mean Value (nm),delta_time4_vs_time1,20,17,0.1654506707271187,"[-0.31, 0.58]",0.4984622810525319,0.9902054167988223,False
Alpha-2-macroglobulin,Mean Value (nm),delta_time4_vs_time1,20,17,-0.1330299359907928,"[-0.55, 0.34]",0.5871844538459912,0.9902054167988223,False
Cation-independent mannose-6-phosphate receptor,Mean Value (nm),delta_time4_vs_time1,20,17,-0.24928865568031502,"[-0.63, 0.23]",0.30337669088044517,0.9902054167988223,False
Chromodomain-helicase-DNA-binding protein 1;Chromodomain-helicase-DNA-binding protein 2;Chromodomain-helicase-DNA-binding protein 9;Chromodomain-helicase-DNA-binding protein 6;Chromodomain-helicase-DNA-binding protein 8;Chromodomain-helicase-DNA-binding protein 7,Mean Value (nm),delta_time4_vs_time1,20,17,0.21580002367949755,"[-0.26, 0.61]",0.3749111127215322,0.9902054167988223,False
Ceruloplasmin,Mean Value (nm),delta_time4_vs_time1,20,17,0.3413669761644221,"[-0.13, 0.69]",0.15261495781203294,0.9902054167988223,False
Prostaglandin-H2 D-isomerase,Mean Value (nm),delta_time4_vs_time1,20,17,0.06972112592885735,"[-0.40, 0.51]",0.7767013565513577,0.9902054167988223,False
Protein S100-A9,Mean Value (nm),delta_time4_vs_time1,20,17,-0.24472233062766002,"[-0.63, 0.24]",0.31260875268630184,0.9902054167988223,False
Immunoglobulin J chain,Mean Value (nm),delta_time4_vs_time1,20,17,0.1417690796761579,"[-0.33, 0.56]",0.5626285980115295,0.9902054167988223,False
Probable non-functional immunoglobulin kappa variable 3-7,Median Value (nm),delta_time4_vs_time1,20,17,0.35323701165689503,"[-0.12, 0.70]",0.13793932406058163,0.9902054167988223,False
Apolipoprotein A-IV,Median Value (nm),delta_time4_vs_time1,20,17,0.06675005980332648,"[-0.40, 0.51]",0.7860015133417773,0.9902054167988223,False
Coagulation factor XII,Median Value (nm),delta_time4_vs_time1,20,17,-0.1785176295470329,"[-0.59, 0.30]",0.4646456679803269,0.9902054167988223,False
Mannan-binding lectin serine protease 1,Median Value (nm),delta_time4_vs_time1,20,17,0.08038752492641683,"[-0.39, 0.52]",0.7435599956367951,0.9902054167988223,False
Complement factor I,Median Value (nm),delta_time4_vs_time1,20,17,0.26788908765652986,"[-0.21, 0.64]",0.2674952353159824,0.9902054167988223,False
Platelet glycoprotein Ib alpha chain,Median Value (nm),delta_time4_vs_time1,20,17,-0.1244025723986122,"[-0.55, 0.35]",0.6118577117858308,0.9902054167988223,False
Hepatocyte growth factor-like protein,Median Value (nm),delta_time4_vs_time1,20,17,0.18627078206962466,"[-0.29, 0.59]",0.44514509341810204,0.9902054167988223,False
Profilin-1,Median Value (nm),delta_time4_vs_time1,20,17,0.1753321221837379,"[-0.30, 0.58]",0.4727809031125798,0.9902054167988223,False
Peptidase inhibitor 16,Median Value (nm),delta_time4_vs_time1,20,17,0.22348426722936546,"[-0.26, 0.62]",0.3577192234922516,0.9902054167988223,False
Cell surface glycoprotein MUC18,Median Value (nm),delta_time4_vs_time1,20,17,-0.38835516311591606,"[-0.72, 0.08]",0.10035898387038608,0.9902054167988223,False
Adhesion G-protein coupled receptor G6,Median Value (nm),delta_time4_vs_time1,20,17,-0.4083551232413721,"[-0.73, 0.06]",0.08260970882830745,0.9902054167988223,False
Immunoglobulin heavy variable 1-69,Median Value (nm),delta_time4_vs_time1,20,17,0.25552017406993627,"[-0.22, 0.64]",0.29104680740457123,0.9902054167988223,False
Insulin-like growth factor-binding protein complex acid labile subunit,Median Value (nm),delta_time4_vs_time1,20,17,-0.05334921298499468,"[-0.50, 0.41]",0.8282781611042909,0.9902054167988223,False
Plasma serine protease inhibitor,Median Value (nm),delta_time4_vs_time1,20,17,0.5977573626992355,"[0.20, 0.83]",0.006872176634785798,0.9902054167988223,False
Immunoglobulin heavy variable 1-69D,Median Value (nm),delta_time4_vs_time1,20,17,0.010270500881055855,"[-0.45, 0.46]",0.9667142296576721,0.9902054167988223,False
Pancreatic adenocarcinoma up-regulated factor,Median Value (nm),delta_time4_vs_time1,20,17,0.24533540856128958,"[-0.24, 0.63]",0.31135958591336665,0.9902054167988223,False
Immunoglobulin heavy variable 3-64D,Median Value (nm),delta_time4_vs_time1,20,17,0.05040532763638423,"[-0.41, 0.49]",0.8376305453021566,0.9902054167988223,False
Neutrophil gelatinase-associated lipocalin,Median Value (nm),delta_time4_vs_time1,20,17,-0.06125620168343978,"[-0.50, 0.40]",0.803271059495112,0.9902054167988223,False
Lysosome-associated membrane glycoprotein 2,Median Value (nm),delta_time4_vs_time1,20,17,-0.17596374757249494,"[-0.58, 0.30]",0.4711622039707041,0.9902054167988223,False
Corneodesmosin,Median Value (nm),delta_time4_vs_time1,20,17,0.055858658304100195,"[-0.41, 0.50]",0.820323321470506,0.9902054167988223,False
Collagen alpha-1(XVIII) chain,Median Value (nm),delta_time4_vs_time1,20,17,0.24270813518919504,"[-0.24, 0.63]",0.31673381206583,0.9902054167988223,False
Lipopolysaccharide-binding protein,Median Value (nm),delta_time4_vs_time1,20,17,0.07944744908056826,"[-0.39, 0.52]",0.7464645152076523,0.9902054167988223,False
Immunoglobulin heavy variable 3-49,Median Value (nm),delta_time4_vs_time1,20,17,0.4279645002382925,"[-0.03, 0.74]",0.0675632664189666,0.9902054167988223,False
SPARC-like protein 1,Median Value (nm),delta_time4_vs_time1,20,17,-0.04671071047418057,"[-0.49, 0.42]",0.8493973398488024,0.9902054167988223,False
Ras-associated and pleckstrin homology domains-containing protein 1,Median Value (nm),delta_time4_vs_time1,20,17,0.28948225227011765,"[-0.19, 0.66]",0.22932072635131895,0.9902054167988223,False
Alpha-1-acid glycoprotein 2,Median Value (nm),delta_time4_vs_time1,20,17,0.21502480123278325,"[-0.27, 0.61]",0.3766708427153169,0.9902054167988223,False
Immunoglobulin heavy variable 3-20,Median Value (nm),delta_time4_vs_time1,20,17,-0.016503679813970194,"[-0.47, 0.44]",0.946535362215581,0.9902054167988223,False
Neurogenic locus notch homolog protein 2,Median Value (nm),delta_time4_vs_time1,20,17,-0.0702675775876619,"[-0.51, 0.40]",0.7749939528674952,0.9902054167988223,False
Apolipoprotein B-100,Median Value (nm),delta_time4_vs_time1,20,17,0.036387293458798084,"[-0.42, 0.48]",0.8824304001450658,0.9902054167988223,False
CD44 antigen,Median Value (nm),delta_time4_vs_time1,20,17,-0.28601928312535796,"[-0.66, 0.19]",0.23519168875379712,0.9902054167988223,False
Pigment epithelium-derived factor,Median Value (nm),delta_time4_vs_time1,20,17,0.26605399578465755,"[-0.21, 0.64]",0.27091185809969637,0.9902054167988223,False
Xaa-Pro dipeptidase,Median Value (nm),delta_time4_vs_time1,20,17,0.27092863604556505,"[-0.21, 0.65]",0.26189559593071704,0.9902054167988223,False
Immunoglobulin heavy constant delta,Median Value (nm),delta_time4_vs_time1,20,17,0.08454252556897161,"[-0.38, 0.52]",0.7307625863435017,0.9902054167988223,False
Probable non-functional immunoglobulin heavy variable 3-38-3,Median Value (nm),delta_time4_vs_time1,20,17,-0.013823549460138118,"[-0.47, 0.44]",0.9552087037200209,0.9902054167988223,False
Immunoglobulin lambda constant 7,Median Value (nm),delta_time4_vs_time1,20,17,-0.0787153695231146,"[-0.51, 0.39]",0.7487286669629122,0.9902054167988223,False
Receptor-type tyrosine-protein phosphatase gamma,Median Value (nm),delta_time4_vs_time1,20,17,0.20609001237933017,"[-0.27, 0.60]",0.3972843256669335,0.9902054167988223,False
Afamin,Median Value (nm),delta_time4_vs_time1,20,17,0.06179297331355483,"[-0.40, 0.50]",0.8015797691796498,0.9902054167988223,False
Pyruvate kinase PKLR,Median Value (nm),delta_time4_vs_time1,20,17,0.1307388185568717,"[-0.34, 0.55]",0.5936958635454982,0.9902054167988223,False
Insulin-like growth factor 2,Median Value (nm),delta_time4_vs_time1,20,17,0.3947228549004822,"[-0.07, 0.72]",0.09443325084627441,0.9902054167988223,False
CD109 antigen,Median Value (nm),delta_time4_vs_time1,20,17,0.2890923795721943,"[-0.19, 0.66]",0.22997692096584688,0.9902054167988223,False
ADP-ribosyl cyclase/cyclic ADP-ribose hydrolase 2,Median Value (nm),delta_time4_vs_time1,20,17,0.07206372355213615,"[-0.40, 0.51]",0.7693888433631059,0.9902054167988223,False
Dedicator of cytokinesis protein 4,Median Value (nm),delta_time4_vs_time1,20,17,0.09504503318950024,"[-0.38, 0.53]",0.6987236235757066,0.9902054167988223,False
Complement factor H-related protein 2,Median Value (nm),delta_time4_vs_time1,20,17,0.10307780498656245,"[-0.37, 0.53]",0.6745406257434692,0.9902054167988223,False
Selenoprotein P,Median Value (nm),delta_time4_vs_time1,20,17,0.10065355708502935,"[-0.37, 0.53]",0.6818080707715919,0.9902054167988223,False
Adipocyte plasma membrane-associated protein,Median Value (nm),delta_time4_vs_time1,20,17,-0.21645631711837932,"[-0.61, 0.26]",0.373424962985646,0.9902054167988223,False
Immunoglobulin heavy constant alpha 2,Median Value (nm),delta_time4_vs_time1,20,17,0.1317419572008899,"[-0.34, 0.55]",0.5908412245834156,0.9902054167988223,False
Lactotransferrin,Median Value (nm),delta_time4_vs_time1,20,17,0.15079577912022168,"[-0.33, 0.57]",0.5377492939429218,0.9902054167988223,False
Alpha-enolase,Median Value (nm),delta_time4_vs_time1,20,17,-0.18548130751370495,"[-0.59, 0.29]",0.4471111376123752,0.9902054167988223,False
Immunoglobulin heavy constant gamma 1,Median Value (nm),delta_time4_vs_time1,20,17,0.20527728085867578,"[-0.27, 0.60]",0.3991894796695903,0.9902054167988223,False
Collectin-10,Median Value (nm),delta_time4_vs_time1,20,17,-0.07537413154593837,"[-0.51, 0.39]",0.7590870996599879,0.9902054167988223,False
Lysosome-associated membrane glycoprotein 1,Median Value (nm),delta_time4_vs_time1,20,17,-0.08428485321578787,"[-0.52, 0.38]",0.7315542786588665,0.9902054167988223,False
Cathelicidin antimicrobial peptide,Median Value (nm),delta_time4_vs_time1,20,17,0.35546531554270827,"[-0.12, 0.70]",0.13529865063911845,0.9902054167988223,False
Fibroblast growth factor-binding protein 2,Median Value (nm),delta_time4_vs_time1,20,17,-0.06387844853686658,"[-0.50, 0.40]",0.7950168140053158,0.9902054167988223,False
Lymphatic vessel endothelial hyaluronic acid receptor 1,Median Value (nm),delta_time4_vs_time1,20,17,-0.2101784644587486,"[-0.61, 0.27]",0.38777632613607527,0.9902054167988223,False
Haptoglobin,Median Value (nm),delta_time4_vs_time1,20,17,0.24366757543562992,"[-0.24, 0.63]",0.31476485712895474,0.9902054167988223,False
Tenascin-X,Median Value (nm),delta_time4_vs_time1,20,17,-0.2582808257276221,"[-0.64, 0.22]",0.285683879637558,0.9902054167988223,False
Zinc finger protein 512B,Median Value (nm),delta_time4_vs_time1,20,17,0.016158815265634834,"[-0.44, 0.47]",0.9476510975354727,0.9902054167988223,False
Immunoglobulin lambda variable 3-19,Median Value (nm),delta_time4_vs_time1,20,17,0.20295312517156402,"[-0.28, 0.60]",0.4046650949010373,0.9902054167988223,False
Complement C1q subcomponent subunit B,Median Value (nm),delta_time4_vs_time1,20,17,-0.20906746345563204,"[-0.61, 0.27]",0.3903474816271034,0.9902054167988223,False
Ubiquitin-ribosomal protein eS31 fusion protein,Median Value (nm),delta_time4_vs_time1,20,17,-0.37229902145012556,"[-0.71, 0.10]",0.11648787898780721,0.9902054167988223,False
Kinesin-like protein KIF21A,Median Value (nm),delta_time4_vs_time1,20,17,0.02503183280619588,"[-0.43, 0.47]",0.9189796452903689,0.9902054167988223,False
Attractin,Median Value (nm),delta_time4_vs_time1,20,17,-0.19738945907930822,"[-0.60, 0.28]",0.41793721272191553,0.9902054167988223,False
Immunoglobulin lambda variable 1-44,Median Value (nm),delta_time4_vs_time1,20,17,0.05978898727186036,"[-0.41, 0.50]",0.8078982941375976,0.9902054167988223,False
Immunoglobulin heavy variable 1-46,Median Value (nm),delta_time4_vs_time1,20,17,-0.20115834348893663,"[-0.60, 0.28]",0.408921289220991,0.9902054167988223,False
Fibulin-1,Median Value (nm),delta_time4_vs_time1,20,17,-0.2433338203776006,"[-0.63, 0.24]",0.31544895556080754,0.9902054167988223,False
Secreted phosphoprotein 24,Median Value (nm),delta_time4_vs_time1,20,17,0.02532087756785916,"[-0.43, 0.47]",0.9180470754744623,0.9902054167988223,False
Scavenger receptor class B member 1,Median Value (nm),delta_time4_vs_time1,20,17,-0.19558130928366407,"[-0.60, 0.28]",0.42230010321609135,0.9902054167988223,False
Immunoglobulin lambda variable 2-18,Median Value (nm),delta_time4_vs_time1,20,17,-0.1781286503588758,"[-0.59, 0.30]",0.4656352432215721,0.9902054167988223,False
Collagen alpha-2(VI) chain,Median Value (nm),delta_time4_vs_time1,20,17,-0.08294129676082763,"[-0.52, 0.39]",0.7356865171941518,0.9902054167988223,False
Adiponectin,Median Value (nm),delta_time4_vs_time1,20,17,0.5863139893339837,"[0.18, 0.82]",0.008330913702537895,0.9902054167988223,False
Nidogen-1,Median Value (nm),delta_time4_vs_time1,20,17,0.1349837258653042,"[-0.34, 0.56]",0.5816556066895322,0.9902054167988223,False
Alpha-1-antitrypsin,Median Value (nm),delta_time4_vs_time1,20,17,-0.00363265631582696,"[-0.46, 0.45]",0.9882241709977142,0.9975064507964061,False
"Sushi, von Willebrand factor type A, EGF and pentraxin domain-containing protein 1",Median Value (nm),delta_time4_vs_time1,20,17,0.0679477010506132,"[-0.40, 0.51]",0.7822491922503552,0.9902054167988223,False
Complement C1s subcomponent,Median Value (nm),delta_time4_vs_time1,20,17,-0.13307730042745478,"[-0.55, 0.34]",0.5870501606110905,0.9902054167988223,False
Alpha-actinin-4,Median Value (nm),delta_time4_vs_time1,20,17,-0.3367257074574713,"[-0.69, 0.14]",0.15863601015361087,0.9902054167988223,False
Complement component C1q receptor,Median Value (nm),delta_time4_vs_time1,20,17,-0.24807120631699633,"[-0.63, 0.23]",0.30582182824934945,0.9902054167988223,False
Inter-alpha-trypsin inhibitor heavy chain H3,Median Value (nm),delta_time4_vs_time1,20,17,0.2851396273551373,"[-0.19, 0.65]",0.23669826368598523,0.9902054167988223,False
Immunoglobulin kappa variable 1D-8,Median Value (nm),delta_time4_vs_time1,20,17,0.14063851067901453,"[-0.33, 0.56]",0.5657798145480519,0.9902054167988223,False
Low-density lipoprotein receptor,Median Value (nm),delta_time4_vs_time1,20,17,-0.018619552768033253,"[-0.47, 0.44]",0.9396920686413847,0.9902054167988223,False
Prolactin-inducible protein,Median Value (nm),delta_time4_vs_time1,20,17,-0.026733521724831122,"[-0.48, 0.43]",0.9134908362679115,0.9902054167988223,False
Hyaluronan-binding protein 2,Median Value (nm),delta_time4_vs_time1,20,17,0.0702675775876619,"[-0.40, 0.51]",0.7749939528674952,0.9902054167988223,False
N-acetylmuramoyl-L-alanine amidase,Median Value (nm),delta_time4_vs_time1,20,17,0.18466163840348299,"[-0.29, 0.59]",0.4491571132542377,0.9902054167988223,False
Serpin A11,Median Value (nm),delta_time4_vs_time1,20,17,-0.19567452706925165,"[-0.60, 0.28]",0.42207458685369104,0.9902054167988223,False
C4b-binding protein alpha chain,Median Value (nm),delta_time4_vs_time1,20,17,-0.04601687722614399,"[-0.49, 0.42]",0.8516105734251463,0.9902054167988223,False
Inter-alpha-trypsin inhibitor heavy chain H2,Median Value (nm),delta_time4_vs_time1,20,17,0.4462345959785029,"[-0.01, 0.75]",0.05548116509815689,0.9902054167988223,False
Fibrillin-1,Median Value (nm),delta_time4_vs_time1,20,17,-0.37204564848696947,"[-0.71, 0.10]",0.11675635785604914,0.9902054167988223,False
Golgi-associated RAB2 interactor protein 1B,Median Value (nm),delta_time4_vs_time1,20,17,0.2160305571655723,"[-0.26, 0.61]",0.37438870113151224,0.9902054167988223,False
Neurogenic locus notch homolog protein 3,Median Value (nm),delta_time4_vs_time1,20,17,-0.07952401948496884,"[-0.52, 0.39]",0.7462278152518607,0.9902054167988223,False
Immunoglobulin heavy constant alpha 1,Median Value (nm),delta_time4_vs_time1,20,17,0.03522904705093447,"[-0.43, 0.48]",0.8861492012879884,0.9902054167988223,False
Apolipoprotein C-III,Median Value (nm),delta_time4_vs_time1,20,17,-0.09038658039674004,"[-0.52, 0.38]",0.7128782108111057,0.9902054167988223,False
Glutathione peroxidase 3,Median Value (nm),delta_time4_vs_time1,20,17,0.4027526344681606,"[-0.06, 0.72]",0.08732901729726482,0.9902054167988223,False
Contactin-1,Median Value (nm),delta_time4_vs_time1,20,17,-0.25981463077699374,"[-0.64, 0.22]",0.282730666220173,0.9902054167988223,False
Stomatin,Median Value (nm),delta_time4_vs_time1,20,17,0.32551351096192244,"[-0.15, 0.68]",0.17384977925214504,0.9902054167988223,False
Immunoglobulin heavy variable 3-13,Median Value (nm),delta_time4_vs_time1,20,17,-0.02302053259638231,"[-0.47, 0.44]",0.9254716155904124,0.9902054167988223,False
Immunoglobulin heavy variable 1-69-2,Median Value (nm),delta_time4_vs_time1,20,17,-0.1150694545221557,"[-0.54, 0.36]",0.6390066695214578,0.9902054167988223,False
Apolipoprotein E,Median Value (nm),delta_time4_vs_time1,20,17,0.07079309535870583,"[-0.40, 0.51]",0.7733528895760713,0.9902054167988223,False
Mucosal addressin cell adhesion molecule 1,Median Value (nm),delta_time4_vs_time1,20,17,-0.06073409284585413,"[-0.50, 0.40]",0.8049169530221058,0.9902054167988223,False
Protein S100-A11,Median Value (nm),delta_time4_vs_time1,20,17,0.12756901188238998,"[-0.35, 0.55]",0.6027536323891256,0.9902054167988223,False
Complement factor H-related protein 4,Median Value (nm),delta_time4_vs_time1,20,17,-0.14433340261249492,"[-0.56, 0.33]",0.5555097937985476,0.9902054167988223,False
Immunoglobulin kappa variable 1D-16,Median Value (nm),delta_time4_vs_time1,20,17,0.20431493488407915,"[-0.28, 0.60]",0.4014517944061685,0.9902054167988223,False
Immunoglobulin lambda variable 1-47,Median Value (nm),delta_time4_vs_time1,20,17,0.2756317956906198,"[-0.20, 0.65]",0.2533772777790087,0.9902054167988223,False
Fructose-bisphosphate aldolase A,Median Value (nm),delta_time4_vs_time1,20,17,-0.059924348521122515,"[-0.50, 0.41]",0.807471139716665,0.9902054167988223,False
Thrombospondin-1,Median Value (nm),delta_time4_vs_time1,20,17,0.5839513358085993,"[0.18, 0.82]",0.008661288019498717,0.9902054167988223,False
Aminopeptidase N,Median Value (nm),delta_time4_vs_time1,20,17,0.23881932021466898,"[-0.24, 0.63]",0.3247893248944027,0.9902054167988223,False
Apolipoprotein M,Median Value (nm),delta_time4_vs_time1,20,17,-0.16151255008151646,"[-0.57, 0.32]",0.5088813848082625,0.9902054167988223,False
Immunoglobulin heavy variable 3-43,Median Value (nm),delta_time4_vs_time1,20,17,0.09825466564142855,"[-0.37, 0.53]",0.6890260045855172,0.9902054167988223,False
Cysteine-rich secretory protein 3,Median Value (nm),delta_time4_vs_time1,20,17,0.21659629134243574,"[-0.26, 0.61]",0.37310842633465524,0.9902054167988223,False
Complement component C8 alpha chain,Median Value (nm),delta_time4_vs_time1,20,17,0.017655135232444233,"[-0.44, 0.47]",0.942810776361861,0.9902054167988223,False
Immunoglobulin heavy variable 2-70D,Median Value (nm),delta_time4_vs_time1,20,17,0.1595665803936487,"[-0.32, 0.57]",0.5140678116672226,0.9902054167988223,False
Immunoglobulin heavy variable 3-23,Median Value (nm),delta_time4_vs_time1,20,17,-0.20847407023667497,"[-0.61, 0.27]",0.3917245994279951,0.9902054167988223,False
Plasma kallikrein,Median Value (nm),delta_time4_vs_time1,20,17,-0.136280548326633,"[-0.56, 0.34]",0.5779981110194591,0.9902054167988223,False
Galectin-7,Median Value (nm),delta_time4_vs_time1,20,17,-0.4123112199462511,"[-0.73, 0.05]",0.07939219902908232,0.9902054167988223,False
Extracellular superoxide dismutase [Cu-Zn],Median Value (nm),delta_time4_vs_time1,20,17,0.31261180679785344,"[-0.17, 0.67]",0.19254569401498361,0.9902054167988223,False
Immunoglobulin heavy variable 1-8,Median Value (nm),delta_time4_vs_time1,20,17,0.16368050612440185,"[-0.31, 0.58]",0.5031328194636553,0.9902054167988223,False
Cystatin-C,Median Value (nm),delta_time4_vs_time1,20,17,-0.09121706529888067,"[-0.52, 0.38]",0.7103480614169271,0.9902054167988223,False
Immunoglobulin lambda-like polypeptide 1,Median Value (nm),delta_time4_vs_time1,20,17,0.3171536610037707,"[-0.16, 0.67]",0.18581737015653826,0.9902054167988223,False
Inhibin beta C chain,Median Value (nm),delta_time4_vs_time1,20,17,0.4953898606763386,"[0.05, 0.78]",0.03102591557252935,0.9902054167988223,False
Mannose-binding protein C,Median Value (nm),delta_time4_vs_time1,20,17,-0.061581269095007364,"[-0.50, 0.40]",0.8022467183022579,0.9902054167988223,False
IgGFc-binding protein,Median Value (nm),delta_time4_vs_time1,20,17,-0.08406972467053886,"[-0.52, 0.38]",0.7322154551391513,0.9902054167988223,False
Macrophage mannose receptor 1,Median Value (nm),delta_time4_vs_time1,20,17,-0.02161818005416641,"[-0.47, 0.44]",0.930000749773032,0.9902054167988223,False
Aromatase,Median Value (nm),delta_time4_vs_time1,20,17,0.14542933739071287,"[-0.33, 0.56]",0.5524796209632177,0.9902054167988223,False
Cadherin-5,Median Value (nm),delta_time4_vs_time1,20,17,-0.04213570357103995,"[-0.49, 0.42]",0.8640101424796744,0.9902054167988223,False
Immunoglobulin kappa variable 1-8,Median Value (nm),delta_time4_vs_time1,20,17,-0.1058786035219834,"[-0.53, 0.37]",0.666178602676937,0.9902054167988223,False
Retinol-binding protein 4,Median Value (nm),delta_time4_vs_time1,20,17,-0.0069850905859502625,"[-0.46, 0.45]",0.9773587408085739,0.9928751898220957,False
Complement component C8 beta chain,Median Value (nm),delta_time4_vs_time1,20,17,0.09358610536653693,"[-0.38, 0.53]",0.7031465620667076,0.9902054167988223,False
Tumor necrosis factor receptor superfamily member 1B,Median Value (nm),delta_time4_vs_time1,20,17,-0.1730556252336036,"[-0.58, 0.31]",0.47863799514208494,0.9902054167988223,False
Formin-2,Median Value (nm),delta_time4_vs_time1,20,17,-0.17098070698433285,"[-0.58, 0.31]",0.48400763807540703,0.9902054167988223,False
Scavenger receptor cysteine-rich domain-containing protein DMBT1,Median Value (nm),delta_time4_vs_time1,20,17,0.037059737235713645,"[-0.42, 0.48]",0.8802724486709109,0.9902054167988223,False
Apolipoprotein L1,Median Value (nm),delta_time4_vs_time1,20,17,0.13294841055891177,"[-0.34, 0.55]",0.5874156346221415,0.9902054167988223,False
Leucine-rich alpha-2-glycoprotein,Median Value (nm),delta_time4_vs_time1,20,17,-0.013310386618808737,"[-0.46, 0.44]",0.9568699615883804,0.9902054167988223,False
Immunoglobulin heavy variable 1-2,Median Value (nm),delta_time4_vs_time1,20,17,0.2582600438613796,"[-0.22, 0.64]",0.2857240229236573,0.9902054167988223,False
Ras-related protein Rab-10,Median Value (nm),delta_time4_vs_time1,20,17,-0.041448807127117904,"[-0.49, 0.42]",0.8662078943527803,0.9902054167988223,False
Immunoglobulin heavy variable 1-24,Median Value (nm),delta_time4_vs_time1,20,17,-0.1914753090511873,"[-0.59, 0.29]",0.4322969264782336,0.9902054167988223,False
Annexin A3,Median Value (nm),delta_time4_vs_time1,20,17,0.20879116448803614,"[-0.27, 0.61]",0.39098836980428375,0.9902054167988223,False
Hemoglobin subunit beta,Median Value (nm),delta_time4_vs_time1,20,17,0.1432204428588518,"[-0.33, 0.56]",0.5585945628708617,0.9902054167988223,False
Immunoglobulin lambda variable 4-69,Median Value (nm),delta_time4_vs_time1,20,17,-0.14778888408276852,"[-0.56, 0.33]",0.5459808024856388,0.9902054167988223,False
Elongation factor 2,Median Value (nm),delta_time4_vs_time1,20,17,-0.23066817988476043,"[-0.62, 0.25]",0.34206253969377975,0.9902054167988223,False
Multiple inositol polyphosphate phosphatase 1,Median Value (nm),delta_time4_vs_time1,20,17,0.11596227987599261,"[-0.36, 0.54]",0.6363897442057502,0.9902054167988223,False
Collagen alpha-1(VI) chain,Median Value (nm),delta_time4_vs_time1,20,17,-0.028675455120537176,"[-0.48, 0.43]",0.9072317083197268,0.9902054167988223,False
Hepatocyte growth factor activator,Median Value (nm),delta_time4_vs_time1,20,17,0.14885323317619706,"[-0.33, 0.56]",0.5430606221924931,0.9902054167988223,False
Fibrinogen beta chain,Median Value (nm),delta_time4_vs_time1,20,17,-0.20436436634312005,"[-0.60, 0.28]",0.4013354192722286,0.9902054167988223,False
Hemicentin-1,Median Value (nm),delta_time4_vs_time1,20,17,0.11237721525645986,"[-0.36, 0.54]",0.6469224412585222,0.9902054167988223,False
C-type mannose receptor 2,Median Value (nm),delta_time4_vs_time1,20,17,0.1407885076060134,"[-0.33, 0.56]",0.5653612878848256,0.9902054167988223,False
Platelet glycoprotein Ib beta chain,Median Value (nm),delta_time4_vs_time1,20,17,0.2059033879408214,"[-0.27, 0.60]",0.39772135764693517,0.9902054167988223,False
Complement C2,Median Value (nm),delta_time4_vs_time1,20,17,0.04600967362622895,"[-0.42, 0.49]",0.8516335575275554,0.9902054167988223,False
Annexin A2,Median Value (nm),delta_time4_vs_time1,20,17,-0.15966879950980947,"[-0.57, 0.32]",0.513794755726106,0.9902054167988223,False
Protein disulfide-isomerase A3,Median Value (nm),delta_time4_vs_time1,20,17,0.16710274655947466,"[-0.31, 0.58]",0.49412230301938476,0.9902054167988223,False
Dipeptidyl peptidase 4,Median Value (nm),delta_time4_vs_time1,20,17,-0.22704443800618632,"[-0.62, 0.25]",0.3499096688905624,0.9902054167988223,False
Proteasome subunit alpha type-4,Median Value (nm),delta_time4_vs_time1,20,17,-0.2925361953321082,"[-0.66, 0.19]",0.22422251916731176,0.9902054167988223,False
Coagulation factor XI,Median Value (nm),delta_time4_vs_time1,20,17,0.22605305191016226,"[-0.25, 0.62]",0.35207441742324275,0.9902054167988223,False
Collectin-11,Median Value (nm),delta_time4_vs_time1,20,17,-0.2431907887192847,"[-0.63, 0.24]",0.31574239919051206,0.9902054167988223,False
High mobility group protein B1,Median Value (nm),delta_time4_vs_time1,20,17,-0.2658443299476385,"[-0.64, 0.21]",0.2713039403755228,0.9902054167988223,False
Immunoglobulin lambda variable 3-16,Median Value (nm),delta_time4_vs_time1,20,17,0.034158848601903165,"[-0.43, 0.48]",0.8895873333295103,0.9902054167988223,False
Prothrombin,Median Value (nm),delta_time4_vs_time1,20,17,0.29793420394724934,"[-0.18, 0.66]",0.21539246238246887,0.9902054167988223,False
Immunoglobulin kappa joining 1,Median Value (nm),delta_time4_vs_time1,20,17,-0.17664523051750733,"[-0.58, 0.30]",0.4694188530164136,0.9902054167988223,False
Immunoglobulin heavy variable 3-7,Median Value (nm),delta_time4_vs_time1,20,17,0.1885962625235331,"[-0.29, 0.59]",0.4393800185624387,0.9902054167988223,False
Immunoglobulin heavy variable 3-74,Median Value (nm),delta_time4_vs_time1,20,17,0.3480095579385079,"[-0.13, 0.69]",0.14427525947271475,0.9902054167988223,False
Ezrin,Median Value (nm),delta_time4_vs_time1,20,17,0.23462673137747608,"[-0.25, 0.62]",0.33360838263688897,0.9902054167988223,False
Intercellular adhesion molecule 2,Median Value (nm),delta_time4_vs_time1,20,17,-0.22157267793959712,"[-0.61, 0.26]",0.36195323298437587,0.9902054167988223,False
Lysozyme C,Median Value (nm),delta_time4_vs_time1,20,17,0.1887654829576534,"[-0.29, 0.59]",0.4389620325710094,0.9902054167988223,False
Protein AMBP,Median Value (nm),delta_time4_vs_time1,20,17,0.21144250937633013,"[-0.27, 0.61]",0.38486242421783523,0.9902054167988223,False
Prolyl endopeptidase FAP,Median Value (nm),delta_time4_vs_time1,20,17,-0.10354369574467547,"[-0.53, 0.37]",0.6731471027223752,0.9902054167988223,False
"Actin, cytoplasmic 2",Median Value (nm),delta_time4_vs_time1,20,17,-0.0030539058448545236,"[-0.46, 0.45]",0.9901001862523582,0.9975064507964061,False
Kallistatin,Median Value (nm),delta_time4_vs_time1,20,17,0.22624952868561926,"[-0.25, 0.62]",0.3516447883699545,0.9902054167988223,False
Hemopexin,Median Value (nm),delta_time4_vs_time1,20,17,0.20758514219058757,"[-0.27, 0.60]",0.3937925823993924,0.9902054167988223,False
C4b-binding protein beta chain,Median Value (nm),delta_time4_vs_time1,20,17,0.18330404615687487,"[-0.30, 0.59]",0.45255638448005264,0.9902054167988223,False
Peptidyl-prolyl cis-trans isomerase A,Median Value (nm),delta_time4_vs_time1,20,17,0.25636193820491343,"[-0.22, 0.64]",0.28940509757421884,0.9902054167988223,False
Complement C1r subcomponent-like protein,Median Value (nm),delta_time4_vs_time1,20,17,-0.23190066218111857,"[-0.62, 0.25]",0.33941713216662306,0.9902054167988223,False
Immunoglobulin heavy variable 3-30;Immunoglobulin heavy variable 3-30-5,Median Value (nm),delta_time4_vs_time1,20,17,-0.054206266808180165,"[-0.50, 0.41]",0.8255594956537811,0.9902054167988223,False
Immunoglobulin lambda variable 3-9,Median Value (nm),delta_time4_vs_time1,20,17,0.44557245648834676,"[-0.01, 0.75]",0.0558882327590121,0.9902054167988223,False
Immunoglobulin heavy variable 1-45,Median Value (nm),delta_time4_vs_time1,20,17,0.26625960458287756,"[-0.21, 0.64]",0.27052770534998516,0.9902054167988223,False
Hemoglobin subunit gamma-1,Median Value (nm),delta_time4_vs_time1,20,17,0.2740384033905472,"[-0.21, 0.65]",0.2562433370828954,0.9902054167988223,False
Apolipoprotein F,Median Value (nm),delta_time4_vs_time1,20,17,0.012209657262637263,"[-0.44, 0.46]",0.9604339095302117,0.9902054167988223,False
Immunoglobulin gamma-1 heavy chain,Median Value (nm),delta_time4_vs_time1,20,17,0.43082188789371895,"[-0.03, 0.74]",0.065554539643037,0.9902054167988223,False
Low affinity immunoglobulin gamma Fc region receptor III-B,Median Value (nm),delta_time4_vs_time1,20,17,-0.11818009937306058,"[-0.54, 0.36]",0.6299070484515148,0.9902054167988223,False
Multiple epidermal growth factor-like domains protein 8,Median Value (nm),delta_time4_vs_time1,20,17,0.20256762699255912,"[-0.28, 0.60]",0.40557723957687475,0.9902054167988223,False
Complement C4-B,Median Value (nm),delta_time4_vs_time1,20,17,-0.21763935168407725,"[-0.61, 0.26]",0.37075441503566564,0.9902054167988223,False
Glyceraldehyde-3-phosphate dehydrogenase,Median Value (nm),delta_time4_vs_time1,20,17,-0.4161617332877963,"[-0.73, 0.05]",0.07635032622240087,0.9902054167988223,False
Complement C1r subcomponent,Median Value (nm),delta_time4_vs_time1,20,17,0.012562355257656402,"[-0.44, 0.46]",0.95929186055915,0.9902054167988223,False
Sex hormone-binding globulin,Median Value (nm),delta_time4_vs_time1,20,17,-0.010736141767644253,"[-0.46, 0.45]",0.9652059801192113,0.9902054167988223,False
Biotinidase,Median Value (nm),delta_time4_vs_time1,20,17,0.017017494270157363,"[-0.44, 0.47]",0.9448732030087106,0.9902054167988223,False
Cholinesterase,Median Value (nm),delta_time4_vs_time1,20,17,-0.10948615305930584,"[-0.54, 0.36]",0.6554633811563325,0.9902054167988223,False
Immunoglobulin heavy variable 2-5,Median Value (nm),delta_time4_vs_time1,20,17,-0.11267999617683341,"[-0.54, 0.36]",0.646030365752468,0.9902054167988223,False
Immunoglobulin lambda variable 1-36,Median Value (nm),delta_time4_vs_time1,20,17,0.0846801257633641,"[-0.38, 0.52]",0.7303399196040136,0.9902054167988223,False
Immunoglobulin kappa variable 3-11,Median Value (nm),delta_time4_vs_time1,20,17,-0.08409928854159907,"[-0.52, 0.38]",0.7321245827639561,0.9902054167988223,False
Immunoglobulin kappa variable 6-21,Median Value (nm),delta_time4_vs_time1,20,17,0.2814445759364188,"[-0.20, 0.65]",0.2430942919342612,0.9902054167988223,False
Immunoglobulin kappa light chain,Median Value (nm),delta_time4_vs_time1,20,17,0.0190737873505321,"[-0.44, 0.47]",0.9382234653733496,0.9902054167988223,False
Neuropilin-1,Median Value (nm),delta_time4_vs_time1,20,17,0.15973197626167976,"[-0.32, 0.57]",0.5136260271891573,0.9902054167988223,False
Ficolin-2,Median Value (nm),delta_time4_vs_time1,20,17,0.0003860389295388421,"[-0.45, 0.45]",0.9987485530402624,0.9987557874903793,False
Gamma-glutamyl hydrolase,Median Value (nm),delta_time4_vs_time1,20,17,0.005119291088070292,"[-0.45, 0.46]",0.9834055494287829,0.9952734923210483,False
Keratinocyte proline-rich protein,Median Value (nm),delta_time4_vs_time1,20,17,-0.20691686623273436,"[-0.60, 0.27]",0.3953511902525285,0.9902054167988223,False
Kyphoscoliosis peptidase,Median Value (nm),delta_time4_vs_time1,20,17,0.29082666406923025,"[-0.19, 0.66]",0.22706723614151064,0.9902054167988223,False
Laminin subunit alpha-2,Median Value (nm),delta_time4_vs_time1,20,17,0.028080558811231903,"[-0.43, 0.48]",0.9091486043701436,0.9902054167988223,False
Desmoglein-1,Median Value (nm),delta_time4_vs_time1,20,17,-0.22936257112032699,"[-0.62, 0.25]",0.3448779317397638,0.9902054167988223,False
Immunoglobulin lambda variable 3-27,Median Value (nm),delta_time4_vs_time1,20,17,0.05958256885770695,"[-0.41, 0.50]",0.8085497811484645,0.9902054167988223,False
Myosin-9,Median Value (nm),delta_time4_vs_time1,20,17,0.048877746901475776,"[-0.41, 0.49]",0.8424918011343092,0.9902054167988223,False
Versican core protein,Median Value (nm),delta_time4_vs_time1,20,17,0.30218914489156506,"[-0.18, 0.67]",0.20859487869568008,0.9902054167988223,False
Proteasome subunit beta type-3,Median Value (nm),delta_time4_vs_time1,20,17,-0.23556502590123896,"[-0.62, 0.24]",0.33162261614170374,0.9902054167988223,False
Alpha-N-acetylglucosaminidase,Median Value (nm),delta_time4_vs_time1,20,17,0.5497677178824439,"[0.13, 0.80]",0.014748837998238035,0.9902054167988223,False
Caspase-14,Median Value (nm),delta_time4_vs_time1,20,17,-0.2853046388020929,"[-0.65, 0.19]",0.2364151797199109,0.9902054167988223,False
Histidine-rich glycoprotein,Median Value (nm),delta_time4_vs_time1,20,17,0.23868474989547156,"[-0.24, 0.63]",0.32507023006295155,0.9902054167988223,False
"ATP synthase subunit alpha, mitochondrial",Median Value (nm),delta_time4_vs_time1,20,17,0.09401492518187482,"[-0.38, 0.53]",0.701845581478443,0.9902054167988223,False
Immunoglobulin kappa constant,Median Value (nm),delta_time4_vs_time1,20,17,0.059733560987323575,"[-0.41, 0.50]",0.8080732158109944,0.9902054167988223,False
Interleukin-1 receptor accessory protein,Median Value (nm),delta_time4_vs_time1,20,17,0.3914434745522258,"[-0.08, 0.72]",0.09745233180762466,0.9902054167988223,False
Immunoglobulin lambda variable 9-49,Median Value (nm),delta_time4_vs_time1,20,17,0.49855301839505334,"[0.06, 0.78]",0.029804227561561262,0.9902054167988223,False
Plexin domain-containing protein 2,Median Value (nm),delta_time4_vs_time1,20,17,-0.08695760763900817,"[-0.52, 0.38]",0.7233550639272925,0.9902054167988223,False
Immunoglobulin heavy variable 4-28,Median Value (nm),delta_time4_vs_time1,20,17,0.227369675385112,"[-0.25, 0.62]",0.3492011696529489,0.9902054167988223,False
Desmoplakin,Median Value (nm),delta_time4_vs_time1,20,17,-0.2816232886240019,"[-0.65, 0.20]",0.24278243192965818,0.9902054167988223,False
Endoplasmin,Median Value (nm),delta_time4_vs_time1,20,17,-0.15387599082502187,"[-0.57, 0.32]",0.5293762786177861,0.9902054167988223,False
Heparin cofactor 2,Median Value (nm),delta_time4_vs_time1,20,17,0.3944738549712631,"[-0.07, 0.72]",0.09466006823593091,0.9902054167988223,False
Laminin subunit gamma-1,Median Value (nm),delta_time4_vs_time1,20,17,-0.08593551754905766,"[-0.52, 0.38]",0.7264871801814303,0.9902054167988223,False
Polymeric immunoglobulin receptor,Median Value (nm),delta_time4_vs_time1,20,17,-0.14557552857401804,"[-0.56, 0.33]",0.5520759718225969,0.9902054167988223,False
Serum amyloid A-4 protein,Median Value (nm),delta_time4_vs_time1,20,17,-0.1247510035458236,"[-0.55, 0.35]",0.6108532064495824,0.9902054167988223,False
Catalase,Median Value (nm),delta_time4_vs_time1,20,17,-0.10612322810869454,"[-0.53, 0.37]",0.6654500250996289,0.9902054167988223,False
Complement receptor type 1,Median Value (nm),delta_time4_vs_time1,20,17,-0.1238999571245542,"[-0.55, 0.35]",0.6133078890367499,0.9902054167988223,False
Immunoglobulin kappa variable 1-27,Median Value (nm),delta_time4_vs_time1,20,17,-0.014895642214426812,"[-0.47, 0.44]",0.9517386047835115,0.9902054167988223,False
Immunoglobulin kappa variable 2-30,Median Value (nm),delta_time4_vs_time1,20,17,-0.09373352511737226,"[-0.53, 0.38]",0.7026992214256897,0.9902054167988223,False
Protein-glutamine gamma-glutamyltransferase E,Median Value (nm),delta_time4_vs_time1,20,17,-0.3730392641440615,"[-0.71, 0.10]",0.11570602665835994,0.9902054167988223,False
Periostin,Median Value (nm),delta_time4_vs_time1,20,17,0.08244032932009838,"[-0.39, 0.52]",0.7372290784012694,0.9902054167988223,False
Albumin,Median Value (nm),delta_time4_vs_time1,20,17,0.2124700080688342,"[-0.27, 0.61]",0.38250280354307753,0.9902054167988223,False
Complement factor B,Median Value (nm),delta_time4_vs_time1,20,17,0.01825098529624733,"[-0.44, 0.47]",0.9408838354701538,0.9902054167988223,False
Probable non-functional immunoglobulinn kappa variable 1-37;Probable non-functional immunoglobulinn kappa variable 1D-37,Median Value (nm),delta_time4_vs_time1,20,17,-0.26270101729981477,"[-0.64, 0.22]",0.2772243438187595,0.9902054167988223,False
Immunoglobulin lambda variable 8-61,Median Value (nm),delta_time4_vs_time1,20,17,-0.06493373164541277,"[-0.50, 0.40]",0.791700842933772,0.9902054167988223,False
Annexin A1,Median Value (nm),delta_time4_vs_time1,20,17,-0.15957630786858112,"[-0.57, 0.32]",0.5140418239000137,0.9902054167988223,False
CD5 antigen-like,Median Value (nm),delta_time4_vs_time1,20,17,0.23209881057741696,"[-0.25, 0.62]",0.3389929406825273,0.9902054167988223,False
RB-associated KRAB zinc finger protein,Median Value (nm),delta_time4_vs_time1,20,17,0.047191370739413305,"[-0.42, 0.49]",0.8478647302176953,0.9902054167988223,False
Immunoglobulin lambda variable 7-46,Median Value (nm),delta_time4_vs_time1,20,17,0.15421105471585117,"[-0.32, 0.57]",0.5284691149017282,0.9902054167988223,False
Basement membrane-specific heparan sulfate proteoglycan core protein,Median Value (nm),delta_time4_vs_time1,20,17,-0.0438938266571565,"[-0.49, 0.42]",0.8583893485260096,0.9902054167988223,False
Vitamin K-dependent protein C,Median Value (nm),delta_time4_vs_time1,20,17,0.01569965210139915,"[-0.44, 0.47]",0.9491367659802448,0.9902054167988223,False
Immunoglobulin lambda variable 1-40,Median Value (nm),delta_time4_vs_time1,20,17,-0.301555228403283,"[-0.66, 0.18]",0.20959854249830637,0.9902054167988223,False
Pantetheinase,Median Value (nm),delta_time4_vs_time1,20,17,0.0754255241732507,"[-0.39, 0.51]",0.7589274706497737,0.9902054167988223,False
Neutrophil defensin 1;Neutrophil defensin 3,Median Value (nm),delta_time4_vs_time1,20,17,0.17989414116502697,"[-0.30, 0.59]",0.46115233387128907,0.9902054167988223,False
Immunoglobulin lambda variable 2-8,Median Value (nm),delta_time4_vs_time1,20,17,0.27682843212518576,"[-0.20, 0.65]",0.2512382570631127,0.9902054167988223,False
Immunoglobulin heavy variable 1-18,Median Value (nm),delta_time4_vs_time1,20,17,0.3599136079742531,"[-0.11, 0.70]",0.13013363509052248,0.9902054167988223,False
Immunoglobulin kappa variable 3D-15,Median Value (nm),delta_time4_vs_time1,20,17,0.3235435511141865,"[-0.15, 0.68]",0.17662151587837394,0.9902054167988223,False
Extracellular matrix protein 1,Median Value (nm),delta_time4_vs_time1,20,17,0.1529751520920906,"[-0.32, 0.57]",0.5318188024786348,0.9902054167988223,False
Tubulin alpha-1B chain,Median Value (nm),delta_time4_vs_time1,20,17,-0.2572454373198441,"[-0.64, 0.22]",0.28768809854513155,0.9902054167988223,False
Immunoglobulin lambda variable 5-45,Median Value (nm),delta_time4_vs_time1,20,17,0.36699686591610375,"[-0.10, 0.70]",0.12219851189637992,0.9902054167988223,False
Alpha-2-HS-glycoprotein,Median Value (nm),delta_time4_vs_time1,20,17,0.06330647941131363,"[-0.40, 0.50]",0.7968154991432543,0.9902054167988223,False
Cartilage acidic protein 1,Median Value (nm),delta_time4_vs_time1,20,17,-0.09726653067333509,"[-0.53, 0.37]",0.6920067044691363,0.9902054167988223,False
Coagulation factor IX,Median Value (nm),delta_time4_vs_time1,20,17,-0.17730317401719853,"[-0.58, 0.30]",0.4677388000330934,0.9902054167988223,False
Integrin alpha-2,Median Value (nm),delta_time4_vs_time1,20,17,0.25843774539249587,"[-0.22, 0.64]",0.2853808776052741,0.9902054167988223,False
"Mannosyl-oligosaccharide 1,2-alpha-mannosidase IA",Median Value (nm),delta_time4_vs_time1,20,17,0.31423568864448864,"[-0.16, 0.67]",0.190121660725762,0.9902054167988223,False
Endophilin-A3,Median Value (nm),delta_time4_vs_time1,20,17,0.063181257325272,"[-0.40, 0.50]",0.7972094192709791,0.9902054167988223,False
Collagen alpha-1(I) chain,Median Value (nm),delta_time4_vs_time1,20,17,-0.1349837258653042,"[-0.56, 0.34]",0.5816556066895322,0.9902054167988223,False
Carboxypeptidase N subunit 2,Median Value (nm),delta_time4_vs_time1,20,17,-0.1445215253324452,"[-0.56, 0.33]",0.5549891256042732,0.9902054167988223,False
Scavenger receptor cysteine-rich type 1 protein M130,Median Value (nm),delta_time4_vs_time1,20,17,0.07379746228482753,"[-0.39, 0.51]",0.7639888467981484,0.9902054167988223,False
Annexin A5,Median Value (nm),delta_time4_vs_time1,20,17,-0.2279136022359016,"[-0.62, 0.25]",0.34801812687048717,0.9902054167988223,False
Platelet factor 4,Median Value (nm),delta_time4_vs_time1,20,17,0.4132556899963515,"[-0.05, 0.73]",0.07863793340888775,0.9902054167988223,False
Immunoglobulin heavy variable 3-72,Median Value (nm),delta_time4_vs_time1,20,17,-0.051274204590660954,"[-0.49, 0.41]",0.8348679972572192,0.9902054167988223,False
Protein HEG homolog 1,Median Value (nm),delta_time4_vs_time1,20,17,-0.25033181211022315,"[-0.63, 0.23]",0.3012910237717772,0.9902054167988223,False
Sulfhydryl oxidase 1,Median Value (nm),delta_time4_vs_time1,20,17,-0.1077659818179478,"[-0.54, 0.36]",0.6605647898574739,0.9902054167988223,False
Corticosteroid-binding globulin,Median Value (nm),delta_time4_vs_time1,20,17,-0.01639756547020501,"[-0.47, 0.44]",0.9468786623721283,0.9902054167988223,False
Angiopoietin-related protein 6,Median Value (nm),delta_time4_vs_time1,20,17,-0.06386341300931941,"[-0.50, 0.40]",0.7950640839648808,0.9902054167988223,False
72 kDa type IV collagenase,Median Value (nm),delta_time4_vs_time1,20,17,0.15480612293624188,"[-0.32, 0.57]",0.5268597817425245,0.9902054167988223,False
Trypsin-3,Median Value (nm),delta_time4_vs_time1,20,17,-0.023997292208327154,"[-0.47, 0.43]",0.9223182938330966,0.9902054167988223,False
Complement component C9,Median Value (nm),delta_time4_vs_time1,20,17,0.05621685765164364,"[-0.41, 0.50]",0.8191891942219172,0.9902054167988223,False
Pyruvate kinase PKM,Median Value (nm),delta_time4_vs_time1,20,17,-0.28035837547838355,"[-0.65, 0.20]",0.2449952496387242,0.9902054167988223,False
Immunoglobulin heavy variable 4-34,Median Value (nm),delta_time4_vs_time1,20,17,-0.06861824281492374,"[-0.51, 0.40]",0.7801503259988865,0.9902054167988223,False
Immunoglobulin kappa variable 6D-21,Median Value (nm),delta_time4_vs_time1,20,17,0.4730534978847603,"[0.02, 0.76]",0.04079907239713119,0.9902054167988223,False
Immunoglobulin lambda-1 light chain,Median Value (nm),delta_time4_vs_time1,20,17,0.3147174912837808,"[-0.16, 0.67]",0.18940640011801863,0.9902054167988223,False
Transforming growth factor-beta-induced protein ig-h3,Median Value (nm),delta_time4_vs_time1,20,17,0.15314957226851253,"[-0.32, 0.57]",0.5313454769329569,0.9902054167988223,False
Complement C1q subcomponent subunit A,Median Value (nm),delta_time4_vs_time1,20,17,0.08531460342804877,"[-0.38, 0.52]",0.7283919577090591,0.9902054167988223,False
Prolow-density lipoprotein receptor-related protein 1,Median Value (nm),delta_time4_vs_time1,20,17,-0.04207824331971639,"[-0.49, 0.42]",0.8641939523715647,0.9902054167988223,False
Immunoglobulin heavy constant mu,Median Value (nm),delta_time4_vs_time1,20,17,0.0351596276697537,"[-0.43, 0.48]",0.8863721604016582,0.9902054167988223,False
UV-stimulated scaffold protein A,Median Value (nm),delta_time4_vs_time1,20,17,-0.019198432855365426,"[-0.47, 0.44]",0.9378205023972048,0.9902054167988223,False
Complement component C6,Median Value (nm),delta_time4_vs_time1,20,17,0.019942801317993482,"[-0.44, 0.47]",0.935414358799487,0.9902054167988223,False
Angiotensinogen,Median Value (nm),delta_time4_vs_time1,20,17,0.4822814618741859,"[0.04, 0.77]",0.03650962957194027,0.9902054167988223,False
Pregnancy zone protein,Median Value (nm),delta_time4_vs_time1,20,17,0.4301241727329872,"[-0.03, 0.74]",0.0660408513793207,0.9902054167988223,False
Histone H2A type 1-B/E;Histone H2A type 3;Histone H2A type 1-C,Median Value (nm),delta_time4_vs_time1,20,17,-0.002599092389914085,"[-0.46, 0.45]",0.9915744959845738,0.9975064507964061,False
Desmocollin-1,Median Value (nm),delta_time4_vs_time1,20,17,-0.019484604120365002,"[-0.47, 0.44]",0.9368954021935434,0.9902054167988223,False
Protein Z-dependent protease inhibitor,Median Value (nm),delta_time4_vs_time1,20,17,-0.22191670402788277,"[-0.61, 0.26]",0.3611891473814842,0.9902054167988223,False
Immunoglobulin kappa variable 1-17,Median Value (nm),delta_time4_vs_time1,20,17,-0.019198432855365426,"[-0.47, 0.44]",0.9378205023972048,0.9902054167988223,False
Fibronectin,Median Value (nm),delta_time4_vs_time1,20,17,0.0819260321793469,"[-0.39, 0.52]",0.7388136851075959,0.9902054167988223,False
Probable non-functional immunoglobulin heavy variable 3-38,Median Value (nm),delta_time4_vs_time1,20,17,0.4515963268078629,"[-0.00, 0.75]",0.05226699871142978,0.9902054167988223,False
Nucleoside diphosphate kinase 3,Median Value (nm),delta_time4_vs_time1,20,17,-0.06222333158891069,"[-0.50, 0.40]",0.8002243816830665,0.9902054167988223,False
Plasma protease C1 inhibitor,Median Value (nm),delta_time4_vs_time1,20,17,0.023928776157594707,"[-0.44, 0.47]",0.9225394519652397,0.9902054167988223,False
Immunoglobulin kappa variable 1-16,Median Value (nm),delta_time4_vs_time1,20,17,-0.012097936402496165,"[-0.46, 0.44]",0.9607956812384837,0.9902054167988223,False
F-actin-capping protein subunit alpha-1,Median Value (nm),delta_time4_vs_time1,20,17,-0.3453360331854621,"[-0.69, 0.13]",0.14759278022079764,0.9902054167988223,False
Cathepsin D,Median Value (nm),delta_time4_vs_time1,20,17,-0.31726817652594347,"[-0.67, 0.16]",0.1856497948440217,0.9902054167988223,False
Anthrax toxin receptor 2,Median Value (nm),delta_time4_vs_time1,20,17,-0.16700342185626116,"[-0.58, 0.31]",0.4943827074051329,0.9902054167988223,False
Talin-1,Median Value (nm),delta_time4_vs_time1,20,17,0.025769451246640727,"[-0.43, 0.47]",0.9166000071532329,0.9902054167988223,False
Protein disulfide-isomerase,Median Value (nm),delta_time4_vs_time1,20,17,0.24047851475526133,"[-0.24, 0.63]",0.3213376871652539,0.9902054167988223,False
Junction plakoglobin,Median Value (nm),delta_time4_vs_time1,20,17,-0.27610126335686436,"[-0.65, 0.20]",0.25253672266682636,0.9902054167988223,False
Tenascin,Median Value (nm),delta_time4_vs_time1,20,17,-0.21366900209615802,"[-0.61, 0.27]",0.37975956341641826,0.9902054167988223,False
Cadherin-related family member 5,Median Value (nm),delta_time4_vs_time1,20,17,0.057162245064894854,"[-0.41, 0.50]",0.8161975735547087,0.9902054167988223,False
Kininogen-1,Median Value (nm),delta_time4_vs_time1,20,17,0.12124381986063437,"[-0.35, 0.55]",0.6209942940400606,0.9902054167988223,False
Alpha-1-antichymotrypsin,Median Value (nm),delta_time4_vs_time1,20,17,0.2075154920416342,"[-0.27, 0.60]",0.39395486820943304,0.9902054167988223,False
Integrin alpha-IIb,Median Value (nm),delta_time4_vs_time1,20,17,0.10322109777087686,"[-0.37, 0.53]",0.6741119153036177,0.9902054167988223,False
Serum amyloid P-component,Median Value (nm),delta_time4_vs_time1,20,17,-0.0026464235880457386,"[-0.46, 0.45]",0.9914210672870172,0.9975064507964061,False
Inter-alpha-trypsin inhibitor heavy chain H1,Median Value (nm),delta_time4_vs_time1,20,17,-0.05777145417044626,"[-0.50, 0.41]",0.8142710547042591,0.9902054167988223,False
Probable non-functional immunoglobulin heavy variable 3-35,Median Value (nm),delta_time4_vs_time1,20,17,0.11715141067585197,"[-0.36, 0.54]",0.6329107261835947,0.9902054167988223,False
Immunoglobulin kappa variable 1-5,Median Value (nm),delta_time4_vs_time1,20,17,0.07596494874341832,"[-0.39, 0.51]",0.7572525453894694,0.9902054167988223,False
Band 3 anion transport protein,Median Value (nm),delta_time4_vs_time1,20,17,-0.00782043950423637,"[-0.46, 0.45]",0.9746518500523282,0.991885379817497,False
Immunoglobulin lambda variable 7-43,Median Value (nm),delta_time4_vs_time1,20,17,-0.19227260292360204,"[-0.59, 0.29]",0.4303460912371091,0.9902054167988223,False
Peroxiredoxin-1,Median Value (nm),delta_time4_vs_time1,20,17,-0.1736846923457646,"[-0.58, 0.30]",0.47701590752891876,0.9902054167988223,False
Matrix metalloproteinase-9,Median Value (nm),delta_time4_vs_time1,20,17,0.15668814122053928,"[-0.32, 0.57]",0.5217849698843274,0.9902054167988223,False
Multimerin-2,Median Value (nm),delta_time4_vs_time1,20,17,-0.04237240763295529,"[-0.49, 0.42]",0.8632530192563691,0.9902054167988223,False
Immunoglobulin heavy variable 1-3,Median Value (nm),delta_time4_vs_time1,20,17,-0.027913968595875416,"[-0.48, 0.43]",0.9096854838872881,0.9902054167988223,False
Podocalyxin,Median Value (nm),delta_time4_vs_time1,20,17,0.09448640483719038,"[-0.38, 0.53]",0.7004160927567415,0.9902054167988223,False
Immunoglobulin lambda variable 1-51,Median Value (nm),delta_time4_vs_time1,20,17,0.14100406262431703,"[-0.33, 0.56]",0.564760075583769,0.9902054167988223,False
Cadherin-13,Median Value (nm),delta_time4_vs_time1,20,17,0.16720134500578487,"[-0.31, 0.58]",0.4938638686512785,0.9902054167988223,False
Plastin-2,Median Value (nm),delta_time4_vs_time1,20,17,0.05559174635020743,"[-0.41, 0.50]",0.8211686376306611,0.9902054167988223,False
Inter-alpha-trypsin inhibitor heavy chain H4,Median Value (nm),delta_time4_vs_time1,20,17,-0.08665457834774697,"[-0.52, 0.38]",0.7242832373245889,0.9902054167988223,False
Fructose-bisphosphate aldolase B,Median Value (nm),delta_time4_vs_time1,20,17,-0.1397058527089063,"[-0.56, 0.34]",0.5683851774755302,0.9902054167988223,False
Mannan-binding lectin serine protease 2,Median Value (nm),delta_time4_vs_time1,20,17,-0.18949883356971695,"[-0.59, 0.29]",0.43715300745846364,0.9902054167988223,False
Platelet glycoprotein 4,Median Value (nm),delta_time4_vs_time1,20,17,0.11044050534274577,"[-0.36, 0.54]",0.652639385664699,0.9902054167988223,False
Hemoglobin subunit alpha,Median Value (nm),delta_time4_vs_time1,20,17,0.015473661446818813,"[-0.44, 0.47]",0.9498680406964166,0.9902054167988223,False
Immunoglobulin lambda variable 3-10,Median Value (nm),delta_time4_vs_time1,20,17,0.38246289766767155,"[-0.09, 0.71]",0.10607784116046678,0.9902054167988223,False
Serum paraoxonase/lactonase 3,Median Value (nm),delta_time4_vs_time1,20,17,0.39954338645596615,"[-0.07, 0.72]",0.09011973621395668,0.9902054167988223,False
Dopamine beta-hydroxylase,Median Value (nm),delta_time4_vs_time1,20,17,0.32181798321819766,"[-0.16, 0.68]",0.17907383716441352,0.9902054167988223,False
Triosephosphate isomerase,Median Value (nm),delta_time4_vs_time1,20,17,-0.14496046460901402,"[-0.56, 0.33]",0.5537751146725078,0.9902054167988223,False
Endoplasmic reticulum chaperone BiP,Median Value (nm),delta_time4_vs_time1,20,17,-0.46568396570453996,"[-0.76, -0.01]",0.04449479359900272,0.9902054167988223,False
Suprabasin,Median Value (nm),delta_time4_vs_time1,20,17,-0.16199010908189032,"[-0.57, 0.32]",0.5076124074141253,0.9902054167988223,False
Immunoglobulin kappa variable 3-20,Median Value (nm),delta_time4_vs_time1,20,17,0.13828495829135787,"[-0.34, 0.56]",0.572364404411271,0.9902054167988223,False
Ficolin-1,Median Value (nm),delta_time4_vs_time1,20,17,-0.11171731660820042,"[-0.54, 0.36]",0.6488682800705046,0.9902054167988223,False
Autotaxin,Median Value (nm),delta_time4_vs_time1,20,17,-0.21835426790709844,"[-0.61, 0.26]",0.36914582018356346,0.9902054167988223,False
Histidine ammonia-lyase,Median Value (nm),delta_time4_vs_time1,20,17,-0.05288339541480463,"[-0.50, 0.41]",0.829756570209718,0.9902054167988223,False
Noelin,Median Value (nm),delta_time4_vs_time1,20,17,-0.1032441603810327,"[-0.53, 0.37]",0.6740429244236663,0.9902054167988223,False
Prenylcysteine oxidase 1,Median Value (nm),delta_time4_vs_time1,20,17,0.04069885754212549,"[-0.42, 0.49]",0.8686084605164344,0.9902054167988223,False
Immunoglobulin delta heavy chain,Median Value (nm),delta_time4_vs_time1,20,17,-0.021535336945002904,"[-0.47, 0.44]",0.930268371350943,0.9902054167988223,False
Antithrombin-III,Median Value (nm),delta_time4_vs_time1,20,17,-0.07560799145457613,"[-0.51, 0.39]",0.7583607902574303,0.9902054167988223,False
Complement component C7,Median Value (nm),delta_time4_vs_time1,20,17,0.4385874097282157,"[-0.02, 0.74]",0.06032121720676262,0.9902054167988223,False
BOS complex subunit NOMO3;BOS complex subunit NOMO1;BOS complex subunit NOMO2,Median Value (nm),delta_time4_vs_time1,20,17,-0.2245623608635829,"[-0.62, 0.26]",0.3553438844472524,0.9902054167988223,False
Cofilin-1,Median Value (nm),delta_time4_vs_time1,20,17,-0.009748899959633333,"[-0.46, 0.45]",0.9684038666661543,0.9902054167988223,False
Histone H4,Median Value (nm),delta_time4_vs_time1,20,17,0.06609120648638864,"[-0.40, 0.51]",0.788067695046603,0.9902054167988223,False
Serum amyloid A-1 protein,Median Value (nm),delta_time4_vs_time1,20,17,-0.17405281787952742,"[-0.58, 0.30]",0.47606794349985393,0.9902054167988223,False
Transferrin receptor protein 1,Median Value (nm),delta_time4_vs_time1,20,17,0.23077382473676936,"[-0.25, 0.62]",0.3418353147509823,0.9902054167988223,False
Serpin B12,Median Value (nm),delta_time4_vs_time1,20,17,-0.3068000951320131,"[-0.67, 0.17]",0.20138969716224303,0.9902054167988223,False
Immunoglobulin kappa variable 3D-20,Median Value (nm),delta_time4_vs_time1,20,17,0.1781286503588758,"[-0.30, 0.59]",0.4656352432215721,0.9902054167988223,False
Probable non-functional immunoglobulin heavy variable 3-16,Median Value (nm),delta_time4_vs_time1,20,17,0.1537041113877961,"[-0.32, 0.57]",0.5298419100616709,0.9902054167988223,False
Immunoglobulin lambda variable 6-57,Median Value (nm),delta_time4_vs_time1,20,17,-0.18991325301280565,"[-0.59, 0.29]",0.436132447297207,0.9902054167988223,False
Fibrinogen alpha chain,Median Value (nm),delta_time4_vs_time1,20,17,0.191661645217588,"[-0.29, 0.59]",0.4318405791682084,0.9902054167988223,False
Galectin-3-binding protein,Median Value (nm),delta_time4_vs_time1,20,17,-0.07360106063911281,"[-0.51, 0.39]",0.764600051384869,0.9902054167988223,False
Macrophage colony-stimulating factor 1 receptor,Median Value (nm),delta_time4_vs_time1,20,17,0.17442535201461631,"[-0.30, 0.58]",0.47510958286070504,0.9902054167988223,False
Phosphatidylinositol-glycan-specific phospholipase D,Median Value (nm),delta_time4_vs_time1,20,17,0.38552211487284754,"[-0.08, 0.71]",0.10308010404907077,0.9902054167988223,False
Serotransferrin,Median Value (nm),delta_time4_vs_time1,20,17,0.19756895786817014,"[-0.28, 0.60]",0.41750542023322346,0.9902054167988223,False
Integrin alpha-11,Median Value (nm),delta_time4_vs_time1,20,17,0.2637898915400064,"[-0.22, 0.64]",0.2751644801357607,0.9902054167988223,False
Proprotein convertase subtilisin/kexin type 9,Median Value (nm),delta_time4_vs_time1,20,17,0.09984570661093724,"[-0.37, 0.53]",0.6842358647091807,0.9902054167988223,False
Gelsolin,Median Value (nm),delta_time4_vs_time1,20,17,0.10351834529784014,"[-0.37, 0.53]",0.6732229021132599,0.9902054167988223,False
Proteoglycan 4,Median Value (nm),delta_time4_vs_time1,20,17,-0.019831273280551714,"[-0.47, 0.44]",0.9357748354186395,0.9902054167988223,False
Vascular cell adhesion protein 1,Median Value (nm),delta_time4_vs_time1,20,17,-0.07300576401998216,"[-0.51, 0.39]",0.7664534352907794,0.9902054167988223,False
Adhesion G protein-coupled receptor F5,Median Value (nm),delta_time4_vs_time1,20,17,-0.20162131054553697,"[-0.60, 0.28]",0.40782108709393716,0.9902054167988223,False
Insulin-like growth factor-binding protein 3,Median Value (nm),delta_time4_vs_time1,20,17,0.4436175472091667,"[-0.01, 0.75]",0.05710324359067198,0.9902054167988223,False
Transthyretin,Median Value (nm),delta_time4_vs_time1,20,17,-0.029583913069907104,"[-0.48, 0.43]",0.9043053933141116,0.9902054167988223,False
Coiled-coil domain-containing protein 126,Median Value (nm),delta_time4_vs_time1,20,17,-0.06970111712218759,"[-0.51, 0.40]",0.7767638932924266,0.9902054167988223,False
Guanine nucleotide-binding protein G(i) subunit alpha-2,Median Value (nm),delta_time4_vs_time1,20,17,-0.033515194982460285,"[-0.48, 0.43]",0.8916560554264831,0.9902054167988223,False
Apolipoprotein C-I,Median Value (nm),delta_time4_vs_time1,20,17,-0.05123924997259333,"[-0.49, 0.41]",0.8349790980859043,0.9902054167988223,False
Syntenin-1,Median Value (nm),delta_time4_vs_time1,20,17,-0.05586869592251231,"[-0.50, 0.41]",0.8202915358013316,0.9902054167988223,False
Phospholipid transfer protein,Median Value (nm),delta_time4_vs_time1,20,17,-0.16613340022426,"[-0.58, 0.31]",0.49666653173411324,0.9902054167988223,False
Laminin subunit beta-1,Median Value (nm),delta_time4_vs_time1,20,17,-0.08862307148750692,"[-0.52, 0.38]",0.7182604061023996,0.9902054167988223,False
Proline-rich protein 4,Median Value (nm),delta_time4_vs_time1,20,17,0.014669937612417961,"[-0.44, 0.47]",0.9524690876410645,0.9902054167988223,False
Immunoglobulin kappa variable 2-28;Immunoglobulin kappa variable 2D-28,Median Value (nm),delta_time4_vs_time1,20,17,-0.02507500777521281,"[-0.47, 0.43]",0.9188403397355983,0.9902054167988223,False
Complement C3,Median Value (nm),delta_time4_vs_time1,20,17,0.25187414877573866,"[-0.23, 0.63]",0.29822324307694004,0.9902054167988223,False
Thyroxine-binding globulin,Median Value (nm),delta_time4_vs_time1,20,17,-0.0016602433434303634,"[-0.46, 0.45]",0.9946179186029802,0.9975064507964061,False
Immunoglobulin kappa variable 1D-13;Immunoglobulin kappa variable 1-13,Median Value (nm),delta_time4_vs_time1,20,17,0.04087038829230769,"[-0.42, 0.49]",0.8680592978800725,0.9902054167988223,False
Complement factor H-related protein 5,Median Value (nm),delta_time4_vs_time1,20,17,0.15836389996078232,"[-0.32, 0.57]",0.5172856495234008,0.9902054167988223,False
Immunoglobulin lambda variable 2-23,Median Value (nm),delta_time4_vs_time1,20,17,-0.015878541528275867,"[-0.47, 0.44]",0.9485579319420576,0.9902054167988223,False
Coagulation factor VII,Median Value (nm),delta_time4_vs_time1,20,17,-0.01017471438553129,"[-0.46, 0.45]",0.9670245036593093,0.9902054167988223,False
Immunoglobulin heavy constant gamma 4,Median Value (nm),delta_time4_vs_time1,20,17,0.12148455587702023,"[-0.35, 0.55]",0.6202960786214914,0.9902054167988223,False
L-lactate dehydrogenase B chain,Median Value (nm),delta_time4_vs_time1,20,17,0.15111865752786596,"[-0.33, 0.57]",0.5368687801727638,0.9902054167988223,False
Zinc-alpha-2-glycoprotein,Median Value (nm),delta_time4_vs_time1,20,17,0.00203494287710623,"[-0.45, 0.46]",0.9934032620364097,0.9975064507964061,False
"Dihydrolipoyllysine-residue succinyltransferase component of 2-oxoglutarate dehydrogenase complex, mitochondrial",Median Value (nm),delta_time4_vs_time1,20,17,0.3237626003917156,"[-0.15, 0.68]",0.17631184452418078,0.9902054167988223,False
Serpin B3,Median Value (nm),delta_time4_vs_time1,20,17,-0.37389800523479383,"[-0.71, 0.10]",0.11480371673209193,0.9902054167988223,False
Immunoglobulin heavy variable 3-33,Median Value (nm),delta_time4_vs_time1,20,17,0.1690199942652495,"[-0.31, 0.58]",0.48910885826684014,0.9902054167988223,False
Follistatin-related protein 1,Median Value (nm),delta_time4_vs_time1,20,17,0.4731450094888633,"[0.02, 0.76]",0.0407547152244071,0.9902054167988223,False
Cholesteryl ester transfer protein,Median Value (nm),delta_time4_vs_time1,20,17,0.1250779839257027,"[-0.35, 0.55]",0.6099111472357888,0.9902054167988223,False
Complement C1q subcomponent subunit C,Median Value (nm),delta_time4_vs_time1,20,17,0.32692307692307704,"[-0.15, 0.68]",0.1718847276356521,0.9902054167988223,False
Immunoglobulin heavy variable 4-30-2,Median Value (nm),delta_time4_vs_time1,20,17,0.24838575676374366,"[-0.23, 0.63]",0.3051889480934318,0.9902054167988223,False
Thrombospondin-4,Median Value (nm),delta_time4_vs_time1,20,17,-0.27145121801389,"[-0.65, 0.21]",0.2609403350366386,0.9902054167988223,False
Transketolase,Median Value (nm),delta_time4_vs_time1,20,17,-0.055943237538498156,"[-0.50, 0.41]",0.8200554966549323,0.9902054167988223,False
Complement receptor type 2,Median Value (nm),delta_time4_vs_time1,20,17,-0.22316654634189578,"[-0.62, 0.26]",0.35842097841955656,0.9902054167988223,False
Immunoglobulin kappa variable 2-40;Immunoglobulin kappa variable 2D-40,Median Value (nm),delta_time4_vs_time1,20,17,-0.28836258941494525,"[-0.66, 0.19]",0.23120848762338753,0.9902054167988223,False
Immunoglobulin kappa variable 3D-7,Median Value (nm),delta_time4_vs_time1,20,17,-0.046572064134031574,"[-0.49, 0.42]",0.8498395171040829,0.9902054167988223,False
Immunoglobulin heavy variable 3-64,Median Value (nm),delta_time4_vs_time1,20,17,0.15111865752786596,"[-0.33, 0.57]",0.5368687801727638,0.9902054167988223,False
Vitronectin,Median Value (nm),delta_time4_vs_time1,20,17,0.5154611325136889,"[0.08, 0.79]",0.023896619732985406,0.9902054167988223,False
Complement component C8 gamma chain,Median Value (nm),delta_time4_vs_time1,20,17,0.1884493782419588,"[-0.29, 0.59]",0.4397430009865523,0.9902054167988223,False
Immunoglobulin heavy variable 5-51,Median Value (nm),delta_time4_vs_time1,20,17,0.0003838072876620726,"[-0.45, 0.45]",0.9987557874903793,0.9987557874903793,False
Coagulation factor V,Median Value (nm),delta_time4_vs_time1,20,17,0.11443771741237455,"[-0.36, 0.54]",0.6408608017892796,0.9902054167988223,False
Protein S100-A7,Median Value (nm),delta_time4_vs_time1,20,17,-0.24053215508042108,"[-0.63, 0.24]",0.3212264632605006,0.9902054167988223,False
Arginase-1,Median Value (nm),delta_time4_vs_time1,20,17,-0.049377216683221765,"[-0.49, 0.41]",0.8409017179184185,0.9902054167988223,False
Protein-glutamine gamma-glutamyltransferase K,Median Value (nm),delta_time4_vs_time1,20,17,-0.24296911175404082,"[-0.63, 0.24]",0.3161975130946134,0.9902054167988223,False
Immunoglobulin kappa variable 4-1,Median Value (nm),delta_time4_vs_time1,20,17,0.04045247484584554,"[-0.42, 0.49]",0.8693973654217029,0.9902054167988223,False
Coagulation factor XIII B chain,Median Value (nm),delta_time4_vs_time1,20,17,-0.13240440663854236,"[-0.55, 0.34]",0.5889592392882941,0.9902054167988223,False
Apolipoprotein C-II,Median Value (nm),delta_time4_vs_time1,20,17,-0.43539587663618506,"[-0.74, 0.02]",0.062432546896926906,0.9902054167988223,False
Bone marrow proteoglycan,Median Value (nm),delta_time4_vs_time1,20,17,-0.0781395950638728,"[-0.51, 0.39]",0.7505107883564031,0.9902054167988223,False
Apolipoprotein A-I,Median Value (nm),delta_time4_vs_time1,20,17,0.05792704028809039,"[-0.41, 0.50]",0.8137792035438364,0.9902054167988223,False
Coagulation factor X,Median Value (nm),delta_time4_vs_time1,20,17,-0.017553842742849258,"[-0.47, 0.44]",0.9431383803086417,0.9902054167988223,False
Thioredoxin,Median Value (nm),delta_time4_vs_time1,20,17,-0.4201291969065041,"[-0.73, 0.04]",0.07330721675569611,0.9902054167988223,False
Immunoglobulin heavy variable 3-15,Median Value (nm),delta_time4_vs_time1,20,17,0.4952314035604489,"[0.05, 0.78]",0.031088125559474527,0.9902054167988223,False
Proteasome subunit beta type-2,Median Value (nm),delta_time4_vs_time1,20,17,-0.12948167182188183,"[-0.55, 0.35]",0.5972814058431279,0.9902054167988223,False
Apolipoprotein A-II,Median Value (nm),delta_time4_vs_time1,20,17,0.11628121387199725,"[-0.36, 0.54]",0.6354559257795975,0.9902054167988223,False
Immunoglobulin heavy constant gamma 2,Median Value (nm),delta_time4_vs_time1,20,17,0.33669311939521135,"[-0.14, 0.69]",0.15867885477866148,0.9902054167988223,False
Plakophilin-1,Median Value (nm),delta_time4_vs_time1,20,17,-0.21461256654667257,"[-0.61, 0.27]",0.37760848388085955,0.9902054167988223,False
Fetuin-B,Median Value (nm),delta_time4_vs_time1,20,17,0.08110223373928035,"[-0.39, 0.52]",0.7413539989888309,0.9902054167988223,False
Complement factor H-related protein 3,Median Value (nm),delta_time4_vs_time1,20,17,-0.10759814145161403,"[-0.54, 0.36]",0.6610633166644662,0.9902054167988223,False
Plasminogen,Median Value (nm),delta_time4_vs_time1,20,17,-0.2733441565604797,"[-0.65, 0.21]",0.25749845975137764,0.9902054167988223,False
Fermitin family homolog 3,Median Value (nm),delta_time4_vs_time1,20,17,0.07674628405333331,"[-0.39, 0.51]",0.7548283193212717,0.9902054167988223,False
Immunoglobulin heavy variable 3-21,Median Value (nm),delta_time4_vs_time1,20,17,-0.24079382466490915,"[-0.63, 0.24]",0.32068421557173116,0.9902054167988223,False
Immunoglobulin heavy variable 2-26,Median Value (nm),delta_time4_vs_time1,20,17,-0.3288044391420553,"[-0.68, 0.15]",0.16928555116166089,0.9902054167988223,False
Immunoglobulin kappa variable 1-12;Immunoglobulin kappa variable 1D-12,Median Value (nm),delta_time4_vs_time1,20,17,-0.3329024143278946,"[-0.68, 0.14]",0.1637170279747804,0.9902054167988223,False
Immunoglobulin heavy constant gamma 3,Median Value (nm),delta_time4_vs_time1,20,17,-0.03798126177716041,"[-0.48, 0.42]",0.8773164822509935,0.9902054167988223,False
Immunoglobulin kappa variable 2D-29,Median Value (nm),delta_time4_vs_time1,20,17,0.4302606261956581,"[-0.03, 0.74]",0.06594553086942748,0.9902054167988223,False
Neogenin,Median Value (nm),delta_time4_vs_time1,20,17,0.058756938458288256,"[-0.41, 0.50]",0.811156794848772,0.9902054167988223,False
Immunoglobulin heavy variable 6-1,Median Value (nm),delta_time4_vs_time1,20,17,0.015640879008472115,"[-0.44, 0.47]",0.9493269439130719,0.9902054167988223,False
L-selectin,Median Value (nm),delta_time4_vs_time1,20,17,-0.15313910777707018,"[-0.57, 0.32]",0.531373869040425,0.9902054167988223,False
Immunoglobulin lambda constant 3,Median Value (nm),delta_time4_vs_time1,20,17,0.18675809232349866,"[-0.29, 0.59]",0.44393377423064406,0.9902054167988223,False
A disintegrin and metalloproteinase with thrombospondin motifs 13,Median Value (nm),delta_time4_vs_time1,20,17,-0.34797523198517183,"[-0.69, 0.13]",0.14431752194415753,0.9902054167988223,False
von Willebrand factor,Median Value (nm),delta_time4_vs_time1,20,17,0.22217165021316668,"[-0.26, 0.61]",0.3606235025382891,0.9902054167988223,False
Neutral alpha-glucosidase AB,Median Value (nm),delta_time4_vs_time1,20,17,-0.023928776157594707,"[-0.47, 0.44]",0.9225394519652397,0.9902054167988223,False
Carbonic anhydrase 1,Median Value (nm),delta_time4_vs_time1,20,17,0.22131914115694673,"[-0.26, 0.61]",0.3625169293079771,0.9902054167988223,False
Immunoglobulin lambda variable 4-60,Median Value (nm),delta_time4_vs_time1,20,17,-0.0675676668174065,"[-0.51, 0.40]",0.783439380265743,0.9902054167988223,False
Integrin beta-1,Median Value (nm),delta_time4_vs_time1,20,17,-0.14836730380264637,"[-0.56, 0.33]",0.5443929554867424,0.9902054167988223,False
Immunoglobulin lambda variable 3-12,Median Value (nm),delta_time4_vs_time1,20,17,0.45929675518911645,"[0.01, 0.76]",0.04790062383738362,0.9902054167988223,False
Alpha-amylase 1B;Alpha-amylase 1C;Alpha-amylase 1A,Median Value (nm),delta_time4_vs_time1,20,17,-0.19360806338270464,"[-0.60, 0.29]",0.4270888866637963,0.9902054167988223,False
Lumican,Median Value (nm),delta_time4_vs_time1,20,17,0.09594491313555464,"[-0.37, 0.53]",0.6960001310406061,0.9902054167988223,False
Beta-Ala-His dipeptidase,Median Value (nm),delta_time4_vs_time1,20,17,0.12958327924547233,"[-0.34, 0.55]",0.5969912764989634,0.9902054167988223,False
Immunoglobulin alpha-2 heavy chain,Median Value (nm),delta_time4_vs_time1,20,17,0.46813263442034675,"[0.02, 0.76]",0.043239475903979675,0.9902054167988223,False
Complement C5,Median Value (nm),delta_time4_vs_time1,20,17,0.03610521004257681,"[-0.43, 0.48]",0.8833358761289146,0.9902054167988223,False
Protein S100-A8,Median Value (nm),delta_time4_vs_time1,20,17,-0.15081837742107046,"[-0.57, 0.33]",0.5376876452365994,0.9902054167988223,False
Immunoglobulin lambda variable 3-25,Median Value (nm),delta_time4_vs_time1,20,17,0.039101060812870035,"[-0.42, 0.48]",0.8737266071562773,0.9902054167988223,False
Leukocyte immunoglobulin-like receptor subfamily B member 3;Leukocyte immunoglobulin-like receptor subfamily A member 6,Median Value (nm),delta_time4_vs_time1,20,17,0.22092741599467108,"[-0.26, 0.61]",0.3633888454541979,0.9902054167988223,False
Collagen alpha-3(VI) chain,Median Value (nm),delta_time4_vs_time1,20,17,-0.06943289670199261,"[-0.51, 0.40]",0.7776023324926944,0.9902054167988223,False
Immunoglobulin kappa variable 1-39;Immunoglobulin kappa variable 1D-39,Median Value (nm),delta_time4_vs_time1,20,17,-0.11992954884889621,"[-0.54, 0.35]",0.6248115805878862,0.9902054167988223,False
Bleomycin hydrolase,Median Value (nm),delta_time4_vs_time1,20,17,-0.3117916854664527,"[-0.67, 0.17]",0.19377772689552997,0.9902054167988223,False
CD166 antigen,Median Value (nm),delta_time4_vs_time1,20,17,0.038663914665018645,"[-0.42, 0.48]",0.8751277421550834,0.9902054167988223,False
Beta-2-microglobulin,Median Value (nm),delta_time4_vs_time1,20,17,0.2313192227023607,"[-0.25, 0.62]",0.34066364834488194,0.9902054167988223,False
Amino acid transporter heavy chain SLC3A2,Median Value (nm),delta_time4_vs_time1,20,17,0.25025406413555634,"[-0.23, 0.63]",0.30144617168562843,0.9902054167988223,False
Haptoglobin-related protein,Median Value (nm),delta_time4_vs_time1,20,17,0.24053215508042108,"[-0.24, 0.63]",0.3212264632605006,0.9902054167988223,False
Alpha-1-acid glycoprotein 1,Median Value (nm),delta_time4_vs_time1,20,17,-0.010239741599995892,"[-0.46, 0.45]",0.9668138653897917,0.9902054167988223,False
Serum paraoxonase/arylesterase 1,Median Value (nm),delta_time4_vs_time1,20,17,0.4297209801733776,"[-0.03, 0.74]",0.06632310652057469,0.9902054167988223,False
Target of Nesh-SH3,Median Value (nm),delta_time4_vs_time1,20,17,-0.320183294252384,"[-0.68, 0.16]",0.18141811988764261,0.9902054167988223,False
Intercellular adhesion molecule 1,Median Value (nm),delta_time4_vs_time1,20,17,0.30265452075832844,"[-0.18, 0.67]",0.20786007811638346,0.9902054167988223,False
Complement C4-A,Median Value (nm),delta_time4_vs_time1,20,17,0.16658624474400302,"[-0.31, 0.58]",0.4954771685232253,0.9902054167988223,False
Coagulation factor XIII A chain,Median Value (nm),delta_time4_vs_time1,20,17,-0.06077195899473473,"[-0.50, 0.40]",0.8047975574354659,0.9902054167988223,False
Immunoglobulin mu heavy chain,Median Value (nm),delta_time4_vs_time1,20,17,0.12836599222901168,"[-0.35, 0.55]",0.6004709346344979,0.9902054167988223,False
Oncoprotein-induced transcript 3 protein,Median Value (nm),delta_time4_vs_time1,20,17,-0.058392082437180165,"[-0.50, 0.41]",0.8123094738428086,0.9902054167988223,False
Peroxiredoxin-2,Median Value (nm),delta_time4_vs_time1,20,17,-0.20478328379056443,"[-0.60, 0.28]",0.40034991233915196,0.9902054167988223,False
Tissue factor pathway inhibitor,Median Value (nm),delta_time4_vs_time1,20,17,0.052679875823740355,"[-0.41, 0.50]",0.8304026717742882,0.9902054167988223,False
Progranulin,Median Value (nm),delta_time4_vs_time1,20,17,0.24860907062291257,"[-0.23, 0.63]",0.30474011679830143,0.9902054167988223,False
Histone H2B type 1-K;Histone H2B type F-S,Median Value (nm),delta_time4_vs_time1,20,17,-0.10946756734649783,"[-0.54, 0.36]",0.6555184222001188,0.9902054167988223,False
Hemoglobin subunit delta,Median Value (nm),delta_time4_vs_time1,20,17,0.0158275961110863,"[-0.44, 0.47]",0.9487227739610427,0.9902054167988223,False
Glutathione S-transferase P,Median Value (nm),delta_time4_vs_time1,20,17,-0.3779456193487626,"[-0.71, 0.09]",0.11061836266669892,0.9902054167988223,False
Annexin A6,Median Value (nm),delta_time4_vs_time1,20,17,-0.04724466903514459,"[-0.49, 0.42]",0.8476948179879658,0.9902054167988223,False
Complement factor H-related protein 1,Median Value (nm),delta_time4_vs_time1,20,17,0.05788736845741032,"[-0.41, 0.50]",0.8139046109479599,0.9902054167988223,False
Protein KPLCE,Median Value (nm),delta_time4_vs_time1,20,17,-0.2904650231813208,"[-0.66, 0.19]",0.2276719996504135,0.9902054167988223,False
Immunoglobulin heavy variable 4-4,Median Value (nm),delta_time4_vs_time1,20,17,-0.23436520403756528,"[-0.62, 0.25]",0.33416310705895325,0.9902054167988223,False
Alpha-1B-glycoprotein,Median Value (nm),delta_time4_vs_time1,20,17,-0.1180266868721635,"[-0.54, 0.36]",0.6303546478861211,0.9902054167988223,False
Properdin,Median Value (nm),delta_time4_vs_time1,20,17,-0.11599174399505705,"[-0.54, 0.36]",0.6363034531026083,0.9902054167988223,False
Immunoglobulin heavy variable 3-53,Median Value (nm),delta_time4_vs_time1,20,17,-0.09913680972958303,"[-0.53, 0.37]",0.6863687244990948,0.9902054167988223,False
Calmodulin-like protein 5,Median Value (nm),delta_time4_vs_time1,20,17,-0.34972826691869485,"[-0.69, 0.12]",0.142170168315688,0.9902054167988223,False
Carboxypeptidase B2,Median Value (nm),delta_time4_vs_time1,20,17,-0.009903697278160886,"[-0.46, 0.45]",0.9679024134571796,0.9902054167988223,False
"Sushi, nidogen and EGF-like domain-containing protein 1",Median Value (nm),delta_time4_vs_time1,20,17,-0.1128300523503151,"[-0.54, 0.36]",0.6455884304313213,0.9902054167988223,False
Proteasome subunit alpha type-5,Median Value (nm),delta_time4_vs_time1,20,17,-0.3775374946156519,"[-0.71, 0.09]",0.11103534115892318,0.9902054167988223,False
Bifunctional heparan sulfate N-deacetylase/N-sulfotransferase 4,Median Value (nm),delta_time4_vs_time1,20,17,-0.14469484578772945,"[-0.56, 0.33]",0.554509617609519,0.9902054167988223,False
Immunoglobulin heavy variable 3-9,Median Value (nm),delta_time4_vs_time1,20,17,0.31839435233337066,"[-0.16, 0.67]",0.18400722058839228,0.9902054167988223,False
Neural cell adhesion molecule L1-like protein,Median Value (nm),delta_time4_vs_time1,20,17,0.5005959477681423,"[0.06, 0.78]",0.029035369736868162,0.9902054167988223,False
Proteasome subunit alpha type-2,Median Value (nm),delta_time4_vs_time1,20,17,-0.39386678543122716,"[-0.72, 0.07]",0.09521471687890044,0.9902054167988223,False
Intercellular adhesion molecule 3,Median Value (nm),delta_time4_vs_time1,20,17,0.37533264844587105,"[-0.10, 0.71]",0.11330751808173006,0.9902054167988223,False
Receptor-type tyrosine-protein phosphatase eta,Median Value (nm),delta_time4_vs_time1,20,17,0.18596129079510795,"[-0.29, 0.59]",0.4459152914770732,0.9902054167988223,False
ADAMTS-like protein 4,Median Value (nm),delta_time4_vs_time1,20,17,-0.4453552838168802,"[-0.75, 0.01]",0.05602223586823278,0.9902054167988223,False
Immunoglobulin lambda variable 3-21,Median Value (nm),delta_time4_vs_time1,20,17,0.08143039984265645,"[-0.39, 0.52]",0.7403417378843987,0.9902054167988223,False
Cartilage oligomeric matrix protein,Median Value (nm),delta_time4_vs_time1,20,17,-0.11443191883761503,"[-0.54, 0.36]",0.640877829913344,0.9902054167988223,False
Neural cell adhesion molecule 1,Median Value (nm),delta_time4_vs_time1,20,17,-0.09271586224636687,"[-0.52, 0.38]",0.7057891864792771,0.9902054167988223,False
Immunoglobulin lambda variable 2-11,Median Value (nm),delta_time4_vs_time1,20,17,-0.36558451566292266,"[-0.70, 0.11]",0.12375259244649015,0.9902054167988223,False
Immunoglobulin kappa variable 1D-33;Immunoglobulin kappa variable 1-33,Median Value (nm),delta_time4_vs_time1,20,17,-0.037780771098169394,"[-0.48, 0.42]",0.8779594635247061,0.9902054167988223,False
Beta-2-glycoprotein 1,Median Value (nm),delta_time4_vs_time1,20,17,-0.24245819008770672,"[-0.63, 0.24]",0.3172479495654852,0.9902054167988223,False
Vitamin D-binding protein,Median Value (nm),delta_time4_vs_time1,20,17,-0.09238065180684933,"[-0.52, 0.38]",0.7068079661549898,0.9902054167988223,False
Filamin-A,Median Value (nm),delta_time4_vs_time1,20,17,0.12469446970555233,"[-0.35, 0.55]",0.6110161448344447,0.9902054167988223,False
Reelin,Median Value (nm),delta_time4_vs_time1,20,17,0.2566085599248073,"[-0.22, 0.64]",0.2889251816023349,0.9902054167988223,False
Immunoglobulin lambda variable 5-39,Median Value (nm),delta_time4_vs_time1,20,17,0.050994245942695665,"[-0.41, 0.49]",0.8357579102901976,0.9902054167988223,False
Fatty acid-binding protein 5,Median Value (nm),delta_time4_vs_time1,20,17,-0.051742662856059926,"[-0.49, 0.41]",0.8333793249496827,0.9902054167988223,False
"HLA class I histocompatibility antigen, A alpha chain",Median Value (nm),delta_time4_vs_time1,20,17,0.30596547565617455,"[-0.17, 0.67]",0.202681503570653,0.9902054167988223,False
Low affinity immunoglobulin gamma Fc region receptor III-A,Median Value (nm),delta_time4_vs_time1,20,17,-0.02887844653041556,"[-0.48, 0.43]",0.9065777339896395,0.9902054167988223,False
Heat shock 70 kDa protein 1A;Heat shock 70 kDa protein 1B,Median Value (nm),delta_time4_vs_time1,20,17,0.12155926116967528,"[-0.35, 0.55]",0.6200794713145195,0.9902054167988223,False
Apolipoprotein D,Median Value (nm),delta_time4_vs_time1,20,17,0.026621996043612997,"[-0.43, 0.48]",0.913850450936468,0.9902054167988223,False
Plexin-B1,Median Value (nm),delta_time4_vs_time1,20,17,0.21447154807115232,"[-0.27, 0.61]",0.3779295346572046,0.9902054167988223,False
Immunoglobulin heavy variable 1-58,Median Value (nm),delta_time4_vs_time1,20,17,0.09749792371646392,"[-0.37, 0.53]",0.6913083188094171,0.9902054167988223,False
Apolipoprotein C-IV,Median Value (nm),delta_time4_vs_time1,20,17,-0.17165657611856147,"[-0.58, 0.31]",0.4822553168319119,0.9902054167988223,False
Monocyte differentiation antigen CD14,Median Value (nm),delta_time4_vs_time1,20,17,0.06387844853686658,"[-0.40, 0.50]",0.7950168140053158,0.9902054167988223,False
Protein MENT,Median Value (nm),delta_time4_vs_time1,20,17,0.015373265320959692,"[-0.44, 0.47]",0.9501929211111136,0.9902054167988223,False
Immunoglobulin epsilon heavy chain,Median Value (nm),delta_time4_vs_time1,20,17,-0.02533128098568096,"[-0.47, 0.43]",0.9180135119414266,0.9902054167988223,False
Complement factor H,Median Value (nm),delta_time4_vs_time1,20,17,0.03802042585082156,"[-0.42, 0.48]",0.8771908901437055,0.9902054167988223,False
Stabilin-1,Median Value (nm),delta_time4_vs_time1,20,17,0.22874914344645175,"[-0.25, 0.62]",0.3462053379545039,0.9902054167988223,False
Macrophage receptor MARCO,Median Value (nm),delta_time4_vs_time1,20,17,-0.1788226224493923,"[-0.59, 0.30]",0.46387050068137825,0.9902054167988223,False
Protein POF1B,Median Value (nm),delta_time4_vs_time1,20,17,-0.2677197911991528,"[-0.64, 0.21]",0.2678093039557924,0.9902054167988223,False
Phosphatidylcholine-sterol acyltransferase,Median Value (nm),delta_time4_vs_time1,20,17,-0.028352996795465817,"[-0.48, 0.43]",0.908270684726864,0.9902054167988223,False
Clusterin,Median Value (nm),delta_time4_vs_time1,20,17,-0.25146326109421174,"[-0.63, 0.23]",0.2990386593675934,0.9902054167988223,False
Platelet-activating factor acetylhydrolase,Median Value (nm),delta_time4_vs_time1,20,17,0.013817062355825986,"[-0.44, 0.47]",0.9552297032802093,0.9902054167988223,False
Vasorin,Median Value (nm),delta_time4_vs_time1,20,17,-0.13788570726904933,"[-0.56, 0.34]",0.573484669345048,0.9902054167988223,False
Myeloperoxidase,Median Value (nm),delta_time4_vs_time1,20,17,0.2416271749003219,"[-0.24, 0.63]",0.31896092036287305,0.9902054167988223,False
Immunoglobulin lambda variable 5-52,Median Value (nm),delta_time4_vs_time1,20,17,-0.15854463578476383,"[-0.57, 0.32]",0.5168014767524076,0.9902054167988223,False
Carboxypeptidase N catalytic chain,Median Value (nm),delta_time4_vs_time1,20,17,-0.5793547728433728,"[-0.82, -0.17]",0.00933445431463464,0.9902054167988223,False
Fibrinogen gamma chain,Median Value (nm),delta_time4_vs_time1,20,17,-0.28115524679730425,"[-0.65, 0.20]",0.24359972353706877,0.9902054167988223,False
Soluble scavenger receptor cysteine-rich domain-containing protein SSC5D,Median Value (nm),delta_time4_vs_time1,20,17,-0.19405283323919145,"[-0.60, 0.29]",0.4260069928346282,0.9902054167988223,False
Tetranectin,Median Value (nm),delta_time4_vs_time1,20,17,0.12786038055037663,"[-0.35, 0.55]",0.6019186875115687,0.9902054167988223,False
Apolipoprotein(a),Median Value (nm),delta_time4_vs_time1,20,17,0.13562022848729935,"[-0.34, 0.56]",0.5798592169332846,0.9902054167988223,False
Alpha-2-antiplasmin,Median Value (nm),delta_time4_vs_time1,20,17,-0.18991237185854515,"[-0.59, 0.29]",0.43613461592607017,0.9902054167988223,False
Retroviral-like aspartic protease 1,Median Value (nm),delta_time4_vs_time1,20,17,-0.18067622708805836,"[-0.59, 0.30]",0.4591735018407713,0.9902054167988223,False
Ficolin-3,Median Value (nm),delta_time4_vs_time1,20,17,-0.0011452146918203793,"[-0.46, 0.45]",0.9962874954582555,0.998214550575196,False
Immunoglobulin kappa variable 2-24,Median Value (nm),delta_time4_vs_time1,20,17,0.5148422649526917,"[0.08, 0.79]",0.0240951582229353,0.9902054167988223,False
Immunoglobulin superfamily containing leucine-rich repeat protein,Median Value (nm),delta_time4_vs_time1,20,17,-0.11267999617683341,"[-0.54, 0.36]",0.646030365752468,0.9902054167988223,False
Complement factor D,Median Value (nm),delta_time4_vs_time1,20,17,0.16436409099956992,"[-0.31, 0.58]",0.5013267110398782,0.9902054167988223,False
Vitamin K-dependent protein Z,Median Value (nm),delta_time4_vs_time1,20,17,0.011623688413408518,"[-0.44, 0.46]",0.9623314601193954,0.9902054167988223,False
EGF-containing fibulin-like extracellular matrix protein 1,Median Value (nm),delta_time4_vs_time1,20,17,-0.03702860836886122,"[-0.48, 0.42]",0.8803723271628972,0.9902054167988223,False
Dipeptidase 2,Median Value (nm),delta_time4_vs_time1,20,17,0.022654554576034835,"[-0.44, 0.47]",0.9266533971875455,0.9902054167988223,False
Myeloblastin,Median Value (nm),delta_time4_vs_time1,20,17,0.11552575869779141,"[-0.36, 0.54]",0.6376687016175435,0.9902054167988223,False
Neurogenic locus notch homolog protein 1,Median Value (nm),delta_time4_vs_time1,20,17,-0.01614664656501168,"[-0.47, 0.44]",0.9476904684734659,0.9902054167988223,False
Vitamin K-dependent protein S,Median Value (nm),delta_time4_vs_time1,20,17,0.21249247512398078,"[-0.27, 0.61]",0.38245129880591777,0.9902054167988223,False
Dermcidin,Median Value (nm),delta_time4_vs_time1,20,17,-0.2658859602799906,"[-0.64, 0.21]",0.27122606215350903,0.9902054167988223,False
Immunoglobulin heavy variable 3-73,Median Value (nm),delta_time4_vs_time1,20,17,0.40488762554681534,"[-0.06, 0.73]",0.08550786762525193,0.9902054167988223,False
Alpha-2-macroglobulin,Median Value (nm),delta_time4_vs_time1,20,17,-0.1876626045622581,"[-0.59, 0.29]",0.4416899459071971,0.9902054167988223,False
Cation-independent mannose-6-phosphate receptor,Median Value (nm),delta_time4_vs_time1,20,17,-0.2335922173860114,"[-0.62, 0.25]",0.33580584111063305,0.9902054167988223,False
Chromodomain-helicase-DNA-binding protein 1;Chromodomain-helicase-DNA-binding protein 2;Chromodomain-helicase-DNA-binding protein 9;Chromodomain-helicase-DNA-binding protein 6;Chromodomain-helicase-DNA-binding protein 8;Chromodomain-helicase-DNA-binding protein 7,Median Value (nm),delta_time4_vs_time1,20,17,-0.06565897566437215,"[-0.50, 0.40]",0.7894239198621739,0.9902054167988223,False
Ceruloplasmin,Median Value (nm),delta_time4_vs_time1,20,17,-0.02036711623965243,"[-0.47, 0.44]",0.9340430150136049,0.9902054167988223,False
Prostaglandin-H2 D-isomerase,Median Value (nm),delta_time4_vs_time1,20,17,0.23954751832994384,"[-0.24, 0.63]",0.3232717583491711,0.9902054167988223,False
Protein S100-A9,Median Value (nm),delta_time4_vs_time1,20,17,-0.20660168760606906,"[-0.60, 0.27]",0.39608744924595096,0.9902054167988223,False
Immunoglobulin J chain,Median Value (nm),delta_time4_vs_time1,20,17,0.2040517387686915,"[-0.28, 0.60]",0.4020717395827933,0.9902054167988223,False
