Variable_A,Variable_B,TimeWindow,n,df,r,CI_95%,p_val,p_adj,is_significant
Leuk,VCAM-1,delta_time2_vs_time1,20,17,0.525973458243508,"[0.09, 0.79]",0.020716525577103257,0.43245691574547934,False
Eryt,VCAM-1,delta_time2_vs_time1,20,17,-0.09191171534475444,"[-0.52, 0.38]",0.7082339699341678,0.9344460140623945,False
Hb,VCAM-1,delta_time2_vs_time1,20,17,0.15446488373056538,"[-0.32, 0.57]",0.5277823685614104,0.930223592129741,False
HKR,VCAM-1,delta_time2_vs_time1,20,17,-0.015798168651780353,"[-0.47, 0.44]",0.9488179921060177,0.9893426012106461,False
MCV,VCAM-1,delta_time2_vs_time1,20,17,0.0408224762108863,"[-0.42, 0.49]",0.8682126845354712,0.9641315701625187,False
MCH,VCAM-1,delta_time2_vs_time1,20,17,0.44905733984983043,"[-0.01, 0.75]",0.05377092025605932,0.4850356480240453,False
Trom,VCAM-1,delta_time2_vs_time1,20,17,0.5527291303973552,"[0.13, 0.80]",0.014114309035998088,0.40361663454900226,False
Neutr,VCAM-1,delta_time2_vs_time1,20,17,0.5811865295114483,"[0.17, 0.82]",0.009061296854349435,0.40361663454900226,False
Lymfos,VCAM-1,delta_time2_vs_time1,20,17,-0.011191314743864027,"[-0.46, 0.45]",0.9637317463006361,0.9916779287979511,False
Monos,VCAM-1,delta_time2_vs_time1,20,17,0.4922236120017693,"[0.05, 0.77]",0.03228750728416475,0.43245691574547934,False
Eosin,VCAM-1,delta_time2_vs_time1,20,17,0.037470831353611046,"[-0.42, 0.48]",0.8789535959778988,0.9641315701625187,False
Basof,VCAM-1,delta_time2_vs_time1,20,17,0.5752954390460565,"[0.16, 0.82]",0.009963570235025553,0.40361663454900226,False
Lactic acid,VCAM-1,delta_time2_vs_time1,20,17,0.14662070463782548,"[-0.33, 0.56]",0.5491939715204239,0.930223592129741,False
Leuk,MIP-1α,delta_time2_vs_time1,20,17,0.29227961101081135,"[-0.19, 0.66]",0.22464800094598725,0.7522304274100482,False
Eryt,MIP-1α,delta_time2_vs_time1,20,17,0.0017067779139803055,"[-0.45, 0.46]",0.994467067675463,0.9986511943179401,False
Hb,MIP-1α,delta_time2_vs_time1,20,17,-0.03977227339534967,"[-0.49, 0.42]",0.8715759471628126,0.9641315701625187,False
HKR,MIP-1α,delta_time2_vs_time1,20,17,0.03232788915179839,"[-0.43, 0.48]",0.8954738412541445,0.967724786881007,False
MCV,MIP-1α,delta_time2_vs_time1,20,17,0.22783977355527796,"[-0.25, 0.62]",0.34817856857091645,0.8520575874100839,False
MCH,MIP-1α,delta_time2_vs_time1,20,17,-0.12767742779027091,"[-0.55, 0.35]",0.6024429008591954,0.930223592129741,False
Trom,MIP-1α,delta_time2_vs_time1,20,17,0.5240504664510419,"[0.09, 0.79]",0.02127170559412814,0.43245691574547934,False
Neutr,MIP-1α,delta_time2_vs_time1,20,17,0.09851575638033053,"[-0.37, 0.53]",0.6882391567868027,0.930223592129741,False
Lymfos,MIP-1α,delta_time2_vs_time1,20,17,0.31625082056912424,"[-0.16, 0.67]",0.18714209109895996,0.6836099526094239,False
Monos,MIP-1α,delta_time2_vs_time1,20,17,0.4644534808651034,"[0.01, 0.76]",0.045136046057052154,0.47088992251910067,False
Eosin,MIP-1α,delta_time2_vs_time1,20,17,0.46118093535237836,"[0.01, 0.76]",0.04687591988877925,0.47088992251910067,False
Basof,MIP-1α,delta_time2_vs_time1,20,17,0.1478635942100593,"[-0.33, 0.56]",0.5457755949624563,0.930223592129741,False
Lactic acid,MIP-1α,delta_time2_vs_time1,20,17,0.2759608638550256,"[-0.20, 0.65]",0.25278791473244566,0.8038291964873452,False
Leuk,VEGF1,delta_time2_vs_time1,20,17,0.13639329058913197,"[-0.34, 0.56]",0.577680603298633,0.930223592129741,False
Eryt,VEGF1,delta_time2_vs_time1,20,17,0.08644477885130625,"[-0.38, 0.52]",0.7249260654083485,0.9374680017231452,False
Hb,VEGF1,delta_time2_vs_time1,20,17,-0.0050136325785286595,"[-0.46, 0.45]",0.9837480035312508,0.9968045166818362,False
HKR,VEGF1,delta_time2_vs_time1,20,17,0.022324136939969208,"[-0.44, 0.47]",0.9277204769407406,0.9809867244205918,False
MCV,VEGF1,delta_time2_vs_time1,20,17,0.32482135240648113,"[-0.15, 0.68]",0.17482026259347955,0.6678465681374653,False
MCH,VEGF1,delta_time2_vs_time1,20,17,-0.2691754095819297,"[-0.64, 0.21]",0.2651164436642795,0.8160138743334531,False
Trom,VEGF1,delta_time2_vs_time1,20,17,0.28641483072377105,"[-0.19, 0.66]",0.23451625386050015,0.7729710880174656,False
Neutr,VEGF1,delta_time2_vs_time1,20,17,-0.13555378212407,"[-0.56, 0.34]",0.5800466367377994,0.930223592129741,False
Lymfos,VEGF1,delta_time2_vs_time1,20,17,0.5135452128022832,"[0.08, 0.78]",0.024515473696098616,0.43245691574547934,False
Monos,VEGF1,delta_time2_vs_time1,20,17,0.2595543484241883,"[-0.22, 0.64]",0.28323048889819546,0.8182214123725647,False
Eosin,VEGF1,delta_time2_vs_time1,20,17,0.3920172417194874,"[-0.08, 0.72]",0.09691911766284275,0.5966766550493507,False
Basof,VEGF1,delta_time2_vs_time1,20,17,-0.13124356906672216,"[-0.55, 0.34]",0.5922587743476037,0.930223592129741,False
Lactic acid,VEGF1,delta_time2_vs_time1,20,17,0.055511927738640124,"[-0.41, 0.50]",0.8214214616695122,0.9641315701625187,False
Leuk,MDC,delta_time2_vs_time1,20,17,0.04837431871140691,"[-0.41, 0.49]",0.8440950768345633,0.9641315701625187,False
Eryt,MDC,delta_time2_vs_time1,20,17,0.11986100377764769,"[-0.35, 0.54]",0.6250109212853334,0.930223592129741,False
Hb,MDC,delta_time2_vs_time1,20,17,0.17139419161582103,"[-0.31, 0.58]",0.4829352269391137,0.907569582325104,False
HKR,MDC,delta_time2_vs_time1,20,17,0.17514839626526493,"[-0.30, 0.58]",0.4732522686004552,0.9073316099043279,False
MCV,MDC,delta_time2_vs_time1,20,17,0.49995891155926236,"[0.06, 0.78]",0.029273437270098335,0.43245691574547934,False
MCH,MDC,delta_time2_vs_time1,20,17,-0.10196260110521164,"[-0.53, 0.37]",0.6778804204004839,0.930223592129741,False
Trom,MDC,delta_time2_vs_time1,20,17,0.5829099863508106,"[0.18, 0.82]",0.008810233793001077,0.40361663454900226,False
Neutr,MDC,delta_time2_vs_time1,20,17,-0.2441391976681849,"[-0.63, 0.24]",0.31379968374291334,0.8421546740723754,False
Lymfos,MDC,delta_time2_vs_time1,20,17,0.47687128901635706,"[0.03, 0.77]",0.038979819393177045,0.4596474266656473,False
Monos,MDC,delta_time2_vs_time1,20,17,0.2109966490617529,"[-0.27, 0.61]",0.38588883885390257,0.8560326745672893,False
Eosin,MDC,delta_time2_vs_time1,20,17,0.12461123209916308,"[-0.35, 0.55]",0.6112560790387477,0.930223592129741,False
Basof,MDC,delta_time2_vs_time1,20,17,0.07040405161965776,"[-0.40, 0.51]",0.7745676897960825,0.9552817741730101,False
Lactic acid,MDC,delta_time2_vs_time1,20,17,0.34054041441289284,"[-0.13, 0.69]",0.1536755044965285,0.6453300620727447,False
Leuk,SAA,delta_time2_vs_time1,20,17,0.5783498558861394,"[0.17, 0.82]",0.009487117183093871,0.40361663454900226,False
Eryt,SAA,delta_time2_vs_time1,20,17,-0.2355966321009628,"[-0.62, 0.24]",0.33155584723373543,0.8520575874100839,False
Hb,SAA,delta_time2_vs_time1,20,17,-0.03367230419058682,"[-0.48, 0.43]",0.8911510393846032,0.9670823128528997,False
HKR,SAA,delta_time2_vs_time1,20,17,-0.10462560833846561,"[-0.53, 0.37]",0.6699149376909093,0.930223592129741,False
MCV,SAA,delta_time2_vs_time1,20,17,-0.05195427222229782,"[-0.49, 0.41]",0.8327070477916972,0.9641315701625187,False
MCH,SAA,delta_time2_vs_time1,20,17,0.4130356725224891,"[-0.05, 0.73]",0.0788131672623761,0.5422157519814403,False
Trom,SAA,delta_time2_vs_time1,20,17,0.2854952468567923,"[-0.19, 0.65]",0.23608845448497254,0.7729710880174656,False
Neutr,SAA,delta_time2_vs_time1,20,17,0.6302297712663661,"[0.25, 0.84]",0.0038231477265923248,0.40361663454900226,False
Lymfos,SAA,delta_time2_vs_time1,20,17,0.13790405765557123,"[-0.34, 0.56]",0.5734331589977297,0.930223592129741,False
Monos,SAA,delta_time2_vs_time1,20,17,0.5537230348278399,"[0.13, 0.81]",0.013906317047508018,0.40361663454900226,False
Eosin,SAA,delta_time2_vs_time1,20,17,0.3193021957524278,"[-0.16, 0.68]",0.18269022961225992,0.678563709988394,False
Basof,SAA,delta_time2_vs_time1,20,17,0.4284494633279132,"[-0.03, 0.74]",0.06721914211793821,0.5135824964294882,False
Lactic acid,SAA,delta_time2_vs_time1,20,17,-0.1472837484363703,"[-0.56, 0.33]",0.5473691778894472,0.930223592129741,False
Leuk,IL-8,delta_time2_vs_time1,20,17,0.014817581873116313,"[-0.44, 0.47]",0.9519912394499086,0.990070889027905,False
Eryt,IL-8,delta_time2_vs_time1,20,17,0.1929798389024442,"[-0.29, 0.60]",0.428619505140199,0.8818301351195236,False
Hb,IL-8,delta_time2_vs_time1,20,17,0.2009928553359779,"[-0.28, 0.60]",0.4093149468151107,0.8697942619821103,False
HKR,IL-8,delta_time2_vs_time1,20,17,0.2102239408044497,"[-0.27, 0.61]",0.38767128185145916,0.8560326745672893,False
MCV,IL-8,delta_time2_vs_time1,20,17,0.4303863104329087,"[-0.03, 0.74]",0.06585782436961798,0.5135824964294882,False
MCH,IL-8,delta_time2_vs_time1,20,17,-0.12324527436524606,"[-0.55, 0.35]",0.6151988843436191,0.930223592129741,False
Trom,IL-8,delta_time2_vs_time1,20,17,0.4938358850958283,"[0.05, 0.77]",0.031640208037639596,0.43245691574547934,False
Neutr,IL-8,delta_time2_vs_time1,20,17,-0.28847751204156624,"[-0.66, 0.19]",0.23101426676109926,0.7677316233714728,False
Lymfos,IL-8,delta_time2_vs_time1,20,17,0.5047645001810067,"[0.07, 0.78]",0.02751462803137416,0.43245691574547934,False
Monos,IL-8,delta_time2_vs_time1,20,17,0.14412669404988204,"[-0.33, 0.56]",0.556082151891116,0.930223592129741,False
Eosin,IL-8,delta_time2_vs_time1,20,17,0.03806431794231653,"[-0.42, 0.48]",0.877050139476081,0.9641315701625187,False
Basof,IL-8,delta_time2_vs_time1,20,17,0.10731847631113214,"[-0.36, 0.54]",0.661894293761076,0.930223592129741,False
Lactic acid,IL-8,delta_time2_vs_time1,20,17,0.20992170693336468,"[-0.27, 0.61]",0.3883696973225148,0.8560326745672893,False
Leuk,IL-16,delta_time2_vs_time1,20,17,-0.12119812761577133,"[-0.55, 0.35]",0.6211268519731152,0.930223592129741,False
Eryt,IL-16,delta_time2_vs_time1,20,17,0.23182961645788258,"[-0.25, 0.62]",0.3395693004883269,0.8520575874100839,False
Hb,IL-16,delta_time2_vs_time1,20,17,0.2434082900255522,"[-0.24, 0.63]",0.3152962381370568,0.8421546740723754,False
HKR,IL-16,delta_time2_vs_time1,20,17,0.32702547829267303,"[-0.15, 0.68]",0.17174256236089322,0.6658790575746912,False
MCV,IL-16,delta_time2_vs_time1,20,17,0.44298573702232463,"[-0.01, 0.75]",0.057500157455193775,0.49223083027251907,False
MCH,IL-16,delta_time2_vs_time1,20,17,-0.003072820048989508,"[-0.46, 0.45]",0.9900388751658962,0.9968045166818362,False
Trom,IL-16,delta_time2_vs_time1,20,17,0.3672921374364597,"[-0.10, 0.70]",0.12187536839329223,0.6146667068783531,False
Neutr,IL-16,delta_time2_vs_time1,20,17,-0.3101096324750842,"[-0.67, 0.17]",0.19632102063727938,0.7054787896071341,False
Lymfos,IL-16,delta_time2_vs_time1,20,17,0.08392565072689806,"[-0.38, 0.52]",0.73265835331222,0.9413807911744222,False
Monos,IL-16,delta_time2_vs_time1,20,17,0.040999704257794145,"[-0.42, 0.49]",0.8676453258129592,0.9641315701625187,False
Eosin,IL-16,delta_time2_vs_time1,20,17,-0.2424258189192492,"[-0.63, 0.24]",0.3173145734531482,0.8421546740723754,False
Basof,IL-16,delta_time2_vs_time1,20,17,0.07911240272103752,"[-0.39, 0.51]",0.7475004900712263,0.9552817741730101,False
Lactic acid,IL-16,delta_time2_vs_time1,20,17,0.4136862941044411,"[-0.05, 0.73]",0.07829581003406183,0.5422157519814403,False
Leuk,TNF-α,delta_time2_vs_time1,20,17,-0.045559658368702065,"[-0.49, 0.42]",0.8530696210421921,0.9641315701625187,False
Eryt,TNF-α,delta_time2_vs_time1,20,17,-0.011478734245480869,"[-0.46, 0.45]",0.9628008973914022,0.9916779287979511,False
Hb,TNF-α,delta_time2_vs_time1,20,17,0.33227795016148837,"[-0.14, 0.68]",0.16455737391117864,0.6593512472327092,False
HKR,TNF-α,delta_time2_vs_time1,20,17,0.23924310548002634,"[-0.24, 0.63]",0.32390564387399057,0.8421546740723754,False
MCV,TNF-α,delta_time2_vs_time1,20,17,0.26285747297662554,"[-0.22, 0.64]",0.27692778540728047,0.8160138743334531,False
MCH,TNF-α,delta_time2_vs_time1,20,17,0.41286190783799637,"[-0.05, 0.73]",0.07895176658543665,0.5422157519814403,False
Trom,TNF-α,delta_time2_vs_time1,20,17,0.37883275918223147,"[-0.09, 0.71]",0.10971585269803452,0.6061800861566408,False
Neutr,TNF-α,delta_time2_vs_time1,20,17,0.03689779956280301,"[-0.42, 0.48]",0.8807920525003868,0.9641315701625187,False
Lymfos,TNF-α,delta_time2_vs_time1,20,17,0.13214266414107287,"[-0.34, 0.55]",0.5897025360360006,0.930223592129741,False
Monos,TNF-α,delta_time2_vs_time1,20,17,0.01954302790579476,"[-0.44, 0.47]",0.9367065462518578,0.9844731176803364,False
Eosin,TNF-α,delta_time2_vs_time1,20,17,-0.00495070737975952,"[-0.46, 0.45]",0.9839519542547119,0.9968045166818362,False
Basof,TNF-α,delta_time2_vs_time1,20,17,0.2705146902451814,"[-0.21, 0.65]",0.26265382964405476,0.8160138743334531,False
Lactic acid,TNF-α,delta_time2_vs_time1,20,17,-0.06405393006373257,"[-0.50, 0.40]",0.7944651709830247,0.9641315701625187,False
Leuk,MCP-4,delta_time2_vs_time1,20,17,0.01604538859262532,"[-0.44, 0.47]",0.9480180857063661,0.9893426012106461,False
Eryt,MCP-4,delta_time2_vs_time1,20,17,0.09717745856625716,"[-0.37, 0.53]",0.6922756035324453,0.930223592129741,False
Hb,MCP-4,delta_time2_vs_time1,20,17,0.23992615793235875,"[-0.24, 0.63]",0.32248433473184124,0.8421546740723754,False
HKR,MCP-4,delta_time2_vs_time1,20,17,0.10899192826423301,"[-0.36, 0.54]",0.6569275912176802,0.930223592129741,False
MCV,MCP-4,delta_time2_vs_time1,20,17,0.40936331306722457,"[-0.06, 0.73]",0.08178078762832987,0.5422157519814403,False
MCH,MCP-4,delta_time2_vs_time1,20,17,0.0688217064064093,"[-0.40, 0.51]",0.7795137506572237,0.9552817741730101,False
Trom,MCP-4,delta_time2_vs_time1,20,17,0.5374521863349461,"[0.11, 0.80]",0.017636509740681136,0.43245691574547934,False
Neutr,MCP-4,delta_time2_vs_time1,20,17,-0.16183388940877458,"[-0.57, 0.32]",0.5080273506344523,0.9217338931147149,False
Lymfos,MCP-4,delta_time2_vs_time1,20,17,0.26069159485343124,"[-0.22, 0.64]",0.28105062384291196,0.817265629858994,False
Monos,MCP-4,delta_time2_vs_time1,20,17,0.1881822919498369,"[-0.29, 0.59]",0.44040342868452487,0.8850102158769627,False
Eosin,MCP-4,delta_time2_vs_time1,20,17,0.07484938632945531,"[-0.39, 0.51]",0.7607175269998746,0.9552817741730101,False
Basof,MCP-4,delta_time2_vs_time1,20,17,0.15237780277024063,"[-0.32, 0.57]",0.5334413036381445,0.930223592129741,False
Lactic acid,MCP-4,delta_time2_vs_time1,20,17,0.21163520417384643,"[-0.27, 0.61]",0.38441929150289944,0.8560326745672893,False
Leuk,Tie-2,delta_time2_vs_time1,20,17,0.5904315142625082,"[0.19, 0.82]",0.007779619747405049,0.40361663454900226,False
Eryt,Tie-2,delta_time2_vs_time1,20,17,-0.16118553323137325,"[-0.57, 0.32]",0.5097512094751437,0.9217338931147149,False
Hb,Tie-2,delta_time2_vs_time1,20,17,-0.03101897995041465,"[-0.48, 0.43]",0.8996851906580733,0.9699045226118741,False
HKR,Tie-2,delta_time2_vs_time1,20,17,-0.12353966894526054,"[-0.55, 0.35]",0.6143482623905343,0.930223592129741,False
MCV,Tie-2,delta_time2_vs_time1,20,17,0.1921362367704522,"[-0.29, 0.59]",0.43067942522229197,0.8818301351195236,False
MCH,Tie-2,delta_time2_vs_time1,20,17,0.19202983299730306,"[-0.29, 0.59]",0.4309396135425726,0.8818301351195236,False
Trom,Tie-2,delta_time2_vs_time1,20,17,0.33426936990874606,"[-0.14, 0.68]",0.16188776948500128,0.6593512472327092,False
Neutr,Tie-2,delta_time2_vs_time1,20,17,0.35414062750939496,"[-0.12, 0.70]",0.13686417322629285,0.6348283832990451,False
Lymfos,Tie-2,delta_time2_vs_time1,20,17,0.34294492415909883,"[-0.13, 0.69]",0.15060438763591333,0.6453300620727447,False
Monos,Tie-2,delta_time2_vs_time1,20,17,0.4239025370916158,"[-0.04, 0.74]",0.0704974601573634,0.528133515077197,False
Eosin,Tie-2,delta_time2_vs_time1,20,17,0.1948325571530446,"[-0.28, 0.60]",0.42411384090146376,0.8818301351195236,False
Basof,Tie-2,delta_time2_vs_time1,20,17,0.41855141270634105,"[-0.04, 0.73]",0.07450641834024671,0.5422157519814403,False
Lactic acid,Tie-2,delta_time2_vs_time1,20,17,0.2787212565632815,"[-0.20, 0.65]",0.2478782203657177,0.7939287927655595,False
Leuk,Flt-1,delta_time2_vs_time1,20,17,0.13107464623577145,"[-0.34, 0.55]",0.5927395577579044,0.930223592129741,False
Eryt,Flt-1,delta_time2_vs_time1,20,17,0.22852139974762223,"[-0.25, 0.62]",0.3466989077063478,0.8520575874100839,False
Hb,Flt-1,delta_time2_vs_time1,20,17,0.30624686017296504,"[-0.17, 0.67]",0.202245371505719,0.7094639222660937,False
HKR,Flt-1,delta_time2_vs_time1,20,17,0.24834149052027824,"[-0.23, 0.63]",0.30527796467036794,0.8380923005236188,False
MCV,Flt-1,delta_time2_vs_time1,20,17,0.4282039687009247,"[-0.03, 0.74]",0.06739317826450297,0.5135824964294882,False
MCH,Flt-1,delta_time2_vs_time1,20,17,-0.13333327151036464,"[-0.55, 0.34]",0.5863246249848104,0.930223592129741,False
Trom,Flt-1,delta_time2_vs_time1,20,17,0.4615781835171383,"[0.01, 0.76]",0.04666203136265105,0.47088992251910067,False
Neutr,Flt-1,delta_time2_vs_time1,20,17,-0.12642750145104412,"[-0.55, 0.35]",0.606029292049386,0.930223592129741,False
Lymfos,Flt-1,delta_time2_vs_time1,20,17,0.4063168419830001,"[-0.06, 0.73]",0.08430441887916519,0.5479787227145737,False
Monos,Flt-1,delta_time2_vs_time1,20,17,0.3637006457050224,"[-0.11, 0.70]",0.1258472412195211,0.6146667068783531,False
Eosin,Flt-1,delta_time2_vs_time1,20,17,0.05719536624628601,"[-0.41, 0.50]",0.8160928074709689,0.9641315701625187,False
Basof,Flt-1,delta_time2_vs_time1,20,17,0.14794383420115628,"[-0.33, 0.56]",0.545555237187979,0.930223592129741,False
Lactic acid,Flt-1,delta_time2_vs_time1,20,17,0.5606970367592286,"[0.14, 0.81]",0.012514943594183472,0.40361663454900226,False
Leuk,MIP-1β,delta_time2_vs_time1,20,17,0.10743143444793321,"[-0.36, 0.54]",0.6615586123737766,0.930223592129741,False
Eryt,MIP-1β,delta_time2_vs_time1,20,17,-0.07681672559835308,"[-0.51, 0.39]",0.7546098698461242,0.9552817741730101,False
Hb,MIP-1β,delta_time2_vs_time1,20,17,0.03976323739598746,"[-0.42, 0.49]",0.8716048940873391,0.9641315701625187,False
HKR,MIP-1β,delta_time2_vs_time1,20,17,-0.17721423965910094,"[-0.58, 0.30]",0.4679657160364701,0.9073316099043279,False
MCV,MIP-1β,delta_time2_vs_time1,20,17,0.1253447837840866,"[-0.35, 0.55]",0.6091429081717252,0.930223592129741,False
MCH,MIP-1β,delta_time2_vs_time1,20,17,0.10823817449257801,"[-0.36, 0.54]",0.659162997036148,0.930223592129741,False
Trom,MIP-1β,delta_time2_vs_time1,20,17,0.45006524158778094,"[-0.01, 0.75]",0.053170034202267104,0.4850356480240453,False
Neutr,MIP-1β,delta_time2_vs_time1,20,17,-0.13750262894709006,"[-0.56, 0.34]",0.5745604419150343,0.930223592129741,False
Lymfos,MIP-1β,delta_time2_vs_time1,20,17,0.22985238743167163,"[-0.25, 0.62]",0.34382013095202824,0.8520575874100839,False
Monos,MIP-1β,delta_time2_vs_time1,20,17,0.1665731343491605,"[-0.31, 0.58]",0.4955115825871038,0.9163854372531377,False
Eosin,MIP-1β,delta_time2_vs_time1,20,17,0.17503266717880372,"[-0.30, 0.58]",0.47354930258763694,0.9073316099043279,False
Basof,MIP-1β,delta_time2_vs_time1,20,17,0.06804008368633048,"[-0.40, 0.51]",0.7819599389592291,0.9552817741730101,False
Lactic acid,MIP-1β,delta_time2_vs_time1,20,17,0.31745704601447766,"[-0.16, 0.67]",0.18537363606685528,0.6827928928462503,False
Leuk,IL-12p70,delta_time2_vs_time1,20,17,-0.04913187576728661,"[-0.49, 0.41]",0.8416826978077208,0.9641315701625187,False
Eryt,IL-12p70,delta_time2_vs_time1,20,17,-0.10203237294381744,"[-0.53, 0.37]",0.6776712993054987,0.930223592129741,False
Hb,IL-12p70,delta_time2_vs_time1,20,17,0.042721902760453075,"[-0.42, 0.49]",0.8621353305558566,0.9641315701625187,False
HKR,IL-12p70,delta_time2_vs_time1,20,17,0.0879199157221502,"[-0.38, 0.52]",0.7204099871814521,0.9374680017231452,False
MCV,IL-12p70,delta_time2_vs_time1,20,17,0.2552689234775171,"[-0.23, 0.64]",0.2915379266728702,0.8242412214800474,False
MCH,IL-12p70,delta_time2_vs_time1,20,17,0.005670230401702449,"[-0.45, 0.46]",0.9816199238824924,0.9968045166818362,False
Trom,IL-12p70,delta_time2_vs_time1,20,17,-0.17503006183675396,"[-0.58, 0.30]",0.47355599061405496,0.9073316099043279,False
Neutr,IL-12p70,delta_time2_vs_time1,20,17,0.039445950015055485,"[-0.42, 0.48]",0.8726214265665071,0.9641315701625187,False
Lymfos,IL-12p70,delta_time2_vs_time1,20,17,0.0481838766553908,"[-0.42, 0.49]",0.8447017340434821,0.9641315701625187,False
Monos,IL-12p70,delta_time2_vs_time1,20,17,-0.02445451681235941,"[-0.47, 0.43]",0.9208425912279022,0.9792291888904266,False
Eosin,IL-12p70,delta_time2_vs_time1,20,17,0.13427451658992898,"[-0.34, 0.55]",0.5836599740631186,0.930223592129741,False
Basof,IL-12p70,delta_time2_vs_time1,20,17,-0.16430001466848576,"[-0.58, 0.31]",0.501495875305501,0.9217338931147149,False
Lactic acid,IL-12p70,delta_time2_vs_time1,20,17,-0.05798319720077607,"[-0.50, 0.41]",0.813601692238876,0.9641315701625187,False
Leuk,CRP,delta_time2_vs_time1,20,17,0.451050893391551,"[-0.00, 0.75]",0.052587350741773925,0.4850356480240453,False
Eryt,CRP,delta_time2_vs_time1,20,17,-0.1281980709619551,"[-0.55, 0.35]",0.6009515965660647,0.930223592129741,False
Hb,CRP,delta_time2_vs_time1,20,17,0.1515057094824176,"[-0.33, 0.57]",0.5358141292094807,0.930223592129741,False
HKR,CRP,delta_time2_vs_time1,20,17,-0.13236154951641346,"[-0.55, 0.34]",0.5890809181067007,0.930223592129741,False
MCV,CRP,delta_time2_vs_time1,20,17,-0.046260927678105135,"[-0.49, 0.42]",0.8508319637859032,0.9641315701625187,False
MCH,CRP,delta_time2_vs_time1,20,17,0.4651433953904546,"[0.01, 0.76]",0.04477564046264702,0.47088992251910067,False
Trom,CRP,delta_time2_vs_time1,20,17,0.35328567073283873,"[-0.12, 0.70]",0.13788127782060708,0.6348283832990451,False
Neutr,CRP,delta_time2_vs_time1,20,17,0.4547708360099948,"[0.00, 0.75]",0.05043180701924553,0.48458388483709836,False
Lymfos,CRP,delta_time2_vs_time1,20,17,0.11905994114427017,"[-0.35, 0.54]",0.6273423921113359,0.930223592129741,False
Monos,CRP,delta_time2_vs_time1,20,17,0.5022146268326015,"[0.06, 0.78]",0.028437250835687242,0.43245691574547934,False
Eosin,CRP,delta_time2_vs_time1,20,17,0.20869198933935384,"[-0.27, 0.61]",0.3912185526302996,0.8560326745672893,False
Basof,CRP,delta_time2_vs_time1,20,17,0.3863502619959251,"[-0.08, 0.72]",0.10227922888772573,0.5966766550493507,False
Lactic acid,CRP,delta_time2_vs_time1,20,17,0.09511961171745019,"[-0.38, 0.53]",0.6984977766846476,0.930223592129741,False
Leuk,IFN-γ,delta_time2_vs_time1,20,17,0.3218561885318086,"[-0.16, 0.68]",0.17901929340834963,0.6739792299047143,False
Eryt,IFN-γ,delta_time2_vs_time1,20,17,0.17478173637907643,"[-0.30, 0.58]",0.4741936694296375,0.9073316099043279,False
Hb,IFN-γ,delta_time2_vs_time1,20,17,0.442859129222348,"[-0.01, 0.75]",0.05757994441133343,0.49223083027251907,False
HKR,IFN-γ,delta_time2_vs_time1,20,17,0.09312229200810446,"[-0.38, 0.53]",0.7045545978606145,0.9323746474682384,False
MCV,IFN-γ,delta_time2_vs_time1,20,17,-0.011131275382541533,"[-0.46, 0.45]",0.9639261980161586,0.9916779287979511,False
MCH,IFN-γ,delta_time2_vs_time1,20,17,0.26417291877465765,"[-0.22, 0.64]",0.27444215588352605,0.8160138743334531,False
Trom,IFN-γ,delta_time2_vs_time1,20,17,0.5617270410253942,"[0.14, 0.81]",0.012319285830616195,0.40361663454900226,False
Neutr,IFN-γ,delta_time2_vs_time1,20,17,0.15431615651695754,"[-0.32, 0.57]",0.5281847068873631,0.930223592129741,False
Lymfos,IFN-γ,delta_time2_vs_time1,20,17,0.2807431057672433,"[-0.20, 0.65]",0.24432085345909205,0.789448909387372,False
Monos,IFN-γ,delta_time2_vs_time1,20,17,0.3454760457598824,"[-0.13, 0.69]",0.14741773961630797,0.6453300620727447,False
Eosin,IFN-γ,delta_time2_vs_time1,20,17,-0.058006936680224726,"[-0.50, 0.41]",0.8135266546541051,0.9641315701625187,False
Basof,IFN-γ,delta_time2_vs_time1,20,17,0.22571053308969083,"[-0.25, 0.62]",0.3528241131130866,0.8560326745672893,False
Lactic acid,IFN-γ,delta_time2_vs_time1,20,17,0.45907271723064963,"[0.01, 0.76]",0.048023593305663505,0.4716984053578504,False
Leuk,VEGF-C,delta_time2_vs_time1,20,17,0.07408790936558303,"[-0.39, 0.51]",0.763085216504453,0.9552817741730101,False
Eryt,VEGF-C,delta_time2_vs_time1,20,17,0.18757640341317547,"[-0.29, 0.59]",0.4419035308493058,0.8850102158769627,False
Hb,VEGF-C,delta_time2_vs_time1,20,17,0.036757448252104974,"[-0.42, 0.48]",0.881242430646284,0.9641315701625187,False
HKR,VEGF-C,delta_time2_vs_time1,20,17,0.07191871659099623,"[-0.40, 0.51]",0.7698409544985275,0.9552817741730101,False
MCV,VEGF-C,delta_time2_vs_time1,20,17,0.20195049951082616,"[-0.28, 0.60]",0.40703977328429664,0.8697942619821103,False
MCH,VEGF-C,delta_time2_vs_time1,20,17,-0.23011530248615805,"[-0.62, 0.25]",0.3432531202100315,0.8520575874100839,False
Trom,VEGF-C,delta_time2_vs_time1,20,17,0.30788533576962135,"[-0.17, 0.67]",0.1997181577922986,0.7062034059535679,False
Neutr,VEGF-C,delta_time2_vs_time1,20,17,-0.170669941679042,"[-0.58, 0.31]",0.48481440864052683,0.907569582325104,False
Lymfos,VEGF-C,delta_time2_vs_time1,20,17,0.35579161786698904,"[-0.12, 0.70]",0.13491496159457175,0.6348283832990451,False
Monos,VEGF-C,delta_time2_vs_time1,20,17,0.32121853620691804,"[-0.16, 0.68]",0.17993110662614542,0.6739792299047143,False
Eosin,VEGF-C,delta_time2_vs_time1,20,17,0.26334293433561534,"[-0.22, 0.64]",0.2760088542347585,0.8160138743334531,False
Basof,VEGF-C,delta_time2_vs_time1,20,17,0.10972112876585896,"[-0.36, 0.54]",0.6547676542133548,0.930223592129741,False
Lactic acid,VEGF-C,delta_time2_vs_time1,20,17,0.21984527853385058,"[-0.26, 0.61]",0.3658036926148832,0.8560326745672893,False
Leuk,PlGF,delta_time2_vs_time1,20,17,-0.048621796905403816,"[-0.49, 0.41]",0.8433068553843608,0.9641315701625187,False
Eryt,PlGF,delta_time2_vs_time1,20,17,-0.2160033708842133,"[-0.61, 0.26]",0.37445028664352087,0.8560326745672893,False
Hb,PlGF,delta_time2_vs_time1,20,17,0.01157822346172314,"[-0.44, 0.46]",0.9624786980986155,0.9916779287979511,False
HKR,PlGF,delta_time2_vs_time1,20,17,-0.2946484309986656,"[-0.66, 0.18]",0.2207397836255109,0.750515264326737,False
MCV,PlGF,delta_time2_vs_time1,20,17,0.13858197061249541,"[-0.34, 0.56]",0.5715316258812417,0.930223592129741,False
MCH,PlGF,delta_time2_vs_time1,20,17,0.2231988313469175,"[-0.26, 0.62]",0.3583496341618133,0.8560326745672893,False
Trom,PlGF,delta_time2_vs_time1,20,17,0.15763599540022288,"[-0.32, 0.57]",0.5192377887376701,0.9296760341483484,False
Neutr,PlGF,delta_time2_vs_time1,20,17,-0.14045898873731671,"[-0.56, 0.34]",0.5662809005729534,0.930223592129741,False
Lymfos,PlGF,delta_time2_vs_time1,20,17,0.08674506098246276,"[-0.38, 0.52]",0.7240060519696112,0.9374680017231452,False
Monos,PlGF,delta_time2_vs_time1,20,17,-0.11269684934922902,"[-0.54, 0.36]",0.6459807252635482,0.930223592129741,False
Eosin,PlGF,delta_time2_vs_time1,20,17,0.07418626939017774,"[-0.39, 0.51]",0.7627792681435186,0.9552817741730101,False
Basof,PlGF,delta_time2_vs_time1,20,17,-0.04275094773590708,"[-0.49, 0.42]",0.8620424557094483,0.9641315701625187,False
Lactic acid,PlGF,delta_time2_vs_time1,20,17,-0.10170951781267894,"[-0.53, 0.37]",0.6786391542152364,0.930223592129741,False
Leuk,IL-13,delta_time2_vs_time1,20,17,0.3147120277424828,"[-0.16, 0.67]",0.18941450091246295,0.6862394213385953,False
Eryt,IL-13,delta_time2_vs_time1,20,17,0.02327227163075451,"[-0.44, 0.47]",0.9246588103123161,0.9800939907866756,False
Hb,IL-13,delta_time2_vs_time1,20,17,0.2128428598921851,"[-0.27, 0.61]",0.38164855705999323,0.8560326745672893,False
HKR,IL-13,delta_time2_vs_time1,20,17,0.24664052304402567,"[-0.23, 0.63]",0.3087103479237122,0.8421546740723754,False
MCV,IL-13,delta_time2_vs_time1,20,17,0.3082026920456698,"[-0.17, 0.67]",0.19923109514823217,0.7062034059535679,False
MCH,IL-13,delta_time2_vs_time1,20,17,0.3014460966831758,"[-0.18, 0.66]",0.20977164783162427,0.7243677214185775,False
Trom,IL-13,delta_time2_vs_time1,20,17,0.46138298607378986,"[0.01, 0.76]",0.04676703728242443,0.47088992251910067,False
Neutr,IL-13,delta_time2_vs_time1,20,17,0.3427432562763786,"[-0.13, 0.69]",0.1508603188930462,0.6453300620727447,False
Lymfos,IL-13,delta_time2_vs_time1,20,17,0.10411521899719109,"[-0.37, 0.53]",0.6714390150230942,0.930223592129741,False
Monos,IL-13,delta_time2_vs_time1,20,17,0.495833009909321,"[0.05, 0.78]",0.03085245059505227,0.43245691574547934,False
Eosin,IL-13,delta_time2_vs_time1,20,17,0.02421132369641984,"[-0.43, 0.47]",0.9216274718968721,0.9792291888904266,False
Basof,IL-13,delta_time2_vs_time1,20,17,0.19724278752593208,"[-0.28, 0.60]",0.418290215133999,0.8762287918920737,False
Lactic acid,IL-13,delta_time2_vs_time1,20,17,0.16965026286088633,"[-0.31, 0.58]",0.48746621439849447,0.907569582325104,False
Leuk,ICAM-1,delta_time2_vs_time1,20,17,0.357914966517706,"[-0.11, 0.70]",0.1324368197997577,0.6348283832990451,False
Eryt,ICAM-1,delta_time2_vs_time1,20,17,-0.07033790840268377,"[-0.51, 0.40]",0.7747742738557912,0.9552817741730101,False
Hb,ICAM-1,delta_time2_vs_time1,20,17,0.15752906850738777,"[-0.32, 0.57]",0.5195248426123124,0.9296760341483484,False
HKR,ICAM-1,delta_time2_vs_time1,20,17,-0.02768508747638463,"[-0.48, 0.43]",0.9104231728282517,0.9743511922278142,False
MCV,ICAM-1,delta_time2_vs_time1,20,17,0.07213856004486073,"[-0.40, 0.51]",0.7691555416528841,0.9552817741730101,False
MCH,ICAM-1,delta_time2_vs_time1,20,17,0.34180690597571445,"[-0.13, 0.69]",0.15205255902041936,0.6453300620727447,False
Trom,ICAM-1,delta_time2_vs_time1,20,17,0.5056428804067644,"[0.07, 0.78]",0.027202287765312767,0.43245691574547934,False
Neutr,ICAM-1,delta_time2_vs_time1,20,17,0.38862419753777805,"[-0.08, 0.72]",0.10010330918073795,0.5966766550493507,False
Lymfos,ICAM-1,delta_time2_vs_time1,20,17,0.05617775377911821,"[-0.41, 0.50]",0.8193129878483617,0.9641315701625187,False
Monos,ICAM-1,delta_time2_vs_time1,20,17,0.38364884884843947,"[-0.09, 0.71]",0.10490836717139383,0.5966766550493507,False
Eosin,ICAM-1,delta_time2_vs_time1,20,17,0.097673188738596,"[-0.37, 0.53]",0.6907794963276974,0.930223592129741,False
Basof,ICAM-1,delta_time2_vs_time1,20,17,0.48245112503529325,"[0.04, 0.77]",0.036434171676492114,0.4596474266656473,False
Lactic acid,ICAM-1,delta_time2_vs_time1,20,17,0.10759880131669902,"[-0.36, 0.54]",0.6610613564366156,0.930223592129741,False
Leuk,IL-10,delta_time2_vs_time1,20,17,0.05397513576365464,"[-0.41, 0.50]",0.8262924819447912,0.9641315701625187,False
Eryt,IL-10,delta_time2_vs_time1,20,17,0.09504623523123872,"[-0.38, 0.53]",0.6987199832286742,0.930223592129741,False
Hb,IL-10,delta_time2_vs_time1,20,17,0.2578920867680959,"[-0.22, 0.64]",0.28643536057551444,0.8221066842492039,False
HKR,IL-10,delta_time2_vs_time1,20,17,0.13881178735483313,"[-0.34, 0.56]",0.5708876133851344,0.930223592129741,False
MCV,IL-10,delta_time2_vs_time1,20,17,-0.11373323053791469,"[-0.54, 0.36]",0.6429308564236242,0.930223592129741,False
MCH,IL-10,delta_time2_vs_time1,20,17,0.25194829226497756,"[-0.23, 0.63]",0.2980762473966497,0.8280487045593617,False
Trom,IL-10,delta_time2_vs_time1,20,17,0.11008892977614221,"[-0.36, 0.54]",0.6536791988046955,0.930223592129741,False
Neutr,IL-10,delta_time2_vs_time1,20,17,0.2282075979850729,"[-0.25, 0.62]",0.3473796501073434,0.8520575874100839,False
Lymfos,IL-10,delta_time2_vs_time1,20,17,-0.21363171937394804,"[-0.61, 0.27]",0.3798446985321182,0.8560326745672893,False
Monos,IL-10,delta_time2_vs_time1,20,17,0.23213180150860718,"[-0.25, 0.62]",0.3389223444852554,0.8520575874100839,False
Eosin,IL-10,delta_time2_vs_time1,20,17,0.09955726808335581,"[-0.37, 0.53]",0.6851034153702218,0.930223592129741,False
Basof,IL-10,delta_time2_vs_time1,20,17,0.28053046846705376,"[-0.20, 0.65]",0.2446934402399773,0.789448909387372,False
Lactic acid,IL-10,delta_time2_vs_time1,20,17,0.10735280516894972,"[-0.36, 0.54]",0.6617922710374773,0.930223592129741,False
Leuk,IL-15,delta_time2_vs_time1,20,17,0.4360095878557952,"[-0.02, 0.74]",0.062022305591432084,0.5071550449404157,False
Eryt,IL-15,delta_time2_vs_time1,20,17,-0.10844567008453825,"[-0.54, 0.36]",0.6585473508588788,0.930223592129741,False
Hb,IL-15,delta_time2_vs_time1,20,17,-0.08722309845116293,"[-0.52, 0.38]",0.7225421739445027,0.9374680017231452,False
HKR,IL-15,delta_time2_vs_time1,20,17,-0.095122298620431,"[-0.53, 0.38]",0.698489640362352,0.930223592129741,False
MCV,IL-15,delta_time2_vs_time1,20,17,0.20926535876553937,"[-0.27, 0.61]",0.3898888110691109,0.8560326745672893,False
MCH,IL-15,delta_time2_vs_time1,20,17,0.006018625759682666,"[-0.45, 0.46]",0.980490797450283,0.9968045166818362,False
Trom,IL-15,delta_time2_vs_time1,20,17,0.4091639914932919,"[-0.06, 0.73]",0.08194417948891106,0.5422157519814403,False
Neutr,IL-15,delta_time2_vs_time1,20,17,0.17775318966184234,"[-0.30, 0.58]",0.46659143501547806,0.9073316099043279,False
Lymfos,IL-15,delta_time2_vs_time1,20,17,0.3718945035502993,"[-0.10, 0.71]",0.11691672390890046,0.6146667068783531,False
Monos,IL-15,delta_time2_vs_time1,20,17,0.3731806405047415,"[-0.10, 0.71]",0.1155571305019158,0.6146667068783531,False
Eosin,IL-15,delta_time2_vs_time1,20,17,0.2011968805083795,"[-0.28, 0.60]",0.40882964806546507,0.8697942619821103,False
Basof,IL-15,delta_time2_vs_time1,20,17,0.20940270493416852,"[-0.27, 0.61]",0.3895706529873142,0.8560326745672893,False
Lactic acid,IL-15,delta_time2_vs_time1,20,17,0.3664101972757504,"[-0.11, 0.70]",0.12284236213667873,0.6146667068783531,False
Leuk,IL-12/IL-23p40,delta_time2_vs_time1,20,17,0.1630237385419698,"[-0.31, 0.57]",0.5048710100312064,0.9217338931147149,False
Eryt,IL-12/IL-23p40,delta_time2_vs_time1,20,17,0.05854972333689073,"[-0.41, 0.50]",0.8118113980563129,0.9641315701625187,False
Hb,IL-12/IL-23p40,delta_time2_vs_time1,20,17,-0.00015734721584375268,"[-0.45, 0.45]",0.9994899173606646,0.9994899173606646,False
HKR,IL-12/IL-23p40,delta_time2_vs_time1,20,17,0.10303555350049458,"[-0.37, 0.53]",0.6746670541637352,0.930223592129741,False
MCV,IL-12/IL-23p40,delta_time2_vs_time1,20,17,0.33087544521059437,"[-0.15, 0.68]",0.1664554758572343,0.6593512472327092,False
MCH,IL-12/IL-23p40,delta_time2_vs_time1,20,17,-0.19368633342049568,"[-0.60, 0.29]",0.4268983909684765,0.8818301351195236,False
Trom,IL-12/IL-23p40,delta_time2_vs_time1,20,17,0.40294388224471045,"[-0.06, 0.72]",0.08716473399501139,0.558359600373841,False
Neutr,IL-12/IL-23p40,delta_time2_vs_time1,20,17,-0.16074809498549084,"[-0.57, 0.32]",0.5109158457310071,0.9217338931147149,False
Lymfos,IL-12/IL-23p40,delta_time2_vs_time1,20,17,0.5571961635910065,"[0.14, 0.81]",0.013198697349570288,0.40361663454900226,False
Monos,IL-12/IL-23p40,delta_time2_vs_time1,20,17,0.26143747744657075,"[-0.22, 0.64]",0.27962655612463627,0.817265629858994,False
Eosin,IL-12/IL-23p40,delta_time2_vs_time1,20,17,0.19098741224154,"[-0.29, 0.59]",0.43349301303365995,0.8829673353035838,False
Basof,IL-12/IL-23p40,delta_time2_vs_time1,20,17,0.033193151352218946,"[-0.43, 0.48]",0.892691365710369,0.9670823128528997,False
Lactic acid,IL-12/IL-23p40,delta_time2_vs_time1,20,17,0.13883681812980098,"[-0.34, 0.56]",0.570817488931372,0.930223592129741,False
Leuk,GM-CSF,delta_time2_vs_time1,20,17,0.34454618003095994,"[-0.13, 0.69]",0.14858293963106478,0.6453300620727447,False
Eryt,GM-CSF,delta_time2_vs_time1,20,17,-0.39221808945415254,"[-0.72, 0.08]",0.09673296705191124,0.5966766550493507,False
Hb,GM-CSF,delta_time2_vs_time1,20,17,-0.521401661701688,"[-0.79, -0.09]",0.022055609605974313,0.43245691574547934,False
HKR,GM-CSF,delta_time2_vs_time1,20,17,-0.3845177588313512,"[-0.71, 0.08]",0.1040574483201322,0.5966766550493507,False
MCV,GM-CSF,delta_time2_vs_time1,20,17,-0.2957358865948549,"[-0.66, 0.18]",0.21896056168329378,0.7502369632869446,False
MCH,GM-CSF,delta_time2_vs_time1,20,17,0.13151224123996658,"[-0.34, 0.55]",0.5914944223252576,0.930223592129741,False
Trom,GM-CSF,delta_time2_vs_time1,20,17,-0.16986754724384345,"[-0.58, 0.31]",0.48690054275600436,0.907569582325104,False
Neutr,GM-CSF,delta_time2_vs_time1,20,17,0.29351480957673537,"[-0.19, 0.66]",0.2226045345384385,0.7510778951602276,False
Lymfos,GM-CSF,delta_time2_vs_time1,20,17,0.06330644768336612,"[-0.40, 0.50]",0.7968155989461899,0.9641315701625187,False
Monos,GM-CSF,delta_time2_vs_time1,20,17,0.2648934751346896,"[-0.22, 0.64]",0.27308650056531175,0.8160138743334531,False
Eosin,GM-CSF,delta_time2_vs_time1,20,17,0.35468006576673755,"[-0.12, 0.70]",0.13622513842406053,0.6348283832990451,False
Basof,GM-CSF,delta_time2_vs_time1,20,17,0.04206917837211985,"[-0.42, 0.49]",0.8642229508889171,0.9641315701625187,False
Lactic acid,GM-CSF,delta_time2_vs_time1,20,17,-0.1872240364138006,"[-0.59, 0.29]",0.44277716661963484,0.8850102158769627,False
Leuk,TNF-β,delta_time2_vs_time1,20,17,0.1034761384336211,"[-0.37, 0.53]",0.6733491099168485,0.930223592129741,False
Eryt,TNF-β,delta_time2_vs_time1,20,17,-0.044470175834038395,"[-0.49, 0.42]",0.8565481413857152,0.9641315701625187,False
Hb,TNF-β,delta_time2_vs_time1,20,17,-0.2533763327064405,"[-0.63, 0.23]",0.29525361929405824,0.825962656506163,False
HKR,TNF-β,delta_time2_vs_time1,20,17,-0.2646132590622114,"[-0.64, 0.22]",0.2736132040751198,0.8160138743334531,False
MCV,TNF-β,delta_time2_vs_time1,20,17,-0.4356149858660312,"[-0.74, 0.02]",0.06228584802646945,0.5071550449404157,False
MCH,TNF-β,delta_time2_vs_time1,20,17,-0.21158053677891708,"[-0.61, 0.27]",0.3845449791596157,0.8560326745672893,False
Trom,TNF-β,delta_time2_vs_time1,20,17,-0.2643421369531269,"[-0.64, 0.22]",0.2741234142172797,0.8160138743334531,False
Neutr,TNF-β,delta_time2_vs_time1,20,17,0.0967128760882312,"[-0.37, 0.53]",0.693678698551327,0.930223592129741,False
Lymfos,TNF-β,delta_time2_vs_time1,20,17,-0.038174699934355974,"[-0.48, 0.42]",0.8766961883903912,0.9641315701625187,False
Monos,TNF-β,delta_time2_vs_time1,20,17,0.019235860008902258,"[-0.44, 0.47]",0.9376995080167909,0.9844731176803364,False
Eosin,TNF-β,delta_time2_vs_time1,20,17,0.2546379774161477,"[-0.23, 0.64]",0.29277346554834266,0.8242412214800474,False
Basof,TNF-β,delta_time2_vs_time1,20,17,-0.1440431892082358,"[-0.56, 0.33]",0.5563134436648152,0.930223592129741,False
Lactic acid,TNF-β,delta_time2_vs_time1,20,17,-0.11400203658865267,"[-0.54, 0.36]",0.6421407021160095,0.930223592129741,False
Leuk,TARC,delta_time2_vs_time1,20,17,0.0684309980275369,"[-0.40, 0.51]",0.7807362760369247,0.9552817741730101,False
Eryt,TARC,delta_time2_vs_time1,20,17,0.04623790496697777,"[-0.42, 0.49]",0.8509054089679811,0.9641315701625187,False
Hb,TARC,delta_time2_vs_time1,20,17,0.07567451673216904,"[-0.39, 0.51]",0.7581542150302547,0.9552817741730101,False
HKR,TARC,delta_time2_vs_time1,20,17,-0.03467365950250555,"[-0.48, 0.43]",0.8879332065625718,0.966666200247923,False
MCV,TARC,delta_time2_vs_time1,20,17,0.2568393439906271,"[-0.22, 0.64]",0.2884765265597643,0.822623385415586,False
MCH,TARC,delta_time2_vs_time1,20,17,-0.0032805213483364996,"[-0.46, 0.45]",0.9893656073740084,0.9968045166818362,False
Trom,TARC,delta_time2_vs_time1,20,17,0.4757295375987575,"[0.03, 0.76]",0.03951719957758958,0.4596474266656473,False
Neutr,TARC,delta_time2_vs_time1,20,17,-0.1249636428956275,"[-0.55, 0.35]",0.6102405071200012,0.930223592129741,False
Lymfos,TARC,delta_time2_vs_time1,20,17,0.20002070112237327,"[-0.28, 0.60]",0.4116316055721674,0.8705319122626698,False
Monos,TARC,delta_time2_vs_time1,20,17,0.25110731341630077,"[-0.23, 0.63]",0.299746137397054,0.8280487045593617,False
Eosin,TARC,delta_time2_vs_time1,20,17,0.1399061136585226,"[-0.34, 0.56]",0.5678253130234358,0.930223592129741,False
Basof,TARC,delta_time2_vs_time1,20,17,0.14472090378751043,"[-0.33, 0.56]",0.5544375415289649,0.930223592129741,False
Lactic acid,TARC,delta_time2_vs_time1,20,17,0.21684824664846253,"[-0.26, 0.61]",0.37253903706161684,0.8560326745672893,False
Leuk,VEGF-D,delta_time2_vs_time1,20,17,0.1875804022196507,"[-0.29, 0.59]",0.4418936216166336,0.8850102158769627,False
Eryt,VEGF-D,delta_time2_vs_time1,20,17,-0.13367437596336484,"[-0.55, 0.34]",0.5853583712809556,0.930223592129741,False
Hb,VEGF-D,delta_time2_vs_time1,20,17,0.1460304910166985,"[-0.33, 0.56]",0.550820615601404,0.930223592129741,False
HKR,VEGF-D,delta_time2_vs_time1,20,17,-0.09937710790590097,"[-0.53, 0.37]",0.6856454835428671,0.930223592129741,False
MCV,VEGF-D,delta_time2_vs_time1,20,17,0.206333085714337,"[-0.27, 0.60]",0.3967154979411427,0.8582881936041267,False
MCH,VEGF-D,delta_time2_vs_time1,20,17,0.36307444279123063,"[-0.11, 0.70]",0.12654902788671976,0.6146667068783531,False
Trom,VEGF-D,delta_time2_vs_time1,20,17,0.169180104240496,"[-0.31, 0.58]",0.4886913135596713,0.907569582325104,False
Neutr,VEGF-D,delta_time2_vs_time1,20,17,-0.06982694466318601,"[-0.51, 0.40]",0.7763706461198451,0.9552817741730101,False
Lymfos,VEGF-D,delta_time2_vs_time1,20,17,0.22186160658775375,"[-0.26, 0.61]",0.3613114575365969,0.8560326745672893,False
Monos,VEGF-D,delta_time2_vs_time1,20,17,0.024443478889516555,"[-0.43, 0.47]",0.9208782134716174,0.9792291888904266,False
Eosin,VEGF-D,delta_time2_vs_time1,20,17,-0.07028040947202346,"[-0.51, 0.40]",0.774953871125917,0.9552817741730101,False
Basof,VEGF-D,delta_time2_vs_time1,20,17,0.12097492549775474,"[-0.35, 0.55]",0.6217745450001982,0.930223592129741,False
Lactic acid,VEGF-D,delta_time2_vs_time1,20,17,0.09385691545934476,"[-0.38, 0.53]",0.7023248691789362,0.9322149915227922,False
Leuk,IL-2,delta_time2_vs_time1,20,17,0.06790589559879646,"[-0.40, 0.51]",0.7823800955896598,0.9552817741730101,False
Eryt,IL-2,delta_time2_vs_time1,20,17,0.029065241528722967,"[-0.43, 0.48]",0.9059759902279418,0.9736416897404896,False
Hb,IL-2,delta_time2_vs_time1,20,17,0.37261218351892106,"[-0.10, 0.71]",0.11615665528948611,0.6146667068783531,False
HKR,IL-2,delta_time2_vs_time1,20,17,0.028574364380982684,"[-0.43, 0.48]",0.9075574121562935,0.9736416897404896,False
MCV,IL-2,delta_time2_vs_time1,20,17,0.020540094255154514,"[-0.44, 0.47]",0.933484018021875,0.9844731176803364,False
MCH,IL-2,delta_time2_vs_time1,20,17,0.44233756618724707,"[-0.01, 0.75]",0.05790950944382577,0.49223083027251907,False
Trom,IL-2,delta_time2_vs_time1,20,17,0.2419529256318706,"[-0.24, 0.63]",0.3182887965026329,0.8421546740723754,False
Neutr,IL-2,delta_time2_vs_time1,20,17,-0.03942101161296306,"[-0.48, 0.42]",0.872701332904865,0.9641315701625187,False
Lymfos,IL-2,delta_time2_vs_time1,20,17,0.09747798733079548,"[-0.37, 0.53]",0.6913684810084793,0.930223592129741,False
Monos,IL-2,delta_time2_vs_time1,20,17,0.009020665997984794,"[-0.45, 0.46]",0.9707630701617974,0.9955389257807761,False
Eosin,IL-2,delta_time2_vs_time1,20,17,-0.33969738313046244,"[-0.69, 0.14]",0.1547624130762691,0.6453300620727447,False
Basof,IL-2,delta_time2_vs_time1,20,17,-0.06373852030950476,"[-0.50, 0.40]",0.7954567585774903,0.9641315701625187,False
Lactic acid,IL-2,delta_time2_vs_time1,20,17,0.1767019139504472,"[-0.30, 0.58]",0.4692739931547112,0.9073316099043279,False
Leuk,IP-10,delta_time2_vs_time1,20,17,0.4984797345360889,"[0.06, 0.78]",0.02983210011191947,0.43245691574547934,False
Eryt,IP-10,delta_time2_vs_time1,20,17,0.21736697907295657,"[-0.26, 0.61]",0.3713683043819488,0.8560326745672893,False
Hb,IP-10,delta_time2_vs_time1,20,17,0.3304197302284386,"[-0.15, 0.68]",0.16707542916303944,0.6593512472327092,False
HKR,IP-10,delta_time2_vs_time1,20,17,0.26361538047709937,"[-0.22, 0.64]",0.27549396881555943,0.8160138743334531,False
MCV,IP-10,delta_time2_vs_time1,20,17,0.368211833538715,"[-0.10, 0.70]",0.12087274614507476,0.6146667068783531,False
MCH,IP-10,delta_time2_vs_time1,20,17,0.0883321839435774,"[-0.38, 0.52]",0.7191494186829632,0.9374680017231452,False
Trom,IP-10,delta_time2_vs_time1,20,17,0.7754393320037366,"[0.50, 0.91]",9.5961755467347e-05,0.04241509591656737,True
Neutr,IP-10,delta_time2_vs_time1,20,17,0.4088633577213061,"[-0.06, 0.73]",0.08219107552659842,0.5422157519814403,False
Lymfos,IP-10,delta_time2_vs_time1,20,17,0.340157335851258,"[-0.13, 0.69]",0.15416874711899023,0.6453300620727447,False
Monos,IP-10,delta_time2_vs_time1,20,17,0.6810153038746861,"[0.33, 0.87]",0.0013275535678417686,0.19597918924467292,False
Eosin,IP-10,delta_time2_vs_time1,20,17,0.2195455254397544,"[-0.26, 0.61]",0.36647421274022796,0.8560326745672893,False
Basof,IP-10,delta_time2_vs_time1,20,17,0.41255458285537683,"[-0.05, 0.73]",0.07919733771073942,0.5422157519814403,False
Lactic acid,IP-10,delta_time2_vs_time1,20,17,0.51143776787056,"[0.07, 0.78]",0.02521066964625975,0.43245691574547934,False
Leuk,IL-7,delta_time2_vs_time1,20,17,-0.05655712622367252,"[-0.50, 0.41]",0.8181121574164735,0.9641315701625187,False
Eryt,IL-7,delta_time2_vs_time1,20,17,0.10113575200134897,"[-0.37, 0.53]",0.6803603771901618,0.930223592129741,False
Hb,IL-7,delta_time2_vs_time1,20,17,0.049822973749129945,"[-0.41, 0.49]",0.8394831291006379,0.9641315701625187,False
HKR,IL-7,delta_time2_vs_time1,20,17,0.03578194998888676,"[-0.43, 0.48]",0.8843736976627355,0.9651683317701953,False
MCV,IL-7,delta_time2_vs_time1,20,17,0.36793189432872947,"[-0.10, 0.70]",0.12117730399070575,0.6146667068783531,False
MCH,IL-7,delta_time2_vs_time1,20,17,-0.11723547344844752,"[-0.54, 0.36]",0.632665063224942,0.930223592129741,False
Trom,IL-7,delta_time2_vs_time1,20,17,0.4772562691058144,"[0.03, 0.77]",0.03879989927954159,0.4596474266656473,False
Neutr,IL-7,delta_time2_vs_time1,20,17,-0.21422338782107564,"[-0.61, 0.27]",0.37849488136065146,0.8560326745672893,False
Lymfos,IL-7,delta_time2_vs_time1,20,17,0.1865272411260225,"[-0.29, 0.59]",0.4445073934947641,0.8850102158769627,False
Monos,IL-7,delta_time2_vs_time1,20,17,0.11365101646976301,"[-0.36, 0.54]",0.6431725977058343,0.930223592129741,False
Eosin,IL-7,delta_time2_vs_time1,20,17,0.056647191737154816,"[-0.41, 0.50]",0.8178271292216654,0.9641315701625187,False
Basof,IL-7,delta_time2_vs_time1,20,17,0.05808089486815829,"[-0.41, 0.50]",0.8132928918595297,0.9641315701625187,False
Lactic acid,IL-7,delta_time2_vs_time1,20,17,0.14956106151071732,"[-0.33, 0.57]",0.5411225252954113,0.930223592129741,False
Leuk,Eotaxin,delta_time2_vs_time1,20,17,0.13437433524281206,"[-0.34, 0.55]",0.5833776898656573,0.930223592129741,False
Eryt,Eotaxin,delta_time2_vs_time1,20,17,0.15530400847526804,"[-0.32, 0.57]",0.5255150235770057,0.930223592129741,False
Hb,Eotaxin,delta_time2_vs_time1,20,17,0.14847093468212305,"[-0.33, 0.56]",0.5441086939745312,0.930223592129741,False
HKR,Eotaxin,delta_time2_vs_time1,20,17,0.11415756458972576,"[-0.36, 0.54]",0.6416836961479495,0.930223592129741,False
MCV,Eotaxin,delta_time2_vs_time1,20,17,0.32706193538927486,"[-0.15, 0.68]",0.17169196775376797,0.6658790575746912,False
MCH,Eotaxin,delta_time2_vs_time1,20,17,-0.11915579261334894,"[-0.54, 0.35]",0.6270632403454993,0.930223592129741,False
Trom,Eotaxin,delta_time2_vs_time1,20,17,0.5504042800092069,"[0.13, 0.80]",0.014610556906751214,0.40361663454900226,False
Neutr,Eotaxin,delta_time2_vs_time1,20,17,-0.07012408918165162,"[-0.51, 0.40]",0.775442191093866,0.9552817741730101,False
Lymfos,Eotaxin,delta_time2_vs_time1,20,17,0.3368392644560236,"[-0.14, 0.69]",0.15848677507640746,0.6546836876988047,False
Monos,Eotaxin,delta_time2_vs_time1,20,17,0.34407407871843065,"[-0.13, 0.69]",0.14917696002842273,0.6453300620727447,False
Eosin,Eotaxin,delta_time2_vs_time1,20,17,0.23243209311015606,"[-0.25, 0.62]",0.33828015457109395,0.8520575874100839,False
Basof,Eotaxin,delta_time2_vs_time1,20,17,0.20575252318558254,"[-0.27, 0.60]",0.3980748409249909,0.8582881936041267,False
Lactic acid,Eotaxin,delta_time2_vs_time1,20,17,0.23076418083838324,"[-0.25, 0.62]",0.3418560535727748,0.8520575874100839,False
Leuk,IL-6,delta_time2_vs_time1,20,17,0.5511761655169249,"[0.13, 0.80]",0.0144442721708697,0.40361663454900226,False
Eryt,IL-6,delta_time2_vs_time1,20,17,0.11229674458980896,"[-0.36, 0.54]",0.6471596075043939,0.930223592129741,False
Hb,IL-6,delta_time2_vs_time1,20,17,0.384894760018329,"[-0.08, 0.71]",0.10368980606264361,0.5966766550493507,False
HKR,IL-6,delta_time2_vs_time1,20,17,0.24054629681406395,"[-0.24, 0.63]",0.3211971439990644,0.8421546740723754,False
MCV,IL-6,delta_time2_vs_time1,20,17,0.3245000925533267,"[-0.15, 0.68]",0.17527195000892756,0.6678465681374653,False
MCH,IL-6,delta_time2_vs_time1,20,17,0.38325482549517387,"[-0.09, 0.71]",0.1052958803028266,0.5966766550493507,False
Trom,IL-6,delta_time2_vs_time1,20,17,0.6809287235542478,"[0.33, 0.87]",0.0013301754926109022,0.19597918924467292,False
Neutr,IL-6,delta_time2_vs_time1,20,17,0.3319206887931523,"[-0.14, 0.68]",0.16503946741650768,0.6593512472327092,False
Lymfos,IL-6,delta_time2_vs_time1,20,17,0.36381910845371457,"[-0.11, 0.70]",0.12571479013033254,0.6146667068783531,False
Monos,IL-6,delta_time2_vs_time1,20,17,0.35040187786727583,"[-0.12, 0.69]",0.14135099632087517,0.6440942306580085,False
Eosin,IL-6,delta_time2_vs_time1,20,17,-0.20758590384665665,"[-0.60, 0.27]",0.3937908079334944,0.8574164389487908,False
Basof,IL-6,delta_time2_vs_time1,20,17,0.36523138653826354,"[-0.11, 0.70]",0.1241433370489385,0.6146667068783531,False
Lactic acid,IL-6,delta_time2_vs_time1,20,17,0.5182349180602611,"[0.08, 0.79]",0.02302252448077974,0.43245691574547934,False
Leuk,IL-4,delta_time2_vs_time1,20,17,-0.09826396400066782,"[-0.53, 0.37]",0.6889979769133281,0.930223592129741,False
Eryt,IL-4,delta_time2_vs_time1,20,17,0.05866587102634262,"[-0.41, 0.50]",0.8114444667913363,0.9641315701625187,False
Hb,IL-4,delta_time2_vs_time1,20,17,0.38008765639410635,"[-0.09, 0.71]",0.10844825526087867,0.6061800861566408,False
HKR,IL-4,delta_time2_vs_time1,20,17,0.17782100256015484,"[-0.30, 0.58]",0.4664186616018602,0.9073316099043279,False
MCV,IL-4,delta_time2_vs_time1,20,17,-0.015725653650433553,"[-0.47, 0.44]",0.9490526310255972,0.9893426012106461,False
MCH,IL-4,delta_time2_vs_time1,20,17,0.17150915803275454,"[-0.31, 0.58]",0.48263725925800993,0.907569582325104,False
Trom,IL-4,delta_time2_vs_time1,20,17,0.4343926767046636,"[-0.02, 0.74]",0.06310752821656757,0.5071550449404157,False
Neutr,IL-4,delta_time2_vs_time1,20,17,-0.042289897053214315,"[-0.49, 0.42]",0.8635169252352799,0.9641315701625187,False
Lymfos,IL-4,delta_time2_vs_time1,20,17,0.06893957851765696,"[-0.40, 0.51]",0.7791450263043147,0.9552817741730101,False
Monos,IL-4,delta_time2_vs_time1,20,17,0.08509607999753646,"[-0.38, 0.52]",0.7290626851516089,0.9394918566676709,False
Eosin,IL-4,delta_time2_vs_time1,20,17,0.010875519412090294,"[-0.45, 0.46]",0.9647545461156538,0.9916779287979511,False
Basof,IL-4,delta_time2_vs_time1,20,17,-0.054460122307141694,"[-0.50, 0.41]",0.8247546024663558,0.9641315701625187,False
Lactic acid,IL-4,delta_time2_vs_time1,20,17,0.13053313412947354,"[-0.34, 0.55]",0.5942818888826189,0.930223592129741,False
Leuk,MCP-1,delta_time2_vs_time1,20,17,0.1978374913219682,"[-0.28, 0.60]",0.416859896987662,0.8762287918920737,False
Eryt,MCP-1,delta_time2_vs_time1,20,17,-0.03784107766051513,"[-0.48, 0.42]",0.877766050362073,0.9641315701625187,False
Hb,MCP-1,delta_time2_vs_time1,20,17,0.17112217623941844,"[-0.31, 0.58]",0.48364059230619694,0.907569582325104,False
HKR,MCP-1,delta_time2_vs_time1,20,17,0.11197642428065853,"[-0.36, 0.54]",0.6481039904218986,0.930223592129741,False
MCV,MCP-1,delta_time2_vs_time1,20,17,0.4781451762476913,"[0.03, 0.77]",0.038386915473611435,0.4596474266656473,False
MCH,MCP-1,delta_time2_vs_time1,20,17,0.20970382906721488,"[-0.27, 0.61]",0.3888736107158628,0.8560326745672893,False
Trom,MCP-1,delta_time2_vs_time1,20,17,0.5430772466463323,"[0.12, 0.80]",0.01626646240307501,0.4229280224799502,False
Neutr,MCP-1,delta_time2_vs_time1,20,17,0.006621520614612382,"[-0.45, 0.46]",0.9785369399814183,0.9968045166818362,False
Lymfos,MCP-1,delta_time2_vs_time1,20,17,0.3900342834674391,"[-0.08, 0.72]",0.0987709534675604,0.5966766550493507,False
Monos,MCP-1,delta_time2_vs_time1,20,17,0.22228288615154188,"[-0.26, 0.61]",0.36037686354376386,0.8560326745672893,False
Eosin,MCP-1,delta_time2_vs_time1,20,17,0.10665903552031801,"[-0.37, 0.53]",0.6638552063700751,0.930223592129741,False
Basof,MCP-1,delta_time2_vs_time1,20,17,0.1838563511522601,"[-0.29, 0.59]",0.45117187930555513,0.8942509894755847,False
Lactic acid,MCP-1,delta_time2_vs_time1,20,17,0.26590257410524204,"[-0.21, 0.64]",0.27119498641130535,0.8160138743334531,False
Leuk,VEGF,delta_time2_vs_time1,20,17,0.1630237385419698,"[-0.31, 0.57]",0.5048710100312064,0.9217338931147149,False
Eryt,VEGF,delta_time2_vs_time1,20,17,0.0531140726292217,"[-0.41, 0.50]",0.8290243794296299,0.9641315701625187,False
Hb,VEGF,delta_time2_vs_time1,20,17,0.0037763331802526073,"[-0.45, 0.46]",0.9877584523340062,0.9968045166818362,False
HKR,VEGF,delta_time2_vs_time1,20,17,-0.0011130383865797472,"[-0.46, 0.45]",0.9963918024755919,0.9986511943179401,False
MCV,VEGF,delta_time2_vs_time1,20,17,0.2734260095801693,"[-0.21, 0.65]",0.2573502773192439,0.8124915898221844,False
MCH,VEGF,delta_time2_vs_time1,20,17,-0.22749907739273983,"[-0.62, 0.25]",0.3489195097765275,0.8520575874100839,False
Trom,VEGF,delta_time2_vs_time1,20,17,0.24348359398957414,"[-0.24, 0.63]",0.3151418546298593,0.8421546740723754,False
Neutr,VEGF,delta_time2_vs_time1,20,17,-0.08629954437784378,"[-0.52, 0.38]",0.7253711687541078,0.9374680017231452,False
Lymfos,VEGF,delta_time2_vs_time1,20,17,0.5029911004662733,"[0.06, 0.78]",0.028153775577977387,0.43245691574547934,False
Monos,VEGF,delta_time2_vs_time1,20,17,0.3046247893551484,"[-0.17, 0.67]",0.20476804403662738,0.7126572871196009,False
Eosin,VEGF,delta_time2_vs_time1,20,17,0.46762220738681554,"[0.02, 0.76]",0.04349887980029479,0.47088992251910067,False
Basof,VEGF,delta_time2_vs_time1,20,17,-0.12149337922122846,"[-0.55, 0.35]",0.6202704938572562,0.930223592129741,False
Lactic acid,VEGF,delta_time2_vs_time1,20,17,0.0873873335352398,"[-0.38, 0.52]",0.7220394550166256,0.9374680017231452,False
Leuk,VCAM-1,delta_time3_vs_time1,20,17,-0.13888322338211734,"[-0.56, 0.34]",0.5706874931099903,0.9644522494961175,False
Eryt,VCAM-1,delta_time3_vs_time1,20,17,0.21407477279057685,"[-0.27, 0.61]",0.3788336752719298,0.9425493668730021,False
Hb,VCAM-1,delta_time3_vs_time1,20,17,0.35204395826053575,"[-0.12, 0.70]",0.1393678928033224,0.9337752128835201,False
HKR,VCAM-1,delta_time3_vs_time1,20,17,-0.009648234194789211,"[-0.46, 0.45]",0.9687299712525927,0.9894847136257627,False
MCV,VCAM-1,delta_time3_vs_time1,20,17,-0.09305425615930228,"[-0.53, 0.38]",0.70476121731377,0.9644522494961175,False
MCH,VCAM-1,delta_time3_vs_time1,20,17,0.30402310336782,"[-0.17, 0.67]",0.20570905645603235,0.9425493668730021,False
Trom,VCAM-1,delta_time3_vs_time1,20,17,-0.28903971270219814,"[-0.66, 0.19]",0.2300656574481745,0.9425493668730021,False
Neutr,VCAM-1,delta_time3_vs_time1,20,17,-0.024861141490328906,"[-0.47, 0.43]",0.919530408908972,0.9894847136257627,False
Lymfos,VCAM-1,delta_time3_vs_time1,20,17,-0.05977378169770131,"[-0.50, 0.41]",0.8079462810516634,0.9662136450174988,False
Monos,VCAM-1,delta_time3_vs_time1,20,17,-0.0820421967211681,"[-0.52, 0.39]",0.7384556808477345,0.9644522494961175,False
Eosin,VCAM-1,delta_time3_vs_time1,20,17,0.02058166358234657,"[-0.44, 0.47]",0.9333496867191793,0.9894847136257627,False
Basof,VCAM-1,delta_time3_vs_time1,20,17,0.2362194869994292,"[-0.24, 0.62]",0.3302416615291892,0.9425493668730021,False
Lactic acid,VCAM-1,delta_time3_vs_time1,20,17,0.024935003835066864,"[-0.43, 0.47]",0.9192920755795869,0.9894847136257627,False
Leuk,MIP-1α,delta_time3_vs_time1,20,17,0.40132601895104975,"[-0.06, 0.72]",0.08856165536656141,0.9337752128835201,False
Eryt,MIP-1α,delta_time3_vs_time1,20,17,-0.12325342086087329,"[-0.55, 0.35]",0.6151753395774904,0.9644522494961175,False
Hb,MIP-1α,delta_time3_vs_time1,20,17,-0.13553436758039947,"[-0.56, 0.34]",0.5801014026184442,0.9644522494961175,False
HKR,MIP-1α,delta_time3_vs_time1,20,17,-0.08581032368581473,"[-0.52, 0.38]",0.7268711140040929,0.9644522494961175,False
MCV,MIP-1α,delta_time3_vs_time1,20,17,0.27517069271505057,"[-0.20, 0.65]",0.2542045769476467,0.9425493668730021,False
MCH,MIP-1α,delta_time3_vs_time1,20,17,0.18302300739058974,"[-0.30, 0.59]",0.4532617219177941,0.9477480287900435,False
Trom,MIP-1α,delta_time3_vs_time1,20,17,0.026913614695169348,"[-0.43, 0.48]",0.9129101603146683,0.9894847136257627,False
Neutr,MIP-1α,delta_time3_vs_time1,20,17,0.36983108793513264,"[-0.10, 0.71]",0.11912175564430684,0.9337752128835201,False
Lymfos,MIP-1α,delta_time3_vs_time1,20,17,0.19705559431810593,"[-0.28, 0.60]",0.41874097478247563,0.9477480287900435,False
Monos,MIP-1α,delta_time3_vs_time1,20,17,0.40116097858382155,"[-0.06, 0.72]",0.08870507235405299,0.9337752128835201,False
Eosin,MIP-1α,delta_time3_vs_time1,20,17,0.24451201629657235,"[-0.24, 0.63]",0.31303796492088404,0.9425493668730021,False
Basof,MIP-1α,delta_time3_vs_time1,20,17,0.07315155164925168,"[-0.39, 0.51]",0.7659994304651223,0.9644522494961175,False
Lactic acid,MIP-1α,delta_time3_vs_time1,20,17,-0.07153843728312559,"[-0.51, 0.40]",0.7710269488044199,0.9644522494961175,False
Leuk,VEGF1,delta_time3_vs_time1,20,17,0.25551227433988516,"[-0.22, 0.64]",0.29106224129845737,0.9425493668730021,False
Eryt,VEGF1,delta_time3_vs_time1,20,17,0.1460792702071167,"[-0.33, 0.56]",0.5506860972884018,0.9634406131587928,False
Hb,VEGF1,delta_time3_vs_time1,20,17,0.023887596040571255,"[-0.44, 0.47]",0.9226723769825292,0.9894847136257627,False
HKR,VEGF1,delta_time3_vs_time1,20,17,0.18322491774297656,"[-0.30, 0.59]",0.4527549201285884,0.9477480287900435,False
MCV,VEGF1,delta_time3_vs_time1,20,17,0.35640074038375913,"[-0.12, 0.70]",0.13420075727642675,0.9337752128835201,False
MCH,VEGF1,delta_time3_vs_time1,20,17,-0.05213326417354275,"[-0.49, 0.41]",0.8321384820261395,0.974450817773603,False
Trom,VEGF1,delta_time3_vs_time1,20,17,-0.07176905499033358,"[-0.51, 0.40]",0.7703076526954861,0.9644522494961175,False
Neutr,VEGF1,delta_time3_vs_time1,20,17,0.38051365431859735,"[-0.09, 0.71]",0.10802034811238768,0.9337752128835201,False
Lymfos,VEGF1,delta_time3_vs_time1,20,17,-0.28698254593230743,"[-0.66, 0.19]",0.23354900960841443,0.9425493668730021,False
Monos,VEGF1,delta_time3_vs_time1,20,17,0.44463183749938445,"[-0.01, 0.75]",0.05647037999725031,0.9337752128835201,False
Eosin,VEGF1,delta_time3_vs_time1,20,17,-0.007495991923722335,"[-0.46, 0.45]",0.9757031701887968,0.9894847136257627,False
Basof,VEGF1,delta_time3_vs_time1,20,17,-0.08763033209153705,"[-0.52, 0.38]",0.7212958434228922,0.9644522494961175,False
Lactic acid,VEGF1,delta_time3_vs_time1,20,17,0.3614372252730956,"[-0.11, 0.70]",0.12839692368719097,0.9337752128835201,False
Leuk,MDC,delta_time3_vs_time1,20,17,0.28975065388507426,"[-0.19, 0.66]",0.22886968373061717,0.9425493668730021,False
Eryt,MDC,delta_time3_vs_time1,20,17,-0.035242217229897024,"[-0.48, 0.43]",0.8861069026207248,0.9894847136257627,False
Hb,MDC,delta_time3_vs_time1,20,17,-0.06741624930725022,"[-0.51, 0.40]",0.783913716809625,0.9644522494961175,False
HKR,MDC,delta_time3_vs_time1,20,17,0.003631355219775431,"[-0.45, 0.46]",0.9882283884278594,0.992720335647986,False
MCV,MDC,delta_time3_vs_time1,20,17,0.317571069661243,"[-0.16, 0.67]",0.18520704807405933,0.9425493668730021,False
MCH,MDC,delta_time3_vs_time1,20,17,0.15979513968254186,"[-0.32, 0.57]",0.5134573604546886,0.9612630278514728,False
Trom,MDC,delta_time3_vs_time1,20,17,-0.07487011656821503,"[-0.51, 0.39]",0.7606530980380528,0.9644522494961175,False
Neutr,MDC,delta_time3_vs_time1,20,17,0.38433149812159706,"[-0.08, 0.71]",0.10423943178018626,0.9337752128835201,False
Lymfos,MDC,delta_time3_vs_time1,20,17,-0.06171151860510321,"[-0.50, 0.40]",0.8018363670881652,0.9662136450174988,False
Monos,MDC,delta_time3_vs_time1,20,17,0.31764972289586013,"[-0.16, 0.67]",0.18509219471418006,0.9425493668730021,False
Eosin,MDC,delta_time3_vs_time1,20,17,0.06647074124109564,"[-0.40, 0.51]",0.7868772974713689,0.9644522494961175,False
Basof,MDC,delta_time3_vs_time1,20,17,0.1211622763208686,"[-0.35, 0.55]",0.6212308681161888,0.9644522494961175,False
Lactic acid,MDC,delta_time3_vs_time1,20,17,0.22758418501359767,"[-0.25, 0.62]",0.34873433373326856,0.9425493668730021,False
Leuk,SAA,delta_time3_vs_time1,20,17,0.3776031193391853,"[-0.09, 0.71]",0.11096821689095274,0.9337752128835201,False
Eryt,SAA,delta_time3_vs_time1,20,17,0.01083748409954035,"[-0.45, 0.46]",0.9648777387001728,0.9894847136257627,False
Hb,SAA,delta_time3_vs_time1,20,17,0.12684412452962163,"[-0.35, 0.55]",0.6048329185624559,0.9644522494961175,False
HKR,SAA,delta_time3_vs_time1,20,17,-0.06920187394017321,"[-0.51, 0.40]",0.7783246830006845,0.9644522494961175,False
MCV,SAA,delta_time3_vs_time1,20,17,0.28480552089134786,"[-0.19, 0.65]",0.23727210336902635,0.9425493668730021,False
MCH,SAA,delta_time3_vs_time1,20,17,0.2767207927441337,"[-0.20, 0.65]",0.25143019550249673,0.9425493668730021,False
Trom,SAA,delta_time3_vs_time1,20,17,0.02290861250838817,"[-0.44, 0.47]",0.9258330015985253,0.9894847136257627,False
Neutr,SAA,delta_time3_vs_time1,20,17,0.40671360803745793,"[-0.06, 0.73]",0.08397254639610467,0.9337752128835201,False
Lymfos,SAA,delta_time3_vs_time1,20,17,0.033504214666495134,"[-0.43, 0.48]",0.8916913523430512,0.9894847136257627,False
Monos,SAA,delta_time3_vs_time1,20,17,0.3228466839598883,"[-0.15, 0.68]",0.17760912905021375,0.9425493668730021,False
Eosin,SAA,delta_time3_vs_time1,20,17,-0.23734921422130642,"[-0.62, 0.24]",0.32786583691267435,0.9425493668730021,False
Basof,SAA,delta_time3_vs_time1,20,17,0.19078218746714284,"[-0.29, 0.59]",0.43399664365498436,0.9477480287900435,False
Lactic acid,SAA,delta_time3_vs_time1,20,17,0.2567435026938844,"[-0.22, 0.64]",0.2886627947074643,0.9425493668730021,False
Leuk,IL-8,delta_time3_vs_time1,20,17,-0.05759349435370998,"[-0.50, 0.41]",0.814833716946957,0.9668768326343883,False
Eryt,IL-8,delta_time3_vs_time1,20,17,-0.0791492949523464,"[-0.51, 0.39]",0.747386397682949,0.9644522494961175,False
Hb,IL-8,delta_time3_vs_time1,20,17,-0.21667611823621902,"[-0.61, 0.26]",0.3729279740121305,0.9425493668730021,False
HKR,IL-8,delta_time3_vs_time1,20,17,0.10915767528962093,"[-0.36, 0.54]",0.6564364087602709,0.9644522494961175,False
MCV,IL-8,delta_time3_vs_time1,20,17,0.543784286909085,"[0.12, 0.80]",0.016100434923140648,0.7064264882143139,False
MCH,IL-8,delta_time3_vs_time1,20,17,-0.08771694499620189,"[-0.52, 0.38]",0.7210308529203167,0.9644522494961175,False
Trom,IL-8,delta_time3_vs_time1,20,17,-0.12342065300987698,"[-0.55, 0.35]",0.6146920896484152,0.9644522494961175,False
Neutr,IL-8,delta_time3_vs_time1,20,17,-0.006772355888847421,"[-0.46, 0.45]",0.9780481319511758,0.9894847136257627,False
Lymfos,IL-8,delta_time3_vs_time1,20,17,-0.2118292962177217,"[-0.61, 0.27]",0.3839732323787791,0.9425493668730021,False
Monos,IL-8,delta_time3_vs_time1,20,17,0.08301016848311463,"[-0.39, 0.52]",0.7354745253749917,0.9644522494961175,False
Eosin,IL-8,delta_time3_vs_time1,20,17,-0.04916459854822976,"[-0.49, 0.41]",0.8415785250297306,0.9777993355408142,False
Basof,IL-8,delta_time3_vs_time1,20,17,-0.028461574486756958,"[-0.48, 0.43]",0.9079208261195122,0.9894847136257627,False
Lactic acid,IL-8,delta_time3_vs_time1,20,17,0.2438822525226937,"[-0.24, 0.63]",0.31432530160053074,0.9425493668730021,False
Leuk,IL-16,delta_time3_vs_time1,20,17,0.15453368207203944,"[-0.32, 0.57]",0.5275963026421676,0.9612630278514728,False
Eryt,IL-16,delta_time3_vs_time1,20,17,-0.2801304446479017,"[-0.65, 0.20]",0.24539535013652702,0.9425493668730021,False
Hb,IL-16,delta_time3_vs_time1,20,17,-0.21211454050330036,"[-0.61, 0.27]",0.38331821121120246,0.9425493668730021,False
HKR,IL-16,delta_time3_vs_time1,20,17,-0.13254446552182086,"[-0.55, 0.34]",0.5885616613056125,0.9644522494961175,False
MCV,IL-16,delta_time3_vs_time1,20,17,0.19812642853492501,"[-0.28, 0.60]",0.41616592316332945,0.9477480287900435,False
MCH,IL-16,delta_time3_vs_time1,20,17,0.236619726068379,"[-0.24, 0.62]",0.32939880071459515,0.9425493668730021,False
Trom,IL-16,delta_time3_vs_time1,20,17,-0.030736153117477447,"[-0.48, 0.43]",0.9005955128140518,0.9894847136257627,False
Neutr,IL-16,delta_time3_vs_time1,20,17,0.3777335324886085,"[-0.09, 0.71]",0.11083491011099482,0.9337752128835201,False
Lymfos,IL-16,delta_time3_vs_time1,20,17,-0.17888528810846344,"[-0.59, 0.30]",0.4637113112633988,0.9477480287900435,False
Monos,IL-16,delta_time3_vs_time1,20,17,0.08570252424665535,"[-0.38, 0.52]",0.7272017540425706,0.9644522494961175,False
Eosin,IL-16,delta_time3_vs_time1,20,17,-0.4436721764767115,"[-0.75, 0.01]",0.057069021981100386,0.9337752128835201,False
Basof,IL-16,delta_time3_vs_time1,20,17,0.05606015770070077,"[-0.41, 0.50]",0.8196852939098502,0.9679684397111247,False
Lactic acid,IL-16,delta_time3_vs_time1,20,17,0.4348343878610318,"[-0.02, 0.74]",0.06280966114011251,0.9337752128835201,False
Leuk,TNF-α,delta_time3_vs_time1,20,17,-0.25749144105100336,"[-0.64, 0.22]",0.2872111265519732,0.9425493668730021,False
Eryt,TNF-α,delta_time3_vs_time1,20,17,0.48139766750965063,"[0.03, 0.77]",0.03690465432177411,0.9337752128835201,False
Hb,TNF-α,delta_time3_vs_time1,20,17,0.5376742109936016,"[0.11, 0.80]",0.017580749706691066,0.7064264882143139,False
HKR,TNF-α,delta_time3_vs_time1,20,17,0.4577614871241727,"[0.00, 0.75]",0.04874813277335997,0.9337752128835201,False
MCV,TNF-α,delta_time3_vs_time1,20,17,0.14694386128591092,"[-0.33, 0.56]",0.5483042565894016,0.9634406131587928,False
MCH,TNF-α,delta_time3_vs_time1,20,17,-0.017389144339825358,"[-0.47, 0.44]",0.943671072662047,0.9894847136257627,False
Trom,TNF-α,delta_time3_vs_time1,20,17,0.06800999423059234,"[-0.40, 0.51]",0.7820541470996198,0.9644522494961175,False
Neutr,TNF-α,delta_time3_vs_time1,20,17,0.024001728186646237,"[-0.43, 0.47]",0.9223039754392048,0.9894847136257627,False
Lymfos,TNF-α,delta_time3_vs_time1,20,17,-0.512445421095718,"[-0.78, -0.08]",0.024876362974080378,0.8457963411187328,False
Monos,TNF-α,delta_time3_vs_time1,20,17,-0.17876380789888346,"[-0.59, 0.30]",0.4640199322863826,0.9477480287900435,False
Eosin,TNF-α,delta_time3_vs_time1,20,17,-0.04806941509499489,"[-0.49, 0.42]",0.8450663940646856,0.9777993355408142,False
Basof,TNF-α,delta_time3_vs_time1,20,17,-0.30480257447617953,"[-0.67, 0.17]",0.20449054040452475,0.9425493668730021,False
Lactic acid,TNF-α,delta_time3_vs_time1,20,17,0.22127741281325602,"[-0.26, 0.61]",0.3626097530887642,0.9425493668730021,False
Leuk,MCP-4,delta_time3_vs_time1,20,17,0.25836099971419096,"[-0.22, 0.64]",0.2855290440287828,0.9425493668730021,False
Eryt,MCP-4,delta_time3_vs_time1,20,17,-0.038856803612451404,"[-0.48, 0.42]",0.8745094529803996,0.9894847136257627,False
Hb,MCP-4,delta_time3_vs_time1,20,17,-0.23513472319358095,"[-0.62, 0.25]",0.3325324270085266,0.9425493668730021,False
HKR,MCP-4,delta_time3_vs_time1,20,17,0.09986226854383753,"[-0.37, 0.53]",0.6841860620543043,0.9644522494961175,False
MCV,MCP-4,delta_time3_vs_time1,20,17,0.5526684585447903,"[0.13, 0.80]",0.014127085874427457,0.7064264882143139,False
MCH,MCP-4,delta_time3_vs_time1,20,17,-0.07989756984127044,"[-0.52, 0.39]",0.7450733817769651,0.9644522494961175,False
Trom,MCP-4,delta_time3_vs_time1,20,17,-0.005516745431342283,"[-0.46, 0.45]",0.9821173693117551,0.9894847136257627,False
Neutr,MCP-4,delta_time3_vs_time1,20,17,0.237526762787597,"[-0.24, 0.62]",0.3274933695236718,0.9425493668730021,False
Lymfos,MCP-4,delta_time3_vs_time1,20,17,0.033589813924296524,"[-0.43, 0.48]",0.891416193312946,0.9894847136257627,False
Monos,MCP-4,delta_time3_vs_time1,20,17,0.3585353307933474,"[-0.11, 0.70]",0.1317188819267398,0.9337752128835201,False
Eosin,MCP-4,delta_time3_vs_time1,20,17,0.14415341473972534,"[-0.33, 0.56]",0.5560081499077913,0.9644522494961175,False
Basof,MCP-4,delta_time3_vs_time1,20,17,-0.1383420020678578,"[-0.56, 0.34]",0.5722044214949433,0.9644522494961175,False
Lactic acid,MCP-4,delta_time3_vs_time1,20,17,0.08446423361329403,"[-0.38, 0.52]",0.731003109037951,0.9644522494961175,False
Leuk,Tie-2,delta_time3_vs_time1,20,17,-0.17718654273846274,"[-0.58, 0.30]",0.4680363960380144,0.9477480287900435,False
Eryt,Tie-2,delta_time3_vs_time1,20,17,0.18232605444379776,"[-0.30, 0.59]",0.4550133301010052,0.9477480287900435,False
Hb,Tie-2,delta_time3_vs_time1,20,17,0.09435376958802746,"[-0.38, 0.53]",0.7008181350405921,0.9644522494961175,False
HKR,Tie-2,delta_time3_vs_time1,20,17,0.2724504578366949,"[-0.21, 0.65]",0.25911986308319584,0.9425493668730021,False
MCV,Tie-2,delta_time3_vs_time1,20,17,0.16939974036636135,"[-0.31, 0.58]",0.48811881695368553,0.9509238041071791,False
MCH,Tie-2,delta_time3_vs_time1,20,17,-0.183845103896149,"[-0.59, 0.29]",0.4512000519208743,0.9477480287900435,False
Trom,Tie-2,delta_time3_vs_time1,20,17,-0.40847459566689526,"[-0.73, 0.06]",0.08251115849225843,0.9337752128835201,False
Neutr,Tie-2,delta_time3_vs_time1,20,17,-0.018059615703593504,"[-0.47, 0.44]",0.9415026786765188,0.9894847136257627,False
Lymfos,Tie-2,delta_time3_vs_time1,20,17,-0.1461576326462583,"[-0.56, 0.33]",0.5504700280449901,0.9634406131587928,False
Monos,Tie-2,delta_time3_vs_time1,20,17,-0.13373860477835173,"[-0.55, 0.34]",0.5851765041913091,0.9644522494961175,False
Eosin,Tie-2,delta_time3_vs_time1,20,17,0.13167970502885698,"[-0.34, 0.55]",0.5910182089617351,0.9644522494961175,False
Basof,Tie-2,delta_time3_vs_time1,20,17,-0.28302472517576466,"[-0.65, 0.20]",0.24034573531919973,0.9425493668730021,False
Lactic acid,Tie-2,delta_time3_vs_time1,20,17,0.16666561457663714,"[-0.31, 0.58]",0.49526885184851654,0.9559337664499751,False
Leuk,Flt-1,delta_time3_vs_time1,20,17,0.09036683855492482,"[-0.38, 0.52]",0.7129383912305274,0.9644522494961175,False
Eryt,Flt-1,delta_time3_vs_time1,20,17,0.04083499765551251,"[-0.42, 0.49]",0.8681725977074518,0.9894847136257627,False
Hb,Flt-1,delta_time3_vs_time1,20,17,-0.21407528928288644,"[-0.61, 0.27]",0.37883249754400916,0.9425493668730021,False
HKR,Flt-1,delta_time3_vs_time1,20,17,0.2132547978208242,"[-0.27, 0.61]",0.38070599753627865,0.9425493668730021,False
MCV,Flt-1,delta_time3_vs_time1,20,17,0.3810136236856658,"[-0.09, 0.71]",0.10751968748929497,0.9337752128835201,False
MCH,Flt-1,delta_time3_vs_time1,20,17,-0.2881304716952172,"[-0.66, 0.19]",0.23160109107401694,0.9425493668730021,False
Trom,Flt-1,delta_time3_vs_time1,20,17,-0.2009750265755674,"[-0.60, 0.28]",0.4093573694821001,0.9477480287900435,False
Neutr,Flt-1,delta_time3_vs_time1,20,17,0.14579448256545635,"[-0.33, 0.56]",0.5514716631881778,0.9634406131587928,False
Lymfos,Flt-1,delta_time3_vs_time1,20,17,0.047118323756235654,"[-0.42, 0.49]",0.8480976106843574,0.9787445011030965,False
Monos,Flt-1,delta_time3_vs_time1,20,17,0.19721762379013727,"[-0.28, 0.60]",0.4183507940902418,0.9477480287900435,False
Eosin,Flt-1,delta_time3_vs_time1,20,17,0.13726620973117443,"[-0.34, 0.56]",0.5752247944005682,0.9644522494961175,False
Basof,Flt-1,delta_time3_vs_time1,20,17,-0.17567926439732384,"[-0.58, 0.30]",0.47189091972504926,0.9477480287900435,False
Lactic acid,Flt-1,delta_time3_vs_time1,20,17,0.007005992452783914,"[-0.45, 0.46]",0.9772910067374887,0.9894847136257627,False
Leuk,MIP-1β,delta_time3_vs_time1,20,17,0.07768534973103797,"[-0.39, 0.51]",0.7519176107238725,0.9644522494961175,False
Eryt,MIP-1β,delta_time3_vs_time1,20,17,0.03983421818470013,"[-0.42, 0.49]",0.8713775105507513,0.9894847136257627,False
Hb,MIP-1β,delta_time3_vs_time1,20,17,-0.07626212990443088,"[-0.51, 0.39]",0.7563302330979523,0.9644522494961175,False
HKR,MIP-1β,delta_time3_vs_time1,20,17,0.04836421560653397,"[-0.41, 0.49]",0.8441272583817465,0.9777993355408142,False
MCV,MIP-1β,delta_time3_vs_time1,20,17,0.15784457929887216,"[-0.32, 0.57]",0.5186780426269071,0.9612630278514728,False
MCH,MIP-1β,delta_time3_vs_time1,20,17,0.13289412843585816,"[-0.34, 0.55]",0.5875695830672583,0.9644522494961175,False
Trom,MIP-1β,delta_time3_vs_time1,20,17,-0.1215112508471202,"[-0.55, 0.35]",0.6202186733643416,0.9644522494961175,False
Neutr,MIP-1β,delta_time3_vs_time1,20,17,0.09890247964970963,"[-0.37, 0.53]",0.687074254301457,0.9644522494961175,False
Lymfos,MIP-1β,delta_time3_vs_time1,20,17,0.006364715199959163,"[-0.45, 0.46]",0.9793691795043737,0.9894847136257627,False
Monos,MIP-1β,delta_time3_vs_time1,20,17,0.13305382384707443,"[-0.34, 0.55]",0.5871167225642568,0.9644522494961175,False
Eosin,MIP-1β,delta_time3_vs_time1,20,17,0.06575370146065097,"[-0.40, 0.50]",0.7891266458778274,0.9644522494961175,False
Basof,MIP-1β,delta_time3_vs_time1,20,17,0.1250534969778986,"[-0.35, 0.55]",0.6099816759686101,0.9644522494961175,False
Lactic acid,MIP-1β,delta_time3_vs_time1,20,17,0.028593173844861073,"[-0.43, 0.48]",0.9074968089512458,0.9894847136257627,False
Leuk,IL-12p70,delta_time3_vs_time1,20,17,-0.23024355433452817,"[-0.62, 0.25]",0.34297672536852175,0.9425493668730021,False
Eryt,IL-12p70,delta_time3_vs_time1,20,17,0.29762109454743135,"[-0.18, 0.66]",0.21589833323884372,0.9425493668730021,False
Hb,IL-12p70,delta_time3_vs_time1,20,17,0.4439245197069886,"[-0.01, 0.75]",0.05691114663188594,0.9337752128835201,False
HKR,IL-12p70,delta_time3_vs_time1,20,17,0.4788631908161857,"[0.03, 0.77]",0.03805581051795578,0.9337752128835201,False
MCV,IL-12p70,delta_time3_vs_time1,20,17,0.20851661574319477,"[-0.27, 0.61]",0.3916257728807828,0.9462408519567338,False
MCH,IL-12p70,delta_time3_vs_time1,20,17,-0.07610258103494205,"[-0.51, 0.39]",0.7568253595539638,0.9644522494961175,False
Trom,IL-12p70,delta_time3_vs_time1,20,17,0.04195492936265735,"[-0.42, 0.49]",0.8645884445529115,0.9894847136257627,False
Neutr,IL-12p70,delta_time3_vs_time1,20,17,0.13605855940555098,"[-0.34, 0.56]",0.5786234999686678,0.9644522494961175,False
Lymfos,IL-12p70,delta_time3_vs_time1,20,17,-0.6548502998741982,"[-0.85, -0.29]",0.0023442782246907504,0.5180854876566557,False
Monos,IL-12p70,delta_time3_vs_time1,20,17,-0.21388324596953148,"[-0.61, 0.27]",0.37927054405659577,0.9425493668730021,False
Eosin,IL-12p70,delta_time3_vs_time1,20,17,-0.2628282168255056,"[-0.64, 0.22]",0.2769832248870813,0.9425493668730021,False
Basof,IL-12p70,delta_time3_vs_time1,20,17,-0.5522297788947558,"[-0.80, -0.13]",0.014219742779023967,0.7064264882143139,False
Lactic acid,IL-12p70,delta_time3_vs_time1,20,17,0.3675374316068184,"[-0.10, 0.70]",0.12160738149105,0.9337752128835201,False
Leuk,CRP,delta_time3_vs_time1,20,17,0.2280499054665237,"[-0.25, 0.62]",0.34772203005010993,0.9425493668730021,False
Eryt,CRP,delta_time3_vs_time1,20,17,0.002008867353037841,"[-0.45, 0.46]",0.9934877901615622,0.9957271711086872,False
Hb,CRP,delta_time3_vs_time1,20,17,0.158012414911902,"[-0.32, 0.57]",0.5182278525012998,0.9612630278514728,False
HKR,CRP,delta_time3_vs_time1,20,17,-0.016512438413297054,"[-0.47, 0.44]",0.946507026877182,0.9894847136257627,False
MCV,CRP,delta_time3_vs_time1,20,17,0.24752473113610987,"[-0.23, 0.63]",0.3069232223796872,0.9425493668730021,False
MCH,CRP,delta_time3_vs_time1,20,17,0.3490249685350736,"[-0.13, 0.69]",0.14302896944058494,0.9337752128835201,False
Trom,CRP,delta_time3_vs_time1,20,17,0.008282247540962333,"[-0.45, 0.46]",0.9731555048936675,0.9894847136257627,False
Neutr,CRP,delta_time3_vs_time1,20,17,0.35569227743266263,"[-0.12, 0.70]",0.13503169206380727,0.9337752128835201,False
Lymfos,CRP,delta_time3_vs_time1,20,17,-0.1801294594794251,"[-0.59, 0.30]",0.46055647710741754,0.9477480287900435,False
Monos,CRP,delta_time3_vs_time1,20,17,0.17638029046023204,"[-0.30, 0.58]",0.47009623008371937,0.9477480287900435,False
Eosin,CRP,delta_time3_vs_time1,20,17,-0.41546864831263125,"[-0.73, 0.05]",0.07689138502485315,0.9337752128835201,False
Basof,CRP,delta_time3_vs_time1,20,17,0.13833066479524495,"[-0.34, 0.56]",0.5722362160634235,0.9644522494961175,False
Lactic acid,CRP,delta_time3_vs_time1,20,17,0.34851192518087787,"[-0.13, 0.69]",0.1436577250590031,0.9337752128835201,False
Leuk,IFN-γ,delta_time3_vs_time1,20,17,0.12073393129340677,"[-0.35, 0.55]",0.622474166469985,0.9644522494961175,False
Eryt,IFN-γ,delta_time3_vs_time1,20,17,0.07973648991813755,"[-0.39, 0.52]",0.7455711253300958,0.9644522494961175,False
Hb,IFN-γ,delta_time3_vs_time1,20,17,0.1547632890035795,"[-0.32, 0.57]",0.5269755480640185,0.9612630278514728,False
HKR,IFN-γ,delta_time3_vs_time1,20,17,0.17178373410026418,"[-0.31, 0.58]",0.4819259858535585,0.9509238041071791,False
MCV,IFN-γ,delta_time3_vs_time1,20,17,0.20633128680343948,"[-0.27, 0.60]",0.3967197060192066,0.9477480287900435,False
MCH,IFN-γ,delta_time3_vs_time1,20,17,0.05724397856927158,"[-0.41, 0.50]",0.8159390465444046,0.9668768326343883,False
Trom,IFN-γ,delta_time3_vs_time1,20,17,-0.30830018627548533,"[-0.67, 0.17]",0.19908162427858203,0.9425493668730021,False
Neutr,IFN-γ,delta_time3_vs_time1,20,17,0.38974727532420944,"[-0.08, 0.72]",0.09904109274163417,0.9337752128835201,False
Lymfos,IFN-γ,delta_time3_vs_time1,20,17,-0.2925623883778336,"[-0.66, 0.19]",0.22417911391794293,0.9425493668730021,False
Monos,IFN-γ,delta_time3_vs_time1,20,17,0.00925048171812911,"[-0.45, 0.46]",0.9700185278710992,0.9894847136257627,False
Eosin,IFN-γ,delta_time3_vs_time1,20,17,-0.2512571302621828,"[-0.63, 0.23]",0.29944823946254073,0.9425493668730021,False
Basof,IFN-γ,delta_time3_vs_time1,20,17,-0.1569104541581466,"[-0.57, 0.32]",0.5211870216966005,0.9612630278514728,False
Lactic acid,IFN-γ,delta_time3_vs_time1,20,17,0.6755243156974874,"[0.32, 0.86]",0.001502633633660083,0.5180854876566557,False
Leuk,VEGF-C,delta_time3_vs_time1,20,17,0.1870192269054733,"[-0.29, 0.59]",0.4432853699487138,0.9477480287900435,False
Eryt,VEGF-C,delta_time3_vs_time1,20,17,0.00531576599454292,"[-0.45, 0.46]",0.9827687540310177,0.9894847136257627,False
Hb,VEGF-C,delta_time3_vs_time1,20,17,-0.21924799275507123,"[-0.61, 0.26]",0.36714045408112184,0.9425493668730021,False
HKR,VEGF-C,delta_time3_vs_time1,20,17,0.17979437455053612,"[-0.30, 0.59]",0.4614050740790936,0.9477480287900435,False
MCV,VEGF-C,delta_time3_vs_time1,20,17,0.551146185019999,"[0.13, 0.80]",0.0144507023845422,0.7064264882143139,False
MCH,VEGF-C,delta_time3_vs_time1,20,17,-0.18077045863980432,"[-0.59, 0.30]",0.45893536953000713,0.9477480287900435,False
Trom,VEGF-C,delta_time3_vs_time1,20,17,0.059496527175970766,"[-0.41, 0.50]",0.8088213770508474,0.9662136450174988,False
Neutr,VEGF-C,delta_time3_vs_time1,20,17,0.19406503335645262,"[-0.29, 0.60]",0.42597733678014293,0.9477480287900435,False
Lymfos,VEGF-C,delta_time3_vs_time1,20,17,-0.08118223342421545,"[-0.52, 0.39]",0.7411071944133434,0.9644522494961175,False
Monos,VEGF-C,delta_time3_vs_time1,20,17,0.28907755369152505,"[-0.19, 0.66]",0.23000189831360224,0.9425493668730021,False
Eosin,VEGF-C,delta_time3_vs_time1,20,17,-0.12091749393867536,"[-0.55, 0.35]",0.6219412443053737,0.9644522494961175,False
Basof,VEGF-C,delta_time3_vs_time1,20,17,-0.16222945260418561,"[-0.57, 0.32]",0.5069769883305061,0.9612630278514728,False
Lactic acid,VEGF-C,delta_time3_vs_time1,20,17,0.22236328212516598,"[-0.26, 0.61]",0.36019866466536976,0.9425493668730021,False
Leuk,PlGF,delta_time3_vs_time1,20,17,0.16424294908516038,"[-0.31, 0.58]",0.5016465540114401,0.9598605059439675,False
Eryt,PlGF,delta_time3_vs_time1,20,17,0.017177652611773803,"[-0.44, 0.47]",0.944355144568454,0.9894847136257627,False
Hb,PlGF,delta_time3_vs_time1,20,17,-0.0013180621263911307,"[-0.46, 0.45]",0.9957271711086872,0.9957271711086872,False
HKR,PlGF,delta_time3_vs_time1,20,17,-0.013514787004890082,"[-0.46, 0.44]",0.9562082371244347,0.9894847136257627,False
MCV,PlGF,delta_time3_vs_time1,20,17,0.2618367122385649,"[-0.22, 0.64]",0.27886615581806296,0.9425493668730021,False
MCH,PlGF,delta_time3_vs_time1,20,17,-0.009853156123005117,"[-0.46, 0.45]",0.9680661361221143,0.9894847136257627,False
Trom,PlGF,delta_time3_vs_time1,20,17,-0.03321160266500649,"[-0.48, 0.43]",0.892632043673113,0.9894847136257627,False
Neutr,PlGF,delta_time3_vs_time1,20,17,0.3007116350180604,"[-0.18, 0.66]",0.2109391001524595,0.9425493668730021,False
Lymfos,PlGF,delta_time3_vs_time1,20,17,-0.10877518439533912,"[-0.54, 0.36]",0.6575701033389193,0.9644522494961175,False
Monos,PlGF,delta_time3_vs_time1,20,17,0.21699077407614054,"[-0.26, 0.61]",0.37221715862396354,0.9425493668730021,False
Eosin,PlGF,delta_time3_vs_time1,20,17,-0.24596216874809979,"[-0.63, 0.23]",0.31008563731603733,0.9425493668730021,False
Basof,PlGF,delta_time3_vs_time1,20,17,-0.1830635993570896,"[-0.59, 0.30]",0.45315981135792327,0.9477480287900435,False
Lactic acid,PlGF,delta_time3_vs_time1,20,17,0.30091613742491813,"[-0.18, 0.66]",0.21061360867263698,0.9425493668730021,False
Leuk,IL-13,delta_time3_vs_time1,20,17,-0.17044790300245677,"[-0.58, 0.31]",0.4853912432026001,0.9509238041071791,False
Eryt,IL-13,delta_time3_vs_time1,20,17,0.3995684105897779,"[-0.07, 0.72]",0.09009772663172715,0.9337752128835201,False
Hb,IL-13,delta_time3_vs_time1,20,17,0.4086718100250778,"[-0.06, 0.73]",0.08234866977541515,0.9337752128835201,False
HKR,IL-13,delta_time3_vs_time1,20,17,0.5304824120401946,"[0.10, 0.79]",0.019459654273140635,0.7167639323940134,False
MCV,IL-13,delta_time3_vs_time1,20,17,0.3215793929459017,"[-0.16, 0.68]",0.1794147141006797,0.9425493668730021,False
MCH,IL-13,delta_time3_vs_time1,20,17,-0.19884750450378555,"[-0.60, 0.28]",0.4144367370360915,0.9477480287900435,False
Trom,IL-13,delta_time3_vs_time1,20,17,0.06490530237378686,"[-0.40, 0.50]",0.7917901304170941,0.9644522494961175,False
Neutr,IL-13,delta_time3_vs_time1,20,17,0.05175067556172099,"[-0.41, 0.49]",0.83335386678376,0.974450817773603,False
Lymfos,IL-13,delta_time3_vs_time1,20,17,-0.5491288808034206,"[-0.80, -0.13]",0.014888663143008537,0.7064264882143139,False
Monos,IL-13,delta_time3_vs_time1,20,17,-0.08633782936920206,"[-0.52, 0.38]",0.725253827694013,0.9644522494961175,False
Eosin,IL-13,delta_time3_vs_time1,20,17,0.08872517412383306,"[-0.38, 0.52]",0.717948441385758,0.9644522494961175,False
Basof,IL-13,delta_time3_vs_time1,20,17,-0.5753383319132047,"[-0.82, -0.16]",0.009956748206956908,0.7064264882143139,False
Lactic acid,IL-13,delta_time3_vs_time1,20,17,0.4439597943119693,"[-0.01, 0.75]",0.056889103823879864,0.9337752128835201,False
Leuk,ICAM-1,delta_time3_vs_time1,20,17,0.09566492912571305,"[-0.37, 0.53]",0.6968471246003934,0.9644522494961175,False
Eryt,ICAM-1,delta_time3_vs_time1,20,17,0.08868885235808169,"[-0.38, 0.52]",0.7180594141294776,0.9644522494961175,False
Hb,ICAM-1,delta_time3_vs_time1,20,17,0.17618170738810635,"[-0.30, 0.58]",0.4706042724956254,0.9477480287900435,False
HKR,ICAM-1,delta_time3_vs_time1,20,17,-0.010544414066457081,"[-0.46, 0.45]",0.9658269886618643,0.9894847136257627,False
MCV,ICAM-1,delta_time3_vs_time1,20,17,0.10166427046864233,"[-0.37, 0.53]",0.6787748352007178,0.9644522494961175,False
MCH,ICAM-1,delta_time3_vs_time1,20,17,0.30576361199180874,"[-0.17, 0.67]",0.2029947653099479,0.9425493668730021,False
Trom,ICAM-1,delta_time3_vs_time1,20,17,-0.08406185354344023,"[-0.52, 0.38]",0.7322396497048156,0.9644522494961175,False
Neutr,ICAM-1,delta_time3_vs_time1,20,17,0.24075973832814485,"[-0.24, 0.63]",0.32075482055927584,0.9425493668730021,False
Lymfos,ICAM-1,delta_time3_vs_time1,20,17,-0.09481327373621878,"[-0.53, 0.38]",0.6994256176021456,0.9644522494961175,False
Monos,ICAM-1,delta_time3_vs_time1,20,17,0.07458056252847735,"[-0.39, 0.51]",0.7615531597645172,0.9644522494961175,False
Eosin,ICAM-1,delta_time3_vs_time1,20,17,-0.16882733622020862,"[-0.58, 0.31]",0.48961151517005197,0.9509238041071791,False
Basof,ICAM-1,delta_time3_vs_time1,20,17,0.2833817861896678,"[-0.20, 0.65]",0.23972741997747013,0.9425493668730021,False
Lactic acid,ICAM-1,delta_time3_vs_time1,20,17,0.11506020451620994,"[-0.36, 0.54]",0.6390338033028349,0.9644522494961175,False
Leuk,IL-10,delta_time3_vs_time1,20,17,-0.15420807282822838,"[-0.57, 0.32]",0.5284771849952667,0.9612630278514728,False
Eryt,IL-10,delta_time3_vs_time1,20,17,0.14203031066206429,"[-0.33, 0.56]",0.5619015697692882,0.9644522494961175,False
Hb,IL-10,delta_time3_vs_time1,20,17,0.3380544547930687,"[-0.14, 0.69]",0.15689582882213593,0.9425493668730021,False
HKR,IL-10,delta_time3_vs_time1,20,17,0.1684786959283706,"[-0.31, 0.58]",0.4905217813041558,0.9509238041071791,False
MCV,IL-10,delta_time3_vs_time1,20,17,-0.3516573345342339,"[-0.69, 0.12]",0.1398330487605465,0.9337752128835201,False
MCH,IL-10,delta_time3_vs_time1,20,17,-0.01847870083991485,"[-0.47, 0.44]",0.9401475004889208,0.9894847136257627,False
Trom,IL-10,delta_time3_vs_time1,20,17,0.06634743721479491,"[-0.40, 0.51]",0.7872639867734886,0.9644522494961175,False
Neutr,IL-10,delta_time3_vs_time1,20,17,0.07558846847030345,"[-0.39, 0.51]",0.7584214162784055,0.9644522494961175,False
Lymfos,IL-10,delta_time3_vs_time1,20,17,-0.20295671643909036,"[-0.60, 0.28]",0.40465660268469716,0.9477480287900435,False
Monos,IL-10,delta_time3_vs_time1,20,17,-0.298353694449656,"[-0.66, 0.18]",0.2147159349421639,0.9425493668730021,False
Eosin,IL-10,delta_time3_vs_time1,20,17,0.03719749227941891,"[-0.42, 0.48]",0.8798304756703297,0.9894847136257627,False
Basof,IL-10,delta_time3_vs_time1,20,17,-0.24729801803385582,"[-0.63, 0.23]",0.3073808510753371,0.9425493668730021,False
Lactic acid,IL-10,delta_time3_vs_time1,20,17,0.26108876319218527,"[-0.22, 0.64]",0.2802917791732105,0.9425493668730021,False
Leuk,IL-15,delta_time3_vs_time1,20,17,0.0853447990900589,"[-0.38, 0.52]",0.7282992911473267,0.9644522494961175,False
Eryt,IL-15,delta_time3_vs_time1,20,17,-0.33397270725718037,"[-0.68, 0.14]",0.16228356725739745,0.9425493668730021,False
Hb,IL-15,delta_time3_vs_time1,20,17,-0.3013135375206229,"[-0.66, 0.18]",0.20998204031681256,0.9425493668730021,False
HKR,IL-15,delta_time3_vs_time1,20,17,-0.15047090400869723,"[-0.57, 0.33]",0.5386359172670625,0.9634406131587928,False
MCV,IL-15,delta_time3_vs_time1,20,17,0.2166541493208926,"[-0.26, 0.61]",0.37297763084555025,0.9425493668730021,False
MCH,IL-15,delta_time3_vs_time1,20,17,0.21828667444266076,"[-0.26, 0.61]",0.36929773961050283,0.9425493668730021,False
Trom,IL-15,delta_time3_vs_time1,20,17,-0.16064529336431893,"[-0.57, 0.32]",0.5111897281010442,0.9612630278514728,False
Neutr,IL-15,delta_time3_vs_time1,20,17,0.17490619586884548,"[-0.30, 0.58]",0.47387401439502175,0.9477480287900435,False
Lymfos,IL-15,delta_time3_vs_time1,20,17,-0.294332445969235,"[-0.66, 0.18]",0.22125853726041092,0.9425493668730021,False
Monos,IL-15,delta_time3_vs_time1,20,17,0.09146679694516253,"[-0.38, 0.52]",0.7095877963402507,0.9644522494961175,False
Eosin,IL-15,delta_time3_vs_time1,20,17,-0.37265656451722745,"[-0.71, 0.10]",0.11610976903941747,0.9337752128835201,False
Basof,IL-15,delta_time3_vs_time1,20,17,0.3099736454356765,"[-0.17, 0.67]",0.19652760093040836,0.9425493668730021,False
Lactic acid,IL-15,delta_time3_vs_time1,20,17,0.2978987810280457,"[-0.18, 0.66]",0.21544965398583277,0.9425493668730021,False
Leuk,IL-12/IL-23p40,delta_time3_vs_time1,20,17,0.2732922424640378,"[-0.21, 0.65]",0.25759247017976133,0.9425493668730021,False
Eryt,IL-12/IL-23p40,delta_time3_vs_time1,20,17,-0.13101791791759698,"[-0.55, 0.34]",0.592901052757955,0.9644522494961175,False
Hb,IL-12/IL-23p40,delta_time3_vs_time1,20,17,-0.19521922913646905,"[-0.60, 0.28]",0.42317667087581246,0.9477480287900435,False
HKR,IL-12/IL-23p40,delta_time3_vs_time1,20,17,0.03125441539671564,"[-0.43, 0.48]",0.8989274964537953,0.9894847136257627,False
MCV,IL-12/IL-23p40,delta_time3_vs_time1,20,17,0.4039421437559622,"[-0.06, 0.73]",0.08631089355111358,0.9337752128835201,False
MCH,IL-12/IL-23p40,delta_time3_vs_time1,20,17,-0.06589482499148216,"[-0.50, 0.40]",0.7886838155778495,0.9644522494961175,False
Trom,IL-12/IL-23p40,delta_time3_vs_time1,20,17,-0.0595361459392433,"[-0.50, 0.41]",0.8086963153668414,0.9662136450174988,False
Neutr,IL-12/IL-23p40,delta_time3_vs_time1,20,17,0.43028694600673684,"[-0.03, 0.74]",0.06592715683036034,0.9337752128835201,False
Lymfos,IL-12/IL-23p40,delta_time3_vs_time1,20,17,-0.2578669525284795,"[-0.64, 0.22]",0.28648398989940554,0.9425493668730021,False
Monos,IL-12/IL-23p40,delta_time3_vs_time1,20,17,0.32405276532005406,"[-0.15, 0.68]",0.17590220277350954,0.9425493668730021,False
Eosin,IL-12/IL-23p40,delta_time3_vs_time1,20,17,-0.27271817762643313,"[-0.65, 0.21]",0.2586334769512532,0.9425493668730021,False
Basof,IL-12/IL-23p40,delta_time3_vs_time1,20,17,-0.25685877543154656,"[-0.64, 0.22]",0.28843877041134497,0.9425493668730021,False
Lactic acid,IL-12/IL-23p40,delta_time3_vs_time1,20,17,0.3123271348149644,"[-0.17, 0.67]",0.1929727504049027,0.9425493668730021,False
Leuk,GM-CSF,delta_time3_vs_time1,20,17,0.36678881150633363,"[-0.10, 0.70]",0.12242657033797745,0.9337752128835201,False
Eryt,GM-CSF,delta_time3_vs_time1,20,17,-0.23770921050591223,"[-0.62, 0.24]",0.3271108845780315,0.9425493668730021,False
Hb,GM-CSF,delta_time3_vs_time1,20,17,-0.2868114719233667,"[-0.66, 0.19]",0.23384020594865929,0.9425493668730021,False
HKR,GM-CSF,delta_time3_vs_time1,20,17,-0.22217127706998616,"[-0.61, 0.26]",0.3606243300556252,0.9425493668730021,False
MCV,GM-CSF,delta_time3_vs_time1,20,17,-0.28153440228447335,"[-0.65, 0.20]",0.24293750980573683,0.9425493668730021,False
MCH,GM-CSF,delta_time3_vs_time1,20,17,-0.10366729542555093,"[-0.53, 0.37]",0.6727775753185846,0.9644522494961175,False
Trom,GM-CSF,delta_time3_vs_time1,20,17,-0.27708695106546366,"[-0.65, 0.20]",0.25077765538379365,0.9425493668730021,False
Neutr,GM-CSF,delta_time3_vs_time1,20,17,0.2820883134720286,"[-0.20, 0.65]",0.2419721448808341,0.9425493668730021,False
Lymfos,GM-CSF,delta_time3_vs_time1,20,17,0.39132598752659076,"[-0.08, 0.72]",0.09756177707798,0.9337752128835201,False
Monos,GM-CSF,delta_time3_vs_time1,20,17,0.37333742217620747,"[-0.10, 0.71]",0.11539216963960383,0.9337752128835201,False
Eosin,GM-CSF,delta_time3_vs_time1,20,17,0.06683926131985538,"[-0.40, 0.51]",0.7857218799020043,0.9644522494961175,False
Basof,GM-CSF,delta_time3_vs_time1,20,17,-0.09397780081446527,"[-0.53, 0.38]",0.7019581803953322,0.9644522494961175,False
Lactic acid,GM-CSF,delta_time3_vs_time1,20,17,-0.34999933839736436,"[-0.69, 0.12]",0.14184012374882207,0.9337752128835201,False
Leuk,TNF-β,delta_time3_vs_time1,20,17,0.3181885324693876,"[-0.16, 0.67]",0.18430668494590705,0.9425493668730021,False
Eryt,TNF-β,delta_time3_vs_time1,20,17,-0.03586473946069173,"[-0.48, 0.43]",0.8841078860702947,0.9894847136257627,False
Hb,TNF-β,delta_time3_vs_time1,20,17,0.013755870601235285,"[-0.44, 0.47]",0.9554277899570753,0.9894847136257627,False
HKR,TNF-β,delta_time3_vs_time1,20,17,-0.13070113476174924,"[-0.55, 0.34]",0.5938032122661543,0.9644522494961175,False
MCV,TNF-β,delta_time3_vs_time1,20,17,-0.1499427827173876,"[-0.57, 0.33]",0.5400786435823699,0.9634406131587928,False
MCH,TNF-β,delta_time3_vs_time1,20,17,0.025110098047591303,"[-0.43, 0.47]",0.9187271214059561,0.9894847136257627,False
Trom,TNF-β,delta_time3_vs_time1,20,17,-0.0495252096168127,"[-0.49, 0.41]",0.840430689105614,0.9777993355408142,False
Neutr,TNF-β,delta_time3_vs_time1,20,17,0.23170006273096797,"[-0.25, 0.62]",0.33984688567706745,0.9425493668730021,False
Lymfos,TNF-β,delta_time3_vs_time1,20,17,-0.01610956834700759,"[-0.47, 0.44]",0.947810433042481,0.9894847136257627,False
Monos,TNF-β,delta_time3_vs_time1,20,17,0.39160297011223055,"[-0.08, 0.72]",0.09730389602216706,0.9337752128835201,False
Eosin,TNF-β,delta_time3_vs_time1,20,17,0.2661210276240936,"[-0.21, 0.64]",0.2707865807189209,0.9425493668730021,False
Basof,TNF-β,delta_time3_vs_time1,20,17,0.17802542620175796,"[-0.30, 0.58]",0.46589802720097495,0.9477480287900435,False
Lactic acid,TNF-β,delta_time3_vs_time1,20,17,0.2510567662692403,"[-0.23, 0.63]",0.2998466865507691,0.9425493668730021,False
Leuk,TARC,delta_time3_vs_time1,20,17,0.15203847872999557,"[-0.32, 0.57]",0.5343639759202725,0.9634406131587928,False
Eryt,TARC,delta_time3_vs_time1,20,17,-0.2458361049981906,"[-0.63, 0.23]",0.31034162209861677,0.9425493668730021,False
Hb,TARC,delta_time3_vs_time1,20,17,-0.43249831155320906,"[-0.74, 0.03]",0.06439702191178003,0.9337752128835201,False
HKR,TARC,delta_time3_vs_time1,20,17,-0.08847484590651823,"[-0.52, 0.38]",0.7187133709539029,0.9644522494961175,False
MCV,TARC,delta_time3_vs_time1,20,17,0.558445213757272,"[0.14, 0.81]",0.012951391989237396,0.7064264882143139,False
MCH,TARC,delta_time3_vs_time1,20,17,-0.063082461487985,"[-0.50, 0.40]",0.7975202415759999,0.9657642377440876,False
Trom,TARC,delta_time3_vs_time1,20,17,-0.1624368290431182,"[-0.57, 0.32]",0.5064267440088365,0.9612630278514728,False
Neutr,TARC,delta_time3_vs_time1,20,17,0.08071890750674902,"[-0.39, 0.52]",0.7425369221219013,0.9644522494961175,False
Lymfos,TARC,delta_time3_vs_time1,20,17,0.13395467238238462,"[-0.34, 0.55]",0.5845648731855345,0.9644522494961175,False
Monos,TARC,delta_time3_vs_time1,20,17,0.262486037193413,"[-0.22, 0.64]",0.27763215446522427,0.9425493668730021,False
Eosin,TARC,delta_time3_vs_time1,20,17,0.19910621983492774,"[-0.28, 0.60]",0.4138172636726323,0.9477480287900435,False
Basof,TARC,delta_time3_vs_time1,20,17,-0.011999297311726295,"[-0.46, 0.44]",0.9611150979865287,0.9894847136257627,False
Lactic acid,TARC,delta_time3_vs_time1,20,17,0.0324333867319485,"[-0.43, 0.48]",0.8951345231683765,0.9894847136257627,False
Leuk,VEGF-D,delta_time3_vs_time1,20,17,0.1212039761574687,"[-0.35, 0.55]",0.6211098841243605,0.9644522494961175,False
Eryt,VEGF-D,delta_time3_vs_time1,20,17,-0.25297915325195547,"[-0.63, 0.23]",0.2960370357999909,0.9425493668730021,False
Hb,VEGF-D,delta_time3_vs_time1,20,17,-0.06759796159583269,"[-0.51, 0.40]",0.7833444864055721,0.9644522494961175,False
HKR,VEGF-D,delta_time3_vs_time1,20,17,-0.1866085836425792,"[-0.59, 0.29]",0.44430522971005215,0.9477480287900435,False
MCV,VEGF-D,delta_time3_vs_time1,20,17,0.2645413771234741,"[-0.22, 0.64]",0.27374841735564115,0.9425493668730021,False
MCH,VEGF-D,delta_time3_vs_time1,20,17,0.30484441234568094,"[-0.17, 0.67]",0.204425272078315,0.9425493668730021,False
Trom,VEGF-D,delta_time3_vs_time1,20,17,-0.11022859810191327,"[-0.54, 0.36]",0.6532660451740468,0.9644522494961175,False
Neutr,VEGF-D,delta_time3_vs_time1,20,17,0.19311517036466028,"[-0.29, 0.60]",0.42828953619344334,0.9477480287900435,False
Lymfos,VEGF-D,delta_time3_vs_time1,20,17,-0.18535261007634043,"[-0.59, 0.29]",0.4474320601043418,0.9477480287900435,False
Monos,VEGF-D,delta_time3_vs_time1,20,17,0.11067326235387653,"[-0.36, 0.54]",0.6519513251021836,0.9644522494961175,False
Eosin,VEGF-D,delta_time3_vs_time1,20,17,-0.4713063019629179,"[-0.76, -0.02]",0.04165311019021049,0.9337752128835201,False
Basof,VEGF-D,delta_time3_vs_time1,20,17,0.07252573203580982,"[-0.39, 0.51]",0.7679488421155571,0.9644522494961175,False
Lactic acid,VEGF-D,delta_time3_vs_time1,20,17,0.3730628610484264,"[-0.10, 0.71]",0.1156811651208341,0.9337752128835201,False
Leuk,IL-2,delta_time3_vs_time1,20,17,-0.0716643530059288,"[-0.51, 0.40]",0.7706341957359123,0.9644522494961175,False
Eryt,IL-2,delta_time3_vs_time1,20,17,-0.07557303228681611,"[-0.51, 0.39]",0.7584693522407077,0.9644522494961175,False
Hb,IL-2,delta_time3_vs_time1,20,17,0.026518413651695213,"[-0.43, 0.48]",0.9141844668180016,0.9894847136257627,False
HKR,IL-2,delta_time3_vs_time1,20,17,0.14728833863933705,"[-0.33, 0.56]",0.547356554484655,0.9634406131587928,False
MCV,IL-2,delta_time3_vs_time1,20,17,0.3486128600883767,"[-0.13, 0.69]",0.14353387337066337,0.9337752128835201,False
MCH,IL-2,delta_time3_vs_time1,20,17,-0.12523421919504255,"[-0.55, 0.35]",0.6094612268378679,0.9644522494961175,False
Trom,IL-2,delta_time3_vs_time1,20,17,-0.2490282051040397,"[-0.63, 0.23]",0.3038987871236637,0.9425493668730021,False
Neutr,IL-2,delta_time3_vs_time1,20,17,0.19083464229068625,"[-0.29, 0.59]",0.4338678879940405,0.9477480287900435,False
Lymfos,IL-2,delta_time3_vs_time1,20,17,-0.433315189396823,"[-0.74, 0.03]",0.06383857471406741,0.9337752128835201,False
Monos,IL-2,delta_time3_vs_time1,20,17,-0.015945448888436627,"[-0.47, 0.44]",0.948341445552139,0.9894847136257627,False
Eosin,IL-2,delta_time3_vs_time1,20,17,-0.1266825119253291,"[-0.55, 0.35]",0.6052968905498917,0.9644522494961175,False
Basof,IL-2,delta_time3_vs_time1,20,17,-0.3337364543964101,"[-0.68, 0.14]",0.16259924217175598,0.9425493668730021,False
Lactic acid,IL-2,delta_time3_vs_time1,20,17,0.466753845602107,"[0.02, 0.76]",0.04394292892944889,0.9337752128835201,False
Leuk,IP-10,delta_time3_vs_time1,20,17,0.24373790226072453,"[-0.24, 0.63]",0.3146208211774812,0.9425493668730021,False
Eryt,IP-10,delta_time3_vs_time1,20,17,-0.07345615308471978,"[-0.51, 0.39]",0.7650510911133995,0.9644522494961175,False
Hb,IP-10,delta_time3_vs_time1,20,17,-0.21226747986213823,"[-0.61, 0.27]",0.3829672648827722,0.9425493668730021,False
HKR,IP-10,delta_time3_vs_time1,20,17,0.11279841914457107,"[-0.36, 0.54]",0.6456815849641366,0.9644522494961175,False
MCV,IP-10,delta_time3_vs_time1,20,17,0.3569487770279695,"[-0.12, 0.70]",0.13356044959445565,0.9337752128835201,False
MCH,IP-10,delta_time3_vs_time1,20,17,0.06342033866188827,"[-0.40, 0.50]",0.7964573647220764,0.9657642377440876,False
Trom,IP-10,delta_time3_vs_time1,20,17,-0.1272982774532278,"[-0.55, 0.35]",0.6035298721509315,0.9644522494961175,False
Neutr,IP-10,delta_time3_vs_time1,20,17,0.25809591484888494,"[-0.22, 0.64]",0.28604118435520126,0.9425493668730021,False
Lymfos,IP-10,delta_time3_vs_time1,20,17,-0.06481531310068639,"[-0.50, 0.40]",0.7920727750386666,0.9644522494961175,False
Monos,IP-10,delta_time3_vs_time1,20,17,0.22932909021883366,"[-0.25, 0.62]",0.34495030542497873,0.9425493668730021,False
Eosin,IP-10,delta_time3_vs_time1,20,17,0.008769968472179427,"[-0.45, 0.46]",0.9715752903785672,0.9894847136257627,False
Basof,IP-10,delta_time3_vs_time1,20,17,0.11101289783055472,"[-0.36, 0.54]",0.6509478006045244,0.9644522494961175,False
Lactic acid,IP-10,delta_time3_vs_time1,20,17,0.13587679611698705,"[-0.34, 0.56]",0.5791357799647978,0.9644522494961175,False
Leuk,IL-7,delta_time3_vs_time1,20,17,-0.018050588436211407,"[-0.47, 0.44]",0.9415318714819696,0.9894847136257627,False
Eryt,IL-7,delta_time3_vs_time1,20,17,0.09830788142256533,"[-0.37, 0.53]",0.6888656036286867,0.9644522494961175,False
Hb,IL-7,delta_time3_vs_time1,20,17,-0.20411488580797302,"[-0.60, 0.28]",0.40192295236985875,0.9477480287900435,False
HKR,IL-7,delta_time3_vs_time1,20,17,0.26164410603536215,"[-0.22, 0.64]",0.2792328424695194,0.9425493668730021,False
MCV,IL-7,delta_time3_vs_time1,20,17,0.4701468810751525,"[0.02, 0.76]",0.042227377428078194,0.9337752128835201,False
MCH,IL-7,delta_time3_vs_time1,20,17,-0.398391648342998,"[-0.72, 0.07]",0.0911369861728364,0.9337752128835201,False
Trom,IL-7,delta_time3_vs_time1,20,17,-0.26109080667105594,"[-0.64, 0.22]",0.28028787809869665,0.9425493668730021,False
Neutr,IL-7,delta_time3_vs_time1,20,17,-0.07917799006458795,"[-0.51, 0.39]",0.747297659064841,0.9644522494961175,False
Lymfos,IL-7,delta_time3_vs_time1,20,17,-0.01813367127435089,"[-0.47, 0.44]",0.9412631969582186,0.9894847136257627,False
Monos,IL-7,delta_time3_vs_time1,20,17,0.10131482638884726,"[-0.37, 0.53]",0.679823014356832,0.9644522494961175,False
Eosin,IL-7,delta_time3_vs_time1,20,17,0.21095877518301245,"[-0.27, 0.61]",0.38597609819912526,0.9425493668730021,False
Basof,IL-7,delta_time3_vs_time1,20,17,-0.19371136180398507,"[-0.60, 0.29]",0.4268374857198226,0.9477480287900435,False
Lactic acid,IL-7,delta_time3_vs_time1,20,17,0.07000435780335428,"[-0.40, 0.51]",0.7758162676467044,0.9644522494961175,False
Leuk,Eotaxin,delta_time3_vs_time1,20,17,0.09906899585040131,"[-0.37, 0.53]",0.6865728755698393,0.9644522494961175,False
Eryt,Eotaxin,delta_time3_vs_time1,20,17,0.058669758285182234,"[-0.41, 0.50]",0.8114321868978036,0.9667197482717768,False
Hb,Eotaxin,delta_time3_vs_time1,20,17,-0.088010989565134,"[-0.52, 0.38]",0.7201314564462973,0.9644522494961175,False
HKR,Eotaxin,delta_time3_vs_time1,20,17,0.2473456402664111,"[-0.23, 0.63]",0.3072846898284273,0.9425493668730021,False
MCV,Eotaxin,delta_time3_vs_time1,20,17,0.6048526650354656,"[0.21, 0.83]",0.0060773912876005975,0.7064264882143139,False
MCH,Eotaxin,delta_time3_vs_time1,20,17,-0.2333614836397523,"[-0.62, 0.25]",0.33629710484990905,0.9425493668730021,False
Trom,Eotaxin,delta_time3_vs_time1,20,17,-0.11771743831338193,"[-0.54, 0.36]",0.6312572924341946,0.9644522494961175,False
Neutr,Eotaxin,delta_time3_vs_time1,20,17,0.21737562174877406,"[-0.26, 0.61]",0.3713488162170506,0.9425493668730021,False
Lymfos,Eotaxin,delta_time3_vs_time1,20,17,-0.25751028175827917,"[-0.64, 0.22]",0.2871746166599073,0.9425493668730021,False
Monos,Eotaxin,delta_time3_vs_time1,20,17,0.2187791912564484,"[-0.26, 0.61]",0.36819159430113824,0.9425493668730021,False
Eosin,Eotaxin,delta_time3_vs_time1,20,17,-0.01036820646629486,"[-0.46, 0.45]",0.966397744010714,0.9894847136257627,False
Basof,Eotaxin,delta_time3_vs_time1,20,17,-0.22503749944916063,"[-0.62, 0.26]",0.3542999001701266,0.9425493668730021,False
Lactic acid,Eotaxin,delta_time3_vs_time1,20,17,0.15263244771768425,"[-0.32, 0.57]",0.5327493672794122,0.9634406131587928,False
Leuk,IL-6,delta_time3_vs_time1,20,17,-0.008705431167748417,"[-0.46, 0.45]",0.9717843853741498,0.9894847136257627,False
Eryt,IL-6,delta_time3_vs_time1,20,17,0.09983319738581717,"[-0.37, 0.53]",0.684273481473145,0.9644522494961175,False
Hb,IL-6,delta_time3_vs_time1,20,17,0.05430717047233404,"[-0.41, 0.50]",0.825239542970251,0.9700954201937526,False
HKR,IL-6,delta_time3_vs_time1,20,17,0.1560555016535841,"[-0.32, 0.57]",0.5234883129013352,0.9612630278514728,False
MCV,IL-6,delta_time3_vs_time1,20,17,0.34312001040211043,"[-0.13, 0.69]",0.15038243429846654,0.9425493668730021,False
MCH,IL-6,delta_time3_vs_time1,20,17,0.04392100578404338,"[-0.42, 0.49]",0.8583025061892793,0.987941947228285,False
Trom,IL-6,delta_time3_vs_time1,20,17,-0.0770221710162861,"[-0.51, 0.39]",0.753972855646725,0.9644522494961175,False
Neutr,IL-6,delta_time3_vs_time1,20,17,0.06658504213481378,"[-0.40, 0.51]",0.7865188852122339,0.9644522494961175,False
Lymfos,IL-6,delta_time3_vs_time1,20,17,-0.18587893918415233,"[-0.59, 0.29]",0.4461203472734464,0.9477480287900435,False
Monos,IL-6,delta_time3_vs_time1,20,17,0.10858091385935453,"[-0.36, 0.54]",0.6581461913267423,0.9644522494961175,False
Eosin,IL-6,delta_time3_vs_time1,20,17,0.11925789584179333,"[-0.35, 0.54]",0.6267659347087786,0.9644522494961175,False
Basof,IL-6,delta_time3_vs_time1,20,17,-0.08749448647441217,"[-0.52, 0.38]",0.7217115216837932,0.9644522494961175,False
Lactic acid,IL-6,delta_time3_vs_time1,20,17,0.3995352497144247,"[-0.07, 0.72]",0.09012689360293613,0.9337752128835201,False
Leuk,IL-4,delta_time3_vs_time1,20,17,0.2012828208317229,"[-0.28, 0.60]",0.4086253217068907,0.9477480287900435,False
Eryt,IL-4,delta_time3_vs_time1,20,17,0.03751907256187141,"[-0.42, 0.48]",0.8787988507573334,0.9894847136257627,False
Hb,IL-4,delta_time3_vs_time1,20,17,0.05556915549194984,"[-0.41, 0.50]",0.8212401920626058,0.9679684397111247,False
HKR,IL-4,delta_time3_vs_time1,20,17,0.28138360988575906,"[-0.20, 0.65]",0.24320073834115494,0.9425493668730021,False
MCV,IL-4,delta_time3_vs_time1,20,17,0.24164903979560887,"[-0.24, 0.63]",0.318915779961094,0.9425493668730021,False
MCH,IL-4,delta_time3_vs_time1,20,17,-0.16912978619031466,"[-0.58, 0.31]",0.48882251727609116,0.9509238041071791,False
Trom,IL-4,delta_time3_vs_time1,20,17,-0.19557036641339334,"[-0.60, 0.28]",0.4223265808717599,0.9477480287900435,False
Neutr,IL-4,delta_time3_vs_time1,20,17,0.4985163624350924,"[0.06, 0.78]",0.029818166632382924,0.9337752128835201,False
Lymfos,IL-4,delta_time3_vs_time1,20,17,-0.2639928769346948,"[-0.64, 0.22]",0.27478153751607054,0.9425493668730021,False
Monos,IL-4,delta_time3_vs_time1,20,17,0.0941399195779159,"[-0.38, 0.53]",0.7014665148171082,0.9644522494961175,False
Eosin,IL-4,delta_time3_vs_time1,20,17,0.022425154787781957,"[-0.44, 0.47]",0.9273942284074397,0.9894847136257627,False
Basof,IL-4,delta_time3_vs_time1,20,17,-0.2191398546233844,"[-0.61, 0.26]",0.36738276901019973,0.9425493668730021,False
Lactic acid,IL-4,delta_time3_vs_time1,20,17,0.3753103154248484,"[-0.10, 0.71]",0.11333070190009943,0.9337752128835201,False
Leuk,MCP-1,delta_time3_vs_time1,20,17,0.2633136907292019,"[-0.22, 0.64]",0.2760641560004864,0.9425493668730021,False
Eryt,MCP-1,delta_time3_vs_time1,20,17,-0.07207903936280373,"[-0.51, 0.40]",0.769341094994758,0.9644522494961175,False
Hb,MCP-1,delta_time3_vs_time1,20,17,-0.13537728287593065,"[-0.56, 0.34]",0.5805445989305378,0.9644522494961175,False
HKR,MCP-1,delta_time3_vs_time1,20,17,0.020612733616597153,"[-0.44, 0.47]",0.9332492850132242,0.9894847136257627,False
MCV,MCP-1,delta_time3_vs_time1,20,17,0.3419508441639461,"[-0.13, 0.69]",0.15186886240778885,0.9425493668730021,False
MCH,MCP-1,delta_time3_vs_time1,20,17,0.16502818912812106,"[-0.31, 0.58]",0.49957508207505497,0.9598605059439675,False
Trom,MCP-1,delta_time3_vs_time1,20,17,-0.10005179508501227,"[-0.53, 0.37]",0.6836162340849055,0.9644522494961175,False
Neutr,MCP-1,delta_time3_vs_time1,20,17,0.2970119370177288,"[-0.18, 0.66]",0.21688473502563585,0.9425493668730021,False
Lymfos,MCP-1,delta_time3_vs_time1,20,17,-0.11351309491377377,"[-0.54, 0.36]",0.6435782177189944,0.9644522494961175,False
Monos,MCP-1,delta_time3_vs_time1,20,17,0.37179337044862454,"[-0.10, 0.71]",0.1170241146447804,0.9337752128835201,False
Eosin,MCP-1,delta_time3_vs_time1,20,17,0.15938298988492317,"[-0.32, 0.57]",0.5145584055600115,0.9612630278514728,False
Basof,MCP-1,delta_time3_vs_time1,20,17,0.12085936339148874,"[-0.35, 0.55]",0.6221099904209051,0.9644522494961175,False
Lactic acid,MCP-1,delta_time3_vs_time1,20,17,0.208454784153233,"[-0.27, 0.61]",0.39176940250697345,0.9462408519567338,False
Leuk,VEGF,delta_time3_vs_time1,20,17,0.18070634160908583,"[-0.30, 0.59]",0.45909739267562966,0.9477480287900435,False
Eryt,VEGF,delta_time3_vs_time1,20,17,0.1709904728244499,"[-0.31, 0.58]",0.483982295932019,0.9509238041071791,False
Hb,VEGF,delta_time3_vs_time1,20,17,0.029824175485064972,"[-0.43, 0.48]",0.9035316585197525,0.9894847136257627,False
HKR,VEGF,delta_time3_vs_time1,20,17,0.2536702809252608,"[-0.23, 0.63]",0.29467463427035606,0.9425493668730021,False
MCV,VEGF,delta_time3_vs_time1,20,17,0.36061504180060644,"[-0.11, 0.70]",0.1293320540387972,0.9337752128835201,False
MCH,VEGF,delta_time3_vs_time1,20,17,-0.12051363909320342,"[-0.54, 0.35]",0.6231139598583233,0.9644522494961175,False
Trom,VEGF,delta_time3_vs_time1,20,17,-0.11512964349635912,"[-0.54, 0.36]",0.6388301231190203,0.9644522494961175,False
Neutr,VEGF,delta_time3_vs_time1,20,17,0.3266761394833621,"[-0.15, 0.68]",0.17222788329675984,0.9425493668730021,False
Lymfos,VEGF,delta_time3_vs_time1,20,17,-0.3346852453432287,"[-0.68, 0.14]",0.16133403666091983,0.9425493668730021,False
Monos,VEGF,delta_time3_vs_time1,20,17,0.3769571300137488,"[-0.09, 0.71]",0.11163023452546474,0.9337752128835201,False
Eosin,VEGF,delta_time3_vs_time1,20,17,-0.06045874696933772,"[-0.50, 0.40]",0.8057852690594003,0.9662136450174988,False
Basof,VEGF,delta_time3_vs_time1,20,17,-0.1480454567480815,"[-0.56, 0.33]",0.5452762154888127,0.9634406131587928,False
Lactic acid,VEGF,delta_time3_vs_time1,20,17,0.3964200581334855,"[-0.07, 0.72]",0.09289776968718305,0.9337752128835201,False
Leuk,VCAM-1,delta_time4_vs_time1,20,17,-0.03595988500734877,"[-0.48, 0.43]",0.88380241755378,0.9815092174843486,False
Eryt,VCAM-1,delta_time4_vs_time1,20,17,0.2794225484830654,"[-0.20, 0.65]",0.2466406149880523,0.9218261979226439,False
Hb,VCAM-1,delta_time4_vs_time1,20,17,0.49851225613027567,"[0.06, 0.78]",0.029819728443428742,0.9218261979226439,False
HKR,VCAM-1,delta_time4_vs_time1,20,17,0.09092695588827011,"[-0.38, 0.52]",0.7112315785871064,0.9620960730516983,False
MCV,VCAM-1,delta_time4_vs_time1,20,17,-0.18934346381017986,"[-0.59, 0.29]",0.43753594675234375,0.9218261979226439,False
MCH,VCAM-1,delta_time4_vs_time1,20,17,0.26819675871062565,"[-0.21, 0.64]",0.26692505146678214,0.9218261979226439,False
Trom,VCAM-1,delta_time4_vs_time1,20,17,0.06888921464410401,"[-0.40, 0.51]",0.7793025676916095,0.9620960730516983,False
Neutr,VCAM-1,delta_time4_vs_time1,20,17,0.04658690319156573,"[-0.42, 0.49]",0.849792189649147,0.9620960730516983,False
Lymfos,VCAM-1,delta_time4_vs_time1,20,17,-0.16207476716542055,"[-0.57, 0.32]",0.507387610223766,0.930561509207073,False
Monos,VCAM-1,delta_time4_vs_time1,20,17,-0.21402497933404496,"[-0.61, 0.27]",0.3789472260591161,0.9218261979226439,False
Eosin,VCAM-1,delta_time4_vs_time1,20,17,-0.025874657174938424,"[-0.47, 0.43]",0.9162606561359183,0.9817844526816254,False
Basof,VCAM-1,delta_time4_vs_time1,20,17,-0.1735049890861414,"[-0.58, 0.30]",0.4774790040751823,0.9218261979226439,False
Lactic acid,VCAM-1,delta_time4_vs_time1,20,17,0.2291476405462736,"[-0.25, 0.62]",0.34534268749988006,0.9218261979226439,False
Leuk,MIP-1α,delta_time4_vs_time1,20,17,0.24225606741792893,"[-0.24, 0.63]",0.3176640795522071,0.9218261979226439,False
Eryt,MIP-1α,delta_time4_vs_time1,20,17,-0.23102908219774196,"[-0.62, 0.25]",0.3412866595377946,0.9218261979226439,False
Hb,MIP-1α,delta_time4_vs_time1,20,17,-0.11556120752226309,"[-0.54, 0.36]",0.6375648039573389,0.9553237131680501,False
HKR,MIP-1α,delta_time4_vs_time1,20,17,-0.21187202389320556,"[-0.61, 0.27]",0.3838750750067813,0.9218261979226439,False
MCV,MIP-1α,delta_time4_vs_time1,20,17,0.3137198889243565,"[-0.16, 0.67]",0.19088939185554193,0.9218261979226439,False
MCH,MIP-1α,delta_time4_vs_time1,20,17,0.20792782416891203,"[-0.27, 0.60]",0.39299466434218844,0.9218261979226439,False
Trom,MIP-1α,delta_time4_vs_time1,20,17,0.265833261294114,"[-0.21, 0.64]",0.2713246489425258,0.9218261979226439,False
Neutr,MIP-1α,delta_time4_vs_time1,20,17,0.02687705953359576,"[-0.43, 0.48]",0.9130280221582222,0.9817844526816254,False
Lymfos,MIP-1α,delta_time4_vs_time1,20,17,0.3306325250174582,"[-0.15, 0.68]",0.16678574796962897,0.9218261979226439,False
Monos,MIP-1α,delta_time4_vs_time1,20,17,0.3718345368809825,"[-0.10, 0.71]",0.11698039254623592,0.9218261979226439,False
Eosin,MIP-1α,delta_time4_vs_time1,20,17,0.2987946080137812,"[-0.18, 0.66]",0.21400635899933543,0.9218261979226439,False
Basof,MIP-1α,delta_time4_vs_time1,20,17,-0.2864487530254936,"[-0.66, 0.19]",0.23445838649033482,0.9218261979226439,False
Lactic acid,MIP-1α,delta_time4_vs_time1,20,17,0.0855200005190599,"[-0.38, 0.52]",0.7277616919774827,0.9620960730516983,False
Leuk,VEGF1,delta_time4_vs_time1,20,17,0.24545967677955832,"[-0.23, 0.63]",0.3111067503130136,0.9218261979226439,False
Eryt,VEGF1,delta_time4_vs_time1,20,17,-0.18716165555616193,"[-0.59, 0.29]",0.44293192307006246,0.9218261979226439,False
Hb,VEGF1,delta_time4_vs_time1,20,17,-0.19820963796317317,"[-0.60, 0.28]",0.415966184446535,0.9218261979226439,False
HKR,VEGF1,delta_time4_vs_time1,20,17,-0.17176051584916166,"[-0.58, 0.31]",0.48198611133296565,0.9218261979226439,False
MCV,VEGF1,delta_time4_vs_time1,20,17,0.1746111226888673,"[-0.30, 0.58]",0.47463203927640174,0.9218261979226439,False
MCH,VEGF1,delta_time4_vs_time1,20,17,-0.009271692199208155,"[-0.46, 0.45]",0.9699498126971644,0.9906388622355615,False
Trom,VEGF1,delta_time4_vs_time1,20,17,-0.1555611608433555,"[-0.57, 0.32]",0.524821096206495,0.9429712378994747,False
Neutr,VEGF1,delta_time4_vs_time1,20,17,0.25335713119816894,"[-0.23, 0.63]",0.2952914642584812,0.9218261979226439,False
Lymfos,VEGF1,delta_time4_vs_time1,20,17,-0.20033416898825362,"[-0.60, 0.28]",0.41088383590606703,0.9218261979226439,False
Monos,VEGF1,delta_time4_vs_time1,20,17,0.33280935059484373,"[-0.14, 0.68]",0.16384207788472804,0.9218261979226439,False
Eosin,VEGF1,delta_time4_vs_time1,20,17,0.12917132105742896,"[-0.35, 0.55]",0.5981679403608142,0.9525433259963757,False
Basof,VEGF1,delta_time4_vs_time1,20,17,0.012034938909793048,"[-0.44, 0.46]",0.9609996813899758,0.9883404517433902,False
Lactic acid,VEGF1,delta_time4_vs_time1,20,17,-0.043960406123047704,"[-0.49, 0.42]",0.8581766175863078,0.9627260532313402,False
Leuk,MDC,delta_time4_vs_time1,20,17,0.31644112820560427,"[-0.16, 0.67]",0.18686233090841842,0.9218261979226439,False
Eryt,MDC,delta_time4_vs_time1,20,17,-0.11868587286292734,"[-0.54, 0.35]",0.6284322684058685,0.9553237131680501,False
Hb,MDC,delta_time4_vs_time1,20,17,-0.01609858764046761,"[-0.47, 0.44]",0.9478459607310692,0.985320842691752,False
HKR,MDC,delta_time4_vs_time1,20,17,-0.2954137735942161,"[-0.66, 0.18]",0.21948660320353192,0.9218261979226439,False
MCV,MDC,delta_time4_vs_time1,20,17,-0.053309058181153744,"[-0.50, 0.41]",0.8284055824908718,0.9620960730516983,False
MCH,MDC,delta_time4_vs_time1,20,17,0.3448101455476476,"[-0.13, 0.69]",0.14825152157858662,0.9218261979226439,False
Trom,MDC,delta_time4_vs_time1,20,17,0.12875338683089915,"[-0.35, 0.55]",0.5993626498186354,0.9525433259963757,False
Neutr,MDC,delta_time4_vs_time1,20,17,0.30577017776336013,"[-0.17, 0.67]",0.202984571193877,0.9218261979226439,False
Lymfos,MDC,delta_time4_vs_time1,20,17,0.16466873887645483,"[-0.31, 0.58]",0.5005228033768963,0.927951467987821,False
Monos,MDC,delta_time4_vs_time1,20,17,0.4641565302902431,"[0.01, 0.76]",0.045291852090075004,0.9218261979226439,False
Eosin,MDC,delta_time4_vs_time1,20,17,0.13200473498319465,"[-0.34, 0.55]",0.5900943854580634,0.9525433259963757,False
Basof,MDC,delta_time4_vs_time1,20,17,-0.053591633520519016,"[-0.50, 0.41]",0.8275089865310512,0.9620960730516983,False
Lactic acid,MDC,delta_time4_vs_time1,20,17,0.2678082830090623,"[-0.21, 0.64]",0.2676451105521578,0.9218261979226439,False
Leuk,SAA,delta_time4_vs_time1,20,17,0.24900912625863794,"[-0.23, 0.63]",0.3039370536579374,0.9218261979226439,False
Eryt,SAA,delta_time4_vs_time1,20,17,0.10367621205694007,"[-0.37, 0.53]",0.6727509199373247,0.9620960730516983,False
Hb,SAA,delta_time4_vs_time1,20,17,0.12195090254381652,"[-0.35, 0.55]",0.6189444011140093,0.9553237131680501,False
HKR,SAA,delta_time4_vs_time1,20,17,-0.0883811803475365,"[-0.52, 0.38]",0.7189996513070027,0.9620960730516983,False
MCV,SAA,delta_time4_vs_time1,20,17,0.16745986552613518,"[-0.31, 0.58]",0.4931865780118052,0.9251268426486761,False
MCH,SAA,delta_time4_vs_time1,20,17,0.18808443097109886,"[-0.29, 0.59]",0.4406455400664262,0.9218261979226439,False
Trom,SAA,delta_time4_vs_time1,20,17,0.058913136579009706,"[-0.41, 0.50]",0.8106634362333409,0.9620960730516983,False
Neutr,SAA,delta_time4_vs_time1,20,17,0.19393298627504987,"[-0.29, 0.60]",0.42629837510132207,0.9218261979226439,False
Lymfos,SAA,delta_time4_vs_time1,20,17,0.03057762147373344,"[-0.43, 0.48]",0.9011058236059497,0.9817844526816254,False
Monos,SAA,delta_time4_vs_time1,20,17,-0.05464311433925145,"[-0.50, 0.41]",0.8241744980555574,0.9620960730516983,False
Eosin,SAA,delta_time4_vs_time1,20,17,-0.16937526766465222,"[-0.58, 0.31]",0.48818259045216095,0.9221226708540817,False
Basof,SAA,delta_time4_vs_time1,20,17,0.012568467102850893,"[-0.44, 0.46]",0.9592720708444865,0.9883404517433902,False
Lactic acid,SAA,delta_time4_vs_time1,20,17,-0.19803453925769862,"[-0.60, 0.28]",0.4163865570250279,0.9218261979226439,False
Leuk,IL-8,delta_time4_vs_time1,20,17,-0.10615894693111687,"[-0.53, 0.37]",0.6653436659434346,0.9620960730516983,False
Eryt,IL-8,delta_time4_vs_time1,20,17,-0.26803446452158247,"[-0.64, 0.21]",0.2672257244947271,0.9218261979226439,False
Hb,IL-8,delta_time4_vs_time1,20,17,-0.3436683789554897,"[-0.69, 0.13]",0.14968874418116052,0.9218261979226439,False
HKR,IL-8,delta_time4_vs_time1,20,17,-0.19904689955187516,"[-0.60, 0.28]",0.41395925738087036,0.9218261979226439,False
MCV,IL-8,delta_time4_vs_time1,20,17,0.24454944561122818,"[-0.24, 0.63]",0.31296155291674377,0.9218261979226439,False
MCH,IL-8,delta_time4_vs_time1,20,17,0.058354471287075146,"[-0.41, 0.50]",0.8124283187092229,0.9620960730516983,False
Trom,IL-8,delta_time4_vs_time1,20,17,-0.17872018249579769,"[-0.59, 0.30]",0.464130788170535,0.9218261979226439,False
Neutr,IL-8,delta_time4_vs_time1,20,17,-0.162481113466906,"[-0.57, 0.31]",0.5063092784798393,0.930561509207073,False
Lymfos,IL-8,delta_time4_vs_time1,20,17,0.02575757575757576,"[-0.43, 0.47]",0.916638313460908,0.9817844526816254,False
Monos,IL-8,delta_time4_vs_time1,20,17,0.21844249802980778,"[-0.26, 0.61]",0.3689475720474813,0.9218261979226439,False
Eosin,IL-8,delta_time4_vs_time1,20,17,0.16716499828270748,"[-0.31, 0.58]",0.49395912865404423,0.9251268426486761,False
Basof,IL-8,delta_time4_vs_time1,20,17,0.05552323485190836,"[-0.41, 0.50]",0.8213856455631207,0.9620960730516983,False
Lactic acid,IL-8,delta_time4_vs_time1,20,17,-0.1350371619120535,"[-0.56, 0.34]",0.5815047042575765,0.9512927931217564,False
Leuk,IL-16,delta_time4_vs_time1,20,17,0.3569795255974009,"[-0.12, 0.70]",0.1335245877089803,0.9218261979226439,False
Eryt,IL-16,delta_time4_vs_time1,20,17,-0.018841362710445533,"[-0.47, 0.44]",0.9389749028340502,0.985320842691752,False
Hb,IL-16,delta_time4_vs_time1,20,17,0.10307780784896016,"[-0.37, 0.53]",0.6745406171786467,0.9620960730516983,False
HKR,IL-16,delta_time4_vs_time1,20,17,-0.1488074323046809,"[-0.56, 0.33]",0.5431861371519913,0.9474558693073392,False
MCV,IL-16,delta_time4_vs_time1,20,17,-0.08516822078783966,"[-0.52, 0.38]",0.7288412381127922,0.9620960730516983,False
MCH,IL-16,delta_time4_vs_time1,20,17,0.3336894587910274,"[-0.14, 0.68]",0.162662086601937,0.9218261979226439,False
Trom,IL-16,delta_time4_vs_time1,20,17,0.3892036480254293,"[-0.08, 0.72]",0.09955423517499128,0.9218261979226439,False
Neutr,IL-16,delta_time4_vs_time1,20,17,0.5740740740740745,"[0.16, 0.82]",0.010159416153796121,0.9218261979226439,False
Lymfos,IL-16,delta_time4_vs_time1,20,17,-0.2579597059165311,"[-0.64, 0.22]",0.2863045572731082,0.9218261979226439,False
Monos,IL-16,delta_time4_vs_time1,20,17,-0.045499485289984154,"[-0.49, 0.42]",0.85326167564766,0.9620960730516983,False
Eosin,IL-16,delta_time4_vs_time1,20,17,-0.4982147354373662,"[-0.78, -0.06]",0.029933058776015934,0.9218261979226439,False
Basof,IL-16,delta_time4_vs_time1,20,17,-0.1771057581338757,"[-0.58, 0.30]",0.4682425816228083,0.9218261979226439,False
Lactic acid,IL-16,delta_time4_vs_time1,20,17,0.2858548878811469,"[-0.19, 0.66]",0.2354727767200758,0.9218261979226439,False
Leuk,TNF-α,delta_time4_vs_time1,20,17,-0.17097225217574455,"[-0.58, 0.31]",0.4840295786484824,0.9218261979226439,False
Eryt,TNF-α,delta_time4_vs_time1,20,17,0.24366286438529744,"[-0.24, 0.63]",0.314774507209951,0.9218261979226439,False
Hb,TNF-α,delta_time4_vs_time1,20,17,0.37301083055112627,"[-0.10, 0.71]",0.11573598916427696,0.9218261979226439,False
HKR,TNF-α,delta_time4_vs_time1,20,17,0.19319354809113123,"[-0.29, 0.60]",0.42809849486182305,0.9218261979226439,False
MCV,TNF-α,delta_time4_vs_time1,20,17,-0.41018199921651693,"[-0.73, 0.05]",0.08111219379527401,0.9218261979226439,False
MCH,TNF-α,delta_time4_vs_time1,20,17,0.11275743079316265,"[-0.36, 0.54]",0.6458022963571939,0.9553237131680501,False
Trom,TNF-α,delta_time4_vs_time1,20,17,-0.3073699115037101,"[-0.67, 0.17]",0.20051088732593805,0.9218261979226439,False
Neutr,TNF-α,delta_time4_vs_time1,20,17,-0.0565240881313355,"[-0.50, 0.41]",0.8182167177629945,0.9620960730516983,False
Lymfos,TNF-α,delta_time4_vs_time1,20,17,-0.04647996494593929,"[-0.49, 0.42]",0.850133267784945,0.9620960730516983,False
Monos,TNF-α,delta_time4_vs_time1,20,17,0.10003108873677392,"[-0.37, 0.53]",0.6836784815548669,0.9620960730516983,False
Eosin,TNF-α,delta_time4_vs_time1,20,17,0.4449065249033709,"[-0.01, 0.75]",0.056299905053075194,0.9218261979226439,False
Basof,TNF-α,delta_time4_vs_time1,20,17,-0.13365580878580527,"[-0.55, 0.34]",0.5854109496133886,0.9512927931217564,False
Lactic acid,TNF-α,delta_time4_vs_time1,20,17,0.21857989787588522,"[-0.26, 0.61]",0.36863896212794156,0.9218261979226439,False
Leuk,MCP-4,delta_time4_vs_time1,20,17,0.05871023996321068,"[-0.41, 0.50]",0.8113043073363935,0.9620960730516983,False
Eryt,MCP-4,delta_time4_vs_time1,20,17,-0.32035257324291533,"[-0.68, 0.16]",0.18117440429076603,0.9218261979226439,False
Hb,MCP-4,delta_time4_vs_time1,20,17,-0.31897289055353073,"[-0.68, 0.16]",0.18316721065818248,0.9218261979226439,False
HKR,MCP-4,delta_time4_vs_time1,20,17,-0.29251564940227426,"[-0.66, 0.19]",0.22425657023693268,0.9218261979226439,False
MCV,MCP-4,delta_time4_vs_time1,20,17,0.29297074152927755,"[-0.19, 0.66]",0.22350312567111974,0.9218261979226439,False
MCH,MCP-4,delta_time4_vs_time1,20,17,0.13687953013767995,"[-0.34, 0.56]",0.5763120981486709,0.9512927931217564,False
Trom,MCP-4,delta_time4_vs_time1,20,17,-0.1920342101190529,"[-0.59, 0.29]",0.4309289085673488,0.9218261979226439,False
Neutr,MCP-4,delta_time4_vs_time1,20,17,-0.08511101270709855,"[-0.52, 0.38]",0.7290168452604742,0.9620960730516983,False
Lymfos,MCP-4,delta_time4_vs_time1,20,17,0.2105326168089047,"[-0.27, 0.61]",0.3869586980838461,0.9218261979226439,False
Monos,MCP-4,delta_time4_vs_time1,20,17,0.3366528023996412,"[-0.14, 0.69]",0.1587318719002909,0.9218261979226439,False
Eosin,MCP-4,delta_time4_vs_time1,20,17,0.26568460185356485,"[-0.21, 0.64]",0.2716028741964193,0.9218261979226439,False
Basof,MCP-4,delta_time4_vs_time1,20,17,0.08664552402216426,"[-0.38, 0.52]",0.7243109762393217,0.9620960730516983,False
Lactic acid,MCP-4,delta_time4_vs_time1,20,17,-0.23295403220928332,"[-0.62, 0.25]",0.3371656499003144,0.9218261979226439,False
Leuk,Tie-2,delta_time4_vs_time1,20,17,-0.1338065386054634,"[-0.55, 0.34]",0.5849841721379321,0.9512927931217564,False
Eryt,Tie-2,delta_time4_vs_time1,20,17,0.004034994232554447,"[-0.45, 0.46]",0.9869200299932618,0.9954648188828727,False
Hb,Tie-2,delta_time4_vs_time1,20,17,0.26458825503806765,"[-0.22, 0.64]",0.27366023310667775,0.9218261979226439,False
HKR,Tie-2,delta_time4_vs_time1,20,17,0.021408779806127567,"[-0.44, 0.47]",0.9306772232980408,0.985320842691752,False
MCV,Tie-2,delta_time4_vs_time1,20,17,-0.2957442242458923,"[-0.66, 0.18]",0.21894695642580758,0.9218261979226439,False
MCH,Tie-2,delta_time4_vs_time1,20,17,0.36804586860335053,"[-0.10, 0.70]",0.12105324078631156,0.9218261979226439,False
Trom,Tie-2,delta_time4_vs_time1,20,17,0.16019095729702654,"[-0.32, 0.57]",0.5124009964471907,0.9320215655541493,False
Neutr,Tie-2,delta_time4_vs_time1,20,17,0.11241674033296256,"[-0.36, 0.54]",0.6468059633617915,0.9553237131680501,False
Lymfos,Tie-2,delta_time4_vs_time1,20,17,-0.22917014785777526,"[-0.62, 0.25]",0.3452940017535646,0.9218261979226439,False
Monos,Tie-2,delta_time4_vs_time1,20,17,-0.2297478556512291,"[-0.62, 0.25]",0.34404571827150265,0.9218261979226439,False
Eosin,Tie-2,delta_time4_vs_time1,20,17,-0.08904641845894422,"[-0.52, 0.38]",0.7169671893215523,0.9620960730516983,False
Basof,Tie-2,delta_time4_vs_time1,20,17,-0.2910267045459065,"[-0.66, 0.19]",0.22673316051584758,0.9218261979226439,False
Lactic acid,Tie-2,delta_time4_vs_time1,20,17,0.5688722484664375,"[0.15, 0.81]",0.011028641956251225,0.9218261979226439,False
Leuk,Flt-1,delta_time4_vs_time1,20,17,0.302476473545694,"[-0.18, 0.67]",0.20814100233394855,0.9218261979226439,False
Eryt,Flt-1,delta_time4_vs_time1,20,17,-0.14157588397791426,"[-0.56, 0.33]",0.5631665434418893,0.9512927931217564,False
Hb,Flt-1,delta_time4_vs_time1,20,17,-0.17781863944221205,"[-0.58, 0.30]",0.46642468180108965,0.9218261979226439,False
HKR,Flt-1,delta_time4_vs_time1,20,17,0.003949329555917222,"[-0.45, 0.46]",0.9871977015357729,0.9954648188828727,False
MCV,Flt-1,delta_time4_vs_time1,20,17,0.32037551256459185,"[-0.16, 0.68]",0.18114139491188422,0.9218261979226439,False
MCH,Flt-1,delta_time4_vs_time1,20,17,-0.17169713595976585,"[-0.58, 0.31]",0.48215025738536654,0.9218261979226439,False
Trom,Flt-1,delta_time4_vs_time1,20,17,-0.23355605866017054,"[-0.62, 0.25]",0.33588280024529193,0.9218261979226439,False
Neutr,Flt-1,delta_time4_vs_time1,20,17,0.19090888579677373,"[-0.29, 0.59]",0.4336856841054264,0.9218261979226439,False
Lymfos,Flt-1,delta_time4_vs_time1,20,17,0.018338079774720482,"[-0.44, 0.47]",0.9406022036057621,0.985320842691752,False
Monos,Flt-1,delta_time4_vs_time1,20,17,0.28481931993512377,"[-0.19, 0.65]",0.23724838536307954,0.9218261979226439,False
Eosin,Flt-1,delta_time4_vs_time1,20,17,0.13938774758361464,"[-0.34, 0.56]",0.5692749885404498,0.9512927931217564,False
Basof,Flt-1,delta_time4_vs_time1,20,17,-0.29542518260061423,"[-0.66, 0.18]",0.2194679571361572,0.9218261979226439,False
Lactic acid,Flt-1,delta_time4_vs_time1,20,17,0.04240701849177777,"[-0.42, 0.49]",0.8631423222747392,0.9658453327732525,False
Leuk,MIP-1β,delta_time4_vs_time1,20,17,0.14662138459084179,"[-0.33, 0.56]",0.5491920987946389,0.9474558693073392,False
Eryt,MIP-1β,delta_time4_vs_time1,20,17,-0.08349818966964861,"[-0.52, 0.39]",0.7339728883625984,0.9620960730516983,False
Hb,MIP-1β,delta_time4_vs_time1,20,17,0.028322197153390235,"[-0.43, 0.48]",0.9083699301581891,0.9817844526816254,False
HKR,MIP-1β,delta_time4_vs_time1,20,17,-0.27463761574380274,"[-0.65, 0.21]",0.255163135359414,0.9218261979226439,False
MCV,MIP-1β,delta_time4_vs_time1,20,17,-0.059790249841116326,"[-0.50, 0.41]",0.8078943096544879,0.9620960730516983,False
MCH,MIP-1β,delta_time4_vs_time1,20,17,0.3498365167975164,"[-0.12, 0.69]",0.1420383039157479,0.9218261979226439,False
Trom,MIP-1β,delta_time4_vs_time1,20,17,0.21904599774491368,"[-0.26, 0.61]",0.36759315599678777,0.9218261979226439,False
Neutr,MIP-1β,delta_time4_vs_time1,20,17,0.2228526411405073,"[-0.26, 0.61]",0.3591150774085181,0.9218261979226439,False
Lymfos,MIP-1β,delta_time4_vs_time1,20,17,-0.06320659780932882,"[-0.50, 0.40]",0.7971297000955266,0.9620960730516983,False
Monos,MIP-1β,delta_time4_vs_time1,20,17,0.2502134709342951,"[-0.23, 0.63]",0.30152719557200214,0.9218261979226439,False
Eosin,MIP-1β,delta_time4_vs_time1,20,17,-0.032830843436787195,"[-0.48, 0.43]",0.8938563167636899,0.9817844526816254,False
Basof,MIP-1β,delta_time4_vs_time1,20,17,0.04679661008819814,"[-0.42, 0.49]",0.8491234064561775,0.9620960730516983,False
Lactic acid,MIP-1β,delta_time4_vs_time1,20,17,0.14913601053917386,"[-0.33, 0.57]",0.5422859760086831,0.9474558693073392,False
Leuk,IL-12p70,delta_time4_vs_time1,20,17,-0.2241236649896111,"[-0.62, 0.26]",0.3563093597305499,0.9218261979226439,False
Eryt,IL-12p70,delta_time4_vs_time1,20,17,0.34437992237994114,"[-0.13, 0.69]",0.14879194551076136,0.9218261979226439,False
Hb,IL-12p70,delta_time4_vs_time1,20,17,0.40858945858371976,"[-0.06, 0.73]",0.08241649205104308,0.9218261979226439,False
HKR,IL-12p70,delta_time4_vs_time1,20,17,0.5063846208783667,"[0.07, 0.78]",0.026940702872082736,0.9218261979226439,False
MCV,IL-12p70,delta_time4_vs_time1,20,17,-0.1225304298164935,"[-0.55, 0.35]",0.6172663072531785,0.9553237131680501,False
MCH,IL-12p70,delta_time4_vs_time1,20,17,-0.17580298533057231,"[-0.58, 0.30]",0.47157393396668723,0.9218261979226439,False
Trom,IL-12p70,delta_time4_vs_time1,20,17,-0.00867392087585026,"[-0.46, 0.45]",0.97188647649457,0.9906388622355615,False
Neutr,IL-12p70,delta_time4_vs_time1,20,17,0.0069854957051323045,"[-0.45, 0.46]",0.9773574279879924,0.9930850187832015,False
Lymfos,IL-12p70,delta_time4_vs_time1,20,17,-0.3617409152959858,"[-0.70, 0.11]",0.12805272450426322,0.9218261979226439,False
Monos,IL-12p70,delta_time4_vs_time1,20,17,-0.18367891214963047,"[-0.59, 0.30]",0.4516164416177827,0.9218261979226439,False
Eosin,IL-12p70,delta_time4_vs_time1,20,17,0.09332496349757953,"[-0.38, 0.53]",0.703939218124108,0.9620960730516983,False
Basof,IL-12p70,delta_time4_vs_time1,20,17,-0.3666807658728274,"[-0.70, 0.11]",0.12254512341416612,0.9218261979226439,False
Lactic acid,IL-12p70,delta_time4_vs_time1,20,17,0.39388075756681024,"[-0.07, 0.72]",0.09520192473831499,0.9218261979226439,False
Leuk,CRP,delta_time4_vs_time1,20,17,0.0918278244052724,"[-0.38, 0.52]",0.7084891747553785,0.9620960730516983,False
Eryt,CRP,delta_time4_vs_time1,20,17,0.21373665023401103,"[-0.27, 0.61]",0.37960511607504144,0.9218261979226439,False
Hb,CRP,delta_time4_vs_time1,20,17,0.2707418736910648,"[-0.21, 0.65]",0.2622375224012621,0.9218261979226439,False
HKR,CRP,delta_time4_vs_time1,20,17,0.13675761375770715,"[-0.34, 0.56]",0.576655097200284,0.9512927931217564,False
MCV,CRP,delta_time4_vs_time1,20,17,0.2893467130291396,"[-0.19, 0.66]",0.22954871502615146,0.9218261979226439,False
MCH,CRP,delta_time4_vs_time1,20,17,0.12262662460911555,"[-0.35, 0.55]",0.6169879384983793,0.9553237131680501,False
Trom,CRP,delta_time4_vs_time1,20,17,0.15614117719811718,"[-0.32, 0.57]",0.523257485150412,0.9429712378994747,False
Neutr,CRP,delta_time4_vs_time1,20,17,0.08787088511776428,"[-0.38, 0.52]",0.7205599512279929,0.9620960730516983,False
Lymfos,CRP,delta_time4_vs_time1,20,17,-0.0033822215388632742,"[-0.46, 0.45]",0.9890359467156583,0.9954648188828727,False
Monos,CRP,delta_time4_vs_time1,20,17,-0.21713304439887485,"[-0.61, 0.26]",0.37189601706026654,0.9218261979226439,False
Eosin,CRP,delta_time4_vs_time1,20,17,-0.24538927297545518,"[-0.63, 0.24]",0.31124997848963637,0.9218261979226439,False
Basof,CRP,delta_time4_vs_time1,20,17,-0.2399610810273337,"[-0.63, 0.24]",0.32241176553166107,0.9218261979226439,False
Lactic acid,CRP,delta_time4_vs_time1,20,17,-0.13770276766612122,"[-0.56, 0.34]",0.5739982978459686,0.9512927931217564,False
Leuk,IFN-γ,delta_time4_vs_time1,20,17,0.14208588633918187,"[-0.33, 0.56]",0.5617469511305457,0.9512927931217564,False
Eryt,IFN-γ,delta_time4_vs_time1,20,17,0.2275108202049728,"[-0.25, 0.62]",0.3488939565464513,0.9218261979226439,False
Hb,IFN-γ,delta_time4_vs_time1,20,17,0.1757238260952902,"[-0.30, 0.58]",0.4717767357790539,0.9218261979226439,False
HKR,IFN-γ,delta_time4_vs_time1,20,17,0.19726403638983853,"[-0.28, 0.60]",0.41823906446014136,0.9218261979226439,False
MCV,IFN-γ,delta_time4_vs_time1,20,17,0.02484268544984534,"[-0.43, 0.47]",0.9195899624664998,0.9817844526816254,False
MCH,IFN-γ,delta_time4_vs_time1,20,17,-0.17624644491478117,"[-0.58, 0.30]",0.4704386218421198,0.9218261979226439,False
Trom,IFN-γ,delta_time4_vs_time1,20,17,-0.46170571187267906,"[-0.76, -0.01]",0.04659352516434578,0.9218261979226439,False
Neutr,IFN-γ,delta_time4_vs_time1,20,17,0.08187983170483754,"[-0.39, 0.52]",0.7389560833663376,0.9620960730516983,False
Lymfos,IFN-γ,delta_time4_vs_time1,20,17,0.2856719357487505,"[-0.19, 0.65]",0.23578584759199045,0.9218261979226439,False
Monos,IFN-γ,delta_time4_vs_time1,20,17,0.25297072689634126,"[-0.23, 0.63]",0.29605367003989785,0.9218261979226439,False
Eosin,IFN-γ,delta_time4_vs_time1,20,17,0.24606885642748294,"[-0.23, 0.63]",0.3098690965222939,0.9218261979226439,False
Basof,IFN-γ,delta_time4_vs_time1,20,17,-0.4906931270789506,"[-0.77, -0.05]",0.03291145118618744,0.9218261979226439,False
Lactic acid,IFN-γ,delta_time4_vs_time1,20,17,0.19012618524706631,"[-0.29, 0.59]",0.4356085605157385,0.9218261979226439,False
Leuk,VEGF-C,delta_time4_vs_time1,20,17,0.3478065814646289,"[-0.13, 0.69]",0.14452529139751336,0.9218261979226439,False
Eryt,VEGF-C,delta_time4_vs_time1,20,17,-0.2575371153732369,"[-0.64, 0.22]",0.2871226228670701,0.9218261979226439,False
Hb,VEGF-C,delta_time4_vs_time1,20,17,-0.30420308879318814,"[-0.67, 0.17]",0.20542726796855373,0.9218261979226439,False
HKR,VEGF-C,delta_time4_vs_time1,20,17,-0.1822960882145408,"[-0.59, 0.30]",0.455088719912754,0.9218261979226439,False
MCV,VEGF-C,delta_time4_vs_time1,20,17,0.07864777430261922,"[-0.39, 0.51]",0.7489378228650412,0.9620960730516983,False
MCH,VEGF-C,delta_time4_vs_time1,20,17,0.12461056216955899,"[-0.35, 0.55]",0.6112580102792109,0.9553237131680501,False
Trom,VEGF-C,delta_time4_vs_time1,20,17,0.07673607905879239,"[-0.39, 0.51]",0.7548599679715964,0.9620960730516983,False
Neutr,VEGF-C,delta_time4_vs_time1,20,17,0.36340081012590986,"[-0.11, 0.70]",0.12618292310245208,0.9218261979226439,False
Lymfos,VEGF-C,delta_time4_vs_time1,20,17,-0.128088250016649,"[-0.55, 0.35]",0.6012660360927349,0.9525433259963757,False
Monos,VEGF-C,delta_time4_vs_time1,20,17,0.2350664817642356,"[-0.25, 0.62]",0.3326768477313141,0.9218261979226439,False
Eosin,VEGF-C,delta_time4_vs_time1,20,17,-0.05508049846551358,"[-0.50, 0.41]",0.8227882974432157,0.9620960730516983,False
Basof,VEGF-C,delta_time4_vs_time1,20,17,0.09956904517598349,"[-0.37, 0.53]",0.6850679854341266,0.9620960730516983,False
Lactic acid,VEGF-C,delta_time4_vs_time1,20,17,-0.029227210775340868,"[-0.48, 0.43]",0.9054542601448812,0.9817844526816254,False
Leuk,PlGF,delta_time4_vs_time1,20,17,0.16055420074148624,"[-0.32, 0.57]",0.5114324737571418,0.9320215655541493,False
Eryt,PlGF,delta_time4_vs_time1,20,17,-0.01569399971741209,"[-0.47, 0.44]",0.9491550558461095,0.985320842691752,False
Hb,PlGF,delta_time4_vs_time1,20,17,0.1286260891273727,"[-0.35, 0.55]",0.5997267388651526,0.9525433259963757,False
HKR,PlGF,delta_time4_vs_time1,20,17,-0.1731854640068656,"[-0.58, 0.31]",0.4783029739931747,0.9218261979226439,False
MCV,PlGF,delta_time4_vs_time1,20,17,-0.22533474238274975,"[-0.62, 0.25]",0.3536476878661515,0.9218261979226439,False
MCH,PlGF,delta_time4_vs_time1,20,17,0.308715487454606,"[-0.17, 0.67]",0.19844574947143773,0.9218261979226439,False
Trom,PlGF,delta_time4_vs_time1,20,17,0.20922425360021085,"[-0.27, 0.61]",0.38998405779038614,0.9218261979226439,False
Neutr,PlGF,delta_time4_vs_time1,20,17,0.32521221218762036,"[-0.15, 0.68]",0.17427178338321164,0.9218261979226439,False
Lymfos,PlGF,delta_time4_vs_time1,20,17,-0.18225472069821175,"[-0.59, 0.30]",0.4551928038757186,0.9218261979226439,False
Monos,PlGF,delta_time4_vs_time1,20,17,0.17604209533138418,"[-0.30, 0.58]",0.47096161196173203,0.9218261979226439,False
Eosin,PlGF,delta_time4_vs_time1,20,17,-0.049257924507276146,"[-0.49, 0.41]",0.8412814362433461,0.9620960730516983,False
Basof,PlGF,delta_time4_vs_time1,20,17,0.06550088541396813,"[-0.40, 0.50]",0.7899201098672755,0.9620960730516983,False
Lactic acid,PlGF,delta_time4_vs_time1,20,17,0.3439085810829796,"[-0.13, 0.69]",0.14938558613517883,0.9218261979226439,False
Leuk,IL-13,delta_time4_vs_time1,20,17,-0.4168884632728574,"[-0.73, 0.05]",0.07578603501085661,0.9218261979226439,False
Eryt,IL-13,delta_time4_vs_time1,20,17,0.22323313917874169,"[-0.26, 0.62]",0.35827382870199387,0.9218261979226439,False
Hb,IL-13,delta_time4_vs_time1,20,17,0.2953155426177261,"[-0.18, 0.66]",0.219647187643925,0.9218261979226439,False
HKR,IL-13,delta_time4_vs_time1,20,17,0.32863120172556404,"[-0.15, 0.68]",0.16952375968364172,0.9218261979226439,False
MCV,IL-13,delta_time4_vs_time1,20,17,-0.08610751241677397,"[-0.52, 0.38]",0.725959822835792,0.9620960730516983,False
MCH,IL-13,delta_time4_vs_time1,20,17,-0.09398536685930411,"[-0.53, 0.38]",0.7019352319540957,0.9620960730516983,False
Trom,IL-13,delta_time4_vs_time1,20,17,-0.10424767867457697,"[-0.53, 0.37]",0.6710433579517618,0.9620960730516983,False
Neutr,IL-13,delta_time4_vs_time1,20,17,-0.302122689246984,"[-0.67, 0.18]",0.20869994750257553,0.9218261979226439,False
Lymfos,IL-13,delta_time4_vs_time1,20,17,-0.19429752218954705,"[-0.60, 0.29]",0.42541241192409573,0.9218261979226439,False
Monos,IL-13,delta_time4_vs_time1,20,17,-0.17130162696434542,"[-0.58, 0.31]",0.4831752001177715,0.9218261979226439,False
Eosin,IL-13,delta_time4_vs_time1,20,17,0.27724421169848923,"[-0.20, 0.65]",0.2504977271193958,0.9218261979226439,False
Basof,IL-13,delta_time4_vs_time1,20,17,-0.4245677397813228,"[-0.74, 0.04]",0.07001056307388588,0.9218261979226439,False
Lactic acid,IL-13,delta_time4_vs_time1,20,17,0.35788434389803186,"[-0.12, 0.70]",0.1324723300069467,0.9218261979226439,False
Leuk,ICAM-1,delta_time4_vs_time1,20,17,0.26615456534959997,"[-0.21, 0.64]",0.27072391481365937,0.9218261979226439,False
Eryt,ICAM-1,delta_time4_vs_time1,20,17,0.0455531989519418,"[-0.42, 0.49]",0.8530902372040834,0.9620960730516983,False
Hb,ICAM-1,delta_time4_vs_time1,20,17,0.15138979977188327,"[-0.33, 0.57]",0.5361298640494174,0.9474558693073392,False
HKR,ICAM-1,delta_time4_vs_time1,20,17,-0.08125155118479702,"[-0.52, 0.39]",0.7408933638845085,0.9620960730516983,False
MCV,ICAM-1,delta_time4_vs_time1,20,17,-0.001837516206247065,"[-0.46, 0.45]",0.9940432548643124,0.9954648188828727,False
MCH,ICAM-1,delta_time4_vs_time1,20,17,0.2724251625518788,"[-0.21, 0.65]",0.25916584861708764,0.9218261979226439,False
Trom,ICAM-1,delta_time4_vs_time1,20,17,0.10868281947187414,"[-0.36, 0.54]",0.6578439783761738,0.9620960730516983,False
Neutr,ICAM-1,delta_time4_vs_time1,20,17,0.2825188990169982,"[-0.20, 0.65]",0.24122340982517235,0.9218261979226439,False
Lymfos,ICAM-1,delta_time4_vs_time1,20,17,0.015540078608132423,"[-0.44, 0.47]",0.949653119879381,0.985320842691752,False
Monos,ICAM-1,delta_time4_vs_time1,20,17,-0.09686948058213195,"[-0.53, 0.37]",0.6932056272346467,0.9620960730516983,False
Eosin,ICAM-1,delta_time4_vs_time1,20,17,-0.21174714100659137,"[-0.61, 0.27]",0.38416200498880304,0.9218261979226439,False
Basof,ICAM-1,delta_time4_vs_time1,20,17,-0.03796475910376414,"[-0.48, 0.42]",0.8773694041831103,0.9768193366471908,False
Lactic acid,ICAM-1,delta_time4_vs_time1,20,17,0.0013989920740881858,"[-0.45, 0.46]",0.9954648188828727,0.9954648188828727,False
Leuk,IL-10,delta_time4_vs_time1,20,17,-0.011458959129378112,"[-0.46, 0.45]",0.9628649404529916,0.9883404517433902,False
Eryt,IL-10,delta_time4_vs_time1,20,17,0.2340292823213382,"[-0.25, 0.62]",0.33487642116088023,0.9218261979226439,False
Hb,IL-10,delta_time4_vs_time1,20,17,0.17566579204209262,"[-0.30, 0.58]",0.4719254437252245,0.9218261979226439,False
HKR,IL-10,delta_time4_vs_time1,20,17,0.4285164070195587,"[-0.03, 0.74]",0.06717174268886636,0.9218261979226439,False
MCV,IL-10,delta_time4_vs_time1,20,17,0.05926503938238978,"[-0.41, 0.50]",0.8095521864460654,0.9620960730516983,False
MCH,IL-10,delta_time4_vs_time1,20,17,-0.20530643397124684,"[-0.60, 0.27]",0.39912105454813773,0.9218261979226439,False
Trom,IL-10,delta_time4_vs_time1,20,17,-0.24439095912528028,"[-0.63, 0.24]",0.31328517972402004,0.9218261979226439,False
Neutr,IL-10,delta_time4_vs_time1,20,17,0.1001402946876851,"[-0.37, 0.53]",0.6833502084094308,0.9620960730516983,False
Lymfos,IL-10,delta_time4_vs_time1,20,17,0.018116060938618034,"[-0.44, 0.47]",0.9413201450187992,0.985320842691752,False
Monos,IL-10,delta_time4_vs_time1,20,17,-0.18279652955622303,"[-0.59, 0.30]",0.4538305348704601,0.9218261979226439,False
Eosin,IL-10,delta_time4_vs_time1,20,17,0.05035190615143953,"[-0.41, 0.49]",0.8378004557722692,0.9620960730516983,False
Basof,IL-10,delta_time4_vs_time1,20,17,-0.5198494272406491,"[-0.79, -0.09]",0.022525472382643668,0.9218261979226439,False
Lactic acid,IL-10,delta_time4_vs_time1,20,17,0.31282591345286387,"[-0.16, 0.67]",0.1922249136235811,0.9218261979226439,False
Leuk,IL-15,delta_time4_vs_time1,20,17,0.1883201438500188,"[-0.29, 0.59]",0.4400624960186945,0.9218261979226439,False
Eryt,IL-15,delta_time4_vs_time1,20,17,-0.22376692990150068,"[-0.62, 0.26]",0.3570955630905813,0.9218261979226439,False
Hb,IL-15,delta_time4_vs_time1,20,17,-0.17925692848391211,"[-0.59, 0.30]",0.4627678025603158,0.9218261979226439,False
HKR,IL-15,delta_time4_vs_time1,20,17,-0.4167717313054403,"[-0.73, 0.05]",0.0758764661265377,0.9218261979226439,False
MCV,IL-15,delta_time4_vs_time1,20,17,-0.14616442509605135,"[-0.56, 0.33]",0.5504513009667524,0.9474558693073392,False
MCH,IL-15,delta_time4_vs_time1,20,17,0.42261016314741984,"[-0.04, 0.74]",0.07145061915633337,0.9218261979226439,False
Trom,IL-15,delta_time4_vs_time1,20,17,0.2865441316183128,"[-0.19, 0.66]",0.23429573130549763,0.9218261979226439,False
Neutr,IL-15,delta_time4_vs_time1,20,17,0.23203056421184873,"[-0.25, 0.62]",0.3391390060148075,0.9218261979226439,False
Lymfos,IL-15,delta_time4_vs_time1,20,17,0.046296957837342986,"[-0.42, 0.49]",0.8507170256601648,0.9620960730516983,False
Monos,IL-15,delta_time4_vs_time1,20,17,0.11156790492513789,"[-0.36, 0.54]",0.6493091524021237,0.9553237131680501,False
Eosin,IL-15,delta_time4_vs_time1,20,17,-0.11518258083671498,"[-0.54, 0.36]",0.6386748625916726,0.9553237131680501,False
Basof,IL-15,delta_time4_vs_time1,20,17,0.23140068599558156,"[-0.25, 0.62]",0.34048884339961827,0.9218261979226439,False
Lactic acid,IL-15,delta_time4_vs_time1,20,17,0.11518959540869704,"[-0.36, 0.54]",0.6386542905534134,0.9553237131680501,False
Leuk,IL-12/IL-23p40,delta_time4_vs_time1,20,17,0.19510112787963696,"[-0.28, 0.60]",0.42346279389770525,0.9218261979226439,False
Eryt,IL-12/IL-23p40,delta_time4_vs_time1,20,17,0.06530773910301718,"[-0.40, 0.50]",0.7905264336284394,0.9620960730516983,False
Hb,IL-12/IL-23p40,delta_time4_vs_time1,20,17,0.16441240626911552,"[-0.31, 0.58]",0.5011991748148488,0.927951467987821,False
HKR,IL-12/IL-23p40,delta_time4_vs_time1,20,17,-0.10404520594519115,"[-0.53, 0.37]",0.6716481774529716,0.9620960730516983,False
MCV,IL-12/IL-23p40,delta_time4_vs_time1,20,17,-0.2878661448159073,"[-0.66, 0.19]",0.23204869637882836,0.9218261979226439,False
MCH,IL-12/IL-23p40,delta_time4_vs_time1,20,17,0.20505358446454117,"[-0.27, 0.60]",0.3997147296924043,0.9218261979226439,False
Trom,IL-12/IL-23p40,delta_time4_vs_time1,20,17,0.11114043078191385,"[-0.36, 0.54]",0.6505711259357083,0.9553237131680501,False
Neutr,IL-12/IL-23p40,delta_time4_vs_time1,20,17,0.39671263470425333,"[-0.07, 0.72]",0.09263492189181172,0.9218261979226439,False
Lymfos,IL-12/IL-23p40,delta_time4_vs_time1,20,17,-0.237031979252697,"[-0.62, 0.24]",0.32853196449566,0.9218261979226439,False
Monos,IL-12/IL-23p40,delta_time4_vs_time1,20,17,0.18710066439787318,"[-0.29, 0.59]",0.44308325906657153,0.9218261979226439,False
Eosin,IL-12/IL-23p40,delta_time4_vs_time1,20,17,-0.07716225691334677,"[-0.51, 0.39]",0.7535385855852621,0.9620960730516983,False
Basof,IL-12/IL-23p40,delta_time4_vs_time1,20,17,-0.08959040704784947,"[-0.52, 0.38]",0.7153065254907709,0.9620960730516983,False
Lactic acid,IL-12/IL-23p40,delta_time4_vs_time1,20,17,0.5631429626019808,"[0.15, 0.81]",0.012054339015397118,0.9218261979226439,False
Leuk,GM-CSF,delta_time4_vs_time1,20,17,-0.0663493418319483,"[-0.51, 0.40]",0.7872580134097885,0.9620960730516983,False
Eryt,GM-CSF,delta_time4_vs_time1,20,17,0.017042653813511034,"[-0.44, 0.47]",0.9447918189289529,0.985320842691752,False
Hb,GM-CSF,delta_time4_vs_time1,20,17,0.285876611193916,"[-0.19, 0.66]",0.2354356211656392,0.9218261979226439,False
HKR,GM-CSF,delta_time4_vs_time1,20,17,-0.11747030137487731,"[-0.54, 0.36]",0.6319790030797685,0.9553237131680501,False
MCV,GM-CSF,delta_time4_vs_time1,20,17,-0.34666899432800585,"[-0.69, 0.13]",0.14593218401285432,0.9218261979226439,False
MCH,GM-CSF,delta_time4_vs_time1,20,17,0.4728724397400918,"[0.02, 0.76]",0.04088694364650864,0.9218261979226439,False
Trom,GM-CSF,delta_time4_vs_time1,20,17,0.39441695447348524,"[-0.07, 0.72]",0.09471195525497571,0.9218261979226439,False
Neutr,GM-CSF,delta_time4_vs_time1,20,17,0.18425693279752242,"[-0.29, 0.59]",0.45016907497249103,0.9218261979226439,False
Lymfos,GM-CSF,delta_time4_vs_time1,20,17,-0.19393939393939394,"[-0.60, 0.29]",0.4262827935639152,0.9218261979226439,False
Monos,GM-CSF,delta_time4_vs_time1,20,17,-0.2975883306493038,"[-0.66, 0.18]",0.2159513126464363,0.9218261979226439,False
Eosin,GM-CSF,delta_time4_vs_time1,20,17,-0.3790100421893647,"[-0.71, 0.09]",0.10953613361099927,0.9218261979226439,False
Basof,GM-CSF,delta_time4_vs_time1,20,17,-0.02002477322527829,"[-0.47, 0.44]",0.9351494200309908,0.985320842691752,False
Lactic acid,GM-CSF,delta_time4_vs_time1,20,17,0.53401059483403,"[0.11, 0.80]",0.018518968219300696,0.9218261979226439,False
Leuk,TNF-β,delta_time4_vs_time1,20,17,-0.08902729785131917,"[-0.52, 0.38]",0.7170255820241974,0.9620960730516983,False
Eryt,TNF-β,delta_time4_vs_time1,20,17,0.0839788453712454,"[-0.38, 0.52]",0.7324948180569837,0.9620960730516983,False
Hb,TNF-β,delta_time4_vs_time1,20,17,0.07232394060474269,"[-0.39, 0.51]",0.7685777021983318,0.9620960730516983,False
HKR,TNF-β,delta_time4_vs_time1,20,17,-0.18304608281639737,"[-0.59, 0.30]",0.4532037871026916,0.9218261979226439,False
MCV,TNF-β,delta_time4_vs_time1,20,17,-0.33595422927005375,"[-0.69, 0.14]",0.1596524342151212,0.9218261979226439,False
MCH,TNF-β,delta_time4_vs_time1,20,17,0.056940456296712995,"[-0.41, 0.50]",0.8168991936262672,0.9620960730516983,False
Trom,TNF-β,delta_time4_vs_time1,20,17,0.1806835168909894,"[-0.30, 0.59]",0.4591550775545188,0.9218261979226439,False
Neutr,TNF-β,delta_time4_vs_time1,20,17,-0.3087659086203619,"[-0.67, 0.17]",0.19836864068603294,0.9218261979226439,False
Lymfos,TNF-β,delta_time4_vs_time1,20,17,0.30948270770139813,"[-0.17, 0.67]",0.19727459615237403,0.9218261979226439,False
Monos,TNF-β,delta_time4_vs_time1,20,17,0.4461875600643269,"[-0.01, 0.75]",0.05551000745235409,0.9218261979226439,False
Eosin,TNF-β,delta_time4_vs_time1,20,17,0.3909948322186494,"[-0.08, 0.72]",0.09787074542223373,0.9218261979226439,False
Basof,TNF-β,delta_time4_vs_time1,20,17,0.1516378650290241,"[-0.32, 0.57]",0.5354542450062351,0.9474558693073392,False
Lactic acid,TNF-β,delta_time4_vs_time1,20,17,-0.049079725424422994,"[-0.49, 0.41]",0.8418487233174458,0.9620960730516983,False
Leuk,TARC,delta_time4_vs_time1,20,17,0.26686145180870174,"[-0.21, 0.64]",0.26940518433498273,0.9218261979226439,False
Eryt,TARC,delta_time4_vs_time1,20,17,-0.26172370088719915,"[-0.64, 0.22]",0.2790812724768305,0.9218261979226439,False
Hb,TARC,delta_time4_vs_time1,20,17,-0.24552212674214413,"[-0.63, 0.23]",0.31097973634248777,0.9218261979226439,False
HKR,TARC,delta_time4_vs_time1,20,17,-0.3006345195684093,"[-0.66, 0.18]",0.2110619249039655,0.9218261979226439,False
MCV,TARC,delta_time4_vs_time1,20,17,0.1998698352591425,"[-0.28, 0.60]",0.41199175356853057,0.9218261979226439,False
MCH,TARC,delta_time4_vs_time1,20,17,0.16419786454916688,"[-0.31, 0.58]",0.5017656127807448,0.927951467987821,False
Trom,TARC,delta_time4_vs_time1,20,17,-0.17660772465179803,"[-0.58, 0.30]",0.46951471514253595,0.9218261979226439,False
Neutr,TARC,delta_time4_vs_time1,20,17,0.18670077594895707,"[-0.29, 0.59]",0.4440761581629966,0.9218261979226439,False
Lymfos,TARC,delta_time4_vs_time1,20,17,0.06507195092431475,"[-0.40, 0.50]",0.7912667746479574,0.9620960730516983,False
Monos,TARC,delta_time4_vs_time1,20,17,0.3743882010487996,"[-0.10, 0.71]",0.11429090998978245,0.9218261979226439,False
Eosin,TARC,delta_time4_vs_time1,20,17,0.1818067031651875,"[-0.30, 0.59]",0.4563208313402646,0.9218261979226439,False
Basof,TARC,delta_time4_vs_time1,20,17,0.01898731545425085,"[-0.44, 0.47]",0.9385030264067054,0.985320842691752,False
Lactic acid,TARC,delta_time4_vs_time1,20,17,-0.147027540782272,"[-0.56, 0.33]",0.5480739756854074,0.9474558693073392,False
Leuk,VEGF-D,delta_time4_vs_time1,20,17,0.0611797615975187,"[-0.40, 0.50]",0.8035119795156471,0.9620960730516983,False
Eryt,VEGF-D,delta_time4_vs_time1,20,17,-0.04571573184704335,"[-0.49, 0.42]",0.8525715177372419,0.9620960730516983,False
Hb,VEGF-D,delta_time4_vs_time1,20,17,-0.053999466500808,"[-0.50, 0.41]",0.8262153153461326,0.9620960730516983,False
HKR,VEGF-D,delta_time4_vs_time1,20,17,-0.31517428407932063,"[-0.67, 0.16]",0.18872993334222235,0.9218261979226439,False
MCV,VEGF-D,delta_time4_vs_time1,20,17,-0.11914916923578137,"[-0.54, 0.35]",0.6270825282922765,0.9553237131680501,False
MCH,VEGF-D,delta_time4_vs_time1,20,17,0.37433535343536356,"[-0.10, 0.71]",0.11434611639292803,0.9218261979226439,False
Trom,VEGF-D,delta_time4_vs_time1,20,17,-0.1221758087186568,"[-0.55, 0.35]",0.6182929421804183,0.9553237131680501,False
Neutr,VEGF-D,delta_time4_vs_time1,20,17,0.20079165798088702,"[-0.28, 0.60]",0.4097938239983837,0.9218261979226439,False
Lymfos,VEGF-D,delta_time4_vs_time1,20,17,-0.07684045275645851,"[-0.51, 0.39]",0.7545362924930802,0.9620960730516983,False
Monos,VEGF-D,delta_time4_vs_time1,20,17,-0.08410855029767919,"[-0.52, 0.38]",0.7320961150096507,0.9620960730516983,False
Eosin,VEGF-D,delta_time4_vs_time1,20,17,-0.3281699048140661,"[-0.68, 0.15]",0.17015917462363572,0.9218261979226439,False
Basof,VEGF-D,delta_time4_vs_time1,20,17,0.36425524700917894,"[-0.11, 0.70]",0.12522800134761802,0.9218261979226439,False
Lactic acid,VEGF-D,delta_time4_vs_time1,20,17,-0.19384846124412305,"[-0.60, 0.29]",0.42650394312889484,0.9218261979226439,False
Leuk,IL-2,delta_time4_vs_time1,20,17,-0.45913744547707996,"[-0.76, -0.01]",0.047988040703940735,0.9218261979226439,False
Eryt,IL-2,delta_time4_vs_time1,20,17,-0.1285945696837651,"[-0.55, 0.35]",0.599816902884009,0.9525433259963757,False
Hb,IL-2,delta_time4_vs_time1,20,17,-0.06626789369993742,"[-0.51, 0.40]",0.7875134656141609,0.9620960730516983,False
HKR,IL-2,delta_time4_vs_time1,20,17,-0.11665453539310705,"[-0.54, 0.36]",0.6343635329919263,0.9553237131680501,False
MCV,IL-2,delta_time4_vs_time1,20,17,-0.27858929518348746,"[-0.65, 0.20]",0.2481115397732726,0.9218261979226439,False
MCH,IL-2,delta_time4_vs_time1,20,17,0.07445225646971652,"[-0.39, 0.51]",0.7619520854315431,0.9620960730516983,False
Trom,IL-2,delta_time4_vs_time1,20,17,-0.42214939658490247,"[-0.74, 0.04]",0.07179275397297497,0.9218261979226439,False
Neutr,IL-2,delta_time4_vs_time1,20,17,-0.398665000052821,"[-0.72, 0.07]",0.09089479869209244,0.9218261979226439,False
Lymfos,IL-2,delta_time4_vs_time1,20,17,-0.09393939393939377,"[-0.53, 0.38]",0.7020746754394129,0.9620960730516983,False
Monos,IL-2,delta_time4_vs_time1,20,17,-0.09893229077436941,"[-0.53, 0.37]",0.6869844840839154,0.9620960730516983,False
Eosin,IL-2,delta_time4_vs_time1,20,17,0.26422854567266685,"[-0.22, 0.64]",0.2743373509406656,0.9218261979226439,False
Basof,IL-2,delta_time4_vs_time1,20,17,-0.05006193306319616,"[-0.49, 0.41]",0.8387228535620654,0.9620960730516983,False
Lactic acid,IL-2,delta_time4_vs_time1,20,17,-0.05217344892056639,"[-0.49, 0.41]",0.8320108466225391,0.9620960730516983,False
Leuk,IP-10,delta_time4_vs_time1,20,17,-0.04792414658472323,"[-0.49, 0.42]",0.8455292445523273,0.9620960730516983,False
Eryt,IP-10,delta_time4_vs_time1,20,17,-0.026072253319016716,"[-0.47, 0.43]",0.9156233298355134,0.9817844526816254,False
Hb,IP-10,delta_time4_vs_time1,20,17,0.0161643139854393,"[-0.44, 0.47]",0.9476333068691084,0.985320842691752,False
HKR,IP-10,delta_time4_vs_time1,20,17,-0.020873714518379723,"[-0.47, 0.44]",0.9324059727844585,0.985320842691752,False
MCV,IP-10,delta_time4_vs_time1,20,17,0.31449598742824103,"[-0.16, 0.67]",0.1897350098597698,0.9218261979226439,False
MCH,IP-10,delta_time4_vs_time1,20,17,0.17023677163665235,"[-0.31, 0.58]",0.48594005456103173,0.9218261979226439,False
Trom,IP-10,delta_time4_vs_time1,20,17,-0.01118761039138857,"[-0.46, 0.45]",0.9637437436683285,0.9883404517433902,False
Neutr,IP-10,delta_time4_vs_time1,20,17,-0.25678163953324934,"[-0.64, 0.22]",0.2885886667076335,0.9218261979226439,False
Lymfos,IP-10,delta_time4_vs_time1,20,17,0.5029556907695452,"[0.06, 0.78]",0.02816665468294992,0.9218261979226439,False
Monos,IP-10,delta_time4_vs_time1,20,17,0.17679215886865712,"[-0.30, 0.58]",0.46904341010382833,0.9218261979226439,False
Eosin,IP-10,delta_time4_vs_time1,20,17,0.33331975721645096,"[-0.14, 0.68]",0.16315704690892824,0.9218261979226439,False
Basof,IP-10,delta_time4_vs_time1,20,17,-0.33236193045077167,"[-0.68, 0.14]",0.16444418969185406,0.9218261979226439,False
Lactic acid,IP-10,delta_time4_vs_time1,20,17,-0.001945559373800468,"[-0.46, 0.45]",0.9936930137244785,0.9954648188828727,False
Leuk,IL-7,delta_time4_vs_time1,20,17,0.05766741247081926,"[-0.41, 0.50]",0.8145999967036575,0.9620960730516983,False
Eryt,IL-7,delta_time4_vs_time1,20,17,-0.2606932074733981,"[-0.64, 0.22]",0.2810475401520902,0.9218261979226439,False
Hb,IL-7,delta_time4_vs_time1,20,17,-0.35443270097782253,"[-0.70, 0.12]",0.13651791402622715,0.9218261979226439,False
HKR,IL-7,delta_time4_vs_time1,20,17,-0.11416354840783025,"[-0.54, 0.36]",0.641666115663354,0.9553237131680501,False
MCV,IL-7,delta_time4_vs_time1,20,17,0.2647747575709984,"[-0.22, 0.64]",0.2733095691198409,0.9218261979226439,False
MCH,IL-7,delta_time4_vs_time1,20,17,-0.19716342238012516,"[-0.60, 0.28]",0.418481294025869,0.9218261979226439,False
Trom,IL-7,delta_time4_vs_time1,20,17,-0.04409578367182142,"[-0.49, 0.42]",0.8577440957790694,0.9627260532313402,False
Neutr,IL-7,delta_time4_vs_time1,20,17,0.05971374814275543,"[-0.41, 0.50]",0.8081357459484217,0.9620960730516983,False
Lymfos,IL-7,delta_time4_vs_time1,20,17,-0.13580440965620616,"[-0.56, 0.34]",0.5793398471602176,0.9512927931217564,False
Monos,IL-7,delta_time4_vs_time1,20,17,0.29230146189201606,"[-0.19, 0.66]",0.22461174625437003,0.9218261979226439,False
Eosin,IL-7,delta_time4_vs_time1,20,17,0.09478239621985818,"[-0.38, 0.53]",0.6995191625250229,0.9620960730516983,False
Basof,IL-7,delta_time4_vs_time1,20,17,0.004079178759537381,"[-0.45, 0.46]",0.9867768118291629,0.9954648188828727,False
Lactic acid,IL-7,delta_time4_vs_time1,20,17,-0.14723012059022048,"[-0.56, 0.33]",0.5475166682100776,0.9474558693073392,False
Leuk,Eotaxin,delta_time4_vs_time1,20,17,0.2168387650636088,"[-0.26, 0.61]",0.3725604554633194,0.9218261979226439,False
Eryt,Eotaxin,delta_time4_vs_time1,20,17,-0.2402041974221651,"[-0.63, 0.24]",0.32190684479820125,0.9218261979226439,False
Hb,Eotaxin,delta_time4_vs_time1,20,17,-0.21866091596847856,"[-0.61, 0.26]",0.3684570580835804,0.9218261979226439,False
HKR,Eotaxin,delta_time4_vs_time1,20,17,-0.03430082013699803,"[-0.48, 0.43]",0.8891311240332619,0.9817844526816254,False
MCV,Eotaxin,delta_time4_vs_time1,20,17,0.4468084143798853,"[-0.01, 0.75]",0.05513021241157643,0.9218261979226439,False
MCH,Eotaxin,delta_time4_vs_time1,20,17,-0.14355410812833205,"[-0.56, 0.33]",0.5576689560233097,0.9512927931217564,False
Trom,Eotaxin,delta_time4_vs_time1,20,17,-0.2146096487796121,"[-0.61, 0.27]",0.37761512508986506,0.9218261979226439,False
Neutr,Eotaxin,delta_time4_vs_time1,20,17,0.048401142432381125,"[-0.41, 0.49]",0.8440096360458474,0.9620960730516983,False
Lymfos,Eotaxin,delta_time4_vs_time1,20,17,0.08152227422378333,"[-0.39, 0.52]",0.7400584152901458,0.9620960730516983,False
Monos,Eotaxin,delta_time4_vs_time1,20,17,0.3665393741921157,"[-0.11, 0.70]",0.1227003884443821,0.9218261979226439,False
Eosin,Eotaxin,delta_time4_vs_time1,20,17,0.41555673765837614,"[-0.05, 0.73]",0.07682246089563789,0.9218261979226439,False
Basof,Eotaxin,delta_time4_vs_time1,20,17,-0.2619199486864963,"[-0.64, 0.22]",0.27870778110918204,0.9218261979226439,False
Lactic acid,Eotaxin,delta_time4_vs_time1,20,17,0.07553079239771004,"[-0.39, 0.51]",0.7586005295034935,0.9620960730516983,False
Leuk,IL-6,delta_time4_vs_time1,20,17,0.0671164117293886,"[-0.40, 0.51]",0.7848532151467733,0.9620960730516983,False
Eryt,IL-6,delta_time4_vs_time1,20,17,0.17396409670209007,"[-0.30, 0.58]",0.47629632451442006,0.9218261979226439,False
Hb,IL-6,delta_time4_vs_time1,20,17,0.12081713261889589,"[-0.35, 0.55]",0.6222325926866059,0.9553237131680501,False
HKR,IL-6,delta_time4_vs_time1,20,17,0.10149924522922008,"[-0.37, 0.53]",0.6792697684143957,0.9620960730516983,False
MCV,IL-6,delta_time4_vs_time1,20,17,0.03171496163561195,"[-0.43, 0.48]",0.8974455781428722,0.9817844526816254,False
MCH,IL-6,delta_time4_vs_time1,20,17,0.07734849140905237,"[-0.39, 0.51]",0.7529613633143011,0.9620960730516983,False
Trom,IL-6,delta_time4_vs_time1,20,17,-0.22832073043836626,"[-0.62, 0.25]",0.34713413847517194,0.9218261979226439,False
Neutr,IL-6,delta_time4_vs_time1,20,17,0.03219414262577173,"[-0.43, 0.48]",0.8959040430625209,0.9817844526816254,False
Lymfos,IL-6,delta_time4_vs_time1,20,17,0.2099755570414107,"[-0.27, 0.61]",0.3882452071546735,0.9218261979226439,False
Monos,IL-6,delta_time4_vs_time1,20,17,0.12169248248699638,"[-0.35, 0.55]",0.6196932716607125,0.9553237131680501,False
Eosin,IL-6,delta_time4_vs_time1,20,17,0.15351257302511304,"[-0.32, 0.57]",0.5303610213662996,0.9474558693073392,False
Basof,IL-6,delta_time4_vs_time1,20,17,-0.22189835297912172,"[-0.61, 0.26]",0.3612298820372042,0.9218261979226439,False
Lactic acid,IL-6,delta_time4_vs_time1,20,17,0.011641903724634037,"[-0.44, 0.46]",0.9622724702681601,0.9883404517433902,False
Leuk,IL-4,delta_time4_vs_time1,20,17,-0.06570404373001631,"[-0.50, 0.40]",0.7892824811702898,0.9620960730516983,False
Eryt,IL-4,delta_time4_vs_time1,20,17,0.20805860100890008,"[-0.27, 0.61]",0.39269039175621046,0.9218261979226439,False
Hb,IL-4,delta_time4_vs_time1,20,17,0.1387433504222716,"[-0.34, 0.56]",0.5710793604909197,0.9512927931217564,False
HKR,IL-4,delta_time4_vs_time1,20,17,0.2231908909028846,"[-0.26, 0.62]",0.35836718041246984,0.9218261979226439,False
MCV,IL-4,delta_time4_vs_time1,20,17,0.14133235665196664,"[-0.33, 0.56]",0.5638449561237651,0.9512927931217564,False
MCH,IL-4,delta_time4_vs_time1,20,17,-0.3518109193053689,"[-0.69, 0.12]",0.13964813767330825,0.9218261979226439,False
Trom,IL-4,delta_time4_vs_time1,20,17,-0.08056350580021857,"[-0.52, 0.39]",0.7430166406260266,0.9620960730516983,False
Neutr,IL-4,delta_time4_vs_time1,20,17,0.07733462917434664,"[-0.39, 0.51]",0.7530043241328942,0.9620960730516983,False
Lymfos,IL-4,delta_time4_vs_time1,20,17,-0.2737244507256791,"[-0.65, 0.21]",0.2568104503611538,0.9218261979226439,False
Monos,IL-4,delta_time4_vs_time1,20,17,0.008420132796041447,"[-0.45, 0.46]",0.9727087470819766,0.9906388622355615,False
Eosin,IL-4,delta_time4_vs_time1,20,17,-0.13468486286370543,"[-0.55, 0.34]",0.582499896891471,0.9512927931217564,False
Basof,IL-4,delta_time4_vs_time1,20,17,-0.47193735147682286,"[-0.76, -0.02]",0.041343080352154817,0.9218261979226439,False
Lactic acid,IL-4,delta_time4_vs_time1,20,17,0.1999080788231963,"[-0.28, 0.60]",0.41190044221675937,0.9218261979226439,False
Leuk,MCP-1,delta_time4_vs_time1,20,17,-0.02498330754949659,"[-0.47, 0.43]",0.9191362164333187,0.9817844526816254,False
Eryt,MCP-1,delta_time4_vs_time1,20,17,-0.07594467948484153,"[-0.51, 0.39]",0.7573154632118876,0.9620960730516983,False
Hb,MCP-1,delta_time4_vs_time1,20,17,0.08098209016555313,"[-0.39, 0.52]",0.7417246956623691,0.9620960730516983,False
HKR,MCP-1,delta_time4_vs_time1,20,17,-0.11864444207567561,"[-0.54, 0.35]",0.6285530254786086,0.9553237131680501,False
MCV,MCP-1,delta_time4_vs_time1,20,17,0.14600305366733757,"[-0.33, 0.56]",0.5508962859999688,0.9474558693073392,False
MCH,MCP-1,delta_time4_vs_time1,20,17,0.36409534504943225,"[-0.11, 0.70]",0.12540631809696234,0.9218261979226439,False
Trom,MCP-1,delta_time4_vs_time1,20,17,0.15881190415881205,"[-0.32, 0.57]",0.5160858833492765,0.9348768870507386,False
Neutr,MCP-1,delta_time4_vs_time1,20,17,-0.03209972416051954,"[-0.48, 0.43]",0.8962077611236241,0.9817844526816254,False
Lymfos,MCP-1,delta_time4_vs_time1,20,17,0.0901622255590419,"[-0.38, 0.52]",0.7135622227199763,0.9620960730516983,False
Monos,MCP-1,delta_time4_vs_time1,20,17,0.08046465092337551,"[-0.39, 0.52]",0.7433218486575983,0.9620960730516983,False
Eosin,MCP-1,delta_time4_vs_time1,20,17,0.1036472994852515,"[-0.37, 0.53]",0.6728373525484144,0.9620960730516983,False
Basof,MCP-1,delta_time4_vs_time1,20,17,-0.3330648112103882,"[-0.68, 0.14]",0.16349897146534162,0.9218261979226439,False
Lactic acid,MCP-1,delta_time4_vs_time1,20,17,0.1120535817082021,"[-0.36, 0.54]",0.6478764642780095,0.9553237131680501,False
Leuk,VEGF,delta_time4_vs_time1,20,17,0.26767829517318076,"[-0.21, 0.64]",0.26788632000643614,0.9218261979226439,False
Eryt,VEGF,delta_time4_vs_time1,20,17,-0.061568320405406794,"[-0.50, 0.40]",0.8022875158721574,0.9620960730516983,False
Hb,VEGF,delta_time4_vs_time1,20,17,-0.06310696469714885,"[-0.50, 0.40]",0.7974431491284685,0.9620960730516983,False
HKR,VEGF,delta_time4_vs_time1,20,17,-0.02534153131713426,"[-0.47, 0.43]",0.9179804424258668,0.9817844526816254,False
MCV,VEGF,delta_time4_vs_time1,20,17,0.1286561562019121,"[-0.35, 0.55]",0.5996407346659448,0.9525433259963757,False
MCH,VEGF,delta_time4_vs_time1,20,17,0.029630947813387397,"[-0.43, 0.48]",0.9041539173362363,0.9817844526816254,False
Trom,VEGF,delta_time4_vs_time1,20,17,-0.05858325623079493,"[-0.50, 0.41]",0.8117054578044274,0.9620960730516983,False
Neutr,VEGF,delta_time4_vs_time1,20,17,0.28382913994564607,"[-0.20, 0.65]",0.23895418539569344,0.9218261979226439,False
Lymfos,VEGF,delta_time4_vs_time1,20,17,-0.13600742499584317,"[-0.56, 0.34]",0.578767597162215,0.9512927931217564,False
Monos,VEGF,delta_time4_vs_time1,20,17,0.30509513475113303,"[-0.17, 0.67]",0.20403442601370692,0.9218261979226439,False
Eosin,VEGF,delta_time4_vs_time1,20,17,0.14653583720328742,"[-0.33, 0.56]",0.5494277357759689,0.9474558693073392,False
Basof,VEGF,delta_time4_vs_time1,20,17,-0.113102493773759,"[-0.54, 0.36]",0.6447863449478921,0.9553237131680501,False
Lactic acid,VEGF,delta_time4_vs_time1,20,17,0.039621155963121275,"[-0.42, 0.49]",0.8720600740615918,0.9733599816546049,False
