Variable_A,Variable_B,TimeWindow,n,df,r,CI_95%,p_val,p_adj,is_significant
Probable non-functional immunoglobulin kappa variable 3-7,Mean Value (nm),time1,20,17,-0.053845605613501296,"[-0.50, 0.41]",0.8267033213306357,0.8935657380438369,False
Apolipoprotein A-IV,Mean Value (nm),time1,20,17,0.7269156757822676,"[0.41, 0.89]",0.0004222574377900976,0.007953794646373476,True
Coagulation factor XII,Mean Value (nm),time1,20,17,-0.5400827434936785,"[-0.80, -0.11]",0.016984824857319603,0.08541882792321898,False
Mannan-binding lectin serine protease 1,Mean Value (nm),time1,20,17,0.6606379500701153,"[0.29, 0.86]",0.002076706847214701,0.019558802670131183,True
Complement factor I,Mean Value (nm),time1,20,17,0.4003052915254328,"[-0.07, 0.72]",0.08945137387575552,0.24323260717921977,False
Platelet glycoprotein Ib alpha chain,Mean Value (nm),time1,20,17,-0.3883803392761315,"[-0.72, 0.08]",0.1003350378857201,0.26117361620504026,False
Hepatocyte growth factor-like protein,Mean Value (nm),time1,20,17,-0.4064693555284785,"[-0.73, 0.06]",0.08417673606504898,0.23569486098213716,False
Profilin-1,Mean Value (nm),time1,20,17,0.36275598966915734,"[-0.11, 0.70]",0.1269069780737013,0.3069080256518047,False
Peptidase inhibitor 16,Mean Value (nm),time1,20,17,0.550096840681767,"[0.13, 0.80]",0.014677212263695753,0.07641000957381307,False
Cell surface glycoprotein MUC18,Mean Value (nm),time1,20,17,-0.3496917777066756,"[-0.69, 0.12]",0.1422146368169799,0.3291079999272868,False
Adhesion G-protein coupled receptor G6,Mean Value (nm),time1,20,17,0.4113078216858809,"[-0.05, 0.73]",0.08019936179699318,0.2284808628831928,False
Immunoglobulin heavy variable 1-69,Mean Value (nm),time1,20,17,-0.3551350655164442,"[-0.70, 0.12]",0.13568776047285205,0.3224140363529237,False
Insulin-like growth factor-binding protein complex acid labile subunit,Mean Value (nm),time1,20,17,-0.4874205243175455,"[-0.77, -0.04]",0.03427702645939194,0.13605746901122626,False
Plasma serine protease inhibitor,Mean Value (nm),time1,20,17,-0.41452223391304216,"[-0.73, 0.05]",0.07763478155623604,0.22358065910127448,False
Immunoglobulin heavy variable 1-69D,Mean Value (nm),time1,20,17,-0.2960267615663604,"[-0.66, 0.18]",0.21848624207785838,0.4254732082568821,False
Pancreatic adenocarcinoma up-regulated factor,Mean Value (nm),time1,20,17,0.574303225960239,"[0.16, 0.82]",0.010122436730515461,0.05891485647648325,False
Immunoglobulin heavy variable 3-64D,Mean Value (nm),time1,20,17,0.14104366335114746,"[-0.33, 0.56]",0.5646496541556433,0.7386073758904627,False
Neutrophil gelatinase-associated lipocalin,Mean Value (nm),time1,20,17,-0.038652517769138944,"[-0.48, 0.42]",0.8751642761097809,0.9232417122904472,False
Lysosome-associated membrane glycoprotein 2,Mean Value (nm),time1,20,17,-0.15868280672860902,"[-0.57, 0.32]",0.5164314748788603,0.7030525728968453,False
Corneodesmosin,Mean Value (nm),time1,20,17,0.21186169144543243,"[-0.27, 0.61]",0.3838988102381393,0.5909645875285473,False
Collagen alpha-1(XVIII) chain,Mean Value (nm),time1,20,17,0.37398884540157507,"[-0.10, 0.71]",0.11470856259730103,0.2849833833352611,False
Lipopolysaccharide-binding protein,Mean Value (nm),time1,20,17,-0.5822386052673035,"[-0.82, -0.17]",0.008907357752678376,0.05420899314610651,False
Immunoglobulin heavy variable 3-49,Mean Value (nm),time1,20,17,0.001128018128533222,"[-0.45, 0.46]",0.9963432421322144,0.9978345495602361,False
SPARC-like protein 1,Mean Value (nm),time1,20,17,-0.0679014792324381,"[-0.51, 0.40]",0.7823939246658602,0.8725081872484727,False
Ras-associated and pleckstrin homology domains-containing protein 1,Mean Value (nm),time1,20,17,0.7578695201027709,"[0.46, 0.90]",0.0001705610453371658,0.004765868014517975,True
Alpha-1-acid glycoprotein 2,Mean Value (nm),time1,20,17,0.447943024170332,"[-0.01, 0.75]",0.0544412217140758,0.18077277466596964,False
Immunoglobulin heavy variable 3-20,Mean Value (nm),time1,20,17,-0.22081669874022342,"[-0.61, 0.26]",0.363635499826914,0.5769163519459156,False
Neurogenic locus notch homolog protein 2,Mean Value (nm),time1,20,17,-0.13250204650773845,"[-0.55, 0.34]",0.5886820620989196,0.7504405825070201,False
Apolipoprotein B-100,Mean Value (nm),time1,20,17,-0.04488679482867731,"[-0.49, 0.42]",0.8552176499093462,0.9093232469113516,False
CD44 antigen,Mean Value (nm),time1,20,17,-0.49796979548487663,"[-0.78, -0.06]",0.030026612177633295,0.12493000086758271,False
Pigment epithelium-derived factor,Mean Value (nm),time1,20,17,-0.4743504206854441,"[-0.76, -0.03]",0.04017388838445669,0.15134599405926227,False
Xaa-Pro dipeptidase,Mean Value (nm),time1,20,17,0.01938389262363484,"[-0.44, 0.47]",0.9372209614940779,0.9603965540137138,False
Immunoglobulin heavy constant delta,Mean Value (nm),time1,20,17,-0.13455458043329532,"[-0.55, 0.34]",0.582868108322855,0.749195236008037,False
Probable non-functional immunoglobulin heavy variable 3-38-3,Mean Value (nm),time1,20,17,0.2605721876913634,"[-0.22, 0.64]",0.28127901506670466,0.5006959787098042,False
Immunoglobulin lambda constant 7,Mean Value (nm),time1,20,17,0.7339777622112865,"[0.42, 0.89]",0.00034707120487614617,0.006958531183688341,True
Receptor-type tyrosine-protein phosphatase gamma,Mean Value (nm),time1,20,17,0.0014095962394446357,"[-0.45, 0.46]",0.9954304431809702,0.9978345495602361,False
Afamin,Mean Value (nm),time1,20,17,0.18704052018027537,"[-0.29, 0.59]",0.4432325198581403,0.6399816282819142,False
Pyruvate kinase PKLR,Mean Value (nm),time1,20,17,0.9078426711644734,"[0.77, 0.96]",7.955685461514122e-08,4.121045069064315e-05,True
Insulin-like growth factor 2,Mean Value (nm),time1,20,17,0.33268610438180396,"[-0.14, 0.68]",0.16400778462917193,0.3554645708699207,False
CD109 antigen,Mean Value (nm),time1,20,17,0.2573603073345563,"[-0.22, 0.64]",0.2874653188664332,0.5074603875111173,False
ADP-ribosyl cyclase/cyclic ADP-ribose hydrolase 2,Mean Value (nm),time1,20,17,-0.8230997954788805,"[-0.93, -0.59]",1.50358890655405e-05,0.001382251786737839,True
Dedicator of cytokinesis protein 4,Mean Value (nm),time1,20,17,0.08744132800319408,"[-0.38, 0.52]",0.7218742032931923,0.8374710801923261,False
Complement factor H-related protein 2,Mean Value (nm),time1,20,17,-0.7973591705896552,"[-0.92, -0.54]",4.344532928608282e-05,0.0024605359344696443,True
Selenoprotein P,Mean Value (nm),time1,20,17,-0.39179127832047794,"[-0.72, 0.08]",0.09712885684263967,0.25500298933844523,False
Adipocyte plasma membrane-associated protein,Mean Value (nm),time1,20,17,0.14445825234058646,"[-0.33, 0.56]",0.5551642223919788,0.7289608800989735,False
Immunoglobulin heavy constant alpha 2,Mean Value (nm),time1,20,17,0.5624478871995584,"[0.15, 0.81]",0.012183822867031891,0.06714064090555873,False
Lactotransferrin,Mean Value (nm),time1,20,17,-0.03811070414138455,"[-0.48, 0.42]",0.8769013946851352,0.9232417122904472,False
Alpha-enolase,Mean Value (nm),time1,20,17,0.04956250262333167,"[-0.41, 0.49]",0.8403120018873247,0.9030738941444693,False
Immunoglobulin heavy constant gamma 1,Mean Value (nm),time1,20,17,-0.6416818136584679,"[-0.85, -0.26]",0.003060937465525376,0.02592185927085438,True
Collectin-10,Mean Value (nm),time1,20,17,0.1460387583837001,"[-0.33, 0.56]",0.5507978156598874,0.7244471361813491,False
Lysosome-associated membrane glycoprotein 1,Mean Value (nm),time1,20,17,0.3057912897703646,"[-0.17, 0.67]",0.20295179466805457,0.40826807626428063,False
Cathelicidin antimicrobial peptide,Mean Value (nm),time1,20,17,0.45983055341539875,"[0.01, 0.76]",0.047608601688324974,0.16643733672015776,False
Fibroblast growth factor-binding protein 2,Mean Value (nm),time1,20,17,0.5289051824459485,"[0.10, 0.79]",0.019892237161358066,0.0950562102177671,False
Lymphatic vessel endothelial hyaluronic acid receptor 1,Mean Value (nm),time1,20,17,0.482783182750933,"[0.04, 0.77]",0.0362868376548334,0.14079836633111387,False
Haptoglobin,Mean Value (nm),time1,20,17,-0.4464888071143821,"[-0.75, 0.01]",0.05532547932871317,0.1827518843183806,False
Tenascin-X,Mean Value (nm),time1,20,17,0.4217761009336337,"[-0.04, 0.74]",0.07207083084481745,0.21705052545125256,False
Zinc finger protein 512B,Mean Value (nm),time1,20,17,-0.6018552002155447,"[-0.83, -0.20]",0.006403456493126352,0.04452336192536176,True
Immunoglobulin lambda variable 3-19,Mean Value (nm),time1,20,17,-0.40310924883051796,"[-0.72, 0.06]",0.08702286547877425,0.23901150360827444,False
Complement C1q subcomponent subunit B,Mean Value (nm),time1,20,17,0.46640055814605963,"[0.02, 0.76]",0.04412457817906737,0.15983588459270556,False
Ubiquitin-ribosomal protein eS31 fusion protein,Mean Value (nm),time1,20,17,0.2937152543310119,"[-0.19, 0.66]",0.22227406991718962,0.4288192484808351,False
Kinesin-like protein KIF21A,Mean Value (nm),time1,20,17,0.6827598831603386,"[0.33, 0.87]",0.0012756353323638437,0.015732835765820737,True
Attractin,Mean Value (nm),time1,20,17,0.759276295614842,"[0.47, 0.90]",0.00016317137274286615,0.0046957095044891485,True
Immunoglobulin lambda variable 1-44,Mean Value (nm),time1,20,17,0.3496917777066756,"[-0.12, 0.69]",0.1422146368169799,0.3291079999272868,False
Immunoglobulin heavy variable 1-46,Mean Value (nm),time1,20,17,-0.2546726790147191,"[-0.64, 0.23]",0.29270542890379597,0.5126480682109817,False
Fibulin-1,Mean Value (nm),time1,20,17,0.19492851271365344,"[-0.28, 0.60]",0.4238811723161159,0.6291416826926878,False
Secreted phosphoprotein 24,Mean Value (nm),time1,20,17,-0.6265007387595517,"[-0.84, -0.24]",0.004102682198099451,0.030799846066891526,True
Scavenger receptor class B member 1,Mean Value (nm),time1,20,17,0.28196227809147273,"[-0.20, 0.65]",0.2421915854987863,0.45209095959773443,False
Immunoglobulin lambda variable 2-18,Mean Value (nm),time1,20,17,-0.3950764783967361,"[-0.72, 0.07]",0.09411181049294622,0.24958407151443995,False
Collagen alpha-2(VI) chain,Mean Value (nm),time1,20,17,0.4806565913098972,"[0.03, 0.77]",0.03723842828805501,0.142357976776476,False
Adiponectin,Mean Value (nm),time1,20,17,-0.3034599140620255,"[-0.67, 0.17]",0.2065924432823913,0.4123887692496288,False
Nidogen-1,Mean Value (nm),time1,20,17,0.09730770848291126,"[-0.37, 0.53]",0.6918824050350407,0.8220070775416309,False
Alpha-1-antitrypsin,Mean Value (nm),time1,20,17,-0.00788497327063101,"[-0.46, 0.45]",0.9744427434929435,0.9849001778133556,False
"Sushi, von Willebrand factor type A, EGF and pentraxin domain-containing protein 1",Mean Value (nm),time1,20,17,-0.4299614969244843,"[-0.74, 0.03]",0.06615462431859287,0.20581438676895558,False
Complement C1s subcomponent,Mean Value (nm),time1,20,17,0.6418379255664884,"[0.26, 0.85]",0.0030514893182315033,0.02592185927085438,True
Alpha-actinin-4,Mean Value (nm),time1,20,17,0.49029432384428406,"[0.05, 0.77]",0.033075562311023474,0.13333183873237478,False
Complement component C1q receptor,Mean Value (nm),time1,20,17,0.42600263671498356,"[-0.03, 0.74]",0.06896882219834713,0.21265386844490364,False
Inter-alpha-trypsin inhibitor heavy chain H3,Mean Value (nm),time1,20,17,0.5056424008617327,"[0.07, 0.78]",0.027202457524279685,0.11677468137481628,False
Immunoglobulin kappa variable 1D-8,Mean Value (nm),time1,20,17,0.25930158215402327,"[-0.22, 0.64]",0.28371639844451524,0.5041684198773889,False
Low-density lipoprotein receptor,Mean Value (nm),time1,20,17,0.0587962973065463,"[-0.41, 0.50]",0.8110324717699119,0.8807438582323152,False
Prolactin-inducible protein,Mean Value (nm),time1,20,17,0.4144495143190227,"[-0.05, 0.73]",0.0776921209232228,0.22358065910127448,False
Hyaluronan-binding protein 2,Mean Value (nm),time1,20,17,-0.5529765129188556,"[-0.80, -0.13]",0.014062308651227696,0.07395203940442585,False
N-acetylmuramoyl-L-alanine amidase,Mean Value (nm),time1,20,17,-0.1526347538837423,"[-0.57, 0.32]",0.5327431027140974,0.7089504524364534,False
Serpin A11,Mean Value (nm),time1,20,17,0.27991989097611075,"[-0.20, 0.65]",0.24576531715369504,0.4546658367343358,False
C4b-binding protein alpha chain,Mean Value (nm),time1,20,17,0.22762394334980518,"[-0.25, 0.62]",0.34864784750854216,0.5618677243362779,False
Inter-alpha-trypsin inhibitor heavy chain H2,Mean Value (nm),time1,20,17,-0.5313512983575159,"[-0.79, -0.10]",0.019224552242268093,0.09321036616660663,False
Fibrillin-1,Mean Value (nm),time1,20,17,-0.5633375486429867,"[-0.81, -0.15]",0.012018288974246897,0.0669405772974182,False
Golgi-associated RAB2 interactor protein 1B,Mean Value (nm),time1,20,17,0.6468517295541646,"[0.27, 0.85]",0.0027606118687081814,0.02433992787288113,True
Neurogenic locus notch homolog protein 3,Mean Value (nm),time1,20,17,-0.15955752791917457,"[-0.57, 0.32]",0.5140919966717016,0.7017118689748126,False
Immunoglobulin heavy constant alpha 1,Mean Value (nm),time1,20,17,-0.32356308506603254,"[-0.68, 0.15]",0.17659388566687761,0.37314210490716737,False
Apolipoprotein C-III,Mean Value (nm),time1,20,17,0.5653959741859833,"[0.15, 0.81]",0.011642215978702195,0.06590893854609549,False
Glutathione peroxidase 3,Mean Value (nm),time1,20,17,-0.1968199417375968,"[-0.60, 0.28]",0.419308793222143,0.6232714959221439,False
Contactin-1,Mean Value (nm),time1,20,17,-0.49989991396483713,"[-0.78, -0.06]",0.02929556219528112,0.12237984852544855,False
Stomatin,Mean Value (nm),time1,20,17,0.6384582607502669,"[0.26, 0.85]",0.003261503602063824,0.026129234801831137,True
Immunoglobulin heavy variable 3-13,Mean Value (nm),time1,20,17,0.07763784995435069,"[-0.39, 0.51]",0.7520647634493907,0.8533834555679833,False
Immunoglobulin heavy variable 1-69-2,Mean Value (nm),time1,20,17,-0.312960708388834,"[-0.67, 0.16]",0.19202314335291792,0.3909212011602097,False
Apolipoprotein E,Mean Value (nm),time1,20,17,-0.19913004008296767,"[-0.60, 0.28]",0.4137602530184894,0.6185506812801659,False
Mucosal addressin cell adhesion molecule 1,Mean Value (nm),time1,20,17,0.5749264429012171,"[0.16, 0.82]",0.010022414461329373,0.05866226769456062,False
Protein S100-A11,Mean Value (nm),time1,20,17,0.4623834854136132,"[0.01, 0.76]",0.046230724380672245,0.16346826744531526,False
Complement factor H-related protein 4,Mean Value (nm),time1,20,17,-0.32219451332688237,"[-0.68, 0.15]",0.17853677416543143,0.3759432886898109,False
Immunoglobulin kappa variable 1D-16,Mean Value (nm),time1,20,17,-0.0368664827952137,"[-0.48, 0.42]",0.8808925429208816,0.9265022075797292,False
Immunoglobulin lambda variable 1-47,Mean Value (nm),time1,20,17,-0.48190022811291117,"[-0.77, -0.04]",0.03667962455572742,0.14126427895811752,False
Fructose-bisphosphate aldolase A,Mean Value (nm),time1,20,17,0.32864551330766245,"[-0.15, 0.68]",0.16950407202887652,0.3635739515981699,False
Thrombospondin-1,Mean Value (nm),time1,20,17,-0.03524910967545744,"[-0.48, 0.43]",0.8860847662690181,0.9281939513192141,False
Aminopeptidase N,Mean Value (nm),time1,20,17,-0.5288394750899041,"[-0.79, -0.10]",0.019910422410478242,0.0950562102177671,False
Apolipoprotein M,Mean Value (nm),time1,20,17,0.5636084549743227,"[0.15, 0.81]",0.01196824382105357,0.0669405772974182,False
Immunoglobulin heavy variable 3-43,Mean Value (nm),time1,20,17,0.31514270535967204,"[-0.16, 0.67]",0.18877664629083546,0.3895868636599712,False
Cysteine-rich secretory protein 3,Mean Value (nm),time1,20,17,-0.3661902095479646,"[-0.70, 0.11]",0.12308441082383145,0.2993320413462192,False
Complement component C8 alpha chain,Mean Value (nm),time1,20,17,-0.6726633719491643,"[-0.86, -0.31]",0.0016012328733506793,0.016927318946850036,True
Immunoglobulin heavy variable 2-70D,Mean Value (nm),time1,20,17,0.21454151093026555,"[-0.27, 0.61]",0.3777702340962854,0.5867615630041255,False
Immunoglobulin heavy variable 3-23,Mean Value (nm),time1,20,17,0.31518716058516016,"[-0.16, 0.67]",0.18871088794112456,0.3895868636599712,False
Plasma kallikrein,Mean Value (nm),time1,20,17,0.25532229214252616,"[-0.22, 0.64]",0.29143356470012977,0.5117375814056516,False
Galectin-7,Mean Value (nm),time1,20,17,0.33088009812940816,"[-0.15, 0.68]",0.16644915415262665,0.3600027634699816,False
Extracellular superoxide dismutase [Cu-Zn],Mean Value (nm),time1,20,17,-0.08437918032993028,"[-0.52, 0.38]",0.7312644306106884,0.8420419014912773,False
Immunoglobulin heavy variable 1-8,Mean Value (nm),time1,20,17,0.11351844371856577,"[-0.36, 0.54]",0.6435624853670914,0.7931239910806499,False
Cystatin-C,Mean Value (nm),time1,20,17,0.11958876127123907,"[-0.35, 0.54]",0.625802894672464,0.7811226492538226,False
Immunoglobulin lambda-like polypeptide 1,Mean Value (nm),time1,20,17,0.4463833076558012,"[-0.01, 0.75]",0.05539004988028138,0.1827518843183806,False
Inhibin beta C chain,Mean Value (nm),time1,20,17,-0.6352544899056414,"[-0.85, -0.25]",0.003471468805026215,0.02690309103979955,True
Mannose-binding protein C,Mean Value (nm),time1,20,17,0.3464078312735971,"[-0.13, 0.69]",0.14625651193516567,0.33489309653445176,False
IgGFc-binding protein,Mean Value (nm),time1,20,17,0.2647786733329897,"[-0.22, 0.64]",0.27330220965642277,0.4881742917311276,False
Macrophage mannose receptor 1,Mean Value (nm),time1,20,17,-0.6007359705611777,"[-0.83, -0.20]",0.00652880617430231,0.044793663553491354,True
Aromatase,Mean Value (nm),time1,20,17,-0.6414730217662971,"[-0.85, -0.26]",0.0030736116726777173,0.02592185927085438,True
Cadherin-5,Mean Value (nm),time1,20,17,-0.723820073959204,"[-0.89, -0.40]",0.0004593125544032021,0.008069749740744453,True
Immunoglobulin kappa variable 1-8,Mean Value (nm),time1,20,17,-0.0006679857938019718,"[-0.45, 0.45]",0.9978345495602361,0.9978345495602361,False
Retinol-binding protein 4,Mean Value (nm),time1,20,17,0.15726421708212904,"[-0.32, 0.57]",0.5202361778677913,0.7045289938183422,False
Complement component C8 beta chain,Mean Value (nm),time1,20,17,-0.5933397620370202,"[-0.83, -0.19]",0.007408394744285604,0.047615991422120016,True
Tumor necrosis factor receptor superfamily member 1B,Mean Value (nm),time1,20,17,0.24233135438281775,"[-0.24, 0.63]",0.31750904084609066,0.5351398265485903,False
Formin-2,Mean Value (nm),time1,20,17,0.13400739109376436,"[-0.34, 0.55]",0.584415681283406,0.7494892293326226,False
Scavenger receptor cysteine-rich domain-containing protein DMBT1,Mean Value (nm),time1,20,17,-0.011859925110502951,"[-0.46, 0.44]",0.9615664278554965,0.9766498228022493,False
Apolipoprotein L1,Mean Value (nm),time1,20,17,0.6383603091303578,"[0.26, 0.85]",0.0032677638378911366,0.026129234801831137,True
Leucine-rich alpha-2-glycoprotein,Mean Value (nm),time1,20,17,-0.4533041562864309,"[-0.75, 0.00]",0.05127350583096445,0.17355133631489553,False
Immunoglobulin heavy variable 1-2,Mean Value (nm),time1,20,17,-0.2397698564455875,"[-0.63, 0.24]",0.3228092433751032,0.5385352272731191,False
Ras-related protein Rab-10,Mean Value (nm),time1,20,17,0.10748189809676689,"[-0.36, 0.54]",0.6614086678710545,0.8046199177072841,False
Immunoglobulin heavy variable 1-24,Mean Value (nm),time1,20,17,-0.11670185021437957,"[-0.54, 0.36]",0.6342251345773005,0.790682598582531,False
Annexin A3,Mean Value (nm),time1,20,17,0.18020546141827737,"[-0.30, 0.59]",0.46036411386636067,0.6587530690131901,False
Hemoglobin subunit beta,Mean Value (nm),time1,20,17,0.4904684494418716,"[0.05, 0.77]",0.03300383006831867,0.13333183873237478,False
Immunoglobulin lambda variable 4-69,Mean Value (nm),time1,20,17,0.8021447338074055,"[0.55, 0.92]",3.6084068386493234e-05,0.002336443428025437,True
Elongation factor 2,Mean Value (nm),time1,20,17,0.13971673421124564,"[-0.34, 0.56]",0.5683547501754614,0.7397179914343945,False
Multiple inositol polyphosphate phosphatase 1,Mean Value (nm),time1,20,17,-0.6839223480390108,"[-0.87, -0.33]",0.001241992150762911,0.015502456243257539,True
Collagen alpha-1(VI) chain,Mean Value (nm),time1,20,17,0.5027412017751214,"[0.06, 0.78]",0.028244766453929183,0.11943501243375769,False
Hepatocyte growth factor activator,Mean Value (nm),time1,20,17,0.06577162297813147,"[-0.40, 0.50]",0.78907040666957,0.8755564949311284,False
Fibrinogen beta chain,Mean Value (nm),time1,20,17,-0.39773630216579203,"[-0.72, 0.07]",0.09171953567409082,0.2461695309802023,False
Hemicentin-1,Mean Value (nm),time1,20,17,0.006740198925415396,"[-0.45, 0.46]",0.9781523415807296,0.9862742466077496,False
C-type mannose receptor 2,Mean Value (nm),time1,20,17,0.16469064676596967,"[-0.31, 0.58]",0.5004650165803975,0.6913090095697225,False
Platelet glycoprotein Ib beta chain,Mean Value (nm),time1,20,17,-0.5299606924660079,"[-0.79, -0.10]",0.019601911579195067,0.0944538623071911,False
Complement C2,Mean Value (nm),time1,20,17,-0.47581178555936793,"[-0.76, -0.03]",0.03947829881522439,0.14981508268341565,False
Annexin A2,Mean Value (nm),time1,20,17,0.2463933331429795,"[-0.23, 0.63]",0.3092110735643117,0.5242924258799132,False
Protein disulfide-isomerase A3,Mean Value (nm),time1,20,17,0.09227977467259474,"[-0.38, 0.52]",0.7071146479050424,0.8277635878300835,False
Dipeptidyl peptidase 4,Mean Value (nm),time1,20,17,0.3129330271486127,"[-0.16, 0.67]",0.19206456697929222,0.3909212011602097,False
Proteasome subunit alpha type-4,Mean Value (nm),time1,20,17,-0.1544578503316703,"[-0.57, 0.32]",0.5278013921832074,0.7089504524364534,False
Coagulation factor XI,Mean Value (nm),time1,20,17,-0.6909142534244028,"[-0.87, -0.34]",0.0010549058065604127,0.013661030194957345,True
Collectin-11,Mean Value (nm),time1,20,17,0.5951371352323703,"[0.19, 0.83]",0.007186263670725487,0.04738718205021181,True
High mobility group protein B1,Mean Value (nm),time1,20,17,0.06419886161320716,"[-0.40, 0.50]",0.7940096351496964,0.8755564949311284,False
Immunoglobulin lambda variable 3-16,Mean Value (nm),time1,20,17,0.43190991481633745,"[-0.03, 0.74]",0.06480153323455147,0.20239031116168316,False
Prothrombin,Mean Value (nm),time1,20,17,0.11425573481010305,"[-0.36, 0.54]",0.6413952946688268,0.7931239910806499,False
Immunoglobulin kappa joining 1,Mean Value (nm),time1,20,17,0.37848308211571347,"[-0.09, 0.71]",0.11007095488989967,0.2774537938343943,False
Immunoglobulin heavy variable 3-7,Mean Value (nm),time1,20,17,-0.16951030923575724,"[-0.58, 0.31]",0.4878307360514518,0.6804895172685744,False
Immunoglobulin heavy variable 3-74,Mean Value (nm),time1,20,17,0.052236541671969026,"[-0.41, 0.49]",0.8318104585892776,0.8957958784807605,False
Ezrin,Mean Value (nm),time1,20,17,0.16918010424049604,"[-0.31, 0.58]",0.4886913135596712,0.6804895172685744,False
Intercellular adhesion molecule 2,Mean Value (nm),time1,20,17,0.6930453673547818,"[0.35, 0.87]",0.001002819715731739,0.013319502891001044,True
Lysozyme C,Mean Value (nm),time1,20,17,-0.6323751831754274,"[-0.84, -0.25]",0.0036695646458881626,0.027749408563066687,True
Protein AMBP,Mean Value (nm),time1,20,17,0.1255812304083798,"[-0.35, 0.55]",0.6084623971173821,0.7687402968458633,False
Prolyl endopeptidase FAP,Mean Value (nm),time1,20,17,0.45952837405875135,"[0.01, 0.76]",0.047773746018989316,0.16643733672015776,False
"Actin, cytoplasmic 2",Mean Value (nm),time1,20,17,-0.1288056014551694,"[-0.55, 0.35]",0.5992133350849795,0.7579792614750168,False
Kallistatin,Mean Value (nm),time1,20,17,-0.30434194694609906,"[-0.67, 0.17]",0.20521004329168274,0.4104200865833655,False
Hemopexin,Mean Value (nm),time1,20,17,0.0860048896200185,"[-0.38, 0.52]",0.7262744627221331,0.8398430681933471,False
C4b-binding protein beta chain,Mean Value (nm),time1,20,17,0.786479372560023,"[0.52, 0.91]",6.511361716373627e-05,0.0030662594264377623,True
Peptidyl-prolyl cis-trans isomerase A,Mean Value (nm),time1,20,17,0.00629033462867698,"[-0.45, 0.46]",0.9796102314279675,0.9862742466077496,False
Complement C1r subcomponent-like protein,Mean Value (nm),time1,20,17,0.40929665096145496,"[-0.06, 0.73]",0.08183540649358993,0.23038445958521514,False
Immunoglobulin heavy variable 3-30;Immunoglobulin heavy variable 3-30-5,Mean Value (nm),time1,20,17,0.09847679722483155,"[-0.37, 0.53]",0.6883565483526054,0.8196981426359761,False
Immunoglobulin lambda variable 3-9,Mean Value (nm),time1,20,17,-0.41510252605036474,"[-0.73, 0.05]",0.07717834203693479,0.22340590107966085,False
Immunoglobulin heavy variable 1-45,Mean Value (nm),time1,20,17,-0.5946028825513645,"[-0.83, -0.19]",0.00725171622421847,0.04738718205021181,True
Hemoglobin subunit gamma-1,Mean Value (nm),time1,20,17,0.212746735888294,"[-0.27, 0.61]",0.3818686864166515,0.5899392735133429,False
Apolipoprotein F,Mean Value (nm),time1,20,17,0.04471006056166009,"[-0.42, 0.49]",0.8557820132611658,0.9093232469113516,False
Immunoglobulin gamma-1 heavy chain,Mean Value (nm),time1,20,17,-0.10119086132839952,"[-0.53, 0.37]",0.6801949905028097,0.8151838585669566,False
Low affinity immunoglobulin gamma Fc region receptor III-B,Mean Value (nm),time1,20,17,0.39198572993431924,"[-0.08, 0.72]",0.09694834714626285,0.25500298933844523,False
Multiple epidermal growth factor-like domains protein 8,Mean Value (nm),time1,20,17,-0.32383857403275756,"[-0.68, 0.15]",0.17620452601321723,0.37314210490716737,False
Complement C4-B,Mean Value (nm),time1,20,17,-0.5442921845582928,"[-0.80, -0.12]",0.015982006287803142,0.0819671213572478,False
Glyceraldehyde-3-phosphate dehydrogenase,Mean Value (nm),time1,20,17,0.2185573610666721,"[-0.26, 0.61]",0.36868957141289505,0.5778553645745224,False
Complement C1r subcomponent,Mean Value (nm),time1,20,17,0.4241631748108749,"[-0.04, 0.74]",0.07030638610629819,0.2148596342363567,False
Sex hormone-binding globulin,Mean Value (nm),time1,20,17,0.06412663620498588,"[-0.40, 0.50]",0.794236639596981,0.8755564949311284,False
Biotinidase,Mean Value (nm),time1,20,17,-0.5062232972345284,"[-0.78, -0.07]",0.026997427483352373,0.11677468137481628,False
Cholinesterase,Mean Value (nm),time1,20,17,0.596482980671087,"[0.20, 0.83]",0.007023509683627646,0.046944232466053164,True
Immunoglobulin heavy variable 2-5,Mean Value (nm),time1,20,17,0.30952802178086875,"[-0.17, 0.67]",0.19720556873909628,0.39981402977241437,False
Immunoglobulin lambda variable 1-36,Mean Value (nm),time1,20,17,0.0532603657172727,"[-0.41, 0.50]",0.8285601015443849,0.8941544429166486,False
Immunoglobulin kappa variable 3-11,Mean Value (nm),time1,20,17,0.5625768979626506,"[0.15, 0.81]",0.01215970567851217,0.06714064090555873,False
Immunoglobulin kappa variable 6-21,Mean Value (nm),time1,20,17,-0.2983233364788103,"[-0.66, 0.18]",0.2147648475801974,0.4215270371555939,False
Immunoglobulin kappa light chain,Mean Value (nm),time1,20,17,0.055409337232377454,"[-0.41, 0.50]",0.8217464400337793,0.8895967745716782,False
Neuropilin-1,Mean Value (nm),time1,20,17,-0.20654232703983583,"[-0.60, 0.27]",0.39622619997420594,0.601010751351797,False
Ficolin-2,Mean Value (nm),time1,20,17,0.27698376771484257,"[-0.20, 0.65]",0.25096143230813045,0.46180469604124896,False
Gamma-glutamyl hydrolase,Mean Value (nm),time1,20,17,0.2564618751661847,"[-0.22, 0.64]",0.28921056551909624,0.5086963427466616,False
Keratinocyte proline-rich protein,Mean Value (nm),time1,20,17,0.02306682512029259,"[-0.44, 0.47]",0.9253221427483482,0.9548144819594511,False
Kyphoscoliosis peptidase,Mean Value (nm),time1,20,17,0.08598000605024096,"[-0.38, 0.52]",0.7263507616807326,0.8398430681933471,False
Laminin subunit alpha-2,Mean Value (nm),time1,20,17,0.23986602662450318,"[-0.24, 0.63]",0.3226093085620222,0.5385352272731191,False
Desmoglein-1,Mean Value (nm),time1,20,17,0.45923327264657793,"[0.01, 0.76]",0.04793544358533856,0.16643733672015776,False
Immunoglobulin lambda variable 3-27,Mean Value (nm),time1,20,17,-0.3546809896505024,"[-0.70, 0.12]",0.13622404576095515,0.3229476233600676,False
Myosin-9,Mean Value (nm),time1,20,17,0.01589740650182273,"[-0.44, 0.47]",0.9484968918199661,0.9681209654438275,False
Versican core protein,Mean Value (nm),time1,20,17,0.706343590845715,"[0.37, 0.88]",0.000724105671662673,0.010696432722324725,True
Proteasome subunit beta type-3,Mean Value (nm),time1,20,17,0.0324904927510055,"[-0.43, 0.48]",0.8949508569818776,0.9355893923645057,False
Alpha-N-acetylglucosaminidase,Mean Value (nm),time1,20,17,0.09987632809466156,"[-0.37, 0.53]",0.6841437851811042,0.8175005322348603,False
Caspase-14,Mean Value (nm),time1,20,17,0.3839097064063738,"[-0.09, 0.71]",0.10465238579578857,0.2682748734423963,False
Histidine-rich glycoprotein,Mean Value (nm),time1,20,17,-0.7070629627393502,"[-0.88, -0.37]",0.0007111121288777732,0.010676987906048884,True
"ATP synthase subunit alpha, mitochondrial",Mean Value (nm),time1,20,17,0.419197334542126,"[-0.04, 0.73]",0.07401373655364629,0.2192203239072002,False
Immunoglobulin kappa constant,Mean Value (nm),time1,20,17,0.09320244204010089,"[-0.38, 0.53]",0.704311214010006,0.8272861878847689,False
Interleukin-1 receptor accessory protein,Mean Value (nm),time1,20,17,-0.39502673637291,"[-0.72, 0.07]",0.09415697730788328,0.24958407151443995,False
Immunoglobulin lambda variable 9-49,Mean Value (nm),time1,20,17,0.19825001049332502,"[-0.28, 0.60]",0.4158692913931107,0.620807760638707,False
Plexin domain-containing protein 2,Mean Value (nm),time1,20,17,0.7662776067629221,"[0.48, 0.91]",0.00013031185772498647,0.004218846393846437,True
Immunoglobulin heavy variable 4-28,Mean Value (nm),time1,20,17,-0.19749838852015644,"[-0.60, 0.28]",0.41767514950515794,0.622606409909847,False
Desmoplakin,Mean Value (nm),time1,20,17,0.17580661307898646,"[-0.30, 0.58]",0.47156464091203243,0.6664951814254647,False
Endoplasmin,Mean Value (nm),time1,20,17,0.04599615601653374,"[-0.42, 0.49]",0.8516766876785047,0.9077541650565132,False
Heparin cofactor 2,Mean Value (nm),time1,20,17,0.26503480603629104,"[-0.22, 0.64]",0.2728210893957165,0.4881742917311276,False
Laminin subunit gamma-1,Mean Value (nm),time1,20,17,-0.13105939811564626,"[-0.55, 0.34]",0.5927829645270473,0.7509132468364738,False
Polymeric immunoglobulin receptor,Mean Value (nm),time1,20,17,0.30168214579433417,"[-0.18, 0.66]",0.20939734363026916,0.41502266157153633,False
Serum amyloid A-4 protein,Mean Value (nm),time1,20,17,0.6249157805224987,"[0.24, 0.84]",0.004226477453491926,0.03150093986919161,True
Catalase,Mean Value (nm),time1,20,17,-0.07219316022617886,"[-0.51, 0.39]",0.7689853383390193,0.8643338399665618,False
Complement receptor type 1,Mean Value (nm),time1,20,17,-0.4673684873004763,"[-0.76, -0.02]",0.04362826585305341,0.1590665330110924,False
Immunoglobulin kappa variable 1-27,Mean Value (nm),time1,20,17,0.07659586031108029,"[-0.39, 0.51]",0.7552948648602984,0.8552759003119295,False
Immunoglobulin kappa variable 2-30,Mean Value (nm),time1,20,17,0.023674177692782013,"[-0.44, 0.47]",0.9233612999691809,0.9548144819594511,False
Protein-glutamine gamma-glutamyltransferase E,Mean Value (nm),time1,20,17,0.39471849794946035,"[-0.07, 0.72]",0.09443721624870702,0.24958407151443995,False
Periostin,Mean Value (nm),time1,20,17,-0.45519930697086036,"[-0.75, -0.00]",0.050187910800427296,0.17103511706987723,False
Albumin,Mean Value (nm),time1,20,17,-0.2572631028576311,"[-0.64, 0.22]",0.28765383100008407,0.5074603875111173,False
Complement factor B,Mean Value (nm),time1,20,17,-0.5057825601037708,"[-0.78, -0.07]",0.027152876444013332,0.11677468137481628,False
Probable non-functional immunoglobulinn kappa variable 1-37;Probable non-functional immunoglobulinn kappa variable 1D-37,Mean Value (nm),time1,20,17,-0.5945270161742906,"[-0.83, -0.19]",0.00726104999550323,0.04738718205021181,True
Immunoglobulin lambda variable 8-61,Mean Value (nm),time1,20,17,0.5193089042015414,"[0.09, 0.79]",0.02269092927269173,0.10447912322892725,False
Annexin A1,Mean Value (nm),time1,20,17,0.11197826634819925,"[-0.36, 0.54]",0.6480985580819252,0.7961816647010164,False
CD5 antigen-like,Mean Value (nm),time1,20,17,0.2540481227741763,"[-0.23, 0.63]",0.2939314213487675,0.5126480682109817,False
RB-associated KRAB zinc finger protein,Mean Value (nm),time1,20,17,0.09240693239364257,"[-0.38, 0.52]",0.706728076292554,0.8277635878300835,False
Immunoglobulin lambda variable 7-46,Mean Value (nm),time1,20,17,0.6770199906429377,"[0.32, 0.87]",0.0014531382968091286,0.016025002363036576,True
Basement membrane-specific heparan sulfate proteoglycan core protein,Mean Value (nm),time1,20,17,-0.49637431599016846,"[-0.78, -0.05]",0.03064158952222525,0.12697874698010145,False
Vitamin K-dependent protein C,Mean Value (nm),time1,20,17,-0.3559768082044187,"[-0.70, 0.12]",0.13469754186689573,0.320796904308285,False
Immunoglobulin lambda variable 1-40,Mean Value (nm),time1,20,17,-0.34342226370936585,"[-0.69, 0.13]",0.14999980696538912,0.3386590231681264,False
Pantetheinase,Mean Value (nm),time1,20,17,-0.31872996767796463,"[-0.68, 0.16]",0.18351960819069554,0.38409356380921333,False
Neutrophil defensin 1;Neutrophil defensin 3,Mean Value (nm),time1,20,17,0.18937552742237487,"[-0.29, 0.59]",0.4374569053231291,0.6361877571101135,False
Immunoglobulin lambda variable 2-8,Mean Value (nm),time1,20,17,-0.3417191426628163,"[-0.69, 0.13]",0.15216463956278387,0.34121767659533353,False
Immunoglobulin heavy variable 1-18,Mean Value (nm),time1,20,17,0.24997826706108897,"[-0.23, 0.63]",0.30199692088993696,0.5197683044413566,False
Immunoglobulin kappa variable 3D-15,Mean Value (nm),time1,20,17,0.7422780124742849,"[0.43, 0.89]",0.00027349236758975835,0.006233448399919774,True
Extracellular matrix protein 1,Mean Value (nm),time1,20,17,-0.32413770875593584,"[-0.68, 0.15]",0.17578240553473917,0.37314210490716737,False
Tubulin alpha-1B chain,Mean Value (nm),time1,20,17,0.3293847421466646,"[-0.15, 0.68]",0.16848927215704151,0.3621470662960477,False
Immunoglobulin lambda variable 5-45,Mean Value (nm),time1,20,17,0.2715362251804872,"[-0.21, 0.65]",0.26078515228794713,0.47233114994810005,False
Alpha-2-HS-glycoprotein,Mean Value (nm),time1,20,17,0.38368201587018136,"[-0.09, 0.71]",0.1048757951198557,0.2682748734423963,False
Cartilage acidic protein 1,Mean Value (nm),time1,20,17,-0.7817182889240049,"[-0.91, -0.51]",7.717388548976036e-05,0.003187738101943966,True
Coagulation factor IX,Mean Value (nm),time1,20,17,0.7648034155791188,"[0.48, 0.90]",0.00013671585849146784,0.004292049375671536,True
Integrin alpha-2,Mean Value (nm),time1,20,17,-0.41530416003530574,"[-0.73, 0.05]",0.0770202087799884,0.22340590107966085,False
"Mannosyl-oligosaccharide 1,2-alpha-mannosidase IA",Mean Value (nm),time1,20,17,0.08778156663355662,"[-0.38, 0.52]",0.7208331640943814,0.8372008497777793,False
Endophilin-A3,Mean Value (nm),time1,20,17,-0.464057582528915,"[-0.76, -0.01]",0.04534385995559208,0.16254753949478684,False
Collagen alpha-1(I) chain,Mean Value (nm),time1,20,17,0.6362265496552713,"[0.26, 0.85]",0.0034066176972961625,0.02690309103979955,True
Carboxypeptidase N subunit 2,Mean Value (nm),time1,20,17,0.6792290351633226,"[0.33, 0.87]",0.0013825307212475305,0.01583461925789575,True
Scavenger receptor cysteine-rich type 1 protein M130,Mean Value (nm),time1,20,17,-0.2082626813216955,"[-0.61, 0.27]",0.39221582657088416,0.5966748844749428,False
Annexin A5,Mean Value (nm),time1,20,17,0.2726157620361851,"[-0.21, 0.65]",0.25881947492107693,0.47233114994810005,False
Platelet factor 4,Mean Value (nm),time1,20,17,0.1744322477834181,"[-0.30, 0.58]",0.47509185226198347,0.6679475010690625,False
Immunoglobulin heavy variable 3-72,Mean Value (nm),time1,20,17,0.4555618540777843,"[0.00, 0.75]",0.049982241818442394,0.1708963779666875,False
Protein HEG homolog 1,Mean Value (nm),time1,20,17,0.25411868454849085,"[-0.23, 0.64]",0.2937927533719647,0.5126480682109817,False
Sulfhydryl oxidase 1,Mean Value (nm),time1,20,17,-0.6568122418584754,"[-0.86, -0.29]",0.0022505457713464035,0.02063332229305198,True
Corticosteroid-binding globulin,Mean Value (nm),time1,20,17,0.14651248766028843,"[-0.33, 0.56]",0.5494920590597931,0.7244471361813491,False
Angiopoietin-related protein 6,Mean Value (nm),time1,20,17,-0.19441137303559608,"[-0.60, 0.28]",0.425135910670288,0.6292011477920263,False
72 kDa type IV collagenase,Mean Value (nm),time1,20,17,-0.8357846667515009,"[-0.94, -0.62]",8.362398920640387e-06,0.0013459765510498646,True
Trypsin-3,Mean Value (nm),time1,20,17,0.3062676995376119,"[-0.17, 0.67]",0.20221309624934833,0.4075734780434336,False
Complement component C9,Mean Value (nm),time1,20,17,-0.3805793009216186,"[-0.71, 0.09]",0.10795451536817739,0.2727826290766629,False
Pyruvate kinase PKM,Mean Value (nm),time1,20,17,0.31952867084560493,"[-0.16, 0.68]",0.18236267826993055,0.3832205571757567,False
Immunoglobulin heavy variable 4-34,Mean Value (nm),time1,20,17,0.41588082750638355,"[-0.05, 0.73]",0.07656927536124204,0.22340590107966085,False
Immunoglobulin kappa variable 6D-21,Mean Value (nm),time1,20,17,0.4007640931445192,"[-0.07, 0.72]",0.08905065389998423,0.24323260717921977,False
Immunoglobulin lambda-1 light chain,Mean Value (nm),time1,20,17,-0.2712038438962072,"[-0.65, 0.21]",0.26139225274891903,0.4726044918811172,False
Transforming growth factor-beta-induced protein ig-h3,Mean Value (nm),time1,20,17,-0.6386338481831021,"[-0.85, -0.26]",0.0032503063303826346,0.026129234801831137,True
Complement C1q subcomponent subunit A,Mean Value (nm),time1,20,17,0.22758765610808226,"[-0.25, 0.62]",0.3487267825755084,0.5618677243362779,False
Prolow-density lipoprotein receptor-related protein 1,Mean Value (nm),time1,20,17,0.39884823127276087,"[-0.07, 0.72]",0.09073272053936704,0.24542845555818343,False
Immunoglobulin heavy constant mu,Mean Value (nm),time1,20,17,0.395634937660628,"[-0.07, 0.72]",0.09360579964493208,0.24958407151443995,False
UV-stimulated scaffold protein A,Mean Value (nm),time1,20,17,0.029438822447102213,"[-0.43, 0.48]",0.9047726793888597,0.9414346686524095,False
Complement component C6,Mean Value (nm),time1,20,17,-0.7905787984801852,"[-0.92, -0.52]",5.6059417638368014e-05,0.002903877833667463,True
Angiotensinogen,Mean Value (nm),time1,20,17,0.7409777565344084,"[0.43, 0.89]",0.00028405648250077775,0.00626133012491076,True
Pregnancy zone protein,Mean Value (nm),time1,20,17,0.45307260798368043,"[-0.00, 0.75]",0.05140735649491462,0.17355133631489553,False
Histone H2A type 1-B/E;Histone H2A type 3;Histone H2A type 1-C,Mean Value (nm),time1,20,17,0.10523132199506409,"[-0.37, 0.53]",0.6681078131023062,0.8054457977494683,False
Desmocollin-1,Mean Value (nm),time1,20,17,0.4102317685658623,"[-0.05, 0.73]",0.0810716791124483,0.22991694721775188,False
Protein Z-dependent protease inhibitor,Mean Value (nm),time1,20,17,0.45656829006362387,"[0.00, 0.75]",0.049414662597750625,0.16993784330669784,False
Immunoglobulin kappa variable 1-17,Mean Value (nm),time1,20,17,-0.33746613773211814,"[-0.69, 0.14]",0.15766468374401776,0.34885128577658775,False
Fibronectin,Mean Value (nm),time1,20,17,0.21920559118263583,"[-0.26, 0.61]",0.36723545634778276,0.5774065481474855,False
Probable non-functional immunoglobulin heavy variable 3-38,Mean Value (nm),time1,20,17,0.020220596776246005,"[-0.44, 0.47]",0.9345165314878747,0.9595234158785314,False
Nucleoside diphosphate kinase 3,Mean Value (nm),time1,20,17,0.2311930095628013,"[-0.25, 0.62]",0.3409345811747687,0.5564761841530678,False
Plasma protease C1 inhibitor,Mean Value (nm),time1,20,17,0.09449945949364602,"[-0.38, 0.53]",0.700376525768094,0.8254761523819807,False
Immunoglobulin kappa variable 1-16,Mean Value (nm),time1,20,17,0.15394128859926784,"[-0.32, 0.57]",0.5291994327059406,0.7089504524364534,False
F-actin-capping protein subunit alpha-1,Mean Value (nm),time1,20,17,-0.015172858013890815,"[-0.47, 0.44]",0.9508414587142314,0.9689458269683949,False
Cathepsin D,Mean Value (nm),time1,20,17,0.11316423268693628,"[-0.36, 0.54]",0.6446046336775166,0.7931239910806499,False
Anthrax toxin receptor 2,Mean Value (nm),time1,20,17,0.12521001226727893,"[-0.35, 0.55]",0.609530928251799,0.7691523041033663,False
Talin-1,Mean Value (nm),time1,20,17,0.07391143188695065,"[-0.39, 0.51]",0.7636342330831645,0.861792010320434,False
Protein disulfide-isomerase,Mean Value (nm),time1,20,17,0.19063873045040847,"[-0.29, 0.59]",0.4343488758264793,0.635572648808238,False
Junction plakoglobin,Mean Value (nm),time1,20,17,0.1496906327288412,"[-0.33, 0.57]",0.5407680880714212,0.7173312922432681,False
Tenascin,Mean Value (nm),time1,20,17,0.19075612888488747,"[-0.29, 0.59]",0.43406061453433475,0.635572648808238,False
Cadherin-related family member 5,Mean Value (nm),time1,20,17,-0.3496078346696413,"[-0.69, 0.12]",0.14231697294152942,0.3291079999272868,False
Kininogen-1,Mean Value (nm),time1,20,17,-0.47473390693595197,"[-0.76, -0.03]",0.03999044820708966,0.1512047603742514,False
Alpha-1-antichymotrypsin,Mean Value (nm),time1,20,17,-0.43423256660541826,"[-0.74, 0.02]",0.06321575944009467,0.20027989840959656,False
Integrin alpha-IIb,Mean Value (nm),time1,20,17,-0.39621990684921765,"[-0.72, 0.07]",0.09307789637296915,0.24916976910179855,False
Serum amyloid P-component,Mean Value (nm),time1,20,17,-0.7677819888913713,"[-0.91, -0.48]",0.00012404214305829537,0.004145408393819162,True
Inter-alpha-trypsin inhibitor heavy chain H1,Mean Value (nm),time1,20,17,0.8179822570684719,"[0.58, 0.93]",1.880853337775662e-05,0.0014988954291812202,True
Probable non-functional immunoglobulin heavy variable 3-35,Mean Value (nm),time1,20,17,-0.2512546736510507,"[-0.63, 0.23]",0.29945312277546965,0.5185822418515116,False
Immunoglobulin kappa variable 1-5,Mean Value (nm),time1,20,17,-0.3820706460128491,"[-0.71, 0.09]",0.10646670054457338,0.27100614684073226,False
Band 3 anion transport protein,Mean Value (nm),time1,20,17,0.3299638824735099,"[-0.15, 0.68]",0.167697137650271,0.3611938349390452,False
Immunoglobulin lambda variable 7-43,Mean Value (nm),time1,20,17,0.5451213963551361,"[0.12, 0.80]",0.015790149404761283,0.08138604369817258,False
Peroxiredoxin-1,Mean Value (nm),time1,20,17,-0.05709975836390701,"[-0.50, 0.41]",0.8163952342613847,0.8856392279526645,False
Matrix metalloproteinase-9,Mean Value (nm),time1,20,17,-0.16081414046877618,"[-0.57, 0.32]",0.5107399252145848,0.6980561510848415,False
Multimerin-2,Mean Value (nm),time1,20,17,0.2784582674330931,"[-0.20, 0.65]",0.24834334649469464,0.4578001903354157,False
Immunoglobulin heavy variable 1-3,Mean Value (nm),time1,20,17,-0.16093287216152063,"[-0.57, 0.32]",0.5104237406526173,0.6980561510848415,False
Podocalyxin,Mean Value (nm),time1,20,17,-0.2879004061028848,"[-0.66, 0.19]",0.23199064763217603,0.44180571865245294,False
Immunoglobulin lambda variable 1-51,Mean Value (nm),time1,20,17,-0.09278243577298094,"[-0.52, 0.38]",0.7055869115639508,0.8277635878300835,False
Cadherin-13,Mean Value (nm),time1,20,17,-0.5375168885952424,"[-0.80, -0.11]",0.01762024569578126,0.08734246191784394,False
Plastin-2,Mean Value (nm),time1,20,17,-0.44588221368949443,"[-0.75, 0.01]",0.05569752125467989,0.1831829587931694,False
Inter-alpha-trypsin inhibitor heavy chain H4,Mean Value (nm),time1,20,17,0.7549159312643685,"[0.46, 0.90]",0.0001870070845321223,0.004967675373725095,True
Fructose-bisphosphate aldolase B,Mean Value (nm),time1,20,17,-0.29802916595379786,"[-0.66, 0.18]",0.21523919175222894,0.4215270371555939,False
Mannan-binding lectin serine protease 2,Mean Value (nm),time1,20,17,0.45867865907297567,"[0.01, 0.76]",0.048240467042125874,0.16659041285214138,False
Platelet glycoprotein 4,Mean Value (nm),time1,20,17,-0.8463204643810812,"[-0.94, -0.64]",4.942834647452293e-06,0.0010241553389521152,True
Hemoglobin subunit alpha,Mean Value (nm),time1,20,17,0.3419154814375902,"[-0.13, 0.69]",0.15191397875496473,0.34121767659533353,False
Immunoglobulin lambda variable 3-10,Mean Value (nm),time1,20,17,-0.15581578720893077,"[-0.57, 0.32]",0.524134405585873,0.7070354742017766,False
Serum paraoxonase/lactonase 3,Mean Value (nm),time1,20,17,0.4616836077338393,"[0.01, 0.76]",0.04660539364758223,0.16367182311489897,False
Dopamine beta-hydroxylase,Mean Value (nm),time1,20,17,0.5312424557013824,"[0.10, 0.79]",0.019253878725534575,0.09321036616660663,False
Triosephosphate isomerase,Mean Value (nm),time1,20,17,0.13983440662373536,"[-0.34, 0.56]",0.5680257549976235,0.7397179914343945,False
Endoplasmic reticulum chaperone BiP,Mean Value (nm),time1,20,17,0.5944320839116453,"[0.19, 0.83]",0.0072727431911039355,0.04738718205021181,True
Suprabasin,Mean Value (nm),time1,20,17,0.5172751952042496,"[0.08, 0.79]",0.023322060401795946,0.1055523466409207,False
Immunoglobulin kappa variable 3-20,Mean Value (nm),time1,20,17,0.6552258869131293,"[0.29, 0.85]",0.0023260880782738093,0.02113883551834795,True
Ficolin-1,Mean Value (nm),time1,20,17,0.14602269029010276,"[-0.33, 0.56]",0.5508421290177461,0.7244471361813491,False
Autotaxin,Mean Value (nm),time1,20,17,0.06165809903199418,"[-0.40, 0.50]",0.8020046595061114,0.8755564949311284,False
Histidine ammonia-lyase,Mean Value (nm),time1,20,17,0.30160833664418807,"[-0.18, 0.66]",0.20951433590918295,0.41502266157153633,False
Noelin,Mean Value (nm),time1,20,17,-0.21687106679404428,"[-0.61, 0.26]",0.37248749039420703,0.5802963008246593,False
Prenylcysteine oxidase 1,Mean Value (nm),time1,20,17,0.05911092601245018,"[-0.41, 0.50]",0.8100388077007554,0.8805878329254802,False
Immunoglobulin delta heavy chain,Mean Value (nm),time1,20,17,-0.3021939857656593,"[-0.67, 0.18]",0.20858722645733818,0.41502266157153633,False
Antithrombin-III,Mean Value (nm),time1,20,17,0.8067354161277805,"[0.56, 0.92]",3.0055748117708905e-05,0.002075850336663095,True
Complement component C7,Mean Value (nm),time1,20,17,-0.5938519535023374,"[-0.83, -0.19]",0.007344533570454613,0.04755585486869362,True
BOS complex subunit NOMO3;BOS complex subunit NOMO1;BOS complex subunit NOMO2,Mean Value (nm),time1,20,17,-0.6951338793912812,"[-0.87, -0.35]",0.0009538843041012966,0.012965464263234259,True
Cofilin-1,Mean Value (nm),time1,20,17,0.43646644487180053,"[-0.02, 0.74]",0.06171823215365802,0.19795693037520035,False
Histone H4,Mean Value (nm),time1,20,17,0.26962078414615076,"[-0.21, 0.64]",0.2642959093771444,0.47702188521728506,False
Serum amyloid A-1 protein,Mean Value (nm),time1,20,17,-0.015069611844108094,"[-0.47, 0.44]",0.9511755849680092,0.9689458269683949,False
Transferrin receptor protein 1,Mean Value (nm),time1,20,17,0.3468261269549218,"[-0.13, 0.69]",0.1457372883536213,0.33489309653445176,False
Serpin B12,Mean Value (nm),time1,20,17,0.08006301957908742,"[-0.39, 0.52]",0.7445622359862847,0.8495225511913996,False
Immunoglobulin kappa variable 3D-20,Mean Value (nm),time1,20,17,0.16807470115157258,"[-0.31, 0.58]",0.49157760548675256,0.6817893686586631,False
Probable non-functional immunoglobulin heavy variable 3-16,Mean Value (nm),time1,20,17,0.10620152082307431,"[-0.37, 0.53]",0.6652169025890509,0.8046199177072841,False
Immunoglobulin lambda variable 6-57,Mean Value (nm),time1,20,17,0.06234684006009211,"[-0.40, 0.50]",0.7998354999392071,0.8755564949311284,False
Fibrinogen alpha chain,Mean Value (nm),time1,20,17,0.37558534102470054,"[-0.09, 0.71]",0.11304543525776947,0.28159685456158423,False
Galectin-3-binding protein,Mean Value (nm),time1,20,17,0.009852249712514102,"[-0.45, 0.46]",0.96806907235311,0.9807792781172405,False
Macrophage colony-stimulating factor 1 receptor,Mean Value (nm),time1,20,17,-0.24647601734402438,"[-0.63, 0.23]",0.30904352826213666,0.5242924258799132,False
Phosphatidylinositol-glycan-specific phospholipase D,Mean Value (nm),time1,20,17,-0.6506421530260629,"[-0.85, -0.28]",0.0025562819308039978,0.02302876591576471,True
Serotransferrin,Mean Value (nm),time1,20,17,0.03342532965348063,"[-0.43, 0.48]",0.8919449389098227,0.9333888451621983,False
Integrin alpha-11,Mean Value (nm),time1,20,17,0.3082214592972979,"[-0.17, 0.67]",0.19920231681334186,0.4022877197244097,False
Proprotein convertase subtilisin/kexin type 9,Mean Value (nm),time1,20,17,0.6793278427057294,"[0.33, 0.87]",0.0013794407590123727,0.01583461925789575,True
Gelsolin,Mean Value (nm),time1,20,17,-0.35136052753981933,"[-0.69, 0.12]",0.14019087942527647,0.3277954917996018,False
Proteoglycan 4,Mean Value (nm),time1,20,17,-0.31329165582238366,"[-0.67, 0.16]",0.19152835871085983,0.3909212011602097,False
Vascular cell adhesion protein 1,Mean Value (nm),time1,20,17,0.7124068490897653,"[0.38, 0.88]",0.0006205897219889109,0.009556823512355097,True
Adhesion G protein-coupled receptor F5,Mean Value (nm),time1,20,17,-0.012334448398598336,"[-0.46, 0.44]",0.9600298227363593,0.9760460219380453,False
Insulin-like growth factor-binding protein 3,Mean Value (nm),time1,20,17,0.34073913701127895,"[-0.13, 0.69]",0.15342006378670744,0.3432898187538421,False
Transthyretin,Mean Value (nm),time1,20,17,0.15787099845811722,"[-0.32, 0.57]",0.5186071656097144,0.7032421774498222,False
Coiled-coil domain-containing protein 126,Mean Value (nm),time1,20,17,0.4112116274884057,"[-0.05, 0.73]",0.08027705993193261,0.2284808628831928,False
Guanine nucleotide-binding protein G(i) subunit alpha-2,Mean Value (nm),time1,20,17,0.006530190600771828,"[-0.45, 0.46]",0.978832914400636,0.9862742466077496,False
Apolipoprotein C-I,Mean Value (nm),time1,20,17,0.5281375903846004,"[0.10, 0.79]",0.020105499544322225,0.09554723636659553,False
Syntenin-1,Mean Value (nm),time1,20,17,-0.4623813658701869,"[-0.76, -0.01]",0.046231855561271594,0.16346826744531526,False
Phospholipid transfer protein,Mean Value (nm),time1,20,17,-0.04495270274253758,"[-0.49, 0.42]",0.8550072041938132,0.9093232469113516,False
Laminin subunit beta-1,Mean Value (nm),time1,20,17,-0.29022355169931724,"[-0.66, 0.19]",0.2280763866234948,0.43754548684335165,False
Proline-rich protein 4,Mean Value (nm),time1,20,17,0.38477269796854885,"[-0.08, 0.71]",0.10380873520377804,0.267526989231627,False
Immunoglobulin kappa variable 2-28;Immunoglobulin kappa variable 2D-28,Mean Value (nm),time1,20,17,-0.40420349287079593,"[-0.73, 0.06]",0.08608837113008434,0.23901150360827444,False
Complement C3,Mean Value (nm),time1,20,17,0.3339549270114451,"[-0.14, 0.68]",0.16230731013276492,0.35325708675954715,False
Thyroxine-binding globulin,Mean Value (nm),time1,20,17,0.5675180354448546,"[0.15, 0.81]",0.011264488504721906,0.06412093456534008,False
Immunoglobulin kappa variable 1D-13;Immunoglobulin kappa variable 1-13,Mean Value (nm),time1,20,17,-0.1526347538837423,"[-0.57, 0.32]",0.5327431027140974,0.7089504524364534,False
Complement factor H-related protein 5,Mean Value (nm),time1,20,17,-0.6963687475504534,"[-0.87, -0.35]",0.0009259046308597615,0.012962664832036662,True
Immunoglobulin lambda variable 2-23,Mean Value (nm),time1,20,17,0.28137734730988906,"[-0.20, 0.65]",0.24321167445097056,0.45236498156410326,False
Coagulation factor VII,Mean Value (nm),time1,20,17,-0.24892399886821495,"[-0.63, 0.23]",0.3041078295101724,0.5224804500373774,False
Immunoglobulin heavy constant gamma 4,Mean Value (nm),time1,20,17,-0.06167200177825447,"[-0.50, 0.40]",0.8019608596480576,0.8755564949311284,False
L-lactate dehydrogenase B chain,Mean Value (nm),time1,20,17,-0.11476714213428103,"[-0.54, 0.36]",0.6398936937251987,0.7929783094489303,False
Zinc-alpha-2-glycoprotein,Mean Value (nm),time1,20,17,0.177145945944283,"[-0.30, 0.58]",0.4681400050410477,0.6646443690794698,False
"Dihydrolipoyllysine-residue succinyltransferase component of 2-oxoglutarate dehydrogenase complex, mitochondrial",Mean Value (nm),time1,20,17,-0.5359516093622921,"[-0.80, -0.11]",0.018017066602546004,0.08888419523922696,False
Serpin B3,Mean Value (nm),time1,20,17,0.121262593134498,"[-0.35, 0.55]",0.6209398340688619,0.7764796438028261,False
Immunoglobulin heavy variable 3-33,Mean Value (nm),time1,20,17,-0.017316320859445684,"[-0.47, 0.44]",0.9439066166297987,0.9653378626144832,False
Follistatin-related protein 1,Mean Value (nm),time1,20,17,0.17303925352782676,"[-0.31, 0.58]",0.47868024708933143,0.6719684769438311,False
Cholesteryl ester transfer protein,Mean Value (nm),time1,20,17,-0.6805659021647325,"[-0.87, -0.33]",0.001341209987867949,0.01583461925789575,True
Complement C1q subcomponent subunit C,Mean Value (nm),time1,20,17,-0.21132499652351522,"[-0.61, 0.27]",0.385132803157487,0.5919845460996387,False
Immunoglobulin heavy variable 4-30-2,Mean Value (nm),time1,20,17,0.1680664844093312,"[-0.31, 0.58]",0.4915990911081287,0.6817893686586631,False
Thrombospondin-4,Mean Value (nm),time1,20,17,0.5220402882156243,"[0.09, 0.79]",0.02186455753257244,0.1027153125434711,False
Transketolase,Mean Value (nm),time1,20,17,-0.04827072594502298,"[-0.49, 0.42]",0.8444250633879379,0.9037441794110574,False
Complement receptor type 2,Mean Value (nm),time1,20,17,-0.13492114843786598,"[-0.56, 0.34]",0.5818323453570085,0.749195236008037,False
Immunoglobulin kappa variable 2-40;Immunoglobulin kappa variable 2D-40,Mean Value (nm),time1,20,17,0.18872556991162948,"[-0.29, 0.59]",0.4390606018049473,0.636239558599793,False
Immunoglobulin kappa variable 3D-7,Mean Value (nm),time1,20,17,-0.4055313107473481,"[-0.73, 0.06]",0.08496431250070333,0.23725883490762437,False
Immunoglobulin heavy variable 3-64,Mean Value (nm),time1,20,17,0.3916866942288767,"[-0.08, 0.72]",0.09722604323232227,0.25500298933844523,False
Vitronectin,Mean Value (nm),time1,20,17,-0.5869002300551264,"[-0.82, -0.18]",0.008250542343752434,0.05190990154696449,False
Complement component C8 gamma chain,Mean Value (nm),time1,20,17,-0.622835982546448,"[-0.84, -0.24]",0.004393566033611596,0.03226496266051439,True
Immunoglobulin heavy variable 5-51,Mean Value (nm),time1,20,17,0.6676020195741356,"[0.31, 0.86]",0.0017888817900885432,0.018288677987939705,True
Coagulation factor V,Mean Value (nm),time1,20,17,-0.7172230328044081,"[-0.88, -0.39]",0.0005475218047489822,0.00900808101695635,True
Protein S100-A7,Mean Value (nm),time1,20,17,0.14672505751378156,"[-0.33, 0.56]",0.5489065964456117,0.7244471361813491,False
Arginase-1,Mean Value (nm),time1,20,17,0.10309230499987458,"[-0.37, 0.53]",0.6744972395182041,0.8113594452696923,False
Protein-glutamine gamma-glutamyltransferase K,Mean Value (nm),time1,20,17,0.285337122612256,"[-0.19, 0.65]",0.23635947802705984,0.44612030724848,False
Immunoglobulin kappa variable 4-1,Mean Value (nm),time1,20,17,0.2722689850793944,"[-0.21, 0.65]",0.25944988499336985,0.47233114994810005,False
Coagulation factor XIII B chain,Mean Value (nm),time1,20,17,-0.6669838151112335,"[-0.86, -0.31]",0.0018130069412615024,0.018288677987939705,True
Apolipoprotein C-II,Mean Value (nm),time1,20,17,0.16238974382073437,"[-0.32, 0.57]",0.5065516530053276,0.6960046585059938,False
Bone marrow proteoglycan,Mean Value (nm),time1,20,17,-0.18664623655067256,"[-0.59, 0.29]",0.444211665587946,0.640060202432701,False
Apolipoprotein A-I,Mean Value (nm),time1,20,17,0.7508870590411177,"[0.45, 0.90]",0.00021160141933150453,0.005346806595791188,True
Coagulation factor X,Mean Value (nm),time1,20,17,0.2085365676415639,"[-0.27, 0.61]",0.3915794324813717,0.5965827824275016,False
Thioredoxin,Mean Value (nm),time1,20,17,0.33543990455476835,"[-0.14, 0.69]",0.16033253773226272,0.35043145377768814,False
Immunoglobulin heavy variable 3-15,Mean Value (nm),time1,20,17,-0.0483634849192775,"[-0.49, 0.41]",0.8441295858582347,0.9037441794110574,False
Proteasome subunit beta type-2,Mean Value (nm),time1,20,17,0.04170583149176818,"[-0.42, 0.49]",0.8653854239833924,0.9157704793123539,False
Apolipoprotein A-II,Mean Value (nm),time1,20,17,0.1243486870868431,"[-0.35, 0.55]",0.612013119075963,0.7704077659328039,False
Immunoglobulin heavy constant gamma 2,Mean Value (nm),time1,20,17,-0.2030495591606517,"[-0.60, 0.28]",0.4044370925097017,0.6090070172093764,False
Plakophilin-1,Mean Value (nm),time1,20,17,0.402933788186693,"[-0.06, 0.72]",0.08717339920340372,0.23901150360827444,False
Fetuin-B,Mean Value (nm),time1,20,17,0.31574144897651335,"[-0.16, 0.67]",0.18789227032600436,0.38931278411548104,False
Complement factor H-related protein 3,Mean Value (nm),time1,20,17,-0.2649262559383148,"[-0.64, 0.22]",0.27302492585066146,0.4881742917311276,False
Plasminogen,Mean Value (nm),time1,20,17,-0.6919799130663766,"[-0.87, -0.35]",0.0010285839204435868,0.013488771412399443,True
Fermitin family homolog 3,Mean Value (nm),time1,20,17,0.10825926052531092,"[-0.36, 0.54]",0.6591004245035943,0.8033271056302631,False
Immunoglobulin heavy variable 3-21,Mean Value (nm),time1,20,17,0.41125197187074325,"[-0.05, 0.73]",0.08024446614483018,0.2284808628831928,False
Immunoglobulin heavy variable 2-26,Mean Value (nm),time1,20,17,0.48434930844745944,"[0.04, 0.77]",0.035598149791039486,0.13916861578685627,False
Immunoglobulin kappa variable 1-12;Immunoglobulin kappa variable 1D-12,Mean Value (nm),time1,20,17,-0.24780354858717257,"[-0.63, 0.23]",0.3063609815578032,0.5238162015729675,False
Immunoglobulin heavy constant gamma 3,Mean Value (nm),time1,20,17,0.21893329811188017,"[-0.26, 0.61]",0.36784587044144823,0.5774065481474855,False
Immunoglobulin kappa variable 2D-29,Mean Value (nm),time1,20,17,0.0978167050091877,"[-0.37, 0.53]",0.6903465705811216,0.8211240495086589,False
Neogenin,Mean Value (nm),time1,20,17,-0.668162738134997,"[-0.86, -0.31]",0.0017672317881387775,0.018288677987939705,True
Immunoglobulin heavy variable 6-1,Mean Value (nm),time1,20,17,0.23049698906923835,"[-0.25, 0.62]",0.34243092965830846,0.5569206328508752,False
L-selectin,Mean Value (nm),time1,20,17,-0.04625418149474393,"[-0.49, 0.42]",0.850853484790058,0.9077541650565132,False
Immunoglobulin lambda constant 3,Mean Value (nm),time1,20,17,-0.7157313707451702,"[-0.88, -0.39]",0.0005693321691462927,0.009074278880547064,True
A disintegrin and metalloproteinase with thrombospondin motifs 13,Mean Value (nm),time1,20,17,-0.08614760856027705,"[-0.52, 0.38]",0.7258369001003537,0.8398430681933471,False
von Willebrand factor,Mean Value (nm),time1,20,17,0.3719388814031015,"[-0.10, 0.71]",0.11686962235549932,0.2882784018102316,False
Neutral alpha-glucosidase AB,Mean Value (nm),time1,20,17,0.9082272559881716,"[0.77, 0.96]",7.688165948905464e-08,4.121045069064315e-05,True
Carbonic anhydrase 1,Mean Value (nm),time1,20,17,0.11517257850646691,"[-0.36, 0.54]",0.6387041974372785,0.7929783094489303,False
Immunoglobulin lambda variable 4-60,Mean Value (nm),time1,20,17,0.762703073727044,"[0.47, 0.90]",0.00014630210300239563,0.004457911138543585,True
Integrin beta-1,Mean Value (nm),time1,20,17,0.06692907562635302,"[-0.40, 0.51]",0.7854403508360587,0.8740238490506518,False
Immunoglobulin lambda variable 3-12,Mean Value (nm),time1,20,17,0.212257711905848,"[-0.27, 0.61]",0.3829896738329299,0.5904424138257669,False
Alpha-amylase 1B;Alpha-amylase 1C;Alpha-amylase 1A,Mean Value (nm),time1,20,17,-0.0726724197358821,"[-0.51, 0.39]",0.7674917936331034,0.8643338399665618,False
Lumican,Mean Value (nm),time1,20,17,-0.062263669356359935,"[-0.50, 0.40]",0.800097368264749,0.8755564949311284,False
Beta-Ala-His dipeptidase,Mean Value (nm),time1,20,17,0.43593248683366265,"[-0.02, 0.74]",0.062073733017780186,0.19815276047040759,False
Immunoglobulin alpha-2 heavy chain,Mean Value (nm),time1,20,17,0.5213068866876803,"[0.09, 0.79]",0.022084074492542648,0.1027153125434711,False
Complement C5,Mean Value (nm),time1,20,17,-0.5867761274423111,"[-0.82, -0.18]",0.008267503624757857,0.05190990154696449,False
Protein S100-A8,Mean Value (nm),time1,20,17,-0.2075810427463297,"[-0.60, 0.27]",0.39380213314265333,0.5982096919879601,False
Immunoglobulin lambda variable 3-25,Mean Value (nm),time1,20,17,-0.13242262310762237,"[-0.55, 0.34]",0.5889075227588874,0.7504405825070201,False
Leukocyte immunoglobulin-like receptor subfamily B member 3;Leukocyte immunoglobulin-like receptor subfamily A member 6,Mean Value (nm),time1,20,17,0.11379982674271505,"[-0.36, 0.54]",0.6427350629029724,0.7931239910806499,False
Collagen alpha-3(VI) chain,Mean Value (nm),time1,20,17,0.16203128804195333,"[-0.32, 0.57]",0.5075030567598326,0.6963883004015716,False
Immunoglobulin kappa variable 1-39;Immunoglobulin kappa variable 1D-39,Mean Value (nm),time1,20,17,-0.23253686292682857,"[-0.62, 0.25]",0.33805626576380077,0.5549838796282563,False
Bleomycin hydrolase,Mean Value (nm),time1,20,17,0.1836859858938973,"[-0.30, 0.59]",0.45159871448784195,0.6495663602681666,False
CD166 antigen,Mean Value (nm),time1,20,17,0.09067251410417827,"[-0.38, 0.52]",0.7120067616112361,0.830189824407559,False
Beta-2-microglobulin,Mean Value (nm),time1,20,17,-0.6611739479983417,"[-0.86, -0.30]",0.002053268069527092,0.019515465321376765,True
Amino acid transporter heavy chain SLC3A2,Mean Value (nm),time1,20,17,-0.4881860281308957,"[-0.77, -0.04]",0.03395373308393176,0.13529256721135885,False
Haptoglobin-related protein,Mean Value (nm),time1,20,17,0.7374673125600079,"[0.43, 0.89]",0.00031432148983095856,0.006620468832575427,True
Alpha-1-acid glycoprotein 1,Mean Value (nm),time1,20,17,-0.1685793026170985,"[-0.58, 0.31]",0.49025902213965056,0.6817561703848027,False
Serum paraoxonase/arylesterase 1,Mean Value (nm),time1,20,17,-0.3603917592680383,"[-0.70, 0.11]",0.12958683695482215,0.31148947351553535,False
Target of Nesh-SH3,Mean Value (nm),time1,20,17,-0.2570754033227324,"[-0.64, 0.22]",0.28801805777658007,0.5074603875111173,False
Intercellular adhesion molecule 1,Mean Value (nm),time1,20,17,-0.6570488883812778,"[-0.86, -0.29]",0.0022394532724240596,0.02063332229305198,True
Complement C4-A,Mean Value (nm),time1,20,17,-0.3692640408723693,"[-0.71, 0.10]",0.11973286871030381,0.2939648345665885,False
Coagulation factor XIII A chain,Mean Value (nm),time1,20,17,0.40049093403747593,"[-0.07, 0.72]",0.08928907415629805,0.24323260717921977,False
Immunoglobulin mu heavy chain,Mean Value (nm),time1,20,17,0.49113865091002196,"[0.05, 0.77]",0.032728862942807135,0.13333183873237478,False
Oncoprotein-induced transcript 3 protein,Mean Value (nm),time1,20,17,-0.5212997797293957,"[-0.79, -0.09]",0.022086210176203793,0.1027153125434711,False
Peroxiredoxin-2,Mean Value (nm),time1,20,17,0.24663966972767445,"[-0.23, 0.63]",0.30871207562446507,0.5242924258799132,False
Tissue factor pathway inhibitor,Mean Value (nm),time1,20,17,-0.242000237261267,"[-0.63, 0.24]",0.3181912482180807,0.5351398265485903,False
Progranulin,Mean Value (nm),time1,20,17,0.2215224220121414,"[-0.26, 0.61]",0.36206492890185493,0.5753056232244198,False
Histone H2B type 1-K;Histone H2B type F-S,Mean Value (nm),time1,20,17,0.038661610214996645,"[-0.42, 0.48]",0.8751351292937667,0.9232417122904472,False
Hemoglobin subunit delta,Mean Value (nm),time1,20,17,0.46187770112449156,"[0.01, 0.76]",0.046501256988541524,0.16367182311489897,False
Glutathione S-transferase P,Mean Value (nm),time1,20,17,-0.03083612099649564,"[-0.48, 0.43]",0.9002737370126932,0.9400263771020578,False
Annexin A6,Mean Value (nm),time1,20,17,-0.1789398885350544,"[-0.59, 0.30]",0.4635726324763867,0.6606069425660751,False
Complement factor H-related protein 1,Mean Value (nm),time1,20,17,-0.7437682117280686,"[-0.90, -0.44]",0.0002617966964458367,0.006164122216315611,True
Protein KPLCE,Mean Value (nm),time1,20,17,0.20557203524871973,"[-0.27, 0.60]",0.3984979585669839,0.6026918030297742,False
Immunoglobulin heavy variable 4-4,Mean Value (nm),time1,20,17,-0.3764736531440423,"[-0.71, 0.09]",0.11212755526428095,0.2812691216798912,False
Alpha-1B-glycoprotein,Mean Value (nm),time1,20,17,-0.24381179203169656,"[-0.63, 0.24]",0.3144695303883041,0.5323373096115736,False
Properdin,Mean Value (nm),time1,20,17,-0.46589959069950565,"[-0.76, -0.01]",0.04438314532346543,0.16021232946031422,False
Immunoglobulin heavy variable 3-53,Mean Value (nm),time1,20,17,0.2970006598604417,"[-0.18, 0.66]",0.21690302371306774,0.4231855603893374,False
Calmodulin-like protein 5,Mean Value (nm),time1,20,17,0.31883275671967587,"[-0.16, 0.68]",0.18337044102324465,0.38409356380921333,False
Carboxypeptidase B2,Mean Value (nm),time1,20,17,-0.741869515499295,"[-0.89, -0.43]",0.00027677473590377377,0.006233448399919774,True
"Sushi, nidogen and EGF-like domain-containing protein 1",Mean Value (nm),time1,20,17,-0.10665894393177203,"[-0.53, 0.37]",0.6638554788633754,0.8046199177072841,False
Proteasome subunit alpha type-5,Mean Value (nm),time1,20,17,-0.09423551385725307,"[-0.53, 0.38]",0.7011766545329565,0.8254761523819807,False
Bifunctional heparan sulfate N-deacetylase/N-sulfotransferase 4,Mean Value (nm),time1,20,17,0.6404901966377983,"[0.26, 0.85]",0.0031338557589734514,0.026129234801831137,True
Immunoglobulin heavy variable 3-9,Mean Value (nm),time1,20,17,-0.04599777625423225,"[-0.49, 0.42]",0.8516715180231044,0.9077541650565132,False
Neural cell adhesion molecule L1-like protein,Mean Value (nm),time1,20,17,0.4852943226299035,"[0.04, 0.77]",0.03518751162466516,0.1386093613808103,False
Proteasome subunit alpha type-2,Mean Value (nm),time1,20,17,0.4345215150670923,"[-0.02, 0.74]",0.06302053705691596,0.20027385396001515,False
Intercellular adhesion molecule 3,Mean Value (nm),time1,20,17,-0.7329739736157578,"[-0.89, -0.42]",0.0003570101356828747,0.006958531183688341,True
Receptor-type tyrosine-protein phosphatase eta,Mean Value (nm),time1,20,17,0.12443082436711556,"[-0.35, 0.55]",0.611776238375077,0.7704077659328039,False
ADAMTS-like protein 4,Mean Value (nm),time1,20,17,-0.2616366870636806,"[-0.64, 0.22]",0.27924697277582033,0.49793436109423383,False
Immunoglobulin lambda variable 3-21,Mean Value (nm),time1,20,17,-0.08386857129677797,"[-0.52, 0.39]",0.7328338437552033,0.8422215133706741,False
Cartilage oligomeric matrix protein,Mean Value (nm),time1,20,17,-0.3018354607599335,"[-0.66, 0.18]",0.2091544668480477,0.41502266157153633,False
Neural cell adhesion molecule 1,Mean Value (nm),time1,20,17,0.2034517238930875,"[-0.28, 0.60]",0.40348699287303225,0.608460734521778,False
Immunoglobulin lambda variable 2-11,Mean Value (nm),time1,20,17,-0.145955532074587,"[-0.56, 0.33]",0.5510273584082077,0.7244471361813491,False
Immunoglobulin kappa variable 1D-33;Immunoglobulin kappa variable 1-33,Mean Value (nm),time1,20,17,0.24203052204283038,"[-0.24, 0.63]",0.31812881564873874,0.5351398265485903,False
Beta-2-glycoprotein 1,Mean Value (nm),time1,20,17,-0.7873314066302581,"[-0.91, -0.52]",6.313526285418358e-05,0.0030662594264377623,True
Vitamin D-binding protein,Mean Value (nm),time1,20,17,-0.1750996626801598,"[-0.58, 0.30]",0.4733773384314808,0.6672366294081824,False
Filamin-A,Mean Value (nm),time1,20,17,0.10581287614746157,"[-0.37, 0.53]",0.6663744106108589,0.8046199177072841,False
Reelin,Mean Value (nm),time1,20,17,-0.5206803669883338,"[-0.79, -0.09]",0.022272974486840336,0.10301250700163656,False
Immunoglobulin lambda variable 5-39,Mean Value (nm),time1,20,17,0.4398686452185752,"[-0.02, 0.75]",0.0594889152135129,0.19259536300374802,False
Fatty acid-binding protein 5,Mean Value (nm),time1,20,17,0.3566444800483626,"[-0.12, 0.70]",0.13391571439799027,0.3204080372201338,False
"HLA class I histocompatibility antigen, A alpha chain",Mean Value (nm),time1,20,17,0.07455404473640743,"[-0.39, 0.51]",0.7616356034367303,0.8604738115163061,False
Low affinity immunoglobulin gamma Fc region receptor III-A,Mean Value (nm),time1,20,17,0.004863515493751026,"[-0.45, 0.46]",0.9842345588001036,0.9899679639969974,False
Heat shock 70 kDa protein 1A;Heat shock 70 kDa protein 1B,Mean Value (nm),time1,20,17,0.42431706575219613,"[-0.04, 0.74]",0.07019374959622647,0.2148596342363567,False
Apolipoprotein D,Mean Value (nm),time1,20,17,0.1818144353434079,"[-0.30, 0.59]",0.4563013510074361,0.6538425997838226,False
Plexin-B1,Mean Value (nm),time1,20,17,-0.09448134350622937,"[-0.53, 0.38]",0.7004314332001714,0.8254761523819807,False
Immunoglobulin heavy variable 1-58,Mean Value (nm),time1,20,17,-0.29141908463176924,"[-0.66, 0.19]",0.22607879528775293,0.43454106107256407,False
Apolipoprotein C-IV,Mean Value (nm),time1,20,17,0.04396633000088122,"[-0.42, 0.49]",0.8581576904003827,0.9100311784052914,False
Monocyte differentiation antigen CD14,Mean Value (nm),time1,20,17,-0.5423257967765908,"[-0.80, -0.12]",0.016444411161837334,0.08351181354736999,False
Protein MENT,Mean Value (nm),time1,20,17,0.45634908075822017,"[0.00, 0.75]",0.04953786551990612,0.16993784330669784,False
Immunoglobulin epsilon heavy chain,Mean Value (nm),time1,20,17,-0.21713872326718972,"[-0.61, 0.26]",0.3718832016000706,0.5802274049061342,False
Complement factor H,Mean Value (nm),time1,20,17,-0.8216799229103586,"[-0.93, -0.59]",1.6010638456422846e-05,0.001382251786737839,True
Stabilin-1,Mean Value (nm),time1,20,17,-0.7162178997797628,"[-0.88, -0.39]",0.0005621393048467002,0.009074278880547064,True
Macrophage receptor MARCO,Mean Value (nm),time1,20,17,-0.31633037217371623,"[-0.67, 0.16]",0.1870251127626641,0.3889730264155072,False
Protein POF1B,Mean Value (nm),time1,20,17,0.13648979673083733,"[-0.34, 0.56]",0.5774088794369868,0.749195236008037,False
Phosphatidylcholine-sterol acyltransferase,Mean Value (nm),time1,20,17,-0.678963011240244,"[-0.87, -0.32]",0.001390878718598951,0.01583461925789575,True
Clusterin,Mean Value (nm),time1,20,17,0.2876362159294158,"[-0.19, 0.66]",0.23243850618180742,0.4418464080813807,False
Platelet-activating factor acetylhydrolase,Mean Value (nm),time1,20,17,0.5589752532893936,"[0.14, 0.81]",0.012847577102563417,0.06896419626039223,False
Vasorin,Mean Value (nm),time1,20,17,-0.12261220477626743,"[-0.55, 0.35]",0.6170296634650702,0.7748396743634093,False
Myeloperoxidase,Mean Value (nm),time1,20,17,-0.19378259695769595,"[-0.60, 0.29]",0.4266641639261939,0.6296639228312492,False
Immunoglobulin lambda variable 5-52,Mean Value (nm),time1,20,17,0.22253098525923137,"[-0.26, 0.61]",0.3598271099457928,0.5743927363695552,False
Carboxypeptidase N catalytic chain,Mean Value (nm),time1,20,17,0.5590895982387886,"[0.14, 0.81]",0.01282526903014868,0.06896419626039223,False
Fibrinogen gamma chain,Mean Value (nm),time1,20,17,-0.1358959290936325,"[-0.56, 0.34]",0.5790818466475607,0.749195236008037,False
Soluble scavenger receptor cysteine-rich domain-containing protein SSC5D,Mean Value (nm),time1,20,17,-0.34375014519618174,"[-0.69, 0.13]",0.14958549956031977,0.3386590231681264,False
Tetranectin,Mean Value (nm),time1,20,17,0.4634364196071496,"[0.01, 0.76]",0.045671393295923124,0.16315711536060812,False
Apolipoprotein(a),Mean Value (nm),time1,20,17,-0.03835261637015709,"[-0.48, 0.42]",0.8761257284268467,0.9232417122904472,False
Alpha-2-antiplasmin,Mean Value (nm),time1,20,17,0.5930418697919682,"[0.19, 0.83]",0.00744574383241645,0.047615991422120016,True
Retroviral-like aspartic protease 1,Mean Value (nm),time1,20,17,0.2949224276450049,"[-0.18, 0.66]",0.22029060419361984,0.42745004240346457,False
Ficolin-3,Mean Value (nm),time1,20,17,0.28412456938667396,"[-0.20, 0.65]",0.2384444236939014,0.4483274463645769,False
Immunoglobulin kappa variable 2-24,Mean Value (nm),time1,20,17,-0.28045000881985316,"[-0.65, 0.20]",0.2448345174455461,0.4538032328497254,False
Immunoglobulin superfamily containing leucine-rich repeat protein,Mean Value (nm),time1,20,17,-0.011008085600183593,"[-0.46, 0.45]",0.9643251834445312,0.9784925465705527,False
Complement factor D,Mean Value (nm),time1,20,17,-0.6169617325288222,"[-0.84, -0.23]",0.004895036293905762,0.03546333986354104,True
Vitamin K-dependent protein Z,Mean Value (nm),time1,20,17,0.24326311278428708,"[-0.24, 0.63]",0.31559399885413286,0.5333693031205248,False
EGF-containing fibulin-like extracellular matrix protein 1,Mean Value (nm),time1,20,17,0.5595853801935984,"[0.14, 0.81]",0.012728904016748838,0.06896419626039223,False
Dipeptidase 2,Mean Value (nm),time1,20,17,-0.4497589259503808,"[-0.75, 0.01]",0.0533521107687903,0.17933020140281836,False
Myeloblastin,Mean Value (nm),time1,20,17,0.27243790750183355,"[-0.21, 0.65]",0.2591426783082031,0.47233114994810005,False
Neurogenic locus notch homolog protein 1,Mean Value (nm),time1,20,17,0.2999746877752867,"[-0.18, 0.66]",0.2121147849767561,0.4185731756874653,False
Vitamin K-dependent protein S,Mean Value (nm),time1,20,17,-0.0515880036301445,"[-0.49, 0.41]",0.8338707431296273,0.8970821286420497,False
Dermcidin,Mean Value (nm),time1,20,17,0.46978554791600896,"[0.02, 0.76]",0.04240758425735063,0.1563496700733639,False
Immunoglobulin heavy variable 3-73,Mean Value (nm),time1,20,17,-0.16099221688981327,"[-0.57, 0.32]",0.5102657394725405,0.6980561510848415,False
Alpha-2-macroglobulin,Mean Value (nm),time1,20,17,0.7237992610504532,"[0.40, 0.89]",0.00045957068986865127,0.008069749740744453,True
Cation-independent mannose-6-phosphate receptor,Mean Value (nm),time1,20,17,-0.14729504066788784,"[-0.56, 0.33]",0.5473381236350394,0.724191949024139,False
Chromodomain-helicase-DNA-binding protein 1;Chromodomain-helicase-DNA-binding protein 2;Chromodomain-helicase-DNA-binding protein 9;Chromodomain-helicase-DNA-binding protein 6;Chromodomain-helicase-DNA-binding protein 8;Chromodomain-helicase-DNA-binding protein 7,Mean Value (nm),time1,20,17,0.33700994627076625,"[-0.14, 0.69]",0.15826264895269906,0.34885128577658775,False
Ceruloplasmin,Mean Value (nm),time1,20,17,-0.3521753938529507,"[-0.70, 0.12]",0.1392100062631126,0.3270330305863598,False
Prostaglandin-H2 D-isomerase,Mean Value (nm),time1,20,17,0.019454061975004353,"[-0.44, 0.47]",0.9369941315147621,0.9603965540137138,False
Protein S100-A9,Mean Value (nm),time1,20,17,-0.15027548133224394,"[-0.57, 0.33]",0.5391695698949633,0.7161277877066435,False
Immunoglobulin J chain,Mean Value (nm),time1,20,17,-0.188459619647255,"[-0.59, 0.29]",0.4397176872176175,0.636239558599793,False
Probable non-functional immunoglobulin kappa variable 3-7,Median Value (nm),time1,20,17,-0.0205112803383374,"[-0.47, 0.44]",0.9335771312194496,0.9595098293088787,False
Apolipoprotein A-IV,Median Value (nm),time1,20,17,0.7119900493201622,"[0.38, 0.88]",0.0006272818521623035,0.009556823512355097,True
Coagulation factor XII,Median Value (nm),time1,20,17,-0.4869436680412543,"[-0.77, -0.04]",0.03447961935560888,0.1363392582153084,False
Mannan-binding lectin serine protease 1,Median Value (nm),time1,20,17,0.6760541331851962,"[0.32, 0.86]",0.0014849423039107253,0.016025002363036576,True
Complement factor I,Median Value (nm),time1,20,17,0.3824547256357337,"[-0.09, 0.71]",0.10608593207359727,0.2707020335671103,False
Platelet glycoprotein Ib alpha chain,Median Value (nm),time1,20,17,-0.4035619991493832,"[-0.72, 0.06]",0.08663531541272981,0.23901150360827444,False
Hepatocyte growth factor-like protein,Median Value (nm),time1,20,17,-0.3849430351289906,"[-0.71, 0.08]",0.1036427971477439,0.267526989231627,False
Profilin-1,Median Value (nm),time1,20,17,0.2980786543545175,"[-0.18, 0.66]",0.21515934475416457,0.4215270371555939,False
Peptidase inhibitor 16,Median Value (nm),time1,20,17,0.48487633850818823,"[0.04, 0.77]",0.03536868381021451,0.13879528949765998,False
Cell surface glycoprotein MUC18,Median Value (nm),time1,20,17,-0.3985752859752758,"[-0.72, 0.07]",0.09097423280092537,0.24544089891082993,False
Adhesion G-protein coupled receptor G6,Median Value (nm),time1,20,17,0.4043807610177137,"[-0.06, 0.73]",0.08593767807623938,0.23901150360827444,False
Immunoglobulin heavy variable 1-69,Median Value (nm),time1,20,17,-0.3343928051388239,"[-0.68, 0.14]",0.16172328128848376,0.3527269882418298,False
Insulin-like growth factor-binding protein complex acid labile subunit,Median Value (nm),time1,20,17,-0.4823649844777807,"[-0.77, -0.04]",0.03647246770674105,0.14099058412008855,False
Plasma serine protease inhibitor,Median Value (nm),time1,20,17,-0.39979525892961937,"[-0.72, 0.07]",0.08989838490242377,0.24380818523275138,False
Immunoglobulin heavy variable 1-69D,Median Value (nm),time1,20,17,-0.2540767054011311,"[-0.64, 0.23]",0.2938752459756632,0.5126480682109817,False
Pancreatic adenocarcinoma up-regulated factor,Median Value (nm),time1,20,17,0.5189351394033475,"[0.08, 0.79]",0.02280589985047142,0.10454385949154155,False
Immunoglobulin heavy variable 3-64D,Median Value (nm),time1,20,17,0.17707131993201564,"[-0.30, 0.58]",0.46833049172588126,0.6646443690794698,False
Neutrophil gelatinase-associated lipocalin,Median Value (nm),time1,20,17,-0.09654676205437825,"[-0.53, 0.37]",0.6941806148957594,0.8228502483203739,False
Lysosome-associated membrane glycoprotein 2,Median Value (nm),time1,20,17,-0.13367887170461487,"[-0.55, 0.34]",0.5853456405892548,0.7494892293326226,False
Corneodesmosin,Median Value (nm),time1,20,17,0.21334563585780209,"[-0.27, 0.61]",0.3804983250134103,0.5894879903229263,False
Collagen alpha-1(XVIII) chain,Median Value (nm),time1,20,17,0.33807627849570615,"[-0.14, 0.69]",0.15686735779068217,0.34885128577658775,False
Lipopolysaccharide-binding protein,Median Value (nm),time1,20,17,-0.5341206344525109,"[-0.80, -0.11]",0.018490221000566978,0.0907669589855797,False
Immunoglobulin heavy variable 3-49,Median Value (nm),time1,20,17,0.07801320611871546,"[-0.39, 0.51]",0.7509021462773237,0.8529984907273106,False
SPARC-like protein 1,Median Value (nm),time1,20,17,-0.08444019510638014,"[-0.52, 0.38]",0.7310769631649977,0.8420419014912773,False
Ras-associated and pleckstrin homology domains-containing protein 1,Median Value (nm),time1,20,17,0.7368933520645098,"[0.42, 0.89]",0.0003195206965528681,0.006620468832575427,True
Alpha-1-acid glycoprotein 2,Median Value (nm),time1,20,17,0.46711339182698836,"[0.02, 0.76]",0.04375865049050322,0.1590665330110924,False
Immunoglobulin heavy variable 3-20,Median Value (nm),time1,20,17,-0.20608759442546432,"[-0.60, 0.27]",0.3972899862818543,0.6017433125555571,False
Neurogenic locus notch homolog protein 2,Median Value (nm),time1,20,17,-0.18238001661919753,"[-0.59, 0.30]",0.45487758678584955,0.652705235332604,False
Apolipoprotein B-100,Median Value (nm),time1,20,17,0.03032558551708053,"[-0.43, 0.48]",0.9019171996519744,0.9400263771020578,False
CD44 antigen,Median Value (nm),time1,20,17,-0.507635998652742,"[-0.78, -0.07]",0.026503857842160437,0.11634744374778905,False
Pigment epithelium-derived factor,Median Value (nm),time1,20,17,-0.4628616224229009,"[-0.76, -0.01]",0.04597608719499378,0.16346826744531526,False
Xaa-Pro dipeptidase,Median Value (nm),time1,20,17,0.0022830427281189643,"[-0.45, 0.46]",0.9925990088119878,0.99741277704095,False
Immunoglobulin heavy constant delta,Median Value (nm),time1,20,17,-0.10154125113327282,"[-0.53, 0.37]",0.6791437750464724,0.8151838585669566,False
Probable non-functional immunoglobulin heavy variable 3-38-3,Median Value (nm),time1,20,17,0.32437069912518485,"[-0.15, 0.68]",0.17545409876995333,0.37314210490716737,False
Immunoglobulin lambda constant 7,Median Value (nm),time1,20,17,0.7811791335594247,"[0.51, 0.91]",7.865282217005885e-05,0.003187738101943966,True
Receptor-type tyrosine-protein phosphatase gamma,Median Value (nm),time1,20,17,-0.035449824202197,"[-0.48, 0.43]",0.8854401702810056,0.9281939513192141,False
Afamin,Median Value (nm),time1,20,17,0.24088082546387105,"[-0.24, 0.63]",0.32050404765010165,0.5378182869487362,False
Pyruvate kinase PKLR,Median Value (nm),time1,20,17,0.8758162697830508,"[0.70, 0.95]",8.971740514035162e-07,0.0002323680793135107,True
Insulin-like growth factor 2,Median Value (nm),time1,20,17,0.33569830059632716,"[-0.14, 0.69]",0.15999060651630023,0.35043145377768814,False
CD109 antigen,Median Value (nm),time1,20,17,0.1798442303413233,"[-0.30, 0.59]",0.4612787648961214,0.6591514488722507,False
ADP-ribosyl cyclase/cyclic ADP-ribose hydrolase 2,Median Value (nm),time1,20,17,-0.8315947276150026,"[-0.93, -0.61]",1.020433210025618e-05,0.0013459765510498646,True
Dedicator of cytokinesis protein 4,Median Value (nm),time1,20,17,0.11179918330860683,"[-0.36, 0.54]",0.6486267615904033,0.7961816647010164,False
Complement factor H-related protein 2,Median Value (nm),time1,20,17,-0.7758685408338777,"[-0.91, -0.50]",9.456368725836714e-05,0.0034084592375695976,True
Selenoprotein P,Median Value (nm),time1,20,17,-0.31610758537322425,"[-0.67, 0.16]",0.18735283801287458,0.3889730264155072,False
Adipocyte plasma membrane-associated protein,Median Value (nm),time1,20,17,0.11485086160537318,"[-0.36, 0.54]",0.6396480029228937,0.7929783094489303,False
Immunoglobulin heavy constant alpha 2,Median Value (nm),time1,20,17,0.5338005730092976,"[0.11, 0.80]",0.018573933692029823,0.0907669589855797,False
Lactotransferrin,Median Value (nm),time1,20,17,-0.0009784468834797067,"[-0.45, 0.45]",0.9968281128936731,0.9978345495602361,False
Alpha-enolase,Median Value (nm),time1,20,17,-0.0009283342505230561,"[-0.45, 0.45]",0.9969905651571646,0.9978345495602361,False
Immunoglobulin heavy constant gamma 1,Median Value (nm),time1,20,17,-0.6763510583577119,"[-0.86, -0.32]",0.001475103824053391,0.016025002363036576,True
Collectin-10,Median Value (nm),time1,20,17,0.12112686497178711,"[-0.35, 0.55]",0.6213336145873966,0.7764796438028261,False
Lysosome-associated membrane glycoprotein 1,Median Value (nm),time1,20,17,0.2716924906530262,"[-0.21, 0.65]",0.26050003698251123,0.47233114994810005,False
Cathelicidin antimicrobial peptide,Median Value (nm),time1,20,17,0.4370649828606649,"[-0.02, 0.74]",0.06132155583620332,0.19729544051648026,False
Fibroblast growth factor-binding protein 2,Median Value (nm),time1,20,17,0.5506280127663257,"[0.13, 0.80]",0.014562202162842453,0.07619414869042819,False
Lymphatic vessel endothelial hyaluronic acid receptor 1,Median Value (nm),time1,20,17,0.42619016245400754,"[-0.03, 0.74]",0.06883353672671491,0.21265386844490364,False
Haptoglobin,Median Value (nm),time1,20,17,-0.5549615387554244,"[-0.81, -0.13]",0.01365058071419578,0.07215306948932054,False
Tenascin-X,Median Value (nm),time1,20,17,0.30451331375977764,"[-0.17, 0.67]",0.20494217237248305,0.4104200865833655,False
Zinc finger protein 512B,Median Value (nm),time1,20,17,-0.5971424687918284,"[-0.83, -0.20]",0.0069448602437968444,0.04671996891281513,True
Immunoglobulin lambda variable 3-19,Median Value (nm),time1,20,17,-0.33291598236196296,"[-0.68, 0.14]",0.16369880203998868,0.3554645708699207,False
Complement C1q subcomponent subunit B,Median Value (nm),time1,20,17,0.43879598864370556,"[-0.02, 0.74]",0.06018512885252161,0.1942423473246492,False
Ubiquitin-ribosomal protein eS31 fusion protein,Median Value (nm),time1,20,17,0.23058731554001458,"[-0.25, 0.62]",0.34223652506978675,0.5569206328508752,False
Kinesin-like protein KIF21A,Median Value (nm),time1,20,17,0.69566690149261,"[0.35, 0.87]",0.0009417213084651572,0.012965464263234259,True
Attractin,Median Value (nm),time1,20,17,0.7528359217455646,"[0.45, 0.90]",0.00019938187571119556,0.005163990580919965,True
Immunoglobulin lambda variable 1-44,Median Value (nm),time1,20,17,0.3776822266297975,"[-0.09, 0.71]",0.11088734064739256,0.27883321580266673,False
Immunoglobulin heavy variable 1-46,Median Value (nm),time1,20,17,-0.2159973397916855,"[-0.61, 0.26]",0.37446394974379815,0.5824994773792416,False
Fibulin-1,Median Value (nm),time1,20,17,0.07184909671036506,"[-0.40, 0.51]",0.7700580446806338,0.8643338399665618,False
Secreted phosphoprotein 24,Median Value (nm),time1,20,17,-0.572378362042913,"[-0.81, -0.16]",0.010436465189619569,0.06006765520247707,False
Scavenger receptor class B member 1,Median Value (nm),time1,20,17,0.2764579482905301,"[-0.20, 0.65]",0.25189928007382056,0.46188965337429755,False
Immunoglobulin lambda variable 2-18,Median Value (nm),time1,20,17,-0.31419552154634806,"[-0.67, 0.16]",0.1901813723109646,0.3909212011602097,False
Collagen alpha-2(VI) chain,Median Value (nm),time1,20,17,0.5036664396857022,"[0.06, 0.78]",0.027909023527210745,0.11849896874668168,False
Adiponectin,Median Value (nm),time1,20,17,-0.24753239727399598,"[-0.63, 0.23]",0.30690775516871743,0.5238162015729675,False
Nidogen-1,Median Value (nm),time1,20,17,0.06333070251531846,"[-0.40, 0.50]",0.7967393042073574,0.8755564949311284,False
Alpha-1-antitrypsin,Median Value (nm),time1,20,17,0.05968525989225267,"[-0.41, 0.50]",0.8082256579690631,0.8804645443280225,False
"Sushi, von Willebrand factor type A, EGF and pentraxin domain-containing protein 1",Median Value (nm),time1,20,17,-0.4428676572765159,"[-0.75, 0.01]",0.05757456749497025,0.18875712634426955,False
Complement C1s subcomponent,Median Value (nm),time1,20,17,0.6353469625369029,"[0.25, 0.85]",0.0034652559858541297,0.02690309103979955,True
Alpha-actinin-4,Median Value (nm),time1,20,17,0.4423383606079935,"[-0.01, 0.75]",0.05790900638595628,0.1892546707124628,False
Complement component C1q receptor,Median Value (nm),time1,20,17,0.35963525400909485,"[-0.11, 0.70]",0.13045269929302722,0.31284489923050046,False
Inter-alpha-trypsin inhibitor heavy chain H3,Median Value (nm),time1,20,17,0.5134246720448136,"[0.08, 0.78]",0.02455482629080969,0.11012467548605559,False
Immunoglobulin kappa variable 1D-8,Median Value (nm),time1,20,17,0.2682267950957793,"[-0.21, 0.64]",0.2668694279869893,0.480829091120906,False
Low-density lipoprotein receptor,Median Value (nm),time1,20,17,0.026531042314258825,"[-0.43, 0.48]",0.9141437431945014,0.9470529179495035,False
Prolactin-inducible protein,Median Value (nm),time1,20,17,0.3808965434521791,"[-0.09, 0.71]",0.10763677968546416,0.27264475245511216,False
Hyaluronan-binding protein 2,Median Value (nm),time1,20,17,-0.5172038372638895,"[-0.79, -0.08]",0.023344453684528817,0.1055523466409207,False
N-acetylmuramoyl-L-alanine amidase,Median Value (nm),time1,20,17,-0.15284990456026265,"[-0.57, 0.32]",0.5321588074825856,0.7089504524364534,False
Serpin A11,Median Value (nm),time1,20,17,0.36842812578441697,"[-0.10, 0.70]",0.12063780529296021,0.2954628044527347,False
C4b-binding protein alpha chain,Median Value (nm),time1,20,17,0.17555345151166885,"[-0.30, 0.58]",0.47221337465612145,0.6665028012857518,False
Inter-alpha-trypsin inhibitor heavy chain H2,Median Value (nm),time1,20,17,-0.4957524699713233,"[-0.78, -0.05]",0.030883920590009325,0.1270866152247692,False
Fibrillin-1,Median Value (nm),time1,20,17,-0.5777166589586792,"[-0.82, -0.17]",0.009584342422549854,0.056416924714554825,False
Golgi-associated RAB2 interactor protein 1B,Median Value (nm),time1,20,17,0.6381885529442622,"[0.26, 0.85]",0.0032787649847857603,0.026129234801831137,True
Neurogenic locus notch homolog protein 3,Median Value (nm),time1,20,17,-0.22961286158499397,"[-0.62, 0.25]",0.34433717242068507,0.5572270599606748,False
Immunoglobulin heavy constant alpha 1,Median Value (nm),time1,20,17,-0.3372077354011666,"[-0.69, 0.14]",0.15800320034740079,0.34885128577658775,False
Apolipoprotein C-III,Median Value (nm),time1,20,17,0.6035072189289011,"[0.21, 0.83]",0.006222029958280617,0.04355420970796432,True
Glutathione peroxidase 3,Median Value (nm),time1,20,17,-0.19267349131193637,"[-0.59, 0.29]",0.4293669463753682,0.6327512893952795,False
Contactin-1,Median Value (nm),time1,20,17,-0.5559225891599294,"[-0.81, -0.14]",0.013454743165365882,0.07148263548368745,False
Stomatin,Median Value (nm),time1,20,17,0.6864415600589362,"[0.34, 0.87]",0.0011716236217206664,0.014802464293934274,True
Immunoglobulin heavy variable 3-13,Median Value (nm),time1,20,17,0.08204512135334922,"[-0.39, 0.52]",0.7384466681700519,0.8453378433416285,False
Immunoglobulin heavy variable 1-69-2,Median Value (nm),time1,20,17,-0.3147053109272522,"[-0.67, 0.16]",0.18942446025437135,0.39014660203484836,False
Apolipoprotein E,Median Value (nm),time1,20,17,-0.22500217756668842,"[-0.62, 0.26]",0.35437744951825634,0.5683562151512758,False
Mucosal addressin cell adhesion molecule 1,Median Value (nm),time1,20,17,0.4896575437724583,"[0.05, 0.77]",0.03333891990351784,0.13387256209319567,False
Protein S100-A11,Median Value (nm),time1,20,17,0.4322907719791994,"[-0.03, 0.74]",0.0645394847558592,0.20239031116168316,False
Complement factor H-related protein 4,Median Value (nm),time1,20,17,-0.3090363334913658,"[-0.67, 0.17]",0.19795542113905168,0.4005504224610499,False
Immunoglobulin kappa variable 1D-16,Median Value (nm),time1,20,17,-0.06562420689733994,"[-0.50, 0.40]",0.7895330402125977,0.8755564949311284,False
Immunoglobulin lambda variable 1-47,Median Value (nm),time1,20,17,-0.4907827138108186,"[-0.77, -0.05]",0.03287467260301534,0.13333183873237478,False
Fructose-bisphosphate aldolase A,Median Value (nm),time1,20,17,0.21053775186597248,"[-0.27, 0.61]",0.38694684985994376,0.5938917577109656,False
Thrombospondin-1,Median Value (nm),time1,20,17,-0.015987959822782036,"[-0.47, 0.44]",0.9482038983780725,0.9681209654438275,False
Aminopeptidase N,Median Value (nm),time1,20,17,-0.4836640897997436,"[-0.77, -0.04]",0.03589821152233264,0.1398140869817166,False
Apolipoprotein M,Median Value (nm),time1,20,17,0.5833545129081661,"[0.18, 0.82]",0.008746400699633736,0.05393613764774137,False
Immunoglobulin heavy variable 3-43,Median Value (nm),time1,20,17,0.29954251816871186,"[-0.18, 0.66]",0.2128062406790853,0.4191392877253467,False
Cysteine-rich secretory protein 3,Median Value (nm),time1,20,17,-0.3865078467036997,"[-0.72, 0.08]",0.10212734424378114,0.26450982159139313,False
Complement component C8 alpha chain,Median Value (nm),time1,20,17,-0.6414075440474939,"[-0.85, -0.26]",0.0030775952609219,0.02592185927085438,True
Immunoglobulin heavy variable 2-70D,Median Value (nm),time1,20,17,0.1919053086673937,"[-0.29, 0.59]",0.431244217084669,0.6334942720908875,False
Immunoglobulin heavy variable 3-23,Median Value (nm),time1,20,17,0.32463418645583336,"[-0.15, 0.68]",0.17508331957783219,0.37314210490716737,False
Plasma kallikrein,Median Value (nm),time1,20,17,0.3233847059103821,"[-0.15, 0.68]",0.17684630647627333,0.37314210490716737,False
Galectin-7,Median Value (nm),time1,20,17,0.2669782059728506,"[-0.21, 0.64]",0.2691877598596568,0.4841640958586883,False
Extracellular superoxide dismutase [Cu-Zn],Median Value (nm),time1,20,17,-0.11112365954239203,"[-0.54, 0.36]",0.6506206559650732,0.7967411342551015,False
Immunoglobulin heavy variable 1-8,Median Value (nm),time1,20,17,0.10651718363563377,"[-0.37, 0.53]",0.6642772910303759,0.8046199177072841,False
Cystatin-C,Median Value (nm),time1,20,17,0.13111188238626015,"[-0.34, 0.55]",0.5926335633060468,0.7509132468364738,False
Immunoglobulin lambda-like polypeptide 1,Median Value (nm),time1,20,17,0.472898876730958,"[0.02, 0.76]",0.04087410416388398,0.1523222011287187,False
Inhibin beta C chain,Median Value (nm),time1,20,17,-0.6087471253202644,"[-0.83, -0.21]",0.005674129303156303,0.03998910175557776,True
Mannose-binding protein C,Median Value (nm),time1,20,17,0.2804349023475001,"[-0.20, 0.65]",0.24486101077509315,0.4538032328497254,False
IgGFc-binding protein,Median Value (nm),time1,20,17,0.1896931307942782,"[-0.29, 0.59]",0.436674370583079,0.6361877571101135,False
Macrophage mannose receptor 1,Median Value (nm),time1,20,17,-0.5729224442883755,"[-0.82, -0.16]",0.010346915750788645,0.05988494255763708,False
Aromatase,Median Value (nm),time1,20,17,-0.6796391222778877,"[-0.87, -0.33]",0.00136974395169254,0.01583461925789575,True
Cadherin-5,Median Value (nm),time1,20,17,-0.7260572994487102,"[-0.89, -0.41]",0.0004322696431627541,0.00799698839851095,True
Immunoglobulin kappa variable 1-8,Median Value (nm),time1,20,17,0.012930902988829117,"[-0.44, 0.46]",0.9580985707029419,0.9750394098705774,False
Retinol-binding protein 4,Median Value (nm),time1,20,17,0.2219344715853258,"[-0.26, 0.61]",0.3611497104215483,0.574732872498808,False
Complement component C8 beta chain,Median Value (nm),time1,20,17,-0.5680611871736283,"[-0.81, -0.15]",0.01116941146219289,0.06393099599354604,False
Tumor necrosis factor receptor superfamily member 1B,Median Value (nm),time1,20,17,0.23933836561669125,"[-0.24, 0.63]",0.3237072025937109,0.5391650512654091,False
Formin-2,Median Value (nm),time1,20,17,0.08838626845424798,"[-0.38, 0.52]",0.7189840990460209,0.8359904900243296,False
Scavenger receptor cysteine-rich domain-containing protein DMBT1,Median Value (nm),time1,20,17,0.023547182955497965,"[-0.44, 0.47]",0.9237712688975913,0.9548144819594511,False
Apolipoprotein L1,Median Value (nm),time1,20,17,0.6790226778857857,"[0.33, 0.87]",0.0013890026883529756,0.01583461925789575,True
Leucine-rich alpha-2-glycoprotein,Median Value (nm),time1,20,17,-0.4403614046662323,"[-0.75, 0.02]",0.059171127868464776,0.19259536300374802,False
Immunoglobulin heavy variable 1-2,Median Value (nm),time1,20,17,-0.28339377001587934,"[-0.65, 0.20]",0.23970668551248617,0.44988428657778196,False
Ras-related protein Rab-10,Median Value (nm),time1,20,17,0.07911524676628472,"[-0.39, 0.51]",0.7474916944386267,0.8509905444378212,False
Immunoglobulin heavy variable 1-24,Median Value (nm),time1,20,17,-0.11112365954239203,"[-0.54, 0.36]",0.6506206559650732,0.7967411342551015,False
Annexin A3,Median Value (nm),time1,20,17,0.1357648027609109,"[-0.34, 0.56]",0.5794515173173742,0.749195236008037,False
Hemoglobin subunit beta,Median Value (nm),time1,20,17,0.4530355163362903,"[-0.00, 0.75]",0.051428822633854177,0.17355133631489553,False
Immunoglobulin lambda variable 4-69,Median Value (nm),time1,20,17,0.7838775024429546,"[0.51, 0.91]",7.148683458327011e-05,0.003187738101943966,True
Elongation factor 2,Median Value (nm),time1,20,17,0.06464283467406229,"[-0.40, 0.50]",0.7926145767662617,0.8755564949311284,False
Multiple inositol polyphosphate phosphatase 1,Median Value (nm),time1,20,17,-0.6617362184416805,"[-0.86, -0.30]",0.0020289171751339975,0.019515465321376765,True
Collagen alpha-1(VI) chain,Median Value (nm),time1,20,17,0.44831123688689,"[-0.01, 0.75]",0.0542190322803053,0.180613882451435,False
Hepatocyte growth factor activator,Median Value (nm),time1,20,17,0.0721006267906096,"[-0.40, 0.51]",0.7692737956656015,0.8643338399665618,False
Fibrinogen beta chain,Median Value (nm),time1,20,17,-0.4223961623679955,"[-0.74, 0.04]",0.07160937081444736,0.21628952817424918,False
Hemicentin-1,Median Value (nm),time1,20,17,-0.078620824977791,"[-0.51, 0.39]",0.7490212152508633,0.8517958057078973,False
C-type mannose receptor 2,Median Value (nm),time1,20,17,0.0593497596788311,"[-0.41, 0.50]",0.8092847060392139,0.8805878329254802,False
Platelet glycoprotein Ib beta chain,Median Value (nm),time1,20,17,-0.5120526493952913,"[-0.78, -0.08]",0.025006255092682395,0.11118661062669082,False
Complement C2,Median Value (nm),time1,20,17,-0.45905107283167135,"[-0.76, -0.01]",0.04803548617695672,0.16643733672015776,False
Annexin A2,Median Value (nm),time1,20,17,0.2192849705343291,"[-0.26, 0.61]",0.367057615380023,0.5774065481474855,False
Protein disulfide-isomerase A3,Median Value (nm),time1,20,17,0.02250021775666851,"[-0.44, 0.47]",0.9271518112631625,0.9555328239610751,False
Dipeptidyl peptidase 4,Median Value (nm),time1,20,17,0.2824136813079439,"[-0.20, 0.65]",0.24140623346671636,0.4514383716092385,False
Proteasome subunit alpha type-4,Median Value (nm),time1,20,17,-0.2407272589551453,"[-0.63, 0.24]",0.32082210553505697,0.5378182869487362,False
Coagulation factor XI,Median Value (nm),time1,20,17,-0.6234186114955235,"[-0.84, -0.24]",0.004346220486540951,0.03216203160040304,True
Collectin-11,Median Value (nm),time1,20,17,0.5999883645617075,"[0.20, 0.83]",0.006613644544545188,0.045077208869400094,True
High mobility group protein B1,Median Value (nm),time1,20,17,0.04890092219537278,"[-0.41, 0.49]",0.8424180086442692,0.9037441794110574,False
Immunoglobulin lambda variable 3-16,Median Value (nm),time1,20,17,0.40289477023030246,"[-0.06, 0.72]",0.08720689996518122,0.23901150360827444,False
Prothrombin,Median Value (nm),time1,20,17,0.18944224091900236,"[-0.29, 0.59]",0.4372924708610746,0.6361877571101135,False
Immunoglobulin kappa joining 1,Median Value (nm),time1,20,17,0.40901638381953587,"[-0.06, 0.73]",0.08206533422526853,0.23040565381403305,False
Immunoglobulin heavy variable 3-7,Median Value (nm),time1,20,17,-0.17753635876717286,"[-0.58, 0.30]",0.46714409230710063,0.6646443690794698,False
Immunoglobulin heavy variable 3-74,Median Value (nm),time1,20,17,0.09702144358961474,"[-0.37, 0.53]",0.6927466808055197,0.822091135526367,False
Ezrin,Median Value (nm),time1,20,17,0.12392614229922701,"[-0.35, 0.55]",0.6132323038969356,0.7710056636374094,False
Intercellular adhesion molecule 2,Median Value (nm),time1,20,17,0.6466418703932842,"[0.27, 0.85]",0.002772308387065611,0.02433992787288113,True
Lysozyme C,Median Value (nm),time1,20,17,-0.6666683713469364,"[-0.86, -0.30]",0.0018254209901037847,0.018288677987939705,True
Protein AMBP,Median Value (nm),time1,20,17,0.12213023927403455,"[-0.35, 0.55]",0.6184249157621865,0.7756515892610475,False
Prolyl endopeptidase FAP,Median Value (nm),time1,20,17,0.47297528606615274,"[0.02, 0.76]",0.04083701236717675,0.1523222011287187,False
"Actin, cytoplasmic 2",Median Value (nm),time1,20,17,-0.22262997857661687,"[-0.61, 0.26]",0.3596078879538511,0.5743927363695552,False
Kallistatin,Median Value (nm),time1,20,17,-0.22041364968548652,"[-0.61, 0.26]",0.3645342101458734,0.5774065481474855,False
Hemopexin,Median Value (nm),time1,20,17,0.09336389173250627,"[-0.38, 0.53]",0.7038210388818673,0.8272861878847689,False
C4b-binding protein beta chain,Median Value (nm),time1,20,17,0.7610840768544276,"[0.47, 0.90]",0.0001540768670857934,0.004560675265739484,True
Peptidyl-prolyl cis-trans isomerase A,Median Value (nm),time1,20,17,-0.0827402146888733,"[-0.52, 0.39]",0.736305566022845,0.8438192106191011,False
Complement C1r subcomponent-like protein,Median Value (nm),time1,20,17,0.4250514018348315,"[-0.04, 0.74]",0.06965812142266252,0.21414188069400109,False
Immunoglobulin heavy variable 3-30;Immunoglobulin heavy variable 3-30-5,Median Value (nm),time1,20,17,0.06830247542251296,"[-0.40, 0.51]",0.7811385307153823,0.8720468942038104,False
Immunoglobulin lambda variable 3-9,Median Value (nm),time1,20,17,-0.4318270247091583,"[-0.74, 0.03]",0.06485867114447762,0.20239031116168316,False
Immunoglobulin heavy variable 1-45,Median Value (nm),time1,20,17,-0.5820551081186894,"[-0.82, -0.17]",0.008934053335196973,0.05420899314610651,False
Hemoglobin subunit gamma-1,Median Value (nm),time1,20,17,0.20198586526016749,"[-0.28, 0.60]",0.4069558827017463,0.611910441914382,False
Apolipoprotein F,Median Value (nm),time1,20,17,0.09924888891476312,"[-0.37, 0.53]",0.6860313600118451,0.8185506547168885,False
Immunoglobulin gamma-1 heavy chain,Median Value (nm),time1,20,17,-0.11510382624396219,"[-0.54, 0.36]",0.6389058480509493,0.7929783094489303,False
Low affinity immunoglobulin gamma Fc region receptor III-B,Median Value (nm),time1,20,17,0.3462643442302039,"[-0.13, 0.69]",0.14643491576265122,0.33489309653445176,False
Multiple epidermal growth factor-like domains protein 8,Median Value (nm),time1,20,17,-0.3373044148461725,"[-0.69, 0.14]",0.1578764882237693,0.34885128577658775,False
Complement C4-B,Median Value (nm),time1,20,17,-0.5807341850810489,"[-0.82, -0.17]",0.009128142312928854,0.05466332622077626,False
Glyceraldehyde-3-phosphate dehydrogenase,Median Value (nm),time1,20,17,0.1542872074743004,"[-0.32, 0.57]",0.5282630366260435,0.7089504524364534,False
Complement C1r subcomponent,Median Value (nm),time1,20,17,0.43232561261027896,"[-0.03, 0.74]",0.0645155523812253,0.20239031116168316,False
Sex hormone-binding globulin,Median Value (nm),time1,20,17,0.16942798531517134,"[-0.31, 0.58]",0.4880452184186792,0.6804895172685744,False
Biotinidase,Median Value (nm),time1,20,17,-0.4771638047687544,"[-0.77, -0.03]",0.038843053865779374,0.1479463375181891,False
Cholinesterase,Median Value (nm),time1,20,17,0.5212220795806688,"[0.09, 0.79]",0.022109570171036732,0.1027153125434711,False
Immunoglobulin heavy variable 2-5,Median Value (nm),time1,20,17,0.33555377124851793,"[-0.14, 0.69]",0.1601817980520164,0.35043145377768814,False
Immunoglobulin lambda variable 1-36,Median Value (nm),time1,20,17,-0.030488614156575927,"[-0.48, 0.43]",0.9013923530103074,0.9400263771020578,False
Immunoglobulin kappa variable 3-11,Median Value (nm),time1,20,17,0.5777889565027634,"[0.17, 0.82]",0.009573200809940535,0.056416924714554825,False
Immunoglobulin kappa variable 6-21,Median Value (nm),time1,20,17,-0.2579581417552028,"[-0.64, 0.22]",0.2863075825916062,0.5070335992562461,False
Immunoglobulin kappa light chain,Median Value (nm),time1,20,17,0.043625438913605,"[-0.42, 0.49]",0.8592469804539364,0.9102043678428202,False
Neuropilin-1,Median Value (nm),time1,20,17,-0.20371882185671622,"[-0.60, 0.28]",0.40285665532212134,0.6083957651803465,False
Ficolin-2,Median Value (nm),time1,20,17,0.2897980880922473,"[-0.19, 0.66]",0.22879003134732862,0.43754548684335165,False
Gamma-glutamyl hydrolase,Median Value (nm),time1,20,17,0.1766137060501839,"[-0.30, 0.58]",0.4694994264864468,0.6648632513755623,False
Keratinocyte proline-rich protein,Median Value (nm),time1,20,17,0.020732798261677822,"[-0.44, 0.47]",0.9328613094829339,0.9595098293088787,False
Kyphoscoliosis peptidase,Median Value (nm),time1,20,17,0.0701800539044945,"[-0.40, 0.51]",0.7752673568312972,0.8673617512713001,False
Laminin subunit alpha-2,Median Value (nm),time1,20,17,0.2126484354465,"[-0.27, 0.61]",0.3820938730959972,0.5899392735133429,False
Desmoglein-1,Median Value (nm),time1,20,17,0.44890464984480133,"[-0.01, 0.75]",0.05386239719861026,0.18000465644438782,False
Immunoglobulin lambda variable 3-27,Median Value (nm),time1,20,17,-0.3243350225503135,"[-0.68, 0.15]",0.17550434368102932,0.37314210490716737,False
Myosin-9,Median Value (nm),time1,20,17,-0.017638350759934526,"[-0.47, 0.44]",0.9428650607224198,0.9652254969450859,False
Versican core protein,Median Value (nm),time1,20,17,0.6337428483569452,"[0.25, 0.84]",0.003574339077168129,0.02742974284404579,True
Proteasome subunit beta type-3,Median Value (nm),time1,20,17,-0.06631998156423827,"[-0.51, 0.40]",0.7873500959385049,0.8752089049273509,False
Alpha-N-acetylglucosaminidase,Median Value (nm),time1,20,17,0.13926560641525648,"[-0.34, 0.56]",0.5696168051297696,0.7404303765551334,False
Caspase-14,Median Value (nm),time1,20,17,0.34438107659791906,"[-0.13, 0.69]",0.14879049381755974,0.3380415605153331,False
Histidine-rich glycoprotein,Median Value (nm),time1,20,17,-0.6634547918114646,"[-0.86, -0.30]",0.001955972483939643,0.01911686314491953,True
"ATP synthase subunit alpha, mitochondrial",Median Value (nm),time1,20,17,0.34294958123753994,"[-0.13, 0.69]",0.1505984810164868,0.339173970289305,False
Immunoglobulin kappa constant,Median Value (nm),time1,20,17,0.022280022012548962,"[-0.44, 0.47]",0.9278629545413528,0.9555328239610751,False
Interleukin-1 receptor accessory protein,Median Value (nm),time1,20,17,-0.4202266496673444,"[-0.73, 0.04]",0.07323362029285756,0.21867898069694805,False
Immunoglobulin lambda variable 9-49,Median Value (nm),time1,20,17,0.18350073685335355,"[-0.30, 0.59]",0.45206307505149435,0.6495663602681666,False
Plexin domain-containing protein 2,Median Value (nm),time1,20,17,0.7377407952008754,"[0.43, 0.89]",0.00031186948407777737,0.006620468832575427,True
Immunoglobulin heavy variable 4-28,Median Value (nm),time1,20,17,-0.22215381802665615,"[-0.61, 0.26]",0.3606630500788234,0.574732872498808,False
Desmoplakin,Median Value (nm),time1,20,17,0.13213290832442173,"[-0.34, 0.55]",0.5897302482119356,0.750560396674908,False
Endoplasmin,Median Value (nm),time1,20,17,-0.035443409753878184,"[-0.48, 0.43]",0.8854607692594358,0.9281939513192141,False
Heparin cofactor 2,Median Value (nm),time1,20,17,0.2855745654241514,"[-0.19, 0.65]",0.23595257839621323,0.44612030724848,False
Laminin subunit gamma-1,Median Value (nm),time1,20,17,-0.15251020919492775,"[-0.57, 0.32]",0.5330814695443988,0.7089504524364534,False
Polymeric immunoglobulin receptor,Median Value (nm),time1,20,17,0.3134297515568501,"[-0.16, 0.67]",0.19132215009098313,0.3909212011602097,False
Serum amyloid A-4 protein,Median Value (nm),time1,20,17,0.6128012944851755,"[0.22, 0.83]",0.0052778481938528105,0.03770931537125181,True
Catalase,Median Value (nm),time1,20,17,-0.13101739400798657,"[-0.55, 0.34]",0.5929025443168296,0.7509132468364738,False
Complement receptor type 1,Median Value (nm),time1,20,17,-0.5394608230802852,"[-0.80, -0.11]",0.017137138551784167,0.08576848086786666,False
Immunoglobulin kappa variable 1-27,Median Value (nm),time1,20,17,0.062435105750512955,"[-0.40, 0.50]",0.7995576120844324,0.8755564949311284,False
Immunoglobulin kappa variable 2-30,Median Value (nm),time1,20,17,0.07050552869333301,"[-0.40, 0.51]",0.774250776257811,0.8671608694087483,False
Protein-glutamine gamma-glutamyltransferase E,Median Value (nm),time1,20,17,0.3247163142506722,"[-0.15, 0.68]",0.17496785804110718,0.37314210490716737,False
Periostin,Median Value (nm),time1,20,17,-0.48933129571348505,"[-0.77, -0.05]",0.033474477814357924,0.1338979112574317,False
Albumin,Median Value (nm),time1,20,17,-0.29428689752809134,"[-0.66, 0.18]",0.22133337966601824,0.4286007127738222,False
Complement factor B,Median Value (nm),time1,20,17,-0.47374392006829447,"[-0.76, -0.02]",0.04046532857397618,0.15189159566173666,False
Probable non-functional immunoglobulinn kappa variable 1-37;Probable non-functional immunoglobulinn kappa variable 1D-37,Median Value (nm),time1,20,17,-0.5816040575976403,"[-0.82, -0.17]",0.008999948669044711,0.05420899314610651,False
Immunoglobulin lambda variable 8-61,Median Value (nm),time1,20,17,0.4723049890640272,"[0.02, 0.76]",0.04116328226430076,0.15285003736851463,False
Annexin A1,Median Value (nm),time1,20,17,0.0753236489590731,"[-0.39, 0.51]",0.7592439111046725,0.858708178934979,False
CD5 antigen-like,Median Value (nm),time1,20,17,0.29281735010050025,"[-0.19, 0.66]",0.22375689452789854,0.4308775887191504,False
RB-associated KRAB zinc finger protein,Median Value (nm),time1,20,17,0.09905905046450107,"[-0.37, 0.53]",0.6866028175183168,0.8185506547168885,False
Immunoglobulin lambda variable 7-46,Median Value (nm),time1,20,17,0.6900995687256543,"[0.34, 0.87]",0.0010754072338388684,0.013754591287124293,True
Basement membrane-specific heparan sulfate proteoglycan core protein,Median Value (nm),time1,20,17,-0.5054306921334222,"[-0.78, -0.07]",0.02727748348716751,0.11677468137481628,False
Vitamin K-dependent protein C,Median Value (nm),time1,20,17,-0.31388592246592506,"[-0.67, 0.16]",0.19064203694440324,0.3909212011602097,False
Immunoglobulin lambda variable 1-40,Median Value (nm),time1,20,17,-0.35304264339926034,"[-0.70, 0.12]",0.13817135987742968,0.3260718196651871,False
Pantetheinase,Median Value (nm),time1,20,17,-0.28437594439407676,"[-0.65, 0.20]",0.23801122706191438,0.44832660224753323,False
Neutrophil defensin 1;Neutrophil defensin 3,Median Value (nm),time1,20,17,0.19379724910097101,"[-0.29, 0.60]",0.4266285185137325,0.6296639228312492,False
Immunoglobulin lambda variable 2-8,Median Value (nm),time1,20,17,-0.28147656244997443,"[-0.65, 0.20]",0.24303845554709053,0.45236498156410326,False
Immunoglobulin heavy variable 1-18,Median Value (nm),time1,20,17,0.22527869717200524,"[-0.26, 0.62]",0.3537706098452267,0.5683562151512758,False
Immunoglobulin kappa variable 3D-15,Median Value (nm),time1,20,17,0.7172044779900573,"[0.39, 0.88]",0.0005477887104905889,0.00900808101695635,True
Extracellular matrix protein 1,Median Value (nm),time1,20,17,-0.3465303339293942,"[-0.69, 0.13]",0.14610431849192337,0.33489309653445176,False
Tubulin alpha-1B chain,Median Value (nm),time1,20,17,0.2481112118464796,"[-0.23, 0.63]",0.3057412926900207,0.5238162015729675,False
Immunoglobulin lambda variable 5-45,Median Value (nm),time1,20,17,0.2765223869918851,"[-0.20, 0.65]",0.2517842284846656,0.46188965337429755,False
Alpha-2-HS-glycoprotein,Median Value (nm),time1,20,17,0.4223961623679955,"[-0.04, 0.74]",0.07160937081444736,0.21628952817424918,False
Cartilage acidic protein 1,Median Value (nm),time1,20,17,-0.732409592860495,"[-0.89, -0.42]",0.0003627033628563421,0.006958531183688341,True
Coagulation factor IX,Median Value (nm),time1,20,17,0.7746137702353141,"[0.49, 0.91]",9.87005570724787e-05,0.0034084592375695976,True
Integrin alpha-2,Median Value (nm),time1,20,17,-0.46774009391864674,"[-0.76, -0.02]",0.043438863057600904,0.1590665330110924,False
"Mannosyl-oligosaccharide 1,2-alpha-mannosidase IA",Median Value (nm),time1,20,17,0.053704139414104436,"[-0.41, 0.50]",0.8271520683243625,0.8935657380438369,False
Endophilin-A3,Median Value (nm),time1,20,17,-0.4643021459686605,"[-0.76, -0.01]",0.045215398143269,0.16254753949478684,False
Collagen alpha-1(I) chain,Median Value (nm),time1,20,17,0.5856145359334451,"[0.18, 0.82]",0.008427635789206647,0.0525965703470969,False
Carboxypeptidase N subunit 2,Median Value (nm),time1,20,17,0.6454745781634652,"[0.27, 0.85]",0.0028381187092147114,0.024708327586104546,True
Scavenger receptor cysteine-rich type 1 protein M130,Median Value (nm),time1,20,17,-0.19915961243167501,"[-0.60, 0.28]",0.41368948133897165,0.6185506812801659,False
Annexin A5,Median Value (nm),time1,20,17,0.23501388256675096,"[-0.25, 0.62]",0.33278818958665823,0.5507485054501244,False
Platelet factor 4,Median Value (nm),time1,20,17,0.21747750356552384,"[-0.26, 0.61]",0.3711191287725111,0.5801872248300101,False
Immunoglobulin heavy variable 3-72,Median Value (nm),time1,20,17,0.49567820605325885,"[0.05, 0.78]",0.030912960460078992,0.1270866152247692,False
Protein HEG homolog 1,Median Value (nm),time1,20,17,0.23330126027710404,"[-0.25, 0.62]",0.33642539772575664,0.5549838796282563,False
Sulfhydryl oxidase 1,Median Value (nm),time1,20,17,-0.6612910054079413,"[-0.86, -0.30]",0.0020481786079443263,0.019515465321376765,True
Corticosteroid-binding globulin,Median Value (nm),time1,20,17,0.2312622291141827,"[-0.25, 0.62]",0.3407859769360412,0.5564761841530678,False
Angiopoietin-related protein 6,Median Value (nm),time1,20,17,-0.21933169260507615,"[-0.61, 0.26]",0.3669529623676563,0.5774065481474855,False
72 kDa type IV collagenase,Median Value (nm),time1,20,17,-0.826355054021891,"[-0.93, -0.60]",1.2992051651060469e-05,0.0013459765510498646,True
Trypsin-3,Median Value (nm),time1,20,17,0.3005182620478125,"[-0.18, 0.66]",0.2112471815167898,0.4176566413194547,False
Complement component C9,Median Value (nm),time1,20,17,-0.38112565417572486,"[-0.71, 0.09]",0.10740773133153189,0.27264475245511216,False
Pyruvate kinase PKM,Median Value (nm),time1,20,17,0.21739841507966573,"[-0.26, 0.61]",0.37129742284005474,0.5801872248300101,False
Immunoglobulin heavy variable 4-34,Median Value (nm),time1,20,17,0.4150747955857577,"[-0.05, 0.73]",0.07720010867424573,0.22340590107966085,False
Immunoglobulin kappa variable 6D-21,Median Value (nm),time1,20,17,0.4189853209599382,"[-0.04, 0.73]",0.07417518421635837,0.2192203239072002,False
Immunoglobulin lambda-1 light chain,Median Value (nm),time1,20,17,-0.2660117473007771,"[-0.64, 0.21]",0.2709908358165546,0.48656240191672534,False
Transforming growth factor-beta-induced protein ig-h3,Median Value (nm),time1,20,17,-0.592165362598683,"[-0.82, -0.19]",0.007556527422692812,0.048027990244845116,True
Complement C1q subcomponent subunit A,Median Value (nm),time1,20,17,0.24005162911175243,"[-0.24, 0.63]",0.3222236542637147,0.5385352272731191,False
Prolow-density lipoprotein receptor-related protein 1,Median Value (nm),time1,20,17,0.3610469000039553,"[-0.11, 0.70]",0.12884027270079323,0.3104151686465623,False
Immunoglobulin heavy constant mu,Median Value (nm),time1,20,17,0.4160002322137934,"[-0.05, 0.73]",0.07647614986752889,0.22340590107966085,False
UV-stimulated scaffold protein A,Median Value (nm),time1,20,17,0.08462935149424518,"[-0.38, 0.52]",0.7304958743526626,0.8420419014912773,False
Complement component C6,Median Value (nm),time1,20,17,-0.796365353107625,"[-0.92, -0.54]",4.512565902984869e-05,0.0024605359344696443,True
Angiotensinogen,Median Value (nm),time1,20,17,0.7747652368401173,"[0.49, 0.91]",9.819312580511432e-05,0.0034084592375695976,True
Pregnancy zone protein,Median Value (nm),time1,20,17,0.5054306921334222,"[0.07, 0.78]",0.02727748348716751,0.11677468137481628,False
Histone H2A type 1-B/E;Histone H2A type 3;Histone H2A type 1-C,Median Value (nm),time1,20,17,0.06267917803643466,"[-0.40, 0.50]",0.798789316732141,0.8755564949311284,False
Desmocollin-1,Median Value (nm),time1,20,17,0.42777382369154243,"[-0.03, 0.74]",0.0676989280678695,0.2099882918512359,False
Protein Z-dependent protease inhibitor,Median Value (nm),time1,20,17,0.5059630246398276,"[0.07, 0.78]",0.02708914168841096,0.11677468137481628,False
Immunoglobulin kappa variable 1-17,Median Value (nm),time1,20,17,-0.2949004776151323,"[-0.66, 0.18]",0.22032656625815644,0.42745004240346457,False
Fibronectin,Median Value (nm),time1,20,17,0.25106181445932285,"[-0.23, 0.63]",0.2998366436959995,0.5185822418515116,False
Probable non-functional immunoglobulin heavy variable 3-38,Median Value (nm),time1,20,17,0.048510721794807594,"[-0.41, 0.49]",0.8436606135433461,0.9037441794110574,False
Nucleoside diphosphate kinase 3,Median Value (nm),time1,20,17,0.20893088460646536,"[-0.27, 0.61]",0.390664210030927,0.5965057482687123,False
Plasma protease C1 inhibitor,Median Value (nm),time1,20,17,0.027235613088229933,"[-0.43, 0.48]",0.9118720424599257,0.946592621230945,False
Immunoglobulin kappa variable 1-16,Median Value (nm),time1,20,17,0.13367887170461487,"[-0.34, 0.55]",0.5853456405892548,0.7494892293326226,False
F-actin-capping protein subunit alpha-1,Median Value (nm),time1,20,17,-0.06872223686223172,"[-0.51, 0.40]",0.7798249436751931,0.8715195702777777,False
Cathepsin D,Median Value (nm),time1,20,17,0.07656724107024881,"[-0.39, 0.51]",0.7553836378237601,0.8552759003119295,False
Anthrax toxin receptor 2,Median Value (nm),time1,20,17,0.09107761862663422,"[-0.38, 0.52]",0.7107726968812141,0.830189824407559,False
Talin-1,Median Value (nm),time1,20,17,0.0843013508150785,"[-0.38, 0.52]",0.7315035823765923,0.8420419014912773,False
Protein disulfide-isomerase,Median Value (nm),time1,20,17,0.1084956798074428,"[-0.36, 0.54]",0.658399001811139,0.8033271056302631,False
Junction plakoglobin,Median Value (nm),time1,20,17,0.10506183123468311,"[-0.37, 0.53]",0.668613307012107,0.8054457977494683,False
Tenascin,Median Value (nm),time1,20,17,0.14399822652779,"[-0.33, 0.56]",0.5564379989843373,0.7297085657566752,False
Cadherin-related family member 5,Median Value (nm),time1,20,17,-0.3692551829810131,"[-0.71, 0.10]",0.11974243261303123,0.2939648345665885,False
Kininogen-1,Median Value (nm),time1,20,17,-0.3982284611114099,"[-0.72, 0.07]",0.0912817931387051,0.24563100699142465,False
Alpha-1-antichymotrypsin,Median Value (nm),time1,20,17,-0.42141848815899213,"[-0.73, 0.04]",0.07233797543700383,0.21722360160213325,False
Integrin alpha-IIb,Median Value (nm),time1,20,17,-0.364634538576714,"[-0.70, 0.11]",0.12480574728497548,0.30280738685535036,False
Serum amyloid P-component,Median Value (nm),time1,20,17,-0.7570840047427464,"[-0.90, -0.46]",0.00017480983064834272,0.004765868014517975,True
Inter-alpha-trypsin inhibitor heavy chain H1,Median Value (nm),time1,20,17,0.8268359020852221,"[0.60, 0.93]",1.271146583583999e-05,0.0013459765510498646,True
Probable non-functional immunoglobulin heavy variable 3-35,Median Value (nm),time1,20,17,-0.23736693203222242,"[-0.62, 0.24]",0.32782865667851613,0.5442796287162543,False
Immunoglobulin kappa variable 1-5,Median Value (nm),time1,20,17,-0.41786118690956325,"[-0.73, 0.04]",0.07503557729801467,0.2208433468202932,False
Band 3 anion transport protein,Median Value (nm),time1,20,17,0.3668987719268735,"[-0.10, 0.70]",0.12230599983886274,0.2981388607836748,False
Immunoglobulin lambda variable 7-43,Median Value (nm),time1,20,17,0.5125127960076418,"[0.08, 0.78]",0.024854135027721373,0.11098656848585924,False
Peroxiredoxin-1,Median Value (nm),time1,20,17,-0.08366210002871476,"[-0.52, 0.39]",0.7334687446372208,0.8422215133706741,False
Matrix metalloproteinase-9,Median Value (nm),time1,20,17,-0.131879415784077,"[-0.55, 0.34]",0.590450505106226,0.750560396674908,False
Multimerin-2,Median Value (nm),time1,20,17,0.2298236528002596,"[-0.25, 0.62]",0.34388213386082334,0.5572270599606748,False
Immunoglobulin heavy variable 1-3,Median Value (nm),time1,20,17,-0.10605723129577802,"[-0.53, 0.37]",0.6656465584558096,0.8046199177072841,False
Podocalyxin,Median Value (nm),time1,20,17,-0.3501942227814989,"[-0.69, 0.12]",0.14160317169239622,0.3291079999272868,False
Immunoglobulin lambda variable 1-51,Median Value (nm),time1,20,17,-0.09991271207712978,"[-0.53, 0.37]",0.684034383229255,0.8175005322348603,False
Cadherin-13,Median Value (nm),time1,20,17,-0.5985564535096604,"[-0.83, -0.20]",0.0067786471049172846,0.04589985882806736,True
Plastin-2,Median Value (nm),time1,20,17,-0.5017350384085489,"[-0.78, -0.06]",0.02861345049868515,0.12050217364486918,False
Inter-alpha-trypsin inhibitor heavy chain H4,Median Value (nm),time1,20,17,0.7746460546207946,"[0.49, 0.91]",9.859221314460552e-05,0.0034084592375695976,True
Fructose-bisphosphate aldolase B,Median Value (nm),time1,20,17,-0.35304264339926034,"[-0.70, 0.12]",0.13817135987742968,0.3260718196651871,False
Mannan-binding lectin serine protease 2,Median Value (nm),time1,20,17,0.49421997595814887,"[0.05, 0.77]",0.03148750238849042,0.12893696630227697,False
Platelet glycoprotein 4,Median Value (nm),time1,20,17,-0.8293968082295019,"[-0.93, -0.60]",1.1303415671373098e-05,0.0013459765510498646,True
Hemoglobin subunit alpha,Median Value (nm),time1,20,17,0.3173941377959894,"[-0.16, 0.67]",0.18546558773656519,0.3873837679336321,False
Immunoglobulin lambda variable 3-10,Median Value (nm),time1,20,17,-0.121815478075153,"[-0.55, 0.35]",0.6193368003298636,0.775856015890857,False
Serum paraoxonase/lactonase 3,Median Value (nm),time1,20,17,0.4170980059402569,"[-0.05, 0.73]",0.07562390467446713,0.22194437745820947,False
Dopamine beta-hydroxylase,Median Value (nm),time1,20,17,0.5079570463712094,"[0.07, 0.78]",0.02639268291840178,0.11634744374778905,False
Triosephosphate isomerase,Median Value (nm),time1,20,17,0.05266502808814484,"[-0.41, 0.50]",0.8304498120822008,0.8952611917972529,False
Endoplasmic reticulum chaperone BiP,Median Value (nm),time1,20,17,0.5568169786927026,"[0.14, 0.81]",0.013274518572616408,0.07088866619191031,False
Suprabasin,Median Value (nm),time1,20,17,0.4809059288218964,"[0.03, 0.77]",0.03712586968212115,0.142357976776476,False
Immunoglobulin kappa variable 3-20,Median Value (nm),time1,20,17,0.6398897911611583,"[0.26, 0.85]",0.0031711363632830817,0.026129234801831137,True
Ficolin-1,Median Value (nm),time1,20,17,0.19225590863338451,"[-0.29, 0.59]",0.4303868915185989,0.6333534369506654,False
Autotaxin,Median Value (nm),time1,20,17,0.07960219359366413,"[-0.39, 0.52]",0.7459861802543621,0.8502108721050816,False
Histidine ammonia-lyase,Median Value (nm),time1,20,17,0.2499629488225285,"[-0.23, 0.63]",0.30202752825646395,0.5197683044413566,False
Noelin,Median Value (nm),time1,20,17,-0.27909533409259624,"[-0.65, 0.20]",0.24721757649410228,0.45653727138661315,False
Prenylcysteine oxidase 1,Median Value (nm),time1,20,17,0.1493688801206492,"[-0.33, 0.57]",0.5416484243889422,0.7175802655587521,False
Immunoglobulin delta heavy chain,Median Value (nm),time1,20,17,-0.25254612283847333,"[-0.63, 0.23]",0.2968926050835479,0.5157142226195085,False
Antithrombin-III,Median Value (nm),time1,20,17,0.7993016966170396,"[0.54, 0.92]",4.031540390681227e-05,0.0024568681439680893,True
Complement component C7,Median Value (nm),time1,20,17,-0.5840620038237846,"[-0.82, -0.18]",0.008645579727814452,0.05363365627554354,False
BOS complex subunit NOMO3;BOS complex subunit NOMO1;BOS complex subunit NOMO2,Median Value (nm),time1,20,17,-0.7058543204455838,"[-0.88, -0.37]",0.0007330566827075825,0.010696432722324725,True
Cofilin-1,Median Value (nm),time1,20,17,0.372682997279427,"[-0.10, 0.71]",0.11608185059826333,0.28717898667840763,False
Histone H4,Median Value (nm),time1,20,17,0.20127403775024008,"[-0.28, 0.60]",0.4086462012797316,0.6135615427910173,False
Serum amyloid A-1 protein,Median Value (nm),time1,20,17,-0.040479765898095064,"[-0.49, 0.42]",0.8693099750243448,0.9189848307400217,False
Transferrin receptor protein 1,Median Value (nm),time1,20,17,0.34338816001981287,"[-0.13, 0.69]",0.15004294559282821,0.3386590231681264,False
Serpin B12,Median Value (nm),time1,20,17,0.060139014808099016,"[-0.41, 0.50]",0.8067938323496863,0.8798299055939736,False
Immunoglobulin kappa variable 3D-20,Median Value (nm),time1,20,17,0.13475008329596286,"[-0.34, 0.55]",0.5823156043534372,0.749195236008037,False
Probable non-functional immunoglobulin heavy variable 3-16,Median Value (nm),time1,20,17,0.11327585686887787,"[-0.36, 0.54]",0.6442761480034549,0.7931239910806499,False
Immunoglobulin lambda variable 6-57,Median Value (nm),time1,20,17,0.046837938284641535,"[-0.42, 0.49]",0.8489916169630375,0.9076938237086758,False
Fibrinogen alpha chain,Median Value (nm),time1,20,17,0.43378653255020055,"[-0.03, 0.74]",0.06351800384038818,0.20062393895927488,False
Galectin-3-binding protein,Median Value (nm),time1,20,17,0.029341592506983618,"[-0.43, 0.48]",0.905085839746911,0.9414346686524095,False
Macrophage colony-stimulating factor 1 receptor,Median Value (nm),time1,20,17,-0.33003592917248903,"[-0.68, 0.15]",0.16759877184548314,0.3611938349390452,False
Phosphatidylinositol-glycan-specific phospholipase D,Median Value (nm),time1,20,17,-0.5816213738098184,"[-0.82, -0.17]",0.008997411647868792,0.05420899314610651,False
Serotransferrin,Median Value (nm),time1,20,17,0.05540482723723933,"[-0.41, 0.50]",0.821760727089861,0.8895967745716782,False
Integrin alpha-11,Median Value (nm),time1,20,17,0.2379827171327295,"[-0.24, 0.62]",0.32653799681416706,0.5430070059381655,False
Proprotein convertase subtilisin/kexin type 9,Median Value (nm),time1,20,17,0.6740634053192486,"[0.32, 0.86]",0.0015523290459639,0.016579514346583512,True
Gelsolin,Median Value (nm),time1,20,17,-0.34018221709073604,"[-0.69, 0.13]",0.15413667750753005,0.344149995469399,False
Proteoglycan 4,Median Value (nm),time1,20,17,-0.311614386734602,"[-0.67, 0.17]",0.19404476452992178,0.3941772079470568,False
Vascular cell adhesion protein 1,Median Value (nm),time1,20,17,0.6777119412606865,"[0.32, 0.87]",0.00143070495084867,0.016025002363036576,True
Adhesion G protein-coupled receptor F5,Median Value (nm),time1,20,17,-0.06275388506895405,"[-0.50, 0.40]",0.7985541878694218,0.8755564949311284,False
Insulin-like growth factor-binding protein 3,Median Value (nm),time1,20,17,0.3887679709149839,"[-0.08, 0.72]",0.09996686880573623,0.2608707206114426,False
Transthyretin,Median Value (nm),time1,20,17,0.19681340534467642,"[-0.28, 0.60]",0.419324548897427,0.6232714959221439,False
Coiled-coil domain-containing protein 126,Median Value (nm),time1,20,17,0.4194683453207543,"[-0.04, 0.73]",0.0738077425936648,0.2192203239072002,False
Guanine nucleotide-binding protein G(i) subunit alpha-2,Median Value (nm),time1,20,17,-0.023201079117721735,"[-0.47, 0.44]",0.9248886667366567,0.9548144819594511,False
Apolipoprotein C-I,Median Value (nm),time1,20,17,0.578849109881755,"[0.17, 0.82]",0.009411022156566931,0.05603344226553644,False
Syntenin-1,Median Value (nm),time1,20,17,-0.4495316966314937,"[-0.75, 0.01]",0.053487482850840616,0.17933020140281836,False
Phospholipid transfer protein,Median Value (nm),time1,20,17,-0.15799829334499965,"[-0.57, 0.32]",0.5182657240987314,0.7032421774498222,False
Laminin subunit beta-1,Median Value (nm),time1,20,17,-0.3678226907041486,"[-0.70, 0.10]",0.12129625894966159,0.29637482139587124,False
Proline-rich protein 4,Median Value (nm),time1,20,17,0.4032945418875552,"[-0.06, 0.72]",0.08686410307932257,0.23901150360827444,False
Immunoglobulin kappa variable 2-28;Immunoglobulin kappa variable 2D-28,Median Value (nm),time1,20,17,-0.34586816830215594,"[-0.69, 0.13]",0.14692828380855427,0.3352812819948507,False
Complement C3,Median Value (nm),time1,20,17,0.36259486239592637,"[-0.11, 0.70]",0.1270883619735755,0.3069080256518047,False
Thyroxine-binding globulin,Median Value (nm),time1,20,17,0.6008783900483744,"[0.20, 0.83]",0.0065127454893218134,0.044793663553491354,True
Immunoglobulin kappa variable 1D-13;Immunoglobulin kappa variable 1-13,Median Value (nm),time1,20,17,-0.17440140954164454,"[-0.58, 0.30]",0.47517114699604157,0.6679475010690625,False
Complement factor H-related protein 5,Median Value (nm),time1,20,17,-0.6767556686311711,"[-0.87, -0.32]",0.0014617848925944728,0.016025002363036576,True
Immunoglobulin lambda variable 2-23,Median Value (nm),time1,20,17,0.2975682190177731,"[-0.18, 0.66]",0.2159838374788612,0.42218727477000045,False
Coagulation factor VII,Median Value (nm),time1,20,17,-0.171213294292941,"[-0.58, 0.31]",0.4834042567574913,0.6776817456031949,False
Immunoglobulin heavy constant gamma 4,Median Value (nm),time1,20,17,-0.14171430051942108,"[-0.56, 0.33]",0.5627811054132487,0.7370938371784143,False
L-lactate dehydrogenase B chain,Median Value (nm),time1,20,17,-0.24660018132366296,"[-0.63, 0.23]",0.3087920337386209,0.5242924258799132,False
Zinc-alpha-2-glycoprotein,Median Value (nm),time1,20,17,0.1661372418573117,"[-0.31, 0.58]",0.49665643615242805,0.686964042528592,False
"Dihydrolipoyllysine-residue succinyltransferase component of 2-oxoglutarate dehydrogenase complex, mitochondrial",Median Value (nm),time1,20,17,-0.5410627131673513,"[-0.80, -0.12]",0.016747010495395426,0.08463367255233982,False
Serpin B3,Median Value (nm),time1,20,17,0.08174335943236737,"[-0.39, 0.52]",0.7393767632021322,0.8454683517410695,False
Immunoglobulin heavy variable 3-33,Median Value (nm),time1,20,17,-0.006548673414188976,"[-0.46, 0.45]",0.9787730166806611,0.9862742466077496,False
Follistatin-related protein 1,Median Value (nm),time1,20,17,0.140250452816176,"[-0.34, 0.56]",0.5668632138972132,0.7396351254376736,False
Cholesteryl ester transfer protein,Median Value (nm),time1,20,17,-0.6351315406810804,"[-0.85, -0.25]",0.0034797434356497485,0.02690309103979955,True
Complement C1q subcomponent subunit C,Median Value (nm),time1,20,17,-0.1903087586784802,"[-0.59, 0.29]",0.43515962960901666,0.6358608974258692,False
Immunoglobulin heavy variable 4-30-2,Median Value (nm),time1,20,17,0.1525129759650248,"[-0.32, 0.57]",0.5330739516262051,0.7089504524364534,False
Thrombospondin-4,Median Value (nm),time1,20,17,0.42276643706427525,"[-0.04, 0.74]",0.07133485638589901,0.21628952817424918,False
Transketolase,Median Value (nm),time1,20,17,-0.15291458820502124,"[-0.57, 0.32]",0.5319832006126778,0.7089504524364534,False
Complement receptor type 2,Median Value (nm),time1,20,17,-0.15905255990074804,"[-0.57, 0.32]",0.5154419432645445,0.7026287542395633,False
Immunoglobulin kappa variable 2-40;Immunoglobulin kappa variable 2D-40,Median Value (nm),time1,20,17,0.11374927869127237,"[-0.36, 0.54]",0.6428836726276919,0.7931239910806499,False
Immunoglobulin kappa variable 3D-7,Median Value (nm),time1,20,17,-0.4095202911189756,"[-0.73, 0.05]",0.08165227543570748,0.23038445958521514,False
Immunoglobulin heavy variable 3-64,Median Value (nm),time1,20,17,0.37555812629972873,"[-0.09, 0.71]",0.11307364044171721,0.28159685456158423,False
Vitronectin,Median Value (nm),time1,20,17,-0.5007553726562124,"[-0.78, -0.06]",0.028976028106819915,0.12153508145208677,False
Complement component C8 gamma chain,Median Value (nm),time1,20,17,-0.6158362734524739,"[-0.84, -0.22]",0.004996270512706821,0.03594539063308518,True
Immunoglobulin heavy variable 5-51,Median Value (nm),time1,20,17,0.7010068136970972,"[0.36, 0.88]",0.000826883982017567,0.01189794174125277,True
Coagulation factor V,Median Value (nm),time1,20,17,-0.7174062397204878,"[-0.88, -0.39]",0.0005448923084178705,0.00900808101695635,True
Protein S100-A7,Median Value (nm),time1,20,17,0.07203515183330801,"[-0.40, 0.51]",0.7694779202988491,0.8643338399665618,False
Arginase-1,Median Value (nm),time1,20,17,0.09085794655593747,"[-0.38, 0.52]",0.711441795829456,0.830189824407559,False
Protein-glutamine gamma-glutamyltransferase K,Median Value (nm),time1,20,17,0.19171679784156087,"[-0.29, 0.59]",0.4317055560773808,0.6334942720908875,False
Immunoglobulin kappa variable 4-1,Median Value (nm),time1,20,17,0.2301662895242023,"[-0.25, 0.62]",0.34314322285276055,0.5572043556041691,False
Coagulation factor XIII B chain,Median Value (nm),time1,20,17,-0.6584813675849923,"[-0.86, -0.29]",0.002173272317286244,0.02028387496133828,True
Apolipoprotein C-II,Median Value (nm),time1,20,17,0.1560755588204148,"[-0.32, 0.57]",0.5234342704640007,0.7070116091273856,False
Bone marrow proteoglycan,Median Value (nm),time1,20,17,-0.22499203248421484,"[-0.62, 0.26]",0.35439972489162563,0.5683562151512758,False
Apolipoprotein A-I,Median Value (nm),time1,20,17,0.7463730269248492,"[0.44, 0.90]",0.00024237137704826494,0.005864574296393836,True
Coagulation factor X,Median Value (nm),time1,20,17,0.23579689963280875,"[-0.24, 0.62]",0.33113296045803453,0.5488859952552381,False
Thioredoxin,Median Value (nm),time1,20,17,0.2863587878983494,"[-0.19, 0.66]",0.23461187631416922,0.44516099608329546,False
Immunoglobulin heavy variable 3-15,Median Value (nm),time1,20,17,0.009727805217941667,"[-0.45, 0.46]",0.9684722022335299,0.9807792781172405,False
Proteasome subunit beta type-2,Median Value (nm),time1,20,17,-0.026896343306134458,"[-0.48, 0.43]",0.9129658468371908,0.9467793967200497,False
Apolipoprotein A-II,Median Value (nm),time1,20,17,0.16247576096323224,"[-0.31, 0.57]",0.5063234754364144,0.6960046585059938,False
Immunoglobulin heavy constant gamma 2,Median Value (nm),time1,20,17,-0.2088244182532485,"[-0.61, 0.27]",0.39091120545008406,0.5965057482687123,False
Plakophilin-1,Median Value (nm),time1,20,17,0.33574715627842405,"[-0.14, 0.69]",0.15992601292868794,0.35043145377768814,False
Fetuin-B,Median Value (nm),time1,20,17,0.4100429260925951,"[-0.05, 0.73]",0.08122548521399343,0.22991694721775188,False
Complement factor H-related protein 3,Median Value (nm),time1,20,17,-0.2718231682588961,"[-0.65, 0.21]",0.2602617586746701,0.47233114994810005,False
Plasminogen,Median Value (nm),time1,20,17,-0.638523817957393,"[-0.85, -0.26]",0.00325731927624148,0.026129234801831137,True
Fermitin family homolog 3,Median Value (nm),time1,20,17,0.13466270035907787,"[-0.34, 0.55]",0.5825625268269676,0.749195236008037,False
Immunoglobulin heavy variable 3-21,Median Value (nm),time1,20,17,0.38711972049536464,"[-0.08, 0.72]",0.101539147639925,0.2636455061527877,False
Immunoglobulin heavy variable 2-26,Median Value (nm),time1,20,17,0.46757247414354575,"[0.02, 0.76]",0.04352421835166337,0.1590665330110924,False
Immunoglobulin kappa variable 1-12;Immunoglobulin kappa variable 1D-12,Median Value (nm),time1,20,17,-0.3046847595900837,"[-0.67, 0.17]",0.20467440910575604,0.4104200865833655,False
Immunoglobulin heavy constant gamma 3,Median Value (nm),time1,20,17,0.1624742232441699,"[-0.31, 0.57]",0.5063275541106858,0.6960046585059938,False
Immunoglobulin kappa variable 2D-29,Median Value (nm),time1,20,17,0.09456597024813133,"[-0.38, 0.53]",0.7001749516773565,0.8254761523819807,False
Neogenin,Median Value (nm),time1,20,17,-0.7245149907962996,"[-0.89, -0.40]",0.0004507637698619948,0.008069749740744453,True
Immunoglobulin heavy variable 6-1,Median Value (nm),time1,20,17,0.21961373360859346,"[-0.26, 0.61]",0.36632157617451155,0.5774065481474855,False
L-selectin,Median Value (nm),time1,20,17,-0.06275388506895405,"[-0.50, 0.40]",0.7985541878694218,0.8755564949311284,False
Immunoglobulin lambda constant 3,Median Value (nm),time1,20,17,-0.7129566230198595,"[-0.88, -0.38]",0.0006118546403179598,0.009556823512355097,True
A disintegrin and metalloproteinase with thrombospondin motifs 13,Median Value (nm),time1,20,17,-0.10950244180509226,"[-0.54, 0.36]",0.6554151439112048,0.801664804122796,False
von Willebrand factor,Median Value (nm),time1,20,17,0.3837110357467699,"[-0.09, 0.71]",0.10484730179914047,0.2682748734423963,False
Neutral alpha-glucosidase AB,Median Value (nm),time1,20,17,0.8839371261548455,"[0.72, 0.95]",5.196004710711762e-07,0.0001794353626765795,True
Carbonic anhydrase 1,Median Value (nm),time1,20,17,0.10587860352198342,"[-0.37, 0.53]",0.666178602676937,0.8046199177072841,False
Immunoglobulin lambda variable 4-60,Median Value (nm),time1,20,17,0.7337339793164231,"[0.42, 0.89]",0.0003494631948880895,0.006958531183688341,True
Integrin beta-1,Median Value (nm),time1,20,17,-0.03583381716457724,"[-0.48, 0.43]",0.8842071666900705,0.9281939513192141,False
Immunoglobulin lambda variable 3-12,Median Value (nm),time1,20,17,0.16656985767012758,"[-0.31, 0.58]",0.4955201838700851,0.6863087038628451,False
Alpha-amylase 1B;Alpha-amylase 1C;Alpha-amylase 1A,Median Value (nm),time1,20,17,-0.06486843987733662,"[-0.50, 0.40]",0.7919059077268515,0.8755564949311284,False
Lumican,Median Value (nm),time1,20,17,-0.10605723129577802,"[-0.53, 0.37]",0.6656465584558096,0.8046199177072841,False
Beta-Ala-His dipeptidase,Median Value (nm),time1,20,17,0.41885766092475096,"[-0.04, 0.73]",0.07427252286817304,0.2192203239072002,False
Immunoglobulin alpha-2 heavy chain,Median Value (nm),time1,20,17,0.5107310836390138,"[0.07, 0.78]",0.025447221892797082,0.11266376872195631,False
Complement C5,Median Value (nm),time1,20,17,-0.5619918707517554,"[-0.81, -0.14]",0.012269378558053282,0.06725437135525503,False
Protein S100-A8,Median Value (nm),time1,20,17,-0.23417041893077342,"[-0.62, 0.25]",0.3345766156648178,0.5528251576216128,False
Immunoglobulin lambda variable 3-25,Median Value (nm),time1,20,17,-0.15507771043682295,"[-0.57, 0.32]",0.5261260428320318,0.7087991942444537,False
Leukocyte immunoglobulin-like receptor subfamily B member 3;Leukocyte immunoglobulin-like receptor subfamily A member 6,Median Value (nm),time1,20,17,0.13264622672388884,"[-0.34, 0.55]",0.5882728676566193,0.7504405825070201,False
Collagen alpha-3(VI) chain,Median Value (nm),time1,20,17,0.09577434868251125,"[-0.37, 0.53]",0.6965160731149758,0.8246750305681313,False
Immunoglobulin kappa variable 1-39;Immunoglobulin kappa variable 1D-39,Median Value (nm),time1,20,17,-0.21913463983171638,"[-0.61, 0.26]",0.3673944565546625,0.5774065481474855,False
Bleomycin hydrolase,Median Value (nm),time1,20,17,0.13455458043329535,"[-0.34, 0.55]",0.5828681083228547,0.749195236008037,False
CD166 antigen,Median Value (nm),time1,20,17,0.14032511516131257,"[-0.34, 0.56]",0.5666546976480069,0.7396351254376736,False
Beta-2-microglobulin,Median Value (nm),time1,20,17,-0.668481272844901,"[-0.86, -0.31]",0.0017550303008914932,0.018288677987939705,True
Amino acid transporter heavy chain SLC3A2,Median Value (nm),time1,20,17,-0.5386850858513687,"[-0.80, -0.11]",0.01732864465707958,0.0863099801189156,False
Haptoglobin-related protein,Median Value (nm),time1,20,17,0.6947100531810678,"[0.35, 0.87]",0.0009636493709160598,0.012965464263234259,True
Alpha-1-acid glycoprotein 1,Median Value (nm),time1,20,17,-0.18922029557057596,"[-0.59, 0.29]",0.4378396436481766,0.6361877571101135,False
Serum paraoxonase/arylesterase 1,Median Value (nm),time1,20,17,-0.3523384353398012,"[-0.70, 0.12]",0.13901432708558406,0.3270330305863598,False
Target of Nesh-SH3,Median Value (nm),time1,20,17,-0.34479694485735657,"[-0.69, 0.13]",0.14826808332115946,0.33759502048510154,False
Intercellular adhesion molecule 1,Median Value (nm),time1,20,17,-0.6664027515338603,"[-0.86, -0.30]",0.0018359290644263794,0.018288677987939705,True
Complement C4-A,Median Value (nm),time1,20,17,-0.39105469930492587,"[-0.72, 0.08]",0.09781483685921094,0.2558994216821781,False
Coagulation factor XIII A chain,Median Value (nm),time1,20,17,0.3757236032561487,"[-0.09, 0.71]",0.1129022188265669,0.28159685456158423,False
Immunoglobulin mu heavy chain,Median Value (nm),time1,20,17,0.5038457026326234,"[0.06, 0.78]",0.02784433659123678,0.11849896874668168,False
Oncoprotein-induced transcript 3 protein,Median Value (nm),time1,20,17,-0.5641126023279114,"[-0.81, -0.15]",0.01187555761745459,0.06686455267218996,False
Peroxiredoxin-2,Median Value (nm),time1,20,17,0.1794054115233605,"[-0.30, 0.59]",0.46239111071259453,0.6598308411821596,False
Tissue factor pathway inhibitor,Median Value (nm),time1,20,17,-0.23231865645863067,"[-0.62, 0.25]",0.3385226615433604,0.5549838796282563,False
Progranulin,Median Value (nm),time1,20,17,0.21327335084352703,"[-0.27, 0.61]",0.38066357676258467,0.5894879903229263,False
Histone H2B type 1-K;Histone H2B type F-S,Median Value (nm),time1,20,17,-0.061650045330916003,"[-0.50, 0.40]",0.8020300325189583,0.8755564949311284,False
Hemoglobin subunit delta,Median Value (nm),time1,20,17,0.4123374288781842,"[-0.05, 0.73]",0.07937119648102874,0.2277799433638387,False
Glutathione S-transferase P,Median Value (nm),time1,20,17,-0.08877378863412985,"[-0.52, 0.38]",0.7177999194695568,0.8355513669331021,False
Annexin A6,Median Value (nm),time1,20,17,-0.2246409918540827,"[-0.62, 0.26]",0.3551709931799184,0.5687127495122032,False
Complement factor H-related protein 1,Median Value (nm),time1,20,17,-0.6964400284804664,"[-0.87, -0.35]",0.0009243108027782431,0.012962664832036662,True
Protein KPLCE,Median Value (nm),time1,20,17,0.1624151850007409,"[-0.32, 0.57]",0.5064841601029759,0.6960046585059938,False
Immunoglobulin heavy variable 4-4,Median Value (nm),time1,20,17,-0.31623572974667064,"[-0.67, 0.16]",0.1871642872533328,0.3889730264155072,False
Alpha-1B-glycoprotein,Median Value (nm),time1,20,17,-0.23277698838357744,"[-0.62, 0.25]",0.3375434537506258,0.5549838796282563,False
Properdin,Median Value (nm),time1,20,17,-0.5169208196774308,"[-0.79, -0.08]",0.02343343603032023,0.1055523466409207,False
Immunoglobulin heavy variable 3-53,Median Value (nm),time1,20,17,0.35615466558655745,"[-0.12, 0.70]",0.1344889629110061,0.320796904308285,False
Calmodulin-like protein 5,Median Value (nm),time1,20,17,0.24753239727399598,"[-0.23, 0.63]",0.30690775516871743,0.5238162015729675,False
Carboxypeptidase B2,Median Value (nm),time1,20,17,-0.721420334472557,"[-0.89, -0.40]",0.0004898949507545765,0.008458852816362354,True
"Sushi, nidogen and EGF-like domain-containing protein 1",Median Value (nm),time1,20,17,-0.1886880918707576,"[-0.59, 0.29]",0.43915316806554605,0.636239558599793,False
Proteasome subunit alpha type-5,Median Value (nm),time1,20,17,-0.17650855081746508,"[-0.58, 0.30]",0.46976824324991473,0.6648632513755623,False
Bifunctional heparan sulfate N-deacetylase/N-sulfotransferase 4,Median Value (nm),time1,20,17,0.6105130289089191,"[0.22, 0.83]",0.00549862987233262,0.03901767498449722,True
Immunoglobulin heavy variable 3-9,Median Value (nm),time1,20,17,-0.06450796021002426,"[-0.50, 0.40]",0.7930383176172057,0.8755564949311284,False
Neural cell adhesion molecule L1-like protein,Median Value (nm),time1,20,17,0.3947769083991221,"[-0.07, 0.72]",0.09438406508029516,0.24958407151443995,False
Proteasome subunit alpha type-2,Median Value (nm),time1,20,17,0.3726215928131267,"[-0.10, 0.71]",0.11614671372418225,0.28717898667840763,False
Intercellular adhesion molecule 3,Median Value (nm),time1,20,17,-0.7462288231337396,"[-0.90, -0.44]",0.00024341379801634647,0.005864574296393836,True
Receptor-type tyrosine-protein phosphatase eta,Median Value (nm),time1,20,17,0.13345115652249984,"[-0.34, 0.55]",0.585990613667398,0.7494892293326226,False
ADAMTS-like protein 4,Median Value (nm),time1,20,17,-0.25239941339747946,"[-0.63, 0.23]",0.2971828097527477,0.5157142226195085,False
Immunoglobulin lambda variable 3-21,Median Value (nm),time1,20,17,-0.08084477797180374,"[-0.52, 0.39]",0.7421484318964412,0.8477020677449979,False
Cartilage oligomeric matrix protein,Median Value (nm),time1,20,17,-0.35111796942043094,"[-0.69, 0.12]",0.14048378219982935,0.3277954917996018,False
Neural cell adhesion molecule 1,Median Value (nm),time1,20,17,0.1581248737440086,"[-0.32, 0.57]",0.5179263037909538,0.7032421774498222,False
Immunoglobulin lambda variable 2-11,Median Value (nm),time1,20,17,-0.10882135474749458,"[-0.54, 0.36]",0.6574332173815789,0.8031849212350421,False
Immunoglobulin kappa variable 1D-33;Immunoglobulin kappa variable 1-33,Median Value (nm),time1,20,17,0.2506374124433397,"[-0.23, 0.63]",0.3006816593180694,0.5191769984225332,False
Beta-2-glycoprotein 1,Median Value (nm),time1,20,17,-0.7806950947426422,"[-0.91, -0.51]",8.000114927658601e-05,0.003187738101943966,True
Vitamin D-binding protein,Median Value (nm),time1,20,17,-0.10289467915487263,"[-0.53, 0.37]",0.6750886504077942,0.8113594452696923,False
Filamin-A,Median Value (nm),time1,20,17,0.07116792723453387,"[-0.40, 0.51]",0.7721829432665825,0.8657808757837441,False
Reelin,Median Value (nm),time1,20,17,-0.5185628881513887,"[-0.79, -0.08]",0.02292086075689325,0.10460798125172426,False
Immunoglobulin lambda variable 5-39,Median Value (nm),time1,20,17,0.423072620865282,"[-0.04, 0.74]",0.07110844974826176,0.21628952817424918,False
Fatty acid-binding protein 5,Median Value (nm),time1,20,17,0.2937267207529864,"[-0.19, 0.66]",0.22225517537549755,0.4288192484808351,False
"HLA class I histocompatibility antigen, A alpha chain",Median Value (nm),time1,20,17,0.02896095635935889,"[-0.43, 0.48]",0.9063119297595212,0.9417644525886298,False
Low affinity immunoglobulin gamma Fc region receptor III-A,Median Value (nm),time1,20,17,-0.10104548301728243,"[-0.53, 0.37]",0.6806313104830285,0.8151838585669566,False
Heat shock 70 kDa protein 1A;Heat shock 70 kDa protein 1B,Median Value (nm),time1,20,17,0.34856112043286186,"[-0.13, 0.69]",0.14359735096977183,0.331329299787714,False
Apolipoprotein D,Median Value (nm),time1,20,17,0.19462773996450186,"[-0.28, 0.60]",0.42461069900011206,0.6292011477920263,False
Plexin-B1,Median Value (nm),time1,20,17,-0.09499605377297728,"[-0.53, 0.38]",0.698871961610201,0.8254761523819807,False
Immunoglobulin heavy variable 1-58,Median Value (nm),time1,20,17,-0.2311237190892206,"[-0.62, 0.25]",0.34108337542200584,0.5564761841530678,False
Apolipoprotein C-IV,Median Value (nm),time1,20,17,0.04395149840623361,"[-0.42, 0.49]",0.8582050784768046,0.9100311784052914,False
Monocyte differentiation antigen CD14,Median Value (nm),time1,20,17,-0.5217935922813429,"[-0.79, -0.09]",0.02193820382446642,0.1027153125434711,False
Protein MENT,Median Value (nm),time1,20,17,0.4400304347478397,"[-0.02, 0.75]",0.059384433526910176,0.19259536300374802,False
Immunoglobulin epsilon heavy chain,Median Value (nm),time1,20,17,-0.23230044932872418,"[-0.62, 0.25]",0.33856159452225676,0.5549838796282563,False
Complement factor H,Median Value (nm),time1,20,17,-0.8081971257541111,"[-0.92, -0.56]",2.8327885464745896e-05,0.002075850336663095,True
Stabilin-1,Median Value (nm),time1,20,17,-0.6790200718927196,"[-0.87, -0.33]",0.0013890845814495867,0.01583461925789575,True
Macrophage receptor MARCO,Median Value (nm),time1,20,17,-0.3380096034231566,"[-0.69, 0.14]",0.156954352736499,0.34885128577658775,False
Protein POF1B,Median Value (nm),time1,20,17,0.11549007286572543,"[-0.36, 0.54]",0.6377733004618464,0.7929783094489303,False
Phosphatidylcholine-sterol acyltransferase,Median Value (nm),time1,20,17,-0.665452481913864,"[-0.86, -0.30]",0.0018739355529626288,0.018489497455897935,True
Clusterin,Median Value (nm),time1,20,17,0.2715987015424931,"[-0.21, 0.65]",0.26067113707304385,0.47233114994810005,False
Platelet-activating factor acetylhydrolase,Median Value (nm),time1,20,17,0.5438224027479597,"[0.12, 0.80]",0.016091523079697967,0.08212225571707928,False
Vasorin,Median Value (nm),time1,20,17,-0.2294121404759583,"[-0.62, 0.25]",0.3447707967517303,0.5572270599606748,False
Myeloperoxidase,Median Value (nm),time1,20,17,-0.1700592317682823,"[-0.58, 0.31]",0.4864017846647781,0.6804895172685744,False
Immunoglobulin lambda variable 5-52,Median Value (nm),time1,20,17,0.20880636700976365,"[-0.27, 0.61]",0.39095309177071,0.5965057482687123,False
Carboxypeptidase N catalytic chain,Median Value (nm),time1,20,17,0.5496250351334345,"[0.13, 0.80]",0.01477997619478541,0.07656027668898842,False
Fibrinogen gamma chain,Median Value (nm),time1,20,17,-0.16970161884629079,"[-0.58, 0.31]",0.487332486686038,0.6804895172685744,False
Soluble scavenger receptor cysteine-rich domain-containing protein SSC5D,Median Value (nm),time1,20,17,-0.3512845371348121,"[-0.69, 0.12]",0.14028259624767306,0.3277954917996018,False
Tetranectin,Median Value (nm),time1,20,17,0.43580053410666547,"[-0.02, 0.74]",0.06216182157614137,0.19815276047040759,False
Apolipoprotein(a),Median Value (nm),time1,20,17,-0.06756167611238058,"[-0.51, 0.40]",0.7834581455994761,0.8727555256355455,False
Alpha-2-antiplasmin,Median Value (nm),time1,20,17,0.6224834625406318,"[0.23, 0.84]",0.004422417661962397,0.03226496266051439,True
Retroviral-like aspartic protease 1,Median Value (nm),time1,20,17,0.20993231260654308,"[-0.27, 0.61]",0.3883451774816028,0.5951562187439948,False
Ficolin-3,Median Value (nm),time1,20,17,0.25312744976252305,"[-0.23, 0.63]",0.2957443806866823,0.5149431569603409,False
Immunoglobulin kappa variable 2-24,Median Value (nm),time1,20,17,-0.1997278293136869,"[-0.60, 0.28]",0.41233090616762014,0.6181980011427706,False
Immunoglobulin superfamily containing leucine-rich repeat protein,Median Value (nm),time1,20,17,-0.09054589531989933,"[-0.52, 0.38]",0.7123926195929728,0.830189824407559,False
Complement factor D,Median Value (nm),time1,20,17,-0.6324929851815518,"[-0.84, -0.25]",0.0036612811074593736,0.027749408563066687,True
Vitamin K-dependent protein Z,Median Value (nm),time1,20,17,0.28972728468638936,"[-0.19, 0.66]",0.22890893230607778,0.43754548684335165,False
EGF-containing fibulin-like extracellular matrix protein 1,Median Value (nm),time1,20,17,0.5609789501105201,"[0.14, 0.81]",0.01246114552083915,0.0679460355767861,False
Dipeptidase 2,Median Value (nm),time1,20,17,-0.471463110113957,"[-0.76, -0.02]",0.041575905288229124,0.15383084956644774,False
Myeloblastin,Median Value (nm),time1,20,17,0.2853080596606948,"[-0.19, 0.65]",0.23640931339711924,0.44612030724848,False
Neurogenic locus notch homolog protein 1,Median Value (nm),time1,20,17,0.2579591170543592,"[-0.22, 0.64]",0.28630569621701896,0.5070335992562461,False
Vitamin K-dependent protein S,Median Value (nm),time1,20,17,-0.08345736139993973,"[-0.52, 0.39]",0.7340984812487632,0.8422215133706741,False
Dermcidin,Median Value (nm),time1,20,17,0.42021184968180114,"[-0.04, 0.73]",0.07324479372764572,0.21867898069694805,False
Immunoglobulin heavy variable 3-73,Median Value (nm),time1,20,17,-0.13517679302437643,"[-0.56, 0.34]",0.5811104670582004,0.749195236008037,False
Alpha-2-macroglobulin,Median Value (nm),time1,20,17,0.6479739167908484,"[0.27, 0.85]",0.002698757706274073,0.024102698135344307,True
Cation-independent mannose-6-phosphate receptor,Median Value (nm),time1,20,17,-0.18691690032548447,"[-0.59, 0.29]",0.44353939102935747,0.6399816282819142,False
Chromodomain-helicase-DNA-binding protein 1;Chromodomain-helicase-DNA-binding protein 2;Chromodomain-helicase-DNA-binding protein 9;Chromodomain-helicase-DNA-binding protein 6;Chromodomain-helicase-DNA-binding protein 8;Chromodomain-helicase-DNA-binding protein 7,Median Value (nm),time1,20,17,0.28939154725867827,"[-0.19, 0.66]",0.22947328378575974,0.4378164309429965,False
Ceruloplasmin,Median Value (nm),time1,20,17,-0.28270041321801564,"[-0.65, 0.20]",0.2409082235079808,0.45132173517950835,False
Prostaglandin-H2 D-isomerase,Median Value (nm),time1,20,17,-0.009311358503299226,"[-0.46, 0.45]",0.9698213071046808,0.9811864005473138,False
Protein S100-A9,Median Value (nm),time1,20,17,-0.1562707660862887,"[-0.57, 0.32]",0.5229084359203175,0.7070116091273856,False
Immunoglobulin J chain,Median Value (nm),time1,20,17,-0.15414537951235271,"[-0.57, 0.32]",0.5286468695542097,0.7089504524364534,False
