Variable_A,Variable_B,n,df,r_rm,CI_95%,p_val,p_adj,is_significant
Probable non-functional immunoglobulin kappa variable 3-7,Mean Value (nm),20,39,-0.12499999999999949,"[-0.42, 0.19]",0.43615664702310897,0.9052603609156303,False
Apolipoprotein A-IV,Mean Value (nm),20,39,3.05311331771918e-16,"[-0.31, 0.31]",1.0,1.0,False
Coagulation factor XII,Mean Value (nm),20,39,-0.10000000000000056,"[-0.40, 0.21]",0.5338939001152925,0.9052603609156303,False
Mannan-binding lectin serine protease 1,Mean Value (nm),20,39,-0.3250000000000006,"[-0.58, -0.02]",0.038142837064594835,0.6079381415218639,False
Complement factor I,Mean Value (nm),20,39,0.025000000000000747,"[-0.28, 0.33]",0.8767016791266298,0.9249113437629211,False
Platelet glycoprotein Ib alpha chain,Mean Value (nm),20,39,-0.07499999999999943,"[-0.37, 0.24]",0.6411866947841538,0.9124579887312957,False
Hepatocyte growth factor-like protein,Mean Value (nm),20,39,0.10000000000000059,"[-0.21, 0.40]",0.5338939001152925,0.9052603609156303,False
Profilin-1,Mean Value (nm),20,39,-0.10000000000000038,"[-0.40, 0.21]",0.5338939001152925,0.9052603609156303,False
Peptidase inhibitor 16,Mean Value (nm),20,39,-3.6082248300317583e-16,"[-0.31, 0.31]",1.0,1.0,False
Cell surface glycoprotein MUC18,Mean Value (nm),20,39,-0.050000000000000315,"[-0.35, 0.26]",0.7562191489680836,0.9227833195888512,False
Adhesion G-protein coupled receptor G6,Mean Value (nm),20,39,-0.2750000000000003,"[-0.54, 0.04]",0.08183609289594658,0.7006792747124143,False
Immunoglobulin heavy variable 1-69,Mean Value (nm),20,39,0.1000000000000006,"[-0.21, 0.40]",0.5338939001152925,0.9052603609156303,False
Insulin-like growth factor-binding protein complex acid labile subunit,Mean Value (nm),20,39,-0.0499999999999996,"[-0.35, 0.26]",0.7562191489680836,0.9227833195888512,False
Plasma serine protease inhibitor,Mean Value (nm),20,39,-0.175,"[-0.46, 0.14]",0.27379479263839523,0.8947993854049852,False
Immunoglobulin heavy variable 1-69D,Mean Value (nm),20,39,0.09999999999999935,"[-0.21, 0.40]",0.5338939001152971,0.9052603609156303,False
Pancreatic adenocarcinoma up-regulated factor,Mean Value (nm),20,39,5.412337245047638e-16,"[-0.31, 0.31]",1.0,1.0,False
Immunoglobulin heavy variable 3-64D,Mean Value (nm),20,39,-0.20000000000000087,"[-0.48, 0.11]",0.20993874257441536,0.8841322654760123,False
Neutrophil gelatinase-associated lipocalin,Mean Value (nm),20,39,-0.32500000000000046,"[-0.58, -0.02]",0.038142837064594946,0.6079381415218639,False
Lysosome-associated membrane glycoprotein 2,Mean Value (nm),20,39,-0.1249999999999997,"[-0.42, 0.19]",0.43615664702310897,0.9052603609156303,False
Corneodesmosin,Mean Value (nm),20,39,-0.025000000000000237,"[-0.33, 0.28]",0.8767016791266298,0.9249113437629211,False
Collagen alpha-1(XVIII) chain,Mean Value (nm),20,39,3.6082248300317583e-16,"[-0.31, 0.31]",1.0,1.0,False
Lipopolysaccharide-binding protein,Mean Value (nm),20,39,-0.22500000000000073,"[-0.50, 0.09]",0.1572566507556209,0.8312137254225823,False
Immunoglobulin heavy variable 3-49,Mean Value (nm),20,39,-0.1000000000000001,"[-0.40, 0.21]",0.5338939001152925,0.9052603609156303,False
SPARC-like protein 1,Mean Value (nm),20,39,-0.22500000000000034,"[-0.50, 0.09]",0.15725665075562173,0.8312137254225823,False
Ras-associated and pleckstrin homology domains-containing protein 1,Mean Value (nm),20,39,0.25000000000000017,"[-0.06, 0.52]",0.11492787448834065,0.7632389613456535,False
Alpha-1-acid glycoprotein 2,Mean Value (nm),20,39,-0.12499999999999944,"[-0.42, 0.19]",0.43615664702310897,0.9052603609156303,False
Immunoglobulin heavy variable 3-20,Mean Value (nm),20,39,0.2499999999999995,"[-0.06, 0.52]",0.11492787448834166,0.7632389613456535,False
Neurogenic locus notch homolog protein 2,Mean Value (nm),20,39,0.12499999999999954,"[-0.19, 0.42]",0.43615664702310897,0.9052603609156303,False
Apolipoprotein B-100,Mean Value (nm),20,39,-0.12499999999999954,"[-0.42, 0.19]",0.43615664702310897,0.9052603609156303,False
CD44 antigen,Mean Value (nm),20,39,0.02499999999999936,"[-0.28, 0.33]",0.8767016791266298,0.9249113437629211,False
Pigment epithelium-derived factor,Mean Value (nm),20,39,0.17500000000000035,"[-0.14, 0.46]",0.27379479263839523,0.8947993854049852,False
Xaa-Pro dipeptidase,Mean Value (nm),20,39,-0.2999999999999996,"[-0.56, 0.01]",0.05669100677848863,0.6750791152013149,False
Immunoglobulin heavy constant delta,Mean Value (nm),20,39,-0.24999999999999944,"[-0.52, 0.06]",0.11492787448834166,0.7632389613456535,False
Probable non-functional immunoglobulin heavy variable 3-38-3,Mean Value (nm),20,39,-0.0999999999999994,"[-0.40, 0.21]",0.5338939001152971,0.9052603609156303,False
Immunoglobulin lambda constant 7,Mean Value (nm),20,39,-0.050000000000000384,"[-0.35, 0.26]",0.7562191489680836,0.9227833195888512,False
Receptor-type tyrosine-protein phosphatase gamma,Mean Value (nm),20,39,-0.22499999999999973,"[-0.50, 0.09]",0.1572566507556232,0.8312137254225823,False
Afamin,Mean Value (nm),20,39,-0.12500000000000053,"[-0.42, 0.19]",0.4361566470231041,0.9052603609156303,False
Pyruvate kinase PKLR,Mean Value (nm),20,39,0.10000000000000048,"[-0.21, 0.40]",0.5338939001152925,0.9052603609156303,False
Insulin-like growth factor 2,Mean Value (nm),20,39,-0.025000000000000352,"[-0.33, 0.28]",0.8767016791266298,0.9249113437629211,False
CD109 antigen,Mean Value (nm),20,39,-0.14999999999999947,"[-0.44, 0.17]",0.34923374105217975,0.9052603609156303,False
ADP-ribosyl cyclase/cyclic ADP-ribose hydrolase 2,Mean Value (nm),20,39,0.024999999999999307,"[-0.28, 0.33]",0.8767016791266298,0.9249113437629211,False
Dedicator of cytokinesis protein 4,Mean Value (nm),20,39,-0.3500000000000001,"[-0.59, -0.05]",0.024879547038876668,0.5858002439153787,False
Complement factor H-related protein 2,Mean Value (nm),20,39,-0.024999999999999984,"[-0.33, 0.28]",0.8767016791266298,0.9249113437629211,False
Selenoprotein P,Mean Value (nm),20,39,-0.07499999999999962,"[-0.37, 0.24]",0.6411866947841538,0.9124579887312957,False
Adipocyte plasma membrane-associated protein,Mean Value (nm),20,39,0.27499999999999963,"[-0.04, 0.54]",0.0818360928959473,0.7006792747124143,False
Immunoglobulin heavy constant alpha 2,Mean Value (nm),20,39,-0.2750000000000004,"[-0.54, 0.04]",0.08183609289594658,0.7006792747124143,False
Lactotransferrin,Mean Value (nm),20,39,-0.2500000000000002,"[-0.52, 0.06]",0.11492787448833999,0.7632389613456535,False
Alpha-enolase,Mean Value (nm),20,39,0.02499999999999968,"[-0.28, 0.33]",0.8767016791266298,0.9249113437629211,False
Immunoglobulin heavy constant gamma 1,Mean Value (nm),20,39,-0.17500000000000032,"[-0.46, 0.14]",0.27379479263839523,0.8947993854049852,False
Collectin-10,Mean Value (nm),20,39,-0.050000000000000766,"[-0.35, 0.26]",0.7562191489680732,0.9227833195888512,False
Lysosome-associated membrane glycoprotein 1,Mean Value (nm),20,39,0.2999999999999997,"[-0.01, 0.56]",0.05669100677848863,0.6750791152013149,False
Cathelicidin antimicrobial peptide,Mean Value (nm),20,39,-0.07499999999999944,"[-0.37, 0.24]",0.6411866947841538,0.9124579887312957,False
Fibroblast growth factor-binding protein 2,Mean Value (nm),20,39,0.07500000000000044,"[-0.24, 0.37]",0.6411866947841472,0.9124579887312957,False
Lymphatic vessel endothelial hyaluronic acid receptor 1,Mean Value (nm),20,39,0.07499999999999954,"[-0.24, 0.37]",0.6411866947841538,0.9124579887312957,False
Haptoglobin,Mean Value (nm),20,39,0.07499999999999993,"[-0.24, 0.37]",0.6411866947841538,0.9124579887312957,False
Tenascin-X,Mean Value (nm),20,39,3.4694469519536147e-16,"[-0.31, 0.31]",1.0,1.0,False
Zinc finger protein 512B,Mean Value (nm),20,39,-0.05000000000000068,"[-0.35, 0.26]",0.7562191489680732,0.9227833195888512,False
Immunoglobulin lambda variable 3-19,Mean Value (nm),20,39,-0.39999999999999947,"[-0.63, -0.11]",0.00956354847695802,0.5858002439153787,False
Complement C1q subcomponent subunit B,Mean Value (nm),20,39,-0.04999999999999957,"[-0.35, 0.26]",0.7562191489680836,0.9227833195888512,False
Ubiquitin-ribosomal protein eS31 fusion protein,Mean Value (nm),20,39,-0.1000000000000008,"[-0.40, 0.21]",0.5338939001152925,0.9052603609156303,False
Kinesin-like protein KIF21A,Mean Value (nm),20,39,0.22499999999999987,"[-0.09, 0.50]",0.15725665075562228,0.8312137254225823,False
Attractin,Mean Value (nm),20,39,0.12500000000000058,"[-0.19, 0.42]",0.4361566470231041,0.9052603609156303,False
Immunoglobulin lambda variable 1-44,Mean Value (nm),20,39,0.1500000000000002,"[-0.17, 0.44]",0.34923374105217864,0.9052603609156303,False
Immunoglobulin heavy variable 1-46,Mean Value (nm),20,39,-0.12499999999999967,"[-0.42, 0.19]",0.43615664702310897,0.9052603609156303,False
Fibulin-1,Mean Value (nm),20,39,-0.025000000000000435,"[-0.33, 0.28]",0.8767016791266298,0.9249113437629211,False
Secreted phosphoprotein 24,Mean Value (nm),20,39,0.07499999999999925,"[-0.24, 0.37]",0.6411866947841538,0.9124579887312957,False
Scavenger receptor class B member 1,Mean Value (nm),20,39,0.17499999999999993,"[-0.14, 0.46]",0.27379479263839523,0.8947993854049852,False
Immunoglobulin lambda variable 2-18,Mean Value (nm),20,39,0.024999999999999488,"[-0.28, 0.33]",0.8767016791266298,0.9249113437629211,False
Collagen alpha-2(VI) chain,Mean Value (nm),20,39,-0.024999999999999384,"[-0.33, 0.28]",0.8767016791266298,0.9249113437629211,False
Adiponectin,Mean Value (nm),20,39,-0.4000000000000007,"[-0.63, -0.11]",0.0095635484769578,0.5858002439153787,False
Nidogen-1,Mean Value (nm),20,39,-0.07499999999999962,"[-0.37, 0.24]",0.6411866947841538,0.9124579887312957,False
Alpha-1-antitrypsin,Mean Value (nm),20,39,-0.050000000000000454,"[-0.35, 0.26]",0.7562191489680836,0.9227833195888512,False
"Sushi, von Willebrand factor type A, EGF and pentraxin domain-containing protein 1",Mean Value (nm),20,39,0.07500000000000019,"[-0.24, 0.37]",0.6411866947841472,0.9124579887312957,False
Complement C1s subcomponent,Mean Value (nm),20,39,-0.04999999999999988,"[-0.35, 0.26]",0.7562191489680836,0.9227833195888512,False
Alpha-actinin-4,Mean Value (nm),20,39,-0.24999999999999944,"[-0.52, 0.06]",0.11492787448834166,0.7632389613456535,False
Complement component C1q receptor,Mean Value (nm),20,39,0.09999999999999955,"[-0.21, 0.40]",0.5338939001152971,0.9052603609156303,False
Inter-alpha-trypsin inhibitor heavy chain H3,Mean Value (nm),20,39,-0.2249999999999996,"[-0.50, 0.09]",0.1572566507556232,0.8312137254225823,False
Immunoglobulin kappa variable 1D-8,Mean Value (nm),20,39,-0.10000000000000063,"[-0.40, 0.21]",0.5338939001152925,0.9052603609156303,False
Low-density lipoprotein receptor,Mean Value (nm),20,39,-0.024999999999999578,"[-0.33, 0.28]",0.8767016791266298,0.9249113437629211,False
Prolactin-inducible protein,Mean Value (nm),20,39,-0.15000000000000044,"[-0.44, 0.17]",0.3492337410521762,0.9052603609156303,False
Hyaluronan-binding protein 2,Mean Value (nm),20,39,0.3249999999999996,"[0.02, 0.58]",0.03814283706459549,0.6079381415218639,False
N-acetylmuramoyl-L-alanine amidase,Mean Value (nm),20,39,-0.10000000000000052,"[-0.40, 0.21]",0.5338939001152925,0.9052603609156303,False
Serpin A11,Mean Value (nm),20,39,0.17500000000000035,"[-0.14, 0.46]",0.27379479263839523,0.8947993854049852,False
C4b-binding protein alpha chain,Mean Value (nm),20,39,-0.025000000000000324,"[-0.33, 0.28]",0.8767016791266298,0.9249113437629211,False
Inter-alpha-trypsin inhibitor heavy chain H2,Mean Value (nm),20,39,0.12499999999999942,"[-0.19, 0.42]",0.43615664702310897,0.9052603609156303,False
Fibrillin-1,Mean Value (nm),20,39,0.02500000000000014,"[-0.28, 0.33]",0.8767016791266298,0.9249113437629211,False
Golgi-associated RAB2 interactor protein 1B,Mean Value (nm),20,39,-0.22500000000000073,"[-0.50, 0.09]",0.1572566507556209,0.8312137254225823,False
Neurogenic locus notch homolog protein 3,Mean Value (nm),20,39,0.07499999999999976,"[-0.24, 0.37]",0.6411866947841538,0.9124579887312957,False
Immunoglobulin heavy constant alpha 1,Mean Value (nm),20,39,-0.05000000000000079,"[-0.35, 0.26]",0.7562191489680732,0.9227833195888512,False
Apolipoprotein C-III,Mean Value (nm),20,39,-0.02500000000000075,"[-0.33, 0.28]",0.8767016791266298,0.9249113437629211,False
Glutathione peroxidase 3,Mean Value (nm),20,39,-0.024999999999999863,"[-0.33, 0.28]",0.8767016791266298,0.9249113437629211,False
Contactin-1,Mean Value (nm),20,39,0.07499999999999887,"[-0.24, 0.37]",0.6411866947841538,0.9124579887312957,False
Stomatin,Mean Value (nm),20,39,0.12499999999999939,"[-0.19, 0.42]",0.43615664702310897,0.9052603609156303,False
Immunoglobulin heavy variable 3-13,Mean Value (nm),20,39,0.10000000000000002,"[-0.21, 0.40]",0.5338939001152971,0.9052603609156303,False
Immunoglobulin heavy variable 1-69-2,Mean Value (nm),20,39,0.02500000000000044,"[-0.28, 0.33]",0.8767016791266298,0.9249113437629211,False
Apolipoprotein E,Mean Value (nm),20,39,-0.17500000000000057,"[-0.46, 0.14]",0.27379479263839546,0.8947993854049852,False
Mucosal addressin cell adhesion molecule 1,Mean Value (nm),20,39,0.07500000000000039,"[-0.24, 0.37]",0.6411866947841472,0.9124579887312957,False
Protein S100-A11,Mean Value (nm),20,39,-0.05000000000000065,"[-0.35, 0.26]",0.7562191489680732,0.9227833195888512,False
Complement factor H-related protein 4,Mean Value (nm),20,39,-0.024999999999999682,"[-0.33, 0.28]",0.8767016791266298,0.9249113437629211,False
Immunoglobulin kappa variable 1D-16,Mean Value (nm),20,39,0.15000000000000063,"[-0.17, 0.44]",0.3492337410521762,0.9052603609156303,False
Immunoglobulin lambda variable 1-47,Mean Value (nm),20,39,-0.10000000000000066,"[-0.40, 0.21]",0.5338939001152925,0.9052603609156303,False
Fructose-bisphosphate aldolase A,Mean Value (nm),20,39,-0.04999999999999964,"[-0.35, 0.26]",0.7562191489680836,0.9227833195888512,False
Thrombospondin-1,Mean Value (nm),20,39,-0.025000000000000168,"[-0.33, 0.28]",0.8767016791266298,0.9249113437629211,False
Aminopeptidase N,Mean Value (nm),20,39,-0.2749999999999996,"[-0.54, 0.04]",0.0818360928959473,0.7006792747124143,False
Apolipoprotein M,Mean Value (nm),20,39,-0.050000000000000315,"[-0.35, 0.26]",0.7562191489680836,0.9227833195888512,False
Immunoglobulin heavy variable 3-43,Mean Value (nm),20,39,-0.07499999999999969,"[-0.37, 0.24]",0.6411866947841538,0.9124579887312957,False
Cysteine-rich secretory protein 3,Mean Value (nm),20,39,0.09999999999999949,"[-0.21, 0.40]",0.5338939001152971,0.9052603609156303,False
Complement component C8 alpha chain,Mean Value (nm),20,39,0.17500000000000024,"[-0.14, 0.46]",0.27379479263839523,0.8947993854049852,False
Immunoglobulin heavy variable 2-70D,Mean Value (nm),20,39,0.05000000000000065,"[-0.26, 0.35]",0.7562191489680732,0.9227833195888512,False
Immunoglobulin heavy variable 3-23,Mean Value (nm),20,39,-0.15000000000000036,"[-0.44, 0.17]",0.3492337410521762,0.9052603609156303,False
Plasma kallikrein,Mean Value (nm),20,39,-0.17499999999999985,"[-0.46, 0.14]",0.27379479263839795,0.8947993854049852,False
Galectin-7,Mean Value (nm),20,39,-0.09999999999999969,"[-0.40, 0.21]",0.5338939001152971,0.9052603609156303,False
Extracellular superoxide dismutase [Cu-Zn],Mean Value (nm),20,39,-0.07499999999999979,"[-0.37, 0.24]",0.6411866947841538,0.9124579887312957,False
Immunoglobulin heavy variable 1-8,Mean Value (nm),20,39,0.17499999999999943,"[-0.14, 0.46]",0.27379479263839795,0.8947993854049852,False
Cystatin-C,Mean Value (nm),20,39,0.07499999999999966,"[-0.24, 0.37]",0.6411866947841538,0.9124579887312957,False
Immunoglobulin lambda-like polypeptide 1,Mean Value (nm),20,39,-0.2500000000000005,"[-0.52, 0.06]",0.11492787448833999,0.7632389613456535,False
Inhibin beta C chain,Mean Value (nm),20,39,0.1500000000000003,"[-0.17, 0.44]",0.3492337410521762,0.9052603609156303,False
Mannose-binding protein C,Mean Value (nm),20,39,-0.22499999999999973,"[-0.50, 0.09]",0.1572566507556232,0.8312137254225823,False
IgGFc-binding protein,Mean Value (nm),20,39,-0.34999999999999964,"[-0.59, -0.05]",0.02487954703887694,0.5858002439153787,False
Macrophage mannose receptor 1,Mean Value (nm),20,39,-0.049999999999999586,"[-0.35, 0.26]",0.7562191489680836,0.9227833195888512,False
Aromatase,Mean Value (nm),20,39,-0.17499999999999974,"[-0.46, 0.14]",0.27379479263839795,0.8947993854049852,False
Cadherin-5,Mean Value (nm),20,39,-0.12499999999999951,"[-0.42, 0.19]",0.43615664702310897,0.9052603609156303,False
Immunoglobulin kappa variable 1-8,Mean Value (nm),20,39,0.024999999999999696,"[-0.28, 0.33]",0.8767016791266298,0.9249113437629211,False
Retinol-binding protein 4,Mean Value (nm),20,39,0.15000000000000016,"[-0.17, 0.44]",0.34923374105217864,0.9052603609156303,False
Complement component C8 beta chain,Mean Value (nm),20,39,0.22500000000000023,"[-0.09, 0.50]",0.15725665075562173,0.8312137254225823,False
Tumor necrosis factor receptor superfamily member 1B,Mean Value (nm),20,39,0.10000000000000014,"[-0.21, 0.40]",0.5338939001152925,0.9052603609156303,False
Formin-2,Mean Value (nm),20,39,-0.3750000000000005,"[-0.61, -0.08]",0.015700418653338204,0.5858002439153787,False
Scavenger receptor cysteine-rich domain-containing protein DMBT1,Mean Value (nm),20,39,-0.050000000000000565,"[-0.35, 0.26]",0.7562191489680836,0.9227833195888512,False
Apolipoprotein L1,Mean Value (nm),20,39,-0.024999999999999706,"[-0.33, 0.28]",0.8767016791266298,0.9249113437629211,False
Leucine-rich alpha-2-glycoprotein,Mean Value (nm),20,39,-0.025000000000000598,"[-0.33, 0.28]",0.8767016791266298,0.9249113437629211,False
Immunoglobulin heavy variable 1-2,Mean Value (nm),20,39,0.12499999999999953,"[-0.19, 0.42]",0.43615664702310897,0.9052603609156303,False
Ras-related protein Rab-10,Mean Value (nm),20,39,-0.02500000000000039,"[-0.33, 0.28]",0.8767016791266298,0.9249113437629211,False
Immunoglobulin heavy variable 1-24,Mean Value (nm),20,39,-0.10000000000000045,"[-0.40, 0.21]",0.5338939001152925,0.9052603609156303,False
Annexin A3,Mean Value (nm),20,39,-0.04999999999999965,"[-0.35, 0.26]",0.7562191489680836,0.9227833195888512,False
Hemoglobin subunit beta,Mean Value (nm),20,39,2.7755575615628914e-16,"[-0.31, 0.31]",1.0,1.0,False
Immunoglobulin lambda variable 4-69,Mean Value (nm),20,39,0.04999999999999943,"[-0.26, 0.35]",0.7562191489680836,0.9227833195888512,False
Elongation factor 2,Mean Value (nm),20,39,0.07499999999999954,"[-0.24, 0.37]",0.6411866947841538,0.9124579887312957,False
Multiple inositol polyphosphate phosphatase 1,Mean Value (nm),20,39,0.09999999999999935,"[-0.21, 0.40]",0.5338939001152971,0.9052603609156303,False
Collagen alpha-1(VI) chain,Mean Value (nm),20,39,-0.4250000000000003,"[-0.65, -0.14]",0.005608377882559695,0.5858002439153787,False
Hepatocyte growth factor activator,Mean Value (nm),20,39,-0.1500000000000008,"[-0.44, 0.17]",0.34923374105217486,0.9052603609156303,False
Fibrinogen beta chain,Mean Value (nm),20,39,-0.025000000000000525,"[-0.33, 0.28]",0.8767016791266298,0.9249113437629211,False
Hemicentin-1,Mean Value (nm),20,39,-0.09999999999999938,"[-0.40, 0.21]",0.5338939001152971,0.9052603609156303,False
C-type mannose receptor 2,Mean Value (nm),20,39,0.04999999999999943,"[-0.26, 0.35]",0.7562191489680836,0.9227833195888512,False
Platelet glycoprotein Ib beta chain,Mean Value (nm),20,39,0.1749999999999993,"[-0.14, 0.46]",0.2737947926383973,0.8947993854049852,False
Complement C2,Mean Value (nm),20,39,3.6082248300317583e-16,"[-0.31, 0.31]",1.0,1.0,False
Annexin A2,Mean Value (nm),20,39,0.025000000000000043,"[-0.28, 0.33]",0.8767016791266298,0.9249113437629211,False
Protein disulfide-isomerase A3,Mean Value (nm),20,39,0.04999999999999939,"[-0.26, 0.35]",0.7562191489680836,0.9227833195888512,False
Dipeptidyl peptidase 4,Mean Value (nm),20,39,-0.10000000000000069,"[-0.40, 0.21]",0.5338939001152925,0.9052603609156303,False
Proteasome subunit alpha type-4,Mean Value (nm),20,39,0.024999999999999297,"[-0.28, 0.33]",0.8767016791266298,0.9249113437629211,False
Coagulation factor XI,Mean Value (nm),20,39,-0.07500000000000083,"[-0.37, 0.24]",0.6411866947841472,0.9124579887312957,False
Collectin-11,Mean Value (nm),20,39,0.07499999999999916,"[-0.24, 0.37]",0.6411866947841538,0.9124579887312957,False
High mobility group protein B1,Mean Value (nm),20,39,0.07499999999999968,"[-0.24, 0.37]",0.6411866947841538,0.9124579887312957,False
Immunoglobulin lambda variable 3-16,Mean Value (nm),20,39,0.04999999999999955,"[-0.26, 0.35]",0.7562191489680836,0.9227833195888512,False
Prothrombin,Mean Value (nm),20,39,0.19999999999999984,"[-0.11, 0.48]",0.20993874257441825,0.8841322654760123,False
Immunoglobulin kappa joining 1,Mean Value (nm),20,39,0.22500000000000067,"[-0.09, 0.50]",0.1572566507556209,0.8312137254225823,False
Immunoglobulin heavy variable 3-7,Mean Value (nm),20,39,0.07499999999999941,"[-0.24, 0.37]",0.6411866947841538,0.9124579887312957,False
Immunoglobulin heavy variable 3-74,Mean Value (nm),20,39,0.07499999999999979,"[-0.24, 0.37]",0.6411866947841538,0.9124579887312957,False
Ezrin,Mean Value (nm),20,39,0.17499999999999946,"[-0.14, 0.46]",0.27379479263839795,0.8947993854049852,False
Intercellular adhesion molecule 2,Mean Value (nm),20,39,-0.125,"[-0.42, 0.19]",0.4361566470231073,0.9052603609156303,False
Lysozyme C,Mean Value (nm),20,39,0.17499999999999968,"[-0.14, 0.46]",0.27379479263839795,0.8947993854049852,False
Protein AMBP,Mean Value (nm),20,39,-0.09999999999999956,"[-0.40, 0.21]",0.5338939001152971,0.9052603609156303,False
Prolyl endopeptidase FAP,Mean Value (nm),20,39,-0.025000000000000314,"[-0.33, 0.28]",0.8767016791266298,0.9249113437629211,False
"Actin, cytoplasmic 2",Mean Value (nm),20,39,-0.2000000000000003,"[-0.48, 0.11]",0.20993874257441789,0.8841322654760123,False
Kallistatin,Mean Value (nm),20,39,-0.12499999999999972,"[-0.42, 0.19]",0.43615664702310897,0.9052603609156303,False
Hemopexin,Mean Value (nm),20,39,0.07499999999999915,"[-0.24, 0.37]",0.6411866947841538,0.9124579887312957,False
C4b-binding protein beta chain,Mean Value (nm),20,39,-0.10000000000000028,"[-0.40, 0.21]",0.5338939001152925,0.9052603609156303,False
Peptidyl-prolyl cis-trans isomerase A,Mean Value (nm),20,39,-0.024999999999999835,"[-0.33, 0.28]",0.8767016791266298,0.9249113437629211,False
Complement C1r subcomponent-like protein,Mean Value (nm),20,39,0.09999999999999949,"[-0.21, 0.40]",0.5338939001152971,0.9052603609156303,False
Immunoglobulin heavy variable 3-30;Immunoglobulin heavy variable 3-30-5,Mean Value (nm),20,39,-0.17500000000000032,"[-0.46, 0.14]",0.27379479263839523,0.8947993854049852,False
Immunoglobulin lambda variable 3-9,Mean Value (nm),20,39,-0.22500000000000034,"[-0.50, 0.09]",0.15725665075562173,0.8312137254225823,False
Immunoglobulin heavy variable 1-45,Mean Value (nm),20,39,-0.3500000000000008,"[-0.59, -0.05]",0.024879547038876456,0.5858002439153787,False
Hemoglobin subunit gamma-1,Mean Value (nm),20,39,0.0749999999999996,"[-0.24, 0.37]",0.6411866947841538,0.9124579887312957,False
Apolipoprotein F,Mean Value (nm),20,39,-0.09999999999999977,"[-0.40, 0.21]",0.5338939001152971,0.9052603609156303,False
Immunoglobulin gamma-1 heavy chain,Mean Value (nm),20,39,-0.12499999999999978,"[-0.42, 0.19]",0.4361566470231073,0.9052603609156303,False
Low affinity immunoglobulin gamma Fc region receptor III-B,Mean Value (nm),20,39,0.29999999999999927,"[-0.01, 0.56]",0.056691006778488796,0.6750791152013149,False
Multiple epidermal growth factor-like domains protein 8,Mean Value (nm),20,39,0.20000000000000032,"[-0.11, 0.48]",0.20993874257441789,0.8841322654760123,False
Complement C4-B,Mean Value (nm),20,39,0.02499999999999926,"[-0.28, 0.33]",0.8767016791266298,0.9249113437629211,False
Glyceraldehyde-3-phosphate dehydrogenase,Mean Value (nm),20,39,0.07499999999999941,"[-0.24, 0.37]",0.6411866947841538,0.9124579887312957,False
Complement C1r subcomponent,Mean Value (nm),20,39,-0.14999999999999966,"[-0.44, 0.17]",0.34923374105217864,0.9052603609156303,False
Sex hormone-binding globulin,Mean Value (nm),20,39,0.05000000000000014,"[-0.26, 0.35]",0.7562191489680836,0.9227833195888512,False
Biotinidase,Mean Value (nm),20,39,-0.34999999999999976,"[-0.59, -0.05]",0.02487954703887687,0.5858002439153787,False
Cholinesterase,Mean Value (nm),20,39,-0.2249999999999998,"[-0.50, 0.09]",0.15725665075562228,0.8312137254225823,False
Immunoglobulin heavy variable 2-5,Mean Value (nm),20,39,-0.19999999999999976,"[-0.48, 0.11]",0.2099387425744199,0.8841322654760123,False
Immunoglobulin lambda variable 1-36,Mean Value (nm),20,39,-0.22500000000000048,"[-0.50, 0.09]",0.15725665075562173,0.8312137254225823,False
Immunoglobulin kappa variable 3-11,Mean Value (nm),20,39,0.02499999999999917,"[-0.28, 0.33]",0.8767016791266298,0.9249113437629211,False
Immunoglobulin kappa variable 6-21,Mean Value (nm),20,39,0.025000000000000362,"[-0.28, 0.33]",0.8767016791266298,0.9249113437629211,False
Immunoglobulin kappa light chain,Mean Value (nm),20,39,0.0250000000000004,"[-0.28, 0.33]",0.8767016791266298,0.9249113437629211,False
Neuropilin-1,Mean Value (nm),20,39,-0.3000000000000007,"[-0.56, 0.01]",0.056691006778487665,0.6750791152013149,False
Ficolin-2,Mean Value (nm),20,39,-0.2499999999999999,"[-0.52, 0.06]",0.11492787448834102,0.7632389613456535,False
Gamma-glutamyl hydrolase,Mean Value (nm),20,39,-0.2750000000000004,"[-0.54, 0.04]",0.08183609289594658,0.7006792747124143,False
Keratinocyte proline-rich protein,Mean Value (nm),20,39,-0.05000000000000061,"[-0.35, 0.26]",0.7562191489680732,0.9227833195888512,False
Kyphoscoliosis peptidase,Mean Value (nm),20,39,0.049999999999999725,"[-0.26, 0.35]",0.7562191489680836,0.9227833195888512,False
Laminin subunit alpha-2,Mean Value (nm),20,39,-0.19999999999999898,"[-0.48, 0.11]",0.20993874257441955,0.8841322654760123,False
Desmoglein-1,Mean Value (nm),20,39,0.024999999999999238,"[-0.28, 0.33]",0.8767016791266298,0.9249113437629211,False
Immunoglobulin lambda variable 3-27,Mean Value (nm),20,39,-0.0749999999999997,"[-0.37, 0.24]",0.6411866947841538,0.9124579887312957,False
Myosin-9,Mean Value (nm),20,39,-0.275,"[-0.54, 0.04]",0.08183609289594682,0.7006792747124143,False
Versican core protein,Mean Value (nm),20,39,0.19999999999999932,"[-0.11, 0.48]",0.20993874257441955,0.8841322654760123,False
Proteasome subunit beta type-3,Mean Value (nm),20,39,-0.17500000000000066,"[-0.46, 0.14]",0.27379479263839546,0.8947993854049852,False
Alpha-N-acetylglucosaminidase,Mean Value (nm),20,39,-0.12500000000000078,"[-0.42, 0.19]",0.4361566470231041,0.9052603609156303,False
Caspase-14,Mean Value (nm),20,39,0.09999999999999942,"[-0.21, 0.40]",0.5338939001152971,0.9052603609156303,False
Histidine-rich glycoprotein,Mean Value (nm),20,39,0.02499999999999955,"[-0.28, 0.33]",0.8767016791266298,0.9249113437629211,False
"ATP synthase subunit alpha, mitochondrial",Mean Value (nm),20,39,0.1250000000000004,"[-0.19, 0.42]",0.4361566470231073,0.9052603609156303,False
Immunoglobulin kappa constant,Mean Value (nm),20,39,0.049999999999999586,"[-0.26, 0.35]",0.7562191489680836,0.9227833195888512,False
Interleukin-1 receptor accessory protein,Mean Value (nm),20,39,-0.17500000000000018,"[-0.46, 0.14]",0.27379479263839523,0.8947993854049852,False
Immunoglobulin lambda variable 9-49,Mean Value (nm),20,39,-0.14999999999999974,"[-0.44, 0.17]",0.34923374105217864,0.9052603609156303,False
Plexin domain-containing protein 2,Mean Value (nm),20,39,-0.07500000000000037,"[-0.37, 0.24]",0.6411866947841472,0.9124579887312957,False
Immunoglobulin heavy variable 4-28,Mean Value (nm),20,39,-5.551115123125783e-16,"[-0.31, 0.31]",1.0,1.0,False
Desmoplakin,Mean Value (nm),20,39,0.09999999999999953,"[-0.21, 0.40]",0.5338939001152971,0.9052603609156303,False
Endoplasmin,Mean Value (nm),20,39,-0.05000000000000014,"[-0.35, 0.26]",0.7562191489680836,0.9227833195888512,False
Heparin cofactor 2,Mean Value (nm),20,39,0.024999999999999762,"[-0.28, 0.33]",0.8767016791266298,0.9249113437629211,False
Laminin subunit gamma-1,Mean Value (nm),20,39,-0.025000000000000314,"[-0.33, 0.28]",0.8767016791266298,0.9249113437629211,False
Polymeric immunoglobulin receptor,Mean Value (nm),20,39,-0.35000000000000053,"[-0.59, -0.05]",0.024879547038876522,0.5858002439153787,False
Serum amyloid A-4 protein,Mean Value (nm),20,39,0.19999999999999968,"[-0.11, 0.48]",0.2099387425744199,0.8841322654760123,False
Catalase,Mean Value (nm),20,39,-0.27499999999999974,"[-0.54, 0.04]",0.0818360928959473,0.7006792747124143,False
Complement receptor type 1,Mean Value (nm),20,39,0.12499999999999933,"[-0.19, 0.42]",0.43615664702310897,0.9052603609156303,False
Immunoglobulin kappa variable 1-27,Mean Value (nm),20,39,0.22499999999999923,"[-0.09, 0.50]",0.1572566507556237,0.8312137254225823,False
Immunoglobulin kappa variable 2-30,Mean Value (nm),20,39,0.05000000000000035,"[-0.26, 0.35]",0.7562191489680836,0.9227833195888512,False
Protein-glutamine gamma-glutamyltransferase E,Mean Value (nm),20,39,0.0749999999999994,"[-0.24, 0.37]",0.6411866947841538,0.9124579887312957,False
Periostin,Mean Value (nm),20,39,0.10000000000000003,"[-0.21, 0.40]",0.5338939001152971,0.9052603609156303,False
Albumin,Mean Value (nm),20,39,-0.05000000000000049,"[-0.35, 0.26]",0.7562191489680836,0.9227833195888512,False
Complement factor B,Mean Value (nm),20,39,-0.024999999999999835,"[-0.33, 0.28]",0.8767016791266298,0.9249113437629211,False
Probable non-functional immunoglobulinn kappa variable 1-37;Probable non-functional immunoglobulinn kappa variable 1D-37,Mean Value (nm),20,39,0.30000000000000043,"[-0.01, 0.56]",0.05669100677848799,0.6750791152013149,False
Immunoglobulin lambda variable 8-61,Mean Value (nm),20,39,0.0500000000000004,"[-0.26, 0.35]",0.7562191489680836,0.9227833195888512,False
Annexin A1,Mean Value (nm),20,39,0.10000000000000069,"[-0.21, 0.40]",0.5338939001152925,0.9052603609156303,False
CD5 antigen-like,Mean Value (nm),20,39,-0.14999999999999972,"[-0.44, 0.17]",0.34923374105217864,0.9052603609156303,False
RB-associated KRAB zinc finger protein,Mean Value (nm),20,39,-0.05000000000000033,"[-0.35, 0.26]",0.7562191489680836,0.9227833195888512,False
Immunoglobulin lambda variable 7-46,Mean Value (nm),20,39,-0.04999999999999971,"[-0.35, 0.26]",0.7562191489680836,0.9227833195888512,False
Basement membrane-specific heparan sulfate proteoglycan core protein,Mean Value (nm),20,39,-0.29999999999999954,"[-0.56, 0.01]",0.05669100677848863,0.6750791152013149,False
Vitamin K-dependent protein C,Mean Value (nm),20,39,0.24999999999999958,"[-0.06, 0.52]",0.11492787448834102,0.7632389613456535,False
Immunoglobulin lambda variable 1-40,Mean Value (nm),20,39,0.14999999999999966,"[-0.17, 0.44]",0.34923374105217864,0.9052603609156303,False
Pantetheinase,Mean Value (nm),20,39,-0.10000000000000032,"[-0.40, 0.21]",0.5338939001152925,0.9052603609156303,False
Neutrophil defensin 1;Neutrophil defensin 3,Mean Value (nm),20,39,-0.09999999999999934,"[-0.40, 0.21]",0.5338939001152971,0.9052603609156303,False
Immunoglobulin lambda variable 2-8,Mean Value (nm),20,39,-0.12500000000000047,"[-0.42, 0.19]",0.4361566470231073,0.9052603609156303,False
Immunoglobulin heavy variable 1-18,Mean Value (nm),20,39,-0.07500000000000055,"[-0.37, 0.24]",0.6411866947841472,0.9124579887312957,False
Immunoglobulin kappa variable 3D-15,Mean Value (nm),20,39,-0.14999999999999977,"[-0.44, 0.17]",0.34923374105217864,0.9052603609156303,False
Extracellular matrix protein 1,Mean Value (nm),20,39,-0.3000000000000002,"[-0.56, 0.01]",0.05669100677848814,0.6750791152013149,False
Tubulin alpha-1B chain,Mean Value (nm),20,39,-0.22499999999999978,"[-0.50, 0.09]",0.1572566507556232,0.8312137254225823,False
Immunoglobulin lambda variable 5-45,Mean Value (nm),20,39,-0.14999999999999947,"[-0.44, 0.17]",0.34923374105217975,0.9052603609156303,False
Alpha-2-HS-glycoprotein,Mean Value (nm),20,39,0.20000000000000034,"[-0.11, 0.48]",0.20993874257441789,0.8841322654760123,False
Cartilage acidic protein 1,Mean Value (nm),20,39,-0.10000000000000057,"[-0.40, 0.21]",0.5338939001152925,0.9052603609156303,False
Coagulation factor IX,Mean Value (nm),20,39,-0.12500000000000022,"[-0.42, 0.19]",0.4361566470231073,0.9052603609156303,False
Integrin alpha-2,Mean Value (nm),20,39,-0.12499999999999947,"[-0.42, 0.19]",0.43615664702310897,0.9052603609156303,False
"Mannosyl-oligosaccharide 1,2-alpha-mannosidase IA",Mean Value (nm),20,39,0.049999999999999364,"[-0.26, 0.35]",0.7562191489680836,0.9227833195888512,False
Endophilin-A3,Mean Value (nm),20,39,-0.09999999999999959,"[-0.40, 0.21]",0.5338939001152971,0.9052603609156303,False
Collagen alpha-1(I) chain,Mean Value (nm),20,39,0.05000000000000055,"[-0.26, 0.35]",0.7562191489680836,0.9227833195888512,False
Carboxypeptidase N subunit 2,Mean Value (nm),20,39,-0.07500000000000019,"[-0.37, 0.24]",0.6411866947841472,0.9124579887312957,False
Scavenger receptor cysteine-rich type 1 protein M130,Mean Value (nm),20,39,0.025000000000000216,"[-0.28, 0.33]",0.8767016791266298,0.9249113437629211,False
Annexin A5,Mean Value (nm),20,39,-0.17500000000000038,"[-0.46, 0.14]",0.27379479263839523,0.8947993854049852,False
Platelet factor 4,Mean Value (nm),20,39,0.04999999999999948,"[-0.26, 0.35]",0.7562191489680836,0.9227833195888512,False
Immunoglobulin heavy variable 3-72,Mean Value (nm),20,39,-0.3249999999999996,"[-0.58, -0.02]",0.03814283706459549,0.6079381415218639,False
Protein HEG homolog 1,Mean Value (nm),20,39,0.10000000000000032,"[-0.21, 0.40]",0.5338939001152925,0.9052603609156303,False
Sulfhydryl oxidase 1,Mean Value (nm),20,39,0.17499999999999935,"[-0.14, 0.46]",0.2737947926383973,0.8947993854049852,False
Corticosteroid-binding globulin,Mean Value (nm),20,39,0.09999999999999984,"[-0.21, 0.40]",0.5338939001152971,0.9052603609156303,False
Angiopoietin-related protein 6,Mean Value (nm),20,39,0.09999999999999938,"[-0.21, 0.40]",0.5338939001152971,0.9052603609156303,False
72 kDa type IV collagenase,Mean Value (nm),20,39,0.22499999999999934,"[-0.09, 0.50]",0.1572566507556237,0.8312137254225823,False
Trypsin-3,Mean Value (nm),20,39,-0.14999999999999986,"[-0.44, 0.17]",0.34923374105217864,0.9052603609156303,False
Complement component C9,Mean Value (nm),20,39,1.110223024625157e-16,"[-0.31, 0.31]",1.0,1.0,False
Pyruvate kinase PKM,Mean Value (nm),20,39,0.15000000000000016,"[-0.17, 0.44]",0.34923374105217864,0.9052603609156303,False
Immunoglobulin heavy variable 4-34,Mean Value (nm),20,39,-0.27499999999999986,"[-0.54, 0.04]",0.0818360928959473,0.7006792747124143,False
Immunoglobulin kappa variable 6D-21,Mean Value (nm),20,39,0.14999999999999944,"[-0.17, 0.44]",0.34923374105217975,0.9052603609156303,False
Immunoglobulin lambda-1 light chain,Mean Value (nm),20,39,0.15000000000000036,"[-0.17, 0.44]",0.3492337410521762,0.9052603609156303,False
Transforming growth factor-beta-induced protein ig-h3,Mean Value (nm),20,39,-0.07499999999999968,"[-0.37, 0.24]",0.6411866947841538,0.9124579887312957,False
Complement C1q subcomponent subunit A,Mean Value (nm),20,39,-0.22499999999999973,"[-0.50, 0.09]",0.1572566507556232,0.8312137254225823,False
Prolow-density lipoprotein receptor-related protein 1,Mean Value (nm),20,39,-0.0999999999999998,"[-0.40, 0.21]",0.5338939001152971,0.9052603609156303,False
Immunoglobulin heavy constant mu,Mean Value (nm),20,39,0.049999999999999566,"[-0.26, 0.35]",0.7562191489680836,0.9227833195888512,False
UV-stimulated scaffold protein A,Mean Value (nm),20,39,0.14999999999999916,"[-0.17, 0.44]",0.34923374105217975,0.9052603609156303,False
Complement component C6,Mean Value (nm),20,39,0.0250000000000002,"[-0.28, 0.33]",0.8767016791266298,0.9249113437629211,False
Angiotensinogen,Mean Value (nm),20,39,-0.04999999999999925,"[-0.35, 0.26]",0.7562191489680836,0.9227833195888512,False
Pregnancy zone protein,Mean Value (nm),20,39,-0.05000000000000075,"[-0.35, 0.26]",0.7562191489680732,0.9227833195888512,False
Histone H2A type 1-B/E;Histone H2A type 3;Histone H2A type 1-C,Mean Value (nm),20,39,-0.4250000000000001,"[-0.65, -0.14]",0.005608377882559728,0.5858002439153787,False
Desmocollin-1,Mean Value (nm),20,39,0.07500000000000055,"[-0.24, 0.37]",0.6411866947841472,0.9124579887312957,False
Protein Z-dependent protease inhibitor,Mean Value (nm),20,39,0.1750000000000003,"[-0.14, 0.46]",0.27379479263839523,0.8947993854049852,False
Immunoglobulin kappa variable 1-17,Mean Value (nm),20,39,-0.22499999999999978,"[-0.50, 0.09]",0.15725665075562228,0.8312137254225823,False
Fibronectin,Mean Value (nm),20,39,-0.4250000000000003,"[-0.65, -0.14]",0.005608377882559695,0.5858002439153787,False
Probable non-functional immunoglobulin heavy variable 3-38,Mean Value (nm),20,39,-3.1918911957973255e-16,"[-0.31, 0.31]",1.0,1.0,False
Nucleoside diphosphate kinase 3,Mean Value (nm),20,39,-0.19999999999999934,"[-0.48, 0.11]",0.20993874257441955,0.8841322654760123,False
Plasma protease C1 inhibitor,Mean Value (nm),20,39,-0.10000000000000045,"[-0.40, 0.21]",0.5338939001152925,0.9052603609156303,False
Immunoglobulin kappa variable 1-16,Mean Value (nm),20,39,-0.1999999999999998,"[-0.48, 0.11]",0.20993874257441825,0.8841322654760123,False
F-actin-capping protein subunit alpha-1,Mean Value (nm),20,39,0.17499999999999963,"[-0.14, 0.46]",0.27379479263839795,0.8947993854049852,False
Cathepsin D,Mean Value (nm),20,39,0.025000000000000338,"[-0.28, 0.33]",0.8767016791266298,0.9249113437629211,False
Anthrax toxin receptor 2,Mean Value (nm),20,39,0.12499999999999913,"[-0.19, 0.42]",0.43615664702310897,0.9052603609156303,False
Talin-1,Mean Value (nm),20,39,0.12499999999999964,"[-0.19, 0.42]",0.43615664702310897,0.9052603609156303,False
Protein disulfide-isomerase,Mean Value (nm),20,39,-0.12500000000000014,"[-0.42, 0.19]",0.4361566470231073,0.9052603609156303,False
Junction plakoglobin,Mean Value (nm),20,39,-0.024999999999999467,"[-0.33, 0.28]",0.8767016791266298,0.9249113437629211,False
Tenascin,Mean Value (nm),20,39,-0.10000000000000081,"[-0.40, 0.21]",0.5338939001152925,0.9052603609156303,False
Cadherin-related family member 5,Mean Value (nm),20,39,-0.2750000000000004,"[-0.54, 0.04]",0.08183609289594658,0.7006792747124143,False
Kininogen-1,Mean Value (nm),20,39,0.04999999999999906,"[-0.26, 0.35]",0.7562191489680836,0.9227833195888512,False
Alpha-1-antichymotrypsin,Mean Value (nm),20,39,-0.07499999999999962,"[-0.37, 0.24]",0.6411866947841538,0.9124579887312957,False
Integrin alpha-IIb,Mean Value (nm),20,39,0.07499999999999993,"[-0.24, 0.37]",0.6411866947841538,0.9124579887312957,False
Serum amyloid P-component,Mean Value (nm),20,39,0.12499999999999951,"[-0.19, 0.42]",0.43615664702310897,0.9052603609156303,False
Inter-alpha-trypsin inhibitor heavy chain H1,Mean Value (nm),20,39,-0.2000000000000005,"[-0.48, 0.11]",0.20993874257441789,0.8841322654760123,False
Probable non-functional immunoglobulin heavy variable 3-35,Mean Value (nm),20,39,-0.025000000000000626,"[-0.33, 0.28]",0.8767016791266298,0.9249113437629211,False
Immunoglobulin kappa variable 1-5,Mean Value (nm),20,39,0.10000000000000034,"[-0.21, 0.40]",0.5338939001152925,0.9052603609156303,False
Band 3 anion transport protein,Mean Value (nm),20,39,-0.32499999999999946,"[-0.58, -0.02]",0.03814283706459549,0.6079381415218639,False
Immunoglobulin lambda variable 7-43,Mean Value (nm),20,39,0.24999999999999947,"[-0.06, 0.52]",0.11492787448834166,0.7632389613456535,False
Peroxiredoxin-1,Mean Value (nm),20,39,-0.025000000000000244,"[-0.33, 0.28]",0.8767016791266298,0.9249113437629211,False
Matrix metalloproteinase-9,Mean Value (nm),20,39,-0.22500000000000023,"[-0.50, 0.09]",0.15725665075562173,0.8312137254225823,False
Multimerin-2,Mean Value (nm),20,39,0.15000000000000022,"[-0.17, 0.44]",0.3492337410521762,0.9052603609156303,False
Immunoglobulin heavy variable 1-3,Mean Value (nm),20,39,-0.12500000000000014,"[-0.42, 0.19]",0.4361566470231073,0.9052603609156303,False
Podocalyxin,Mean Value (nm),20,39,0.14999999999999952,"[-0.17, 0.44]",0.34923374105217975,0.9052603609156303,False
Immunoglobulin lambda variable 1-51,Mean Value (nm),20,39,-0.05000000000000041,"[-0.35, 0.26]",0.7562191489680836,0.9227833195888512,False
Cadherin-13,Mean Value (nm),20,39,-0.24999999999999972,"[-0.52, 0.06]",0.11492787448834102,0.7632389613456535,False
Plastin-2,Mean Value (nm),20,39,0.05000000000000019,"[-0.26, 0.35]",0.7562191489680836,0.9227833195888512,False
Inter-alpha-trypsin inhibitor heavy chain H4,Mean Value (nm),20,39,-0.07499999999999969,"[-0.37, 0.24]",0.6411866947841538,0.9124579887312957,False
Fructose-bisphosphate aldolase B,Mean Value (nm),20,39,0.05000000000000042,"[-0.26, 0.35]",0.7562191489680836,0.9227833195888512,False
Mannan-binding lectin serine protease 2,Mean Value (nm),20,39,-0.1249999999999999,"[-0.42, 0.19]",0.4361566470231073,0.9052603609156303,False
Platelet glycoprotein 4,Mean Value (nm),20,39,0.3249999999999998,"[0.02, 0.58]",0.038142837064595383,0.6079381415218639,False
Hemoglobin subunit alpha,Mean Value (nm),20,39,0.025000000000000418,"[-0.28, 0.33]",0.8767016791266298,0.9249113437629211,False
Immunoglobulin lambda variable 3-10,Mean Value (nm),20,39,-0.10000000000000032,"[-0.40, 0.21]",0.5338939001152925,0.9052603609156303,False
Serum paraoxonase/lactonase 3,Mean Value (nm),20,39,-0.1250000000000003,"[-0.42, 0.19]",0.4361566470231073,0.9052603609156303,False
Dopamine beta-hydroxylase,Mean Value (nm),20,39,-0.20000000000000023,"[-0.48, 0.11]",0.20993874257441789,0.8841322654760123,False
Triosephosphate isomerase,Mean Value (nm),20,39,-0.050000000000000516,"[-0.35, 0.26]",0.7562191489680836,0.9227833195888512,False
Endoplasmic reticulum chaperone BiP,Mean Value (nm),20,39,0.025000000000000806,"[-0.28, 0.33]",0.8767016791266298,0.9249113437629211,False
Suprabasin,Mean Value (nm),20,39,0.024999999999999294,"[-0.28, 0.33]",0.8767016791266298,0.9249113437629211,False
Immunoglobulin kappa variable 3-20,Mean Value (nm),20,39,-0.27500000000000047,"[-0.54, 0.04]",0.08183609289594636,0.7006792747124143,False
Ficolin-1,Mean Value (nm),20,39,-0.02499999999999962,"[-0.33, 0.28]",0.8767016791266298,0.9249113437629211,False
Autotaxin,Mean Value (nm),20,39,0.12500000000000003,"[-0.19, 0.42]",0.4361566470231073,0.9052603609156303,False
Histidine ammonia-lyase,Mean Value (nm),20,39,0.10000000000000052,"[-0.21, 0.40]",0.5338939001152925,0.9052603609156303,False
Noelin,Mean Value (nm),20,39,0.05000000000000055,"[-0.26, 0.35]",0.7562191489680836,0.9227833195888512,False
Prenylcysteine oxidase 1,Mean Value (nm),20,39,-0.2499999999999998,"[-0.52, 0.06]",0.11492787448834102,0.7632389613456535,False
Immunoglobulin delta heavy chain,Mean Value (nm),20,39,-4.85722573273506e-16,"[-0.31, 0.31]",1.0,1.0,False
Antithrombin-III,Mean Value (nm),20,39,-0.22500000000000034,"[-0.50, 0.09]",0.15725665075562173,0.8312137254225823,False
Complement component C7,Mean Value (nm),20,39,0.05000000000000034,"[-0.26, 0.35]",0.7562191489680836,0.9227833195888512,False
BOS complex subunit NOMO3;BOS complex subunit NOMO1;BOS complex subunit NOMO2,Mean Value (nm),20,39,0.22499999999999917,"[-0.09, 0.50]",0.1572566507556237,0.8312137254225823,False
Cofilin-1,Mean Value (nm),20,39,-0.20000000000000043,"[-0.48, 0.11]",0.20993874257441789,0.8841322654760123,False
Histone H4,Mean Value (nm),20,39,0.07499999999999966,"[-0.24, 0.37]",0.6411866947841538,0.9124579887312957,False
Serum amyloid A-1 protein,Mean Value (nm),20,39,0.09999999999999942,"[-0.21, 0.40]",0.5338939001152971,0.9052603609156303,False
Transferrin receptor protein 1,Mean Value (nm),20,39,0.024999999999999287,"[-0.28, 0.33]",0.8767016791266298,0.9249113437629211,False
Serpin B12,Mean Value (nm),20,39,-0.025000000000000522,"[-0.33, 0.28]",0.8767016791266298,0.9249113437629211,False
Immunoglobulin kappa variable 3D-20,Mean Value (nm),20,39,5.689893001203927e-16,"[-0.31, 0.31]",1.0,1.0,False
Probable non-functional immunoglobulin heavy variable 3-16,Mean Value (nm),20,39,-0.22500000000000048,"[-0.50, 0.09]",0.15725665075562173,0.8312137254225823,False
Immunoglobulin lambda variable 6-57,Mean Value (nm),20,39,-0.09999999999999969,"[-0.40, 0.21]",0.5338939001152971,0.9052603609156303,False
Fibrinogen alpha chain,Mean Value (nm),20,39,0.24999999999999967,"[-0.06, 0.52]",0.11492787448834102,0.7632389613456535,False
Galectin-3-binding protein,Mean Value (nm),20,39,-0.1499999999999998,"[-0.44, 0.17]",0.34923374105217864,0.9052603609156303,False
Macrophage colony-stimulating factor 1 receptor,Mean Value (nm),20,39,-3.7470027081099033e-16,"[-0.31, 0.31]",1.0,1.0,False
Phosphatidylinositol-glycan-specific phospholipase D,Mean Value (nm),20,39,0.5249999999999994,"[0.26, 0.72]",0.0004248637356233945,0.1467196100352789,False
Serotransferrin,Mean Value (nm),20,39,-0.07500000000000046,"[-0.37, 0.24]",0.6411866947841472,0.9124579887312957,False
Integrin alpha-11,Mean Value (nm),20,39,-0.12500000000000033,"[-0.42, 0.19]",0.4361566470231073,0.9052603609156303,False
Proprotein convertase subtilisin/kexin type 9,Mean Value (nm),20,39,0.34999999999999937,"[0.05, 0.59]",0.024879547038877084,0.5858002439153787,False
Gelsolin,Mean Value (nm),20,39,0.12500000000000036,"[-0.19, 0.42]",0.4361566470231073,0.9052603609156303,False
Proteoglycan 4,Mean Value (nm),20,39,-0.20000000000000057,"[-0.48, 0.11]",0.20993874257441789,0.8841322654760123,False
Vascular cell adhesion protein 1,Mean Value (nm),20,39,3.4694469519536147e-16,"[-0.31, 0.31]",1.0,1.0,False
Adhesion G protein-coupled receptor F5,Mean Value (nm),20,39,0.17500000000000027,"[-0.14, 0.46]",0.27379479263839523,0.8947993854049852,False
Insulin-like growth factor-binding protein 3,Mean Value (nm),20,39,-3.1918911957973246e-16,"[-0.31, 0.31]",1.0,1.0,False
Transthyretin,Mean Value (nm),20,39,0.2999999999999995,"[-0.01, 0.56]",0.056691006778488796,0.6750791152013149,False
Coiled-coil domain-containing protein 126,Mean Value (nm),20,39,0.1499999999999996,"[-0.17, 0.44]",0.34923374105217975,0.9052603609156303,False
Guanine nucleotide-binding protein G(i) subunit alpha-2,Mean Value (nm),20,39,0.17499999999999966,"[-0.14, 0.46]",0.27379479263839795,0.8947993854049852,False
Apolipoprotein C-I,Mean Value (nm),20,39,-0.05000000000000035,"[-0.35, 0.26]",0.7562191489680836,0.9227833195888512,False
Syntenin-1,Mean Value (nm),20,39,-0.22499999999999937,"[-0.50, 0.09]",0.1572566507556237,0.8312137254225823,False
Phospholipid transfer protein,Mean Value (nm),20,39,-0.17500000000000016,"[-0.46, 0.14]",0.27379479263839523,0.8947993854049852,False
Laminin subunit beta-1,Mean Value (nm),20,39,-0.09999999999999938,"[-0.40, 0.21]",0.5338939001152971,0.9052603609156303,False
Proline-rich protein 4,Mean Value (nm),20,39,-0.1500000000000003,"[-0.44, 0.17]",0.3492337410521762,0.9052603609156303,False
Immunoglobulin kappa variable 2-28;Immunoglobulin kappa variable 2D-28,Mean Value (nm),20,39,-0.12500000000000033,"[-0.42, 0.19]",0.4361566470231073,0.9052603609156303,False
Complement C3,Mean Value (nm),20,39,-0.0750000000000004,"[-0.37, 0.24]",0.6411866947841472,0.9124579887312957,False
Thyroxine-binding globulin,Mean Value (nm),20,39,-0.02500000000000036,"[-0.33, 0.28]",0.8767016791266298,0.9249113437629211,False
Immunoglobulin kappa variable 1D-13;Immunoglobulin kappa variable 1-13,Mean Value (nm),20,39,0.15000000000000036,"[-0.17, 0.44]",0.3492337410521762,0.9052603609156303,False
Complement factor H-related protein 5,Mean Value (nm),20,39,0.3250000000000003,"[0.02, 0.58]",0.03814283706459506,0.6079381415218639,False
Immunoglobulin lambda variable 2-23,Mean Value (nm),20,39,0.19999999999999987,"[-0.11, 0.48]",0.20993874257441825,0.8841322654760123,False
Coagulation factor VII,Mean Value (nm),20,39,5.551115123125783e-16,"[-0.31, 0.31]",1.0,1.0,False
Immunoglobulin heavy constant gamma 4,Mean Value (nm),20,39,0.14999999999999963,"[-0.17, 0.44]",0.34923374105217864,0.9052603609156303,False
L-lactate dehydrogenase B chain,Mean Value (nm),20,39,-0.12500000000000044,"[-0.42, 0.19]",0.4361566470231073,0.9052603609156303,False
Zinc-alpha-2-glycoprotein,Mean Value (nm),20,39,0.04999999999999959,"[-0.26, 0.35]",0.7562191489680836,0.9227833195888512,False
"Dihydrolipoyllysine-residue succinyltransferase component of 2-oxoglutarate dehydrogenase complex, mitochondrial",Mean Value (nm),20,39,-0.3500000000000001,"[-0.59, -0.05]",0.024879547038876668,0.5858002439153787,False
Serpin B3,Mean Value (nm),20,39,-0.05000000000000055,"[-0.35, 0.26]",0.7562191489680836,0.9227833195888512,False
Immunoglobulin heavy variable 3-33,Mean Value (nm),20,39,-0.34999999999999976,"[-0.59, -0.05]",0.02487954703887687,0.5858002439153787,False
Follistatin-related protein 1,Mean Value (nm),20,39,-0.37499999999999994,"[-0.61, -0.08]",0.01570041865333838,0.5858002439153787,False
Cholesteryl ester transfer protein,Mean Value (nm),20,39,-0.05000000000000051,"[-0.35, 0.26]",0.7562191489680836,0.9227833195888512,False
Complement C1q subcomponent subunit C,Mean Value (nm),20,39,-0.07499999999999937,"[-0.37, 0.24]",0.6411866947841538,0.9124579887312957,False
Immunoglobulin heavy variable 4-30-2,Mean Value (nm),20,39,0.07499999999999975,"[-0.24, 0.37]",0.6411866947841538,0.9124579887312957,False
Thrombospondin-4,Mean Value (nm),20,39,0.12500000000000044,"[-0.19, 0.42]",0.4361566470231073,0.9052603609156303,False
Transketolase,Mean Value (nm),20,39,0.024999999999999446,"[-0.28, 0.33]",0.8767016791266298,0.9249113437629211,False
Complement receptor type 2,Mean Value (nm),20,39,-0.07499999999999964,"[-0.37, 0.24]",0.6411866947841538,0.9124579887312957,False
Immunoglobulin kappa variable 2-40;Immunoglobulin kappa variable 2D-40,Mean Value (nm),20,39,-0.3000000000000003,"[-0.56, 0.01]",0.05669100677848799,0.6750791152013149,False
Immunoglobulin kappa variable 3D-7,Mean Value (nm),20,39,-0.0500000000000002,"[-0.35, 0.26]",0.7562191489680836,0.9227833195888512,False
Immunoglobulin heavy variable 3-64,Mean Value (nm),20,39,-0.40000000000000047,"[-0.63, -0.11]",0.009563548476957878,0.5858002439153787,False
Vitronectin,Mean Value (nm),20,39,0.02499999999999961,"[-0.28, 0.33]",0.8767016791266298,0.9249113437629211,False
Complement component C8 gamma chain,Mean Value (nm),20,39,0.024999999999999467,"[-0.28, 0.33]",0.8767016791266298,0.9249113437629211,False
Immunoglobulin heavy variable 5-51,Mean Value (nm),20,39,-0.2750000000000003,"[-0.54, 0.04]",0.08183609289594658,0.7006792747124143,False
Coagulation factor V,Mean Value (nm),20,39,-0.0999999999999997,"[-0.40, 0.21]",0.5338939001152971,0.9052603609156303,False
Protein S100-A7,Mean Value (nm),20,39,0.14999999999999974,"[-0.17, 0.44]",0.34923374105217864,0.9052603609156303,False
Arginase-1,Mean Value (nm),20,39,-0.10000000000000034,"[-0.40, 0.21]",0.5338939001152925,0.9052603609156303,False
Protein-glutamine gamma-glutamyltransferase K,Mean Value (nm),20,39,0.14999999999999986,"[-0.17, 0.44]",0.34923374105217864,0.9052603609156303,False
Immunoglobulin kappa variable 4-1,Mean Value (nm),20,39,-0.24999999999999947,"[-0.52, 0.06]",0.11492787448834166,0.7632389613456535,False
Coagulation factor XIII B chain,Mean Value (nm),20,39,0.10000000000000028,"[-0.21, 0.40]",0.5338939001152925,0.9052603609156303,False
Apolipoprotein C-II,Mean Value (nm),20,39,-0.05000000000000055,"[-0.35, 0.26]",0.7562191489680836,0.9227833195888512,False
Bone marrow proteoglycan,Mean Value (nm),20,39,-0.12500000000000003,"[-0.42, 0.19]",0.4361566470231073,0.9052603609156303,False
Apolipoprotein A-I,Mean Value (nm),20,39,-0.10000000000000048,"[-0.40, 0.21]",0.5338939001152925,0.9052603609156303,False
Coagulation factor X,Mean Value (nm),20,39,0.1500000000000003,"[-0.17, 0.44]",0.3492337410521762,0.9052603609156303,False
Thioredoxin,Mean Value (nm),20,39,-0.07499999999999969,"[-0.37, 0.24]",0.6411866947841538,0.9124579887312957,False
Immunoglobulin heavy variable 3-15,Mean Value (nm),20,39,-0.2749999999999994,"[-0.54, 0.04]",0.08183609289594752,0.7006792747124143,False
Proteasome subunit beta type-2,Mean Value (nm),20,39,-0.05000000000000046,"[-0.35, 0.26]",0.7562191489680836,0.9227833195888512,False
Apolipoprotein A-II,Mean Value (nm),20,39,-0.1000000000000006,"[-0.40, 0.21]",0.5338939001152925,0.9052603609156303,False
Immunoglobulin heavy constant gamma 2,Mean Value (nm),20,39,0.0749999999999992,"[-0.24, 0.37]",0.6411866947841538,0.9124579887312957,False
Plakophilin-1,Mean Value (nm),20,39,0.07500000000000052,"[-0.24, 0.37]",0.6411866947841472,0.9124579887312957,False
Fetuin-B,Mean Value (nm),20,39,0.12499999999999943,"[-0.19, 0.42]",0.43615664702310897,0.9052603609156303,False
Complement factor H-related protein 3,Mean Value (nm),20,39,-0.05000000000000054,"[-0.35, 0.26]",0.7562191489680836,0.9227833195888512,False
Plasminogen,Mean Value (nm),20,39,0.12499999999999953,"[-0.19, 0.42]",0.43615664702310897,0.9052603609156303,False
Fermitin family homolog 3,Mean Value (nm),20,39,0.17499999999999952,"[-0.14, 0.46]",0.27379479263839795,0.8947993854049852,False
Immunoglobulin heavy variable 3-21,Mean Value (nm),20,39,-0.2250000000000001,"[-0.50, 0.09]",0.15725665075562228,0.8312137254225823,False
Immunoglobulin heavy variable 2-26,Mean Value (nm),20,39,-0.1750000000000004,"[-0.46, 0.14]",0.27379479263839546,0.8947993854049852,False
Immunoglobulin kappa variable 1-12;Immunoglobulin kappa variable 1D-12,Mean Value (nm),20,39,0.025000000000000366,"[-0.28, 0.33]",0.8767016791266298,0.9249113437629211,False
Immunoglobulin heavy constant gamma 3,Mean Value (nm),20,39,0.2999999999999993,"[-0.01, 0.56]",0.056691006778488796,0.6750791152013149,False
Immunoglobulin kappa variable 2D-29,Mean Value (nm),20,39,-0.37499999999999994,"[-0.61, -0.08]",0.015700418653338422,0.5858002439153787,False
Neogenin,Mean Value (nm),20,39,-0.20000000000000043,"[-0.48, 0.11]",0.20993874257441789,0.8841322654760123,False
Immunoglobulin heavy variable 6-1,Mean Value (nm),20,39,-0.30000000000000054,"[-0.56, 0.01]",0.056691006778487665,0.6750791152013149,False
L-selectin,Mean Value (nm),20,39,0.024999999999999634,"[-0.28, 0.33]",0.8767016791266298,0.9249113437629211,False
Immunoglobulin lambda constant 3,Mean Value (nm),20,39,0.22499999999999976,"[-0.09, 0.50]",0.1572566507556232,0.8312137254225823,False
A disintegrin and metalloproteinase with thrombospondin motifs 13,Mean Value (nm),20,39,-0.07499999999999965,"[-0.37, 0.24]",0.6411866947841538,0.9124579887312957,False
von Willebrand factor,Mean Value (nm),20,39,-0.3749999999999997,"[-0.61, -0.08]",0.015700418653338467,0.5858002439153787,False
Neutral alpha-glucosidase AB,Mean Value (nm),20,39,-0.0999999999999998,"[-0.40, 0.21]",0.5338939001152971,0.9052603609156303,False
Carbonic anhydrase 1,Mean Value (nm),20,39,0.12500000000000036,"[-0.19, 0.42]",0.4361566470231073,0.9052603609156303,False
Immunoglobulin lambda variable 4-60,Mean Value (nm),20,39,-0.3500000000000002,"[-0.59, -0.05]",0.024879547038876668,0.5858002439153787,False
Integrin beta-1,Mean Value (nm),20,39,-0.10000000000000032,"[-0.40, 0.21]",0.5338939001152925,0.9052603609156303,False
Immunoglobulin lambda variable 3-12,Mean Value (nm),20,39,-9.15933995315754e-16,"[-0.31, 0.31]",1.0,1.0,False
Alpha-amylase 1B;Alpha-amylase 1C;Alpha-amylase 1A,Mean Value (nm),20,39,0.17499999999999907,"[-0.14, 0.46]",0.2737947926383973,0.8947993854049852,False
Lumican,Mean Value (nm),20,39,0.30000000000000054,"[-0.01, 0.56]",0.056691006778487665,0.6750791152013149,False
Beta-Ala-His dipeptidase,Mean Value (nm),20,39,-0.17500000000000063,"[-0.46, 0.14]",0.27379479263839546,0.8947993854049852,False
Immunoglobulin alpha-2 heavy chain,Mean Value (nm),20,39,-0.17500000000000063,"[-0.46, 0.14]",0.27379479263839546,0.8947993854049852,False
Complement C5,Mean Value (nm),20,39,-0.2749999999999998,"[-0.54, 0.04]",0.0818360928959473,0.7006792747124143,False
Protein S100-A8,Mean Value (nm),20,39,-0.024999999999999464,"[-0.33, 0.28]",0.8767016791266298,0.9249113437629211,False
Immunoglobulin lambda variable 3-25,Mean Value (nm),20,39,0.27499999999999947,"[-0.04, 0.54]",0.08183609289594752,0.7006792747124143,False
Leukocyte immunoglobulin-like receptor subfamily B member 3;Leukocyte immunoglobulin-like receptor subfamily A member 6,Mean Value (nm),20,39,0.10000000000000066,"[-0.21, 0.40]",0.5338939001152925,0.9052603609156303,False
Collagen alpha-3(VI) chain,Mean Value (nm),20,39,-0.3250000000000002,"[-0.58, -0.02]",0.03814283706459506,0.6079381415218639,False
Immunoglobulin kappa variable 1-39;Immunoglobulin kappa variable 1D-39,Mean Value (nm),20,39,0.09999999999999938,"[-0.21, 0.40]",0.5338939001152971,0.9052603609156303,False
Bleomycin hydrolase,Mean Value (nm),20,39,-0.3250000000000002,"[-0.58, -0.02]",0.03814283706459506,0.6079381415218639,False
CD166 antigen,Mean Value (nm),20,39,-0.09999999999999987,"[-0.40, 0.21]",0.5338939001152971,0.9052603609156303,False
Beta-2-microglobulin,Mean Value (nm),20,39,-0.07500000000000014,"[-0.37, 0.24]",0.6411866947841472,0.9124579887312957,False
Amino acid transporter heavy chain SLC3A2,Mean Value (nm),20,39,-0.2500000000000005,"[-0.52, 0.06]",0.11492787448833999,0.7632389613456535,False
Haptoglobin-related protein,Mean Value (nm),20,39,-0.17499999999999993,"[-0.46, 0.14]",0.27379479263839795,0.8947993854049852,False
Alpha-1-acid glycoprotein 1,Mean Value (nm),20,39,-0.19999999999999973,"[-0.48, 0.11]",0.2099387425744199,0.8841322654760123,False
Serum paraoxonase/arylesterase 1,Mean Value (nm),20,39,0.3749999999999995,"[0.08, 0.61]",0.015700418653338512,0.5858002439153787,False
Target of Nesh-SH3,Mean Value (nm),20,39,-0.07500000000000051,"[-0.37, 0.24]",0.6411866947841472,0.9124579887312957,False
Intercellular adhesion molecule 1,Mean Value (nm),20,39,-0.22500000000000023,"[-0.50, 0.09]",0.15725665075562173,0.8312137254225823,False
Complement C4-A,Mean Value (nm),20,39,0.1499999999999992,"[-0.17, 0.44]",0.34923374105217975,0.9052603609156303,False
Coagulation factor XIII A chain,Mean Value (nm),20,39,-0.3499999999999997,"[-0.59, -0.05]",0.02487954703887687,0.5858002439153787,False
Immunoglobulin mu heavy chain,Mean Value (nm),20,39,-0.02500000000000059,"[-0.33, 0.28]",0.8767016791266298,0.9249113437629211,False
Oncoprotein-induced transcript 3 protein,Mean Value (nm),20,39,0.22499999999999937,"[-0.09, 0.50]",0.1572566507556237,0.8312137254225823,False
Peroxiredoxin-2,Mean Value (nm),20,39,-0.2000000000000006,"[-0.48, 0.11]",0.20993874257441789,0.8841322654760123,False
Tissue factor pathway inhibitor,Mean Value (nm),20,39,0.1999999999999995,"[-0.11, 0.48]",0.2099387425744199,0.8841322654760123,False
Progranulin,Mean Value (nm),20,39,1.1102230246251564e-16,"[-0.31, 0.31]",1.0,1.0,False
Histone H2B type 1-K;Histone H2B type F-S,Mean Value (nm),20,39,-0.37500000000000067,"[-0.61, -0.08]",0.015700418653338204,0.5858002439153787,False
Hemoglobin subunit delta,Mean Value (nm),20,39,-0.07499999999999953,"[-0.37, 0.24]",0.6411866947841538,0.9124579887312957,False
Glutathione S-transferase P,Mean Value (nm),20,39,-0.07500000000000046,"[-0.37, 0.24]",0.6411866947841472,0.9124579887312957,False
Annexin A6,Mean Value (nm),20,39,-0.10000000000000066,"[-0.40, 0.21]",0.5338939001152925,0.9052603609156303,False
Complement factor H-related protein 1,Mean Value (nm),20,39,0.09999999999999921,"[-0.21, 0.40]",0.5338939001152971,0.9052603609156303,False
Protein KPLCE,Mean Value (nm),20,39,-0.12500000000000047,"[-0.42, 0.19]",0.4361566470231073,0.9052603609156303,False
Immunoglobulin heavy variable 4-4,Mean Value (nm),20,39,-0.02499999999999933,"[-0.33, 0.28]",0.8767016791266298,0.9249113437629211,False
Alpha-1B-glycoprotein,Mean Value (nm),20,39,0.12499999999999942,"[-0.19, 0.42]",0.43615664702310897,0.9052603609156303,False
Properdin,Mean Value (nm),20,39,-0.19999999999999993,"[-0.48, 0.11]",0.20993874257441825,0.8841322654760123,False
Immunoglobulin heavy variable 3-53,Mean Value (nm),20,39,-0.22500000000000053,"[-0.50, 0.09]",0.1572566507556209,0.8312137254225823,False
Calmodulin-like protein 5,Mean Value (nm),20,39,0.09999999999999944,"[-0.21, 0.40]",0.5338939001152971,0.9052603609156303,False
Carboxypeptidase B2,Mean Value (nm),20,39,4.1633363423443365e-16,"[-0.31, 0.31]",1.0,1.0,False
"Sushi, nidogen and EGF-like domain-containing protein 1",Mean Value (nm),20,39,0.09999999999999973,"[-0.21, 0.40]",0.5338939001152971,0.9052603609156303,False
Proteasome subunit alpha type-5,Mean Value (nm),20,39,0.024999999999999523,"[-0.28, 0.33]",0.8767016791266298,0.9249113437629211,False
Bifunctional heparan sulfate N-deacetylase/N-sulfotransferase 4,Mean Value (nm),20,39,0.25000000000000056,"[-0.06, 0.52]",0.11492787448833962,0.7632389613456535,False
Immunoglobulin heavy variable 3-9,Mean Value (nm),20,39,0.1249999999999999,"[-0.19, 0.42]",0.4361566470231073,0.9052603609156303,False
Neural cell adhesion molecule L1-like protein,Mean Value (nm),20,39,0.05000000000000059,"[-0.26, 0.35]",0.7562191489680732,0.9227833195888512,False
Proteasome subunit alpha type-2,Mean Value (nm),20,39,0.12499999999999951,"[-0.19, 0.42]",0.43615664702310897,0.9052603609156303,False
Intercellular adhesion molecule 3,Mean Value (nm),20,39,0.12500000000000028,"[-0.19, 0.42]",0.4361566470231073,0.9052603609156303,False
Receptor-type tyrosine-protein phosphatase eta,Mean Value (nm),20,39,-0.07499999999999929,"[-0.37, 0.24]",0.6411866947841538,0.9124579887312957,False
ADAMTS-like protein 4,Mean Value (nm),20,39,0.07500000000000057,"[-0.24, 0.37]",0.6411866947841472,0.9124579887312957,False
Immunoglobulin lambda variable 3-21,Mean Value (nm),20,39,-0.10000000000000066,"[-0.40, 0.21]",0.5338939001152925,0.9052603609156303,False
Cartilage oligomeric matrix protein,Mean Value (nm),20,39,0.19999999999999968,"[-0.11, 0.48]",0.2099387425744199,0.8841322654760123,False
Neural cell adhesion molecule 1,Mean Value (nm),20,39,-0.024999999999999717,"[-0.33, 0.28]",0.8767016791266298,0.9249113437629211,False
Immunoglobulin lambda variable 2-11,Mean Value (nm),20,39,-0.07499999999999953,"[-0.37, 0.24]",0.6411866947841538,0.9124579887312957,False
Immunoglobulin kappa variable 1D-33;Immunoglobulin kappa variable 1-33,Mean Value (nm),20,39,-0.025000000000000498,"[-0.33, 0.28]",0.8767016791266298,0.9249113437629211,False
Beta-2-glycoprotein 1,Mean Value (nm),20,39,0.17500000000000027,"[-0.14, 0.46]",0.27379479263839523,0.8947993854049852,False
Vitamin D-binding protein,Mean Value (nm),20,39,-0.025000000000000404,"[-0.33, 0.28]",0.8767016791266298,0.9249113437629211,False
Filamin-A,Mean Value (nm),20,39,0.04999999999999979,"[-0.26, 0.35]",0.7562191489680836,0.9227833195888512,False
Reelin,Mean Value (nm),20,39,-0.05000000000000051,"[-0.35, 0.26]",0.7562191489680836,0.9227833195888512,False
Immunoglobulin lambda variable 5-39,Mean Value (nm),20,39,-0.07500000000000079,"[-0.37, 0.24]",0.6411866947841472,0.9124579887312957,False
Fatty acid-binding protein 5,Mean Value (nm),20,39,0.10000000000000026,"[-0.21, 0.40]",0.5338939001152925,0.9052603609156303,False
"HLA class I histocompatibility antigen, A alpha chain",Mean Value (nm),20,39,-5.689893001203926e-16,"[-0.31, 0.31]",1.0,1.0,False
Low affinity immunoglobulin gamma Fc region receptor III-A,Mean Value (nm),20,39,0.3249999999999994,"[0.02, 0.58]",0.0381428370645957,0.6079381415218639,False
Heat shock 70 kDa protein 1A;Heat shock 70 kDa protein 1B,Mean Value (nm),20,39,0.20000000000000007,"[-0.11, 0.48]",0.20993874257441825,0.8841322654760123,False
Apolipoprotein D,Mean Value (nm),20,39,0.32499999999999946,"[0.02, 0.58]",0.03814283706459549,0.6079381415218639,False
Plexin-B1,Mean Value (nm),20,39,-0.02499999999999953,"[-0.33, 0.28]",0.8767016791266298,0.9249113437629211,False
Immunoglobulin heavy variable 1-58,Mean Value (nm),20,39,-0.09999999999999976,"[-0.40, 0.21]",0.5338939001152971,0.9052603609156303,False
Apolipoprotein C-IV,Mean Value (nm),20,39,0.15,"[-0.17, 0.44]",0.34923374105217864,0.9052603609156303,False
Monocyte differentiation antigen CD14,Mean Value (nm),20,39,0.07500000000000047,"[-0.24, 0.37]",0.6411866947841472,0.9124579887312957,False
Protein MENT,Mean Value (nm),20,39,0.050000000000000336,"[-0.26, 0.35]",0.7562191489680836,0.9227833195888512,False
Immunoglobulin epsilon heavy chain,Mean Value (nm),20,39,-0.1499999999999996,"[-0.44, 0.17]",0.34923374105217975,0.9052603609156303,False
Complement factor H,Mean Value (nm),20,39,0.12500000000000028,"[-0.19, 0.42]",0.4361566470231073,0.9052603609156303,False
Stabilin-1,Mean Value (nm),20,39,0.12499999999999947,"[-0.19, 0.42]",0.43615664702310897,0.9052603609156303,False
Macrophage receptor MARCO,Mean Value (nm),20,39,-0.07500000000000023,"[-0.37, 0.24]",0.6411866947841472,0.9124579887312957,False
Protein POF1B,Mean Value (nm),20,39,-0.10000000000000031,"[-0.40, 0.21]",0.5338939001152925,0.9052603609156303,False
Phosphatidylcholine-sterol acyltransferase,Mean Value (nm),20,39,0.10000000000000024,"[-0.21, 0.40]",0.5338939001152925,0.9052603609156303,False
Clusterin,Mean Value (nm),20,39,0.09999999999999974,"[-0.21, 0.40]",0.5338939001152971,0.9052603609156303,False
Platelet-activating factor acetylhydrolase,Mean Value (nm),20,39,-0.02500000000000045,"[-0.33, 0.28]",0.8767016791266298,0.9249113437629211,False
Vasorin,Mean Value (nm),20,39,0.12499999999999951,"[-0.19, 0.42]",0.43615664702310897,0.9052603609156303,False
Myeloperoxidase,Mean Value (nm),20,39,0.07499999999999955,"[-0.24, 0.37]",0.6411866947841538,0.9124579887312957,False
Immunoglobulin lambda variable 5-52,Mean Value (nm),20,39,-0.049999999999999815,"[-0.35, 0.26]",0.7562191489680836,0.9227833195888512,False
Carboxypeptidase N catalytic chain,Mean Value (nm),20,39,0.09999999999999948,"[-0.21, 0.40]",0.5338939001152971,0.9052603609156303,False
Fibrinogen gamma chain,Mean Value (nm),20,39,-0.07500000000000064,"[-0.37, 0.24]",0.6411866947841472,0.9124579887312957,False
Soluble scavenger receptor cysteine-rich domain-containing protein SSC5D,Mean Value (nm),20,39,-0.05000000000000076,"[-0.35, 0.26]",0.7562191489680732,0.9227833195888512,False
Tetranectin,Mean Value (nm),20,39,0.024999999999999384,"[-0.28, 0.33]",0.8767016791266298,0.9249113437629211,False
Apolipoprotein(a),Mean Value (nm),20,39,0.0750000000000003,"[-0.24, 0.37]",0.6411866947841472,0.9124579887312957,False
Alpha-2-antiplasmin,Mean Value (nm),20,39,-0.02500000000000059,"[-0.33, 0.28]",0.8767016791266298,0.9249113437629211,False
Retroviral-like aspartic protease 1,Mean Value (nm),20,39,-0.07500000000000023,"[-0.37, 0.24]",0.6411866947841472,0.9124579887312957,False
Ficolin-3,Mean Value (nm),20,39,-0.2249999999999995,"[-0.50, 0.09]",0.1572566507556232,0.8312137254225823,False
Immunoglobulin kappa variable 2-24,Mean Value (nm),20,39,-0.15000000000000027,"[-0.44, 0.17]",0.3492337410521762,0.9052603609156303,False
Immunoglobulin superfamily containing leucine-rich repeat protein,Mean Value (nm),20,39,0.24999999999999947,"[-0.06, 0.52]",0.11492787448834166,0.7632389613456535,False
Complement factor D,Mean Value (nm),20,39,-0.049999999999999656,"[-0.35, 0.26]",0.7562191489680836,0.9227833195888512,False
Vitamin K-dependent protein Z,Mean Value (nm),20,39,0.34999999999999937,"[0.05, 0.59]",0.024879547038877084,0.5858002439153787,False
EGF-containing fibulin-like extracellular matrix protein 1,Mean Value (nm),20,39,4.302114220422483e-16,"[-0.31, 0.31]",1.0,1.0,False
Dipeptidase 2,Mean Value (nm),20,39,0.07499999999999976,"[-0.24, 0.37]",0.6411866947841538,0.9124579887312957,False
Myeloblastin,Mean Value (nm),20,39,-0.10000000000000124,"[-0.40, 0.21]",0.5338939001152903,0.9052603609156303,False
Neurogenic locus notch homolog protein 1,Mean Value (nm),20,39,-0.20000000000000034,"[-0.48, 0.11]",0.20993874257441789,0.8841322654760123,False
Vitamin K-dependent protein S,Mean Value (nm),20,39,-0.024999999999999422,"[-0.33, 0.28]",0.8767016791266298,0.9249113437629211,False
Dermcidin,Mean Value (nm),20,39,-0.024999999999999606,"[-0.33, 0.28]",0.8767016791266298,0.9249113437629211,False
Immunoglobulin heavy variable 3-73,Mean Value (nm),20,39,-0.1249999999999999,"[-0.42, 0.19]",0.4361566470231073,0.9052603609156303,False
Alpha-2-macroglobulin,Mean Value (nm),20,39,-0.2500000000000003,"[-0.52, 0.06]",0.11492787448833999,0.7632389613456535,False
Cation-independent mannose-6-phosphate receptor,Mean Value (nm),20,39,-0.12500000000000008,"[-0.42, 0.19]",0.4361566470231073,0.9052603609156303,False
Chromodomain-helicase-DNA-binding protein 1;Chromodomain-helicase-DNA-binding protein 2;Chromodomain-helicase-DNA-binding protein 9;Chromodomain-helicase-DNA-binding protein 6;Chromodomain-helicase-DNA-binding protein 8;Chromodomain-helicase-DNA-binding protein 7,Mean Value (nm),20,39,-0.025000000000000522,"[-0.33, 0.28]",0.8767016791266298,0.9249113437629211,False
Ceruloplasmin,Mean Value (nm),20,39,0.1999999999999994,"[-0.11, 0.48]",0.2099387425744199,0.8841322654760123,False
Prostaglandin-H2 D-isomerase,Mean Value (nm),20,39,-0.12499999999999985,"[-0.42, 0.19]",0.4361566470231073,0.9052603609156303,False
Protein S100-A9,Mean Value (nm),20,39,0.07500000000000057,"[-0.24, 0.37]",0.6411866947841472,0.9124579887312957,False
Immunoglobulin J chain,Mean Value (nm),20,39,-0.14999999999999963,"[-0.44, 0.17]",0.34923374105217864,0.9052603609156303,False
Probable non-functional immunoglobulin kappa variable 3-7,Median Value (nm),20,39,0.02500000000000058,"[-0.28, 0.33]",0.8767016791266298,0.9249113437629211,False
Apolipoprotein A-IV,Median Value (nm),20,39,0.15000000000000022,"[-0.17, 0.44]",0.3492337410521762,0.9052603609156303,False
Coagulation factor XII,Median Value (nm),20,39,-5.967448757360216e-16,"[-0.31, 0.31]",1.0,1.0,False
Mannan-binding lectin serine protease 1,Median Value (nm),20,39,-0.17500000000000032,"[-0.46, 0.14]",0.27379479263839523,0.8947993854049852,False
Complement factor I,Median Value (nm),20,39,0.05000000000000096,"[-0.26, 0.35]",0.7562191489680732,0.9227833195888512,False
Platelet glycoprotein Ib alpha chain,Median Value (nm),20,39,-0.024999999999999307,"[-0.33, 0.28]",0.8767016791266298,0.9249113437629211,False
Hepatocyte growth factor-like protein,Median Value (nm),20,39,0.07500000000000082,"[-0.24, 0.37]",0.6411866947841472,0.9124579887312957,False
Profilin-1,Median Value (nm),20,39,0.09999999999999971,"[-0.21, 0.40]",0.5338939001152971,0.9052603609156303,False
Peptidase inhibitor 16,Median Value (nm),20,39,0.12499999999999965,"[-0.19, 0.42]",0.43615664702310897,0.9052603609156303,False
Cell surface glycoprotein MUC18,Median Value (nm),20,39,0.04999999999999978,"[-0.26, 0.35]",0.7562191489680836,0.9227833195888512,False
Adhesion G-protein coupled receptor G6,Median Value (nm),20,39,-0.27500000000000013,"[-0.54, 0.04]",0.08183609289594658,0.7006792747124143,False
Immunoglobulin heavy variable 1-69,Median Value (nm),20,39,-0.04999999999999935,"[-0.35, 0.26]",0.7562191489680836,0.9227833195888512,False
Insulin-like growth factor-binding protein complex acid labile subunit,Median Value (nm),20,39,-0.09999999999999948,"[-0.40, 0.21]",0.5338939001152971,0.9052603609156303,False
Plasma serine protease inhibitor,Median Value (nm),20,39,-0.07499999999999987,"[-0.37, 0.24]",0.6411866947841538,0.9124579887312957,False
Immunoglobulin heavy variable 1-69D,Median Value (nm),20,39,-0.07500000000000037,"[-0.37, 0.24]",0.6411866947841472,0.9124579887312957,False
Pancreatic adenocarcinoma up-regulated factor,Median Value (nm),20,39,0.07500000000000066,"[-0.24, 0.37]",0.6411866947841472,0.9124579887312957,False
Immunoglobulin heavy variable 3-64D,Median Value (nm),20,39,-0.07500000000000079,"[-0.37, 0.24]",0.6411866947841472,0.9124579887312957,False
Neutrophil gelatinase-associated lipocalin,Median Value (nm),20,39,-0.3000000000000003,"[-0.56, 0.01]",0.05669100677848799,0.6750791152013149,False
Lysosome-associated membrane glycoprotein 2,Median Value (nm),20,39,-0.07499999999999953,"[-0.37, 0.24]",0.6411866947841538,0.9124579887312957,False
Corneodesmosin,Median Value (nm),20,39,-0.05000000000000009,"[-0.35, 0.26]",0.7562191489680836,0.9227833195888512,False
Collagen alpha-1(XVIII) chain,Median Value (nm),20,39,-0.12499999999999951,"[-0.42, 0.19]",0.43615664702310897,0.9052603609156303,False
Lipopolysaccharide-binding protein,Median Value (nm),20,39,-6.800116025829081e-16,"[-0.31, 0.31]",1.0,1.0,False
Immunoglobulin heavy variable 3-49,Median Value (nm),20,39,-0.175,"[-0.46, 0.14]",0.27379479263839523,0.8947993854049852,False
SPARC-like protein 1,Median Value (nm),20,39,-0.05000000000000027,"[-0.35, 0.26]",0.7562191489680836,0.9227833195888512,False
Ras-associated and pleckstrin homology domains-containing protein 1,Median Value (nm),20,39,0.12500000000000028,"[-0.19, 0.42]",0.4361566470231073,0.9052603609156303,False
Alpha-1-acid glycoprotein 2,Median Value (nm),20,39,0.10000000000000056,"[-0.21, 0.40]",0.5338939001152925,0.9052603609156303,False
Immunoglobulin heavy variable 3-20,Median Value (nm),20,39,0.3249999999999996,"[0.02, 0.58]",0.03814283706459549,0.6079381415218639,False
Neurogenic locus notch homolog protein 2,Median Value (nm),20,39,0.12499999999999974,"[-0.19, 0.42]",0.43615664702310897,0.9052603609156303,False
Apolipoprotein B-100,Median Value (nm),20,39,-0.1999999999999994,"[-0.48, 0.11]",0.2099387425744199,0.8841322654760123,False
CD44 antigen,Median Value (nm),20,39,0.09999999999999948,"[-0.21, 0.40]",0.5338939001152971,0.9052603609156303,False
Pigment epithelium-derived factor,Median Value (nm),20,39,0.12500000000000056,"[-0.19, 0.42]",0.4361566470231041,0.9052603609156303,False
Xaa-Pro dipeptidase,Median Value (nm),20,39,-0.0749999999999996,"[-0.37, 0.24]",0.6411866947841538,0.9124579887312957,False
Immunoglobulin heavy constant delta,Median Value (nm),20,39,-0.024999999999999405,"[-0.33, 0.28]",0.8767016791266298,0.9249113437629211,False
Probable non-functional immunoglobulin heavy variable 3-38-3,Median Value (nm),20,39,0.12500000000000075,"[-0.19, 0.42]",0.4361566470231041,0.9052603609156303,False
Immunoglobulin lambda constant 7,Median Value (nm),20,39,0.1999999999999998,"[-0.11, 0.48]",0.2099387425744199,0.8841322654760123,False
Receptor-type tyrosine-protein phosphatase gamma,Median Value (nm),20,39,-0.17499999999999954,"[-0.46, 0.14]",0.27379479263839795,0.8947993854049852,False
Afamin,Median Value (nm),20,39,-0.07500000000000037,"[-0.37, 0.24]",0.6411866947841472,0.9124579887312957,False
Pyruvate kinase PKLR,Median Value (nm),20,39,0.15000000000000058,"[-0.17, 0.44]",0.3492337410521762,0.9052603609156303,False
Insulin-like growth factor 2,Median Value (nm),20,39,0.0249999999999998,"[-0.28, 0.33]",0.8767016791266298,0.9249113437629211,False
CD109 antigen,Median Value (nm),20,39,-0.22499999999999945,"[-0.50, 0.09]",0.1572566507556237,0.8312137254225823,False
ADP-ribosyl cyclase/cyclic ADP-ribose hydrolase 2,Median Value (nm),20,39,-4.996003610813203e-16,"[-0.31, 0.31]",1.0,1.0,False
Dedicator of cytokinesis protein 4,Median Value (nm),20,39,-0.30000000000000004,"[-0.56, 0.01]",0.056691006778488304,0.6750791152013149,False
Complement factor H-related protein 2,Median Value (nm),20,39,-0.07499999999999982,"[-0.37, 0.24]",0.6411866947841538,0.9124579887312957,False
Selenoprotein P,Median Value (nm),20,39,0.12500000000000053,"[-0.19, 0.42]",0.4361566470231041,0.9052603609156303,False
Adipocyte plasma membrane-associated protein,Median Value (nm),20,39,0.024999999999999724,"[-0.28, 0.33]",0.8767016791266298,0.9249113437629211,False
Immunoglobulin heavy constant alpha 2,Median Value (nm),20,39,-0.2750000000000004,"[-0.54, 0.04]",0.08183609289594658,0.7006792747124143,False
Lactotransferrin,Median Value (nm),20,39,-0.15000000000000008,"[-0.44, 0.17]",0.34923374105217864,0.9052603609156303,False
Alpha-enolase,Median Value (nm),20,39,0.02499999999999988,"[-0.28, 0.33]",0.8767016791266298,0.9249113437629211,False
Immunoglobulin heavy constant gamma 1,Median Value (nm),20,39,-0.15000000000000016,"[-0.44, 0.17]",0.34923374105217864,0.9052603609156303,False
Collectin-10,Median Value (nm),20,39,-0.05000000000000051,"[-0.35, 0.26]",0.7562191489680836,0.9227833195888512,False
Lysosome-associated membrane glycoprotein 1,Median Value (nm),20,39,0.09999999999999983,"[-0.21, 0.40]",0.5338939001152971,0.9052603609156303,False
Cathelicidin antimicrobial peptide,Median Value (nm),20,39,0.025000000000000647,"[-0.28, 0.33]",0.8767016791266298,0.9249113437629211,False
Fibroblast growth factor-binding protein 2,Median Value (nm),20,39,0.1500000000000006,"[-0.17, 0.44]",0.3492337410521762,0.9052603609156303,False
Lymphatic vessel endothelial hyaluronic acid receptor 1,Median Value (nm),20,39,0.3249999999999997,"[0.02, 0.58]",0.038142837064595383,0.6079381415218639,False
Haptoglobin,Median Value (nm),20,39,0.050000000000000024,"[-0.26, 0.35]",0.7562191489680836,0.9227833195888512,False
Tenascin-X,Median Value (nm),20,39,4.163336342344338e-16,"[-0.31, 0.31]",1.0,1.0,False
Zinc finger protein 512B,Median Value (nm),20,39,-0.10000000000000046,"[-0.40, 0.21]",0.5338939001152925,0.9052603609156303,False
Immunoglobulin lambda variable 3-19,Median Value (nm),20,39,-0.39999999999999947,"[-0.63, -0.11]",0.009563548476958075,0.5858002439153787,False
Complement C1q subcomponent subunit B,Median Value (nm),20,39,5.412337245047638e-16,"[-0.31, 0.31]",1.0,1.0,False
Ubiquitin-ribosomal protein eS31 fusion protein,Median Value (nm),20,39,-0.025000000000000727,"[-0.33, 0.28]",0.8767016791266298,0.9249113437629211,False
Kinesin-like protein KIF21A,Median Value (nm),20,39,0.04999999999999994,"[-0.26, 0.35]",0.7562191489680836,0.9227833195888512,False
Attractin,Median Value (nm),20,39,0.2500000000000006,"[-0.06, 0.52]",0.11492787448833962,0.7632389613456535,False
Immunoglobulin lambda variable 1-44,Median Value (nm),20,39,0.0500000000000004,"[-0.26, 0.35]",0.7562191489680836,0.9227833195888512,False
Immunoglobulin heavy variable 1-46,Median Value (nm),20,39,-0.12499999999999967,"[-0.42, 0.19]",0.43615664702310897,0.9052603609156303,False
Fibulin-1,Median Value (nm),20,39,0.07499999999999973,"[-0.24, 0.37]",0.6411866947841538,0.9124579887312957,False
Secreted phosphoprotein 24,Median Value (nm),20,39,0.12499999999999938,"[-0.19, 0.42]",0.43615664702310897,0.9052603609156303,False
Scavenger receptor class B member 1,Median Value (nm),20,39,0.07500000000000019,"[-0.24, 0.37]",0.6411866947841472,0.9124579887312957,False
Immunoglobulin lambda variable 2-18,Median Value (nm),20,39,-0.12500000000000042,"[-0.42, 0.19]",0.4361566470231073,0.9052603609156303,False
Collagen alpha-2(VI) chain,Median Value (nm),20,39,-0.0499999999999992,"[-0.35, 0.26]",0.7562191489680836,0.9227833195888512,False
Adiponectin,Median Value (nm),20,39,-0.4000000000000005,"[-0.63, -0.11]",0.009563548476957827,0.5858002439153787,False
Nidogen-1,Median Value (nm),20,39,-0.19999999999999946,"[-0.48, 0.11]",0.2099387425744199,0.8841322654760123,False
Alpha-1-antitrypsin,Median Value (nm),20,39,0.024999999999999505,"[-0.28, 0.33]",0.8767016791266298,0.9249113437629211,False
"Sushi, von Willebrand factor type A, EGF and pentraxin domain-containing protein 1",Median Value (nm),20,39,-0.24999999999999972,"[-0.52, 0.06]",0.11492787448834102,0.7632389613456535,False
Complement C1s subcomponent,Median Value (nm),20,39,0.025000000000000272,"[-0.28, 0.33]",0.8767016791266298,0.9249113437629211,False
Alpha-actinin-4,Median Value (nm),20,39,-0.04999999999999929,"[-0.35, 0.26]",0.7562191489680836,0.9227833195888512,False
Complement component C1q receptor,Median Value (nm),20,39,0.049999999999999635,"[-0.26, 0.35]",0.7562191489680836,0.9227833195888512,False
Inter-alpha-trypsin inhibitor heavy chain H3,Median Value (nm),20,39,-0.04999999999999961,"[-0.35, 0.26]",0.7562191489680836,0.9227833195888512,False
Immunoglobulin kappa variable 1D-8,Median Value (nm),20,39,-3.7470027081099033e-16,"[-0.31, 0.31]",1.0,1.0,False
Low-density lipoprotein receptor,Median Value (nm),20,39,6.383782391594653e-16,"[-0.31, 0.31]",1.0,1.0,False
Prolactin-inducible protein,Median Value (nm),20,39,-0.025000000000000334,"[-0.33, 0.28]",0.8767016791266298,0.9249113437629211,False
Hyaluronan-binding protein 2,Median Value (nm),20,39,0.4249999999999998,"[0.14, 0.65]",0.005608377882559761,0.5858002439153787,False
N-acetylmuramoyl-L-alanine amidase,Median Value (nm),20,39,0.1749999999999994,"[-0.14, 0.46]",0.2737947926383973,0.8947993854049852,False
Serpin A11,Median Value (nm),20,39,0.25000000000000044,"[-0.06, 0.52]",0.11492787448833999,0.7632389613456535,False
C4b-binding protein alpha chain,Median Value (nm),20,39,-0.05000000000000025,"[-0.35, 0.26]",0.7562191489680836,0.9227833195888512,False
Inter-alpha-trypsin inhibitor heavy chain H2,Median Value (nm),20,39,0.07499999999999946,"[-0.24, 0.37]",0.6411866947841538,0.9124579887312957,False
Fibrillin-1,Median Value (nm),20,39,-0.024999999999999776,"[-0.33, 0.28]",0.8767016791266298,0.9249113437629211,False
Golgi-associated RAB2 interactor protein 1B,Median Value (nm),20,39,-0.10000000000000048,"[-0.40, 0.21]",0.5338939001152925,0.9052603609156303,False
Neurogenic locus notch homolog protein 3,Median Value (nm),20,39,-0.12499999999999994,"[-0.42, 0.19]",0.4361566470231073,0.9052603609156303,False
Immunoglobulin heavy constant alpha 1,Median Value (nm),20,39,-0.2250000000000006,"[-0.50, 0.09]",0.1572566507556209,0.8312137254225823,False
Apolipoprotein C-III,Median Value (nm),20,39,0.09999999999999942,"[-0.21, 0.40]",0.5338939001152971,0.9052603609156303,False
Glutathione peroxidase 3,Median Value (nm),20,39,-0.024999999999999828,"[-0.33, 0.28]",0.8767016791266298,0.9249113437629211,False
Contactin-1,Median Value (nm),20,39,0.17499999999999902,"[-0.14, 0.46]",0.2737947926383973,0.8947993854049852,False
Stomatin,Median Value (nm),20,39,0.17499999999999952,"[-0.14, 0.46]",0.27379479263839795,0.8947993854049852,False
Immunoglobulin heavy variable 3-13,Median Value (nm),20,39,0.05000000000000033,"[-0.26, 0.35]",0.7562191489680836,0.9227833195888512,False
Immunoglobulin heavy variable 1-69-2,Median Value (nm),20,39,0.050000000000000516,"[-0.26, 0.35]",0.7562191489680836,0.9227833195888512,False
Apolipoprotein E,Median Value (nm),20,39,-0.22500000000000034,"[-0.50, 0.09]",0.15725665075562173,0.8312137254225823,False
Mucosal addressin cell adhesion molecule 1,Median Value (nm),20,39,-0.27499999999999947,"[-0.54, 0.04]",0.08183609289594752,0.7006792747124143,False
Protein S100-A11,Median Value (nm),20,39,-0.025000000000000373,"[-0.33, 0.28]",0.8767016791266298,0.9249113437629211,False
Complement factor H-related protein 4,Median Value (nm),20,39,-0.1749999999999996,"[-0.46, 0.14]",0.27379479263839795,0.8947993854049852,False
Immunoglobulin kappa variable 1D-16,Median Value (nm),20,39,-0.04999999999999931,"[-0.35, 0.26]",0.7562191489680836,0.9227833195888512,False
Immunoglobulin lambda variable 1-47,Median Value (nm),20,39,-0.1750000000000005,"[-0.46, 0.14]",0.27379479263839546,0.8947993854049852,False
Fructose-bisphosphate aldolase A,Median Value (nm),20,39,5.412337245047636e-16,"[-0.31, 0.31]",1.0,1.0,False
Thrombospondin-1,Median Value (nm),20,39,0.17499999999999996,"[-0.14, 0.46]",0.27379479263839523,0.8947993854049852,False
Aminopeptidase N,Median Value (nm),20,39,-0.12499999999999957,"[-0.42, 0.19]",0.43615664702310897,0.9052603609156303,False
Apolipoprotein M,Median Value (nm),20,39,-1.2490009027033014e-16,"[-0.31, 0.31]",1.0,1.0,False
Immunoglobulin heavy variable 3-43,Median Value (nm),20,39,-0.22499999999999948,"[-0.50, 0.09]",0.1572566507556232,0.8312137254225823,False
Cysteine-rich secretory protein 3,Median Value (nm),20,39,0.09999999999999963,"[-0.21, 0.40]",0.5338939001152971,0.9052603609156303,False
Complement component C8 alpha chain,Median Value (nm),20,39,-0.049999999999999524,"[-0.35, 0.26]",0.7562191489680836,0.9227833195888512,False
Immunoglobulin heavy variable 2-70D,Median Value (nm),20,39,-0.1749999999999992,"[-0.46, 0.14]",0.2737947926383973,0.8947993854049852,False
Immunoglobulin heavy variable 3-23,Median Value (nm),20,39,-0.27500000000000024,"[-0.54, 0.04]",0.08183609289594658,0.7006792747124143,False
Plasma kallikrein,Median Value (nm),20,39,-0.2249999999999998,"[-0.50, 0.09]",0.15725665075562228,0.8312137254225823,False
Galectin-7,Median Value (nm),20,39,-0.14999999999999963,"[-0.44, 0.17]",0.34923374105217864,0.9052603609156303,False
Extracellular superoxide dismutase [Cu-Zn],Median Value (nm),20,39,0.07500000000000027,"[-0.24, 0.37]",0.6411866947841472,0.9124579887312957,False
Immunoglobulin heavy variable 1-8,Median Value (nm),20,39,0.02499999999999952,"[-0.28, 0.33]",0.8767016791266298,0.9249113437629211,False
Cystatin-C,Median Value (nm),20,39,0.0749999999999999,"[-0.24, 0.37]",0.6411866947841538,0.9124579887312957,False
Immunoglobulin lambda-like polypeptide 1,Median Value (nm),20,39,-0.20000000000000037,"[-0.48, 0.11]",0.20993874257441789,0.8841322654760123,False
Inhibin beta C chain,Median Value (nm),20,39,0.2500000000000003,"[-0.06, 0.52]",0.11492787448833999,0.7632389613456535,False
Mannose-binding protein C,Median Value (nm),20,39,-0.17499999999999938,"[-0.46, 0.14]",0.2737947926383973,0.8947993854049852,False
IgGFc-binding protein,Median Value (nm),20,39,-0.2749999999999995,"[-0.54, 0.04]",0.08183609289594752,0.7006792747124143,False
Macrophage mannose receptor 1,Median Value (nm),20,39,-0.049999999999999434,"[-0.35, 0.26]",0.7562191489680836,0.9227833195888512,False
Aromatase,Median Value (nm),20,39,-0.12499999999999968,"[-0.42, 0.19]",0.43615664702310897,0.9052603609156303,False
Cadherin-5,Median Value (nm),20,39,0.1500000000000006,"[-0.17, 0.44]",0.3492337410521762,0.9052603609156303,False
Immunoglobulin kappa variable 1-8,Median Value (nm),20,39,-0.1750000000000001,"[-0.46, 0.14]",0.27379479263839523,0.8947993854049852,False
Retinol-binding protein 4,Median Value (nm),20,39,0.1500000000000002,"[-0.17, 0.44]",0.34923374105217864,0.9052603609156303,False
Complement component C8 beta chain,Median Value (nm),20,39,0.3500000000000002,"[0.05, 0.59]",0.024879547038876668,0.5858002439153787,False
Tumor necrosis factor receptor superfamily member 1B,Median Value (nm),20,39,-0.0499999999999999,"[-0.35, 0.26]",0.7562191489680836,0.9227833195888512,False
Formin-2,Median Value (nm),20,39,-0.42500000000000043,"[-0.65, -0.14]",0.00560837788255968,0.5858002439153787,False
Scavenger receptor cysteine-rich domain-containing protein DMBT1,Median Value (nm),20,39,-0.07500000000000052,"[-0.37, 0.24]",0.6411866947841472,0.9124579887312957,False
Apolipoprotein L1,Median Value (nm),20,39,-0.09999999999999942,"[-0.40, 0.21]",0.5338939001152971,0.9052603609156303,False
Leucine-rich alpha-2-glycoprotein,Median Value (nm),20,39,-0.07500000000000039,"[-0.37, 0.24]",0.6411866947841472,0.9124579887312957,False
Immunoglobulin heavy variable 1-2,Median Value (nm),20,39,0.09999999999999971,"[-0.21, 0.40]",0.5338939001152971,0.9052603609156303,False
Ras-related protein Rab-10,Median Value (nm),20,39,0.12499999999999985,"[-0.19, 0.42]",0.4361566470231073,0.9052603609156303,False
Immunoglobulin heavy variable 1-24,Median Value (nm),20,39,-0.025000000000000307,"[-0.33, 0.28]",0.8767016791266298,0.9249113437629211,False
Annexin A3,Median Value (nm),20,39,0.1000000000000005,"[-0.21, 0.40]",0.5338939001152925,0.9052603609156303,False
Hemoglobin subunit beta,Median Value (nm),20,39,4.718447854656915e-16,"[-0.31, 0.31]",1.0,1.0,False
Immunoglobulin lambda variable 4-69,Median Value (nm),20,39,0.07499999999999948,"[-0.24, 0.37]",0.6411866947841538,0.9124579887312957,False
Elongation factor 2,Median Value (nm),20,39,0.02499999999999969,"[-0.28, 0.33]",0.8767016791266298,0.9249113437629211,False
Multiple inositol polyphosphate phosphatase 1,Median Value (nm),20,39,0.07499999999999951,"[-0.24, 0.37]",0.6411866947841538,0.9124579887312957,False
Collagen alpha-1(VI) chain,Median Value (nm),20,39,-0.2750000000000003,"[-0.54, 0.04]",0.08183609289594658,0.7006792747124143,False
Hepatocyte growth factor activator,Median Value (nm),20,39,-0.3750000000000005,"[-0.61, -0.08]",0.015700418653338204,0.5858002439153787,False
Fibrinogen beta chain,Median Value (nm),20,39,0.04999999999999959,"[-0.26, 0.35]",0.7562191489680836,0.9227833195888512,False
Hemicentin-1,Median Value (nm),20,39,-0.27499999999999925,"[-0.54, 0.04]",0.08183609289594801,0.7006792747124143,False
C-type mannose receptor 2,Median Value (nm),20,39,-0.15000000000000036,"[-0.44, 0.17]",0.3492337410521762,0.9052603609156303,False
Platelet glycoprotein Ib beta chain,Median Value (nm),20,39,-0.025000000000000463,"[-0.33, 0.28]",0.8767016791266298,0.9249113437629211,False
Complement C2,Median Value (nm),20,39,0.050000000000000454,"[-0.26, 0.35]",0.7562191489680836,0.9227833195888512,False
Annexin A2,Median Value (nm),20,39,0.02500000000000025,"[-0.28, 0.33]",0.8767016791266298,0.9249113437629211,False
Protein disulfide-isomerase A3,Median Value (nm),20,39,-0.050000000000000246,"[-0.35, 0.26]",0.7562191489680836,0.9227833195888512,False
Dipeptidyl peptidase 4,Median Value (nm),20,39,-0.15000000000000047,"[-0.44, 0.17]",0.3492337410521762,0.9052603609156303,False
Proteasome subunit alpha type-4,Median Value (nm),20,39,-0.25000000000000044,"[-0.52, 0.06]",0.11492787448833999,0.7632389613456535,False
Coagulation factor XI,Median Value (nm),20,39,-0.3500000000000006,"[-0.59, -0.05]",0.024879547038876522,0.5858002439153787,False
Collectin-11,Median Value (nm),20,39,-0.025000000000000543,"[-0.33, 0.28]",0.8767016791266298,0.9249113437629211,False
High mobility group protein B1,Median Value (nm),20,39,-0.15000000000000013,"[-0.44, 0.17]",0.34923374105217864,0.9052603609156303,False
Immunoglobulin lambda variable 3-16,Median Value (nm),20,39,-0.025000000000000303,"[-0.33, 0.28]",0.8767016791266298,0.9249113437629211,False
Prothrombin,Median Value (nm),20,39,0.325,"[0.02, 0.58]",0.03814283706459527,0.6079381415218639,False
Immunoglobulin kappa joining 1,Median Value (nm),20,39,0.2000000000000008,"[-0.11, 0.48]",0.20993874257441536,0.8841322654760123,False
Immunoglobulin heavy variable 3-7,Median Value (nm),20,39,-0.15000000000000044,"[-0.44, 0.17]",0.3492337410521762,0.9052603609156303,False
Immunoglobulin heavy variable 3-74,Median Value (nm),20,39,-1.3877787807814457e-17,"[-0.31, 0.31]",1.0,1.0,False
Ezrin,Median Value (nm),20,39,0.04999999999999968,"[-0.26, 0.35]",0.7562191489680836,0.9227833195888512,False
Intercellular adhesion molecule 2,Median Value (nm),20,39,-0.07499999999999979,"[-0.37, 0.24]",0.6411866947841538,0.9124579887312957,False
Lysozyme C,Median Value (nm),20,39,0.07499999999999983,"[-0.24, 0.37]",0.6411866947841538,0.9124579887312957,False
Protein AMBP,Median Value (nm),20,39,0.10000000000000053,"[-0.21, 0.40]",0.5338939001152925,0.9052603609156303,False
Prolyl endopeptidase FAP,Median Value (nm),20,39,-1.387778780781446e-16,"[-0.31, 0.31]",1.0,1.0,False
"Actin, cytoplasmic 2",Median Value (nm),20,39,-0.2000000000000002,"[-0.48, 0.11]",0.20993874257441825,0.8841322654760123,False
Kallistatin,Median Value (nm),20,39,-0.024999999999999713,"[-0.33, 0.28]",0.8767016791266298,0.9249113437629211,False
Hemopexin,Median Value (nm),20,39,0.09999999999999937,"[-0.21, 0.40]",0.5338939001152971,0.9052603609156303,False
C4b-binding protein beta chain,Median Value (nm),20,39,0.1749999999999999,"[-0.14, 0.46]",0.27379479263839795,0.8947993854049852,False
Peptidyl-prolyl cis-trans isomerase A,Median Value (nm),20,39,0.050000000000000155,"[-0.26, 0.35]",0.7562191489680836,0.9227833195888512,False
Complement C1r subcomponent-like protein,Median Value (nm),20,39,0.14999999999999958,"[-0.17, 0.44]",0.34923374105217975,0.9052603609156303,False
Immunoglobulin heavy variable 3-30;Immunoglobulin heavy variable 3-30-5,Median Value (nm),20,39,-0.2000000000000002,"[-0.48, 0.11]",0.20993874257441825,0.8841322654760123,False
Immunoglobulin lambda variable 3-9,Median Value (nm),20,39,-0.07500000000000036,"[-0.37, 0.24]",0.6411866947841472,0.9124579887312957,False
Immunoglobulin heavy variable 1-45,Median Value (nm),20,39,-0.3750000000000006,"[-0.61, -0.08]",0.015700418653338204,0.5858002439153787,False
Hemoglobin subunit gamma-1,Median Value (nm),20,39,-2.0816681711721688e-16,"[-0.31, 0.31]",1.0,1.0,False
Apolipoprotein F,Median Value (nm),20,39,0.05000000000000028,"[-0.26, 0.35]",0.7562191489680836,0.9227833195888512,False
Immunoglobulin gamma-1 heavy chain,Median Value (nm),20,39,-0.1249999999999995,"[-0.42, 0.19]",0.43615664702310897,0.9052603609156303,False
Low affinity immunoglobulin gamma Fc region receptor III-B,Median Value (nm),20,39,0.2749999999999994,"[-0.04, 0.54]",0.08183609289594752,0.7006792747124143,False
Multiple epidermal growth factor-like domains protein 8,Median Value (nm),20,39,0.1500000000000004,"[-0.17, 0.44]",0.3492337410521762,0.9052603609156303,False
Complement C4-B,Median Value (nm),20,39,-0.12500000000000064,"[-0.42, 0.19]",0.4361566470231041,0.9052603609156303,False
Glyceraldehyde-3-phosphate dehydrogenase,Median Value (nm),20,39,0.049999999999999746,"[-0.26, 0.35]",0.7562191489680836,0.9227833195888512,False
Complement C1r subcomponent,Median Value (nm),20,39,-0.12499999999999942,"[-0.42, 0.19]",0.43615664702310897,0.9052603609156303,False
Sex hormone-binding globulin,Median Value (nm),20,39,0.07500000000000023,"[-0.24, 0.37]",0.6411866947841472,0.9124579887312957,False
Biotinidase,Median Value (nm),20,39,-0.1749999999999997,"[-0.46, 0.14]",0.27379479263839795,0.8947993854049852,False
Cholinesterase,Median Value (nm),20,39,-0.0999999999999999,"[-0.40, 0.21]",0.5338939001152971,0.9052603609156303,False
Immunoglobulin heavy variable 2-5,Median Value (nm),20,39,-0.09999999999999956,"[-0.40, 0.21]",0.5338939001152971,0.9052603609156303,False
Immunoglobulin lambda variable 1-36,Median Value (nm),20,39,-0.2500000000000003,"[-0.52, 0.06]",0.11492787448833999,0.7632389613456535,False
Immunoglobulin kappa variable 3-11,Median Value (nm),20,39,0.049999999999999406,"[-0.26, 0.35]",0.7562191489680836,0.9227833195888512,False
Immunoglobulin kappa variable 6-21,Median Value (nm),20,39,-0.32499999999999946,"[-0.58, -0.02]",0.03814283706459549,0.6079381415218639,False
Immunoglobulin kappa light chain,Median Value (nm),20,39,-0.22499999999999942,"[-0.50, 0.09]",0.1572566507556237,0.8312137254225823,False
Neuropilin-1,Median Value (nm),20,39,-0.05000000000000066,"[-0.35, 0.26]",0.7562191489680732,0.9227833195888512,False
Ficolin-2,Median Value (nm),20,39,-0.2499999999999998,"[-0.52, 0.06]",0.11492787448834102,0.7632389613456535,False
Gamma-glutamyl hydrolase,Median Value (nm),20,39,-0.3750000000000002,"[-0.61, -0.08]",0.015700418653338336,0.5858002439153787,False
Keratinocyte proline-rich protein,Median Value (nm),20,39,0.02499999999999958,"[-0.28, 0.33]",0.8767016791266298,0.9249113437629211,False
Kyphoscoliosis peptidase,Median Value (nm),20,39,-0.07500000000000023,"[-0.37, 0.24]",0.6411866947841472,0.9124579887312957,False
Laminin subunit alpha-2,Median Value (nm),20,39,-0.17499999999999882,"[-0.46, 0.14]",0.2737947926383976,0.8947993854049852,False
Desmoglein-1,Median Value (nm),20,39,0.07499999999999941,"[-0.24, 0.37]",0.6411866947841538,0.9124579887312957,False
Immunoglobulin lambda variable 3-27,Median Value (nm),20,39,0.10000000000000034,"[-0.21, 0.40]",0.5338939001152925,0.9052603609156303,False
Myosin-9,Median Value (nm),20,39,-0.34999999999999987,"[-0.59, -0.05]",0.024879547038876796,0.5858002439153787,False
Versican core protein,Median Value (nm),20,39,-4.579669976578771e-16,"[-0.31, 0.31]",1.0,1.0,False
Proteasome subunit beta type-3,Median Value (nm),20,39,-0.17500000000000038,"[-0.46, 0.14]",0.27379479263839523,0.8947993854049852,False
Alpha-N-acetylglucosaminidase,Median Value (nm),20,39,-0.07500000000000061,"[-0.37, 0.24]",0.6411866947841472,0.9124579887312957,False
Caspase-14,Median Value (nm),20,39,0.024999999999999578,"[-0.28, 0.33]",0.8767016791266298,0.9249113437629211,False
Histidine-rich glycoprotein,Median Value (nm),20,39,0.24999999999999967,"[-0.06, 0.52]",0.11492787448834102,0.7632389613456535,False
"ATP synthase subunit alpha, mitochondrial",Median Value (nm),20,39,0.025000000000000504,"[-0.28, 0.33]",0.8767016791266298,0.9249113437629211,False
Immunoglobulin kappa constant,Median Value (nm),20,39,-0.05000000000000024,"[-0.35, 0.26]",0.7562191489680836,0.9227833195888512,False
Interleukin-1 receptor accessory protein,Median Value (nm),20,39,-0.17500000000000004,"[-0.46, 0.14]",0.27379479263839523,0.8947993854049852,False
Immunoglobulin lambda variable 9-49,Median Value (nm),20,39,-0.07499999999999973,"[-0.37, 0.24]",0.6411866947841538,0.9124579887312957,False
Plexin domain-containing protein 2,Median Value (nm),20,39,0.07499999999999975,"[-0.24, 0.37]",0.6411866947841538,0.9124579887312957,False
Immunoglobulin heavy variable 4-28,Median Value (nm),20,39,0.024999999999999523,"[-0.28, 0.33]",0.8767016791266298,0.9249113437629211,False
Desmoplakin,Median Value (nm),20,39,0.17499999999999974,"[-0.14, 0.46]",0.27379479263839795,0.8947993854049852,False
Endoplasmin,Median Value (nm),20,39,-0.17499999999999996,"[-0.46, 0.14]",0.27379479263839523,0.8947993854049852,False
Heparin cofactor 2,Median Value (nm),20,39,0.02499999999999992,"[-0.28, 0.33]",0.8767016791266298,0.9249113437629211,False
Laminin subunit gamma-1,Median Value (nm),20,39,-0.12500000000000022,"[-0.42, 0.19]",0.4361566470231073,0.9052603609156303,False
Polymeric immunoglobulin receptor,Median Value (nm),20,39,-0.35000000000000053,"[-0.59, -0.05]",0.024879547038876522,0.5858002439153787,False
Serum amyloid A-4 protein,Median Value (nm),20,39,0.14999999999999994,"[-0.17, 0.44]",0.34923374105217864,0.9052603609156303,False
Catalase,Median Value (nm),20,39,-0.1249999999999997,"[-0.42, 0.19]",0.43615664702310897,0.9052603609156303,False
Complement receptor type 1,Median Value (nm),20,39,-0.10000000000000053,"[-0.40, 0.21]",0.5338939001152925,0.9052603609156303,False
Immunoglobulin kappa variable 1-27,Median Value (nm),20,39,0.2249999999999993,"[-0.09, 0.50]",0.1572566507556237,0.8312137254225823,False
Immunoglobulin kappa variable 2-30,Median Value (nm),20,39,-0.14999999999999963,"[-0.44, 0.17]",0.34923374105217975,0.9052603609156303,False
Protein-glutamine gamma-glutamyltransferase E,Median Value (nm),20,39,-0.025000000000000425,"[-0.33, 0.28]",0.8767016791266298,0.9249113437629211,False
Periostin,Median Value (nm),20,39,0.05000000000000026,"[-0.26, 0.35]",0.7562191489680836,0.9227833195888512,False
Albumin,Median Value (nm),20,39,-0.07500000000000022,"[-0.37, 0.24]",0.6411866947841472,0.9124579887312957,False
Complement factor B,Median Value (nm),20,39,0.0750000000000004,"[-0.24, 0.37]",0.6411866947841472,0.9124579887312957,False
Probable non-functional immunoglobulinn kappa variable 1-37;Probable non-functional immunoglobulinn kappa variable 1D-37,Median Value (nm),20,39,0.2500000000000006,"[-0.06, 0.52]",0.11492787448833962,0.7632389613456535,False
Immunoglobulin lambda variable 8-61,Median Value (nm),20,39,6.002143226879752e-16,"[-0.31, 0.31]",1.0,1.0,False
Annexin A1,Median Value (nm),20,39,0.17500000000000074,"[-0.14, 0.46]",0.27379479263839546,0.8947993854049852,False
CD5 antigen-like,Median Value (nm),20,39,-0.2999999999999996,"[-0.56, 0.01]",0.05669100677848863,0.6750791152013149,False
RB-associated KRAB zinc finger protein,Median Value (nm),20,39,-1.8388068845354158e-16,"[-0.31, 0.31]",1.0,1.0,False
Immunoglobulin lambda variable 7-46,Median Value (nm),20,39,-0.27499999999999963,"[-0.54, 0.04]",0.0818360928959473,0.7006792747124143,False
Basement membrane-specific heparan sulfate proteoglycan core protein,Median Value (nm),20,39,-0.2749999999999995,"[-0.54, 0.04]",0.08183609289594752,0.7006792747124143,False
Vitamin K-dependent protein C,Median Value (nm),20,39,0.34999999999999964,"[0.05, 0.59]",0.02487954703887694,0.5858002439153787,False
Immunoglobulin lambda variable 1-40,Median Value (nm),20,39,-0.15000000000000005,"[-0.44, 0.17]",0.34923374105217864,0.9052603609156303,False
Pantetheinase,Median Value (nm),20,39,0.04999999999999969,"[-0.26, 0.35]",0.7562191489680836,0.9227833195888512,False
Neutrophil defensin 1;Neutrophil defensin 3,Median Value (nm),20,39,-0.12499999999999929,"[-0.42, 0.19]",0.43615664702310897,0.9052603609156303,False
Immunoglobulin lambda variable 2-8,Median Value (nm),20,39,-0.22500000000000014,"[-0.50, 0.09]",0.15725665075562228,0.8312137254225823,False
Immunoglobulin heavy variable 1-18,Median Value (nm),20,39,-0.10000000000000049,"[-0.40, 0.21]",0.5338939001152925,0.9052603609156303,False
Immunoglobulin kappa variable 3D-15,Median Value (nm),20,39,-0.09999999999999955,"[-0.40, 0.21]",0.5338939001152971,0.9052603609156303,False
Extracellular matrix protein 1,Median Value (nm),20,39,-0.07500000000000011,"[-0.37, 0.24]",0.6411866947841472,0.9124579887312957,False
Tubulin alpha-1B chain,Median Value (nm),20,39,-0.17499999999999974,"[-0.46, 0.14]",0.27379479263839795,0.8947993854049852,False
Immunoglobulin lambda variable 5-45,Median Value (nm),20,39,-0.19999999999999926,"[-0.48, 0.11]",0.20993874257441955,0.8841322654760123,False
Alpha-2-HS-glycoprotein,Median Value (nm),20,39,0.2750000000000004,"[-0.04, 0.54]",0.08183609289594636,0.7006792747124143,False
Cartilage acidic protein 1,Median Value (nm),20,39,0.024999999999999384,"[-0.28, 0.33]",0.8767016791266298,0.9249113437629211,False
Coagulation factor IX,Median Value (nm),20,39,0.07499999999999987,"[-0.24, 0.37]",0.6411866947841538,0.9124579887312957,False
Integrin alpha-2,Median Value (nm),20,39,-0.17499999999999935,"[-0.46, 0.14]",0.2737947926383973,0.8947993854049852,False
"Mannosyl-oligosaccharide 1,2-alpha-mannosidase IA",Median Value (nm),20,39,-0.025000000000000355,"[-0.33, 0.28]",0.8767016791266298,0.9249113437629211,False
Endophilin-A3,Median Value (nm),20,39,6.10622663543836e-16,"[-0.31, 0.31]",1.0,1.0,False
Collagen alpha-1(I) chain,Median Value (nm),20,39,0.07500000000000062,"[-0.24, 0.37]",0.6411866947841472,0.9124579887312957,False
Carboxypeptidase N subunit 2,Median Value (nm),20,39,0.19999999999999993,"[-0.11, 0.48]",0.20993874257441825,0.8841322654760123,False
Scavenger receptor cysteine-rich type 1 protein M130,Median Value (nm),20,39,0.22500000000000014,"[-0.09, 0.50]",0.15725665075562228,0.8312137254225823,False
Annexin A5,Median Value (nm),20,39,-0.07500000000000057,"[-0.37, 0.24]",0.6411866947841472,0.9124579887312957,False
Platelet factor 4,Median Value (nm),20,39,0.07499999999999958,"[-0.24, 0.37]",0.6411866947841538,0.9124579887312957,False
Immunoglobulin heavy variable 3-72,Median Value (nm),20,39,-0.32499999999999946,"[-0.58, -0.02]",0.03814283706459549,0.6079381415218639,False
Protein HEG homolog 1,Median Value (nm),20,39,0.050000000000000475,"[-0.26, 0.35]",0.7562191489680836,0.9227833195888512,False
Sulfhydryl oxidase 1,Median Value (nm),20,39,-0.10000000000000057,"[-0.40, 0.21]",0.5338939001152925,0.9052603609156303,False
Corticosteroid-binding globulin,Median Value (nm),20,39,0.19999999999999987,"[-0.11, 0.48]",0.20993874257441825,0.8841322654760123,False
Angiopoietin-related protein 6,Median Value (nm),20,39,-0.15000000000000047,"[-0.44, 0.17]",0.3492337410521762,0.9052603609156303,False
72 kDa type IV collagenase,Median Value (nm),20,39,0.0249999999999996,"[-0.28, 0.33]",0.8767016791266298,0.9249113437629211,False
Trypsin-3,Median Value (nm),20,39,-0.09999999999999959,"[-0.40, 0.21]",0.5338939001152971,0.9052603609156303,False
Complement component C9,Median Value (nm),20,39,0.1500000000000003,"[-0.17, 0.44]",0.3492337410521762,0.9052603609156303,False
Pyruvate kinase PKM,Median Value (nm),20,39,0.3250000000000001,"[0.02, 0.58]",0.03814283706459506,0.6079381415218639,False
Immunoglobulin heavy variable 4-34,Median Value (nm),20,39,-0.04999999999999988,"[-0.35, 0.26]",0.7562191489680836,0.9227833195888512,False
Immunoglobulin kappa variable 6D-21,Median Value (nm),20,39,-0.12500000000000042,"[-0.42, 0.19]",0.4361566470231073,0.9052603609156303,False
Immunoglobulin lambda-1 light chain,Median Value (nm),20,39,0.05000000000000059,"[-0.26, 0.35]",0.7562191489680732,0.9227833195888512,False
Transforming growth factor-beta-induced protein ig-h3,Median Value (nm),20,39,0.025000000000000373,"[-0.28, 0.33]",0.8767016791266298,0.9249113437629211,False
Complement C1q subcomponent subunit A,Median Value (nm),20,39,4.302114220422481e-16,"[-0.31, 0.31]",1.0,1.0,False
Prolow-density lipoprotein receptor-related protein 1,Median Value (nm),20,39,-0.14999999999999974,"[-0.44, 0.17]",0.34923374105217864,0.9052603609156303,False
Immunoglobulin heavy constant mu,Median Value (nm),20,39,-0.15000000000000013,"[-0.44, 0.17]",0.34923374105217864,0.9052603609156303,False
UV-stimulated scaffold protein A,Median Value (nm),20,39,0.09999999999999948,"[-0.21, 0.40]",0.5338939001152971,0.9052603609156303,False
Complement component C6,Median Value (nm),20,39,0.025000000000000445,"[-0.28, 0.33]",0.8767016791266298,0.9249113437629211,False
Angiotensinogen,Median Value (nm),20,39,-0.12499999999999913,"[-0.42, 0.19]",0.43615664702310897,0.9052603609156303,False
Pregnancy zone protein,Median Value (nm),20,39,-0.05000000000000065,"[-0.35, 0.26]",0.7562191489680732,0.9227833195888512,False
Histone H2A type 1-B/E;Histone H2A type 3;Histone H2A type 1-C,Median Value (nm),20,39,-0.5749999999999998,"[-0.75, -0.32]",8.416655856506369e-05,0.08719655467340598,False
Desmocollin-1,Median Value (nm),20,39,0.17500000000000066,"[-0.14, 0.46]",0.27379479263839546,0.8947993854049852,False
Protein Z-dependent protease inhibitor,Median Value (nm),20,39,0.1250000000000005,"[-0.19, 0.42]",0.4361566470231041,0.9052603609156303,False
Immunoglobulin kappa variable 1-17,Median Value (nm),20,39,0.05000000000000047,"[-0.26, 0.35]",0.7562191489680836,0.9227833195888512,False
Fibronectin,Median Value (nm),20,39,-0.30000000000000016,"[-0.56, 0.01]",0.05669100677848814,0.6750791152013149,False
Probable non-functional immunoglobulin heavy variable 3-38,Median Value (nm),20,39,-0.15000000000000022,"[-0.44, 0.17]",0.34923374105217864,0.9052603609156303,False
Nucleoside diphosphate kinase 3,Median Value (nm),20,39,-0.09999999999999909,"[-0.40, 0.21]",0.5338939001152994,0.9052603609156303,False
Plasma protease C1 inhibitor,Median Value (nm),20,39,-0.05000000000000033,"[-0.35, 0.26]",0.7562191489680836,0.9227833195888512,False
Immunoglobulin kappa variable 1-16,Median Value (nm),20,39,-0.2999999999999996,"[-0.56, 0.01]",0.05669100677848863,0.6750791152013149,False
F-actin-capping protein subunit alpha-1,Median Value (nm),20,39,0.12499999999999979,"[-0.19, 0.42]",0.4361566470231073,0.9052603609156303,False
Cathepsin D,Median Value (nm),20,39,4.718447854656915e-16,"[-0.31, 0.31]",1.0,1.0,False
Anthrax toxin receptor 2,Median Value (nm),20,39,0.19999999999999937,"[-0.11, 0.48]",0.20993874257441955,0.8841322654760123,False
Talin-1,Median Value (nm),20,39,0.14999999999999986,"[-0.17, 0.44]",0.34923374105217864,0.9052603609156303,False
Protein disulfide-isomerase,Median Value (nm),20,39,-0.20000000000000007,"[-0.48, 0.11]",0.20993874257441825,0.8841322654760123,False
Junction plakoglobin,Median Value (nm),20,39,0.12500000000000058,"[-0.19, 0.42]",0.4361566470231041,0.9052603609156303,False
Tenascin,Median Value (nm),20,39,-0.025000000000000723,"[-0.33, 0.28]",0.8767016791266298,0.9249113437629211,False
Cadherin-related family member 5,Median Value (nm),20,39,-0.22500000000000037,"[-0.50, 0.09]",0.15725665075562173,0.8312137254225823,False
Kininogen-1,Median Value (nm),20,39,0.024999999999999273,"[-0.28, 0.33]",0.8767016791266298,0.9249113437629211,False
Alpha-1-antichymotrypsin,Median Value (nm),20,39,0.050000000000000475,"[-0.26, 0.35]",0.7562191489680836,0.9227833195888512,False
Integrin alpha-IIb,Median Value (nm),20,39,0.17500000000000007,"[-0.14, 0.46]",0.27379479263839523,0.8947993854049852,False
Serum amyloid P-component,Median Value (nm),20,39,-0.15000000000000027,"[-0.44, 0.17]",0.3492337410521762,0.9052603609156303,False
Inter-alpha-trypsin inhibitor heavy chain H1,Median Value (nm),20,39,-3.330669073875469e-16,"[-0.31, 0.31]",1.0,1.0,False
Probable non-functional immunoglobulin heavy variable 3-35,Median Value (nm),20,39,-0.12500000000000042,"[-0.42, 0.19]",0.4361566470231073,0.9052603609156303,False
Immunoglobulin kappa variable 1-5,Median Value (nm),20,39,-0.024999999999999578,"[-0.33, 0.28]",0.8767016791266298,0.9249113437629211,False
Band 3 anion transport protein,Median Value (nm),20,39,-0.19999999999999946,"[-0.48, 0.11]",0.2099387425744199,0.8841322654760123,False
Immunoglobulin lambda variable 7-43,Median Value (nm),20,39,0.09999999999999962,"[-0.21, 0.40]",0.5338939001152971,0.9052603609156303,False
Peroxiredoxin-1,Median Value (nm),20,39,-0.05000000000000008,"[-0.35, 0.26]",0.7562191489680836,0.9227833195888512,False
Matrix metalloproteinase-9,Median Value (nm),20,39,-0.175,"[-0.46, 0.14]",0.27379479263839523,0.8947993854049852,False
Multimerin-2,Median Value (nm),20,39,2.7755575615628904e-16,"[-0.31, 0.31]",1.0,1.0,False
Immunoglobulin heavy variable 1-3,Median Value (nm),20,39,-0.07500000000000015,"[-0.37, 0.24]",0.6411866947841472,0.9124579887312957,False
Podocalyxin,Median Value (nm),20,39,0.07499999999999979,"[-0.24, 0.37]",0.6411866947841538,0.9124579887312957,False
Immunoglobulin lambda variable 1-51,Median Value (nm),20,39,-0.050000000000000294,"[-0.35, 0.26]",0.7562191489680836,0.9227833195888512,False
Cadherin-13,Median Value (nm),20,39,-0.2749999999999997,"[-0.54, 0.04]",0.0818360928959473,0.7006792747124143,False
Plastin-2,Median Value (nm),20,39,0.2500000000000001,"[-0.06, 0.52]",0.11492787448834065,0.7632389613456535,False
Inter-alpha-trypsin inhibitor heavy chain H4,Median Value (nm),20,39,0.12500000000000042,"[-0.19, 0.42]",0.4361566470231073,0.9052603609156303,False
Fructose-bisphosphate aldolase B,Median Value (nm),20,39,-0.02499999999999923,"[-0.33, 0.28]",0.8767016791266298,0.9249113437629211,False
Mannan-binding lectin serine protease 2,Median Value (nm),20,39,-0.12499999999999965,"[-0.42, 0.19]",0.43615664702310897,0.9052603609156303,False
Platelet glycoprotein 4,Median Value (nm),20,39,0.12499999999999997,"[-0.19, 0.42]",0.4361566470231073,0.9052603609156303,False
Hemoglobin subunit alpha,Median Value (nm),20,39,6.487865800153259e-16,"[-0.31, 0.31]",1.0,1.0,False
Immunoglobulin lambda variable 3-10,Median Value (nm),20,39,-0.07500000000000018,"[-0.37, 0.24]",0.6411866947841472,0.9124579887312957,False
Serum paraoxonase/lactonase 3,Median Value (nm),20,39,0.04999999999999978,"[-0.26, 0.35]",0.7562191489680836,0.9227833195888512,False
Dopamine beta-hydroxylase,Median Value (nm),20,39,-0.15000000000000016,"[-0.44, 0.17]",0.34923374105217864,0.9052603609156303,False
Triosephosphate isomerase,Median Value (nm),20,39,-0.07500000000000019,"[-0.37, 0.24]",0.6411866947841472,0.9124579887312957,False
Endoplasmic reticulum chaperone BiP,Median Value (nm),20,39,0.17500000000000096,"[-0.14, 0.46]",0.2737947926383932,0.8947993854049852,False
Suprabasin,Median Value (nm),20,39,-0.025000000000000494,"[-0.33, 0.28]",0.8767016791266298,0.9249113437629211,False
Immunoglobulin kappa variable 3-20,Median Value (nm),20,39,-0.12500000000000036,"[-0.42, 0.19]",0.4361566470231073,0.9052603609156303,False
Ficolin-1,Median Value (nm),20,39,-0.12499999999999942,"[-0.42, 0.19]",0.43615664702310897,0.9052603609156303,False
Autotaxin,Median Value (nm),20,39,0.1500000000000002,"[-0.17, 0.44]",0.34923374105217864,0.9052603609156303,False
Histidine ammonia-lyase,Median Value (nm),20,39,0.025000000000000744,"[-0.28, 0.33]",0.8767016791266298,0.9249113437629211,False
Noelin,Median Value (nm),20,39,0.2500000000000005,"[-0.06, 0.52]",0.11492787448833999,0.7632389613456535,False
Prenylcysteine oxidase 1,Median Value (nm),20,39,-0.14999999999999977,"[-0.44, 0.17]",0.34923374105217864,0.9052603609156303,False
Immunoglobulin delta heavy chain,Median Value (nm),20,39,-0.07500000000000032,"[-0.37, 0.24]",0.6411866947841472,0.9124579887312957,False
Antithrombin-III,Median Value (nm),20,39,-0.10000000000000031,"[-0.40, 0.21]",0.5338939001152925,0.9052603609156303,False
Complement component C7,Median Value (nm),20,39,0.02500000000000045,"[-0.28, 0.33]",0.8767016791266298,0.9249113437629211,False
BOS complex subunit NOMO3;BOS complex subunit NOMO1;BOS complex subunit NOMO2,Median Value (nm),20,39,-0.07500000000000058,"[-0.37, 0.24]",0.6411866947841472,0.9124579887312957,False
Cofilin-1,Median Value (nm),20,39,-0.20000000000000026,"[-0.48, 0.11]",0.20993874257441789,0.8841322654760123,False
Histone H4,Median Value (nm),20,39,0.0749999999999999,"[-0.24, 0.37]",0.6411866947841538,0.9124579887312957,False
Serum amyloid A-1 protein,Median Value (nm),20,39,0.049999999999999635,"[-0.26, 0.35]",0.7562191489680836,0.9227833195888512,False
Transferrin receptor protein 1,Median Value (nm),20,39,0.0499999999999995,"[-0.26, 0.35]",0.7562191489680836,0.9227833195888512,False
Serpin B12,Median Value (nm),20,39,-0.15000000000000022,"[-0.44, 0.17]",0.34923374105217864,0.9052603609156303,False
Immunoglobulin kappa variable 3D-20,Median Value (nm),20,39,-0.09999999999999934,"[-0.40, 0.21]",0.5338939001152971,0.9052603609156303,False
Probable non-functional immunoglobulin heavy variable 3-16,Median Value (nm),20,39,-0.1250000000000003,"[-0.42, 0.19]",0.4361566470231073,0.9052603609156303,False
Immunoglobulin lambda variable 6-57,Median Value (nm),20,39,0.2750000000000004,"[-0.04, 0.54]",0.08183609289594658,0.7006792747124143,False
Fibrinogen alpha chain,Median Value (nm),20,39,0.2999999999999998,"[-0.01, 0.56]",0.056691006778488304,0.6750791152013149,False
Galectin-3-binding protein,Median Value (nm),20,39,-0.3249999999999997,"[-0.58, -0.02]",0.038142837064595383,0.6079381415218639,False
Macrophage colony-stimulating factor 1 receptor,Median Value (nm),20,39,-0.1750000000000003,"[-0.46, 0.14]",0.27379479263839523,0.8947993854049852,False
Phosphatidylinositol-glycan-specific phospholipase D,Median Value (nm),20,39,0.24999999999999936,"[-0.06, 0.52]",0.11492787448834166,0.7632389613456535,False
Serotransferrin,Median Value (nm),20,39,-0.025000000000000244,"[-0.33, 0.28]",0.8767016791266298,0.9249113437629211,False
Integrin alpha-11,Median Value (nm),20,39,-1.1102230246251564e-16,"[-0.31, 0.31]",1.0,1.0,False
Proprotein convertase subtilisin/kexin type 9,Median Value (nm),20,39,0.3999999999999997,"[0.11, 0.63]",0.009563548476957992,0.5858002439153787,False
Gelsolin,Median Value (nm),20,39,0.27500000000000036,"[-0.04, 0.54]",0.08183609289594658,0.7006792747124143,False
Proteoglycan 4,Median Value (nm),20,39,-0.12500000000000042,"[-0.42, 0.19]",0.4361566470231073,0.9052603609156303,False
Vascular cell adhesion protein 1,Median Value (nm),20,39,-0.024999999999999488,"[-0.33, 0.28]",0.8767016791266298,0.9249113437629211,False
Adhesion G protein-coupled receptor F5,Median Value (nm),20,39,0.2250000000000004,"[-0.09, 0.50]",0.15725665075562173,0.8312137254225823,False
Insulin-like growth factor-binding protein 3,Median Value (nm),20,39,-0.025000000000000095,"[-0.33, 0.28]",0.8767016791266298,0.9249113437629211,False
Transthyretin,Median Value (nm),20,39,0.09999999999999977,"[-0.21, 0.40]",0.5338939001152971,0.9052603609156303,False
Coiled-coil domain-containing protein 126,Median Value (nm),20,39,-3.053113317719181e-16,"[-0.31, 0.31]",1.0,1.0,False
Guanine nucleotide-binding protein G(i) subunit alpha-2,Median Value (nm),20,39,0.12499999999999982,"[-0.19, 0.42]",0.4361566470231073,0.9052603609156303,False
Apolipoprotein C-I,Median Value (nm),20,39,0.1249999999999998,"[-0.19, 0.42]",0.4361566470231073,0.9052603609156303,False
Syntenin-1,Median Value (nm),20,39,-0.2749999999999992,"[-0.54, 0.04]",0.08183609289594801,0.7006792747124143,False
Phospholipid transfer protein,Median Value (nm),20,39,0.15000000000000002,"[-0.17, 0.44]",0.34923374105217864,0.9052603609156303,False
Laminin subunit beta-1,Median Value (nm),20,39,-0.14999999999999927,"[-0.44, 0.17]",0.34923374105217975,0.9052603609156303,False
Proline-rich protein 4,Median Value (nm),20,39,-0.050000000000000246,"[-0.35, 0.26]",0.7562191489680836,0.9227833195888512,False
Immunoglobulin kappa variable 2-28;Immunoglobulin kappa variable 2D-28,Median Value (nm),20,39,-0.25000000000000006,"[-0.52, 0.06]",0.11492787448834065,0.7632389613456535,False
Complement C3,Median Value (nm),20,39,-0.025000000000000227,"[-0.33, 0.28]",0.8767016791266298,0.9249113437629211,False
Thyroxine-binding globulin,Median Value (nm),20,39,0.12499999999999978,"[-0.19, 0.42]",0.4361566470231073,0.9052603609156303,False
Immunoglobulin kappa variable 1D-13;Immunoglobulin kappa variable 1-13,Median Value (nm),20,39,6.245004513516506e-16,"[-0.31, 0.31]",1.0,1.0,False
Complement factor H-related protein 5,Median Value (nm),20,39,0.17500000000000054,"[-0.14, 0.46]",0.27379479263839546,0.8947993854049852,False
Immunoglobulin lambda variable 2-23,Median Value (nm),20,39,-0.0749999999999998,"[-0.37, 0.24]",0.6411866947841538,0.9124579887312957,False
Coagulation factor VII,Median Value (nm),20,39,-0.024999999999999335,"[-0.33, 0.28]",0.8767016791266298,0.9249113437629211,False
Immunoglobulin heavy constant gamma 4,Median Value (nm),20,39,0.09999999999999983,"[-0.21, 0.40]",0.5338939001152971,0.9052603609156303,False
L-lactate dehydrogenase B chain,Median Value (nm),20,39,0.07499999999999976,"[-0.24, 0.37]",0.6411866947841538,0.9124579887312957,False
Zinc-alpha-2-glycoprotein,Median Value (nm),20,39,0.14999999999999974,"[-0.17, 0.44]",0.34923374105217864,0.9052603609156303,False
"Dihydrolipoyllysine-residue succinyltransferase component of 2-oxoglutarate dehydrogenase complex, mitochondrial",Median Value (nm),20,39,-0.27500000000000013,"[-0.54, 0.04]",0.08183609289594682,0.7006792747124143,False
Serpin B3,Median Value (nm),20,39,-0.10000000000000026,"[-0.40, 0.21]",0.5338939001152925,0.9052603609156303,False
Immunoglobulin heavy variable 3-33,Median Value (nm),20,39,-0.17499999999999985,"[-0.46, 0.14]",0.27379479263839795,0.8947993854049852,False
Follistatin-related protein 1,Median Value (nm),20,39,-0.2999999999999998,"[-0.56, 0.01]",0.056691006778488304,0.6750791152013149,False
Cholesteryl ester transfer protein,Median Value (nm),20,39,0.07499999999999954,"[-0.24, 0.37]",0.6411866947841538,0.9124579887312957,False
Complement C1q subcomponent subunit C,Median Value (nm),20,39,-0.19999999999999926,"[-0.48, 0.11]",0.20993874257441955,0.8841322654760123,False
Immunoglobulin heavy variable 4-30-2,Median Value (nm),20,39,0.275,"[-0.04, 0.54]",0.08183609289594682,0.7006792747124143,False
Thrombospondin-4,Median Value (nm),20,39,0.2500000000000006,"[-0.06, 0.52]",0.11492787448833962,0.7632389613456535,False
Transketolase,Median Value (nm),20,39,0.09999999999999952,"[-0.21, 0.40]",0.5338939001152971,0.9052603609156303,False
Complement receptor type 2,Median Value (nm),20,39,-0.22499999999999953,"[-0.50, 0.09]",0.1572566507556232,0.8312137254225823,False
Immunoglobulin kappa variable 2-40;Immunoglobulin kappa variable 2D-40,Median Value (nm),20,39,-0.025000000000000338,"[-0.33, 0.28]",0.8767016791266298,0.9249113437629211,False
Immunoglobulin kappa variable 3D-7,Median Value (nm),20,39,0.07499999999999982,"[-0.24, 0.37]",0.6411866947841538,0.9124579887312957,False
Immunoglobulin heavy variable 3-64,Median Value (nm),20,39,-0.32500000000000034,"[-0.58, -0.02]",0.038142837064594946,0.6079381415218639,False
Vitronectin,Median Value (nm),20,39,0.0749999999999997,"[-0.24, 0.37]",0.6411866947841538,0.9124579887312957,False
Complement component C8 gamma chain,Median Value (nm),20,39,-0.10000000000000035,"[-0.40, 0.21]",0.5338939001152925,0.9052603609156303,False
Immunoglobulin heavy variable 5-51,Median Value (nm),20,39,-0.1750000000000002,"[-0.46, 0.14]",0.27379479263839523,0.8947993854049852,False
Coagulation factor V,Median Value (nm),20,39,-0.04999999999999969,"[-0.35, 0.26]",0.7562191489680836,0.9227833195888512,False
Protein S100-A7,Median Value (nm),20,39,0.12499999999999989,"[-0.19, 0.42]",0.4361566470231073,0.9052603609156303,False
Arginase-1,Median Value (nm),20,39,0.024999999999999727,"[-0.28, 0.33]",0.8767016791266298,0.9249113437629211,False
Protein-glutamine gamma-glutamyltransferase K,Median Value (nm),20,39,-0.09999999999999996,"[-0.40, 0.21]",0.5338939001152971,0.9052603609156303,False
Immunoglobulin kappa variable 4-1,Median Value (nm),20,39,-0.27499999999999936,"[-0.54, 0.04]",0.08183609289594752,0.7006792747124143,False
Coagulation factor XIII B chain,Median Value (nm),20,39,0.1750000000000005,"[-0.14, 0.46]",0.27379479263839546,0.8947993854049852,False
Apolipoprotein C-II,Median Value (nm),20,39,0.024999999999999543,"[-0.28, 0.33]",0.8767016791266298,0.9249113437629211,False
Bone marrow proteoglycan,Median Value (nm),20,39,7.632783294297952e-17,"[-0.31, 0.31]",1.0,1.0,False
Apolipoprotein A-I,Median Value (nm),20,39,0.09999999999999956,"[-0.21, 0.40]",0.5338939001152971,0.9052603609156303,False
Coagulation factor X,Median Value (nm),20,39,0.1000000000000005,"[-0.21, 0.40]",0.5338939001152925,0.9052603609156303,False
Thioredoxin,Median Value (nm),20,39,-0.12499999999999958,"[-0.42, 0.19]",0.43615664702310897,0.9052603609156303,False
Immunoglobulin heavy variable 3-15,Median Value (nm),20,39,-0.2999999999999993,"[-0.56, 0.01]",0.056691006778488796,0.6750791152013149,False
Proteasome subunit beta type-2,Median Value (nm),20,39,0.049999999999999635,"[-0.26, 0.35]",0.7562191489680836,0.9227833195888512,False
Apolipoprotein A-II,Median Value (nm),20,39,0.0749999999999995,"[-0.24, 0.37]",0.6411866947841538,0.9124579887312957,False
Immunoglobulin heavy constant gamma 2,Median Value (nm),20,39,-0.10000000000000063,"[-0.40, 0.21]",0.5338939001152925,0.9052603609156303,False
Plakophilin-1,Median Value (nm),20,39,0.12500000000000067,"[-0.19, 0.42]",0.4361566470231041,0.9052603609156303,False
Fetuin-B,Median Value (nm),20,39,0.19999999999999968,"[-0.11, 0.48]",0.2099387425744199,0.8841322654760123,False
Complement factor H-related protein 3,Median Value (nm),20,39,0.07499999999999961,"[-0.24, 0.37]",0.6411866947841538,0.9124579887312957,False
Plasminogen,Median Value (nm),20,39,-0.07500000000000023,"[-0.37, 0.24]",0.6411866947841472,0.9124579887312957,False
Fermitin family homolog 3,Median Value (nm),20,39,0.07499999999999979,"[-0.24, 0.37]",0.6411866947841538,0.9124579887312957,False
Immunoglobulin heavy variable 3-21,Median Value (nm),20,39,-0.27499999999999997,"[-0.54, 0.04]",0.08183609289594682,0.7006792747124143,False
Immunoglobulin heavy variable 2-26,Median Value (nm),20,39,-0.1500000000000003,"[-0.44, 0.17]",0.3492337410521762,0.9052603609156303,False
Immunoglobulin kappa variable 1-12;Immunoglobulin kappa variable 1D-12,Median Value (nm),20,39,-0.09999999999999959,"[-0.40, 0.21]",0.5338939001152971,0.9052603609156303,False
Immunoglobulin heavy constant gamma 3,Median Value (nm),20,39,0.3499999999999995,"[0.05, 0.59]",0.02487954703887694,0.5858002439153787,False
Immunoglobulin kappa variable 2D-29,Median Value (nm),20,39,-0.1999999999999998,"[-0.48, 0.11]",0.2099387425744199,0.8841322654760123,False
Neogenin,Median Value (nm),20,39,-0.1250000000000003,"[-0.42, 0.19]",0.4361566470231073,0.9052603609156303,False
Immunoglobulin heavy variable 6-1,Median Value (nm),20,39,-0.1250000000000006,"[-0.42, 0.19]",0.4361566470231041,0.9052603609156303,False
L-selectin,Median Value (nm),20,39,0.09999999999999984,"[-0.21, 0.40]",0.5338939001152971,0.9052603609156303,False
Immunoglobulin lambda constant 3,Median Value (nm),20,39,0.05000000000000012,"[-0.26, 0.35]",0.7562191489680836,0.9227833195888512,False
A disintegrin and metalloproteinase with thrombospondin motifs 13,Median Value (nm),20,39,0.05000000000000057,"[-0.26, 0.35]",0.7562191489680836,0.9227833195888512,False
von Willebrand factor,Median Value (nm),20,39,-0.24999999999999947,"[-0.52, 0.06]",0.11492787448834166,0.7632389613456535,False
Neutral alpha-glucosidase AB,Median Value (nm),20,39,-0.1749999999999997,"[-0.46, 0.14]",0.27379479263839795,0.8947993854049852,False
Carbonic anhydrase 1,Median Value (nm),20,39,0.12500000000000058,"[-0.19, 0.42]",0.4361566470231041,0.9052603609156303,False
Immunoglobulin lambda variable 4-60,Median Value (nm),20,39,-0.05000000000000013,"[-0.35, 0.26]",0.7562191489680836,0.9227833195888512,False
Integrin beta-1,Median Value (nm),20,39,-0.025000000000000112,"[-0.33, 0.28]",0.8767016791266298,0.9249113437629211,False
Immunoglobulin lambda variable 3-12,Median Value (nm),20,39,0.12499999999999907,"[-0.19, 0.42]",0.43615664702310897,0.9052603609156303,False
Alpha-amylase 1B;Alpha-amylase 1C;Alpha-amylase 1A,Median Value (nm),20,39,-6.938893903907224e-16,"[-0.31, 0.31]",1.0,1.0,False
Lumican,Median Value (nm),20,39,0.3750000000000006,"[0.08, 0.61]",0.015700418653338204,0.5858002439153787,False
Beta-Ala-His dipeptidase,Median Value (nm),20,39,-0.050000000000000565,"[-0.35, 0.26]",0.7562191489680836,0.9227833195888512,False
Immunoglobulin alpha-2 heavy chain,Median Value (nm),20,39,-0.12500000000000058,"[-0.42, 0.19]",0.4361566470231041,0.9052603609156303,False
Complement C5,Median Value (nm),20,39,-0.17499999999999966,"[-0.46, 0.14]",0.27379479263839795,0.8947993854049852,False
Protein S100-A8,Median Value (nm),20,39,-0.07499999999999936,"[-0.37, 0.24]",0.6411866947841538,0.9124579887312957,False
Immunoglobulin lambda variable 3-25,Median Value (nm),20,39,0.049999999999999455,"[-0.26, 0.35]",0.7562191489680836,0.9227833195888512,False
Leukocyte immunoglobulin-like receptor subfamily B member 3;Leukocyte immunoglobulin-like receptor subfamily A member 6,Median Value (nm),20,39,0.2000000000000007,"[-0.11, 0.48]",0.20993874257441536,0.8841322654760123,False
Collagen alpha-3(VI) chain,Median Value (nm),20,39,-0.30000000000000004,"[-0.56, 0.01]",0.05669100677848814,0.6750791152013149,False
Immunoglobulin kappa variable 1-39;Immunoglobulin kappa variable 1D-39,Median Value (nm),20,39,0.09999999999999955,"[-0.21, 0.40]",0.5338939001152971,0.9052603609156303,False
Bleomycin hydrolase,Median Value (nm),20,39,-0.1750000000000002,"[-0.46, 0.14]",0.27379479263839523,0.8947993854049852,False
CD166 antigen,Median Value (nm),20,39,-0.09999999999999967,"[-0.40, 0.21]",0.5338939001152971,0.9052603609156303,False
Beta-2-microglobulin,Median Value (nm),20,39,9.714451465470128e-17,"[-0.31, 0.31]",1.0,1.0,False
Amino acid transporter heavy chain SLC3A2,Median Value (nm),20,39,-0.15000000000000055,"[-0.44, 0.17]",0.3492337410521762,0.9052603609156303,False
Haptoglobin-related protein,Median Value (nm),20,39,2.2204460492503123e-16,"[-0.31, 0.31]",1.0,1.0,False
Alpha-1-acid glycoprotein 1,Median Value (nm),20,39,0.05000000000000042,"[-0.26, 0.35]",0.7562191489680836,0.9227833195888512,False
Serum paraoxonase/arylesterase 1,Median Value (nm),20,39,0.12499999999999972,"[-0.19, 0.42]",0.43615664702310897,0.9052603609156303,False
Target of Nesh-SH3,Median Value (nm),20,39,0.024999999999999627,"[-0.28, 0.33]",0.8767016791266298,0.9249113437629211,False
Intercellular adhesion molecule 1,Median Value (nm),20,39,-0.12500000000000017,"[-0.42, 0.19]",0.4361566470231073,0.9052603609156303,False
Complement C4-A,Median Value (nm),20,39,0.14999999999999938,"[-0.17, 0.44]",0.34923374105217975,0.9052603609156303,False
Coagulation factor XIII A chain,Median Value (nm),20,39,-0.24999999999999947,"[-0.52, 0.06]",0.11492787448834166,0.7632389613456535,False
Immunoglobulin mu heavy chain,Median Value (nm),20,39,-0.17500000000000046,"[-0.46, 0.14]",0.27379479263839546,0.8947993854049852,False
Oncoprotein-induced transcript 3 protein,Median Value (nm),20,39,0.2999999999999995,"[-0.01, 0.56]",0.056691006778488796,0.6750791152013149,False
Peroxiredoxin-2,Median Value (nm),20,39,-0.20000000000000034,"[-0.48, 0.11]",0.20993874257441789,0.8841322654760123,False
Tissue factor pathway inhibitor,Median Value (nm),20,39,0.07499999999999951,"[-0.24, 0.37]",0.6411866947841538,0.9124579887312957,False
Progranulin,Median Value (nm),20,39,-0.07499999999999969,"[-0.37, 0.24]",0.6411866947841538,0.9124579887312957,False
Histone H2B type 1-K;Histone H2B type F-S,Median Value (nm),20,39,-0.20000000000000065,"[-0.48, 0.11]",0.20993874257441536,0.8841322654760123,False
Hemoglobin subunit delta,Median Value (nm),20,39,5.412337245047638e-16,"[-0.31, 0.31]",1.0,1.0,False
Glutathione S-transferase P,Median Value (nm),20,39,-0.05000000000000046,"[-0.35, 0.26]",0.7562191489680836,0.9227833195888512,False
Annexin A6,Median Value (nm),20,39,-0.0500000000000005,"[-0.35, 0.26]",0.7562191489680836,0.9227833195888512,False
Complement factor H-related protein 1,Median Value (nm),20,39,-0.0250000000000006,"[-0.33, 0.28]",0.8767016791266298,0.9249113437629211,False
Protein KPLCE,Median Value (nm),20,39,-0.10000000000000042,"[-0.40, 0.21]",0.5338939001152925,0.9052603609156303,False
Immunoglobulin heavy variable 4-4,Median Value (nm),20,39,-0.17499999999999913,"[-0.46, 0.14]",0.2737947926383973,0.8947993854049852,False
Alpha-1B-glycoprotein,Median Value (nm),20,39,0.1749999999999996,"[-0.14, 0.46]",0.27379479263839795,0.8947993854049852,False
Properdin,Median Value (nm),20,39,-0.24999999999999964,"[-0.52, 0.06]",0.11492787448834102,0.7632389613456535,False
Immunoglobulin heavy variable 3-53,Median Value (nm),20,39,-0.4250000000000003,"[-0.65, -0.14]",0.005608377882559695,0.5858002439153787,False
Calmodulin-like protein 5,Median Value (nm),20,39,0.02499999999999964,"[-0.28, 0.33]",0.8767016791266298,0.9249113437629211,False
Carboxypeptidase B2,Median Value (nm),20,39,0.07500000000000047,"[-0.24, 0.37]",0.6411866947841472,0.9124579887312957,False
"Sushi, nidogen and EGF-like domain-containing protein 1",Median Value (nm),20,39,-0.05000000000000016,"[-0.35, 0.26]",0.7562191489680836,0.9227833195888512,False
Proteasome subunit alpha type-5,Median Value (nm),20,39,-0.025000000000000255,"[-0.33, 0.28]",0.8767016791266298,0.9249113437629211,False
Bifunctional heparan sulfate N-deacetylase/N-sulfotransferase 4,Median Value (nm),20,39,0.0500000000000007,"[-0.26, 0.35]",0.7562191489680732,0.9227833195888512,False
Immunoglobulin heavy variable 3-9,Median Value (nm),20,39,0.05000000000000015,"[-0.26, 0.35]",0.7562191489680836,0.9227833195888512,False
Neural cell adhesion molecule L1-like protein,Median Value (nm),20,39,-0.02499999999999926,"[-0.33, 0.28]",0.8767016791266298,0.9249113437629211,False
Proteasome subunit alpha type-2,Median Value (nm),20,39,0.14999999999999963,"[-0.17, 0.44]",0.34923374105217864,0.9052603609156303,False
Intercellular adhesion molecule 3,Median Value (nm),20,39,-0.09999999999999952,"[-0.40, 0.21]",0.5338939001152971,0.9052603609156303,False
Receptor-type tyrosine-protein phosphatase eta,Median Value (nm),20,39,0.17500000000000068,"[-0.14, 0.46]",0.27379479263839546,0.8947993854049852,False
ADAMTS-like protein 4,Median Value (nm),20,39,0.20000000000000048,"[-0.11, 0.48]",0.20993874257441789,0.8841322654760123,False
Immunoglobulin lambda variable 3-21,Median Value (nm),20,39,-0.050000000000000565,"[-0.35, 0.26]",0.7562191489680836,0.9227833195888512,False
Cartilage oligomeric matrix protein,Median Value (nm),20,39,0.12499999999999985,"[-0.19, 0.42]",0.4361566470231073,0.9052603609156303,False
Neural cell adhesion molecule 1,Median Value (nm),20,39,0.10000000000000049,"[-0.21, 0.40]",0.5338939001152925,0.9052603609156303,False
Immunoglobulin lambda variable 2-11,Median Value (nm),20,39,-0.1999999999999994,"[-0.48, 0.11]",0.2099387425744199,0.8841322654760123,False
Immunoglobulin kappa variable 1D-33;Immunoglobulin kappa variable 1-33,Median Value (nm),20,39,0.024999999999999613,"[-0.28, 0.33]",0.8767016791266298,0.9249113437629211,False
Beta-2-glycoprotein 1,Median Value (nm),20,39,0.02500000000000051,"[-0.28, 0.33]",0.8767016791266298,0.9249113437629211,False
Vitamin D-binding protein,Median Value (nm),20,39,0.024999999999999724,"[-0.28, 0.33]",0.8767016791266298,0.9249113437629211,False
Filamin-A,Median Value (nm),20,39,0.12499999999999996,"[-0.19, 0.42]",0.4361566470231073,0.9052603609156303,False
Reelin,Median Value (nm),20,39,-0.17500000000000038,"[-0.46, 0.14]",0.27379479263839523,0.8947993854049852,False
Immunoglobulin lambda variable 5-39,Median Value (nm),20,39,-0.2000000000000005,"[-0.48, 0.11]",0.20993874257441789,0.8841322654760123,False
Fatty acid-binding protein 5,Median Value (nm),20,39,-0.02499999999999951,"[-0.33, 0.28]",0.8767016791266298,0.9249113437629211,False
"HLA class I histocompatibility antigen, A alpha chain",Median Value (nm),20,39,0.09999999999999959,"[-0.21, 0.40]",0.5338939001152971,0.9052603609156303,False
Low affinity immunoglobulin gamma Fc region receptor III-A,Median Value (nm),20,39,0.32499999999999973,"[0.02, 0.58]",0.038142837064595383,0.6079381415218639,False
Heat shock 70 kDa protein 1A;Heat shock 70 kDa protein 1B,Median Value (nm),20,39,-0.17499999999999966,"[-0.46, 0.14]",0.27379479263839795,0.8947993854049852,False
Apolipoprotein D,Median Value (nm),20,39,0.34999999999999976,"[0.05, 0.59]",0.02487954703887687,0.5858002439153787,False
Plexin-B1,Median Value (nm),20,39,-0.14999999999999938,"[-0.44, 0.17]",0.34923374105217975,0.9052603609156303,False
Immunoglobulin heavy variable 1-58,Median Value (nm),20,39,-0.024999999999999602,"[-0.33, 0.28]",0.8767016791266298,0.9249113437629211,False
Apolipoprotein C-IV,Median Value (nm),20,39,0.10000000000000032,"[-0.21, 0.40]",0.5338939001152925,0.9052603609156303,False
Monocyte differentiation antigen CD14,Median Value (nm),20,39,0.1500000000000005,"[-0.17, 0.44]",0.3492337410521762,0.9052603609156303,False
Protein MENT,Median Value (nm),20,39,-0.09999999999999949,"[-0.40, 0.21]",0.5338939001152971,0.9052603609156303,False
Immunoglobulin epsilon heavy chain,Median Value (nm),20,39,-0.09999999999999938,"[-0.40, 0.21]",0.5338939001152971,0.9052603609156303,False
Complement factor H,Median Value (nm),20,39,0.20000000000000043,"[-0.11, 0.48]",0.20993874257441789,0.8841322654760123,False
Stabilin-1,Median Value (nm),20,39,-3.1918911957973255e-16,"[-0.31, 0.31]",1.0,1.0,False
Macrophage receptor MARCO,Median Value (nm),20,39,-0.12500000000000003,"[-0.42, 0.19]",0.4361566470231073,0.9052603609156303,False
Protein POF1B,Median Value (nm),20,39,-1.9428902930940242e-16,"[-0.31, 0.31]",1.0,1.0,False
Phosphatidylcholine-sterol acyltransferase,Median Value (nm),20,39,0.10000000000000037,"[-0.21, 0.40]",0.5338939001152925,0.9052603609156303,False
Clusterin,Median Value (nm),20,39,0.19999999999999984,"[-0.11, 0.48]",0.20993874257441825,0.8841322654760123,False
Platelet-activating factor acetylhydrolase,Median Value (nm),20,39,0.0249999999999997,"[-0.28, 0.33]",0.8767016791266298,0.9249113437629211,False
Vasorin,Median Value (nm),20,39,-0.07500000000000032,"[-0.37, 0.24]",0.6411866947841472,0.9124579887312957,False
Myeloperoxidase,Median Value (nm),20,39,0.12499999999999963,"[-0.19, 0.42]",0.43615664702310897,0.9052603609156303,False
Immunoglobulin lambda variable 5-52,Median Value (nm),20,39,-0.024999999999999634,"[-0.33, 0.28]",0.8767016791266298,0.9249113437629211,False
Carboxypeptidase N catalytic chain,Median Value (nm),20,39,-0.10000000000000031,"[-0.40, 0.21]",0.5338939001152925,0.9052603609156303,False
Fibrinogen gamma chain,Median Value (nm),20,39,-0.07500000000000039,"[-0.37, 0.24]",0.6411866947841472,0.9124579887312957,False
Soluble scavenger receptor cysteine-rich domain-containing protein SSC5D,Median Value (nm),20,39,-0.1250000000000007,"[-0.42, 0.19]",0.4361566470231041,0.9052603609156303,False
Tetranectin,Median Value (nm),20,39,0.17499999999999957,"[-0.14, 0.46]",0.27379479263839795,0.8947993854049852,False
Apolipoprotein(a),Median Value (nm),20,39,-0.04999999999999963,"[-0.35, 0.26]",0.7562191489680836,0.9227833195888512,False
Alpha-2-antiplasmin,Median Value (nm),20,39,-5.620504062164854e-16,"[-0.31, 0.31]",1.0,1.0,False
Retroviral-like aspartic protease 1,Median Value (nm),20,39,-0.05000000000000004,"[-0.35, 0.26]",0.7562191489680836,0.9227833195888512,False
Ficolin-3,Median Value (nm),20,39,-0.32499999999999946,"[-0.58, -0.02]",0.03814283706459549,0.6079381415218639,False
Immunoglobulin kappa variable 2-24,Median Value (nm),20,39,-0.025000000000000265,"[-0.33, 0.28]",0.8767016791266298,0.9249113437629211,False
Immunoglobulin superfamily containing leucine-rich repeat protein,Median Value (nm),20,39,0.12499999999999974,"[-0.19, 0.42]",0.43615664702310897,0.9052603609156303,False
Complement factor D,Median Value (nm),20,39,-0.049999999999999434,"[-0.35, 0.26]",0.7562191489680836,0.9227833195888512,False
Vitamin K-dependent protein Z,Median Value (nm),20,39,0.5249999999999995,"[0.26, 0.72]",0.000424863735623393,0.1467196100352789,False
EGF-containing fibulin-like extracellular matrix protein 1,Median Value (nm),20,39,0.15000000000000047,"[-0.17, 0.44]",0.3492337410521762,0.9052603609156303,False
Dipeptidase 2,Median Value (nm),20,39,0.1499999999999999,"[-0.17, 0.44]",0.34923374105217864,0.9052603609156303,False
Myeloblastin,Median Value (nm),20,39,0.14999999999999894,"[-0.17, 0.44]",0.3492337410521821,0.9052603609156303,False
Neurogenic locus notch homolog protein 1,Median Value (nm),20,39,-0.050000000000000246,"[-0.35, 0.26]",0.7562191489680836,0.9227833195888512,False
Vitamin K-dependent protein S,Median Value (nm),20,39,0.1500000000000007,"[-0.17, 0.44]",0.3492337410521762,0.9052603609156303,False
Dermcidin,Median Value (nm),20,39,0.025000000000000355,"[-0.28, 0.33]",0.8767016791266298,0.9249113437629211,False
Immunoglobulin heavy variable 3-73,Median Value (nm),20,39,-0.024999999999999783,"[-0.33, 0.28]",0.8767016791266298,0.9249113437629211,False
Alpha-2-macroglobulin,Median Value (nm),20,39,-0.27500000000000013,"[-0.54, 0.04]",0.08183609289594658,0.7006792747124143,False
Cation-independent mannose-6-phosphate receptor,Median Value (nm),20,39,-0.09999999999999987,"[-0.40, 0.21]",0.5338939001152971,0.9052603609156303,False
Chromodomain-helicase-DNA-binding protein 1;Chromodomain-helicase-DNA-binding protein 2;Chromodomain-helicase-DNA-binding protein 9;Chromodomain-helicase-DNA-binding protein 6;Chromodomain-helicase-DNA-binding protein 8;Chromodomain-helicase-DNA-binding protein 7,Median Value (nm),20,39,0.0749999999999996,"[-0.24, 0.37]",0.6411866947841538,0.9124579887312957,False
Ceruloplasmin,Median Value (nm),20,39,0.24999999999999947,"[-0.06, 0.52]",0.11492787448834166,0.7632389613456535,False
Prostaglandin-H2 D-isomerase,Median Value (nm),20,39,-0.024999999999999863,"[-0.33, 0.28]",0.8767016791266298,0.9249113437629211,False
Protein S100-A9,Median Value (nm),20,39,0.10000000000000069,"[-0.21, 0.40]",0.5338939001152925,0.9052603609156303,False
Immunoglobulin J chain,Median Value (nm),20,39,-0.3999999999999995,"[-0.63, -0.11]",0.00956354847695802,0.5858002439153787,False
