Variable_A,Variable_B,TimeWindow,n,df,r,CI_95%,p_val,p_adj,is_significant
Probable non-functional immunoglobulin kappa variable 3-7,Concentration/ml,delta_time2_vs_time1,20,17,-0.18017367101815351,"[-0.59, 0.30]",0.4604445713770563,0.9859192804439811,False
Apolipoprotein A-IV,Concentration/ml,delta_time2_vs_time1,20,17,-0.15907119074394457,"[-0.57, 0.32]",0.515392107171293,0.9859192804439811,False
Coagulation factor XII,Concentration/ml,delta_time2_vs_time1,20,17,-0.330261683670636,"[-0.68, 0.15]",0.1672908027318951,0.9859192804439811,False
Mannan-binding lectin serine protease 1,Concentration/ml,delta_time2_vs_time1,20,17,0.2279261511353692,"[-0.25, 0.62]",0.34799086032256654,0.9859192804439811,False
Complement factor I,Concentration/ml,delta_time2_vs_time1,20,17,-0.07543335563988778,"[-0.51, 0.39]",0.7589031463990058,0.990774006958089,False
Platelet glycoprotein Ib alpha chain,Concentration/ml,delta_time2_vs_time1,20,17,-0.09920906849536089,"[-0.53, 0.37]",0.6861512151479687,0.9859192804439811,False
Hepatocyte growth factor-like protein,Concentration/ml,delta_time2_vs_time1,20,17,-0.06355580950484062,"[-0.50, 0.40]",0.7960313036482782,0.990774006958089,False
Profilin-1,Concentration/ml,delta_time2_vs_time1,20,17,-0.10377500493364503,"[-0.53, 0.37]",0.6724556134835371,0.9859192804439811,False
Peptidase inhibitor 16,Concentration/ml,delta_time2_vs_time1,20,17,-0.2394788511924517,"[-0.63, 0.24]",0.323414681225473,0.9859192804439811,False
Cell surface glycoprotein MUC18,Concentration/ml,delta_time2_vs_time1,20,17,-0.23250861201004674,"[-0.62, 0.25]",0.3381166283008594,0.9859192804439811,False
Adhesion G-protein coupled receptor G6,Concentration/ml,delta_time2_vs_time1,20,17,0.16936550425326324,"[-0.31, 0.58]",0.4882080340990955,0.9859192804439811,False
Immunoglobulin heavy variable 1-69,Concentration/ml,delta_time2_vs_time1,20,17,0.2870256732778082,"[-0.19, 0.66]",0.2334756365812434,0.9859192804439811,False
Insulin-like growth factor-binding protein complex acid labile subunit,Concentration/ml,delta_time2_vs_time1,20,17,0.022586980537011747,"[-0.44, 0.47]",0.926871617034252,0.9926311476947687,False
Plasma serine protease inhibitor,Concentration/ml,delta_time2_vs_time1,20,17,0.015573754796680918,"[-0.44, 0.47]",0.9495441475984374,0.9926311476947687,False
Immunoglobulin heavy variable 1-69D,Concentration/ml,delta_time2_vs_time1,20,17,0.03638392019465186,"[-0.42, 0.48]",0.882441227359575,0.9926311476947687,False
Pancreatic adenocarcinoma up-regulated factor,Concentration/ml,delta_time2_vs_time1,20,17,0.28164723054669105,"[-0.20, 0.65]",0.24274067183827489,0.9859192804439811,False
Immunoglobulin heavy variable 3-64D,Concentration/ml,delta_time2_vs_time1,20,17,0.05728084190673632,"[-0.41, 0.50]",0.8158224519875985,0.990774006958089,False
Neutrophil gelatinase-associated lipocalin,Concentration/ml,delta_time2_vs_time1,20,17,0.11418130968109062,"[-0.36, 0.54]",0.6416139340373306,0.9859192804439811,False
Lysosome-associated membrane glycoprotein 2,Concentration/ml,delta_time2_vs_time1,20,17,0.004961443662907204,"[-0.45, 0.46]",0.9839171561607469,0.9950985873486714,False
Corneodesmosin,Concentration/ml,delta_time2_vs_time1,20,17,0.09860893872630383,"[-0.37, 0.53]",0.6879584078142673,0.9859192804439811,False
Collagen alpha-1(XVIII) chain,Concentration/ml,delta_time2_vs_time1,20,17,0.3162177275181607,"[-0.16, 0.67]",0.1871907679235107,0.9859192804439811,False
Lipopolysaccharide-binding protein,Concentration/ml,delta_time2_vs_time1,20,17,-0.14759225833184142,"[-0.56, 0.33]",0.5465210436753871,0.9859192804439811,False
Immunoglobulin heavy variable 3-49,Concentration/ml,delta_time2_vs_time1,20,17,0.21382341575037475,"[-0.27, 0.61]",0.3794070732573628,0.9859192804439811,False
SPARC-like protein 1,Concentration/ml,delta_time2_vs_time1,20,17,0.2637933508862861,"[-0.22, 0.64]",0.27515795112701463,0.9859192804439811,False
Ras-associated and pleckstrin homology domains-containing protein 1,Concentration/ml,delta_time2_vs_time1,20,17,0.1603240292958139,"[-0.32, 0.57]",0.5120460833086783,0.9859192804439811,False
Alpha-1-acid glycoprotein 2,Concentration/ml,delta_time2_vs_time1,20,17,0.21182963643408076,"[-0.27, 0.61]",0.38397245075192765,0.9859192804439811,False
Immunoglobulin heavy variable 3-20,Concentration/ml,delta_time2_vs_time1,20,17,-0.10804476326591733,"[-0.54, 0.36]",0.6597370434583651,0.9859192804439811,False
Neurogenic locus notch homolog protein 2,Concentration/ml,delta_time2_vs_time1,20,17,0.024092779239478532,"[-0.43, 0.47]",0.9220100870799732,0.9926311476947687,False
Apolipoprotein B-100,Concentration/ml,delta_time2_vs_time1,20,17,0.2963454844822998,"[-0.18, 0.66]",0.21796728223626616,0.9859192804439811,False
CD44 antigen,Concentration/ml,delta_time2_vs_time1,20,17,-0.1007171133293262,"[-0.53, 0.37]",0.6816171948492862,0.9859192804439811,False
Pigment epithelium-derived factor,Concentration/ml,delta_time2_vs_time1,20,17,-0.18277470669267515,"[-0.59, 0.30]",0.4538853636419625,0.9859192804439811,False
Xaa-Pro dipeptidase,Concentration/ml,delta_time2_vs_time1,20,17,0.17671615325736126,"[-0.30, 0.58]",0.4692376067923625,0.9859192804439811,False
Immunoglobulin heavy constant delta,Concentration/ml,delta_time2_vs_time1,20,17,0.28484058613450036,"[-0.19, 0.65]",0.23721183567629003,0.9859192804439811,False
Probable non-functional immunoglobulin heavy variable 3-38-3,Concentration/ml,delta_time2_vs_time1,20,17,0.21756575369771702,"[-0.26, 0.61]",0.3709202380284238,0.9859192804439811,False
Immunoglobulin lambda constant 7,Concentration/ml,delta_time2_vs_time1,20,17,-0.31504463048705056,"[-0.67, 0.16]",0.1889217733085844,0.9859192804439811,False
Receptor-type tyrosine-protein phosphatase gamma,Concentration/ml,delta_time2_vs_time1,20,17,0.11786009846708262,"[-0.36, 0.54]",0.6308408292454254,0.9859192804439811,False
Afamin,Concentration/ml,delta_time2_vs_time1,20,17,-0.12039273621059395,"[-0.54, 0.35]",0.6234652073447742,0.9859192804439811,False
Pyruvate kinase PKLR,Concentration/ml,delta_time2_vs_time1,20,17,0.2030079315544225,"[-0.28, 0.60]",0.40453550560902174,0.9859192804439811,False
Insulin-like growth factor 2,Concentration/ml,delta_time2_vs_time1,20,17,0.23588838927620942,"[-0.24, 0.62]",0.33093987558412685,0.9859192804439811,False
CD109 antigen,Concentration/ml,delta_time2_vs_time1,20,17,-0.06089286781686297,"[-0.50, 0.40]",0.8044163480660762,0.990774006958089,False
ADP-ribosyl cyclase/cyclic ADP-ribose hydrolase 2,Concentration/ml,delta_time2_vs_time1,20,17,-0.05302373024798194,"[-0.50, 0.41]",0.8293111184470229,0.990774006958089,False
Dedicator of cytokinesis protein 4,Concentration/ml,delta_time2_vs_time1,20,17,0.03931113569663104,"[-0.42, 0.48]",0.8730534056787392,0.9926311476947687,False
Complement factor H-related protein 2,Concentration/ml,delta_time2_vs_time1,20,17,0.23290832457406635,"[-0.25, 0.62]",0.33726316435653936,0.9859192804439811,False
Selenoprotein P,Concentration/ml,delta_time2_vs_time1,20,17,-0.31403769922121505,"[-0.67, 0.16]",0.1904161092159796,0.9859192804439811,False
Adipocyte plasma membrane-associated protein,Concentration/ml,delta_time2_vs_time1,20,17,-0.1527086425138379,"[-0.57, 0.32]",0.5325424064955436,0.9859192804439811,False
Immunoglobulin heavy constant alpha 2,Concentration/ml,delta_time2_vs_time1,20,17,0.013665996008903138,"[-0.44, 0.46]",0.9557187317151008,0.9926311476947687,False
Lactotransferrin,Concentration/ml,delta_time2_vs_time1,20,17,0.14851909838212177,"[-0.33, 0.56]",0.5439766028409752,0.9859192804439811,False
Alpha-enolase,Concentration/ml,delta_time2_vs_time1,20,17,0.016541353383458697,"[-0.44, 0.47]",0.9464134831941631,0.9926311476947687,False
Immunoglobulin heavy constant gamma 1,Concentration/ml,delta_time2_vs_time1,20,17,0.0616634087286873,"[-0.40, 0.50]",0.8019879315241081,0.990774006958089,False
Collectin-10,Concentration/ml,delta_time2_vs_time1,20,17,-0.03241342897977518,"[-0.48, 0.43]",0.8951987131277962,0.9926311476947687,False
Lysosome-associated membrane glycoprotein 1,Concentration/ml,delta_time2_vs_time1,20,17,0.036359129312901604,"[-0.42, 0.48]",0.8825207996219815,0.9926311476947687,False
Cathelicidin antimicrobial peptide,Concentration/ml,delta_time2_vs_time1,20,17,-0.10047955251935958,"[-0.53, 0.37]",0.682330746363514,0.9859192804439811,False
Fibroblast growth factor-binding protein 2,Concentration/ml,delta_time2_vs_time1,20,17,-0.1454365172516065,"[-0.56, 0.33]",0.552459793544636,0.9859192804439811,False
Lymphatic vessel endothelial hyaluronic acid receptor 1,Concentration/ml,delta_time2_vs_time1,20,17,0.01055173403545135,"[-0.45, 0.46]",0.9658032788381533,0.9926311476947687,False
Haptoglobin,Concentration/ml,delta_time2_vs_time1,20,17,-0.13082706766917304,"[-0.55, 0.34]",0.5934445024749015,0.9859192804439811,False
Tenascin-X,Concentration/ml,delta_time2_vs_time1,20,17,0.16816097307217007,"[-0.31, 0.58]",0.49135204424255174,0.9859192804439811,False
Zinc finger protein 512B,Concentration/ml,delta_time2_vs_time1,20,17,0.3693106912408004,"[-0.10, 0.71]",0.11968250907543893,0.9859192804439811,False
Immunoglobulin lambda variable 3-19,Concentration/ml,delta_time2_vs_time1,20,17,-0.02575438326330514,"[-0.47, 0.43]",0.9166486113967123,0.9926311476947687,False
Complement C1q subcomponent subunit B,Concentration/ml,delta_time2_vs_time1,20,17,0.20374155358715929,"[-0.28, 0.60]",0.4028030343689504,0.9859192804439811,False
Ubiquitin-ribosomal protein eS31 fusion protein,Concentration/ml,delta_time2_vs_time1,20,17,0.09496560631906328,"[-0.38, 0.53]",0.6989641793973325,0.986548896261085,False
Kinesin-like protein KIF21A,Concentration/ml,delta_time2_vs_time1,20,17,0.21009360981320702,"[-0.27, 0.61]",0.38797237116496364,0.9859192804439811,False
Attractin,Concentration/ml,delta_time2_vs_time1,20,17,0.1969695217062859,"[-0.28, 0.60]",0.41894832401747784,0.9859192804439811,False
Immunoglobulin lambda variable 1-44,Concentration/ml,delta_time2_vs_time1,20,17,0.11991791193444162,"[-0.35, 0.54]",0.624845420952454,0.9859192804439811,False
Immunoglobulin heavy variable 1-46,Concentration/ml,delta_time2_vs_time1,20,17,-0.12004593941038706,"[-0.54, 0.35]",0.6244731542157759,0.9859192804439811,False
Fibulin-1,Concentration/ml,delta_time2_vs_time1,20,17,0.06173135201754435,"[-0.40, 0.50]",0.8017738862564087,0.990774006958089,False
Secreted phosphoprotein 24,Concentration/ml,delta_time2_vs_time1,20,17,0.42628896619100315,"[-0.03, 0.74]",0.06876233705941968,0.9859192804439811,False
Scavenger receptor class B member 1,Concentration/ml,delta_time2_vs_time1,20,17,0.12790873347633133,"[-0.35, 0.55]",0.6017801734163923,0.9859192804439811,False
Immunoglobulin lambda variable 2-18,Concentration/ml,delta_time2_vs_time1,20,17,0.2423941954193435,"[-0.24, 0.63]",0.3173796665923291,0.9859192804439811,False
Collagen alpha-2(VI) chain,Concentration/ml,delta_time2_vs_time1,20,17,0.12725695259515515,"[-0.35, 0.55]",0.603648393167242,0.9859192804439811,False
Adiponectin,Concentration/ml,delta_time2_vs_time1,20,17,0.4015641495258438,"[-0.06, 0.72]",0.0883550234790746,0.9859192804439811,False
Nidogen-1,Concentration/ml,delta_time2_vs_time1,20,17,0.03817238792757449,"[-0.42, 0.48]",0.8767036018458201,0.9926311476947687,False
Alpha-1-antitrypsin,Concentration/ml,delta_time2_vs_time1,20,17,-0.06832629206621275,"[-0.51, 0.40]",0.7810639845060068,0.990774006958089,False
"Sushi, von Willebrand factor type A, EGF and pentraxin domain-containing protein 1",Concentration/ml,delta_time2_vs_time1,20,17,0.02976866197744221,"[-0.43, 0.48]",0.9037104253971278,0.9926311476947687,False
Complement C1s subcomponent,Concentration/ml,delta_time2_vs_time1,20,17,0.15778479521846459,"[-0.32, 0.57]",0.5188384474572674,0.9859192804439811,False
Alpha-actinin-4,Concentration/ml,delta_time2_vs_time1,20,17,-0.31471192881569277,"[-0.67, 0.16]",0.18941464759338392,0.9859192804439811,False
Complement component C1q receptor,Concentration/ml,delta_time2_vs_time1,20,17,-0.4008692162611587,"[-0.72, 0.07]",0.08895902394684141,0.9859192804439811,False
Inter-alpha-trypsin inhibitor heavy chain H3,Concentration/ml,delta_time2_vs_time1,20,17,0.38267042393320233,"[-0.09, 0.71]",0.10587252375564789,0.9859192804439811,False
Immunoglobulin kappa variable 1D-8,Concentration/ml,delta_time2_vs_time1,20,17,0.1696759367935413,"[-0.31, 0.58]",0.4873993588646901,0.9859192804439811,False
Low-density lipoprotein receptor,Concentration/ml,delta_time2_vs_time1,20,17,0.37355382246514096,"[-0.10, 0.71]",0.11516475619028901,0.9859192804439811,False
Prolactin-inducible protein,Concentration/ml,delta_time2_vs_time1,20,17,0.23839570815531017,"[-0.24, 0.62]",0.3256740676941241,0.9859192804439811,False
Hyaluronan-binding protein 2,Concentration/ml,delta_time2_vs_time1,20,17,-0.07326438553359173,"[-0.51, 0.39]",0.7656480987220236,0.990774006958089,False
N-acetylmuramoyl-L-alanine amidase,Concentration/ml,delta_time2_vs_time1,20,17,-0.017131130276348806,"[-0.47, 0.44]",0.9445056265024858,0.9926311476947687,False
Serpin A11,Concentration/ml,delta_time2_vs_time1,20,17,0.22074714660416186,"[-0.26, 0.61]",0.3637904957574576,0.9859192804439811,False
C4b-binding protein alpha chain,Concentration/ml,delta_time2_vs_time1,20,17,0.061990637060073246,"[-0.40, 0.50]",0.8009571714796033,0.990774006958089,False
Inter-alpha-trypsin inhibitor heavy chain H2,Concentration/ml,delta_time2_vs_time1,20,17,-0.0784911248942992,"[-0.51, 0.39]",0.7494225983788727,0.990774006958089,False
Fibrillin-1,Concentration/ml,delta_time2_vs_time1,20,17,-0.032078535426393405,"[-0.48, 0.43]",0.8962759213152085,0.9926311476947687,False
Golgi-associated RAB2 interactor protein 1B,Concentration/ml,delta_time2_vs_time1,20,17,0.040656564966621025,"[-0.42, 0.49]",0.8687438707695884,0.9926311476947687,False
Neurogenic locus notch homolog protein 3,Concentration/ml,delta_time2_vs_time1,20,17,-0.13132168972700065,"[-0.55, 0.34]",0.5920364845180169,0.9859192804439811,False
Immunoglobulin heavy constant alpha 1,Concentration/ml,delta_time2_vs_time1,20,17,0.06968833118306164,"[-0.40, 0.51]",0.7768038559325342,0.990774006958089,False
Apolipoprotein C-III,Concentration/ml,delta_time2_vs_time1,20,17,0.011079986259559148,"[-0.45, 0.46]",0.9640923115533725,0.9926311476947687,False
Glutathione peroxidase 3,Concentration/ml,delta_time2_vs_time1,20,17,-0.17201203560060718,"[-0.58, 0.31]",0.48133497868870034,0.9859192804439811,False
Contactin-1,Concentration/ml,delta_time2_vs_time1,20,17,-0.14817274224115007,"[-0.56, 0.33]",0.544926822689393,0.9859192804439811,False
Stomatin,Concentration/ml,delta_time2_vs_time1,20,17,0.6228470479553411,"[0.24, 0.84]",0.004392662906437226,0.7584664618448277,False
Immunoglobulin heavy variable 3-13,Concentration/ml,delta_time2_vs_time1,20,17,0.24527642113419887,"[-0.24, 0.63]",0.3114796445586655,0.9859192804439811,False
Immunoglobulin heavy variable 1-69-2,Concentration/ml,delta_time2_vs_time1,20,17,-0.3624605244783826,"[-0.70, 0.11]",0.1272397285817764,0.9859192804439811,False
Apolipoprotein E,Concentration/ml,delta_time2_vs_time1,20,17,0.288114463738593,"[-0.19, 0.66]",0.23162818274033956,0.9859192804439811,False
Mucosal addressin cell adhesion molecule 1,Concentration/ml,delta_time2_vs_time1,20,17,-0.09496560631906328,"[-0.53, 0.38]",0.6989641793973325,0.986548896261085,False
Protein S100-A11,Concentration/ml,delta_time2_vs_time1,20,17,0.018113336514068972,"[-0.44, 0.47]",0.9413289552496513,0.9926311476947687,False
Complement factor H-related protein 4,Concentration/ml,delta_time2_vs_time1,20,17,0.12332681745737498,"[-0.35, 0.55]",0.6149632270951055,0.9859192804439811,False
Immunoglobulin kappa variable 1D-16,Concentration/ml,delta_time2_vs_time1,20,17,-0.05571455199129508,"[-0.50, 0.41]",0.8207796859079848,0.990774006958089,False
Immunoglobulin lambda variable 1-47,Concentration/ml,delta_time2_vs_time1,20,17,0.3699804523721257,"[-0.10, 0.71]",0.11896115392082537,0.9859192804439811,False
Fructose-bisphosphate aldolase A,Concentration/ml,delta_time2_vs_time1,20,17,-0.1333168074806391,"[-0.55, 0.34]",0.5863712799800074,0.9859192804439811,False
Thrombospondin-1,Concentration/ml,delta_time2_vs_time1,20,17,-0.059219316038580175,"[-0.50, 0.41]",0.8096965533912053,0.990774006958089,False
Aminopeptidase N,Concentration/ml,delta_time2_vs_time1,20,17,0.2536741940078513,"[-0.23, 0.63]",0.2946669314004374,0.9859192804439811,False
Apolipoprotein M,Concentration/ml,delta_time2_vs_time1,20,17,0.0661753654649331,"[-0.40, 0.51]",0.7878036944236668,0.990774006958089,False
Immunoglobulin heavy variable 3-43,Concentration/ml,delta_time2_vs_time1,20,17,0.2328474647884129,"[-0.25, 0.62]",0.33739303056161496,0.9859192804439811,False
Cysteine-rich secretory protein 3,Concentration/ml,delta_time2_vs_time1,20,17,-0.4743265912772401,"[-0.76, -0.03]",0.0401853084886094,0.9859192804439811,False
Complement component C8 alpha chain,Concentration/ml,delta_time2_vs_time1,20,17,-0.10385949358108076,"[-0.53, 0.37]",0.672203100891178,0.9859192804439811,False
Immunoglobulin heavy variable 2-70D,Concentration/ml,delta_time2_vs_time1,20,17,-0.07239042520545294,"[-0.51, 0.39]",0.768370495183157,0.990774006958089,False
Immunoglobulin heavy variable 3-23,Concentration/ml,delta_time2_vs_time1,20,17,-0.1404743875734752,"[-0.56, 0.34]",0.5662379113807744,0.9859192804439811,False
Plasma kallikrein,Concentration/ml,delta_time2_vs_time1,20,17,0.5282788594578465,"[0.10, 0.79]",0.0200661150413365,0.9859192804439811,False
Galectin-7,Concentration/ml,delta_time2_vs_time1,20,17,-0.012147552007914052,"[-0.46, 0.44]",0.9606350163105717,0.9926311476947687,False
Extracellular superoxide dismutase [Cu-Zn],Concentration/ml,delta_time2_vs_time1,20,17,-0.13683032282847737,"[-0.56, 0.34]",0.5764505272676856,0.9859192804439811,False
Immunoglobulin heavy variable 1-8,Concentration/ml,delta_time2_vs_time1,20,17,0.0068806875691690235,"[-0.45, 0.46]",0.9776970688467175,0.9949844433449895,False
Cystatin-C,Concentration/ml,delta_time2_vs_time1,20,17,-0.12147528741410948,"[-0.55, 0.35]",0.6203229545316078,0.9859192804439811,False
Immunoglobulin lambda-like polypeptide 1,Concentration/ml,delta_time2_vs_time1,20,17,0.17015525337881976,"[-0.31, 0.58]",0.4861520333370206,0.9859192804439811,False
Inhibin beta C chain,Concentration/ml,delta_time2_vs_time1,20,17,0.30215133998797805,"[-0.18, 0.67]",0.20865464536153044,0.9859192804439811,False
Mannose-binding protein C,Concentration/ml,delta_time2_vs_time1,20,17,0.05649513413281055,"[-0.41, 0.50]",0.8183083550133603,0.990774006958089,False
IgGFc-binding protein,Concentration/ml,delta_time2_vs_time1,20,17,0.2253918599458367,"[-0.25, 0.62]",0.35352243917183457,0.9859192804439811,False
Macrophage mannose receptor 1,Concentration/ml,delta_time2_vs_time1,20,17,-0.13146952586666077,"[-0.55, 0.34]",0.5916159167970497,0.9859192804439811,False
Aromatase,Concentration/ml,delta_time2_vs_time1,20,17,0.06625514290856706,"[-0.40, 0.51]",0.7875534588086877,0.990774006958089,False
Cadherin-5,Concentration/ml,delta_time2_vs_time1,20,17,-0.0346699832593403,"[-0.48, 0.43]",0.8879450170487642,0.9926311476947687,False
Immunoglobulin kappa variable 1-8,Concentration/ml,delta_time2_vs_time1,20,17,-0.1071705743749086,"[-0.54, 0.36]",0.6623339121386476,0.9859192804439811,False
Retinol-binding protein 4,Concentration/ml,delta_time2_vs_time1,20,17,-0.24510921144874162,"[-0.63, 0.24]",0.31182012147280713,0.9859192804439811,False
Complement component C8 beta chain,Concentration/ml,delta_time2_vs_time1,20,17,-0.10915176058395455,"[-0.54, 0.36]",0.6564539343547416,0.9859192804439811,False
Tumor necrosis factor receptor superfamily member 1B,Concentration/ml,delta_time2_vs_time1,20,17,-0.29434396565726584,"[-0.66, 0.18]",0.221239611425854,0.9859192804439811,False
Formin-2,Concentration/ml,delta_time2_vs_time1,20,17,0.03581963603236581,"[-0.43, 0.48]",0.8842526978718708,0.9926311476947687,False
Scavenger receptor cysteine-rich domain-containing protein DMBT1,Concentration/ml,delta_time2_vs_time1,20,17,0.08564504367870152,"[-0.38, 0.52]",0.7273780760333075,0.9889287227959405,False
Apolipoprotein L1,Concentration/ml,delta_time2_vs_time1,20,17,0.19602407049673615,"[-0.28, 0.60]",0.4212295281737042,0.9859192804439811,False
Leucine-rich alpha-2-glycoprotein,Concentration/ml,delta_time2_vs_time1,20,17,-0.33823225867713513,"[-0.69, 0.14]",0.15666397083167283,0.9859192804439811,False
Immunoglobulin heavy variable 1-2,Concentration/ml,delta_time2_vs_time1,20,17,0.23131557357269977,"[-0.25, 0.62]",0.3406714799144033,0.9859192804439811,False
Ras-related protein Rab-10,Concentration/ml,delta_time2_vs_time1,20,17,-0.3195668022165294,"[-0.68, 0.16]",0.1823075677263184,0.9859192804439811,False
Immunoglobulin heavy variable 1-24,Concentration/ml,delta_time2_vs_time1,20,17,0.20300513866370087,"[-0.28, 0.60]",0.40454210883335073,0.9859192804439811,False
Annexin A3,Concentration/ml,delta_time2_vs_time1,20,17,0.054208753288827474,"[-0.41, 0.50]",0.8255516110233454,0.990774006958089,False
Hemoglobin subunit beta,Concentration/ml,delta_time2_vs_time1,20,17,0.3457432424509366,"[-0.13, 0.69]",0.147084096276926,0.9859192804439811,False
Immunoglobulin lambda variable 4-69,Concentration/ml,delta_time2_vs_time1,20,17,0.2963513506722311,"[-0.18, 0.66]",0.21795773817527417,0.9859192804439811,False
Elongation factor 2,Concentration/ml,delta_time2_vs_time1,20,17,-0.295851163063128,"[-0.66, 0.18]",0.21877250411485297,0.9859192804439811,False
Multiple inositol polyphosphate phosphatase 1,Concentration/ml,delta_time2_vs_time1,20,17,-0.25828645208072154,"[-0.64, 0.22]",0.28567301208984913,0.9859192804439811,False
Collagen alpha-1(VI) chain,Concentration/ml,delta_time2_vs_time1,20,17,0.2643824224894806,"[-0.22, 0.64]",0.2740475657058061,0.9859192804439811,False
Hepatocyte growth factor activator,Concentration/ml,delta_time2_vs_time1,20,17,0.10902350925527972,"[-0.36, 0.54]",0.6568339922431985,0.9859192804439811,False
Fibrinogen beta chain,Concentration/ml,delta_time2_vs_time1,20,17,-0.1735861415931613,"[-0.58, 0.30]",0.47726984583494314,0.9859192804439811,False
Hemicentin-1,Concentration/ml,delta_time2_vs_time1,20,17,0.29739203742853476,"[-0.18, 0.66]",0.21626889794809773,0.9859192804439811,False
C-type mannose receptor 2,Concentration/ml,delta_time2_vs_time1,20,17,0.2631974762809836,"[-0.22, 0.64]",0.2762839937292231,0.9859192804439811,False
Platelet glycoprotein Ib beta chain,Concentration/ml,delta_time2_vs_time1,20,17,-0.35118596893368775,"[-0.69, 0.12]",0.14040162583159452,0.9859192804439811,False
Complement C2,Concentration/ml,delta_time2_vs_time1,20,17,-0.07808719093281427,"[-0.51, 0.39]",0.7506730484160451,0.990774006958089,False
Annexin A2,Concentration/ml,delta_time2_vs_time1,20,17,0.1624060150375939,"[-0.32, 0.57]",0.5065084866015446,0.9859192804439811,False
Protein disulfide-isomerase A3,Concentration/ml,delta_time2_vs_time1,20,17,-0.3446413721737871,"[-0.69, 0.13]",0.14846336334898202,0.9859192804439811,False
Dipeptidyl peptidase 4,Concentration/ml,delta_time2_vs_time1,20,17,-0.1060819356760104,"[-0.53, 0.37]",0.6655729882957069,0.9859192804439811,False
Proteasome subunit alpha type-4,Concentration/ml,delta_time2_vs_time1,20,17,0.2034977278265637,"[-0.28, 0.60]",0.40337838770685475,0.9859192804439811,False
Coagulation factor XI,Concentration/ml,delta_time2_vs_time1,20,17,0.01370175716173084,"[-0.44, 0.47]",0.9556029651753364,0.9926311476947687,False
Collectin-11,Concentration/ml,delta_time2_vs_time1,20,17,0.22598053653124192,"[-0.25, 0.62]",0.35223306056464254,0.9859192804439811,False
High mobility group protein B1,Concentration/ml,delta_time2_vs_time1,20,17,0.054340009542206656,"[-0.41, 0.50]",0.8251354201435428,0.990774006958089,False
Immunoglobulin lambda variable 3-16,Concentration/ml,delta_time2_vs_time1,20,17,-0.2437556866410536,"[-0.63, 0.24]",0.31458440333054477,0.9859192804439811,False
Prothrombin,Concentration/ml,delta_time2_vs_time1,20,17,0.06355580950484062,"[-0.40, 0.50]",0.7960313036482782,0.990774006958089,False
Immunoglobulin kappa joining 1,Concentration/ml,delta_time2_vs_time1,20,17,0.21396213426822738,"[-0.27, 0.61]",0.3790905673630579,0.9859192804439811,False
Immunoglobulin heavy variable 3-7,Concentration/ml,delta_time2_vs_time1,20,17,-0.15359146765167764,"[-0.57, 0.32]",0.5301471710696753,0.9859192804439811,False
Immunoglobulin heavy variable 3-74,Concentration/ml,delta_time2_vs_time1,20,17,0.001760833564610707,"[-0.45, 0.46]",0.9942918359192982,0.9950985873486714,False
Ezrin,Concentration/ml,delta_time2_vs_time1,20,17,-0.17442605372282405,"[-0.58, 0.30]",0.4751077785933364,0.9859192804439811,False
Intercellular adhesion molecule 2,Concentration/ml,delta_time2_vs_time1,20,17,-0.1458866011386021,"[-0.56, 0.33]",0.5512175060883319,0.9859192804439811,False
Lysozyme C,Concentration/ml,delta_time2_vs_time1,20,17,-0.12556147731444087,"[-0.55, 0.35]",0.6085192362180105,0.9859192804439811,False
Protein AMBP,Concentration/ml,delta_time2_vs_time1,20,17,-0.03761661830880435,"[-0.48, 0.42]",0.8784859622891645,0.9926311476947687,False
Prolyl endopeptidase FAP,Concentration/ml,delta_time2_vs_time1,20,17,-0.13773946996690012,"[-0.56, 0.34]",0.5738952351340996,0.9859192804439811,False
"Actin, cytoplasmic 2",Concentration/ml,delta_time2_vs_time1,20,17,-0.2976150241938903,"[-0.66, 0.18]",0.21590814839300615,0.9859192804439811,False
Kallistatin,Concentration/ml,delta_time2_vs_time1,20,17,-0.13140981474741495,"[-0.55, 0.34]",0.5917857693793478,0.9859192804439811,False
Hemopexin,Concentration/ml,delta_time2_vs_time1,20,17,-0.07008766440504634,"[-0.51, 0.40]",0.775555987957989,0.990774006958089,False
C4b-binding protein beta chain,Concentration/ml,delta_time2_vs_time1,20,17,0.38278716128496537,"[-0.09, 0.71]",0.10575715477795135,0.9859192804439811,False
Peptidyl-prolyl cis-trans isomerase A,Concentration/ml,delta_time2_vs_time1,20,17,-0.5925703180269001,"[-0.82, -0.19]",0.007505178902960264,0.7775365343466834,False
Complement C1r subcomponent-like protein,Concentration/ml,delta_time2_vs_time1,20,17,0.14399777427704488,"[-0.33, 0.56]",0.5564392518691124,0.9859192804439811,False
Immunoglobulin heavy variable 3-30;Immunoglobulin heavy variable 3-30-5,Concentration/ml,delta_time2_vs_time1,20,17,0.16694239924108087,"[-0.31, 0.58]",0.4945427264104286,0.9859192804439811,False
Immunoglobulin lambda variable 3-9,Concentration/ml,delta_time2_vs_time1,20,17,0.26982291319225826,"[-0.21, 0.64]",0.26392404293794997,0.9859192804439811,False
Immunoglobulin heavy variable 1-45,Concentration/ml,delta_time2_vs_time1,20,17,0.3543264050796595,"[-0.12, 0.70]",0.13664385890177175,0.9859192804439811,False
Hemoglobin subunit gamma-1,Concentration/ml,delta_time2_vs_time1,20,17,0.0791175138089744,"[-0.39, 0.51]",0.7474846832935852,0.990774006958089,False
Apolipoprotein F,Concentration/ml,delta_time2_vs_time1,20,17,0.26530074146277893,"[-0.21, 0.64]",0.27232211292602326,0.9859192804439811,False
Immunoglobulin gamma-1 heavy chain,Concentration/ml,delta_time2_vs_time1,20,17,-0.09647299689555636,"[-0.53, 0.37]",0.6944035366565091,0.9859192804439811,False
Low affinity immunoglobulin gamma Fc region receptor III-B,Concentration/ml,delta_time2_vs_time1,20,17,-0.31091713620884087,"[-0.67, 0.17]",0.19509730396266908,0.9859192804439811,False
Multiple epidermal growth factor-like domains protein 8,Concentration/ml,delta_time2_vs_time1,20,17,0.34258131464804215,"[-0.13, 0.69]",0.15106605241856905,0.9859192804439811,False
Complement C4-B,Concentration/ml,delta_time2_vs_time1,20,17,0.2000233127404918,"[-0.28, 0.60]",0.41162537259467724,0.9859192804439811,False
Glyceraldehyde-3-phosphate dehydrogenase,Concentration/ml,delta_time2_vs_time1,20,17,0.05896670354494717,"[-0.41, 0.50]",0.8104942583482939,0.990774006958089,False
Complement C1r subcomponent,Concentration/ml,delta_time2_vs_time1,20,17,0.2253505062403424,"[-0.25, 0.62]",0.35361311797446926,0.9859192804439811,False
Sex hormone-binding globulin,Concentration/ml,delta_time2_vs_time1,20,17,-0.1401873236138549,"[-0.56, 0.34]",0.5670395465699758,0.9859192804439811,False
Biotinidase,Concentration/ml,delta_time2_vs_time1,20,17,-0.1256150796884862,"[-0.55, 0.35]",0.6083650015421023,0.9859192804439811,False
Cholinesterase,Concentration/ml,delta_time2_vs_time1,20,17,-0.05649513413281055,"[-0.50, 0.41]",0.8183083550133603,0.990774006958089,False
Immunoglobulin heavy variable 2-5,Concentration/ml,delta_time2_vs_time1,20,17,-0.11680316097510572,"[-0.54, 0.36]",0.6339288342009124,0.9859192804439811,False
Immunoglobulin lambda variable 1-36,Concentration/ml,delta_time2_vs_time1,20,17,-0.08029307723265743,"[-0.52, 0.39]",0.743851658313698,0.990774006958089,False
Immunoglobulin kappa variable 3-11,Concentration/ml,delta_time2_vs_time1,20,17,-0.10833586072935698,"[-0.54, 0.36]",0.6588731326228225,0.9859192804439811,False
Immunoglobulin kappa variable 6-21,Concentration/ml,delta_time2_vs_time1,20,17,0.17310753853477892,"[-0.31, 0.58]",0.4785040300142981,0.9859192804439811,False
Immunoglobulin kappa light chain,Concentration/ml,delta_time2_vs_time1,20,17,-0.1950437117255948,"[-0.60, 0.28]",0.42360193272726987,0.9859192804439811,False
Neuropilin-1,Concentration/ml,delta_time2_vs_time1,20,17,0.17463559859130995,"[-0.30, 0.58]",0.47456913918598687,0.9859192804439811,False
Ficolin-2,Concentration/ml,delta_time2_vs_time1,20,17,0.14154507803193858,"[-0.33, 0.56]",0.5632523421539001,0.9859192804439811,False
Gamma-glutamyl hydrolase,Concentration/ml,delta_time2_vs_time1,20,17,0.16461693871345193,"[-0.31, 0.58]",0.5006594502937747,0.9859192804439811,False
Keratinocyte proline-rich protein,Concentration/ml,delta_time2_vs_time1,20,17,0.0917431203036575,"[-0.38, 0.52]",0.7087468834749096,0.9871983350809337,False
Kyphoscoliosis peptidase,Concentration/ml,delta_time2_vs_time1,20,17,-0.20954527213651503,"[-0.61, 0.27]",0.3892405523515773,0.9859192804439811,False
Laminin subunit alpha-2,Concentration/ml,delta_time2_vs_time1,20,17,0.18822483780842897,"[-0.29, 0.59]",0.44029819040722507,0.9859192804439811,False
Desmoglein-1,Concentration/ml,delta_time2_vs_time1,20,17,0.20195305213156856,"[-0.28, 0.60]",0.407033717935795,0.9859192804439811,False
Immunoglobulin lambda variable 3-27,Concentration/ml,delta_time2_vs_time1,20,17,0.1292621648124502,"[-0.35, 0.55]",0.5979083838519417,0.9859192804439811,False
Myosin-9,Concentration/ml,delta_time2_vs_time1,20,17,-0.08296764036611502,"[-0.52, 0.39]",0.7356054276345214,0.990774006958089,False
Versican core protein,Concentration/ml,delta_time2_vs_time1,20,17,-0.016581296341423583,"[-0.47, 0.44]",0.9462842636430535,0.9926311476947687,False
Proteasome subunit beta type-3,Concentration/ml,delta_time2_vs_time1,20,17,0.02959013411369336,"[-0.43, 0.48]",0.9042853581833257,0.9926311476947687,False
Alpha-N-acetylglucosaminidase,Concentration/ml,delta_time2_vs_time1,20,17,0.058868343670724174,"[-0.41, 0.50]",0.810804909618413,0.990774006958089,False
Caspase-14,Concentration/ml,delta_time2_vs_time1,20,17,0.0496045342476803,"[-0.41, 0.49]",0.840178237689197,0.9913720435603737,False
Histidine-rich glycoprotein,Concentration/ml,delta_time2_vs_time1,20,17,-0.19436083212662236,"[-0.60, 0.29]",0.425258643920966,0.9859192804439811,False
"ATP synthase subunit alpha, mitochondrial",Concentration/ml,delta_time2_vs_time1,20,17,-0.25331933032844456,"[-0.63, 0.23]",0.29536597601746917,0.9859192804439811,False
Immunoglobulin kappa constant,Concentration/ml,delta_time2_vs_time1,20,17,-0.016563785727142254,"[-0.47, 0.44]",0.9463409121119122,0.9926311476947687,False
Interleukin-1 receptor accessory protein,Concentration/ml,delta_time2_vs_time1,20,17,0.029210967794843314,"[-0.43, 0.48]",0.9055065798374012,0.9926311476947687,False
Immunoglobulin lambda variable 9-49,Concentration/ml,delta_time2_vs_time1,20,17,0.10486982372479926,"[-0.37, 0.53]",0.66918612044579,0.9859192804439811,False
Plexin domain-containing protein 2,Concentration/ml,delta_time2_vs_time1,20,17,0.18657842681167022,"[-0.29, 0.59]",0.444380174117058,0.9859192804439811,False
Immunoglobulin heavy variable 4-28,Concentration/ml,delta_time2_vs_time1,20,17,0.16975392728381958,"[-0.31, 0.58]",0.48719629735191494,0.9859192804439811,False
Desmoplakin,Concentration/ml,delta_time2_vs_time1,20,17,0.12347549360232898,"[-0.35, 0.55]",0.6145336501213868,0.9859192804439811,False
Endoplasmin,Concentration/ml,delta_time2_vs_time1,20,17,-0.17334991629670193,"[-0.58, 0.30]",0.4778788072728455,0.9859192804439811,False
Heparin cofactor 2,Concentration/ml,delta_time2_vs_time1,20,17,-0.03216971552997837,"[-0.48, 0.43]",0.895982616938923,0.9926311476947687,False
Laminin subunit gamma-1,Concentration/ml,delta_time2_vs_time1,20,17,-0.003130442499247782,"[-0.46, 0.45]",0.9898520902106888,0.9950985873486714,False
Polymeric immunoglobulin receptor,Concentration/ml,delta_time2_vs_time1,20,17,0.2195488721804511,"[-0.26, 0.61]",0.36646672254742496,0.9859192804439811,False
Serum amyloid A-4 protein,Concentration/ml,delta_time2_vs_time1,20,17,-0.3423818010298232,"[-0.69, 0.13]",0.15131978489694264,0.9859192804439811,False
Catalase,Concentration/ml,delta_time2_vs_time1,20,17,0.13910094169577292,"[-0.34, 0.56]",0.5700777662382569,0.9859192804439811,False
Complement receptor type 1,Concentration/ml,delta_time2_vs_time1,20,17,-0.001543496618084507,"[-0.46, 0.45]",0.9949963767448903,0.9950985873486714,False
Immunoglobulin kappa variable 1-27,Concentration/ml,delta_time2_vs_time1,20,17,0.295851163063128,"[-0.18, 0.66]",0.21877250411485297,0.9859192804439811,False
Immunoglobulin kappa variable 2-30,Concentration/ml,delta_time2_vs_time1,20,17,-0.07130651798104028,"[-0.51, 0.40]",0.771750485044036,0.990774006958089,False
Protein-glutamine gamma-glutamyltransferase E,Concentration/ml,delta_time2_vs_time1,20,17,-0.06015037593984974,"[-0.50, 0.41]",0.8067579897778182,0.990774006958089,False
Periostin,Concentration/ml,delta_time2_vs_time1,20,17,0.09637111695791538,"[-0.37, 0.53]",0.6947114620889057,0.9859192804439811,False
Albumin,Concentration/ml,delta_time2_vs_time1,20,17,-0.3858922587634585,"[-0.71, 0.08]",0.10272159185971085,0.9859192804439811,False
Complement factor B,Concentration/ml,delta_time2_vs_time1,20,17,-0.00488044943330091,"[-0.46, 0.45]",0.9841796727222879,0.9950985873486714,False
Probable non-functional immunoglobulinn kappa variable 1-37;Probable non-functional immunoglobulinn kappa variable 1D-37,Concentration/ml,delta_time2_vs_time1,20,17,-0.3037250448837484,"[-0.67, 0.17]",0.2061762630274651,0.9859192804439811,False
Immunoglobulin lambda variable 8-61,Concentration/ml,delta_time2_vs_time1,20,17,0.21526925495835642,"[-0.26, 0.61]",0.37611544168361777,0.9859192804439811,False
Annexin A1,Concentration/ml,delta_time2_vs_time1,20,17,-0.013607700818064889,"[-0.46, 0.44]",0.9559074475989633,0.9926311476947687,False
CD5 antigen-like,Concentration/ml,delta_time2_vs_time1,20,17,0.07812645200137562,"[-0.39, 0.51]",0.7505514825670672,0.990774006958089,False
RB-associated KRAB zinc finger protein,Concentration/ml,delta_time2_vs_time1,20,17,0.022978368235698682,"[-0.44, 0.47]",0.9256077611837773,0.9926311476947687,False
Immunoglobulin lambda variable 7-46,Concentration/ml,delta_time2_vs_time1,20,17,0.22600064557063138,"[-0.25, 0.62]",0.3521890635549033,0.9859192804439811,False
Basement membrane-specific heparan sulfate proteoglycan core protein,Concentration/ml,delta_time2_vs_time1,20,17,-0.05096652906684658,"[-0.49, 0.41]",0.8358460251750673,0.990774006958089,False
Vitamin K-dependent protein C,Concentration/ml,delta_time2_vs_time1,20,17,0.1969695217062859,"[-0.28, 0.60]",0.41894832401747784,0.9859192804439811,False
Immunoglobulin lambda variable 1-40,Concentration/ml,delta_time2_vs_time1,20,17,-0.3334973779422275,"[-0.68, 0.14]",0.16291911788744107,0.9859192804439811,False
Pantetheinase,Concentration/ml,delta_time2_vs_time1,20,17,-0.4872913275145064,"[-0.77, -0.04]",0.03433182445385361,0.9859192804439811,False
Neutrophil defensin 1;Neutrophil defensin 3,Concentration/ml,delta_time2_vs_time1,20,17,0.37820516197534193,"[-0.09, 0.71]",0.11035377437535755,0.9859192804439811,False
Immunoglobulin lambda variable 2-8,Concentration/ml,delta_time2_vs_time1,20,17,-0.3120961295975387,"[-0.67, 0.17]",0.19331976171166798,0.9859192804439811,False
Immunoglobulin heavy variable 1-18,Concentration/ml,delta_time2_vs_time1,20,17,0.0173979622333897,"[-0.44, 0.47]",0.9436425519221413,0.9926311476947687,False
Immunoglobulin kappa variable 3D-15,Concentration/ml,delta_time2_vs_time1,20,17,0.027104376644413623,"[-0.43, 0.48]",0.9122951303240597,0.9926311476947687,False
Extracellular matrix protein 1,Concentration/ml,delta_time2_vs_time1,20,17,0.13836667324486002,"[-0.34, 0.56]",0.572135235582698,0.9859192804439811,False
Tubulin alpha-1B chain,Concentration/ml,delta_time2_vs_time1,20,17,-0.35530522366461753,"[-0.70, 0.12]",0.13548717749092584,0.9859192804439811,False
Immunoglobulin lambda variable 5-45,Concentration/ml,delta_time2_vs_time1,20,17,0.27535364602044926,"[-0.20, 0.65]",0.2538761227404356,0.9859192804439811,False
Alpha-2-HS-glycoprotein,Concentration/ml,delta_time2_vs_time1,20,17,-0.3052181436766541,"[-0.67, 0.17]",0.20384285060901447,0.9859192804439811,False
Cartilage acidic protein 1,Concentration/ml,delta_time2_vs_time1,20,17,0.17992404414996735,"[-0.30, 0.59]",0.46107659390045086,0.9859192804439811,False
Coagulation factor IX,Concentration/ml,delta_time2_vs_time1,20,17,0.04371432671829917,"[-0.42, 0.49]",0.8589629230808422,0.9926311476947687,False
Integrin alpha-2,Concentration/ml,delta_time2_vs_time1,20,17,0.10532653126465251,"[-0.37, 0.53]",0.6678239183208112,0.9859192804439811,False
"Mannosyl-oligosaccharide 1,2-alpha-mannosidase IA",Concentration/ml,delta_time2_vs_time1,20,17,-0.09110664005935407,"[-0.52, 0.38]",0.7106843156577906,0.9871983350809337,False
Endophilin-A3,Concentration/ml,delta_time2_vs_time1,20,17,0.18291672003832138,"[-0.30, 0.59]",0.45352862357495516,0.9859192804439811,False
Collagen alpha-1(I) chain,Concentration/ml,delta_time2_vs_time1,20,17,-0.028326688123872974,"[-0.48, 0.43]",0.908355458860264,0.9926311476947687,False
Carboxypeptidase N subunit 2,Concentration/ml,delta_time2_vs_time1,20,17,0.3686428594262845,"[-0.10, 0.70]",0.12040487863786038,0.9859192804439811,False
Scavenger receptor cysteine-rich type 1 protein M130,Concentration/ml,delta_time2_vs_time1,20,17,0.09922887325814071,"[-0.37, 0.53]",0.6860916040669006,0.9859192804439811,False
Annexin A5,Concentration/ml,delta_time2_vs_time1,20,17,-0.26264337945400107,"[-0.64, 0.22]",0.27733364464803495,0.9859192804439811,False
Platelet factor 4,Concentration/ml,delta_time2_vs_time1,20,17,-0.08877521920877887,"[-0.52, 0.38]",0.7177955490757715,0.9871983350809337,False
Immunoglobulin heavy variable 3-72,Concentration/ml,delta_time2_vs_time1,20,17,0.1910924210087274,"[-0.29, 0.59]",0.43323543570459433,0.9859192804439811,False
Protein HEG homolog 1,Concentration/ml,delta_time2_vs_time1,20,17,0.10551734035451456,"[-0.37, 0.53]",0.6672550942299069,0.9859192804439811,False
Sulfhydryl oxidase 1,Concentration/ml,delta_time2_vs_time1,20,17,-0.3397696780347585,"[-0.69, 0.14]",0.15466899697917258,0.9859192804439811,False
Corticosteroid-binding globulin,Concentration/ml,delta_time2_vs_time1,20,17,-0.08877040234107984,"[-0.52, 0.38]",0.717810264600411,0.9871983350809337,False
Angiopoietin-related protein 6,Concentration/ml,delta_time2_vs_time1,20,17,-0.14006240654213778,"[-0.56, 0.34]",0.5673885356661748,0.9859192804439811,False
72 kDa type IV collagenase,Concentration/ml,delta_time2_vs_time1,20,17,-0.33340942426878495,"[-0.68, 0.14]",0.1630369051129918,0.9859192804439811,False
Trypsin-3,Concentration/ml,delta_time2_vs_time1,20,17,0.1513068831672005,"[-0.33, 0.57]",0.536355778777788,0.9859192804439811,False
Complement component C9,Concentration/ml,delta_time2_vs_time1,20,17,-0.27098333346224446,"[-0.65, 0.21]",0.26179550833205306,0.9859192804439811,False
Pyruvate kinase PKM,Concentration/ml,delta_time2_vs_time1,20,17,-0.030368880019784664,"[-0.48, 0.43]",0.9017778155830007,0.9926311476947687,False
Immunoglobulin heavy variable 4-34,Concentration/ml,delta_time2_vs_time1,20,17,0.04612258072870019,"[-0.42, 0.49]",0.8512733246580014,0.9926311476947687,False
Immunoglobulin kappa variable 6D-21,Concentration/ml,delta_time2_vs_time1,20,17,0.2701119081647941,"[-0.21, 0.65]",0.26339293477422215,0.9859192804439811,False
Immunoglobulin lambda-1 light chain,Concentration/ml,delta_time2_vs_time1,20,17,-0.08121522125241785,"[-0.52, 0.39]",0.7410054317218868,0.990774006958089,False
Transforming growth factor-beta-induced protein ig-h3,Concentration/ml,delta_time2_vs_time1,20,17,0.13061750634896951,"[-0.34, 0.55]",0.5940414708905382,0.9859192804439811,False
Complement C1q subcomponent subunit A,Concentration/ml,delta_time2_vs_time1,20,17,0.5200497488901067,"[0.09, 0.79]",0.022464395103566216,0.9859192804439811,False
Prolow-density lipoprotein receptor-related protein 1,Concentration/ml,delta_time2_vs_time1,20,17,0.20068070820070807,"[-0.28, 0.60]",0.4100580290277649,0.9859192804439811,False
Immunoglobulin heavy constant mu,Concentration/ml,delta_time2_vs_time1,20,17,0.1145616838134725,"[-0.36, 0.54]",0.640496802521263,0.9859192804439811,False
UV-stimulated scaffold protein A,Concentration/ml,delta_time2_vs_time1,20,17,-0.07094390134677045,"[-0.51, 0.40]",0.7728821290417408,0.990774006958089,False
Complement component C6,Concentration/ml,delta_time2_vs_time1,20,17,0.32515505443911724,"[-0.15, 0.68]",0.17435191781295875,0.9859192804439811,False
Angiotensinogen,Concentration/ml,delta_time2_vs_time1,20,17,-0.0885504938640845,"[-0.52, 0.38]",0.7184821859565869,0.9871983350809337,False
Pregnancy zone protein,Concentration/ml,delta_time2_vs_time1,20,17,0.3659832377219971,"[-0.11, 0.70]",0.12331244694106287,0.9859192804439811,False
Histone H2A type 1-B/E;Histone H2A type 3;Histone H2A type 1-C,Concentration/ml,delta_time2_vs_time1,20,17,-0.16975392728381958,"[-0.58, 0.31]",0.48719629735191494,0.9859192804439811,False
Desmocollin-1,Concentration/ml,delta_time2_vs_time1,20,17,0.2529989414689402,"[-0.23, 0.63]",0.2959979746520579,0.9859192804439811,False
Protein Z-dependent protease inhibitor,Concentration/ml,delta_time2_vs_time1,20,17,-0.12432268676588634,"[-0.55, 0.35]",0.61208811066624,0.9859192804439811,False
Immunoglobulin kappa variable 1-17,Concentration/ml,delta_time2_vs_time1,20,17,0.09188515330041609,"[-0.38, 0.52]",0.7083147711715614,0.9871983350809337,False
Fibronectin,Concentration/ml,delta_time2_vs_time1,20,17,0.16399195210683784,"[-0.31, 0.58]",0.5023095569065081,0.9859192804439811,False
Probable non-functional immunoglobulin heavy variable 3-38,Concentration/ml,delta_time2_vs_time1,20,17,-0.177250755400395,"[-0.58, 0.30]",0.467872539423864,0.9859192804439811,False
Nucleoside diphosphate kinase 3,Concentration/ml,delta_time2_vs_time1,20,17,-0.26786858250290896,"[-0.64, 0.21]",0.26753326300123087,0.9859192804439811,False
Plasma protease C1 inhibitor,Concentration/ml,delta_time2_vs_time1,20,17,0.1360770081806475,"[-0.34, 0.56]",0.5785715149270763,0.9859192804439811,False
Immunoglobulin kappa variable 1-16,Concentration/ml,delta_time2_vs_time1,20,17,0.21024568975518956,"[-0.27, 0.61]",0.38762105025058224,0.9859192804439811,False
F-actin-capping protein subunit alpha-1,Concentration/ml,delta_time2_vs_time1,20,17,-0.4626493416822059,"[-0.76, -0.01]",0.0460890069932278,0.9859192804439811,False
Cathepsin D,Concentration/ml,delta_time2_vs_time1,20,17,0.10432570627182979,"[-0.37, 0.53]",0.6708103282778424,0.9859192804439811,False
Anthrax toxin receptor 2,Concentration/ml,delta_time2_vs_time1,20,17,0.13683032282847737,"[-0.34, 0.56]",0.5764505272676856,0.9859192804439811,False
Talin-1,Concentration/ml,delta_time2_vs_time1,20,17,-0.3492711971826194,"[-0.69, 0.12]",0.14272788821931795,0.9859192804439811,False
Protein disulfide-isomerase,Concentration/ml,delta_time2_vs_time1,20,17,-0.22750743204834561,"[-0.62, 0.25]",0.34890132931564233,0.9859192804439811,False
Junction plakoglobin,Concentration/ml,delta_time2_vs_time1,20,17,0.13566515188437575,"[-0.34, 0.56]",0.5797325198145964,0.9859192804439811,False
Tenascin,Concentration/ml,delta_time2_vs_time1,20,17,0.19551812523730228,"[-0.28, 0.60]",0.4224529971708466,0.9859192804439811,False
Cadherin-related family member 5,Concentration/ml,delta_time2_vs_time1,20,17,0.20150375939849624,"[-0.28, 0.60]",0.4081002855536734,0.9859192804439811,False
Kininogen-1,Concentration/ml,delta_time2_vs_time1,20,17,-0.018688505756016882,"[-0.47, 0.44]",0.9394691219772205,0.9926311476947687,False
Alpha-1-antichymotrypsin,Concentration/ml,delta_time2_vs_time1,20,17,-0.11871413849527783,"[-0.54, 0.35]",0.6283498885990126,0.9859192804439811,False
Integrin alpha-IIb,Concentration/ml,delta_time2_vs_time1,20,17,-0.350156016355345,"[-0.69, 0.12]",0.1416496035645249,0.9859192804439811,False
Serum amyloid P-component,Concentration/ml,delta_time2_vs_time1,20,17,-0.2809121401830091,"[-0.65, 0.20]",0.2440249266786893,0.9859192804439811,False
Inter-alpha-trypsin inhibitor heavy chain H1,Concentration/ml,delta_time2_vs_time1,20,17,0.1715317794881489,"[-0.31, 0.58]",0.482578640106314,0.9859192804439811,False
Probable non-functional immunoglobulin heavy variable 3-35,Concentration/ml,delta_time2_vs_time1,20,17,0.07698168018479318,"[-0.39, 0.51]",0.7540983914952087,0.990774006958089,False
Immunoglobulin kappa variable 1-5,Concentration/ml,delta_time2_vs_time1,20,17,0.20604602428854146,"[-0.27, 0.60]",0.39738731206169275,0.9859192804439811,False
Band 3 anion transport protein,Concentration/ml,delta_time2_vs_time1,20,17,0.4844004048695014,"[0.04, 0.77]",0.035575852373334535,0.9859192804439811,False
Immunoglobulin lambda variable 7-43,Concentration/ml,delta_time2_vs_time1,20,17,-0.20629442223803782,"[-0.60, 0.27]",0.3968059463456559,0.9859192804439811,False
Peroxiredoxin-1,Concentration/ml,delta_time2_vs_time1,20,17,0.049631524098699614,"[-0.41, 0.49]",0.8400923456278948,0.9913720435603737,False
Matrix metalloproteinase-9,Concentration/ml,delta_time2_vs_time1,20,17,0.3597561296838621,"[-0.11, 0.70]",0.13031407749972138,0.9859192804439811,False
Multimerin-2,Concentration/ml,delta_time2_vs_time1,20,17,0.039192154988819984,"[-0.42, 0.48]",0.8734346784816399,0.9926311476947687,False
Immunoglobulin heavy variable 1-3,Concentration/ml,delta_time2_vs_time1,20,17,0.02581354801681736,"[-0.43, 0.47]",0.916457767440519,0.9926311476947687,False
Podocalyxin,Concentration/ml,delta_time2_vs_time1,20,17,0.6679648859334302,"[0.31, 0.86]",0.0017748460366399607,0.7584664618448277,False
Immunoglobulin lambda variable 1-51,Concentration/ml,delta_time2_vs_time1,20,17,0.2726766363969575,"[-0.21, 0.65]",0.25870891024420756,0.9859192804439811,False
Cadherin-13,Concentration/ml,delta_time2_vs_time1,20,17,-0.08295672623006506,"[-0.52, 0.39]",0.7356390226539429,0.990774006958089,False
Plastin-2,Concentration/ml,delta_time2_vs_time1,20,17,0.08978406644552468,"[-0.38, 0.52]",0.7147156257566611,0.9871983350809337,False
Inter-alpha-trypsin inhibitor heavy chain H4,Concentration/ml,delta_time2_vs_time1,20,17,0.18295290355717767,"[-0.30, 0.59]",0.4534377529100587,0.9859192804439811,False
Fructose-bisphosphate aldolase B,Concentration/ml,delta_time2_vs_time1,20,17,-0.3459809392514362,"[-0.69, 0.13]",0.1467877298884974,0.9859192804439811,False
Mannan-binding lectin serine protease 2,Concentration/ml,delta_time2_vs_time1,20,17,0.11154690266048696,"[-0.36, 0.54]",0.6493711331975529,0.9859192804439811,False
Platelet glycoprotein 4,Concentration/ml,delta_time2_vs_time1,20,17,-0.41008796740145287,"[-0.73, 0.05]",0.08118878101131984,0.9859192804439811,False
Hemoglobin subunit alpha,Concentration/ml,delta_time2_vs_time1,20,17,0.3843548394058354,"[-0.08, 0.71]",0.10421661392922499,0.9859192804439811,False
Immunoglobulin lambda variable 3-10,Concentration/ml,delta_time2_vs_time1,20,17,0.3602663477818418,"[-0.11, 0.70]",0.12973009641869532,0.9859192804439811,False
Serum paraoxonase/lactonase 3,Concentration/ml,delta_time2_vs_time1,20,17,0.27635680818004177,"[-0.20, 0.65]",0.25207992705117616,0.9859192804439811,False
Dopamine beta-hydroxylase,Concentration/ml,delta_time2_vs_time1,20,17,0.09637111695791538,"[-0.37, 0.53]",0.6947114620889057,0.9859192804439811,False
Triosephosphate isomerase,Concentration/ml,delta_time2_vs_time1,20,17,-0.2803746472277098,"[-0.65, 0.20]",0.24496670278234658,0.9859192804439811,False
Endoplasmic reticulum chaperone BiP,Concentration/ml,delta_time2_vs_time1,20,17,-0.1007751041287974,"[-0.53, 0.37]",0.6814430495577495,0.9859192804439811,False
Suprabasin,Concentration/ml,delta_time2_vs_time1,20,17,-0.03316259268284685,"[-0.48, 0.43]",0.8927896147988565,0.9926311476947687,False
Immunoglobulin kappa variable 3-20,Concentration/ml,delta_time2_vs_time1,20,17,-0.027133030376875273,"[-0.48, 0.43]",0.9122027527831493,0.9926311476947687,False
Ficolin-1,Concentration/ml,delta_time2_vs_time1,20,17,0.22292580685538452,"[-0.26, 0.61]",0.3589532267404928,0.9859192804439811,False
Autotaxin,Concentration/ml,delta_time2_vs_time1,20,17,-0.14736842105263148,"[-0.56, 0.33]",0.547136342859228,0.9859192804439811,False
Histidine ammonia-lyase,Concentration/ml,delta_time2_vs_time1,20,17,-0.09022274525641141,"[-0.52, 0.38]",0.713377689937011,0.9871983350809337,False
Noelin,Concentration/ml,delta_time2_vs_time1,20,17,-0.24583017825358175,"[-0.63, 0.23]",0.3103536600516637,0.9859192804439811,False
Prenylcysteine oxidase 1,Concentration/ml,delta_time2_vs_time1,20,17,0.2692134185959775,"[-0.21, 0.64]",0.26504635574166324,0.9859192804439811,False
Immunoglobulin delta heavy chain,Concentration/ml,delta_time2_vs_time1,20,17,0.051158600899974045,"[-0.41, 0.49]",0.8352354469833668,0.990774006958089,False
Antithrombin-III,Concentration/ml,delta_time2_vs_time1,20,17,-0.11585918439111804,"[-0.54, 0.36]",0.636691713613527,0.9859192804439811,False
Complement component C7,Concentration/ml,delta_time2_vs_time1,20,17,0.10301753305322152,"[-0.37, 0.53]",0.6747209789876154,0.9859192804439811,False
BOS complex subunit NOMO3;BOS complex subunit NOMO1;BOS complex subunit NOMO2,Concentration/ml,delta_time2_vs_time1,20,17,-0.2623768891822181,"[-0.64, 0.22]",0.27783934684280454,0.9859192804439811,False
Cofilin-1,Concentration/ml,delta_time2_vs_time1,20,17,-0.159783401108265,"[-0.57, 0.32]",0.5134887042572487,0.9859192804439811,False
Histone H4,Concentration/ml,delta_time2_vs_time1,20,17,-0.3186333728683545,"[-0.68, 0.16]",0.1836598606929234,0.9859192804439811,False
Serum amyloid A-1 protein,Concentration/ml,delta_time2_vs_time1,20,17,0.18547431794922342,"[-0.29, 0.59]",0.44712856387440403,0.9859192804439811,False
Transferrin receptor protein 1,Concentration/ml,delta_time2_vs_time1,20,17,-0.11530645182175073,"[-0.54, 0.36]",0.6383116162150317,0.9859192804439811,False
Serpin B12,Concentration/ml,delta_time2_vs_time1,20,17,0.11113175650208679,"[-0.36, 0.54]",0.6505967432669872,0.9859192804439811,False
Immunoglobulin kappa variable 3D-20,Concentration/ml,delta_time2_vs_time1,20,17,0.10146967760314095,"[-0.37, 0.53]",0.6793584590395837,0.9859192804439811,False
Probable non-functional immunoglobulin heavy variable 3-16,Concentration/ml,delta_time2_vs_time1,20,17,-0.30943616544867925,"[-0.67, 0.17]",0.19734551117419755,0.9859192804439811,False
Immunoglobulin lambda variable 6-57,Concentration/ml,delta_time2_vs_time1,20,17,-0.04363527723821307,"[-0.49, 0.42]",0.859215539457861,0.9926311476947687,False
Fibrinogen alpha chain,Concentration/ml,delta_time2_vs_time1,20,17,-0.08657749264389894,"[-0.52, 0.38]",0.7245194083099378,0.9876343513277573,False
Galectin-3-binding protein,Concentration/ml,delta_time2_vs_time1,20,17,0.18868058868821946,"[-0.29, 0.59]",0.4391717012487504,0.9859192804439811,False
Macrophage colony-stimulating factor 1 receptor,Concentration/ml,delta_time2_vs_time1,20,17,-0.38177085778546704,"[-0.71, 0.09]",0.10676458708003943,0.9859192804439811,False
Phosphatidylinositol-glycan-specific phospholipase D,Concentration/ml,delta_time2_vs_time1,20,17,-0.03822489680013485,"[-0.48, 0.42]",0.8765352344411771,0.9926311476947687,False
Serotransferrin,Concentration/ml,delta_time2_vs_time1,20,17,-0.10352576216703203,"[-0.53, 0.37]",0.6732007249073119,0.9859192804439811,False
Integrin alpha-11,Concentration/ml,delta_time2_vs_time1,20,17,0.00308699323616904,"[-0.45, 0.46]",0.9899929322948076,0.9950985873486714,False
Proprotein convertase subtilisin/kexin type 9,Concentration/ml,delta_time2_vs_time1,20,17,-0.12662080842541742,"[-0.55, 0.35]",0.6054740727150671,0.9859192804439811,False
Gelsolin,Concentration/ml,delta_time2_vs_time1,20,17,0.090707742099777,"[-0.38, 0.52]",0.7118994197546912,0.9871983350809337,False
Proteoglycan 4,Concentration/ml,delta_time2_vs_time1,20,17,0.36813863568257416,"[-0.10, 0.70]",0.12095232865699575,0.9859192804439811,False
Vascular cell adhesion protein 1,Concentration/ml,delta_time2_vs_time1,20,17,-0.1651385507837327,"[-0.58, 0.31]",0.4992842779432889,0.9859192804439811,False
Adhesion G protein-coupled receptor F5,Concentration/ml,delta_time2_vs_time1,20,17,0.16665129009437946,"[-0.31, 0.58]",0.4953064452125798,0.9859192804439811,False
Insulin-like growth factor-binding protein 3,Concentration/ml,delta_time2_vs_time1,20,17,0.6313871589969706,"[0.25, 0.84]",0.003739649903436362,0.7584664618448277,False
Transthyretin,Concentration/ml,delta_time2_vs_time1,20,17,-0.2098593256319382,"[-0.61, 0.27]",0.38851393743130636,0.9859192804439811,False
Coiled-coil domain-containing protein 126,Concentration/ml,delta_time2_vs_time1,20,17,0.3447284207243076,"[-0.13, 0.69]",0.14835407513316154,0.9859192804439811,False
Guanine nucleotide-binding protein G(i) subunit alpha-2,Concentration/ml,delta_time2_vs_time1,20,17,0.15986837317364086,"[-0.32, 0.57]",0.5132618361828497,0.9859192804439811,False
Apolipoprotein C-I,Concentration/ml,delta_time2_vs_time1,20,17,-0.003018889419011506,"[-0.46, 0.45]",0.9902136934210678,0.9950985873486714,False
Syntenin-1,Concentration/ml,delta_time2_vs_time1,20,17,0.17894736842105266,"[-0.30, 0.59]",0.46355363606350364,0.9859192804439811,False
Phospholipid transfer protein,Concentration/ml,delta_time2_vs_time1,20,17,-0.010901628357676465,"[-0.46, 0.45]",0.9646699822867801,0.9926311476947687,False
Laminin subunit beta-1,Concentration/ml,delta_time2_vs_time1,20,17,0.023499532499528106,"[-0.44, 0.47]",0.9239251005471132,0.9926311476947687,False
Proline-rich protein 4,Concentration/ml,delta_time2_vs_time1,20,17,-0.19132394412464387,"[-0.59, 0.29]",0.43266781401266763,0.9859192804439811,False
Immunoglobulin kappa variable 2-28;Immunoglobulin kappa variable 2D-28,Concentration/ml,delta_time2_vs_time1,20,17,0.14919691131662524,"[-0.33, 0.57]",0.542119208700612,0.9859192804439811,False
Complement C3,Concentration/ml,delta_time2_vs_time1,20,17,-0.015318912157132535,"[-0.47, 0.44]",0.9503688103071659,0.9926311476947687,False
Thyroxine-binding globulin,Concentration/ml,delta_time2_vs_time1,20,17,-0.18626132870523987,"[-0.59, 0.29]",0.44516860879405595,0.9859192804439811,False
Immunoglobulin kappa variable 1D-13;Immunoglobulin kappa variable 1-13,Concentration/ml,delta_time2_vs_time1,20,17,-0.06893510470709618,"[-0.51, 0.40]",0.7791590203336461,0.990774006958089,False
Complement factor H-related protein 5,Concentration/ml,delta_time2_vs_time1,20,17,0.23250861201004674,"[-0.25, 0.62]",0.3381166283008594,0.9859192804439811,False
Immunoglobulin lambda variable 2-23,Concentration/ml,delta_time2_vs_time1,20,17,-0.12488717278523125,"[-0.55, 0.35]",0.6104608196634337,0.9859192804439811,False
Coagulation factor VII,Concentration/ml,delta_time2_vs_time1,20,17,-0.05489786672459427,"[-0.50, 0.41]",0.8233670509762607,0.990774006958089,False
Immunoglobulin heavy constant gamma 4,Concentration/ml,delta_time2_vs_time1,20,17,0.12363805231028935,"[-0.35, 0.55]",0.6140640990622115,0.9859192804439811,False
L-lactate dehydrogenase B chain,Concentration/ml,delta_time2_vs_time1,20,17,-0.4064854624646832,"[-0.73, 0.06]",0.08416325979960623,0.9859192804439811,False
Zinc-alpha-2-glycoprotein,Concentration/ml,delta_time2_vs_time1,20,17,-0.1899312126381263,"[-0.59, 0.29]",0.43608824768396326,0.9859192804439811,False
"Dihydrolipoyllysine-residue succinyltransferase component of 2-oxoglutarate dehydrogenase complex, mitochondrial",Concentration/ml,delta_time2_vs_time1,20,17,0.07980733123077373,"[-0.39, 0.52]",0.7453522108752038,0.990774006958089,False
Serpin B3,Concentration/ml,delta_time2_vs_time1,20,17,0.18069483611771944,"[-0.30, 0.59]",0.45912647002714724,0.9859192804439811,False
Immunoglobulin heavy variable 3-33,Concentration/ml,delta_time2_vs_time1,20,17,0.01962278122357498,"[-0.44, 0.47]",0.9364487474367273,0.9926311476947687,False
Follistatin-related protein 1,Concentration/ml,delta_time2_vs_time1,20,17,0.27981243417591756,"[-0.20, 0.65]",0.24595426794918585,0.9859192804439811,False
Cholesteryl ester transfer protein,Concentration/ml,delta_time2_vs_time1,20,17,-0.3607682226255502,"[-0.70, 0.11]",0.12915746712440287,0.9859192804439811,False
Complement C1q subcomponent subunit C,Concentration/ml,delta_time2_vs_time1,20,17,0.33036458934395585,"[-0.15, 0.68]",0.16715054937192528,0.9859192804439811,False
Immunoglobulin heavy variable 4-30-2,Concentration/ml,delta_time2_vs_time1,20,17,0.31655202106354363,"[-0.16, 0.67]",0.1866994432047331,0.9859192804439811,False
Thrombospondin-4,Concentration/ml,delta_time2_vs_time1,20,17,0.26360368751853624,"[-0.22, 0.64]",0.27551605464940737,0.9859192804439811,False
Transketolase,Concentration/ml,delta_time2_vs_time1,20,17,-0.006018658929408567,"[-0.46, 0.45]",0.980490689951042,0.9950985873486714,False
Complement receptor type 2,Concentration/ml,delta_time2_vs_time1,20,17,-0.2279261511353692,"[-0.62, 0.25]",0.34799086032256654,0.9859192804439811,False
Immunoglobulin kappa variable 2-40;Immunoglobulin kappa variable 2D-40,Concentration/ml,delta_time2_vs_time1,20,17,-0.03611195357645249,"[-0.48, 0.43]",0.8833142280464356,0.9926311476947687,False
Immunoglobulin kappa variable 3D-7,Concentration/ml,delta_time2_vs_time1,20,17,0.48906008587986455,"[0.04, 0.77]",0.033587492386244075,0.9859192804439811,False
Immunoglobulin heavy variable 3-64,Concentration/ml,delta_time2_vs_time1,20,17,0.13436680550506314,"[-0.34, 0.55]",0.5833989817249267,0.9859192804439811,False
Vitronectin,Concentration/ml,delta_time2_vs_time1,20,17,-0.14606247413934115,"[-0.56, 0.33]",0.5507324141255585,0.9859192804439811,False
Complement component C8 gamma chain,Concentration/ml,delta_time2_vs_time1,20,17,-0.13529290347085424,"[-0.56, 0.34]",0.5807827251287254,0.9859192804439811,False
Immunoglobulin heavy variable 5-51,Concentration/ml,delta_time2_vs_time1,20,17,0.4324224926629475,"[-0.03, 0.74]",0.06444903946093783,0.9859192804439811,False
Coagulation factor V,Concentration/ml,delta_time2_vs_time1,20,17,-0.2812030075187968,"[-0.65, 0.20]",0.24351624373877695,0.9859192804439811,False
Protein S100-A7,Concentration/ml,delta_time2_vs_time1,20,17,0.13021190240016076,"[-0.34, 0.55]",0.595197605860065,0.9859192804439811,False
Arginase-1,Concentration/ml,delta_time2_vs_time1,20,17,0.15810886375908004,"[-0.32, 0.57]",0.5179692281573418,0.9859192804439811,False
Protein-glutamine gamma-glutamyltransferase K,Concentration/ml,delta_time2_vs_time1,20,17,0.03165520210635432,"[-0.43, 0.48]",0.897637850554914,0.9926311476947687,False
Immunoglobulin kappa variable 4-1,Concentration/ml,delta_time2_vs_time1,20,17,0.10915677439125729,"[-0.36, 0.54]",0.6564390781600151,0.9859192804439811,False
Coagulation factor XIII B chain,Concentration/ml,delta_time2_vs_time1,20,17,-0.07427358439209833,"[-0.51, 0.39]",0.7625077034803833,0.990774006958089,False
Apolipoprotein C-II,Concentration/ml,delta_time2_vs_time1,20,17,0.0713668680464939,"[-0.40, 0.51]",0.7715621889786954,0.990774006958089,False
Bone marrow proteoglycan,Concentration/ml,delta_time2_vs_time1,20,17,-0.06921457768820061,"[-0.51, 0.40]",0.7782849570236867,0.990774006958089,False
Apolipoprotein A-I,Concentration/ml,delta_time2_vs_time1,20,17,-0.22309380532097356,"[-0.61, 0.26]",0.35858175319002195,0.9859192804439811,False
Coagulation factor X,Concentration/ml,delta_time2_vs_time1,20,17,-0.10749794602965242,"[-0.54, 0.36]",0.6613609866417895,0.9859192804439811,False
Thioredoxin,Concentration/ml,delta_time2_vs_time1,20,17,-0.12226502146996622,"[-0.55, 0.35]",0.61803460569598,0.9859192804439811,False
Immunoglobulin heavy variable 3-15,Concentration/ml,delta_time2_vs_time1,20,17,0.1541801724871391,"[-0.32, 0.57]",0.528552696425769,0.9859192804439811,False
Proteasome subunit beta type-2,Concentration/ml,delta_time2_vs_time1,20,17,0.19148640196415556,"[-0.29, 0.59]",0.4322697522364596,0.9859192804439811,False
Apolipoprotein A-II,Concentration/ml,delta_time2_vs_time1,20,17,0.03796110002473099,"[-0.42, 0.48]",0.8773811384422185,0.9926311476947687,False
Immunoglobulin heavy constant gamma 2,Concentration/ml,delta_time2_vs_time1,20,17,-0.12209863669593846,"[-0.55, 0.35]",0.6185164464964937,0.9859192804439811,False
Plakophilin-1,Concentration/ml,delta_time2_vs_time1,20,17,-0.021103468070902815,"[-0.47, 0.44]",0.9316636230749367,0.9926311476947687,False
Fetuin-B,Concentration/ml,delta_time2_vs_time1,20,17,-0.09188515330041609,"[-0.52, 0.38]",0.7083147711715614,0.9871983350809337,False
Complement factor H-related protein 3,Concentration/ml,delta_time2_vs_time1,20,17,0.166308243312742,"[-0.31, 0.58]",0.4962071552662103,0.9859192804439811,False
Plasminogen,Concentration/ml,delta_time2_vs_time1,20,17,-0.21600053244809375,"[-0.61, 0.26]",0.37445671692572147,0.9859192804439811,False
Fermitin family homolog 3,Concentration/ml,delta_time2_vs_time1,20,17,-0.1533628440999124,"[-0.57, 0.32]",0.5307669831929098,0.9859192804439811,False
Immunoglobulin heavy variable 3-21,Concentration/ml,delta_time2_vs_time1,20,17,-0.04517396107402283,"[-0.49, 0.42]",0.8543007890912646,0.9926311476947687,False
Immunoglobulin heavy variable 2-26,Concentration/ml,delta_time2_vs_time1,20,17,-0.26917293233082706,"[-0.64, 0.21]",0.2651210120722973,0.9859192804439811,False
Immunoglobulin kappa variable 1-12;Immunoglobulin kappa variable 1D-12,Concentration/ml,delta_time2_vs_time1,20,17,0.1364124691811211,"[-0.34, 0.56]",0.5776265994688907,0.9859192804439811,False
Immunoglobulin heavy constant gamma 3,Concentration/ml,delta_time2_vs_time1,20,17,-0.1706535486961909,"[-0.58, 0.31]",0.48485698445164704,0.9859192804439811,False
Immunoglobulin kappa variable 2D-29,Concentration/ml,delta_time2_vs_time1,20,17,0.18844243303983663,"[-0.29, 0.59]",0.43976016793430583,0.9859192804439811,False
Neogenin,Concentration/ml,delta_time2_vs_time1,20,17,0.24151115352092067,"[-0.24, 0.63]",0.31920051179254144,0.9859192804439811,False
Immunoglobulin heavy variable 6-1,Concentration/ml,delta_time2_vs_time1,20,17,0.4175721002720405,"[-0.05, 0.73]",0.07525803025439332,0.9859192804439811,False
L-selectin,Concentration/ml,delta_time2_vs_time1,20,17,-0.09798038747204929,"[-0.53, 0.37]",0.6898529246101919,0.9859192804439811,False
Immunoglobulin lambda constant 3,Concentration/ml,delta_time2_vs_time1,20,17,-0.14169471419034835,"[-0.56, 0.33]",0.5628356389493345,0.9859192804439811,False
A disintegrin and metalloproteinase with thrombospondin motifs 13,Concentration/ml,delta_time2_vs_time1,20,17,-0.024695945889352658,"[-0.47, 0.43]",0.9200634731064692,0.9926311476947687,False
von Willebrand factor,Concentration/ml,delta_time2_vs_time1,20,17,0.051627096033634176,"[-0.41, 0.49]",0.8337465243510135,0.990774006958089,False
Neutral alpha-glucosidase AB,Concentration/ml,delta_time2_vs_time1,20,17,0.15280616519036902,"[-0.32, 0.57]",0.5322775687475005,0.9859192804439811,False
Carbonic anhydrase 1,Concentration/ml,delta_time2_vs_time1,20,17,0.2675025254093594,"[-0.21, 0.64]",0.26821269954826504,0.9859192804439811,False
Immunoglobulin lambda variable 4-60,Concentration/ml,delta_time2_vs_time1,20,17,0.045806865513090066,"[-0.42, 0.49]",0.8522806923703068,0.9926311476947687,False
Integrin beta-1,Concentration/ml,delta_time2_vs_time1,20,17,-0.12556147731444087,"[-0.55, 0.35]",0.6085192362180105,0.9859192804439811,False
Immunoglobulin lambda variable 3-12,Concentration/ml,delta_time2_vs_time1,20,17,0.11585918439111804,"[-0.36, 0.54]",0.636691713613527,0.9859192804439811,False
Alpha-amylase 1B;Alpha-amylase 1C;Alpha-amylase 1A,Concentration/ml,delta_time2_vs_time1,20,17,0.04122617896178093,"[-0.42, 0.49]",0.8669204043460454,0.9926311476947687,False
Lumican,Concentration/ml,delta_time2_vs_time1,20,17,-0.05715145199244198,"[-0.50, 0.41]",0.8162317139218699,0.990774006958089,False
Beta-Ala-His dipeptidase,Concentration/ml,delta_time2_vs_time1,20,17,-0.13154110790795975,"[-0.55, 0.34]",0.5914123233442827,0.9859192804439811,False
Immunoglobulin alpha-2 heavy chain,Concentration/ml,delta_time2_vs_time1,20,17,0.015039855787484834,"[-0.44, 0.47]",0.9512718832566516,0.9926311476947687,False
Complement C5,Concentration/ml,delta_time2_vs_time1,20,17,0.008269072771511708,"[-0.45, 0.46]",0.9731981924651344,0.9943129461478099,False
Protein S100-A8,Concentration/ml,delta_time2_vs_time1,20,17,0.31403769922121505,"[-0.16, 0.67]",0.1904161092159796,0.9859192804439811,False
Immunoglobulin lambda variable 3-25,Concentration/ml,delta_time2_vs_time1,20,17,0.38669883621451057,"[-0.08, 0.72]",0.10194348164254609,0.9859192804439811,False
Leukocyte immunoglobulin-like receptor subfamily B member 3;Leukocyte immunoglobulin-like receptor subfamily A member 6,Concentration/ml,delta_time2_vs_time1,20,17,-0.09926304819739969,"[-0.53, 0.37]",0.6859887438387107,0.9859192804439811,False
Collagen alpha-3(VI) chain,Concentration/ml,delta_time2_vs_time1,20,17,0.2306129036435016,"[-0.25, 0.62]",0.34218146488980805,0.9859192804439811,False
Immunoglobulin kappa variable 1-39;Immunoglobulin kappa variable 1D-39,Concentration/ml,delta_time2_vs_time1,20,17,0.2680321690392023,"[-0.21, 0.64]",0.2672299787182798,0.9859192804439811,False
Bleomycin hydrolase,Concentration/ml,delta_time2_vs_time1,20,17,0.14605483897421737,"[-0.33, 0.56]",0.5507534694330082,0.9859192804439811,False
CD166 antigen,Concentration/ml,delta_time2_vs_time1,20,17,0.3531786333378052,"[-0.12, 0.70]",0.13800898711811227,0.9859192804439811,False
Beta-2-microglobulin,Concentration/ml,delta_time2_vs_time1,20,17,-0.5967484923887696,"[-0.83, -0.20]",0.006991758453016845,0.7775365343466834,False
Amino acid transporter heavy chain SLC3A2,Concentration/ml,delta_time2_vs_time1,20,17,-0.03741677898864029,"[-0.48, 0.42]",0.8791269868656034,0.9926311476947687,False
Haptoglobin-related protein,Concentration/ml,delta_time2_vs_time1,20,17,0.1603240292958139,"[-0.32, 0.57]",0.5120460833086783,0.9859192804439811,False
Alpha-1-acid glycoprotein 1,Concentration/ml,delta_time2_vs_time1,20,17,-0.28535691936340274,"[-0.65, 0.19]",0.23632553563398603,0.9859192804439811,False
Serum paraoxonase/arylesterase 1,Concentration/ml,delta_time2_vs_time1,20,17,0.10352438744418938,"[-0.37, 0.53]",0.6732048354512947,0.9859192804439811,False
Target of Nesh-SH3,Concentration/ml,delta_time2_vs_time1,20,17,0.1975675671148209,"[-0.28, 0.60]",0.4175087648351581,0.9859192804439811,False
Intercellular adhesion molecule 1,Concentration/ml,delta_time2_vs_time1,20,17,-0.3342873119477697,"[-0.68, 0.14]",0.16186385303441564,0.9859192804439811,False
Complement C4-A,Concentration/ml,delta_time2_vs_time1,20,17,0.1114291039825897,"[-0.36, 0.54]",0.6497188154212408,0.9859192804439811,False
Coagulation factor XIII A chain,Concentration/ml,delta_time2_vs_time1,20,17,0.20952729013253565,"[-0.27, 0.61]",0.3892821794274901,0.9859192804439811,False
Immunoglobulin mu heavy chain,Concentration/ml,delta_time2_vs_time1,20,17,0.16084857764989077,"[-0.32, 0.57]",0.5106482088279964,0.9859192804439811,False
Oncoprotein-induced transcript 3 protein,Concentration/ml,delta_time2_vs_time1,20,17,0.1158263724721662,"[-0.36, 0.54]",0.636787832101054,0.9859192804439811,False
Peroxiredoxin-2,Concentration/ml,delta_time2_vs_time1,20,17,0.1358277023914391,"[-0.34, 0.56]",0.5792741784521526,0.9859192804439811,False
Tissue factor pathway inhibitor,Concentration/ml,delta_time2_vs_time1,20,17,0.0793985668893554,"[-0.39, 0.52]",0.7466156347312318,0.990774006958089,False
Progranulin,Concentration/ml,delta_time2_vs_time1,20,17,-0.28137230494985804,"[-0.65, 0.20]",0.24322047997011806,0.9859192804439811,False
Histone H2B type 1-K;Histone H2B type F-S,Concentration/ml,delta_time2_vs_time1,20,17,-0.3659090846995849,"[-0.70, 0.11]",0.12339421962498986,0.9859192804439811,False
Hemoglobin subunit delta,Concentration/ml,delta_time2_vs_time1,20,17,0.5782267017474931,"[0.17, 0.82]",0.009505964328316779,0.8206815870113486,False
Glutathione S-transferase P,Concentration/ml,delta_time2_vs_time1,20,17,-0.21466086220045086,"[-0.61, 0.27]",0.37749856632837564,0.9859192804439811,False
Annexin A6,Concentration/ml,delta_time2_vs_time1,20,17,0.1669761425127439,"[-0.31, 0.58]",0.49445423865058746,0.9859192804439811,False
Complement factor H-related protein 1,Concentration/ml,delta_time2_vs_time1,20,17,-0.1056611296654029,"[-0.53, 0.37]",0.6668265563200153,0.9859192804439811,False
Protein KPLCE,Concentration/ml,delta_time2_vs_time1,20,17,0.012119709770966937,"[-0.44, 0.46]",0.9607251746810738,0.9926311476947687,False
Immunoglobulin heavy variable 4-4,Concentration/ml,delta_time2_vs_time1,20,17,-0.32809703086782455,"[-0.68, 0.15]",0.17025970313715305,0.9859192804439811,False
Alpha-1B-glycoprotein,Concentration/ml,delta_time2_vs_time1,20,17,-0.19112448400067442,"[-0.59, 0.29]",0.43315680401977463,0.9859192804439811,False
Properdin,Concentration/ml,delta_time2_vs_time1,20,17,0.06162917476138098,"[-0.40, 0.50]",0.8020957856841792,0.990774006958089,False
Immunoglobulin heavy variable 3-53,Concentration/ml,delta_time2_vs_time1,20,17,0.09813702115609639,"[-0.37, 0.53]",0.6893806491353108,0.9859192804439811,False
Calmodulin-like protein 5,Concentration/ml,delta_time2_vs_time1,20,17,-0.02570343487856679,"[-0.47, 0.43]",0.9168129558365019,0.9926311476947687,False
Carboxypeptidase B2,Concentration/ml,delta_time2_vs_time1,20,17,-0.4492184986420492,"[-0.75, 0.01]",0.053674497393023074,0.9859192804439811,False
"Sushi, nidogen and EGF-like domain-containing protein 1",Concentration/ml,delta_time2_vs_time1,20,17,-0.10992330528012241,"[-0.54, 0.36]",0.6541692585424663,0.9859192804439811,False
Proteasome subunit alpha type-5,Concentration/ml,delta_time2_vs_time1,20,17,0.10385949358108076,"[-0.37, 0.53]",0.672203100891178,0.9859192804439811,False
Bifunctional heparan sulfate N-deacetylase/N-sulfotransferase 4,Concentration/ml,delta_time2_vs_time1,20,17,-0.47778149538983045,"[-0.77, -0.03]",0.038555468703914936,0.9859192804439811,False
Immunoglobulin heavy variable 3-9,Concentration/ml,delta_time2_vs_time1,20,17,0.18291672003832138,"[-0.30, 0.59]",0.45352862357495516,0.9859192804439811,False
Neural cell adhesion molecule L1-like protein,Concentration/ml,delta_time2_vs_time1,20,17,0.20095910503871955,"[-0.28, 0.60]",0.4093952560119707,0.9859192804439811,False
Proteasome subunit alpha type-2,Concentration/ml,delta_time2_vs_time1,20,17,-0.13397273669247942,"[-0.55, 0.34]",0.5845137500780817,0.9859192804439811,False
Intercellular adhesion molecule 3,Concentration/ml,delta_time2_vs_time1,20,17,-0.1549105146110932,"[-0.57, 0.32]",0.5265776940874376,0.9859192804439811,False
Receptor-type tyrosine-protein phosphatase eta,Concentration/ml,delta_time2_vs_time1,20,17,0.1925970857410794,"[-0.29, 0.59]",0.42955347142767974,0.9859192804439811,False
ADAMTS-like protein 4,Concentration/ml,delta_time2_vs_time1,20,17,-0.391507662641532,"[-0.72, 0.08]",0.09739257491696952,0.9859192804439811,False
Immunoglobulin lambda variable 3-21,Concentration/ml,delta_time2_vs_time1,20,17,0.13084674535111743,"[-0.34, 0.55]",0.5933884603201911,0.9859192804439811,False
Cartilage oligomeric matrix protein,Concentration/ml,delta_time2_vs_time1,20,17,-0.39838641567668265,"[-0.72, 0.07]",0.09114162686440112,0.9859192804439811,False
Neural cell adhesion molecule 1,Concentration/ml,delta_time2_vs_time1,20,17,0.42318868280052296,"[-0.04, 0.74]",0.07102276804449706,0.9859192804439811,False
Immunoglobulin lambda variable 2-11,Concentration/ml,delta_time2_vs_time1,20,17,0.04847883908386827,"[-0.41, 0.49]",0.8437621606623944,0.9926311476947687,False
Immunoglobulin kappa variable 1D-33;Immunoglobulin kappa variable 1-33,Concentration/ml,delta_time2_vs_time1,20,17,0.36272170524986624,"[-0.11, 0.70]",0.1269455573355247,0.9859192804439811,False
Beta-2-glycoprotein 1,Concentration/ml,delta_time2_vs_time1,20,17,-0.15376416370386878,"[-0.57, 0.32]",0.529679203335319,0.9859192804439811,False
Vitamin D-binding protein,Concentration/ml,delta_time2_vs_time1,20,17,-0.3288421718815411,"[-0.68, 0.15]",0.1692336973571316,0.9859192804439811,False
Filamin-A,Concentration/ml,delta_time2_vs_time1,20,17,-0.3512220043228839,"[-0.69, 0.12]",0.14035810182143119,0.9859192804439811,False
Reelin,Concentration/ml,delta_time2_vs_time1,20,17,0.1598496707569073,"[-0.32, 0.57]",0.5133117659492454,0.9859192804439811,False
Immunoglobulin lambda variable 5-39,Concentration/ml,delta_time2_vs_time1,20,17,0.246634485729832,"[-0.23, 0.63]",0.30872257173585926,0.9859192804439811,False
Fatty acid-binding protein 5,Concentration/ml,delta_time2_vs_time1,20,17,-0.17166105208128707,"[-0.58, 0.31]",0.4822437224897349,0.9859192804439811,False
"HLA class I histocompatibility antigen, A alpha chain",Concentration/ml,delta_time2_vs_time1,20,17,0.06260884998495436,"[-0.40, 0.50]",0.7990106785792459,0.990774006958089,False
Low affinity immunoglobulin gamma Fc region receptor III-A,Concentration/ml,delta_time2_vs_time1,20,17,-0.21245016092904676,"[-0.61, 0.27]",0.38254830545243357,0.9859192804439811,False
Heat shock 70 kDa protein 1A;Heat shock 70 kDa protein 1B,Concentration/ml,delta_time2_vs_time1,20,17,-0.4009658933471551,"[-0.72, 0.07]",0.08887481682056753,0.9859192804439811,False
Apolipoprotein D,Concentration/ml,delta_time2_vs_time1,20,17,-0.009191347294279461,"[-0.46, 0.45]",0.9702101055551096,0.9936155259909886,False
Plexin-B1,Concentration/ml,delta_time2_vs_time1,20,17,-0.027902550514320223,"[-0.48, 0.43]",0.9097222829463172,0.9926311476947687,False
Immunoglobulin heavy variable 1-58,Concentration/ml,delta_time2_vs_time1,20,17,-0.16452947333612705,"[-0.58, 0.31]",0.5008902215066491,0.9859192804439811,False
Apolipoprotein C-IV,Concentration/ml,delta_time2_vs_time1,20,17,0.2353588201533316,"[-0.25, 0.62]",0.3320584248528182,0.9859192804439811,False
Monocyte differentiation antigen CD14,Concentration/ml,delta_time2_vs_time1,20,17,-0.23080348815036414,"[-0.62, 0.25]",0.34177152933798827,0.9859192804439811,False
Protein MENT,Concentration/ml,delta_time2_vs_time1,20,17,0.31751301908817803,"[-0.16, 0.67]",0.18529184710652596,0.9859192804439811,False
Immunoglobulin epsilon heavy chain,Concentration/ml,delta_time2_vs_time1,20,17,0.3305451618890183,"[-0.15, 0.68]",0.16690463537921243,0.9859192804439811,False
Complement factor H,Concentration/ml,delta_time2_vs_time1,20,17,0.16391236008131713,"[-0.31, 0.58]",0.502519885353551,0.9859192804439811,False
Stabilin-1,Concentration/ml,delta_time2_vs_time1,20,17,0.059219316038580175,"[-0.41, 0.50]",0.8096965533912053,0.990774006958089,False
Macrophage receptor MARCO,Concentration/ml,delta_time2_vs_time1,20,17,0.3629081162364276,"[-0.11, 0.70]",0.12673589441590882,0.9859192804439811,False
Protein POF1B,Concentration/ml,delta_time2_vs_time1,20,17,0.0015119667575628174,"[-0.45, 0.46]",0.9950985873486714,0.9950985873486714,False
Phosphatidylcholine-sterol acyltransferase,Concentration/ml,delta_time2_vs_time1,20,17,-0.07528993512337137,"[-0.51, 0.39]",0.7593486396562763,0.990774006958089,False
Clusterin,Concentration/ml,delta_time2_vs_time1,20,17,-0.05208430133425017,"[-0.49, 0.41]",0.8322940039750286,0.990774006958089,False
Platelet-activating factor acetylhydrolase,Concentration/ml,delta_time2_vs_time1,20,17,-0.25563909774436083,"[-0.64, 0.22]",0.29081452375648753,0.9859192804439811,False
Vasorin,Concentration/ml,delta_time2_vs_time1,20,17,-0.24826968083810996,"[-0.63, 0.23]",0.3054224026110735,0.9859192804439811,False
Myeloperoxidase,Concentration/ml,delta_time2_vs_time1,20,17,0.49197419443946905,"[0.05, 0.77]",0.03238855681949089,0.9859192804439811,False
Immunoglobulin lambda variable 5-52,Concentration/ml,delta_time2_vs_time1,20,17,-0.15224644822579972,"[-0.57, 0.32]",0.5337983892712976,0.9859192804439811,False
Carboxypeptidase N catalytic chain,Concentration/ml,delta_time2_vs_time1,20,17,-0.006959184893356026,"[-0.46, 0.45]",0.9774426903590924,0.9949844433449895,False
Fibrinogen gamma chain,Concentration/ml,delta_time2_vs_time1,20,17,-0.08727055447642665,"[-0.52, 0.38]",0.7223969012074811,0.9873393003310692,False
Soluble scavenger receptor cysteine-rich domain-containing protein SSC5D,Concentration/ml,delta_time2_vs_time1,20,17,0.14720553173414472,"[-0.33, 0.56]",0.5475842998367146,0.9859192804439811,False
Tetranectin,Concentration/ml,delta_time2_vs_time1,20,17,0.02932643574360642,"[-0.43, 0.48]",0.905134658197718,0.9926311476947687,False
Apolipoprotein(a),Concentration/ml,delta_time2_vs_time1,20,17,-0.03382322586771348,"[-0.48, 0.43]",0.890665950485369,0.9926311476947687,False
Alpha-2-antiplasmin,Concentration/ml,delta_time2_vs_time1,20,17,-0.06926674031350204,"[-0.51, 0.40]",0.7781218444427811,0.990774006958089,False
Retroviral-like aspartic protease 1,Concentration/ml,delta_time2_vs_time1,20,17,-0.14615207639179598,"[-0.56, 0.33]",0.5504853470910565,0.9859192804439811,False
Ficolin-3,Concentration/ml,delta_time2_vs_time1,20,17,0.1296355895784029,"[-0.34, 0.55]",0.5968419325488517,0.9859192804439811,False
Immunoglobulin kappa variable 2-24,Concentration/ml,delta_time2_vs_time1,20,17,0.3430676672780165,"[-0.13, 0.69]",0.15044876488497738,0.9859192804439811,False
Immunoglobulin superfamily containing leucine-rich repeat protein,Concentration/ml,delta_time2_vs_time1,20,17,-0.29792361700573244,"[-0.66, 0.18]",0.21540955434725062,0.9859192804439811,False
Complement factor D,Concentration/ml,delta_time2_vs_time1,20,17,-0.053284611184508786,"[-0.50, 0.41]",0.8284831610271743,0.990774006958089,False
Vitamin K-dependent protein Z,Concentration/ml,delta_time2_vs_time1,20,17,-0.009071800545376497,"[-0.46, 0.45]",0.9705974056977611,0.9936155259909886,False
EGF-containing fibulin-like extracellular matrix protein 1,Concentration/ml,delta_time2_vs_time1,20,17,-0.13827940061019195,"[-0.56, 0.34]",0.5723799923151254,0.9859192804439811,False
Dipeptidase 2,Concentration/ml,delta_time2_vs_time1,20,17,0.016702884010881585,"[-0.44, 0.47]",0.9458909230229391,0.9926311476947687,False
Myeloblastin,Concentration/ml,delta_time2_vs_time1,20,17,0.05563909774436092,"[-0.41, 0.50]",0.8210186609034836,0.990774006958089,False
Neurogenic locus notch homolog protein 1,Concentration/ml,delta_time2_vs_time1,20,17,-0.08754779315133344,"[-0.52, 0.38]",0.7215483980031108,0.9873393003310692,False
Vitamin K-dependent protein S,Concentration/ml,delta_time2_vs_time1,20,17,0.11626062714300091,"[-0.36, 0.54]",0.6355161865296192,0.9859192804439811,False
Dermcidin,Concentration/ml,delta_time2_vs_time1,20,17,0.31759426755742204,"[-0.16, 0.67]",0.18517316837692263,0.9859192804439811,False
Immunoglobulin heavy variable 3-73,Concentration/ml,delta_time2_vs_time1,20,17,0.24812030075187974,"[-0.23, 0.63]",0.3057229974983849,0.9859192804439811,False
Alpha-2-macroglobulin,Concentration/ml,delta_time2_vs_time1,20,17,0.25401041527054263,"[-0.23, 0.63]",0.2940055404670316,0.9859192804439811,False
Cation-independent mannose-6-phosphate receptor,Concentration/ml,delta_time2_vs_time1,20,17,0.1534065290323445,"[-0.32, 0.57]",0.5306485249109607,0.9859192804439811,False
Chromodomain-helicase-DNA-binding protein 1;Chromodomain-helicase-DNA-binding protein 2;Chromodomain-helicase-DNA-binding protein 9;Chromodomain-helicase-DNA-binding protein 6;Chromodomain-helicase-DNA-binding protein 8;Chromodomain-helicase-DNA-binding protein 7,Concentration/ml,delta_time2_vs_time1,20,17,-0.31056756288103404,"[-0.67, 0.17]",0.19562643320191958,0.9859192804439811,False
Ceruloplasmin,Concentration/ml,delta_time2_vs_time1,20,17,-0.013350031315246775,"[-0.46, 0.44]",0.9567416139849713,0.9926311476947687,False
Prostaglandin-H2 D-isomerase,Concentration/ml,delta_time2_vs_time1,20,17,-0.06233542494428687,"[-0.50, 0.40]",0.7998714399576264,0.990774006958089,False
Protein S100-A9,Concentration/ml,delta_time2_vs_time1,20,17,0.1757357916790242,"[-0.30, 0.58]",0.47174607777879807,0.9859192804439811,False
Immunoglobulin J chain,Concentration/ml,delta_time2_vs_time1,20,17,0.4059511721640098,"[-0.06, 0.73]",0.0846111334822601,0.9859192804439811,False
Probable non-functional immunoglobulin kappa variable 3-7,Concentration/ml,delta_time3_vs_time1,20,17,-0.021209492099192602,"[-0.47, 0.44]",0.9313210702428367,0.992405421798868,False
Apolipoprotein A-IV,Concentration/ml,delta_time3_vs_time1,20,17,-0.24456090562433866,"[-0.63, 0.24]",0.3129381595132643,0.9551563586109392,False
Coagulation factor XII,Concentration/ml,delta_time3_vs_time1,20,17,-0.22421529290720257,"[-0.62, 0.26]",0.3561075823947618,0.9551563586109392,False
Mannan-binding lectin serine protease 1,Concentration/ml,delta_time3_vs_time1,20,17,-0.2077288725484155,"[-0.60, 0.27]",0.3934578049359756,0.9551563586109392,False
Complement factor I,Concentration/ml,delta_time3_vs_time1,20,17,-0.3941168009156043,"[-0.72, 0.07]",0.0949860049267572,0.9283537840011363,False
Platelet glycoprotein Ib alpha chain,Concentration/ml,delta_time3_vs_time1,20,17,-0.03773324289601656,"[-0.48, 0.42]",0.8781118990285278,0.9922220737099716,False
Hepatocyte growth factor-like protein,Concentration/ml,delta_time3_vs_time1,20,17,-0.1378196193902418,"[-0.56, 0.34]",0.5736701974584464,0.974718730723492,False
Profilin-1,Concentration/ml,delta_time3_vs_time1,20,17,-0.1281936983603703,"[-0.55, 0.35]",0.6009641149166283,0.9779792947354957,False
Peptidase inhibitor 16,Concentration/ml,delta_time3_vs_time1,20,17,-0.22940000625118798,"[-0.62, 0.25]",0.34479702084994024,0.9551563586109392,False
Cell surface glycoprotein MUC18,Concentration/ml,delta_time3_vs_time1,20,17,0.049873758147687144,"[-0.41, 0.49]",0.8393215414968194,0.9922220737099716,False
Adhesion G-protein coupled receptor G6,Concentration/ml,delta_time3_vs_time1,20,17,0.060552327054751345,"[-0.40, 0.50]",0.8054901354419821,0.9922220737099716,False
Immunoglobulin heavy variable 1-69,Concentration/ml,delta_time3_vs_time1,20,17,0.14002548514557384,"[-0.34, 0.56]",0.5674917033091212,0.974718730723492,False
Insulin-like growth factor-binding protein complex acid labile subunit,Concentration/ml,delta_time3_vs_time1,20,17,0.027269402429054013,"[-0.43, 0.48]",0.9117631140407696,0.9922220737099716,False
Plasma serine protease inhibitor,Concentration/ml,delta_time3_vs_time1,20,17,0.4001894064202981,"[-0.07, 0.72]",0.08955279680463517,0.9283537840011363,False
Immunoglobulin heavy variable 1-69D,Concentration/ml,delta_time3_vs_time1,20,17,0.015250300362388933,"[-0.44, 0.47]",0.9505908441879836,0.992405421798868,False
Pancreatic adenocarcinoma up-regulated factor,Concentration/ml,delta_time3_vs_time1,20,17,-0.056916072299052135,"[-0.50, 0.41]",0.8169763395923156,0.9922220737099716,False
Immunoglobulin heavy variable 3-64D,Concentration/ml,delta_time3_vs_time1,20,17,-0.19476172117141224,"[-0.60, 0.28]",0.4242856442196047,0.974718730723492,False
Neutrophil gelatinase-associated lipocalin,Concentration/ml,delta_time3_vs_time1,20,17,0.15340453143620017,"[-0.32, 0.57]",0.5306539414281055,0.974718730723492,False
Lysosome-associated membrane glycoprotein 2,Concentration/ml,delta_time3_vs_time1,20,17,-0.4190004323475598,"[-0.73, 0.04]",0.07416366830283246,0.926361000340539,False
Corneodesmosin,Concentration/ml,delta_time3_vs_time1,20,17,0.13120893689645088,"[-0.34, 0.55]",0.592357330206285,0.974718730723492,False
Collagen alpha-1(XVIII) chain,Concentration/ml,delta_time3_vs_time1,20,17,0.3332920187015978,"[-0.14, 0.68]",0.1631942250641525,0.9303742319500903,False
Lipopolysaccharide-binding protein,Concentration/ml,delta_time3_vs_time1,20,17,-0.16811875907466728,"[-0.58, 0.31]",0.4914624080479616,0.974718730723492,False
Immunoglobulin heavy variable 3-49,Concentration/ml,delta_time3_vs_time1,20,17,0.25913389204223036,"[-0.22, 0.64]",0.28403904313117456,0.9551563586109392,False
SPARC-like protein 1,Concentration/ml,delta_time3_vs_time1,20,17,0.458180708180708,"[0.01, 0.76]",0.048515586202562334,0.8652415759405032,False
Ras-associated and pleckstrin homology domains-containing protein 1,Concentration/ml,delta_time3_vs_time1,20,17,0.07524767228261171,"[-0.39, 0.51]",0.75947993047433,0.9922220737099716,False
Alpha-1-acid glycoprotein 2,Concentration/ml,delta_time3_vs_time1,20,17,0.0062759171569841884,"[-0.45, 0.46]",0.9796569556441317,0.992405421798868,False
Immunoglobulin heavy variable 3-20,Concentration/ml,delta_time3_vs_time1,20,17,0.544407518665518,"[0.12, 0.80]",0.015955210388418555,0.7513453619273466,False
Neurogenic locus notch homolog protein 2,Concentration/ml,delta_time3_vs_time1,20,17,0.04864629603651337,"[-0.41, 0.49]",0.8432288330601463,0.9922220737099716,False
Apolipoprotein B-100,Concentration/ml,delta_time3_vs_time1,20,17,-0.047330968462143026,"[-0.49, 0.42]",0.8474197134882963,0.9922220737099716,False
CD44 antigen,Concentration/ml,delta_time3_vs_time1,20,17,-0.12005736341987294,"[-0.54, 0.35]",0.6244399407423185,0.989776715301644,False
Pigment epithelium-derived factor,Concentration/ml,delta_time3_vs_time1,20,17,-0.13033535919216618,"[-0.55, 0.34]",0.5948456053920859,0.974718730723492,False
Xaa-Pro dipeptidase,Concentration/ml,delta_time3_vs_time1,20,17,0.13016016327089266,"[-0.34, 0.55]",0.5953451503410873,0.974718730723492,False
Immunoglobulin heavy constant delta,Concentration/ml,delta_time3_vs_time1,20,17,0.05335882818661013,"[-0.41, 0.50]",0.8282476502377951,0.9922220737099716,False
Probable non-functional immunoglobulin heavy variable 3-38-3,Concentration/ml,delta_time3_vs_time1,20,17,-0.1623220451514799,"[-0.57, 0.32]",0.5067312717184671,0.974718730723492,False
Immunoglobulin lambda constant 7,Concentration/ml,delta_time3_vs_time1,20,17,-0.2675820746085513,"[-0.64, 0.21]",0.26806495723459856,0.9551563586109392,False
Receptor-type tyrosine-protein phosphatase gamma,Concentration/ml,delta_time3_vs_time1,20,17,0.033898934992481644,"[-0.43, 0.48]",0.8904226219951943,0.9922220737099716,False
Afamin,Concentration/ml,delta_time3_vs_time1,20,17,0.10218781683141658,"[-0.37, 0.53]",0.6772054819457495,0.9922220737099716,False
Pyruvate kinase PKLR,Concentration/ml,delta_time3_vs_time1,20,17,-0.25843724650203564,"[-0.64, 0.22]",0.28538184061860133,0.9551563586109392,False
Insulin-like growth factor 2,Concentration/ml,delta_time3_vs_time1,20,17,0.20858006769248183,"[-0.27, 0.61]",0.3914784094831927,0.9551563586109392,False
CD109 antigen,Concentration/ml,delta_time3_vs_time1,20,17,0.006059665575164217,"[-0.45, 0.46]",0.98035779240696,0.992405421798868,False
ADP-ribosyl cyclase/cyclic ADP-ribose hydrolase 2,Concentration/ml,delta_time3_vs_time1,20,17,0.6413976183590001,"[0.26, 0.85]",0.0030781995005193198,0.7513453619273466,False
Dedicator of cytokinesis protein 4,Concentration/ml,delta_time3_vs_time1,20,17,-0.08822397160399781,"[-0.52, 0.38]",0.7194802262063746,0.9922220737099716,False
Complement factor H-related protein 2,Concentration/ml,delta_time3_vs_time1,20,17,-0.020293508784412394,"[-0.47, 0.44]",0.9342808943705305,0.992405421798868,False
Selenoprotein P,Concentration/ml,delta_time3_vs_time1,20,17,-0.22527913716005452,"[-0.62, 0.26]",0.35376964473947337,0.9551563586109392,False
Adipocyte plasma membrane-associated protein,Concentration/ml,delta_time3_vs_time1,20,17,-0.020859146936927,"[-0.47, 0.44]",0.932453043460781,0.992405421798868,False
Immunoglobulin heavy constant alpha 2,Concentration/ml,delta_time3_vs_time1,20,17,-0.32810422286790597,"[-0.68, 0.15]",0.17024978008389494,0.9303742319500903,False
Lactotransferrin,Concentration/ml,delta_time3_vs_time1,20,17,0.41169681979048806,"[-0.05, 0.73]",0.07988572521909978,0.926361000340539,False
Alpha-enolase,Concentration/ml,delta_time3_vs_time1,20,17,0.1459863737203626,"[-0.33, 0.56]",0.5509422904636394,0.974718730723492,False
Immunoglobulin heavy constant gamma 1,Concentration/ml,delta_time3_vs_time1,20,17,0.2576627666861044,"[-0.22, 0.64]",0.2868792330903389,0.9551563586109392,False
Collectin-10,Concentration/ml,delta_time3_vs_time1,20,17,-0.14636750729104903,"[-0.56, 0.33]",0.5498915262322139,0.974718730723492,False
Lysosome-associated membrane glycoprotein 1,Concentration/ml,delta_time3_vs_time1,20,17,-0.03668419437829458,"[-0.48, 0.42]",0.8814775113901778,0.9922220737099716,False
Cathelicidin antimicrobial peptide,Concentration/ml,delta_time3_vs_time1,20,17,-0.1492124057569746,"[-0.57, 0.33]",0.5420767832944142,0.974718730723492,False
Fibroblast growth factor-binding protein 2,Concentration/ml,delta_time3_vs_time1,20,17,-0.3899932521153376,"[-0.72, 0.08]",0.0988095404525361,0.9303742319500903,False
Lymphatic vessel endothelial hyaluronic acid receptor 1,Concentration/ml,delta_time3_vs_time1,20,17,-0.48018307915955405,"[-0.77, -0.03]",0.03745291174623833,0.8652415759405032,False
Haptoglobin,Concentration/ml,delta_time3_vs_time1,20,17,-0.25675155862070587,"[-0.64, 0.22]",0.2886471351303733,0.9551563586109392,False
Tenascin-X,Concentration/ml,delta_time3_vs_time1,20,17,0.21625176636637292,"[-0.26, 0.61]",0.37388780400050325,0.9551563586109392,False
Zinc finger protein 512B,Concentration/ml,delta_time3_vs_time1,20,17,0.14808054894133477,"[-0.33, 0.56]",0.5451798789535853,0.974718730723492,False
Immunoglobulin lambda variable 3-19,Concentration/ml,delta_time3_vs_time1,20,17,-0.190939290956679,"[-0.59, 0.29]",0.43361107721656234,0.974718730723492,False
Complement C1q subcomponent subunit B,Concentration/ml,delta_time3_vs_time1,20,17,-0.2192890102760129,"[-0.61, 0.26]",0.36704856607400205,0.9551563586109392,False
Ubiquitin-ribosomal protein eS31 fusion protein,Concentration/ml,delta_time3_vs_time1,20,17,0.31374729586581845,"[-0.16, 0.67]",0.19084854652418354,0.9426329181088066,False
Kinesin-like protein KIF21A,Concentration/ml,delta_time3_vs_time1,20,17,-0.09822875188898722,"[-0.53, 0.37]",0.6891041174190875,0.9922220737099716,False
Attractin,Concentration/ml,delta_time3_vs_time1,20,17,-0.3320156356049456,"[-0.68, 0.14]",0.1649112507642674,0.9303742319500903,False
Immunoglobulin lambda variable 1-44,Concentration/ml,delta_time3_vs_time1,20,17,-0.342410343364423,"[-0.69, 0.13]",0.15128346797483003,0.9303742319500903,False
Immunoglobulin heavy variable 1-46,Concentration/ml,delta_time3_vs_time1,20,17,0.3288954278782591,"[-0.15, 0.68]",0.16916052929894193,0.9303742319500903,False
Fibulin-1,Concentration/ml,delta_time3_vs_time1,20,17,-0.018459266691584663,"[-0.47, 0.44]",0.9402103404323476,0.992405421798868,False
Secreted phosphoprotein 24,Concentration/ml,delta_time3_vs_time1,20,17,0.031378583988295294,"[-0.43, 0.48]",0.8985279224087129,0.9922220737099716,False
Scavenger receptor class B member 1,Concentration/ml,delta_time3_vs_time1,20,17,-0.4659014425721859,"[-0.76, -0.01]",0.044382187374109344,0.8652415759405032,False
Immunoglobulin lambda variable 2-18,Concentration/ml,delta_time3_vs_time1,20,17,0.22827356224294829,"[-0.25, 0.62]",0.34723648718813915,0.9551563586109392,False
Collagen alpha-2(VI) chain,Concentration/ml,delta_time3_vs_time1,20,17,0.15725909536331847,"[-0.32, 0.57]",0.5202499382223446,0.974718730723492,False
Adiponectin,Concentration/ml,delta_time3_vs_time1,20,17,0.3031342874671596,"[-0.18, 0.67]",0.2071043422299024,0.9426329181088066,False
Nidogen-1,Concentration/ml,delta_time3_vs_time1,20,17,0.06898656898656824,"[-0.40, 0.51]",0.7789980445744442,0.9922220737099716,False
Alpha-1-antitrypsin,Concentration/ml,delta_time3_vs_time1,20,17,0.03029681717185315,"[-0.43, 0.48]",0.9020098191430959,0.9922220737099716,False
"Sushi, von Willebrand factor type A, EGF and pentraxin domain-containing protein 1",Concentration/ml,delta_time3_vs_time1,20,17,0.16424676801604218,"[-0.31, 0.58]",0.5016364696431601,0.974718730723492,False
Complement C1s subcomponent,Concentration/ml,delta_time3_vs_time1,20,17,-0.328747127537485,"[-0.68, 0.15]",0.1693643317073781,0.9303742319500903,False
Alpha-actinin-4,Concentration/ml,delta_time3_vs_time1,20,17,-0.17714464629846824,"[-0.58, 0.30]",0.46814332211937426,0.974718730723492,False
Complement component C1q receptor,Concentration/ml,delta_time3_vs_time1,20,17,-0.2955491947878708,"[-0.66, 0.18]",0.21926534707544962,0.9538888911665736,False
Inter-alpha-trypsin inhibitor heavy chain H3,Concentration/ml,delta_time3_vs_time1,20,17,-0.06212921057180241,"[-0.50, 0.40]",0.8005207636033892,0.9922220737099716,False
Immunoglobulin kappa variable 1D-8,Concentration/ml,delta_time3_vs_time1,20,17,-0.11000290920631656,"[-0.54, 0.36]",0.653933704728574,0.9922220737099716,False
Low-density lipoprotein receptor,Concentration/ml,delta_time3_vs_time1,20,17,0.627082971348509,"[0.24, 0.84]",0.004057962134766247,0.7513453619273466,False
Prolactin-inducible protein,Concentration/ml,delta_time3_vs_time1,20,17,0.2710385931751681,"[-0.21, 0.65]",0.261694416205269,0.9551563586109392,False
Hyaluronan-binding protein 2,Concentration/ml,delta_time3_vs_time1,20,17,-0.13870573400593353,"[-0.56, 0.34]",0.5711847663062188,0.974718730723492,False
N-acetylmuramoyl-L-alanine amidase,Concentration/ml,delta_time3_vs_time1,20,17,-0.04090354090354088,"[-0.49, 0.42]",0.8679531651166856,0.9922220737099716,False
Serpin A11,Concentration/ml,delta_time3_vs_time1,20,17,0.12975616403412024,"[-0.34, 0.55]",0.5964977560605154,0.974718730723492,False
C4b-binding protein alpha chain,Concentration/ml,delta_time3_vs_time1,20,17,-0.35588616649082166,"[-0.70, 0.12]",0.1348039275581618,0.9303742319500903,False
Inter-alpha-trypsin inhibitor heavy chain H2,Concentration/ml,delta_time3_vs_time1,20,17,-0.16139272046549788,"[-0.57, 0.32]",0.5092000348192993,0.974718730723492,False
Fibrillin-1,Concentration/ml,delta_time3_vs_time1,20,17,-0.1389587288592349,"[-0.56, 0.34]",0.5704760057222613,0.974718730723492,False
Golgi-associated RAB2 interactor protein 1B,Concentration/ml,delta_time3_vs_time1,20,17,-0.043432587907852815,"[-0.49, 0.42]",0.8598633282865284,0.9922220737099716,False
Neurogenic locus notch homolog protein 3,Concentration/ml,delta_time3_vs_time1,20,17,0.07485046439107469,"[-0.39, 0.51]",0.7607141763794407,0.9922220737099716,False
Immunoglobulin heavy constant alpha 1,Concentration/ml,delta_time3_vs_time1,20,17,-0.043040293040293234,"[-0.49, 0.42]",0.8611173336705774,0.9922220737099716,False
Apolipoprotein C-III,Concentration/ml,delta_time3_vs_time1,20,17,-0.3607095666058054,"[-0.70, 0.11]",0.12922430031540674,0.9303742319500903,False
Glutathione peroxidase 3,Concentration/ml,delta_time3_vs_time1,20,17,-0.1159755888815906,"[-0.54, 0.36]",0.636350765774716,0.9922220737099716,False
Contactin-1,Concentration/ml,delta_time3_vs_time1,20,17,0.3294026509842027,"[-0.15, 0.68]",0.16846473872808967,0.9303742319500903,False
Stomatin,Concentration/ml,delta_time3_vs_time1,20,17,0.04956347617776517,"[-0.41, 0.49]",0.8403089035364244,0.9922220737099716,False
Immunoglobulin heavy variable 3-13,Concentration/ml,delta_time3_vs_time1,20,17,-0.1762539377062992,"[-0.58, 0.30]",0.4704194511448542,0.974718730723492,False
Immunoglobulin heavy variable 1-69-2,Concentration/ml,delta_time3_vs_time1,20,17,-0.08117084433979539,"[-0.52, 0.39]",0.7411423290515788,0.9922220737099716,False
Apolipoprotein E,Concentration/ml,delta_time3_vs_time1,20,17,0.4157881529158558,"[-0.05, 0.73]",0.076641611476857,0.926361000340539,False
Mucosal addressin cell adhesion molecule 1,Concentration/ml,delta_time3_vs_time1,20,17,-0.037851037851037876,"[-0.48, 0.42]",0.8777341070142948,0.9922220737099716,False
Protein S100-A11,Concentration/ml,delta_time3_vs_time1,20,17,0.024284006162582483,"[-0.43, 0.47]",0.9213928894438049,0.992405421798868,False
Complement factor H-related protein 4,Concentration/ml,delta_time3_vs_time1,20,17,0.10441107147174482,"[-0.37, 0.53]",0.6705554177802683,0.9922220737099716,False
Immunoglobulin kappa variable 1D-16,Concentration/ml,delta_time3_vs_time1,20,17,0.48098738819267267,"[0.03, 0.77]",0.037089153448879725,0.8652415759405032,False
Immunoglobulin lambda variable 1-47,Concentration/ml,delta_time3_vs_time1,20,17,0.3946582431693483,"[-0.07, 0.72]",0.09449206850477428,0.9283537840011363,False
Fructose-bisphosphate aldolase A,Concentration/ml,delta_time3_vs_time1,20,17,0.0690350887268272,"[-0.40, 0.51]",0.7788462869643404,0.9922220737099716,False
Thrombospondin-1,Concentration/ml,delta_time3_vs_time1,20,17,-0.1806747026558655,"[-0.59, 0.30]",0.45917735474628185,0.974718730723492,False
Aminopeptidase N,Concentration/ml,delta_time3_vs_time1,20,17,0.17397244499713482,"[-0.30, 0.58]",0.47627483248321645,0.974718730723492,False
Apolipoprotein M,Concentration/ml,delta_time3_vs_time1,20,17,-0.2779177378930954,"[-0.65, 0.20]",0.24930107451974196,0.9551563586109392,False
Immunoglobulin heavy variable 3-43,Concentration/ml,delta_time3_vs_time1,20,17,0.5781221074044307,"[0.17, 0.82]",0.009521994905376278,0.7513453619273466,False
Cysteine-rich secretory protein 3,Concentration/ml,delta_time3_vs_time1,20,17,0.05123660206555199,"[-0.41, 0.49]",0.8349875143967109,0.9922220737099716,False
Complement component C8 alpha chain,Concentration/ml,delta_time3_vs_time1,20,17,0.3270182224631965,"[-0.15, 0.68]",0.17175263310025468,0.9303742319500903,False
Immunoglobulin heavy variable 2-70D,Concentration/ml,delta_time3_vs_time1,20,17,0.06641292533445067,"[-0.40, 0.51]",0.7870586059070737,0.9922220737099716,False
Immunoglobulin heavy variable 3-23,Concentration/ml,delta_time3_vs_time1,20,17,-0.008830547695484359,"[-0.46, 0.45]",0.9713790208208679,0.992405421798868,False
Plasma kallikrein,Concentration/ml,delta_time3_vs_time1,20,17,-0.09828195583931176,"[-0.53, 0.37]",0.6889437459354193,0.9922220737099716,False
Galectin-7,Concentration/ml,delta_time3_vs_time1,20,17,0.21495016262671207,"[-0.27, 0.61]",0.3768405138320261,0.9551563586109392,False
Extracellular superoxide dismutase [Cu-Zn],Concentration/ml,delta_time3_vs_time1,20,17,0.13098317267746862,"[-0.34, 0.55]",0.5929999750591722,0.974718730723492,False
Immunoglobulin heavy variable 1-8,Concentration/ml,delta_time3_vs_time1,20,17,0.1304052864904998,"[-0.34, 0.55]",0.5946462667489807,0.974718730723492,False
Cystatin-C,Concentration/ml,delta_time3_vs_time1,20,17,-0.09871290816738139,"[-0.53, 0.37]",0.6876452045371939,0.9922220737099716,False
Immunoglobulin lambda-like polypeptide 1,Concentration/ml,delta_time3_vs_time1,20,17,0.2944762502715527,"[-0.18, 0.66]",0.22102235496993963,0.9538888911665736,False
Inhibin beta C chain,Concentration/ml,delta_time3_vs_time1,20,17,0.17718772808904748,"[-0.30, 0.58]",0.46803337102199083,0.974718730723492,False
Mannose-binding protein C,Concentration/ml,delta_time3_vs_time1,20,17,-0.04972072626479616,"[-0.49, 0.41]",0.8398084824236871,0.9922220737099716,False
IgGFc-binding protein,Concentration/ml,delta_time3_vs_time1,20,17,-0.06071587948414107,"[-0.50, 0.40]",0.8049743829649986,0.9922220737099716,False
Macrophage mannose receptor 1,Concentration/ml,delta_time3_vs_time1,20,17,-0.40890063039593894,"[-0.73, 0.06]",0.08216043557181019,0.926361000340539,False
Aromatase,Concentration/ml,delta_time3_vs_time1,20,17,0.5261592219504726,"[0.09, 0.79]",0.020663507412925823,0.8125256978412297,False
Cadherin-5,Concentration/ml,delta_time3_vs_time1,20,17,-0.005555898522840325,"[-0.46, 0.45]",0.9819904733715755,0.992405421798868,False
Immunoglobulin kappa variable 1-8,Concentration/ml,delta_time3_vs_time1,20,17,0.4063832351098403,"[-0.06, 0.73]",0.0842488177409996,0.926361000340539,False
Retinol-binding protein 4,Concentration/ml,delta_time3_vs_time1,20,17,-0.020680288946127532,"[-0.47, 0.44]",0.9330309857105359,0.992405421798868,False
Complement component C8 beta chain,Concentration/ml,delta_time3_vs_time1,20,17,0.132216656295234,"[-0.34, 0.55]",0.589492373172921,0.974718730723492,False
Tumor necrosis factor receptor superfamily member 1B,Concentration/ml,delta_time3_vs_time1,20,17,-0.15734790811846947,"[-0.57, 0.32]",0.5200113520489982,0.974718730723492,False
Formin-2,Concentration/ml,delta_time3_vs_time1,20,17,0.08635293211814127,"[-0.38, 0.52]",0.7252075403425009,0.9922220737099716,False
Scavenger receptor cysteine-rich domain-containing protein DMBT1,Concentration/ml,delta_time3_vs_time1,20,17,0.3339909247586291,"[-0.14, 0.68]",0.16225924296073285,0.9303742319500903,False
Apolipoprotein L1,Concentration/ml,delta_time3_vs_time1,20,17,-0.09262269370284833,"[-0.52, 0.38]",0.7060722985757846,0.9922220737099716,False
Leucine-rich alpha-2-glycoprotein,Concentration/ml,delta_time3_vs_time1,20,17,0.025103668627937364,"[-0.43, 0.47]",0.9187478657369372,0.992405421798868,False
Immunoglobulin heavy variable 1-2,Concentration/ml,delta_time3_vs_time1,20,17,0.2757147648824542,"[-0.20, 0.65]",0.25322859758941424,0.9551563586109392,False
Ras-related protein Rab-10,Concentration/ml,delta_time3_vs_time1,20,17,-0.02319902319902299,"[-0.47, 0.44]",0.9248953046840083,0.992405421798868,False
Immunoglobulin heavy variable 1-24,Concentration/ml,delta_time3_vs_time1,20,17,0.35376864889011905,"[-0.12, 0.70]",0.13730605183287448,0.9303742319500903,False
Annexin A3,Concentration/ml,delta_time3_vs_time1,20,17,0.30946512043192415,"[-0.17, 0.67]",0.19730139135100766,0.9426329181088066,False
Hemoglobin subunit beta,Concentration/ml,delta_time3_vs_time1,20,17,-0.2807638707284772,"[-0.65, 0.20]",0.24428448813444584,0.9551563586109392,False
Immunoglobulin lambda variable 4-69,Concentration/ml,delta_time3_vs_time1,20,17,-0.08735934684461549,"[-0.52, 0.38]",0.7221251137789906,0.9922220737099716,False
Elongation factor 2,Concentration/ml,delta_time3_vs_time1,20,17,0.10397110407912723,"[-0.37, 0.53]",0.67186958029295,0.9922220737099716,False
Multiple inositol polyphosphate phosphatase 1,Concentration/ml,delta_time3_vs_time1,20,17,0.039662291941223664,"[-0.42, 0.49]",0.8719282845905774,0.9922220737099716,False
Collagen alpha-1(VI) chain,Concentration/ml,delta_time3_vs_time1,20,17,0.10114022219101408,"[-0.37, 0.53]",0.6803469613384887,0.9922220737099716,False
Hepatocyte growth factor activator,Concentration/ml,delta_time3_vs_time1,20,17,0.3029134191071277,"[-0.18, 0.67]",0.207452032170664,0.9426329181088066,False
Fibrinogen beta chain,Concentration/ml,delta_time3_vs_time1,20,17,0.10365529122174899,"[-0.37, 0.53]",0.672813461280041,0.9922220737099716,False
Hemicentin-1,Concentration/ml,delta_time3_vs_time1,20,17,-0.06336646086956721,"[-0.50, 0.40]",0.7966268278059424,0.9922220737099716,False
C-type mannose receptor 2,Concentration/ml,delta_time3_vs_time1,20,17,0.23576381091601653,"[-0.24, 0.62]",0.3312028090353756,0.9551563586109392,False
Platelet glycoprotein Ib beta chain,Concentration/ml,delta_time3_vs_time1,20,17,0.08291675873317388,"[-0.39, 0.52]",0.7357620513229066,0.9922220737099716,False
Complement C2,Concentration/ml,delta_time3_vs_time1,20,17,-0.18701476725635352,"[-0.59, 0.29]",0.4432964392503981,0.974718730723492,False
Annexin A2,Concentration/ml,delta_time3_vs_time1,20,17,0.13606852715187492,"[-0.34, 0.56]",0.5785954125604853,0.974718730723492,False
Protein disulfide-isomerase A3,Concentration/ml,delta_time3_vs_time1,20,17,0.23143798591457318,"[-0.25, 0.62]",0.34040882219821955,0.9551563586109392,False
Dipeptidyl peptidase 4,Concentration/ml,delta_time3_vs_time1,20,17,-0.0776128409987059,"[-0.51, 0.39]",0.7521422436520452,0.9922220737099716,False
Proteasome subunit alpha type-4,Concentration/ml,delta_time3_vs_time1,20,17,0.4062881562881565,"[-0.06, 0.73]",0.08432845014519974,0.926361000340539,False
Coagulation factor XI,Concentration/ml,delta_time3_vs_time1,20,17,0.19455343186651294,"[-0.28, 0.60]",0.42479103651155703,0.974718730723492,False
Collectin-11,Concentration/ml,delta_time3_vs_time1,20,17,0.1334187441447207,"[-0.34, 0.55]",0.5860824417823045,0.974718730723492,False
High mobility group protein B1,Concentration/ml,delta_time3_vs_time1,20,17,-0.13066849402516476,"[-0.55, 0.34]",0.5938962014956206,0.974718730723492,False
Immunoglobulin lambda variable 3-16,Concentration/ml,delta_time3_vs_time1,20,17,-0.13910577106151473,"[-0.56, 0.34]",0.5700642446502289,0.974718730723492,False
Prothrombin,Concentration/ml,delta_time3_vs_time1,20,17,-0.029173090766685138,"[-0.48, 0.43]",0.9056285856465061,0.9922220737099716,False
Immunoglobulin kappa joining 1,Concentration/ml,delta_time3_vs_time1,20,17,0.030014340854968485,"[-0.43, 0.48]",0.9029193139169938,0.9922220737099716,False
Immunoglobulin heavy variable 3-7,Concentration/ml,delta_time3_vs_time1,20,17,0.5600831268020239,"[0.14, 0.81]",0.01263274267385374,0.7513453619273466,False
Immunoglobulin heavy variable 3-74,Concentration/ml,delta_time3_vs_time1,20,17,0.5451770451770453,"[0.12, 0.80]",0.015777339887483116,0.7513453619273466,False
Ezrin,Concentration/ml,delta_time3_vs_time1,20,17,0.2259398732621689,"[-0.25, 0.62]",0.3523220382828972,0.9551563586109392,False
Intercellular adhesion molecule 2,Concentration/ml,delta_time3_vs_time1,20,17,-0.16575536182832817,"[-0.58, 0.31]",0.49766047990891304,0.974718730723492,False
Lysozyme C,Concentration/ml,delta_time3_vs_time1,20,17,0.2369158726761568,"[-0.24, 0.62]",0.32877596333292236,0.9551563586109392,False
Protein AMBP,Concentration/ml,delta_time3_vs_time1,20,17,-0.2583492813120711,"[-0.64, 0.22]",0.28555167191790765,0.9551563586109392,False
Prolyl endopeptidase FAP,Concentration/ml,delta_time3_vs_time1,20,17,0.08868752216148981,"[-0.38, 0.52]",0.7180634783397184,0.9922220737099716,False
"Actin, cytoplasmic 2",Concentration/ml,delta_time3_vs_time1,20,17,-0.08704674558695732,"[-0.52, 0.38]",0.7230821062551012,0.9922220737099716,False
Kallistatin,Concentration/ml,delta_time3_vs_time1,20,17,-0.09322330597839401,"[-0.53, 0.38]",0.704247863018076,0.9922220737099716,False
Hemopexin,Concentration/ml,delta_time3_vs_time1,20,17,-0.16514068331199686,"[-0.58, 0.31]",0.4992786595133637,0.974718730723492,False
C4b-binding protein beta chain,Concentration/ml,delta_time3_vs_time1,20,17,-0.09615070189328374,"[-0.53, 0.37]",0.6953778087702794,0.9922220737099716,False
Peptidyl-prolyl cis-trans isomerase A,Concentration/ml,delta_time3_vs_time1,20,17,-0.06690516177360921,"[-0.51, 0.40]",0.7855153079482072,0.9922220737099716,False
Complement C1r subcomponent-like protein,Concentration/ml,delta_time3_vs_time1,20,17,0.0899497549354393,"[-0.38, 0.52]",0.7142101950482705,0.9922220737099716,False
Immunoglobulin heavy variable 3-30;Immunoglobulin heavy variable 3-30-5,Concentration/ml,delta_time3_vs_time1,20,17,-0.035380261158870135,"[-0.48, 0.43]",0.8856635646602762,0.9922220737099716,False
Immunoglobulin lambda variable 3-9,Concentration/ml,delta_time3_vs_time1,20,17,0.043040293040293234,"[-0.42, 0.49]",0.8611173336705774,0.9922220737099716,False
Immunoglobulin heavy variable 1-45,Concentration/ml,delta_time3_vs_time1,20,17,0.34625113777333755,"[-0.13, 0.69]",0.14645134353291656,0.9303742319500903,False
Hemoglobin subunit gamma-1,Concentration/ml,delta_time3_vs_time1,20,17,-0.38439817931665626,"[-0.71, 0.08]",0.10417425547976647,0.9303742319500903,False
Apolipoprotein F,Concentration/ml,delta_time3_vs_time1,20,17,-0.047988453772313124,"[-0.49, 0.42]",0.8453243447946518,0.9922220737099716,False
Immunoglobulin gamma-1 heavy chain,Concentration/ml,delta_time3_vs_time1,20,17,0.2869769525919848,"[-0.19, 0.66]",0.23355852670737495,0.9551563586109392,False
Low affinity immunoglobulin gamma Fc region receptor III-B,Concentration/ml,delta_time3_vs_time1,20,17,0.28881826074508304,"[-0.19, 0.66]",0.23043901571754616,0.9551563586109392,False
Multiple epidermal growth factor-like domains protein 8,Concentration/ml,delta_time3_vs_time1,20,17,0.2629763684985869,"[-0.22, 0.64]",0.276702552843272,0.9551563586109392,False
Complement C4-B,Concentration/ml,delta_time3_vs_time1,20,17,-0.39642851618657654,"[-0.72, 0.07]",0.092890163438234,0.9283537840011363,False
Glyceraldehyde-3-phosphate dehydrogenase,Concentration/ml,delta_time3_vs_time1,20,17,-0.05224059524580894,"[-0.49, 0.41]",0.8317975844277763,0.9922220737099716,False
Complement C1r subcomponent,Concentration/ml,delta_time3_vs_time1,20,17,-0.4960182736780145,"[-0.78, -0.05]",0.03078015586609653,0.8652415759405032,False
Sex hormone-binding globulin,Concentration/ml,delta_time3_vs_time1,20,17,-0.16139400871168083,"[-0.57, 0.32]",0.5091966086199178,0.974718730723492,False
Biotinidase,Concentration/ml,delta_time3_vs_time1,20,17,0.13406432162293155,"[-0.34, 0.55]",0.5842545881796746,0.974718730723492,False
Cholinesterase,Concentration/ml,delta_time3_vs_time1,20,17,-0.4738317453523134,"[-0.76, -0.03]",0.040423025690481465,0.8652415759405032,False
Immunoglobulin heavy variable 2-5,Concentration/ml,delta_time3_vs_time1,20,17,-0.08740860687537486,"[-0.52, 0.38]",0.7219743458999472,0.9922220737099716,False
Immunoglobulin lambda variable 1-36,Concentration/ml,delta_time3_vs_time1,20,17,-0.34943738737846247,"[-0.69, 0.12]",0.14252492556070143,0.9303742319500903,False
Immunoglobulin kappa variable 3-11,Concentration/ml,delta_time3_vs_time1,20,17,-0.1254578754578757,"[-0.55, 0.35]",0.6088173834990652,0.979401877802844,False
Immunoglobulin kappa variable 6-21,Concentration/ml,delta_time3_vs_time1,20,17,0.4231958350563021,"[-0.04, 0.74]",0.07101749046915364,0.926361000340539,False
Immunoglobulin kappa light chain,Concentration/ml,delta_time3_vs_time1,20,17,0.3421358746622014,"[-0.13, 0.69]",0.15163294852561657,0.9303742319500903,False
Neuropilin-1,Concentration/ml,delta_time3_vs_time1,20,17,0.05616605616605606,"[-0.41, 0.50]",0.8193500205243374,0.9922220737099716,False
Ficolin-2,Concentration/ml,delta_time3_vs_time1,20,17,-0.08925160706507639,"[-0.52, 0.38]",0.716340655522927,0.9922220737099716,False
Gamma-glutamyl hydrolase,Concentration/ml,delta_time3_vs_time1,20,17,0.3234282844913097,"[-0.15, 0.68]",0.1767846167651154,0.9303742319500903,False
Keratinocyte proline-rich protein,Concentration/ml,delta_time3_vs_time1,20,17,0.25432518906367324,"[-0.23, 0.64]",0.2933871598263215,0.9551563586109392,False
Kyphoscoliosis peptidase,Concentration/ml,delta_time3_vs_time1,20,17,-0.18739794922479203,"[-0.59, 0.29]",0.44234586644634655,0.974718730723492,False
Laminin subunit alpha-2,Concentration/ml,delta_time3_vs_time1,20,17,0.21227249529931727,"[-0.27, 0.61]",0.3829557591073033,0.9551563586109392,False
Desmoglein-1,Concentration/ml,delta_time3_vs_time1,20,17,0.2666700152663977,"[-0.21, 0.64]",0.2697619222722638,0.9551563586109392,False
Immunoglobulin lambda variable 3-27,Concentration/ml,delta_time3_vs_time1,20,17,0.05771961243172906,"[-0.41, 0.50]",0.814434955703678,0.9922220737099716,False
Myosin-9,Concentration/ml,delta_time3_vs_time1,20,17,0.29957620440532723,"[-0.18, 0.66]",0.21275229086753994,0.9500490230119456,False
Versican core protein,Concentration/ml,delta_time3_vs_time1,20,17,-0.20167594757525859,"[-0.60, 0.28]",0.4076913526280791,0.9687344984465366,False
Proteasome subunit beta type-3,Concentration/ml,delta_time3_vs_time1,20,17,0.15095200489245297,"[-0.33, 0.57]",0.5373231722197234,0.974718730723492,False
Alpha-N-acetylglucosaminidase,Concentration/ml,delta_time3_vs_time1,20,17,0.1870450413292146,"[-0.29, 0.59]",0.44322129874879257,0.974718730723492,False
Caspase-14,Concentration/ml,delta_time3_vs_time1,20,17,0.09428286636106724,"[-0.38, 0.53]",0.7010330872453578,0.9922220737099716,False
Histidine-rich glycoprotein,Concentration/ml,delta_time3_vs_time1,20,17,0.06608553423828155,"[-0.40, 0.51]",0.7880854892743786,0.9922220737099716,False
"ATP synthase subunit alpha, mitochondrial",Concentration/ml,delta_time3_vs_time1,20,17,-0.13495837579431952,"[-0.56, 0.34]",0.5817272006492025,0.974718730723492,False
Immunoglobulin kappa constant,Concentration/ml,delta_time3_vs_time1,20,17,-0.049258199131311735,"[-0.49, 0.41]",0.8412805620503991,0.9922220737099716,False
Interleukin-1 receptor accessory protein,Concentration/ml,delta_time3_vs_time1,20,17,0.532298215636017,"[0.10, 0.79]",0.018970907178754746,0.8125256978412297,False
Immunoglobulin lambda variable 9-49,Concentration/ml,delta_time3_vs_time1,20,17,0.05778627293097686,"[-0.41, 0.50]",0.8142242055948191,0.9922220737099716,False
Plexin domain-containing protein 2,Concentration/ml,delta_time3_vs_time1,20,17,-0.07339585924977661,"[-0.51, 0.39]",0.7652387832421375,0.9922220737099716,False
Immunoglobulin heavy variable 4-28,Concentration/ml,delta_time3_vs_time1,20,17,0.4238431020845821,"[-0.04, 0.74]",0.07054108617410676,0.926361000340539,False
Desmoplakin,Concentration/ml,delta_time3_vs_time1,20,17,-0.04922471117755862,"[-0.49, 0.41]",0.8413871634005614,0.9922220737099716,False
Endoplasmin,Concentration/ml,delta_time3_vs_time1,20,17,0.13308913308913298,"[-0.34, 0.55]",0.5870166132713903,0.974718730723492,False
Heparin cofactor 2,Concentration/ml,delta_time3_vs_time1,20,17,0.008530100501672832,"[-0.45, 0.46]",0.9723524496423142,0.992405421798868,False
Laminin subunit gamma-1,Concentration/ml,delta_time3_vs_time1,20,17,0.2663744680672841,"[-0.21, 0.64]",0.27031324593035094,0.9551563586109392,False
Polymeric immunoglobulin receptor,Concentration/ml,delta_time3_vs_time1,20,17,0.23915854136897466,"[-0.24, 0.63]",0.32408186401655525,0.9551563586109392,False
Serum amyloid A-4 protein,Concentration/ml,delta_time3_vs_time1,20,17,-0.029104815374514748,"[-0.48, 0.43]",0.9058485128277225,0.9922220737099716,False
Catalase,Concentration/ml,delta_time3_vs_time1,20,17,0.27223902761917107,"[-0.21, 0.65]",0.25950439031116057,0.9551563586109392,False
Complement receptor type 1,Concentration/ml,delta_time3_vs_time1,20,17,-0.03157404694427483,"[-0.48, 0.43]",0.8978989707712492,0.9922220737099716,False
Immunoglobulin kappa variable 1-27,Concentration/ml,delta_time3_vs_time1,20,17,0.4112229966748509,"[-0.05, 0.73]",0.08026787390211347,0.926361000340539,False
Immunoglobulin kappa variable 2-30,Concentration/ml,delta_time3_vs_time1,20,17,0.06621191723015318,"[-0.40, 0.51]",0.787689041080093,0.9922220737099716,False
Protein-glutamine gamma-glutamyltransferase E,Concentration/ml,delta_time3_vs_time1,20,17,0.2570583107815434,"[-0.22, 0.64]",0.28805123950172284,0.9551563586109392,False
Periostin,Concentration/ml,delta_time3_vs_time1,20,17,0.16643764178530174,"[-0.31, 0.58]",0.4958673110027215,0.974718730723492,False
Albumin,Concentration/ml,delta_time3_vs_time1,20,17,-0.038876722043392924,"[-0.48, 0.42]",0.8744456100976219,0.9922220737099716,False
Complement factor B,Concentration/ml,delta_time3_vs_time1,20,17,-0.24483131426019097,"[-0.63, 0.24]",0.3123864760538769,0.9551563586109392,False
Probable non-functional immunoglobulinn kappa variable 1-37;Probable non-functional immunoglobulinn kappa variable 1D-37,Concentration/ml,delta_time3_vs_time1,20,17,-0.026808887290971056,"[-0.48, 0.43]",0.9132478290344546,0.9922220737099716,False
Immunoglobulin lambda variable 8-61,Concentration/ml,delta_time3_vs_time1,20,17,0.18466442970611607,"[-0.29, 0.59]",0.44915013770824297,0.974718730723492,False
Annexin A1,Concentration/ml,delta_time3_vs_time1,20,17,0.06971751924220936,"[-0.40, 0.51]",0.7767126290119806,0.9922220737099716,False
CD5 antigen-like,Concentration/ml,delta_time3_vs_time1,20,17,-0.18841366291660736,"[-0.59, 0.29]",0.4398312848063112,0.974718730723492,False
RB-associated KRAB zinc finger protein,Concentration/ml,delta_time3_vs_time1,20,17,0.13531802521869005,"[-0.34, 0.56]",0.5807118249747134,0.974718730723492,False
Immunoglobulin lambda variable 7-46,Concentration/ml,delta_time3_vs_time1,20,17,0.04457910499178887,"[-0.42, 0.49]",0.8562002353143287,0.9922220737099716,False
Basement membrane-specific heparan sulfate proteoglycan core protein,Concentration/ml,delta_time3_vs_time1,20,17,0.2710038288723308,"[-0.21, 0.65]",0.2617580111664759,0.9551563586109392,False
Vitamin K-dependent protein C,Concentration/ml,delta_time3_vs_time1,20,17,0.24206769323944002,"[-0.24, 0.63]",0.31805219658922995,0.9551563586109392,False
Immunoglobulin lambda variable 1-40,Concentration/ml,delta_time3_vs_time1,20,17,-0.1585441320832115,"[-0.57, 0.32]",0.5168028258208037,0.974718730723492,False
Pantetheinase,Concentration/ml,delta_time3_vs_time1,20,17,-0.07907595243186301,"[-0.51, 0.39]",0.7476132206520889,0.9922220737099716,False
Neutrophil defensin 1;Neutrophil defensin 3,Concentration/ml,delta_time3_vs_time1,20,17,0.08365883956860125,"[-0.39, 0.52]",0.7334787719092912,0.9922220737099716,False
Immunoglobulin lambda variable 2-8,Concentration/ml,delta_time3_vs_time1,20,17,0.2809106846011879,"[-0.20, 0.65]",0.244027473974109,0.9551563586109392,False
Immunoglobulin heavy variable 1-18,Concentration/ml,delta_time3_vs_time1,20,17,0.21455112869992185,"[-0.27, 0.61]",0.3777483380431732,0.9551563586109392,False
Immunoglobulin kappa variable 3D-15,Concentration/ml,delta_time3_vs_time1,20,17,-0.15291543657000015,"[-0.57, 0.32]",0.531980897599972,0.974718730723492,False
Extracellular matrix protein 1,Concentration/ml,delta_time3_vs_time1,20,17,0.0024243065389821803,"[-0.45, 0.46]",0.992141083789946,0.994537441396826,False
Tubulin alpha-1B chain,Concentration/ml,delta_time3_vs_time1,20,17,-0.16021136533236344,"[-0.57, 0.32]",0.5123465591009013,0.974718730723492,False
Immunoglobulin lambda variable 5-45,Concentration/ml,delta_time3_vs_time1,20,17,0.12593369985104513,"[-0.35, 0.55]",0.60744853542925,0.979401877802844,False
Alpha-2-HS-glycoprotein,Concentration/ml,delta_time3_vs_time1,20,17,-0.03280223422411273,"[-0.48, 0.43]",0.8939483146294578,0.9922220737099716,False
Cartilage acidic protein 1,Concentration/ml,delta_time3_vs_time1,20,17,0.4044953136060303,"[-0.06, 0.73]",0.08584040157595728,0.926361000340539,False
Coagulation factor IX,Concentration/ml,delta_time3_vs_time1,20,17,-0.26919763925227325,"[-0.64, 0.21]",0.2650754511532335,0.9551563586109392,False
Integrin alpha-2,Concentration/ml,delta_time3_vs_time1,20,17,-0.0048544583038095095,"[-0.46, 0.45]",0.9842639148812455,0.992405421798868,False
"Mannosyl-oligosaccharide 1,2-alpha-mannosidase IA",Concentration/ml,delta_time3_vs_time1,20,17,0.362937129419517,"[-0.11, 0.70]",0.12670328430590583,0.9303742319500903,False
Endophilin-A3,Concentration/ml,delta_time3_vs_time1,20,17,0.4957453940920621,"[0.05, 0.78]",0.03088668659768778,0.8652415759405032,False
Collagen alpha-1(I) chain,Concentration/ml,delta_time3_vs_time1,20,17,0.035194822702618915,"[-0.43, 0.48]",0.8862591210144369,0.9922220737099716,False
Carboxypeptidase N subunit 2,Concentration/ml,delta_time3_vs_time1,20,17,-0.1575108274836144,"[-0.57, 0.32]",0.5195738195408699,0.974718730723492,False
Scavenger receptor cysteine-rich type 1 protein M130,Concentration/ml,delta_time3_vs_time1,20,17,0.06746610943758116,"[-0.40, 0.51]",0.783757514907358,0.9922220737099716,False
Annexin A5,Concentration/ml,delta_time3_vs_time1,20,17,-0.15884785647417474,"[-0.57, 0.32]",0.5159896590435076,0.974718730723492,False
Platelet factor 4,Concentration/ml,delta_time3_vs_time1,20,17,-0.13247863247863237,"[-0.55, 0.34]",0.588748524167438,0.974718730723492,False
Immunoglobulin heavy variable 3-72,Concentration/ml,delta_time3_vs_time1,20,17,0.24297924297924278,"[-0.24, 0.63]",0.3161767046568017,0.9551563586109392,False
Protein HEG homolog 1,Concentration/ml,delta_time3_vs_time1,20,17,0.17163881809109297,"[-0.31, 0.58]",0.4823013178225245,0.974718730723492,False
Sulfhydryl oxidase 1,Concentration/ml,delta_time3_vs_time1,20,17,0.3999418363380762,"[-0.07, 0.72]",0.08976975234990492,0.9283537840011363,False
Corticosteroid-binding globulin,Concentration/ml,delta_time3_vs_time1,20,17,-0.05867396907007504,"[-0.50, 0.41]",0.8114188850294648,0.9922220737099716,False
Angiopoietin-related protein 6,Concentration/ml,delta_time3_vs_time1,20,17,0.4116619075515697,"[-0.05, 0.73]",0.07991383680334063,0.926361000340539,False
72 kDa type IV collagenase,Concentration/ml,delta_time3_vs_time1,20,17,0.35778733255559964,"[-0.12, 0.70]",0.13258486925558527,0.9303742319500903,False
Trypsin-3,Concentration/ml,delta_time3_vs_time1,20,17,-0.13038867909699497,"[-0.55, 0.34]",0.5946936061969847,0.974718730723492,False
Complement component C9,Concentration/ml,delta_time3_vs_time1,20,17,-0.4051622303273955,"[-0.73, 0.06]",0.08527566846914947,0.926361000340539,False
Pyruvate kinase PKM,Concentration/ml,delta_time3_vs_time1,20,17,-0.16461861990249155,"[-0.58, 0.31]",0.5006550150970728,0.974718730723492,False
Immunoglobulin heavy variable 4-34,Concentration/ml,delta_time3_vs_time1,20,17,0.264975089972144,"[-0.22, 0.64]",0.2729332131110014,0.9551563586109392,False
Immunoglobulin kappa variable 6D-21,Concentration/ml,delta_time3_vs_time1,20,17,0.23067762494954677,"[-0.25, 0.62]",0.34204222131948336,0.9551563586109392,False
Immunoglobulin lambda-1 light chain,Concentration/ml,delta_time3_vs_time1,20,17,0.26972583950541684,"[-0.21, 0.64]",0.26410259309439926,0.9551563586109392,False
Transforming growth factor-beta-induced protein ig-h3,Concentration/ml,delta_time3_vs_time1,20,17,0.10835845197507891,"[-0.36, 0.54]",0.658806104236618,0.9922220737099716,False
Complement C1q subcomponent subunit A,Concentration/ml,delta_time3_vs_time1,20,17,-0.04194510155355148,"[-0.49, 0.42]",0.8646198858982863,0.9922220737099716,False
Prolow-density lipoprotein receptor-related protein 1,Concentration/ml,delta_time3_vs_time1,20,17,-0.006277880879630323,"[-0.46, 0.45]",0.9796505915979804,0.992405421798868,False
Immunoglobulin heavy constant mu,Concentration/ml,delta_time3_vs_time1,20,17,0.31380753375693515,"[-0.16, 0.67]",0.19075879284494415,0.9426329181088066,False
UV-stimulated scaffold protein A,Concentration/ml,delta_time3_vs_time1,20,17,0.011151896231780612,"[-0.45, 0.46]",0.9638594122834203,0.992405421798868,False
Complement component C6,Concentration/ml,delta_time3_vs_time1,20,17,0.03795264228655247,"[-0.42, 0.48]",0.8774082615606889,0.9922220737099716,False
Angiotensinogen,Concentration/ml,delta_time3_vs_time1,20,17,-0.20261896664384035,"[-0.60, 0.28]",0.4054556981368428,0.9678619891008505,False
Pregnancy zone protein,Concentration/ml,delta_time3_vs_time1,20,17,-0.17476049893714282,"[-0.58, 0.30]",0.47424822527782784,0.974718730723492,False
Histone H2A type 1-B/E;Histone H2A type 3;Histone H2A type 1-C,Concentration/ml,delta_time3_vs_time1,20,17,0.003076544448597242,"[-0.45, 0.46]",0.990026802394248,0.994537441396826,False
Desmocollin-1,Concentration/ml,delta_time3_vs_time1,20,17,0.30651008691285786,"[-0.17, 0.67]",0.20183794586493556,0.9426329181088066,False
Protein Z-dependent protease inhibitor,Concentration/ml,delta_time3_vs_time1,20,17,-0.2522734457870844,"[-0.63, 0.23]",0.2974321225981262,0.9551563586109392,False
Immunoglobulin kappa variable 1-17,Concentration/ml,delta_time3_vs_time1,20,17,0.21393198044360948,"[-0.27, 0.61]",0.37915935501661535,0.9551563586109392,False
Fibronectin,Concentration/ml,delta_time3_vs_time1,20,17,-0.29816310033372334,"[-0.66, 0.18]",0.21502314026334632,0.9516445806783617,False
Probable non-functional immunoglobulin heavy variable 3-38,Concentration/ml,delta_time3_vs_time1,20,17,0.22300119882943986,"[-0.26, 0.61]",0.3587864949248598,0.9551563586109392,False
Nucleoside diphosphate kinase 3,Concentration/ml,delta_time3_vs_time1,20,17,0.24939338843895245,"[-0.23, 0.63]",0.303166897551275,0.9551563586109392,False
Plasma protease C1 inhibitor,Concentration/ml,delta_time3_vs_time1,20,17,0.24141395057884749,"[-0.24, 0.63]",0.31940132431501145,0.9551563586109392,False
Immunoglobulin kappa variable 1-16,Concentration/ml,delta_time3_vs_time1,20,17,0.10749217934243402,"[-0.36, 0.54]",0.6613781203394218,0.9922220737099716,False
F-actin-capping protein subunit alpha-1,Concentration/ml,delta_time3_vs_time1,20,17,-0.03029681717185315,"[-0.48, 0.43]",0.9020098191430959,0.9922220737099716,False
Cathepsin D,Concentration/ml,delta_time3_vs_time1,20,17,0.14226989051003897,"[-0.33, 0.56]",0.5612351614152202,0.974718730723492,False
Anthrax toxin receptor 2,Concentration/ml,delta_time3_vs_time1,20,17,0.05463300214126189,"[-0.41, 0.50]",0.8242065525348212,0.9922220737099716,False
Talin-1,Concentration/ml,delta_time3_vs_time1,20,17,-0.016920994467284928,"[-0.47, 0.44]",0.94518535769909,0.992405421798868,False
Protein disulfide-isomerase,Concentration/ml,delta_time3_vs_time1,20,17,-0.15398958474025642,"[-0.57, 0.32]",0.5290686498735835,0.974718730723492,False
Junction plakoglobin,Concentration/ml,delta_time3_vs_time1,20,17,-0.12636697834444569,"[-0.55, 0.35]",0.6062031700073128,0.979401877802844,False
Tenascin,Concentration/ml,delta_time3_vs_time1,20,17,-0.11288479518807681,"[-0.54, 0.36]",0.6454272338091301,0.9922220737099716,False
Cadherin-related family member 5,Concentration/ml,delta_time3_vs_time1,20,17,0.09739256972017864,"[-0.37, 0.53]",0.691626266492586,0.9922220737099716,False
Kininogen-1,Concentration/ml,delta_time3_vs_time1,20,17,-0.0022773430997676683,"[-0.46, 0.45]",0.992617484946253,0.994537441396826,False
Alpha-1-antichymotrypsin,Concentration/ml,delta_time3_vs_time1,20,17,0.032343937974477543,"[-0.43, 0.48]",0.8954222213576606,0.9922220737099716,False
Integrin alpha-IIb,Concentration/ml,delta_time3_vs_time1,20,17,-0.04259522200844178,"[-0.49, 0.42]",0.8625404279230071,0.9922220737099716,False
Serum amyloid P-component,Concentration/ml,delta_time3_vs_time1,20,17,-0.04312370616687618,"[-0.49, 0.42]",0.8608506694691977,0.9922220737099716,False
Inter-alpha-trypsin inhibitor heavy chain H1,Concentration/ml,delta_time3_vs_time1,20,17,-0.5457927305623196,"[-0.80, -0.12]",0.01563617093584688,0.7513453619273466,False
Probable non-functional immunoglobulin heavy variable 3-35,Concentration/ml,delta_time3_vs_time1,20,17,-0.02937134855034748,"[-0.48, 0.43]",0.9049899993929393,0.9922220737099716,False
Immunoglobulin kappa variable 1-5,Concentration/ml,delta_time3_vs_time1,20,17,0.31648081538449474,"[-0.16, 0.67]",0.18680402446870706,0.9426329181088066,False
Band 3 anion transport protein,Concentration/ml,delta_time3_vs_time1,20,17,0.2145379629174434,"[-0.27, 0.61]",0.37777831176971566,0.9551563586109392,False
Immunoglobulin lambda variable 7-43,Concentration/ml,delta_time3_vs_time1,20,17,-0.06059854885483608,"[-0.50, 0.40]",0.8053443700479608,0.9922220737099716,False
Peroxiredoxin-1,Concentration/ml,delta_time3_vs_time1,20,17,0.190745755813039,"[-0.29, 0.59]",0.43408608063282783,0.974718730723492,False
Matrix metalloproteinase-9,Concentration/ml,delta_time3_vs_time1,20,17,0.5596144325947222,"[0.14, 0.81]",0.012723275187648098,0.7513453619273466,False
Multimerin-2,Concentration/ml,delta_time3_vs_time1,20,17,0.510633132609686,"[0.07, 0.78]",0.02548014659729377,0.8249197460873857,False
Immunoglobulin heavy variable 1-3,Concentration/ml,delta_time3_vs_time1,20,17,-0.19158695800799802,"[-0.59, 0.29]",0.4320234617081654,0.974718730723492,False
Podocalyxin,Concentration/ml,delta_time3_vs_time1,20,17,0.3849424947543215,"[-0.08, 0.71]",0.10364332326393805,0.9303742319500903,False
Immunoglobulin lambda variable 1-51,Concentration/ml,delta_time3_vs_time1,20,17,-0.17875439767789245,"[-0.59, 0.30]",0.4640438433305514,0.974718730723492,False
Cadherin-13,Concentration/ml,delta_time3_vs_time1,20,17,0.3454117284725649,"[-0.13, 0.69]",0.14749812975423018,0.9303742319500903,False
Plastin-2,Concentration/ml,delta_time3_vs_time1,20,17,0.18474082252820748,"[-0.29, 0.59]",0.44895925151407334,0.974718730723492,False
Inter-alpha-trypsin inhibitor heavy chain H4,Concentration/ml,delta_time3_vs_time1,20,17,-0.3056589699770092,"[-0.67, 0.17]",0.20315727979165113,0.9426329181088066,False
Fructose-bisphosphate aldolase B,Concentration/ml,delta_time3_vs_time1,20,17,0.2737244507256791,"[-0.21, 0.65]",0.2568104503611538,0.9551563586109392,False
Mannan-binding lectin serine protease 2,Concentration/ml,delta_time3_vs_time1,20,17,-0.007326007326007542,"[-0.46, 0.45]",0.9762539933208267,0.992405421798868,False
Platelet glycoprotein 4,Concentration/ml,delta_time3_vs_time1,20,17,0.15375997034611477,"[-0.32, 0.57]",0.5296905641378417,0.974718730723492,False
Hemoglobin subunit alpha,Concentration/ml,delta_time3_vs_time1,20,17,-0.1734977933099545,"[-0.58, 0.30]",0.47749755229230906,0.974718730723492,False
Immunoglobulin lambda variable 3-10,Concentration/ml,delta_time3_vs_time1,20,17,0.04007965270932779,"[-0.42, 0.49]",0.8705913474237563,0.9922220737099716,False
Serum paraoxonase/lactonase 3,Concentration/ml,delta_time3_vs_time1,20,17,0.32494530271125,"[-0.15, 0.68]",0.17464620113432677,0.9303742319500903,False
Dopamine beta-hydroxylase,Concentration/ml,delta_time3_vs_time1,20,17,0.09210237950663151,"[-0.38, 0.52]",0.7076540607881108,0.9922220737099716,False
Triosephosphate isomerase,Concentration/ml,delta_time3_vs_time1,20,17,-0.13336323958591587,"[-0.55, 0.34]",0.5862397068724714,0.974718730723492,False
Endoplasmic reticulum chaperone BiP,Concentration/ml,delta_time3_vs_time1,20,17,0.2151367372455355,"[-0.26, 0.61]",0.3764164660815209,0.9551563586109392,False
Suprabasin,Concentration/ml,delta_time3_vs_time1,20,17,0.08669108669108662,"[-0.38, 0.52]",0.7241713933670934,0.9922220737099716,False
Immunoglobulin kappa variable 3-20,Concentration/ml,delta_time3_vs_time1,20,17,0.08306670011213006,"[-0.39, 0.52]",0.7353005308759328,0.9922220737099716,False
Ficolin-1,Concentration/ml,delta_time3_vs_time1,20,17,0.4265695421425111,"[-0.03, 0.74]",0.06856044872587051,0.926361000340539,False
Autotaxin,Concentration/ml,delta_time3_vs_time1,20,17,-0.23056978869786982,"[-0.62, 0.25]",0.3422742420926139,0.9551563586109392,False
Histidine ammonia-lyase,Concentration/ml,delta_time3_vs_time1,20,17,0.05177631654512038,"[-0.41, 0.49]",0.8332724006864027,0.9922220737099716,False
Noelin,Concentration/ml,delta_time3_vs_time1,20,17,-0.31382689084006443,"[-0.67, 0.16]",0.19072995703357049,0.9426329181088066,False
Prenylcysteine oxidase 1,Concentration/ml,delta_time3_vs_time1,20,17,-0.012963763219960633,"[-0.46, 0.44]",0.9579921794171962,0.992405421798868,False
Immunoglobulin delta heavy chain,Concentration/ml,delta_time3_vs_time1,20,17,0.22920256142050652,"[-0.25, 0.62]",0.3452238947007771,0.9551563586109392,False
Antithrombin-III,Concentration/ml,delta_time3_vs_time1,20,17,-0.2739594006495337,"[-0.65, 0.21]",0.2563859704551995,0.9551563586109392,False
Complement component C7,Concentration/ml,delta_time3_vs_time1,20,17,-0.042418984198385384,"[-0.49, 0.42]",0.8631040525525768,0.9922220737099716,False
BOS complex subunit NOMO3;BOS complex subunit NOMO1;BOS complex subunit NOMO2,Concentration/ml,delta_time3_vs_time1,20,17,0.1778852879383647,"[-0.30, 0.58]",0.46625490538305026,0.974718730723492,False
Cofilin-1,Concentration/ml,delta_time3_vs_time1,20,17,-0.016920994467284928,"[-0.47, 0.44]",0.94518535769909,0.992405421798868,False
Histone H4,Concentration/ml,delta_time3_vs_time1,20,17,-0.032343937974477543,"[-0.48, 0.43]",0.8954222213576606,0.9922220737099716,False
Serum amyloid A-1 protein,Concentration/ml,delta_time3_vs_time1,20,17,0.040348502177920166,"[-0.42, 0.49]",0.8697303161231908,0.9922220737099716,False
Transferrin receptor protein 1,Concentration/ml,delta_time3_vs_time1,20,17,-0.0469850241505135,"[-0.49, 0.42]",0.8485226130711458,0.9922220737099716,False
Serpin B12,Concentration/ml,delta_time3_vs_time1,20,17,0.27899877899877873,"[-0.20, 0.65]",0.24738799137337114,0.9551563586109392,False
Immunoglobulin kappa variable 3D-20,Concentration/ml,delta_time3_vs_time1,20,17,-0.2451055835079531,"[-0.63, 0.24]",0.3118275112538262,0.9551563586109392,False
Probable non-functional immunoglobulin heavy variable 3-16,Concentration/ml,delta_time3_vs_time1,20,17,0.23834642897047628,"[-0.24, 0.62]",0.325777082998013,0.9551563586109392,False
Immunoglobulin lambda variable 6-57,Concentration/ml,delta_time3_vs_time1,20,17,-0.37409008265842864,"[-0.71, 0.10]",0.11460258402127228,0.9303742319500903,False
Fibrinogen alpha chain,Concentration/ml,delta_time3_vs_time1,20,17,0.0009139393394650887,"[-0.45, 0.45]",0.9970372297766411,0.9970372297766411,False
Galectin-3-binding protein,Concentration/ml,delta_time3_vs_time1,20,17,-0.33404741203089294,"[-0.68, 0.14]",0.16218383614429216,0.9303742319500903,False
Macrophage colony-stimulating factor 1 receptor,Concentration/ml,delta_time3_vs_time1,20,17,-0.11667386897964509,"[-0.54, 0.36]",0.6343069798004394,0.9922220737099716,False
Phosphatidylinositol-glycan-specific phospholipase D,Concentration/ml,delta_time3_vs_time1,20,17,0.09934138563377684,"[-0.37, 0.53]",0.6857529826339214,0.9922220737099716,False
Serotransferrin,Concentration/ml,delta_time3_vs_time1,20,17,-0.1496950544885358,"[-0.57, 0.33]",0.5407559943736697,0.974718730723492,False
Integrin alpha-11,Concentration/ml,delta_time3_vs_time1,20,17,-0.020998026278289898,"[-0.47, 0.44]",0.9320043061705375,0.992405421798868,False
Proprotein convertase subtilisin/kexin type 9,Concentration/ml,delta_time3_vs_time1,20,17,-0.17576898815969438,"[-0.58, 0.30]",0.47166102758615736,0.974718730723492,False
Gelsolin,Concentration/ml,delta_time3_vs_time1,20,17,-0.08306670011213006,"[-0.52, 0.39]",0.7353005308759328,0.9922220737099716,False
Proteoglycan 4,Concentration/ml,delta_time3_vs_time1,20,17,-0.12094463925585795,"[-0.55, 0.35]",0.6218624508380384,0.989776715301644,False
Vascular cell adhesion protein 1,Concentration/ml,delta_time3_vs_time1,20,17,0.021994017568235096,"[-0.44, 0.47]",0.9287867114252268,0.992405421798868,False
Adhesion G protein-coupled receptor F5,Concentration/ml,delta_time3_vs_time1,20,17,0.3055555555555553,"[-0.17, 0.67]",0.2033179722770178,0.9426329181088066,False
Insulin-like growth factor-binding protein 3,Concentration/ml,delta_time3_vs_time1,20,17,0.3588735139632243,"[-0.11, 0.70]",0.13132866348976574,0.9303742319500903,False
Transthyretin,Concentration/ml,delta_time3_vs_time1,20,17,0.16765586381213174,"[-0.31, 0.58]",0.49267338907580205,0.974718730723492,False
Coiled-coil domain-containing protein 126,Concentration/ml,delta_time3_vs_time1,20,17,-0.17935966439447842,"[-0.59, 0.30]",0.4625071516436675,0.974718730723492,False
Guanine nucleotide-binding protein G(i) subunit alpha-2,Concentration/ml,delta_time3_vs_time1,20,17,0.21351082402482763,"[-0.27, 0.61]",0.3801208364374694,0.9551563586109392,False
Apolipoprotein C-I,Concentration/ml,delta_time3_vs_time1,20,17,-0.07687998517305751,"[-0.51, 0.39]",0.7544137079052644,0.9922220737099716,False
Syntenin-1,Concentration/ml,delta_time3_vs_time1,20,17,0.3814915116260778,"[-0.09, 0.71]",0.10704270056230805,0.9303742319500903,False
Phospholipid transfer protein,Concentration/ml,delta_time3_vs_time1,20,17,0.15075067798127226,"[-0.33, 0.57]",0.5378723405704593,0.974718730723492,False
Laminin subunit beta-1,Concentration/ml,delta_time3_vs_time1,20,17,0.3264074099395516,"[-0.15, 0.68]",0.17260185081173338,0.9303742319500903,False
Proline-rich protein 4,Concentration/ml,delta_time3_vs_time1,20,17,0.0321708471000088,"[-0.43, 0.48]",0.8959789770324498,0.9922220737099716,False
Immunoglobulin kappa variable 2-28;Immunoglobulin kappa variable 2D-28,Concentration/ml,delta_time3_vs_time1,20,17,0.4819902319902322,"[0.04, 0.77]",0.0366394360869721,0.8652415759405032,False
Complement C3,Concentration/ml,delta_time3_vs_time1,20,17,-0.3119672397955795,"[-0.67, 0.17]",0.19351355813888857,0.9426329181088066,False
Thyroxine-binding globulin,Concentration/ml,delta_time3_vs_time1,20,17,-0.21645558490612035,"[-0.61, 0.26]",0.37342661920185716,0.9551563586109392,False
Immunoglobulin kappa variable 1D-13;Immunoglobulin kappa variable 1-13,Concentration/ml,delta_time3_vs_time1,20,17,0.21906130793800802,"[-0.26, 0.61]",0.3675588324380664,0.9551563586109392,False
Complement factor H-related protein 5,Concentration/ml,delta_time3_vs_time1,20,17,0.06933910734176665,"[-0.40, 0.51]",0.7778955673848891,0.9922220737099716,False
Immunoglobulin lambda variable 2-23,Concentration/ml,delta_time3_vs_time1,20,17,0.2157199908755357,"[-0.26, 0.61]",0.375092570599889,0.9551563586109392,False
Coagulation factor VII,Concentration/ml,delta_time3_vs_time1,20,17,-0.01421050715586263,"[-0.47, 0.44]",0.9539561253016262,0.992405421798868,False
Immunoglobulin heavy constant gamma 4,Concentration/ml,delta_time3_vs_time1,20,17,0.6080209025521429,"[0.21, 0.83]",0.00574761944293717,0.7513453619273466,False
L-lactate dehydrogenase B chain,Concentration/ml,delta_time3_vs_time1,20,17,-0.34466653957047627,"[-0.69, 0.13]",0.14843176030452354,0.9303742319500903,False
Zinc-alpha-2-glycoprotein,Concentration/ml,delta_time3_vs_time1,20,17,-0.20921792722670948,"[-0.61, 0.27]",0.3899987180705311,0.9551563586109392,False
"Dihydrolipoyllysine-residue succinyltransferase component of 2-oxoglutarate dehydrogenase complex, mitochondrial",Concentration/ml,delta_time3_vs_time1,20,17,-0.018051141296567954,"[-0.47, 0.44]",0.9415300836138727,0.992405421798868,False
Serpin B3,Concentration/ml,delta_time3_vs_time1,20,17,0.22130995782646926,"[-0.26, 0.61]",0.36253735626393313,0.9551563586109392,False
Immunoglobulin heavy variable 3-33,Concentration/ml,delta_time3_vs_time1,20,17,0.06691137739068628,"[-0.40, 0.51]",0.7854958251459944,0.9922220737099716,False
Follistatin-related protein 1,Concentration/ml,delta_time3_vs_time1,20,17,0.13032074855132664,"[-0.34, 0.55]",0.5948872587988384,0.974718730723492,False
Cholesteryl ester transfer protein,Concentration/ml,delta_time3_vs_time1,20,17,0.2579904397308024,"[-0.22, 0.64]",0.28624511752672066,0.9551563586109392,False
Complement C1q subcomponent subunit C,Concentration/ml,delta_time3_vs_time1,20,17,-0.043931420098889964,"[-0.49, 0.42]",0.8582692309402034,0.9922220737099716,False
Immunoglobulin heavy variable 4-30-2,Concentration/ml,delta_time3_vs_time1,20,17,0.4061038672148577,"[-0.06, 0.73]",0.08448295723072542,0.926361000340539,False
Thrombospondin-4,Concentration/ml,delta_time3_vs_time1,20,17,-0.4607417455774202,"[-0.76, -0.01]",0.047113261384849434,0.8652415759405032,False
Transketolase,Concentration/ml,delta_time3_vs_time1,20,17,0.30481849700201485,"[-0.17, 0.67]",0.20446569916615331,0.9426329181088066,False
Complement receptor type 2,Concentration/ml,delta_time3_vs_time1,20,17,-0.14152104463548065,"[-0.56, 0.33]",0.5633192823792641,0.974718730723492,False
Immunoglobulin kappa variable 2-40;Immunoglobulin kappa variable 2D-40,Concentration/ml,delta_time3_vs_time1,20,17,-0.05778627293097675,"[-0.50, 0.41]",0.8142242055948195,0.9922220737099716,False
Immunoglobulin kappa variable 3D-7,Concentration/ml,delta_time3_vs_time1,20,17,0.11861392864779434,"[-0.35, 0.54]",0.6286419678267198,0.989776715301644,False
Immunoglobulin heavy variable 3-64,Concentration/ml,delta_time3_vs_time1,20,17,0.33602503047660137,"[-0.14, 0.69]",0.1595589675420115,0.9303742319500903,False
Vitronectin,Concentration/ml,delta_time3_vs_time1,20,17,-0.1835928372839805,"[-0.59, 0.30]",0.4518321778520463,0.974718730723492,False
Complement component C8 gamma chain,Concentration/ml,delta_time3_vs_time1,20,17,0.1372763577698654,"[-0.34, 0.56]",0.5751962710148271,0.974718730723492,False
Immunoglobulin heavy variable 5-51,Concentration/ml,delta_time3_vs_time1,20,17,0.09949015175037511,"[-0.37, 0.53]",0.685305338622725,0.9922220737099716,False
Coagulation factor V,Concentration/ml,delta_time3_vs_time1,20,17,-0.2199454371286056,"[-0.61, 0.26]",0.3655798021823867,0.9551563586109392,False
Protein S100-A7,Concentration/ml,delta_time3_vs_time1,20,17,0.2692356330117246,"[-0.21, 0.64]",0.26500539813747354,0.9551563586109392,False
Arginase-1,Concentration/ml,delta_time3_vs_time1,20,17,0.24739093068337512,"[-0.23, 0.63]",0.3071932538913492,0.9551563586109392,False
Protein-glutamine gamma-glutamyltransferase K,Concentration/ml,delta_time3_vs_time1,20,17,0.34563835691703904,"[-0.13, 0.69]",0.14721500223968165,0.9303742319500903,False
Immunoglobulin kappa variable 4-1,Concentration/ml,delta_time3_vs_time1,20,17,-0.2599680059064809,"[-0.64, 0.22]",0.2824363929515729,0.9551563586109392,False
Coagulation factor XIII B chain,Concentration/ml,delta_time3_vs_time1,20,17,-0.347075334418434,"[-0.69, 0.13]",0.14542856107687235,0.9303742319500903,False
Apolipoprotein C-II,Concentration/ml,delta_time3_vs_time1,20,17,-0.3063051482147237,"[-0.67, 0.17]",0.20215510565754355,0.9426329181088066,False
Bone marrow proteoglycan,Concentration/ml,delta_time3_vs_time1,20,17,0.2127328987956857,"[-0.27, 0.61]",0.38190037995882276,0.9551563586109392,False
Apolipoprotein A-I,Concentration/ml,delta_time3_vs_time1,20,17,-0.2233155730894552,"[-0.62, 0.26]",0.3580917229033982,0.9551563586109392,False
Coagulation factor X,Concentration/ml,delta_time3_vs_time1,20,17,-0.20459020583172746,"[-0.60, 0.28]",0.4008039656483694,0.9656579265388621,False
Thioredoxin,Concentration/ml,delta_time3_vs_time1,20,17,0.02937134855034748,"[-0.43, 0.48]",0.9049899993929393,0.9922220737099716,False
Immunoglobulin heavy variable 3-15,Concentration/ml,delta_time3_vs_time1,20,17,0.44939671282163646,"[-0.01, 0.75]",0.05356802275804797,0.8951043802796403,False
Proteasome subunit beta type-2,Concentration/ml,delta_time3_vs_time1,20,17,0.2116959005019126,"[-0.27, 0.61]",0.38427976927112684,0.9551563586109392,False
Apolipoprotein A-II,Concentration/ml,delta_time3_vs_time1,20,17,-0.22423056999613897,"[-0.62, 0.26]",0.3560739465007715,0.9551563586109392,False
Immunoglobulin heavy constant gamma 2,Concentration/ml,delta_time3_vs_time1,20,17,0.17732495051532096,"[-0.30, 0.58]",0.4676832457447183,0.974718730723492,False
Plakophilin-1,Concentration/ml,delta_time3_vs_time1,20,17,0.028759445455548736,"[-0.43, 0.48]",0.906961110983949,0.9922220737099716,False
Fetuin-B,Concentration/ml,delta_time3_vs_time1,20,17,-0.026672647917182903,"[-0.48, 0.43]",0.9136871219298388,0.9922220737099716,False
Complement factor H-related protein 3,Concentration/ml,delta_time3_vs_time1,20,17,0.17889478869856434,"[-0.30, 0.59]",0.4636871793515921,0.974718730723492,False
Plasminogen,Concentration/ml,delta_time3_vs_time1,20,17,-0.24806668766071774,"[-0.63, 0.23]",0.3058309256076693,0.9551563586109392,False
Fermitin family homolog 3,Concentration/ml,delta_time3_vs_time1,20,17,-0.05582627049380936,"[-0.50, 0.41]",0.8204258843029812,0.9922220737099716,False
Immunoglobulin heavy variable 3-21,Concentration/ml,delta_time3_vs_time1,20,17,0.1409733864243436,"[-0.33, 0.56]",0.5648456186267438,0.974718730723492,False
Immunoglobulin heavy variable 2-26,Concentration/ml,delta_time3_vs_time1,20,17,0.051275215833987954,"[-0.41, 0.49]",0.8348647831350174,0.9922220737099716,False
Immunoglobulin kappa variable 1-12;Immunoglobulin kappa variable 1D-12,Concentration/ml,delta_time3_vs_time1,20,17,0.1979836721694152,"[-0.28, 0.60]",0.4165087201287083,0.974718730723492,False
Immunoglobulin heavy constant gamma 3,Concentration/ml,delta_time3_vs_time1,20,17,-0.3796465858260604,"[-0.71, 0.09]",0.10889258444842898,0.9303742319500903,False
Immunoglobulin kappa variable 2D-29,Concentration/ml,delta_time3_vs_time1,20,17,-0.04074092187169838,"[-0.49, 0.42]",0.8684737845232833,0.9922220737099716,False
Neogenin,Concentration/ml,delta_time3_vs_time1,20,17,0.29261348739689297,"[-0.19, 0.66]",0.2240944519680098,0.9538888911665736,False
Immunoglobulin heavy variable 6-1,Concentration/ml,delta_time3_vs_time1,20,17,0.32553244643301726,"[-0.15, 0.68]",0.1738232810892767,0.9303742319500903,False
L-selectin,Concentration/ml,delta_time3_vs_time1,20,17,0.008182034569064833,"[-0.45, 0.46]",0.9734802066989088,0.992405421798868,False
Immunoglobulin lambda constant 3,Concentration/ml,delta_time3_vs_time1,20,17,0.3438967647511942,"[-0.13, 0.69]",0.1494004895170606,0.9303742319500903,False
A disintegrin and metalloproteinase with thrombospondin motifs 13,Concentration/ml,delta_time3_vs_time1,20,17,0.0690927363609918,"[-0.40, 0.51]",0.778665989544522,0.9922220737099716,False
von Willebrand factor,Concentration/ml,delta_time3_vs_time1,20,17,-0.2536454463740478,"[-0.63, 0.23]",0.2947235237316246,0.9551563586109392,False
Neutral alpha-glucosidase AB,Concentration/ml,delta_time3_vs_time1,20,17,-0.005043562772240537,"[-0.46, 0.45]",0.9836509952815673,0.992405421798868,False
Carbonic anhydrase 1,Concentration/ml,delta_time3_vs_time1,20,17,0.07607453588761644,"[-0.39, 0.51]",0.7569124011660145,0.9922220737099716,False
Immunoglobulin lambda variable 4-60,Concentration/ml,delta_time3_vs_time1,20,17,0.018009768009768234,"[-0.44, 0.47]",0.9416638794038386,0.992405421798868,False
Integrin beta-1,Concentration/ml,delta_time3_vs_time1,20,17,-0.031818960929543144,"[-0.48, 0.43]",0.89711098020812,0.9922220737099716,False
Immunoglobulin lambda variable 3-12,Concentration/ml,delta_time3_vs_time1,20,17,0.15398958474025642,"[-0.32, 0.57]",0.5290686498735835,0.974718730723492,False
Alpha-amylase 1B;Alpha-amylase 1C;Alpha-amylase 1A,Concentration/ml,delta_time3_vs_time1,20,17,0.13382084257699878,"[-0.34, 0.55]",0.5849436785990603,0.974718730723492,False
Lumican,Concentration/ml,delta_time3_vs_time1,20,17,-0.011515456060165378,"[-0.46, 0.45]",0.9626819718699792,0.992405421798868,False
Beta-Ala-His dipeptidase,Concentration/ml,delta_time3_vs_time1,20,17,-0.028241627206429205,"[-0.48, 0.43]",0.9086295561735076,0.9922220737099716,False
Immunoglobulin alpha-2 heavy chain,Concentration/ml,delta_time3_vs_time1,20,17,-0.4705790518255356,"[-0.76, -0.02]",0.04201261475358465,0.8652415759405032,False
Complement C5,Concentration/ml,delta_time3_vs_time1,20,17,-0.5520109756301199,"[-0.80, -0.13]",0.014266139327619706,0.7513453619273466,False
Protein S100-A8,Concentration/ml,delta_time3_vs_time1,20,17,0.2306173599916476,"[-0.25, 0.62]",0.3421718762985636,0.9551563586109392,False
Immunoglobulin lambda variable 3-25,Concentration/ml,delta_time3_vs_time1,20,17,-0.26562763933797406,"[-0.64, 0.21]",0.2717095300487729,0.9551563586109392,False
Leukocyte immunoglobulin-like receptor subfamily B member 3;Leukocyte immunoglobulin-like receptor subfamily A member 6,Concentration/ml,delta_time3_vs_time1,20,17,0.03307099719470234,"[-0.43, 0.48]",0.8930841121364753,0.9922220737099716,False
Collagen alpha-3(VI) chain,Concentration/ml,delta_time3_vs_time1,20,17,0.037654694377146386,"[-0.42, 0.48]",0.8783638338844415,0.9922220737099716,False
Immunoglobulin kappa variable 1-39;Immunoglobulin kappa variable 1D-39,Concentration/ml,delta_time3_vs_time1,20,17,0.34829059829059816,"[-0.13, 0.69]",0.14392956363571333,0.9303742319500903,False
Bleomycin hydrolase,Concentration/ml,delta_time3_vs_time1,20,17,-0.010315723895595302,"[-0.46, 0.45]",0.9665677437314693,0.992405421798868,False
CD166 antigen,Concentration/ml,delta_time3_vs_time1,20,17,0.027841590813350064,"[-0.43, 0.48]",0.9099187514692972,0.9922220737099716,False
Beta-2-microglobulin,Concentration/ml,delta_time3_vs_time1,20,17,-0.32270327320069636,"[-0.68, 0.15]",0.17781283583602112,0.9303742319500903,False
Amino acid transporter heavy chain SLC3A2,Concentration/ml,delta_time3_vs_time1,20,17,0.4582003174341069,"[0.01, 0.76]",0.04850472947053918,0.8652415759405032,False
Haptoglobin-related protein,Concentration/ml,delta_time3_vs_time1,20,17,-0.4627594627594628,"[-0.76, -0.01]",0.04603040318356488,0.8652415759405032,False
Alpha-1-acid glycoprotein 1,Concentration/ml,delta_time3_vs_time1,20,17,-0.11927973671297451,"[-0.54, 0.35]",0.6267023452986495,0.989776715301644,False
Serum paraoxonase/arylesterase 1,Concentration/ml,delta_time3_vs_time1,20,17,-0.047937258918345015,"[-0.49, 0.42]",0.8454874644082799,0.9922220737099716,False
Target of Nesh-SH3,Concentration/ml,delta_time3_vs_time1,20,17,0.10460251125231149,"[-0.37, 0.53]",0.6699838814534265,0.9922220737099716,False
Intercellular adhesion molecule 1,Concentration/ml,delta_time3_vs_time1,20,17,-0.07245886327613574,"[-0.51, 0.39]",0.7681572156573486,0.9922220737099716,False
Complement C4-A,Concentration/ml,delta_time3_vs_time1,20,17,-0.20319917980770041,"[-0.60, 0.28]",0.40408347720568616,0.9678619891008505,False
Coagulation factor XIII A chain,Concentration/ml,delta_time3_vs_time1,20,17,-0.07767133286095249,"[-0.51, 0.39]",0.75196103366832,0.9922220737099716,False
Immunoglobulin mu heavy chain,Concentration/ml,delta_time3_vs_time1,20,17,0.16857930261709814,"[-0.31, 0.58]",0.49025902213965133,0.974718730723492,False
Oncoprotein-induced transcript 3 protein,Concentration/ml,delta_time3_vs_time1,20,17,0.12773807700531697,"[-0.35, 0.55]",0.6022691023564153,0.9779792947354957,False
Peroxiredoxin-2,Concentration/ml,delta_time3_vs_time1,20,17,0.27235238970096143,"[-0.21, 0.65]",0.25929817457295246,0.9551563586109392,False
Tissue factor pathway inhibitor,Concentration/ml,delta_time3_vs_time1,20,17,0.5217201913759844,"[0.09, 0.79]",0.021960153995708914,0.8125256978412297,False
Progranulin,Concentration/ml,delta_time3_vs_time1,20,17,0.08054884553259367,"[-0.39, 0.52]",0.7430619009365568,0.9922220737099716,False
Histone H2B type 1-K;Histone H2B type F-S,Concentration/ml,delta_time3_vs_time1,20,17,-0.278720909229152,"[-0.65, 0.20]",0.2478788343000829,0.9551563586109392,False
Hemoglobin subunit delta,Concentration/ml,delta_time3_vs_time1,20,17,-0.40703866324070603,"[-0.73, 0.06]",0.0837013723370433,0.926361000340539,False
Glutathione S-transferase P,Concentration/ml,delta_time3_vs_time1,20,17,-0.23244523867057773,"[-0.62, 0.25]",0.3382520583026267,0.9551563586109392,False
Annexin A6,Concentration/ml,delta_time3_vs_time1,20,17,0.17273453515886947,"[-0.31, 0.58]",0.47946699916109303,0.974718730723492,False
Complement factor H-related protein 1,Concentration/ml,delta_time3_vs_time1,20,17,-0.17312899681701757,"[-0.58, 0.31]",0.47844866117451235,0.974718730723492,False
Protein KPLCE,Concentration/ml,delta_time3_vs_time1,20,17,0.3322799755257095,"[-0.14, 0.68]",0.16455464360493502,0.9303742319500903,False
Immunoglobulin heavy variable 4-4,Concentration/ml,delta_time3_vs_time1,20,17,0.250954915589497,"[-0.23, 0.63]",0.3000493515263212,0.9551563586109392,False
Alpha-1B-glycoprotein,Concentration/ml,delta_time3_vs_time1,20,17,-0.08797607027293962,"[-0.52, 0.38]",0.7202382459772669,0.9922220737099716,False
Properdin,Concentration/ml,delta_time3_vs_time1,20,17,-0.22072034600938725,"[-0.61, 0.26]",0.3638502305126623,0.9551563586109392,False
Immunoglobulin heavy variable 3-53,Concentration/ml,delta_time3_vs_time1,20,17,0.3637809691417263,"[-0.11, 0.70]",0.12575742224615435,0.9303742319500903,False
Calmodulin-like protein 5,Concentration/ml,delta_time3_vs_time1,20,17,0.012795150752508856,"[-0.44, 0.46]",0.9585381017122232,0.992405421798868,False
Carboxypeptidase B2,Concentration/ml,delta_time3_vs_time1,20,17,0.1820932413524771,"[-0.30, 0.59]",0.45559921527758296,0.974718730723492,False
"Sushi, nidogen and EGF-like domain-containing protein 1",Concentration/ml,delta_time3_vs_time1,20,17,0.04099750735152661,"[-0.42, 0.49]",0.8676523583727407,0.9922220737099716,False
Proteasome subunit alpha type-5,Concentration/ml,delta_time3_vs_time1,20,17,0.11784506369403436,"[-0.36, 0.54]",0.6308847147550464,0.9902978249791334,False
Bifunctional heparan sulfate N-deacetylase/N-sulfotransferase 4,Concentration/ml,delta_time3_vs_time1,20,17,-0.1244078817152539,"[-0.55, 0.35]",0.6118424003734059,0.981220939298527,False
Immunoglobulin heavy variable 3-9,Concentration/ml,delta_time3_vs_time1,20,17,0.03878890462371471,"[-0.42, 0.48]",0.8747270895128189,0.9922220737099716,False
Neural cell adhesion molecule L1-like protein,Concentration/ml,delta_time3_vs_time1,20,17,0.0991283013574225,"[-0.37, 0.53]",0.6863943374853414,0.9922220737099716,False
Proteasome subunit alpha type-2,Concentration/ml,delta_time3_vs_time1,20,17,0.14862127147507095,"[-0.33, 0.56]",0.5436964364799192,0.974718730723492,False
Intercellular adhesion molecule 3,Concentration/ml,delta_time3_vs_time1,20,17,0.32308483405382166,"[-0.15, 0.68]",0.17727119920089215,0.9303742319500903,False
Receptor-type tyrosine-protein phosphatase eta,Concentration/ml,delta_time3_vs_time1,20,17,0.01292186232510165,"[-0.44, 0.46]",0.9581278417006338,0.992405421798868,False
ADAMTS-like protein 4,Concentration/ml,delta_time3_vs_time1,20,17,-0.20920502250462322,"[-0.61, 0.27]",0.39002862348336176,0.9551563586109392,False
Immunoglobulin lambda variable 3-21,Concentration/ml,delta_time3_vs_time1,20,17,0.01940321024967649,"[-0.44, 0.47]",0.9371585147265663,0.992405421798868,False
Cartilage oligomeric matrix protein,Concentration/ml,delta_time3_vs_time1,20,17,-0.13191191132943664,"[-0.55, 0.34]",0.5903581538623134,0.974718730723492,False
Neural cell adhesion molecule 1,Concentration/ml,delta_time3_vs_time1,20,17,0.28489347872423787,"[-0.19, 0.65]",0.23712094617320897,0.9551563586109392,False
Immunoglobulin lambda variable 2-11,Concentration/ml,delta_time3_vs_time1,20,17,0.14196151799334555,"[-0.33, 0.56]",0.5620929856468206,0.974718730723492,False
Immunoglobulin kappa variable 1D-33;Immunoglobulin kappa variable 1-33,Concentration/ml,delta_time3_vs_time1,20,17,0.3052789974305297,"[-0.17, 0.67]",0.20374812030190723,0.9426329181088066,False
Beta-2-glycoprotein 1,Concentration/ml,delta_time3_vs_time1,20,17,-0.4641611701914789,"[-0.76, -0.01]",0.04528941443538016,0.8652415759405032,False
Vitamin D-binding protein,Concentration/ml,delta_time3_vs_time1,20,17,-0.09352645907190985,"[-0.53, 0.38]",0.7033275834375728,0.9922220737099716,False
Filamin-A,Concentration/ml,delta_time3_vs_time1,20,17,-0.08306670011212988,"[-0.52, 0.39]",0.7353005308759334,0.9922220737099716,False
Reelin,Concentration/ml,delta_time3_vs_time1,20,17,0.11424544564953469,"[-0.36, 0.54]",0.6414255195452914,0.9922220737099716,False
Immunoglobulin lambda variable 5-39,Concentration/ml,delta_time3_vs_time1,20,17,-0.17216117216117222,"[-0.58, 0.31]",0.4809491005130755,0.974718730723492,False
Fatty acid-binding protein 5,Concentration/ml,delta_time3_vs_time1,20,17,0.13382968351398714,"[-0.34, 0.55]",0.5849186511193079,0.974718730723492,False
"HLA class I histocompatibility antigen, A alpha chain",Concentration/ml,delta_time3_vs_time1,20,17,-0.10641448121306914,"[-0.53, 0.37]",0.6645829456601282,0.9922220737099716,False
Low affinity immunoglobulin gamma Fc region receptor III-A,Concentration/ml,delta_time3_vs_time1,20,17,0.20756355680737942,"[-0.27, 0.60]",0.3938428727083153,0.9551563586109392,False
Heat shock 70 kDa protein 1A;Heat shock 70 kDa protein 1B,Concentration/ml,delta_time3_vs_time1,20,17,0.08023169788975812,"[-0.39, 0.52]",0.7440412209579613,0.9922220737099716,False
Apolipoprotein D,Concentration/ml,delta_time3_vs_time1,20,17,0.15331245937623333,"[-0.32, 0.57]",0.5309036241088869,0.974718730723492,False
Plexin-B1,Concentration/ml,delta_time3_vs_time1,20,17,0.2444455312301873,"[-0.24, 0.63]",0.31317372179883474,0.9551563586109392,False
Immunoglobulin heavy variable 1-58,Concentration/ml,delta_time3_vs_time1,20,17,-0.018708078410629644,"[-0.47, 0.44]",0.9394058382230746,0.992405421798868,False
Apolipoprotein C-IV,Concentration/ml,delta_time3_vs_time1,20,17,0.5155143822000295,"[0.08, 0.79]",0.023879597071156895,0.8246420855239515,False
Monocyte differentiation antigen CD14,Concentration/ml,delta_time3_vs_time1,20,17,0.13650119816440787,"[-0.34, 0.56]",0.5773767810349529,0.974718730723492,False
Protein MENT,Concentration/ml,delta_time3_vs_time1,20,17,0.33119075365190015,"[-0.14, 0.68]",0.16602745171676112,0.9303742319500903,False
Immunoglobulin epsilon heavy chain,Concentration/ml,delta_time3_vs_time1,20,17,-0.06000960781480789,"[-0.50, 0.41]",0.807202116923869,0.9922220737099716,False
Complement factor H,Concentration/ml,delta_time3_vs_time1,20,17,-0.4553356033502515,"[-0.75, -0.00]",0.05011051598111023,0.8652415759405032,False
Stabilin-1,Concentration/ml,delta_time3_vs_time1,20,17,0.2970741246188337,"[-0.18, 0.66]",0.21678390061785072,0.9516445806783617,False
Macrophage receptor MARCO,Concentration/ml,delta_time3_vs_time1,20,17,0.5687639266155816,"[0.15, 0.81]",0.011047359377756891,0.7513453619273466,False
Protein POF1B,Concentration/ml,delta_time3_vs_time1,20,17,0.12160076680789243,"[-0.35, 0.55]",0.6199591390391868,0.989776715301644,False
Phosphatidylcholine-sterol acyltransferase,Concentration/ml,delta_time3_vs_time1,20,17,-0.091479512672436,"[-0.52, 0.38]",0.70954909251562,0.9922220737099716,False
Clusterin,Concentration/ml,delta_time3_vs_time1,20,17,-0.19329953468420513,"[-0.60, 0.29]",0.4278402301390778,0.974718730723492,False
Platelet-activating factor acetylhydrolase,Concentration/ml,delta_time3_vs_time1,20,17,0.22405372405372417,"[-0.26, 0.62]",0.3564634233852557,0.9551563586109392,False
Vasorin,Concentration/ml,delta_time3_vs_time1,20,17,0.11146685148379071,"[-0.36, 0.54]",0.6496073963045605,0.9922220737099716,False
Myeloperoxidase,Concentration/ml,delta_time3_vs_time1,20,17,0.3354700854700854,"[-0.14, 0.69]",0.16029257397385221,0.9303742319500903,False
Immunoglobulin lambda variable 5-52,Concentration/ml,delta_time3_vs_time1,20,17,-0.08820010078938566,"[-0.52, 0.38]",0.7195532062463457,0.9922220737099716,False
Carboxypeptidase N catalytic chain,Concentration/ml,delta_time3_vs_time1,20,17,0.0966109020916102,"[-0.37, 0.53]",0.6939868002389691,0.9922220737099716,False
Fibrinogen gamma chain,Concentration/ml,delta_time3_vs_time1,20,17,-0.015082968072514464,"[-0.47, 0.44]",0.9511323609720244,0.992405421798868,False
Soluble scavenger receptor cysteine-rich domain-containing protein SSC5D,Concentration/ml,delta_time3_vs_time1,20,17,-0.21250557819449375,"[-0.61, 0.27]",0.3824212623755082,0.9551563586109392,False
Tetranectin,Concentration/ml,delta_time3_vs_time1,20,17,-0.4073122989548649,"[-0.73, 0.06]",0.08347359398266846,0.926361000340539,False
Apolipoprotein(a),Concentration/ml,delta_time3_vs_time1,20,17,-0.32273205070990696,"[-0.68, 0.15]",0.17777194636607688,0.9303742319500903,False
Alpha-2-antiplasmin,Concentration/ml,delta_time3_vs_time1,20,17,-0.1488578040095975,"[-0.56, 0.33]",0.543048096776261,0.974718730723492,False
Retroviral-like aspartic protease 1,Concentration/ml,delta_time3_vs_time1,20,17,-0.15476039481605966,"[-0.57, 0.32]",0.5269833705459651,0.974718730723492,False
Ficolin-3,Concentration/ml,delta_time3_vs_time1,20,17,0.006371476523750063,"[-0.45, 0.46]",0.979347267548241,0.992405421798868,False
Immunoglobulin kappa variable 2-24,Concentration/ml,delta_time3_vs_time1,20,17,0.17772978562011593,"[-0.30, 0.58]",0.4666510712221892,0.974718730723492,False
Immunoglobulin superfamily containing leucine-rich repeat protein,Concentration/ml,delta_time3_vs_time1,20,17,-0.11895355980566433,"[-0.54, 0.35]",0.627652267160439,0.989776715301644,False
Complement factor D,Concentration/ml,delta_time3_vs_time1,20,17,-0.3006140108337892,"[-0.66, 0.18]",0.21109459786274504,0.9500490230119456,False
Vitamin K-dependent protein Z,Concentration/ml,delta_time3_vs_time1,20,17,-0.22914386414536042,"[-0.62, 0.25]",0.34535085665249443,0.9551563586109392,False
EGF-containing fibulin-like extracellular matrix protein 1,Concentration/ml,delta_time3_vs_time1,20,17,-0.29227172261675355,"[-0.66, 0.19]",0.22466109019753278,0.9538888911665736,False
Dipeptidase 2,Concentration/ml,delta_time3_vs_time1,20,17,0.3865362424408337,"[-0.08, 0.72]",0.10209999296052373,0.9303742319500903,False
Myeloblastin,Concentration/ml,delta_time3_vs_time1,20,17,-0.004706937867737982,"[-0.46, 0.45]",0.9847420594683749,0.992405421798868,False
Neurogenic locus notch homolog protein 1,Concentration/ml,delta_time3_vs_time1,20,17,0.42828156323100386,"[-0.03, 0.74]",0.06733813358129123,0.926361000340539,False
Vitamin K-dependent protein S,Concentration/ml,delta_time3_vs_time1,20,17,-0.37230727906029626,"[-0.71, 0.10]",0.11647913648151724,0.9303742319500903,False
Dermcidin,Concentration/ml,delta_time3_vs_time1,20,17,0.09432234432234404,"[-0.38, 0.53]",0.7009134020700123,0.9922220737099716,False
Immunoglobulin heavy variable 3-73,Concentration/ml,delta_time3_vs_time1,20,17,0.21560332714776712,"[-0.26, 0.61]",0.37535716983906775,0.9551563586109392,False
Alpha-2-macroglobulin,Concentration/ml,delta_time3_vs_time1,20,17,-0.24455192211982668,"[-0.63, 0.24]",0.3129564975141348,0.9551563586109392,False
Cation-independent mannose-6-phosphate receptor,Concentration/ml,delta_time3_vs_time1,20,17,0.057300105268575964,"[-0.41, 0.50]",0.8157615256319786,0.9922220737099716,False
Chromodomain-helicase-DNA-binding protein 1;Chromodomain-helicase-DNA-binding protein 2;Chromodomain-helicase-DNA-binding protein 9;Chromodomain-helicase-DNA-binding protein 6;Chromodomain-helicase-DNA-binding protein 8;Chromodomain-helicase-DNA-binding protein 7,Concentration/ml,delta_time3_vs_time1,20,17,-0.34065764141572535,"[-0.69, 0.13]",0.15352478383382384,0.9303742319500903,False
Ceruloplasmin,Concentration/ml,delta_time3_vs_time1,20,17,-0.20723822207884152,"[-0.60, 0.27]",0.394601275565137,0.9551563586109392,False
Prostaglandin-H2 D-isomerase,Concentration/ml,delta_time3_vs_time1,20,17,0.20028361591888125,"[-0.28, 0.60]",0.4110043793827265,0.9721473448413348,False
Protein S100-A9,Concentration/ml,delta_time3_vs_time1,20,17,0.047069378677382055,"[-0.42, 0.49]",0.8482536588178227,0.9922220737099716,False
Immunoglobulin J chain,Concentration/ml,delta_time3_vs_time1,20,17,0.31287190054349057,"[-0.16, 0.67]",0.1921560611010522,0.9426329181088066,False
Probable non-functional immunoglobulin kappa variable 3-7,Concentration/ml,delta_time4_vs_time1,20,17,-0.06954152239469691,"[-0.51, 0.40]",0.777262747390751,0.9803103554110907,False
Apolipoprotein A-IV,Concentration/ml,delta_time4_vs_time1,20,17,-0.017001085294537425,"[-0.47, 0.44]",0.9449262817331591,0.9933039730332727,False
Coagulation factor XII,Concentration/ml,delta_time4_vs_time1,20,17,0.17190039243632918,"[-0.31, 0.58]",0.4816239460587417,0.9526637552315578,False
Mannan-binding lectin serine protease 1,Concentration/ml,delta_time4_vs_time1,20,17,0.029736453028771207,"[-0.43, 0.48]",0.9038141480103246,0.9933039730332727,False
Complement factor I,Concentration/ml,delta_time4_vs_time1,20,17,0.24619840993979908,"[-0.23, 0.63]",0.30960626763819377,0.9487761570645853,False
Platelet glycoprotein Ib alpha chain,Concentration/ml,delta_time4_vs_time1,20,17,-0.017061178848012136,"[-0.47, 0.44]",0.9447318959627642,0.9933039730332727,False
Hepatocyte growth factor-like protein,Concentration/ml,delta_time4_vs_time1,20,17,0.11875478989313487,"[-0.35, 0.54]",0.6282314180183299,0.9526637552315578,False
Profilin-1,Concentration/ml,delta_time4_vs_time1,20,17,0.12314723952271822,"[-0.35, 0.55]",0.615482250043625,0.9526637552315578,False
Peptidase inhibitor 16,Concentration/ml,delta_time4_vs_time1,20,17,0.25561571495295987,"[-0.22, 0.64]",0.2908601864548191,0.9487761570645853,False
Cell surface glycoprotein MUC18,Concentration/ml,delta_time4_vs_time1,20,17,-0.13849959936600717,"[-0.56, 0.34]",0.5717625301677753,0.9526637552315578,False
Adhesion G-protein coupled receptor G6,Concentration/ml,delta_time4_vs_time1,20,17,0.2112056388251421,"[-0.27, 0.61]",0.38540753474309686,0.9487761570645853,False
Immunoglobulin heavy variable 1-69,Concentration/ml,delta_time4_vs_time1,20,17,0.12191531052729085,"[-0.35, 0.55]",0.6190475212196314,0.9526637552315578,False
Insulin-like growth factor-binding protein complex acid labile subunit,Concentration/ml,delta_time4_vs_time1,20,17,-0.10785365070319096,"[-0.54, 0.36]",0.6603044462836921,0.9526637552315578,False
Plasma serine protease inhibitor,Concentration/ml,delta_time4_vs_time1,20,17,0.12678591772114373,"[-0.35, 0.55]",0.6050000072016075,0.9526637552315578,False
Immunoglobulin heavy variable 1-69D,Concentration/ml,delta_time4_vs_time1,20,17,0.0627809456390328,"[-0.40, 0.50]",0.7984690229930439,0.9918631988258916,False
Pancreatic adenocarcinoma up-regulated factor,Concentration/ml,delta_time4_vs_time1,20,17,-0.09607494879008625,"[-0.53, 0.37]",0.6956068707764915,0.9557675306690255,False
Immunoglobulin heavy variable 3-64D,Concentration/ml,delta_time4_vs_time1,20,17,0.20511674098489338,"[-0.27, 0.60]",0.39956639686664985,0.9487761570645853,False
Neutrophil gelatinase-associated lipocalin,Concentration/ml,delta_time4_vs_time1,20,17,0.33593842546270875,"[-0.14, 0.69]",0.15967330240038594,0.9487761570645853,False
Lysosome-associated membrane glycoprotein 2,Concentration/ml,delta_time4_vs_time1,20,17,0.02061653333403259,"[-0.44, 0.47]",0.9332370064282351,0.9933039730332727,False
Corneodesmosin,Concentration/ml,delta_time4_vs_time1,20,17,-0.020683971891698544,"[-0.47, 0.44]",0.9330190847165273,0.9933039730332727,False
Collagen alpha-1(XVIII) chain,Concentration/ml,delta_time4_vs_time1,20,17,0.14996240543168746,"[-0.33, 0.57]",0.5400250066767924,0.9526637552315578,False
Lipopolysaccharide-binding protein,Concentration/ml,delta_time4_vs_time1,20,17,0.21732729267908396,"[-0.26, 0.61]",0.37145779969131776,0.9487761570645853,False
Immunoglobulin heavy variable 3-49,Concentration/ml,delta_time4_vs_time1,20,17,0.05973013175134158,"[-0.41, 0.50]",0.8080840385385015,0.9932555822793603,False
SPARC-like protein 1,Concentration/ml,delta_time4_vs_time1,20,17,0.336401549836242,"[-0.14, 0.69]",0.15906254511299645,0.9487761570645853,False
Ras-associated and pleckstrin homology domains-containing protein 1,Concentration/ml,delta_time4_vs_time1,20,17,-0.17919665211655214,"[-0.59, 0.30]",0.4629207641539038,0.9526637552315578,False
Alpha-1-acid glycoprotein 2,Concentration/ml,delta_time4_vs_time1,20,17,0.2474418398165788,"[-0.23, 0.63]",0.3070904939774629,0.9487761570645853,False
Immunoglobulin heavy variable 3-20,Concentration/ml,delta_time4_vs_time1,20,17,0.2082323936919205,"[-0.27, 0.61]",0.39228623697802656,0.9487761570645853,False
Neurogenic locus notch homolog protein 2,Concentration/ml,delta_time4_vs_time1,20,17,0.26019468491498915,"[-0.22, 0.64]",0.2820018206898317,0.9487761570645853,False
Apolipoprotein B-100,Concentration/ml,delta_time4_vs_time1,20,17,-0.18851233239947057,"[-0.59, 0.29]",0.4395874086785724,0.9487761570645853,False
CD44 antigen,Concentration/ml,delta_time4_vs_time1,20,17,0.21312168415677674,"[-0.27, 0.61]",0.3810104341609666,0.9487761570645853,False
Pigment epithelium-derived factor,Concentration/ml,delta_time4_vs_time1,20,17,-0.15079029450589507,"[-0.57, 0.33]",0.5377642565885474,0.9526637552315578,False
Xaa-Pro dipeptidase,Concentration/ml,delta_time4_vs_time1,20,17,0.22455908610194478,"[-0.26, 0.62]",0.3553510859329626,0.9487761570645853,False
Immunoglobulin heavy constant delta,Concentration/ml,delta_time4_vs_time1,20,17,0.20933769720687795,"[-0.27, 0.61]",0.3897212234574797,0.9487761570645853,False
Probable non-functional immunoglobulin heavy variable 3-38-3,Concentration/ml,delta_time4_vs_time1,20,17,0.31757703770942003,"[-0.16, 0.67]",0.18519833155545962,0.9487761570645853,False
Immunoglobulin lambda constant 7,Concentration/ml,delta_time4_vs_time1,20,17,-0.09761700194753772,"[-0.53, 0.37]",0.6909490123169054,0.9526637552315578,False
Receptor-type tyrosine-protein phosphatase gamma,Concentration/ml,delta_time4_vs_time1,20,17,0.31025036279140494,"[-0.17, 0.67]",0.19610738692695953,0.9487761570645853,False
Afamin,Concentration/ml,delta_time4_vs_time1,20,17,0.11717043751356918,"[-0.36, 0.54]",0.6328551194030679,0.9526637552315578,False
Pyruvate kinase PKLR,Concentration/ml,delta_time4_vs_time1,20,17,-0.09413335427505765,"[-0.53, 0.38]",0.701486423530317,0.9580101274900387,False
Insulin-like growth factor 2,Concentration/ml,delta_time4_vs_time1,20,17,0.3529824900834486,"[-0.12, 0.70]",0.13824322590608995,0.9487761570645853,False
CD109 antigen,Concentration/ml,delta_time4_vs_time1,20,17,-0.08762570619568096,"[-0.52, 0.38]",0.7213099971171036,0.9610665176848443,False
ADP-ribosyl cyclase/cyclic ADP-ribose hydrolase 2,Concentration/ml,delta_time4_vs_time1,20,17,0.49120145268572296,"[0.05, 0.77]",0.032703188429722946,0.7365326785476732,False
Dedicator of cytokinesis protein 4,Concentration/ml,delta_time4_vs_time1,20,17,0.1038769119241801,"[-0.37, 0.53]",0.6721510465827683,0.9526637552315578,False
Complement factor H-related protein 2,Concentration/ml,delta_time4_vs_time1,20,17,-0.3067136381675286,"[-0.67, 0.17]",0.20152325957209583,0.9487761570645853,False
Selenoprotein P,Concentration/ml,delta_time4_vs_time1,20,17,0.018752770083962887,"[-0.44, 0.47]",0.9392613391042259,0.9933039730332727,False
Adipocyte plasma membrane-associated protein,Concentration/ml,delta_time4_vs_time1,20,17,-0.10225698643567362,"[-0.53, 0.37]",0.6769982380339561,0.9526637552315578,False
Immunoglobulin heavy constant alpha 2,Concentration/ml,delta_time4_vs_time1,20,17,-0.18374738635425386,"[-0.59, 0.30]",0.45144485712025506,0.9526637552315578,False
Lactotransferrin,Concentration/ml,delta_time4_vs_time1,20,17,0.37682015098056937,"[-0.09, 0.71]",0.11177097507814618,0.9487761570645853,False
Alpha-enolase,Concentration/ml,delta_time4_vs_time1,20,17,-0.028977870043343658,"[-0.48, 0.43]",0.9062574437460015,0.9933039730332727,False
Immunoglobulin heavy constant gamma 1,Concentration/ml,delta_time4_vs_time1,20,17,0.22135776319699427,"[-0.26, 0.61]",0.3624310274790543,0.9487761570645853,False
Collectin-10,Concentration/ml,delta_time4_vs_time1,20,17,-0.037700296360666574,"[-0.48, 0.42]",0.8782175696839373,0.9933039730332727,False
Lysosome-associated membrane glycoprotein 1,Concentration/ml,delta_time4_vs_time1,20,17,-0.047968292036818,"[-0.49, 0.42]",0.8453885844095667,0.9933039730332727,False
Cathelicidin antimicrobial peptide,Concentration/ml,delta_time4_vs_time1,20,17,0.24034077108692678,"[-0.24, 0.63]",0.32162340508172876,0.9487761570645853,False
Fibroblast growth factor-binding protein 2,Concentration/ml,delta_time4_vs_time1,20,17,-0.21090745285280849,"[-0.61, 0.27]",0.3860943595063896,0.9487761570645853,False
Lymphatic vessel endothelial hyaluronic acid receptor 1,Concentration/ml,delta_time4_vs_time1,20,17,0.27979777215088136,"[-0.20, 0.65]",0.24598005665471007,0.9487761570645853,False
Haptoglobin,Concentration/ml,delta_time4_vs_time1,20,17,-0.40644861468007626,"[-0.73, 0.06]",0.0841940917427006,0.9459207646847259,False
Tenascin-X,Concentration/ml,delta_time4_vs_time1,20,17,0.17658858495731986,"[-0.30, 0.58]",0.4695636385276384,0.9526637552315578,False
Zinc finger protein 512B,Concentration/ml,delta_time4_vs_time1,20,17,0.2928272855482745,"[-0.19, 0.66]",0.22374045178167773,0.9487761570645853,False
Immunoglobulin lambda variable 3-19,Concentration/ml,delta_time4_vs_time1,20,17,0.10648415159059567,"[-0.37, 0.53]",0.6643755927948363,0.9526637552315578,False
Complement C1q subcomponent subunit B,Concentration/ml,delta_time4_vs_time1,20,17,-0.2638080819017583,"[-0.64, 0.22]",0.2751301495712102,0.9487761570645853,False
Ubiquitin-ribosomal protein eS31 fusion protein,Concentration/ml,delta_time4_vs_time1,20,17,0.15906219682255746,"[-0.32, 0.57]",0.5154161649454619,0.9526637552315578,False
Kinesin-like protein KIF21A,Concentration/ml,delta_time4_vs_time1,20,17,-0.29528823302991103,"[-0.66, 0.18]",0.21969184597110977,0.9487761570645853,False
Attractin,Concentration/ml,delta_time4_vs_time1,20,17,0.3273632393840571,"[-0.15, 0.68]",0.17127421046820768,0.9487761570645853,False
Immunoglobulin lambda variable 1-44,Concentration/ml,delta_time4_vs_time1,20,17,-0.15831060570996447,"[-0.57, 0.32]",0.5174284600877765,0.9526637552315578,False
Immunoglobulin heavy variable 1-46,Concentration/ml,delta_time4_vs_time1,20,17,0.08014797353139054,"[-0.39, 0.52]",0.7442998161903379,0.9638682619664876,False
Fibulin-1,Concentration/ml,delta_time4_vs_time1,20,17,0.11085397187941405,"[-0.36, 0.54]",0.6514173093521729,0.9526637552315578,False
Secreted phosphoprotein 24,Concentration/ml,delta_time4_vs_time1,20,17,-0.09995133095030084,"[-0.53, 0.37]",0.6839182678408195,0.9526637552315578,False
Scavenger receptor class B member 1,Concentration/ml,delta_time4_vs_time1,20,17,-0.300094692240628,"[-0.66, 0.18]",0.21192304403730114,0.9487761570645853,False
Immunoglobulin lambda variable 2-18,Concentration/ml,delta_time4_vs_time1,20,17,0.011122758059740464,"[-0.45, 0.46]",0.9639537835448662,0.9933039730332727,False
Collagen alpha-2(VI) chain,Concentration/ml,delta_time4_vs_time1,20,17,0.552762356051827,"[0.13, 0.80]",0.014107315991718937,0.5779896366726339,False
Adiponectin,Concentration/ml,delta_time4_vs_time1,20,17,0.2874000469522521,"[-0.19, 0.66]",0.23283933426025258,0.9487761570645853,False
Nidogen-1,Concentration/ml,delta_time4_vs_time1,20,17,-0.01644981508330424,"[-0.47, 0.44]",0.9467096237769836,0.9933039730332727,False
Alpha-1-antitrypsin,Concentration/ml,delta_time4_vs_time1,20,17,0.18103353461985444,"[-0.30, 0.59]",0.4582708838528785,0.9526637552315578,False
"Sushi, von Willebrand factor type A, EGF and pentraxin domain-containing protein 1",Concentration/ml,delta_time4_vs_time1,20,17,-0.01894289239670535,"[-0.47, 0.44]",0.9386466474923197,0.9933039730332727,False
Complement C1s subcomponent,Concentration/ml,delta_time4_vs_time1,20,17,-0.531815938692283,"[-0.79, -0.10]",0.01909975796895856,0.5779896366726339,False
Alpha-actinin-4,Concentration/ml,delta_time4_vs_time1,20,17,-0.11635603146080346,"[-0.54, 0.36]",0.6352369408350846,0.9526637552315578,False
Complement component C1q receptor,Concentration/ml,delta_time4_vs_time1,20,17,-0.21394416307639932,"[-0.61, 0.27]",0.37913156285230265,0.9487761570645853,False
Inter-alpha-trypsin inhibitor heavy chain H3,Concentration/ml,delta_time4_vs_time1,20,17,0.23358521358276826,"[-0.25, 0.62]",0.3358207469876129,0.9487761570645853,False
Immunoglobulin kappa variable 1D-8,Concentration/ml,delta_time4_vs_time1,20,17,0.08150674228568454,"[-0.39, 0.52]",0.7401063104950721,0.963036010614858,False
Low-density lipoprotein receptor,Concentration/ml,delta_time4_vs_time1,20,17,2.6156072845978743e-17,"[-0.45, 0.45]",0.9999999999999999,0.9999999999999999,False
Prolactin-inducible protein,Concentration/ml,delta_time4_vs_time1,20,17,0.21631560994947321,"[-0.26, 0.61]",0.3737433092657193,0.9487761570645853,False
Hyaluronan-binding protein 2,Concentration/ml,delta_time4_vs_time1,20,17,-0.0593837719325499,"[-0.50, 0.41]",0.8091773276484364,0.9932555822793603,False
N-acetylmuramoyl-L-alanine amidase,Concentration/ml,delta_time4_vs_time1,20,17,0.5017963505760957,"[0.06, 0.78]",0.028590877111532353,0.6869544243792375,False
Serpin A11,Concentration/ml,delta_time4_vs_time1,20,17,0.42407636526817627,"[-0.04, 0.74]",0.07036998347045614,0.9141787218298479,False
C4b-binding protein alpha chain,Concentration/ml,delta_time4_vs_time1,20,17,-0.10299519701428123,"[-0.53, 0.37]",0.6747878199992076,0.9526637552315578,False
Inter-alpha-trypsin inhibitor heavy chain H2,Concentration/ml,delta_time4_vs_time1,20,17,0.08560786200728181,"[-0.38, 0.52]",0.7274921380229763,0.9610665176848443,False
Fibrillin-1,Concentration/ml,delta_time4_vs_time1,20,17,0.146870940607686,"[-0.33, 0.56]",0.5485049652793714,0.9526637552315578,False
Golgi-associated RAB2 interactor protein 1B,Concentration/ml,delta_time4_vs_time1,20,17,-0.3243133726098755,"[-0.68, 0.15]",0.17553483900954048,0.9487761570645853,False
Neurogenic locus notch homolog protein 3,Concentration/ml,delta_time4_vs_time1,20,17,0.4253462466767972,"[-0.04, 0.74]",0.06944391949780783,0.9141787218298479,False
Immunoglobulin heavy constant alpha 1,Concentration/ml,delta_time4_vs_time1,20,17,0.09089229793365688,"[-0.38, 0.52]",0.7113371516649332,0.9595641785480088,False
Apolipoprotein C-III,Concentration/ml,delta_time4_vs_time1,20,17,-0.25702624761888,"[-0.64, 0.22]",0.288113489988784,0.9487761570645853,False
Glutathione peroxidase 3,Concentration/ml,delta_time4_vs_time1,20,17,-0.27832242378403255,"[-0.65, 0.20]",0.24858381847242506,0.9487761570645853,False
Contactin-1,Concentration/ml,delta_time4_vs_time1,20,17,0.07862654084731087,"[-0.39, 0.51]",0.7490035277575655,0.9651156618085838,False
Stomatin,Concentration/ml,delta_time4_vs_time1,20,17,0.23109695504659683,"[-0.25, 0.62]",0.34114085859338383,0.9487761570645853,False
Immunoglobulin heavy variable 3-13,Concentration/ml,delta_time4_vs_time1,20,17,-0.005957845189286169,"[-0.46, 0.45]",0.9806877807802641,0.9933039730332727,False
Immunoglobulin heavy variable 1-69-2,Concentration/ml,delta_time4_vs_time1,20,17,0.2373228690148919,"[-0.24, 0.62]",0.32792112604338686,0.9487761570645853,False
Apolipoprotein E,Concentration/ml,delta_time4_vs_time1,20,17,0.10654650870470445,"[-0.37, 0.53]",0.6641900254438136,0.9526637552315578,False
Mucosal addressin cell adhesion molecule 1,Concentration/ml,delta_time4_vs_time1,20,17,-0.2678603927263588,"[-0.64, 0.21]",0.2675484522357676,0.9487761570645853,False
Protein S100-A11,Concentration/ml,delta_time4_vs_time1,20,17,0.0505199733913152,"[-0.41, 0.49]",0.8372659303373944,0.9933039730332727,False
Complement factor H-related protein 4,Concentration/ml,delta_time4_vs_time1,20,17,-0.29379339798208937,"[-0.66, 0.19]",0.22214532433881776,0.9487761570645853,False
Immunoglobulin kappa variable 1D-16,Concentration/ml,delta_time4_vs_time1,20,17,-0.11511227901596151,"[-0.54, 0.36]",0.6388810547344725,0.9526637552315578,False
Immunoglobulin lambda variable 1-47,Concentration/ml,delta_time4_vs_time1,20,17,0.5555866956218957,"[0.14, 0.81]",0.013522932020117884,0.5779896366726339,False
Fructose-bisphosphate aldolase A,Concentration/ml,delta_time4_vs_time1,20,17,-0.19981103248481358,"[-0.60, 0.28]",0.4121321739134701,0.9487761570645853,False
Thrombospondin-1,Concentration/ml,delta_time4_vs_time1,20,17,0.05795164212833796,"[-0.41, 0.50]",0.8137014363615409,0.9932866815039711,False
Aminopeptidase N,Concentration/ml,delta_time4_vs_time1,20,17,0.3612014041194518,"[-0.11, 0.70]",0.12866465101336316,0.9487761570645853,False
Apolipoprotein M,Concentration/ml,delta_time4_vs_time1,20,17,-0.14428248382837713,"[-0.56, 0.33]",0.5556507592314577,0.9526637552315578,False
Immunoglobulin heavy variable 3-43,Concentration/ml,delta_time4_vs_time1,20,17,0.2727134037546271,"[-0.21, 0.65]",0.25864214495699545,0.9487761570645853,False
Cysteine-rich secretory protein 3,Concentration/ml,delta_time4_vs_time1,20,17,0.22220725632017183,"[-0.26, 0.61]",0.3605445440736864,0.9487761570645853,False
Complement component C8 alpha chain,Concentration/ml,delta_time4_vs_time1,20,17,0.09743148240683558,"[-0.37, 0.53]",0.6915088261912465,0.9526637552315578,False
Immunoglobulin heavy variable 2-70D,Concentration/ml,delta_time4_vs_time1,20,17,-0.3045400360241616,"[-0.67, 0.17]",0.20490042245970683,0.9487761570645853,False
Immunoglobulin heavy variable 3-23,Concentration/ml,delta_time4_vs_time1,20,17,-0.3075855045772265,"[-0.67, 0.17]",0.200179048883529,0.9487761570645853,False
Plasma kallikrein,Concentration/ml,delta_time4_vs_time1,20,17,-0.04853165091875478,"[-0.49, 0.41]",0.8435939551178538,0.9933039730332727,False
Galectin-7,Concentration/ml,delta_time4_vs_time1,20,17,0.1014805617640716,"[-0.37, 0.53]",0.6793258105981705,0.9526637552315578,False
Extracellular superoxide dismutase [Cu-Zn],Concentration/ml,delta_time4_vs_time1,20,17,0.3869620748156937,"[-0.08, 0.72]",0.10169045823176018,0.9487761570645853,False
Immunoglobulin heavy variable 1-8,Concentration/ml,delta_time4_vs_time1,20,17,-0.024142131999579115,"[-0.47, 0.43]",0.9218507936587078,0.9933039730332727,False
Cystatin-C,Concentration/ml,delta_time4_vs_time1,20,17,0.1354118173779433,"[-0.34, 0.56]",0.580447151473763,0.9526637552315578,False
Immunoglobulin lambda-like polypeptide 1,Concentration/ml,delta_time4_vs_time1,20,17,0.2351909914697048,"[-0.25, 0.62]",0.3324133729869245,0.9487761570645853,False
Inhibin beta C chain,Concentration/ml,delta_time4_vs_time1,20,17,0.24967211521146995,"[-0.23, 0.63]",0.30260899853409606,0.9487761570645853,False
Mannose-binding protein C,Concentration/ml,delta_time4_vs_time1,20,17,0.10407758560070116,"[-0.37, 0.53]",0.6715514410821697,0.9526637552315578,False
IgGFc-binding protein,Concentration/ml,delta_time4_vs_time1,20,17,-0.04343760371195866,"[-0.49, 0.42]",0.8598472968959554,0.9933039730332727,False
Macrophage mannose receptor 1,Concentration/ml,delta_time4_vs_time1,20,17,0.08703873905111437,"[-0.38, 0.52]",0.7231066225115621,0.9610665176848443,False
Aromatase,Concentration/ml,delta_time4_vs_time1,20,17,-0.00271975807010757,"[-0.46, 0.45]",0.9911833469782796,0.9969572305529103,False
Cadherin-5,Concentration/ml,delta_time4_vs_time1,20,17,0.6044949135976602,"[0.21, 0.83]",0.006115579648153731,0.5084047449740031,False
Immunoglobulin kappa variable 1-8,Concentration/ml,delta_time4_vs_time1,20,17,-0.005445266593075881,"[-0.46, 0.45]",0.9823490346918633,0.9933039730332727,False
Retinol-binding protein 4,Concentration/ml,delta_time4_vs_time1,20,17,0.16922250835870314,"[-0.31, 0.58]",0.48858075871730333,0.9526637552315578,False
Complement component C8 beta chain,Concentration/ml,delta_time4_vs_time1,20,17,0.3024418970060829,"[-0.18, 0.67]",0.2081955864318751,0.9487761570645853,False
Tumor necrosis factor receptor superfamily member 1B,Concentration/ml,delta_time4_vs_time1,20,17,-0.01708826191776222,"[-0.47, 0.44]",0.944644290814318,0.9933039730332727,False
Formin-2,Concentration/ml,delta_time4_vs_time1,20,17,-0.053531901496305295,"[-0.50, 0.41]",0.8276984959602127,0.9932967581818697,False
Scavenger receptor cysteine-rich domain-containing protein DMBT1,Concentration/ml,delta_time4_vs_time1,20,17,0.43154060949247863,"[-0.03, 0.74]",0.06505639368832683,0.9141787218298479,False
Apolipoprotein L1,Concentration/ml,delta_time4_vs_time1,20,17,-0.19609574825871623,"[-0.60, 0.28]",0.4210563510218458,0.9487761570645853,False
Leucine-rich alpha-2-glycoprotein,Concentration/ml,delta_time4_vs_time1,20,17,-0.00846345785834858,"[-0.46, 0.45]",0.972568372468818,0.9933039730332727,False
Immunoglobulin heavy variable 1-2,Concentration/ml,delta_time4_vs_time1,20,17,0.3896095381247886,"[-0.08, 0.72]",0.09917092439882899,0.9487761570645853,False
Ras-related protein Rab-10,Concentration/ml,delta_time4_vs_time1,20,17,-0.03561611339137415,"[-0.48, 0.43]",0.8849061836409102,0.9933039730332727,False
Immunoglobulin heavy variable 1-24,Concentration/ml,delta_time4_vs_time1,20,17,0.43408188654506613,"[-0.03, 0.74]",0.06331774327826813,0.9141787218298479,False
Annexin A3,Concentration/ml,delta_time4_vs_time1,20,17,0.12759260580992382,"[-0.35, 0.55]",0.6026860041010763,0.9526637552315578,False
Hemoglobin subunit beta,Concentration/ml,delta_time4_vs_time1,20,17,-0.04018394339403659,"[-0.49, 0.42]",0.8702573240488642,0.9933039730332727,False
Immunoglobulin lambda variable 4-69,Concentration/ml,delta_time4_vs_time1,20,17,-0.10043491716117811,"[-0.53, 0.37]",0.682464844553988,0.9526637552315578,False
Elongation factor 2,Concentration/ml,delta_time4_vs_time1,20,17,-0.15980658054411273,"[-0.57, 0.32]",0.5134268124618024,0.9526637552315578,False
Multiple inositol polyphosphate phosphatase 1,Concentration/ml,delta_time4_vs_time1,20,17,0.005586403693596668,"[-0.45, 0.46]",0.9818916057995675,0.9933039730332727,False
Collagen alpha-1(VI) chain,Concentration/ml,delta_time4_vs_time1,20,17,0.16245045336009803,"[-0.32, 0.57]",0.5063906037845549,0.9526637552315578,False
Hepatocyte growth factor activator,Concentration/ml,delta_time4_vs_time1,20,17,0.19863595927920982,"[-0.28, 0.60]",0.4149436353447823,0.9487761570645853,False
Fibrinogen beta chain,Concentration/ml,delta_time4_vs_time1,20,17,0.44208691212598883,"[-0.02, 0.75]",0.058068397948909556,0.9141787218298479,False
Hemicentin-1,Concentration/ml,delta_time4_vs_time1,20,17,-0.05711491947226418,"[-0.50, 0.41]",0.8163472749947444,0.9932866815039711,False
C-type mannose receptor 2,Concentration/ml,delta_time4_vs_time1,20,17,0.22968767077687702,"[-0.25, 0.62]",0.3441756406116341,0.9487761570645853,False
Platelet glycoprotein Ib beta chain,Concentration/ml,delta_time4_vs_time1,20,17,-0.05607088994499463,"[-0.50, 0.41]",0.8196513143767361,0.9932866815039711,False
Complement C2,Concentration/ml,delta_time4_vs_time1,20,17,0.3536815056238527,"[-0.12, 0.70]",0.1374097148110743,0.9487761570645853,False
Annexin A2,Concentration/ml,delta_time4_vs_time1,20,17,-0.113180581425835,"[-0.54, 0.36]",0.6445565189545281,0.9526637552315578,False
Protein disulfide-isomerase A3,Concentration/ml,delta_time4_vs_time1,20,17,-0.08259557281240167,"[-0.52, 0.39]",0.7367509549734603,0.963036010614858,False
Dipeptidyl peptidase 4,Concentration/ml,delta_time4_vs_time1,20,17,0.3035059026345078,"[-0.17, 0.67]",0.20652021457755237,0.9487761570645853,False
Proteasome subunit alpha type-4,Concentration/ml,delta_time4_vs_time1,20,17,0.02751514508711818,"[-0.43, 0.48]",0.9109709463569964,0.9933039730332727,False
Coagulation factor XI,Concentration/ml,delta_time4_vs_time1,20,17,-0.1929574032545089,"[-0.60, 0.29]",0.4286742213411543,0.9487761570645853,False
Collectin-11,Concentration/ml,delta_time4_vs_time1,20,17,-0.19332305616250237,"[-0.60, 0.29]",0.42778292493343584,0.9487761570645853,False
High mobility group protein B1,Concentration/ml,delta_time4_vs_time1,20,17,0.0677904354164235,"[-0.40, 0.51]",0.7827416594180854,0.9817437762192935,False
Immunoglobulin lambda variable 3-16,Concentration/ml,delta_time4_vs_time1,20,17,-0.447995325102419,"[-0.75, 0.01]",0.054409619989701015,0.9141787218298479,False
Prothrombin,Concentration/ml,delta_time4_vs_time1,20,17,0.2747272930325728,"[-0.21, 0.65]",0.25500172165280166,0.9487761570645853,False
Immunoglobulin kappa joining 1,Concentration/ml,delta_time4_vs_time1,20,17,0.27091812331685006,"[-0.21, 0.65]",0.2619148353083569,0.9487761570645853,False
Immunoglobulin heavy variable 3-7,Concentration/ml,delta_time4_vs_time1,20,17,-0.027075075560016378,"[-0.48, 0.43]",0.9123895959940587,0.9933039730332727,False
Immunoglobulin heavy variable 3-74,Concentration/ml,delta_time4_vs_time1,20,17,0.14881401271689604,"[-0.33, 0.56]",0.543168103059577,0.9526637552315578,False
Ezrin,Concentration/ml,delta_time4_vs_time1,20,17,-0.13665343006954253,"[-0.56, 0.34]",0.5769482764490956,0.9526637552315578,False
Intercellular adhesion molecule 2,Concentration/ml,delta_time4_vs_time1,20,17,-0.07737337633561267,"[-0.51, 0.39]",0.7528842435235599,0.9653317775871386,False
Lysozyme C,Concentration/ml,delta_time4_vs_time1,20,17,-0.05874635454618438,"[-0.50, 0.41]",0.8111902270669957,0.9932866815039711,False
Protein AMBP,Concentration/ml,delta_time4_vs_time1,20,17,0.1972917512323449,"[-0.28, 0.60]",0.418172353786725,0.9487761570645853,False
Prolyl endopeptidase FAP,Concentration/ml,delta_time4_vs_time1,20,17,0.16668670653514644,"[-0.31, 0.58]",0.4952135003492065,0.9526637552315578,False
"Actin, cytoplasmic 2",Concentration/ml,delta_time4_vs_time1,20,17,-0.13679957265448386,"[-0.56, 0.34]",0.5765370403394691,0.9526637552315578,False
Kallistatin,Concentration/ml,delta_time4_vs_time1,20,17,0.30955409831980596,"[-0.17, 0.67]",0.197165853353425,0.9487761570645853,False
Hemopexin,Concentration/ml,delta_time4_vs_time1,20,17,0.06888412651588026,"[-0.40, 0.51]",0.7793184841373325,0.9803103554110907,False
C4b-binding protein beta chain,Concentration/ml,delta_time4_vs_time1,20,17,0.214730801724069,"[-0.27, 0.61]",0.3773394205933682,0.9487761570645853,False
Peptidyl-prolyl cis-trans isomerase A,Concentration/ml,delta_time4_vs_time1,20,17,-0.007075626534962696,"[-0.46, 0.45]",0.9770653533344277,0.9933039730332727,False
Complement C1r subcomponent-like protein,Concentration/ml,delta_time4_vs_time1,20,17,0.22704517975009933,"[-0.25, 0.62]",0.34990805212871223,0.9487761570645853,False
Immunoglobulin heavy variable 3-30;Immunoglobulin heavy variable 3-30-5,Concentration/ml,delta_time4_vs_time1,20,17,-0.009709862213476538,"[-0.46, 0.45]",0.9685303280404922,0.9933039730332727,False
Immunoglobulin lambda variable 3-9,Concentration/ml,delta_time4_vs_time1,20,17,0.4226131905848362,"[-0.04, 0.74]",0.07144837519988483,0.9141787218298479,False
Immunoglobulin heavy variable 1-45,Concentration/ml,delta_time4_vs_time1,20,17,0.1892200391573895,"[-0.29, 0.59]",0.4378402760030726,0.9487761570645853,False
Hemoglobin subunit gamma-1,Concentration/ml,delta_time4_vs_time1,20,17,-0.10216883163245137,"[-0.53, 0.37]",0.6772623687189078,0.9526637552315578,False
Apolipoprotein F,Concentration/ml,delta_time4_vs_time1,20,17,0.5458844810189404,"[0.12, 0.80]",0.015615220286755006,0.5779896366726339,False
Immunoglobulin gamma-1 heavy chain,Concentration/ml,delta_time4_vs_time1,20,17,0.07518997403814175,"[-0.39, 0.51]",0.7596591820188481,0.965793926818057,False
Low affinity immunoglobulin gamma Fc region receptor III-B,Concentration/ml,delta_time4_vs_time1,20,17,0.16329495161990237,"[-0.31, 0.57]",0.504152873519271,0.9526637552315578,False
Multiple epidermal growth factor-like domains protein 8,Concentration/ml,delta_time4_vs_time1,20,17,0.5977730165398348,"[0.20, 0.83]",0.006870334391540583,0.5084047449740031,False
Complement C4-B,Concentration/ml,delta_time4_vs_time1,20,17,-0.23354143388081133,"[-0.62, 0.25]",0.3359139301107169,0.9487761570645853,False
Glyceraldehyde-3-phosphate dehydrogenase,Concentration/ml,delta_time4_vs_time1,20,17,-0.19194564740592573,"[-0.59, 0.29]",0.431145530595773,0.9487761570645853,False
Complement C1r subcomponent,Concentration/ml,delta_time4_vs_time1,20,17,-0.32866145456355333,"[-0.68, 0.15]",0.16948214435486927,0.9487761570645853,False
Sex hormone-binding globulin,Concentration/ml,delta_time4_vs_time1,20,17,0.31185583055169275,"[-0.17, 0.67]",0.19368117547922847,0.9487761570645853,False
Biotinidase,Concentration/ml,delta_time4_vs_time1,20,17,0.3692056814515799,"[-0.10, 0.71]",0.11979588962614335,0.9487761570645853,False
Cholinesterase,Concentration/ml,delta_time4_vs_time1,20,17,0.13031281113587678,"[-0.34, 0.55]",0.5949098880462773,0.9526637552315578,False
Immunoglobulin heavy variable 2-5,Concentration/ml,delta_time4_vs_time1,20,17,0.12030866312114569,"[-0.35, 0.54]",0.6237095026645159,0.9526637552315578,False
Immunoglobulin lambda variable 1-36,Concentration/ml,delta_time4_vs_time1,20,17,-0.14287737054748106,"[-0.56, 0.33]",0.5595469719456632,0.9526637552315578,False
Immunoglobulin kappa variable 3-11,Concentration/ml,delta_time4_vs_time1,20,17,-0.0004532930116848326,"[-0.45, 0.45]",0.9985305314104802,0.9999999999999999,False
Immunoglobulin kappa variable 6-21,Concentration/ml,delta_time4_vs_time1,20,17,-0.06477247077583141,"[-0.50, 0.40]",0.7922073459458079,0.9911014238555779,False
Immunoglobulin kappa light chain,Concentration/ml,delta_time4_vs_time1,20,17,0.0858710530495418,"[-0.38, 0.52]",0.7266848666003901,0.9610665176848443,False
Neuropilin-1,Concentration/ml,delta_time4_vs_time1,20,17,-0.046743994678330014,"[-0.49, 0.42]",0.8492911947439239,0.9933039730332727,False
Ficolin-2,Concentration/ml,delta_time4_vs_time1,20,17,0.20520812199642363,"[-0.27, 0.60]",0.3993518277318814,0.9487761570645853,False
Gamma-glutamyl hydrolase,Concentration/ml,delta_time4_vs_time1,20,17,-0.007938957589462755,"[-0.46, 0.45]",0.9742678211737636,0.9933039730332727,False
Keratinocyte proline-rich protein,Concentration/ml,delta_time4_vs_time1,20,17,0.15057066536579708,"[-0.33, 0.57]",0.538363585660391,0.9526637552315578,False
Kyphoscoliosis peptidase,Concentration/ml,delta_time4_vs_time1,20,17,-0.33776366079683384,"[-0.69, 0.14]",0.1572755359621026,0.9487761570645853,False
Laminin subunit alpha-2,Concentration/ml,delta_time4_vs_time1,20,17,0.14092005938039512,"[-0.33, 0.56]",0.564994338839444,0.9526637552315578,False
Desmoglein-1,Concentration/ml,delta_time4_vs_time1,20,17,0.21331353550231097,"[-0.27, 0.61]",0.38057170512771954,0.9487761570645853,False
Immunoglobulin lambda variable 3-27,Concentration/ml,delta_time4_vs_time1,20,17,0.5255261006557446,"[0.09, 0.79]",0.02084464590536667,0.5779896366726339,False
Myosin-9,Concentration/ml,delta_time4_vs_time1,20,17,0.24855962124065334,"[-0.23, 0.63]",0.3048394691857313,0.9487761570645853,False
Versican core protein,Concentration/ml,delta_time4_vs_time1,20,17,-0.4362254291101052,"[-0.74, 0.02]",0.061878506746666076,0.9141787218298479,False
Proteasome subunit beta type-3,Concentration/ml,delta_time4_vs_time1,20,17,0.09905877148947853,"[-0.37, 0.53]",0.686603657417333,0.9526637552315578,False
Alpha-N-acetylglucosaminidase,Concentration/ml,delta_time4_vs_time1,20,17,0.4321006307341116,"[-0.03, 0.74]",0.06467021187146761,0.9141787218298479,False
Caspase-14,Concentration/ml,delta_time4_vs_time1,20,17,-0.12722936101764123,"[-0.55, 0.35]",0.6037275319862314,0.9526637552315578,False
Histidine-rich glycoprotein,Concentration/ml,delta_time4_vs_time1,20,17,0.20704759533559647,"[-0.27, 0.60]",0.39504602699015,0.9487761570645853,False
"ATP synthase subunit alpha, mitochondrial",Concentration/ml,delta_time4_vs_time1,20,17,-0.19536928803607775,"[-0.60, 0.28]",0.42281327268451807,0.9487761570645853,False
Immunoglobulin kappa constant,Concentration/ml,delta_time4_vs_time1,20,17,-0.3210494581634603,"[-0.68, 0.16]",0.18017340510568217,0.9487761570645853,False
Interleukin-1 receptor accessory protein,Concentration/ml,delta_time4_vs_time1,20,17,0.027477558131099818,"[-0.43, 0.48]",0.9110921052007828,0.9933039730332727,False
Immunoglobulin lambda variable 9-49,Concentration/ml,delta_time4_vs_time1,20,17,-0.09894120845501726,"[-0.53, 0.37]",0.6869576310580513,0.9526637552315578,False
Plexin domain-containing protein 2,Concentration/ml,delta_time4_vs_time1,20,17,0.17935153254189032,"[-0.30, 0.59]",0.46252778022608254,0.9526637552315578,False
Immunoglobulin heavy variable 4-28,Concentration/ml,delta_time4_vs_time1,20,17,0.22813886652349252,"[-0.25, 0.62]",0.34752885500057107,0.9487761570645853,False
Desmoplakin,Concentration/ml,delta_time4_vs_time1,20,17,0.18857208865114702,"[-0.29, 0.59]",0.4394397466156854,0.9487761570645853,False
Endoplasmin,Concentration/ml,delta_time4_vs_time1,20,17,-0.23994310085173376,"[-0.63, 0.24]",0.32244912661747727,0.9487761570645853,False
Heparin cofactor 2,Concentration/ml,delta_time4_vs_time1,20,17,0.022669872398015684,"[-0.44, 0.47]",0.9266039313609206,0.9933039730332727,False
Laminin subunit gamma-1,Concentration/ml,delta_time4_vs_time1,20,17,0.2979646063473668,"[-0.18, 0.66]",0.2153433845139737,0.9487761570645853,False
Polymeric immunoglobulin receptor,Concentration/ml,delta_time4_vs_time1,20,17,0.4434345342099378,"[-0.01, 0.75]",0.05721800199088101,0.9141787218298479,False
Serum amyloid A-4 protein,Concentration/ml,delta_time4_vs_time1,20,17,-0.26046483122879466,"[-0.64, 0.22]",0.28148445445500503,0.9487761570645853,False
Catalase,Concentration/ml,delta_time4_vs_time1,20,17,0.6210166593293108,"[0.23, 0.84]",0.004544143039006129,0.5084047449740031,False
Complement receptor type 1,Concentration/ml,delta_time4_vs_time1,20,17,-0.25558202741791675,"[-0.64, 0.22]",0.2909259803029546,0.9487761570645853,False
Immunoglobulin kappa variable 1-27,Concentration/ml,delta_time4_vs_time1,20,17,0.27042378065813116,"[-0.21, 0.65]",0.2628205349495123,0.9487761570645853,False
Immunoglobulin kappa variable 2-30,Concentration/ml,delta_time4_vs_time1,20,17,-0.18477234742873538,"[-0.59, 0.29]",0.44888049101447747,0.9526637552315578,False
Protein-glutamine gamma-glutamyltransferase E,Concentration/ml,delta_time4_vs_time1,20,17,0.1329567622788168,"[-0.34, 0.55]",0.5873919499817847,0.9526637552315578,False
Periostin,Concentration/ml,delta_time4_vs_time1,20,17,0.19561397720242435,"[-0.28, 0.60]",0.4222210643214339,0.9487761570645853,False
Albumin,Concentration/ml,delta_time4_vs_time1,20,17,-0.02659857429551902,"[-0.48, 0.43]",0.9139259764248258,0.9933039730332727,False
Complement factor B,Concentration/ml,delta_time4_vs_time1,20,17,0.20192919441093213,"[-0.28, 0.60]",0.4070903153262809,0.9487761570645853,False
Probable non-functional immunoglobulinn kappa variable 1-37;Probable non-functional immunoglobulinn kappa variable 1D-37,Concentration/ml,delta_time4_vs_time1,20,17,-0.31117946229953447,"[-0.67, 0.17]",0.1947008625524076,0.9487761570645853,False
Immunoglobulin lambda variable 8-61,Concentration/ml,delta_time4_vs_time1,20,17,-0.24959835113738427,"[-0.63, 0.23]",0.3027565841784989,0.9487761570645853,False
Annexin A1,Concentration/ml,delta_time4_vs_time1,20,17,-0.05479496828238616,"[-0.50, 0.41]",0.8236931709749656,0.9932866815039711,False
CD5 antigen-like,Concentration/ml,delta_time4_vs_time1,20,17,-0.4330376008649242,"[-0.74, 0.03]",0.06402793542955355,0.9141787218298479,False
RB-associated KRAB zinc finger protein,Concentration/ml,delta_time4_vs_time1,20,17,0.3616053857517954,"[-0.11, 0.70]",0.12820625172481184,0.9487761570645853,False
Immunoglobulin lambda variable 7-46,Concentration/ml,delta_time4_vs_time1,20,17,-0.1392015545266842,"[-0.56, 0.34]",0.5697960922734613,0.9526637552315578,False
Basement membrane-specific heparan sulfate proteoglycan core protein,Concentration/ml,delta_time4_vs_time1,20,17,0.5679934842569881,"[0.15, 0.81]",0.011181227261455014,0.5779896366726339,False
Vitamin K-dependent protein C,Concentration/ml,delta_time4_vs_time1,20,17,0.46507549251456903,"[0.01, 0.76]",0.04481101429908586,0.9141787218298479,False
Immunoglobulin lambda variable 1-40,Concentration/ml,delta_time4_vs_time1,20,17,-0.3402882714954187,"[-0.69, 0.13]",0.154000034844264,0.9487761570645853,False
Pantetheinase,Concentration/ml,delta_time4_vs_time1,20,17,0.17076270855373926,"[-0.31, 0.58]",0.4845735094396887,0.9526637552315578,False
Neutrophil defensin 1;Neutrophil defensin 3,Concentration/ml,delta_time4_vs_time1,20,17,0.27032834646897275,"[-0.21, 0.65]",0.262995608609298,0.9487761570645853,False
Immunoglobulin lambda variable 2-8,Concentration/ml,delta_time4_vs_time1,20,17,-0.2668180630607198,"[-0.64, 0.21]",0.26948601256248267,0.9487761570645853,False
Immunoglobulin heavy variable 1-18,Concentration/ml,delta_time4_vs_time1,20,17,0.4128223168439067,"[-0.05, 0.73]",0.07898337057392459,0.9459207646847259,False
Immunoglobulin kappa variable 3D-15,Concentration/ml,delta_time4_vs_time1,20,17,-0.08506798852614988,"[-0.52, 0.38]",0.7291489217184244,0.9610665176848443,False
Extracellular matrix protein 1,Concentration/ml,delta_time4_vs_time1,20,17,0.3741221248349295,"[-0.10, 0.71]",0.11456905576994203,0.9487761570645853,False
Tubulin alpha-1B chain,Concentration/ml,delta_time4_vs_time1,20,17,-0.2531999728151881,"[-0.63, 0.23]",0.2956013244650249,0.9487761570645853,False
Immunoglobulin lambda variable 5-45,Concentration/ml,delta_time4_vs_time1,20,17,0.1351491287532877,"[-0.34, 0.56]",0.5811885658721582,0.9526637552315578,False
Alpha-2-HS-glycoprotein,Concentration/ml,delta_time4_vs_time1,20,17,-0.07813944936863847,"[-0.51, 0.39]",0.7505112394618532,0.9651156618085838,False
Cartilage acidic protein 1,Concentration/ml,delta_time4_vs_time1,20,17,0.524295239989823,"[0.09, 0.79]",0.021200392078725958,0.5779896366726339,False
Coagulation factor IX,Concentration/ml,delta_time4_vs_time1,20,17,-0.12111649261464424,"[-0.55, 0.35]",0.6213637113815604,0.9526637552315578,False
Integrin alpha-2,Concentration/ml,delta_time4_vs_time1,20,17,-0.23777790277512115,"[-0.62, 0.24]",0.32696694583454533,0.9487761570645853,False
"Mannosyl-oligosaccharide 1,2-alpha-mannosidase IA",Concentration/ml,delta_time4_vs_time1,20,17,0.11324565865592098,"[-0.36, 0.54]",0.6443650085472987,0.9526637552315578,False
Endophilin-A3,Concentration/ml,delta_time4_vs_time1,20,17,0.05046975157960236,"[-0.41, 0.49]",0.8374256499578484,0.9933039730332727,False
Collagen alpha-1(I) chain,Concentration/ml,delta_time4_vs_time1,20,17,0.2556512545974073,"[-0.22, 0.64]",0.29079078517731005,0.9487761570645853,False
Carboxypeptidase N subunit 2,Concentration/ml,delta_time4_vs_time1,20,17,0.043907296056007905,"[-0.42, 0.49]",0.8583463111110636,0.9933039730332727,False
Scavenger receptor cysteine-rich type 1 protein M130,Concentration/ml,delta_time4_vs_time1,20,17,0.3504785613583437,"[-0.12, 0.69]",0.14125795153069687,0.9487761570645853,False
Annexin A5,Concentration/ml,delta_time4_vs_time1,20,17,-0.3273632393840571,"[-0.68, 0.15]",0.17127421046820768,0.9487761570645853,False
Platelet factor 4,Concentration/ml,delta_time4_vs_time1,20,17,-0.04338533419890527,"[-0.49, 0.42]",0.8600143620124856,0.9933039730332727,False
Immunoglobulin heavy variable 3-72,Concentration/ml,delta_time4_vs_time1,20,17,-0.01422380981960399,"[-0.47, 0.44]",0.9539130665254896,0.9933039730332727,False
Protein HEG homolog 1,Concentration/ml,delta_time4_vs_time1,20,17,-0.054526869007560735,"[-0.50, 0.41]",0.8245429981596671,0.9932866815039711,False
Sulfhydryl oxidase 1,Concentration/ml,delta_time4_vs_time1,20,17,0.056832722688811774,"[-0.41, 0.50]",0.8172400528220313,0.9932866815039711,False
Corticosteroid-binding globulin,Concentration/ml,delta_time4_vs_time1,20,17,0.3814256350707839,"[-0.09, 0.71]",0.10710836229257498,0.9487761570645853,False
Angiopoietin-related protein 6,Concentration/ml,delta_time4_vs_time1,20,17,0.42713167049345063,"[-0.03, 0.74]",0.06815730049728111,0.9141787218298479,False
72 kDa type IV collagenase,Concentration/ml,delta_time4_vs_time1,20,17,-0.2169691437437072,"[-0.61, 0.26]",0.3722659976485959,0.9487761570645853,False
Trypsin-3,Concentration/ml,delta_time4_vs_time1,20,17,-0.21104219379523204,"[-0.61, 0.27]",0.3857839207753956,0.9487761570645853,False
Complement component C9,Concentration/ml,delta_time4_vs_time1,20,17,-0.1936669684013043,"[-0.60, 0.29]",0.4269455178768743,0.9487761570645853,False
Pyruvate kinase PKM,Concentration/ml,delta_time4_vs_time1,20,17,0.09099584822870746,"[-0.38, 0.52]",0.7110217376265733,0.9595641785480088,False
Immunoglobulin heavy variable 4-34,Concentration/ml,delta_time4_vs_time1,20,17,0.24529656306541314,"[-0.24, 0.63]",0.3114386460445089,0.9487761570645853,False
Immunoglobulin kappa variable 6D-21,Concentration/ml,delta_time4_vs_time1,20,17,-0.09996592651386128,"[-0.53, 0.37]",0.683874385119474,0.9526637552315578,False
Immunoglobulin lambda-1 light chain,Concentration/ml,delta_time4_vs_time1,20,17,0.07485420441576998,"[-0.39, 0.51]",0.760702552397234,0.965793926818057,False
Transforming growth factor-beta-induced protein ig-h3,Concentration/ml,delta_time4_vs_time1,20,17,0.007672329941240136,"[-0.45, 0.46]",0.9751317703759663,0.9933039730332727,False
Complement C1q subcomponent subunit A,Concentration/ml,delta_time4_vs_time1,20,17,0.28065228449510865,"[-0.20, 0.65]",0.24447994778343696,0.9487761570645853,False
Prolow-density lipoprotein receptor-related protein 1,Concentration/ml,delta_time4_vs_time1,20,17,-0.18868982115460606,"[-0.59, 0.29]",0.43914889671801804,0.9487761570645853,False
Immunoglobulin heavy constant mu,Concentration/ml,delta_time4_vs_time1,20,17,-0.31716077771089923,"[-0.67, 0.16]",0.18580695302516134,0.9487761570645853,False
UV-stimulated scaffold protein A,Concentration/ml,delta_time4_vs_time1,20,17,0.23355968141033748,"[-0.25, 0.62]",0.3358750892289536,0.9487761570645853,False
Complement component C6,Concentration/ml,delta_time4_vs_time1,20,17,0.055690346138193805,"[-0.41, 0.50]",0.8208563478546007,0.9932866815039711,False
Angiotensinogen,Concentration/ml,delta_time4_vs_time1,20,17,0.006697969092256913,"[-0.45, 0.46]",0.9782891944219454,0.9933039730332727,False
Pregnancy zone protein,Concentration/ml,delta_time4_vs_time1,20,17,-0.11824681010477678,"[-0.54, 0.36]",0.6297124503628153,0.9526637552315578,False
Histone H2A type 1-B/E;Histone H2A type 3;Histone H2A type 1-C,Concentration/ml,delta_time4_vs_time1,20,17,-0.2267036477154084,"[-0.62, 0.25]",0.35065293692523747,0.9487761570645853,False
Desmocollin-1,Concentration/ml,delta_time4_vs_time1,20,17,0.22219712847856982,"[-0.26, 0.61]",0.360567002106147,0.9487761570645853,False
Protein Z-dependent protease inhibitor,Concentration/ml,delta_time4_vs_time1,20,17,0.08362280815108052,"[-0.39, 0.52]",0.733589586267664,0.963036010614858,False
Immunoglobulin kappa variable 1-17,Concentration/ml,delta_time4_vs_time1,20,17,0.044605562497465376,"[-0.42, 0.49]",0.8561157371888741,0.9933039730332727,False
Fibronectin,Concentration/ml,delta_time4_vs_time1,20,17,0.13329670774650093,"[-0.34, 0.55]",0.5864282397838672,0.9526637552315578,False
Probable non-functional immunoglobulin heavy variable 3-38,Concentration/ml,delta_time4_vs_time1,20,17,0.27265678315520564,"[-0.21, 0.65]",0.2587449659549963,0.9487761570645853,False
Nucleoside diphosphate kinase 3,Concentration/ml,delta_time4_vs_time1,20,17,0.19224187936749512,"[-0.29, 0.59]",0.43042118014792274,0.9487761570645853,False
Plasma protease C1 inhibitor,Concentration/ml,delta_time4_vs_time1,20,17,-0.07497444488539591,"[-0.51, 0.39]",0.7603288716556748,0.965793926818057,False
Immunoglobulin kappa variable 1-16,Concentration/ml,delta_time4_vs_time1,20,17,-0.0605078678418537,"[-0.50, 0.40]",0.8056303481240847,0.9932555822793603,False
F-actin-capping protein subunit alpha-1,Concentration/ml,delta_time4_vs_time1,20,17,-0.027305897881400743,"[-0.48, 0.43]",0.9116454634845715,0.9933039730332727,False
Cathepsin D,Concentration/ml,delta_time4_vs_time1,20,17,-0.022083581183029874,"[-0.47, 0.44]",0.9284974232519466,0.9933039730332727,False
Anthrax toxin receptor 2,Concentration/ml,delta_time4_vs_time1,20,17,0.20536443484016748,"[-0.27, 0.60]",0.39898494007774865,0.9487761570645853,False
Talin-1,Concentration/ml,delta_time4_vs_time1,20,17,0.08633420926197087,"[-0.38, 0.52]",0.7252649228412251,0.9610665176848443,False
Protein disulfide-isomerase,Concentration/ml,delta_time4_vs_time1,20,17,-0.15444481319807574,"[-0.57, 0.32]",0.5278366552771772,0.9526637552315578,False
Junction plakoglobin,Concentration/ml,delta_time4_vs_time1,20,17,0.09920860888875604,"[-0.37, 0.53]",0.6861525985557946,0.9526637552315578,False
Tenascin,Concentration/ml,delta_time4_vs_time1,20,17,0.3893194534874342,"[-0.08, 0.72]",0.09944476264792478,0.9487761570645853,False
Cadherin-related family member 5,Concentration/ml,delta_time4_vs_time1,20,17,0.06932586834799048,"[-0.40, 0.51]",0.7779369617617558,0.9803103554110907,False
Kininogen-1,Concentration/ml,delta_time4_vs_time1,20,17,-0.03314087159808439,"[-0.48, 0.43]",0.8928594511040786,0.9933039730332727,False
Alpha-1-antichymotrypsin,Concentration/ml,delta_time4_vs_time1,20,17,0.23614694299225614,"[-0.24, 0.62]",0.33039456711450754,0.9487761570645853,False
Integrin alpha-IIb,Concentration/ml,delta_time4_vs_time1,20,17,-0.05331507618104949,"[-0.50, 0.41]",0.8283864855879686,0.9932967581818697,False
Serum amyloid P-component,Concentration/ml,delta_time4_vs_time1,20,17,-0.2526086821983818,"[-0.63, 0.23]",0.2967689093338592,0.9487761570645853,False
Inter-alpha-trypsin inhibitor heavy chain H1,Concentration/ml,delta_time4_vs_time1,20,17,0.004266263365380018,"[-0.45, 0.46]",0.9861704067408802,0.99384488461435,False
Probable non-functional immunoglobulin heavy variable 3-35,Concentration/ml,delta_time4_vs_time1,20,17,-0.17406451648689988,"[-0.58, 0.30]",0.4760378336794122,0.9526637552315578,False
Immunoglobulin kappa variable 1-5,Concentration/ml,delta_time4_vs_time1,20,17,0.3461448811331531,"[-0.13, 0.69]",0.14658356484359691,0.9487761570645853,False
Band 3 anion transport protein,Concentration/ml,delta_time4_vs_time1,20,17,0.3820900326514901,"[-0.09, 0.71]",0.10644745749974181,0.9487761570645853,False
Immunoglobulin lambda variable 7-43,Concentration/ml,delta_time4_vs_time1,20,17,-0.28300260543458444,"[-0.65, 0.20]",0.24038407316893687,0.9487761570645853,False
Peroxiredoxin-1,Concentration/ml,delta_time4_vs_time1,20,17,0.04449103223896277,"[-0.42, 0.49]",0.8564815266810127,0.9933039730332727,False
Matrix metalloproteinase-9,Concentration/ml,delta_time4_vs_time1,20,17,0.15490397492144478,"[-0.32, 0.57]",0.5265953636084908,0.9526637552315578,False
Multimerin-2,Concentration/ml,delta_time4_vs_time1,20,17,0.4501635058739766,"[-0.01, 0.75]",0.05311172502614885,0.9141787218298479,False
Immunoglobulin heavy variable 1-3,Concentration/ml,delta_time4_vs_time1,20,17,0.35161082311494035,"[-0.12, 0.69]",0.13988908073756587,0.9487761570645853,False
Podocalyxin,Concentration/ml,delta_time4_vs_time1,20,17,0.42468212627794766,"[-0.04, 0.74]",0.06992709063199723,0.9141787218298479,False
Immunoglobulin lambda variable 1-51,Concentration/ml,delta_time4_vs_time1,20,17,0.1415988258445954,"[-0.33, 0.56]",0.5631026509717434,0.9526637552315578,False
Cadherin-13,Concentration/ml,delta_time4_vs_time1,20,17,-0.0453904437395476,"[-0.49, 0.42]",0.8536097240402947,0.9933039730332727,False
Plastin-2,Concentration/ml,delta_time4_vs_time1,20,17,0.23497662074248388,"[-0.25, 0.62]",0.332867078551883,0.9487761570645853,False
Inter-alpha-trypsin inhibitor heavy chain H4,Concentration/ml,delta_time4_vs_time1,20,17,-0.10585868193929057,"[-0.53, 0.37]",0.6662379487335899,0.9526637552315578,False
Fructose-bisphosphate aldolase B,Concentration/ml,delta_time4_vs_time1,20,17,-0.08890425380072663,"[-0.52, 0.38]",0.7174013839879427,0.9610665176848443,False
Mannan-binding lectin serine protease 2,Concentration/ml,delta_time4_vs_time1,20,17,0.17043817239342263,"[-0.31, 0.58]",0.4854165300824067,0.9526637552315578,False
Platelet glycoprotein 4,Concentration/ml,delta_time4_vs_time1,20,17,0.041652469380775846,"[-0.42, 0.49]",0.8655561702915948,0.9933039730332727,False
Hemoglobin subunit alpha,Concentration/ml,delta_time4_vs_time1,20,17,0.02252726663598111,"[-0.44, 0.47]",0.9270644579488577,0.9933039730332727,False
Immunoglobulin lambda variable 3-10,Concentration/ml,delta_time4_vs_time1,20,17,0.06071312673266048,"[-0.40, 0.50]",0.804983062959273,0.9932555822793603,False
Serum paraoxonase/lactonase 3,Concentration/ml,delta_time4_vs_time1,20,17,0.011369638141478395,"[-0.45, 0.46]",0.9631542152684976,0.9933039730332727,False
Dopamine beta-hydroxylase,Concentration/ml,delta_time4_vs_time1,20,17,-0.11750939147901315,"[-0.54, 0.36]",0.6318648275440127,0.9526637552315578,False
Triosephosphate isomerase,Concentration/ml,delta_time4_vs_time1,20,17,-0.1577125075943198,"[-0.57, 0.32]",0.5190324312507562,0.9526637552315578,False
Endoplasmic reticulum chaperone BiP,Concentration/ml,delta_time4_vs_time1,20,17,0.22073843783888275,"[-0.26, 0.61]",0.36380990575889016,0.9487761570645853,False
Suprabasin,Concentration/ml,delta_time4_vs_time1,20,17,0.04290008984944852,"[-0.42, 0.49]",0.8615655829584261,0.9933039730332727,False
Immunoglobulin kappa variable 3-20,Concentration/ml,delta_time4_vs_time1,20,17,0.030032231207133393,"[-0.43, 0.48]",0.902861708538863,0.9933039730332727,False
Ficolin-1,Concentration/ml,delta_time4_vs_time1,20,17,-0.009958949429336044,"[-0.46, 0.45]",0.9677234314314732,0.9933039730332727,False
Autotaxin,Concentration/ml,delta_time4_vs_time1,20,17,0.1281612529116634,"[-0.35, 0.55]",0.6010570065534231,0.9526637552315578,False
Histidine ammonia-lyase,Concentration/ml,delta_time4_vs_time1,20,17,-0.14550705675076764,"[-0.56, 0.33]",0.5522650133035236,0.9526637552315578,False
Noelin,Concentration/ml,delta_time4_vs_time1,20,17,-0.2839251302552516,"[-0.65, 0.20]",0.23878847817387625,0.9487761570645853,False
Prenylcysteine oxidase 1,Concentration/ml,delta_time4_vs_time1,20,17,0.3499688850704245,"[-0.12, 0.69]",0.14187717569055613,0.9487761570645853,False
Immunoglobulin delta heavy chain,Concentration/ml,delta_time4_vs_time1,20,17,0.15948693275935755,"[-0.32, 0.57]",0.5142806203714327,0.9526637552315578,False
Antithrombin-III,Concentration/ml,delta_time4_vs_time1,20,17,-0.011989446155515077,"[-0.46, 0.44]",0.9611469986768075,0.9933039730332727,False
Complement component C7,Concentration/ml,delta_time4_vs_time1,20,17,0.15216494979539966,"[-0.32, 0.57]",0.5340199968398833,0.9526637552315578,False
BOS complex subunit NOMO3;BOS complex subunit NOMO1;BOS complex subunit NOMO2,Concentration/ml,delta_time4_vs_time1,20,17,0.09769397363854646,"[-0.37, 0.53]",0.69071679169093,0.9526637552315578,False
Cofilin-1,Concentration/ml,delta_time4_vs_time1,20,17,-0.2078025109957438,"[-0.60, 0.27]",0.3932863465866301,0.9487761570645853,False
Histone H4,Concentration/ml,delta_time4_vs_time1,20,17,-0.18851233239947057,"[-0.59, 0.29]",0.4395874086785724,0.9487761570645853,False
Serum amyloid A-1 protein,Concentration/ml,delta_time4_vs_time1,20,17,-0.14814110537852143,"[-0.56, 0.33]",0.545013654981864,0.9526637552315578,False
Transferrin receptor protein 1,Concentration/ml,delta_time4_vs_time1,20,17,-0.010758537433602952,"[-0.46, 0.45]",0.9651334415072351,0.9933039730332727,False
Serpin B12,Concentration/ml,delta_time4_vs_time1,20,17,0.09269884081928323,"[-0.38, 0.52]",0.7058409068824711,0.9580101274900387,False
Immunoglobulin kappa variable 3D-20,Concentration/ml,delta_time4_vs_time1,20,17,-0.6609660885363731,"[-0.86, -0.30]",0.00206233136110908,0.35609588168483447,False
Probable non-functional immunoglobulin heavy variable 3-16,Concentration/ml,delta_time4_vs_time1,20,17,0.15156127206284126,"[-0.33, 0.57]",0.5356628084554865,0.9526637552315578,False
Immunoglobulin lambda variable 6-57,Concentration/ml,delta_time4_vs_time1,20,17,0.25873348550747793,"[-0.22, 0.64]",0.28481035871459764,0.9487761570645853,False
Fibrinogen alpha chain,Concentration/ml,delta_time4_vs_time1,20,17,0.508184746692809,"[0.07, 0.78]",0.02631405490804692,0.6815340221184152,False
Galectin-3-binding protein,Concentration/ml,delta_time4_vs_time1,20,17,-0.37107016894024225,"[-0.71, 0.10]",0.11779411469227603,0.9487761570645853,False
Macrophage colony-stimulating factor 1 receptor,Concentration/ml,delta_time4_vs_time1,20,17,-0.3173795210745195,"[-0.67, 0.16]",0.18548695708760563,0.9487761570645853,False
Phosphatidylinositol-glycan-specific phospholipase D,Concentration/ml,delta_time4_vs_time1,20,17,-0.10470296630212762,"[-0.53, 0.37]",0.6696840460570552,0.9526637552315578,False
Serotransferrin,Concentration/ml,delta_time4_vs_time1,20,17,-0.03381254621989479,"[-0.48, 0.43]",0.8907002755371808,0.9933039730332727,False
Integrin alpha-11,Concentration/ml,delta_time4_vs_time1,20,17,-0.035670278984701986,"[-0.48, 0.43]",0.8847322577245924,0.9933039730332727,False
Proprotein convertase subtilisin/kexin type 9,Concentration/ml,delta_time4_vs_time1,20,17,-0.2889123544305937,"[-0.66, 0.19]",0.23028033012917143,0.9487761570645853,False
Gelsolin,Concentration/ml,delta_time4_vs_time1,20,17,0.36703455560340587,"[-0.10, 0.70]",0.12215723069603421,0.9487761570645853,False
Proteoglycan 4,Concentration/ml,delta_time4_vs_time1,20,17,0.0003021953411230459,"[-0.45, 0.45]",0.9990203539940815,0.9999999999999999,False
Vascular cell adhesion protein 1,Concentration/ml,delta_time4_vs_time1,20,17,0.2871193907345616,"[-0.19, 0.66]",0.2333162452220396,0.9487761570645853,False
Adhesion G protein-coupled receptor F5,Concentration/ml,delta_time4_vs_time1,20,17,0.538876998827611,"[0.11, 0.80]",0.01728110941205787,0.5779896366726339,False
Insulin-like growth factor-binding protein 3,Concentration/ml,delta_time4_vs_time1,20,17,0.3198280241552684,"[-0.16, 0.68]",0.18193033025664807,0.9487761570645853,False
Transthyretin,Concentration/ml,delta_time4_vs_time1,20,17,0.1303402137308294,"[-0.34, 0.55]",0.5948317658786872,0.9526637552315578,False
Coiled-coil domain-containing protein 126,Concentration/ml,delta_time4_vs_time1,20,17,0.2310398678076289,"[-0.25, 0.62]",0.3412634880269363,0.9487761570645853,False
Guanine nucleotide-binding protein G(i) subunit alpha-2,Concentration/ml,delta_time4_vs_time1,20,17,-0.099589494293363,"[-0.53, 0.37]",0.6850064682724407,0.9526637552315578,False
Apolipoprotein C-I,Concentration/ml,delta_time4_vs_time1,20,17,0.17934641672364565,"[-0.30, 0.59]",0.4625407580832488,0.9526637552315578,False
Syntenin-1,Concentration/ml,delta_time4_vs_time1,20,17,0.2085738640432408,"[-0.27, 0.61]",0.391492815742687,0.9487761570645853,False
Phospholipid transfer protein,Concentration/ml,delta_time4_vs_time1,20,17,0.1265221816739361,"[-0.35, 0.55]",0.6057573241579861,0.9526637552315578,False
Laminin subunit beta-1,Concentration/ml,delta_time4_vs_time1,20,17,0.5396918919665425,"[0.11, 0.80]",0.017080421396791043,0.5779896366726339,False
Proline-rich protein 4,Concentration/ml,delta_time4_vs_time1,20,17,0.38628617960240313,"[-0.08, 0.72]",0.10234103998231514,0.9487761570645853,False
Immunoglobulin kappa variable 2-28;Immunoglobulin kappa variable 2D-28,Concentration/ml,delta_time4_vs_time1,20,17,0.40872451254852404,"[-0.06, 0.73]",0.0823052870584513,0.9459207646847259,False
Complement C3,Concentration/ml,delta_time4_vs_time1,20,17,-0.025188964780666106,"[-0.47, 0.43]",0.9184726643351309,0.9933039730332727,False
Thyroxine-binding globulin,Concentration/ml,delta_time4_vs_time1,20,17,0.13439633270230966,"[-0.34, 0.55]",0.5833154894765572,0.9526637552315578,False
Immunoglobulin kappa variable 1D-13;Immunoglobulin kappa variable 1-13,Concentration/ml,delta_time4_vs_time1,20,17,-0.10906932091610334,"[-0.54, 0.36]",0.6566982254507623,0.9526637552315578,False
Complement factor H-related protein 5,Concentration/ml,delta_time4_vs_time1,20,17,-0.4005912342325092,"[-0.72, 0.07]",0.08920147541475915,0.9487761570645853,False
Immunoglobulin lambda variable 2-23,Concentration/ml,delta_time4_vs_time1,20,17,-0.30549473635321545,"[-0.67, 0.17]",0.20341251660413256,0.9487761570645853,False
Coagulation factor VII,Concentration/ml,delta_time4_vs_time1,20,17,-0.005023476819192475,"[-0.46, 0.45]",0.9837160968456928,0.9933039730332727,False
Immunoglobulin heavy constant gamma 4,Concentration/ml,delta_time4_vs_time1,20,17,0.11814154951638148,"[-0.36, 0.54]",0.6300195106915967,0.9526637552315578,False
L-lactate dehydrogenase B chain,Concentration/ml,delta_time4_vs_time1,20,17,0.14650188555193838,"[-0.33, 0.56]",0.5495212668445564,0.9526637552315578,False
Zinc-alpha-2-glycoprotein,Concentration/ml,delta_time4_vs_time1,20,17,0.12140068979715679,"[-0.35, 0.55]",0.6205392832074906,0.9526637552315578,False
"Dihydrolipoyllysine-residue succinyltransferase component of 2-oxoglutarate dehydrogenase complex, mitochondrial",Concentration/ml,delta_time4_vs_time1,20,17,0.10483616858612856,"[-0.37, 0.53]",0.6692865413995086,0.9526637552315578,False
Serpin B3,Concentration/ml,delta_time4_vs_time1,20,17,-0.13809979618243212,"[-0.56, 0.34]",0.5728838363465167,0.9526637552315578,False
Immunoglobulin heavy variable 3-33,Concentration/ml,delta_time4_vs_time1,20,17,0.20764263160121685,"[-0.27, 0.60]",0.393658658982993,0.9487761570645853,False
Follistatin-related protein 1,Concentration/ml,delta_time4_vs_time1,20,17,0.10346006526844226,"[-0.37, 0.53]",0.6733971744121596,0.9526637552315578,False
Cholesteryl ester transfer protein,Concentration/ml,delta_time4_vs_time1,20,17,0.3945908589281101,"[-0.07, 0.72]",0.09455343844203412,0.9487761570645853,False
Complement C1q subcomponent subunit C,Concentration/ml,delta_time4_vs_time1,20,17,-0.3004798231925951,"[-0.66, 0.18]",0.21130845739965037,0.9487761570645853,False
Immunoglobulin heavy variable 4-30-2,Concentration/ml,delta_time4_vs_time1,20,17,-0.011043852485274112,"[-0.46, 0.45]",0.9642093412926527,0.9933039730332727,False
Thrombospondin-4,Concentration/ml,delta_time4_vs_time1,20,17,0.016429065254441204,"[-0.44, 0.47]",0.9467767536196344,0.9933039730332727,False
Transketolase,Concentration/ml,delta_time4_vs_time1,20,17,0.0062031603780237045,"[-0.45, 0.46]",0.9798927471508755,0.9933039730332727,False
Complement receptor type 2,Concentration/ml,delta_time4_vs_time1,20,17,-0.10230765907551885,"[-0.53, 0.37]",0.6768464282771403,0.9526637552315578,False
Immunoglobulin kappa variable 2-40;Immunoglobulin kappa variable 2D-40,Concentration/ml,delta_time4_vs_time1,20,17,0.34758272392303974,"[-0.13, 0.69]",0.144801394685238,0.9487761570645853,False
Immunoglobulin kappa variable 3D-7,Concentration/ml,delta_time4_vs_time1,20,17,-0.14826497885859147,"[-0.56, 0.33]",0.5446737005741322,0.9526637552315578,False
Immunoglobulin heavy variable 3-64,Concentration/ml,delta_time4_vs_time1,20,17,0.5452192174503323,"[0.12, 0.80]",0.015767637991094877,0.5779896366726339,False
Vitronectin,Concentration/ml,delta_time4_vs_time1,20,17,-0.2614623917401331,"[-0.64, 0.22]",0.27957906583913894,0.9487761570645853,False
Complement component C8 gamma chain,Concentration/ml,delta_time4_vs_time1,20,17,-0.0233709228463724,"[-0.47, 0.44]",0.9243403085221897,0.9933039730332727,False
Immunoglobulin heavy variable 5-51,Concentration/ml,delta_time4_vs_time1,20,17,0.3050852901296702,"[-0.17, 0.67]",0.20404976327222846,0.9487761570645853,False
Coagulation factor V,Concentration/ml,delta_time4_vs_time1,20,17,-0.08162198415334711,"[-0.52, 0.39]",0.7397509656576486,0.963036010614858,False
Protein S100-A7,Concentration/ml,delta_time4_vs_time1,20,17,-0.15764196502423927,"[-0.57, 0.32]",0.5192217649931066,0.9526637552315578,False
Arginase-1,Concentration/ml,delta_time4_vs_time1,20,17,0.06876015697453154,"[-0.40, 0.51]",0.7797063058482033,0.9803103554110907,False
Protein-glutamine gamma-glutamyltransferase K,Concentration/ml,delta_time4_vs_time1,20,17,0.2809648389139582,"[-0.20, 0.65]",0.2439327143371513,0.9487761570645853,False
Immunoglobulin kappa variable 4-1,Concentration/ml,delta_time4_vs_time1,20,17,-0.020376685571421218,"[-0.47, 0.44]",0.9340120899180934,0.9933039730332727,False
Coagulation factor XIII B chain,Concentration/ml,delta_time4_vs_time1,20,17,0.23344318526563812,"[-0.25, 0.62]",0.3361231028884283,0.9487761570645853,False
Apolipoprotein C-II,Concentration/ml,delta_time4_vs_time1,20,17,-0.2382959451058482,"[-0.62, 0.24]",0.3258826365716755,0.9487761570645853,False
Bone marrow proteoglycan,Concentration/ml,delta_time4_vs_time1,20,17,0.6861065690823626,"[0.34, 0.87]",0.0011807838142060777,0.34897604039551555,False
Apolipoprotein A-I,Concentration/ml,delta_time4_vs_time1,20,17,-0.038851372893938065,"[-0.48, 0.42]",0.8745268597375869,0.9933039730332727,False
Coagulation factor X,Concentration/ml,delta_time4_vs_time1,20,17,0.10191411662116759,"[-0.37, 0.53]",0.6780257520306228,0.9526637552315578,False
Thioredoxin,Concentration/ml,delta_time4_vs_time1,20,17,-0.04200515241610934,"[-0.49, 0.42]",0.8644277728861555,0.9933039730332727,False
Immunoglobulin heavy variable 3-15,Concentration/ml,delta_time4_vs_time1,20,17,0.21483070147316652,"[-0.27, 0.61]",0.377112166248576,0.9487761570645853,False
Proteasome subunit beta type-2,Concentration/ml,delta_time4_vs_time1,20,17,0.10549009856174035,"[-0.37, 0.53]",0.6673362945600565,0.9526637552315578,False
Apolipoprotein A-II,Concentration/ml,delta_time4_vs_time1,20,17,0.0069311916510556675,"[-0.45, 0.46]",0.9775334050431663,0.9933039730332727,False
Immunoglobulin heavy constant gamma 2,Concentration/ml,delta_time4_vs_time1,20,17,-0.44856438519082276,"[-0.75, 0.01]",0.05406667467866094,0.9141787218298479,False
Plakophilin-1,Concentration/ml,delta_time4_vs_time1,20,17,0.06387268737302475,"[-0.40, 0.50]",0.7950349263572865,0.9911014238555779,False
Fetuin-B,Concentration/ml,delta_time4_vs_time1,20,17,0.15739464487276938,"[-0.32, 0.57]",0.5198858192394598,0.9526637552315578,False
Complement factor H-related protein 3,Concentration/ml,delta_time4_vs_time1,20,17,0.021735259949057673,"[-0.44, 0.47]",0.929622539806283,0.9933039730332727,False
Plasminogen,Concentration/ml,delta_time4_vs_time1,20,17,-0.12079388723806056,"[-0.55, 0.35]",0.6223000815765141,0.9526637552315578,False
Fermitin family homolog 3,Concentration/ml,delta_time4_vs_time1,20,17,-0.03950899339802263,"[-0.49, 0.42]",0.8724194314866044,0.9933039730332727,False
Immunoglobulin heavy variable 3-21,Concentration/ml,delta_time4_vs_time1,20,17,-0.24593260387570864,"[-0.63, 0.23]",0.31014566031120977,0.9487761570645853,False
Immunoglobulin heavy variable 2-26,Concentration/ml,delta_time4_vs_time1,20,17,-0.4155076476967193,"[-0.73, 0.05]",0.07686086492512784,0.9459207646847259,False
Immunoglobulin kappa variable 1-12;Immunoglobulin kappa variable 1D-12,Concentration/ml,delta_time4_vs_time1,20,17,-0.2632940052285271,"[-0.64, 0.22]",0.2761013865652877,0.9487761570645853,False
Immunoglobulin heavy constant gamma 3,Concentration/ml,delta_time4_vs_time1,20,17,-0.36578871557330855,"[-0.70, 0.11]",0.12352703922687584,0.9487761570645853,False
Immunoglobulin kappa variable 2D-29,Concentration/ml,delta_time4_vs_time1,20,17,0.2929274410705832,"[-0.19, 0.66]",0.22357474245745515,0.9487761570645853,False
Neogenin,Concentration/ml,delta_time4_vs_time1,20,17,-0.037867973898451035,"[-0.48, 0.42]",0.8776797917966881,0.9933039730332727,False
Immunoglobulin heavy variable 6-1,Concentration/ml,delta_time4_vs_time1,20,17,0.6024956514862444,"[0.20, 0.83]",0.006332616051230906,0.5084047449740031,False
L-selectin,Concentration/ml,delta_time4_vs_time1,20,17,0.20165316537038774,"[-0.28, 0.60]",0.4077454457727485,0.9487761570645853,False
Immunoglobulin lambda constant 3,Concentration/ml,delta_time4_vs_time1,20,17,-0.16018159227964965,"[-0.57, 0.32]",0.512425978048923,0.9526637552315578,False
A disintegrin and metalloproteinase with thrombospondin motifs 13,Concentration/ml,delta_time4_vs_time1,20,17,0.3282004855205898,"[-0.15, 0.68]",0.1701170010346973,0.9487761570645853,False
von Willebrand factor,Concentration/ml,delta_time4_vs_time1,20,17,-0.18156177495819031,"[-0.59, 0.30]",0.4569381195651676,0.9526637552315578,False
Neutral alpha-glucosidase AB,Concentration/ml,delta_time4_vs_time1,20,17,0.1696391480235219,"[-0.31, 0.58]",0.4874951590954797,0.9526637552315578,False
Carbonic anhydrase 1,Concentration/ml,delta_time4_vs_time1,20,17,0.13803173022373075,"[-0.34, 0.56]",0.573074831632161,0.9526637552315578,False
Immunoglobulin lambda variable 4-60,Concentration/ml,delta_time4_vs_time1,20,17,0.4540614977544357,"[-0.00, 0.75]",0.05083755997786304,0.9141787218298479,False
Integrin beta-1,Concentration/ml,delta_time4_vs_time1,20,17,0.2624566537654042,"[-0.22, 0.64]",0.2776879227358143,0.9487761570645853,False
Immunoglobulin lambda variable 3-12,Concentration/ml,delta_time4_vs_time1,20,17,0.38023273528547924,"[-0.09, 0.71]",0.10830238964089393,0.9487761570645853,False
Alpha-amylase 1B;Alpha-amylase 1C;Alpha-amylase 1A,Concentration/ml,delta_time4_vs_time1,20,17,0.4213920222248705,"[-0.04, 0.73]",0.07235777527996866,0.9141787218298479,False
Lumican,Concentration/ml,delta_time4_vs_time1,20,17,-0.10803702739384476,"[-0.54, 0.36]",0.6597600073917982,0.9526637552315578,False
Beta-Ala-His dipeptidase,Concentration/ml,delta_time4_vs_time1,20,17,-0.03305140199680124,"[-0.48, 0.43]",0.8931471162556873,0.9933039730332727,False
Immunoglobulin alpha-2 heavy chain,Concentration/ml,delta_time4_vs_time1,20,17,-0.1796938804851464,"[-0.59, 0.30]",0.4616597282036048,0.9526637552315578,False
Complement C5,Concentration/ml,delta_time4_vs_time1,20,17,0.1790754456497915,"[-0.30, 0.59]",0.4632284238103007,0.9526637552315578,False
Protein S100-A8,Concentration/ml,delta_time4_vs_time1,20,17,-0.15551282570425104,"[-0.57, 0.32]",0.524951496359116,0.9526637552315578,False
Immunoglobulin lambda variable 3-25,Concentration/ml,delta_time4_vs_time1,20,17,-0.39146331987621813,"[-0.72, 0.08]",0.09743385365675682,0.9487761570645853,False
Leukocyte immunoglobulin-like receptor subfamily B member 3;Leukocyte immunoglobulin-like receptor subfamily A member 6,Concentration/ml,delta_time4_vs_time1,20,17,-0.11744241003603702,"[-0.54, 0.36]",0.6320604738047082,0.9526637552315578,False
Collagen alpha-3(VI) chain,Concentration/ml,delta_time4_vs_time1,20,17,-0.047968292036818,"[-0.49, 0.42]",0.8453885844095667,0.9933039730332727,False
Immunoglobulin kappa variable 1-39;Immunoglobulin kappa variable 1D-39,Concentration/ml,delta_time4_vs_time1,20,17,0.24885461059865255,"[-0.23, 0.63]",0.3042470735955732,0.9487761570645853,False
Bleomycin hydrolase,Concentration/ml,delta_time4_vs_time1,20,17,-0.12284240616653633,"[-0.55, 0.35]",0.6163636911659163,0.9526637552315578,False
CD166 antigen,Concentration/ml,delta_time4_vs_time1,20,17,0.34327091597816767,"[-0.13, 0.69]",0.15019131611848005,0.9487761570645853,False
Beta-2-microglobulin,Concentration/ml,delta_time4_vs_time1,20,17,-0.05025977095577428,"[-0.49, 0.41]",0.8380935138354189,0.9933039730332727,False
Amino acid transporter heavy chain SLC3A2,Concentration/ml,delta_time4_vs_time1,20,17,0.2372980202782936,"[-0.24, 0.62]",0.3279732796568672,0.9487761570645853,False
Haptoglobin-related protein,Concentration/ml,delta_time4_vs_time1,20,17,-0.3728984958577227,"[-0.71, 0.10]",0.11585441840838825,0.9487761570645853,False
Alpha-1-acid glycoprotein 1,Concentration/ml,delta_time4_vs_time1,20,17,0.22629748730054491,"[-0.25, 0.62]",0.35153996472983096,0.9487761570645853,False
Serum paraoxonase/arylesterase 1,Concentration/ml,delta_time4_vs_time1,20,17,-0.2518411178626912,"[-0.63, 0.23]",0.29828874378849723,0.9487761570645853,False
Target of Nesh-SH3,Concentration/ml,delta_time4_vs_time1,20,17,0.35139453446453767,"[-0.12, 0.69]",0.1401498482470681,0.9487761570645853,False
Intercellular adhesion molecule 1,Concentration/ml,delta_time4_vs_time1,20,17,0.08703873905111437,"[-0.38, 0.52]",0.7231066225115621,0.9610665176848443,False
Complement C4-A,Concentration/ml,delta_time4_vs_time1,20,17,-0.22798733487993092,"[-0.62, 0.25]",0.34785793649816554,0.9487761570645853,False
Coagulation factor XIII A chain,Concentration/ml,delta_time4_vs_time1,20,17,0.16643083449517307,"[-0.31, 0.58]",0.495885186441839,0.9526637552315578,False
Immunoglobulin mu heavy chain,Concentration/ml,delta_time4_vs_time1,20,17,-0.3171951110930842,"[-0.67, 0.16]",0.1857567027985161,0.9487761570645853,False
Oncoprotein-induced transcript 3 protein,Concentration/ml,delta_time4_vs_time1,20,17,0.28814325776086647,"[-0.19, 0.66]",0.23157945356412848,0.9487761570645853,False
Peroxiredoxin-2,Concentration/ml,delta_time4_vs_time1,20,17,0.17532464148309154,"[-0.30, 0.58]",0.47280009094077446,0.9526637552315578,False
Tissue factor pathway inhibitor,Concentration/ml,delta_time4_vs_time1,20,17,-0.013978371947473112,"[-0.47, 0.44]",0.954707532564564,0.9933039730332727,False
Progranulin,Concentration/ml,delta_time4_vs_time1,20,17,0.11403980773485421,"[-0.36, 0.54]",0.642029703446755,0.9526637552315578,False
Histone H2B type 1-K;Histone H2B type F-S,Concentration/ml,delta_time4_vs_time1,20,17,-0.3921292464650202,"[-0.72, 0.08]",0.0968152768647705,0.9487761570645853,False
Hemoglobin subunit delta,Concentration/ml,delta_time4_vs_time1,20,17,0.2544453648903022,"[-0.23, 0.64]",0.2931512808159255,0.9487761570645853,False
Glutathione S-transferase P,Concentration/ml,delta_time4_vs_time1,20,17,-0.19638837932911662,"[-0.60, 0.28]",0.4203497333270443,0.9487761570645853,False
Annexin A6,Concentration/ml,delta_time4_vs_time1,20,17,-0.10984067396360034,"[-0.54, 0.36]",0.654413803730391,0.9526637552315578,False
Complement factor H-related protein 1,Concentration/ml,delta_time4_vs_time1,20,17,-0.14597960792052825,"[-0.56, 0.33]",0.5509609515036062,0.9526637552315578,False
Protein KPLCE,Concentration/ml,delta_time4_vs_time1,20,17,0.06358406174114702,"[-0.40, 0.50]",0.7959424562237845,0.9911014238555779,False
Immunoglobulin heavy variable 4-4,Concentration/ml,delta_time4_vs_time1,20,17,-0.08095833151631802,"[-0.52, 0.39]",0.7417980081763096,0.963036010614858,False
Alpha-1B-glycoprotein,Concentration/ml,delta_time4_vs_time1,20,17,-0.039350568417009374,"[-0.48, 0.42]",0.8729270497231985,0.9933039730332727,False
Properdin,Concentration/ml,delta_time4_vs_time1,20,17,-0.2093115341330293,"[-0.61, 0.27]",0.38978183126987254,0.9487761570645853,False
Immunoglobulin heavy variable 3-53,Concentration/ml,delta_time4_vs_time1,20,17,0.17354133679562284,"[-0.30, 0.58]",0.4773853177511095,0.9526637552315578,False
Calmodulin-like protein 5,Concentration/ml,delta_time4_vs_time1,20,17,-0.09845129126365126,"[-0.53, 0.37]",0.6884334065043834,0.9526637552315578,False
Carboxypeptidase B2,Concentration/ml,delta_time4_vs_time1,20,17,0.17521316799739695,"[-0.30, 0.58]",0.47308606405107445,0.9526637552315578,False
"Sushi, nidogen and EGF-like domain-containing protein 1",Concentration/ml,delta_time4_vs_time1,20,17,0.07624308359335515,"[-0.39, 0.51]",0.7563893345561625,0.965793926818057,False
Proteasome subunit alpha type-5,Concentration/ml,delta_time4_vs_time1,20,17,0.23067164416030783,"[-0.25, 0.62]",0.3420550872074205,0.9487761570645853,False
Bifunctional heparan sulfate N-deacetylase/N-sulfotransferase 4,Concentration/ml,delta_time4_vs_time1,20,17,-0.23012175226523293,"[-0.62, 0.25]",0.34323921724098916,0.9487761570645853,False
Immunoglobulin heavy variable 3-9,Concentration/ml,delta_time4_vs_time1,20,17,-0.08196981453376768,"[-0.52, 0.39]",0.7386787474456153,0.963036010614858,False
Neural cell adhesion molecule L1-like protein,Concentration/ml,delta_time4_vs_time1,20,17,0.2545228255057636,"[-0.23, 0.64]",0.29299930377135414,0.9487761570645853,False
Proteasome subunit alpha type-2,Concentration/ml,delta_time4_vs_time1,20,17,-0.1964063826531501,"[-0.60, 0.28]",0.4203062812857705,0.9487761570645853,False
Intercellular adhesion molecule 3,Concentration/ml,delta_time4_vs_time1,20,17,-0.32983056310979947,"[-0.68, 0.15]",0.16787926323921482,0.9487761570645853,False
Receptor-type tyrosine-protein phosphatase eta,Concentration/ml,delta_time4_vs_time1,20,17,0.19948598783588498,"[-0.28, 0.60]",0.41290884178327936,0.9487761570645853,False
ADAMTS-like protein 4,Concentration/ml,delta_time4_vs_time1,20,17,0.2673856679181144,"[-0.21, 0.64]",0.2684298246104349,0.9487761570645853,False
Immunoglobulin lambda variable 3-21,Concentration/ml,delta_time4_vs_time1,20,17,0.2216952142878349,"[-0.26, 0.61]",0.3616809730194893,0.9487761570645853,False
Cartilage oligomeric matrix protein,Concentration/ml,delta_time4_vs_time1,20,17,0.177811762407088,"[-0.30, 0.58]",0.46644220172578355,0.9526637552315578,False
Neural cell adhesion molecule 1,Concentration/ml,delta_time4_vs_time1,20,17,0.34314610800516315,"[-0.13, 0.69]",0.1503493702936215,0.9487761570645853,False
Immunoglobulin lambda variable 2-11,Concentration/ml,delta_time4_vs_time1,20,17,0.10826086379930648,"[-0.36, 0.54]",0.6590956668971918,0.9526637552315578,False
Immunoglobulin kappa variable 1D-33;Immunoglobulin kappa variable 1-33,Concentration/ml,delta_time4_vs_time1,20,17,0.25187836122967716,"[-0.23, 0.63]",0.29821489035583004,0.9487761570645853,False
Beta-2-glycoprotein 1,Concentration/ml,delta_time4_vs_time1,20,17,-0.19263699445359164,"[-0.59, 0.29]",0.429456038972831,0.9487761570645853,False
Vitamin D-binding protein,Concentration/ml,delta_time4_vs_time1,20,17,-0.06109647963558493,"[-0.50, 0.40]",0.8037744827263262,0.9932555822793603,False
Filamin-A,Concentration/ml,delta_time4_vs_time1,20,17,0.09430814931699315,"[-0.38, 0.53]",0.7009564362337917,0.9580101274900387,False
Reelin,Concentration/ml,delta_time4_vs_time1,20,17,-0.15715644417238578,"[-0.57, 0.32]",0.5205257637627876,0.9526637552315578,False
Immunoglobulin lambda variable 5-39,Concentration/ml,delta_time4_vs_time1,20,17,-0.5357818267915501,"[-0.80, -0.11]",0.018060532281448532,0.5779896366726339,False
Fatty acid-binding protein 5,Concentration/ml,delta_time4_vs_time1,20,17,-0.04106761634211773,"[-0.49, 0.42]",0.8674279358036322,0.9933039730332727,False
"HLA class I histocompatibility antigen, A alpha chain",Concentration/ml,delta_time4_vs_time1,20,17,0.3049929949803903,"[-0.17, 0.67]",0.20419358996707515,0.9487761570645853,False
Low affinity immunoglobulin gamma Fc region receptor III-A,Concentration/ml,delta_time4_vs_time1,20,17,-0.010447609687241588,"[-0.46, 0.45]",0.9661405464946997,0.9933039730332727,False
Heat shock 70 kDa protein 1A;Heat shock 70 kDa protein 1B,Concentration/ml,delta_time4_vs_time1,20,17,-0.29977816299691334,"[-0.66, 0.18]",0.21242903447445585,0.9487761570645853,False
Apolipoprotein D,Concentration/ml,delta_time4_vs_time1,20,17,-0.08531164705318968,"[-0.52, 0.38]",0.7284010306331081,0.9610665176848443,False
Plexin-B1,Concentration/ml,delta_time4_vs_time1,20,17,-0.03278819451185549,"[-0.48, 0.43]",0.8939934622239476,0.9933039730332727,False
Immunoglobulin heavy variable 1-58,Concentration/ml,delta_time4_vs_time1,20,17,0.02911751996362275,"[-0.43, 0.48]",0.905807588589344,0.9933039730332727,False
Apolipoprotein C-IV,Concentration/ml,delta_time4_vs_time1,20,17,0.16076588150128018,"[-0.32, 0.57]",0.5108684662615317,0.9526637552315578,False
Monocyte differentiation antigen CD14,Concentration/ml,delta_time4_vs_time1,20,17,0.11949245780824756,"[-0.35, 0.54]",0.6260831425089364,0.9526637552315578,False
Protein MENT,Concentration/ml,delta_time4_vs_time1,20,17,0.027305897881400743,"[-0.43, 0.48]",0.9116454634845715,0.9933039730332727,False
Immunoglobulin epsilon heavy chain,Concentration/ml,delta_time4_vs_time1,20,17,-0.1874411176935396,"[-0.59, 0.29]",0.44223884337657704,0.9505382608674975,False
Complement factor H,Concentration/ml,delta_time4_vs_time1,20,17,-0.3582384238077655,"[-0.70, 0.11]",0.13206214517831932,0.9487761570645853,False
Stabilin-1,Concentration/ml,delta_time4_vs_time1,20,17,0.3098226393552862,"[-0.17, 0.67]",0.19675716629466228,0.9487761570645853,False
Macrophage receptor MARCO,Concentration/ml,delta_time4_vs_time1,20,17,0.6803635319801238,"[0.33, 0.87]",0.001347397839364925,0.34897604039551555,False
Protein POF1B,Concentration/ml,delta_time4_vs_time1,20,17,0.16537809338339812,"[-0.31, 0.58]",0.4986533618732535,0.9526637552315578,False
Phosphatidylcholine-sterol acyltransferase,Concentration/ml,delta_time4_vs_time1,20,17,-0.2825620823678156,"[-0.65, 0.20]",0.24114840115709982,0.9487761570645853,False
Clusterin,Concentration/ml,delta_time4_vs_time1,20,17,-0.10464408858545218,"[-0.53, 0.37]",0.6698597768050607,0.9526637552315578,False
Platelet-activating factor acetylhydrolase,Concentration/ml,delta_time4_vs_time1,20,17,0.2442893084009313,"[-0.24, 0.63]",0.31349285413000083,0.9487761570645853,False
Vasorin,Concentration/ml,delta_time4_vs_time1,20,17,-0.10178889418772546,"[-0.53, 0.37]",0.678401155048448,0.9526637552315578,False
Myeloperoxidase,Concentration/ml,delta_time4_vs_time1,20,17,0.40451135307218244,"[-0.06, 0.73]",0.0858267875293091,0.9459207646847259,False
Immunoglobulin lambda variable 5-52,Concentration/ml,delta_time4_vs_time1,20,17,-0.14039127510138824,"[-0.56, 0.34]",0.5664699547621311,0.9526637552315578,False
Carboxypeptidase N catalytic chain,Concentration/ml,delta_time4_vs_time1,20,17,-0.1689325307116603,"[-0.58, 0.31]",0.4893370248484109,0.9526637552315578,False
Fibrinogen gamma chain,Concentration/ml,delta_time4_vs_time1,20,17,0.2688916345920793,"[-0.21, 0.64]",0.2656400860423368,0.9487761570645853,False
Soluble scavenger receptor cysteine-rich domain-containing protein SSC5D,Concentration/ml,delta_time4_vs_time1,20,17,0.04753836321423444,"[-0.42, 0.49]",0.8467586515899518,0.9933039730332727,False
Tetranectin,Concentration/ml,delta_time4_vs_time1,20,17,-0.14786158728997242,"[-0.56, 0.33]",0.5457811069482517,0.9526637552315578,False
Apolipoprotein(a),Concentration/ml,delta_time4_vs_time1,20,17,-0.1520250195036865,"[-0.57, 0.32]",0.534400588632541,0.9526637552315578,False
Alpha-2-antiplasmin,Concentration/ml,delta_time4_vs_time1,20,17,-0.03281734764693558,"[-0.48, 0.43]",0.8938997146458301,0.9933039730332727,False
Retroviral-like aspartic protease 1,Concentration/ml,delta_time4_vs_time1,20,17,-0.11370895837814038,"[-0.54, 0.36]",0.6430022224252405,0.9526637552315578,False
Ficolin-3,Concentration/ml,delta_time4_vs_time1,20,17,-0.200409018033435,"[-0.60, 0.28]",0.4107053938596962,0.9487761570645853,False
Immunoglobulin kappa variable 2-24,Concentration/ml,delta_time4_vs_time1,20,17,0.23684389032022302,"[-0.24, 0.62]",0.32892728836646,0.9487761570645853,False
Immunoglobulin superfamily containing leucine-rich repeat protein,Concentration/ml,delta_time4_vs_time1,20,17,-0.07802922791303596,"[-0.51, 0.39]",0.7508525322564851,0.9651156618085838,False
Complement factor D,Concentration/ml,delta_time4_vs_time1,20,17,0.14549641100682073,"[-0.33, 0.56]",0.552294407361624,0.9526637552315578,False
Vitamin K-dependent protein Z,Concentration/ml,delta_time4_vs_time1,20,17,0.11986826358106369,"[-0.35, 0.54]",0.6249898073648152,0.9526637552315578,False
EGF-containing fibulin-like extracellular matrix protein 1,Concentration/ml,delta_time4_vs_time1,20,17,0.02685732138222363,"[-0.43, 0.48]",0.9130916630021461,0.9933039730332727,False
Dipeptidase 2,Concentration/ml,delta_time4_vs_time1,20,17,0.5002200306835826,"[0.06, 0.78]",0.029175670533481128,0.6869544243792375,False
Myeloblastin,Concentration/ml,delta_time4_vs_time1,20,17,0.22709402355531866,"[-0.25, 0.62]",0.34980159790758447,0.9487761570645853,False
Neurogenic locus notch homolog protein 1,Concentration/ml,delta_time4_vs_time1,20,17,0.5536579012005344,"[0.13, 0.81]",0.01391987180514457,0.5779896366726339,False
Vitamin K-dependent protein S,Concentration/ml,delta_time4_vs_time1,20,17,-0.2872378127847551,"[-0.66, 0.19]",0.23311493740896214,0.9487761570645853,False
Dermcidin,Concentration/ml,delta_time4_vs_time1,20,17,0.17557549319251559,"[-0.30, 0.58]",0.47215687447371824,0.9526637552315578,False
Immunoglobulin heavy variable 3-73,Concentration/ml,delta_time4_vs_time1,20,17,0.22165794834201763,"[-0.26, 0.61]",0.36176376080309103,0.9487761570645853,False
Alpha-2-macroglobulin,Concentration/ml,delta_time4_vs_time1,20,17,-0.40826590585729516,"[-0.73, 0.06]",0.08268335887857814,0.9459207646847259,False
Cation-independent mannose-6-phosphate receptor,Concentration/ml,delta_time4_vs_time1,20,17,-0.008595019621816366,"[-0.46, 0.45]",0.9721421128184122,0.9933039730332727,False
Chromodomain-helicase-DNA-binding protein 1;Chromodomain-helicase-DNA-binding protein 2;Chromodomain-helicase-DNA-binding protein 9;Chromodomain-helicase-DNA-binding protein 6;Chromodomain-helicase-DNA-binding protein 8;Chromodomain-helicase-DNA-binding protein 7,Concentration/ml,delta_time4_vs_time1,20,17,-0.1317736411677523,"[-0.55, 0.34]",0.5907511548332289,0.9526637552315578,False
Ceruloplasmin,Concentration/ml,delta_time4_vs_time1,20,17,0.09322459196801064,"[-0.38, 0.53]",0.7042439583168618,0.9580101274900387,False
Prostaglandin-H2 D-isomerase,Concentration/ml,delta_time4_vs_time1,20,17,0.3416570323605792,"[-0.13, 0.69]",0.1522439937290799,0.9487761570645853,False
Protein S100-A9,Concentration/ml,delta_time4_vs_time1,20,17,-0.15843591595592305,"[-0.57, 0.32]",0.5170927004768305,0.9526637552315578,False
Immunoglobulin J chain,Concentration/ml,delta_time4_vs_time1,20,17,0.09248649509948817,"[-0.38, 0.52]",0.7064862330138895,0.9580101274900387,False
